{"type":"FeatureCollection","features":[{"type":"Feature","geometry":{"type":"MultiLineString","coordinates":[[[113.4,36.20000000000001],[111.0,35.79999999999999]],[[111.0,35.79999999999999],[110.2,36.20000000000001]],[[110.2,36.20000000000001],[110.5764705882353,39.68235294117647]],[[110.5764705882353,39.68235294117647],[110.5764705882353,39.68235294117648]],[[110.5764705882353,39.68235294117648],[110.72484076433119,39.688535031847145]],[[110.72484076433119,39.688535031847145],[110.7,39.70000000000002]],[[110.7,39.70000000000002],[109.8,40.2]],[[109.8,40.2],[111.2,40.8]],[[111.2,40.8],[112.8,41.300000000000004]],[[112.8,41.300000000000004],[115.0,41.4]],[[115.0,41.4],[117.5,41.100000000000016]],[[117.5,41.100000000000016],[119.0,40.600000000000016]],[[119.0,40.600000000000016],[119.5,40.0]],[[119.5,40.0],[118.65823004308152,39.158230043081495],[118.649082,39.159732],[118.61936000000001,39.161042],[118.61936,39.161042],[118.61087333333334,39.157343302110085],[118.59015100000002,39.14831200000002],[118.560493,39.147043],[118.5432689985511,39.14817499709969],[118.52711000000001,39.149239999999985],[118.52169035403644,39.14230593808799],[118.519379,39.13935],[118.519379,39.13934999999999],[118.52914599999998,39.124652999999995],[118.51214599999999,39.11598000000001],[118.48709928790686,39.1020198325651],[118.48328400009291,39.10112274154489],[118.47310584615627,39.09873237465316],[118.46910599999998,39.09779300000001],[118.43923014714568,39.0801681308833],[118.43062562100407,39.075092003088834],[118.25001785232963,39.0485320371073]],[[118.25001785232963,39.0485320371073],[118.237725000006,39.05234180227018],[118.23528414894731,39.05309871340598],[118.22161215698604,39.064559437981536],[118.20712000000002,39.07671000000002],[118.20512616352926,39.079984326920695],[118.186804,39.11008],[118.17819165366348,39.12374154333481],[118.17094,39.135250000000006],[118.14052999999998,39.17284],[118.11514043291407,39.18984117170607],[118.11514043291352,39.18984117170645],[118.11478014989272,39.19008251168572],[118.096404,39.20239200000001],[118.07714886290752,39.20864886290752],[118.04538,39.218972],[118.03669999995374,39.2193850000022],[118.02802,39.21979999999998],[117.9983673120462,39.21779584963555],[117.97515907438296,39.2162288287446],[117.973725,39.216132],[117.931163,39.212104],[117.90737040489432,39.20636794482641],[117.88559,39.20112000000001],[117.84674504297914,39.17492321795054],[117.811816,39.15137],[117.7955865412869,39.14037093052507],[117.75733000000001,39.11444999999999],[117.74187762906043,39.10815024735592],[117.737559,39.106391],[117.73427368188324,39.10713385146485],[117.73313199998007,39.107392000004516],[117.71541999999998,39.11140000000001],[117.71827,39.092999999999996],[117.72665000000002,39.08828999999998],[117.72686896523638,39.08809593054251],[117.73781699999999,39.078387000000006],[117.73962849280146,39.07699824631363],[117.74714150161681,39.07123851120469],[117.75147881274471,39.067910910866445],[117.75189563027895,39.06632664335537],[117.75293964911451,39.06235846786774],[117.75748000000002,39.045090000000016],[117.76512727795189,39.027627639127985],[117.76577036324863,39.02615873857869],[117.76676860985944,39.02269221595314],[117.7707012830289,39.00902789406854],[117.77361499999999,38.99890400000002],[117.77401942835442,38.994527148324536],[117.7745191491523,38.98911901166057],[117.77526000000002,38.981060000000014],[117.74326000000002,38.98224999999999],[117.73234177293895,38.983924233946134],[117.729503,38.984361],[117.71065359096825,38.99183981801006],[117.70191,38.99531000000001],[117.70320707668064,38.990460521471555],[117.704356,38.986151],[117.7049734959271,38.985245743890665],[117.70557699999999,38.984361],[117.70652767336833,38.98336150503147],[117.70874890457434,38.98102115417088],[117.69876795442231,38.96746587565033],[117.45906126329875,38.93221489166159]],[[117.45906126329875,38.93221489166159],[117.45906126329874,38.93221489166159]],[[117.45906126329874,38.93221489166159],[117.44799970554908,38.93866745186912],[117.287395918244,39.03235277455135]],[[117.287395918244,39.03235277455135],[117.04912290614239,39.171345038680236],[117.0,39.199999999999996]],[[117.0,39.199999999999996],[115.90555152018258,39.16579848500571]],[[115.90555152018258,39.16579848500571],[115.75121951219516,39.1609756097561],[115.41853281853284,39.15057915057915],[115.39999999999999,39.150000000000006]],[[115.39999999999999,39.150000000000006],[115.31095406360426,39.160600706713794]],[[115.31095406360426,39.160600706713794],[114.70000000000002,39.449999999999996]],[[114.70000000000002,39.449999999999996],[113.90604026845637,39.32785234899329]],[[113.90604026845637,39.32785234899329],[113.3,39.399999999999984]],[[113.3,39.399999999999984],[113.27664974619292,39.40304568527917]],[[113.27664974619292,39.40304568527917],[113.5,39.199999999999996]],[[113.5,39.199999999999996],[114.00000000000001,37.39999999999999]],[[114.00000000000001,37.39999999999999],[113.4,36.20000000000001]],[[115.800644,40.411893],[115.800644,40.41189300000001],[115.796523,40.42043],[115.731468,40.355081],[115.713806,40.345072],[115.68888236224748,40.33984797831439],[115.64639699999998,40.33094300000001],[115.581343,40.303567],[115.57074600000001,40.293559000000016],[115.570746,40.293559],[115.578693,40.246755],[115.57812227338128,40.22846845323743],[115.578105,40.22791500000002],[115.578105,40.227915],[115.58723,40.237924],[115.60813,40.273836],[115.612251,40.286199],[115.619316,40.301506],[115.63609400000001,40.31180899999999],[115.71012650000002,40.338339122204324],[115.722343,40.342717],[115.742653,40.34708144325903],[115.75796100000001,40.350371],[115.772091,40.36214499999999],[115.783571,40.375981],[115.796523,40.38628299999999],[115.796523,40.386283],[115.796523,40.395409],[115.79748617356393,40.39765658678198],[115.80005500000001,40.40365100000002],[115.80060190815337,40.41130400000001],[115.800644,40.411893]],[[117.72045358309843,38.97394104852774],[117.72995000000002,38.97671999999998],[117.7453247743838,38.974312466821154]],[[117.7453247743838,38.974312466821154],[117.72409455626386,38.97119037592117]],[[117.72409455626386,38.97119037592117],[117.72129347236665,38.97330653124413],[117.72045358309843,38.97394104852774]],[[117.77335131177624,39.04757713311942],[117.78089593256313,39.04834276338486],[117.79097207331543,39.04936529301712],[117.79625,39.049899999999994],[117.81080000000001,39.02718999999998],[117.82593700496733,38.98616720661281]],[[117.82593700496733,38.98616720661281],[117.79985082487563,38.98233100365819]],[[117.79985082487563,38.98233100365819],[117.79795826483975,38.98385460274769],[117.79122375476156,38.98927697680732],[117.78280820579481,39.022796882682385],[117.780519,39.031915],[117.77914600975907,39.034914549888875],[117.77704885320617,39.0394961743737],[117.77335131177624,39.04757713311942]],[[114.97999999999998,39.199999999999974],[115.39999999999999,39.150000000000006]],[[115.39999999999999,39.150000000000006],[115.90555152018258,39.16579848500571]],[[115.90555152018258,39.16579848500571],[116.22758620689655,39.175862068965515]],[[116.22758620689655,39.175862068965515],[117.0,38.50000000000001]],[[117.0,38.50000000000001],[116.10000000000001,37.2]],[[116.10000000000001,37.2],[115.0,35.99999999999999]],[[115.0,35.99999999999999],[113.4,36.20000000000001]],[[113.5,39.199999999999996],[114.97999999999998,39.199999999999974]],[[105.2,32.7],[103.8,32.499999999999986]],[[103.8,32.499999999999986],[103.8,34.79999999999997]],[[103.8,34.79999999999997],[103.93103448275862,34.931034482758626]],[[103.93103448275862,34.931034482758626],[104.4,34.99999999999998]],[[104.4,34.99999999999998],[103.90000000000002,33.300000000000004]],[[103.90000000000002,33.300000000000004],[105.34513064133016,32.778147268408546]],[[105.34513064133016,32.778147268408546],[105.2,32.7]],[[108.2,34.799999999999976],[107.6,34.00000000000001]],[[107.6,34.00000000000001],[106.5,33.60000000000001]],[[106.5,33.60000000000001],[105.2,33.80000000000002]],[[105.2,33.80000000000002],[104.8,35.199999999999996]],[[104.8,35.199999999999996],[106.4,35.99999999999999]],[[106.4,35.99999999999999],[107.9,35.599999999999994]],[[107.9,35.599999999999994],[108.2,34.799999999999976]],[[130.269054,42.15188199999998],[130.2671,42.15660199999999],[130.26699754237268,42.15718479661124],[130.26645,42.16030999999999],[130.26490400000125,42.160586379888045],[130.264659,42.160631],[130.26228931146895,42.161566000002544],[130.26157,42.161849999999994],[130.26266594801262,42.16478984158836],[130.263682,42.167506999999986],[130.27232382029828,42.175941545733025],[130.2738555434489,42.17743565289267],[130.27929355312745,42.17396233089777],[130.285,42.17030999999999],[130.28777,42.15693],[130.2777972938164,42.14927200002388],[130.27393943856612,42.14631063950649],[130.271495,42.14909499999999],[130.269054,42.15188199999998]],[[130.935069,42.47020100000002],[130.93311924518875,42.46751946317304],[130.93020419836628,42.4654462617691],[130.923839,42.460924],[130.9178906958591,42.457688912406226],[130.91456,42.45588],[130.91375,42.456449999999975],[130.91114333333334,42.456203333333335],[130.909841,42.456081000000005],[130.9072159470474,42.45901863240012],[130.90642328246946,42.45990632401811],[130.90919,42.46308],[130.910004,42.47178799999999],[130.918061,42.47349699999999],[130.9242864005962,42.474540902084385],[130.93116,42.47569],[130.93488581567553,42.470458611749706],[130.935069,42.47020100000002]],[[131.46522980644616,42.6591954516036],[131.46306,42.655499999999996],[131.46379496864114,42.64905677491267],[131.463959,42.647609999999986],[131.462738,42.642401],[131.46214867796567,42.63925633898074],[131.46176055182067,42.63719293365883],[131.460867,42.63715199999999],[131.439138,42.639635000000006],[131.42641908330134,42.64216741689466],[131.42034909842263,42.64337818515506],[131.4223847084274,42.64341550816403],[131.4265907001872,42.643492625228625],[131.43588,42.64366000000001],[131.4459726638415,42.647852579773804],[131.455089,42.65163799999999],[131.45508938325108,42.65163974379714],[131.45509,42.65163999999999],[131.45916,42.67014999999999],[131.46396,42.67263000000001],[131.47201544642544,42.67076105647449],[131.4678832760799,42.66371808784934],[131.46522980644616,42.6591954516036]],[[132.36402,42.73078],[132.35976988914976,42.73002233255939],[132.345063,42.727403],[132.34086892054702,42.740706104711364],[132.33774,42.75063999999998],[132.33090100000834,42.748358000002774],[132.327973,42.747381999999995],[132.315603,42.74970100000002],[132.311371,42.759548],[132.32781,42.77293499999997],[132.3364209918501,42.77608446331601],[132.34205,42.77814],[132.35564,42.772200000000005],[132.36215,42.758410000000005],[132.36227563094687,42.75022891274071],[132.362397,42.742133],[132.36552896465122,42.73365502355162],[132.3661396956405,42.732000824374786],[132.36604758240517,42.73194767207784],[132.36549915428574,42.731631211428564],[132.36402,42.73078]],[[132.47087666666667,42.80859333333333],[132.47771,42.80389999999999],[132.47661244033972,42.80199617613433],[132.47559759402517,42.80023902852022],[132.46713087089867,42.79682035164978],[132.4662510000025,42.79696567418225],[132.45826,42.798290000000016],[132.45450189453496,42.800353877591476],[132.45338,42.800971],[132.45252795423693,42.801856965671384],[132.44728,42.80731999999998],[132.4433699999919,42.812425000010585],[132.439464,42.817532000000014],[132.429861,42.826483],[132.417491,42.83002399999999],[132.406423,42.82876200000001],[132.4033487963718,42.83078649091861],[132.4015406085628,42.83197959844832],[132.4014982216755,42.83226097215414],[132.4013515786928,42.83323442130536],[132.40008,42.8417],[132.39967002199654,42.852119440965716],[132.404633,42.85911699999999],[132.413259,42.86444699999999],[132.41330133321102,42.864572333611136],[132.41847,42.879869999999976],[132.42539540564115,42.89216393714588],[132.42750036823213,42.895899878722176],[132.42996233756216,42.89508902534213],[132.43922,42.89203500000001],[132.447276,42.876776000000014],[132.4515067300918,42.86619984123704],[132.45362,42.86091000000001],[132.45157609727298,42.85406314658827],[132.448985,42.84540400000002],[132.44987049236101,42.82829470458238],[132.44988,42.82810999999999],[132.45877320345323,42.81942420345325],[132.467459,42.81094000000002],[132.47087666666667,42.80859333333333]],[[131.65699,42.87275],[131.65927,42.86465],[131.65907414704773,42.864539711784296],[131.650157,42.859524000000015],[131.63950148535812,42.865420964298565],[131.64389,42.86826999999997],[131.64763,42.87075],[131.6500821798932,42.872423493241875],[131.651215,42.87319600000001],[131.6512156413459,42.87319702543105],[131.65122,42.87320000000001],[131.65902896905456,42.8856883512793],[131.67530059070234,42.89158676414005],[131.67714353817763,42.881491121052115],[131.678477,42.874172],[131.67295076864653,42.87461323134841],[131.66114,42.87556000000001],[131.65699,42.87275]],[[131.7228784828597,42.89769087164872],[131.72255495421962,42.897960380720576],[131.72088,42.89936000000001],[131.7147723055941,42.90159915474131],[131.71444623810876,42.90261094203045],[131.71366238343873,42.905043242788224],[131.71201,42.91018],[131.71209,42.91884999999999],[131.71844,42.92434],[131.72983,42.923689999999986],[131.73296816635707,42.92303175047143],[131.740082,42.92153600000001],[131.74431133942963,42.92210464228154],[131.74488,42.91982999999999],[131.74228,42.91682000000001],[131.74228083921523,42.91681712657055],[131.742279,42.91681500000001],[131.7445905357475,42.90890884523999],[131.74537,42.906240000000004],[131.73325,42.902820000000006],[131.73324633050666,42.902818093161095],[131.733246,42.902818000000046],[131.73305371266574,42.902718000000185],[131.72307098480326,42.89753051174944],[131.7228784828597,42.89769087164872]],[[131.71729867509484,42.94733049683943],[131.717296,42.94733300000001],[131.71273884776983,42.94904168213281],[131.71087,42.95176999999999],[131.71166360064382,42.95266132012608],[131.713552,42.954778999999995],[131.71506269760218,42.95744496906087],[131.71632,42.959660000000014],[131.71617016271313,42.96007699999651],[131.714203,42.96556199999999],[131.710541,42.96950899999999],[131.71035745581244,42.971371499986766],[131.70973,42.977769999999985],[131.71550634142704,42.9840360312712],[131.724213,42.98423900000002],[131.727224,42.995347000000024],[131.730398,42.993516000000014],[131.734386,42.987086999999995],[131.739268,42.98187899999999],[131.745779,42.97134000000001],[131.7525855625548,42.9653312499516],[131.75619604340724,42.96214349334487],[131.75643968069235,42.95929972700076],[131.75261021580837,42.956025640311296],[131.749197,42.95311100000001],[131.7407647770961,42.95149560327198],[131.73666,42.95071],[131.72988291958129,42.938064459823536],[131.72673864527164,42.93220093297333],[131.7249688273688,42.93341976983094],[131.723562,42.93439399999998],[131.72273431638845,42.93839399997935],[131.7221,42.94147000000003],[131.72160011788722,42.94235629405273],[131.72047,42.94436299999999],[131.71792919696367,42.94674050000564],[131.7173,42.94733000000001],[131.71729867509484,42.94733049683943]],[[131.920909,43.024155999999984],[131.920095,43.01951700000001],[131.922537,43.00893800000003],[131.9239994457946,43.00584828357738],[131.92223716415825,43.000390343363854],[131.920909,42.996283000000005],[131.91505,42.984280000000005],[131.883311,42.96076099999999],[131.87172651256049,42.96085305015962],[131.83725,42.96112999999999],[131.81837745774214,42.96655216906659],[131.790538,42.97455500000001],[131.76963897047884,42.98421820661717],[131.75701281974622,42.99005869566765],[131.7602978104027,42.99065697146743],[131.76943700001326,42.992321437685256],[131.79119,42.99627999999999],[131.7911856211453,42.996282384629296],[131.791189,42.996283000000005],[131.78614954869846,42.99902492046782],[131.77459000000002,43.005319999999976],[131.769380467368,43.01536909845525],[131.773448,43.021186000000014],[131.78104660993108,43.0185486099414],[131.78435,43.01740000000001],[131.79119,43.01740000000001],[131.79053787291076,43.02028945083663],[131.787364,43.03436899999999],[131.783865,43.040107],[131.77752079606674,43.044620299458494],[131.79604011927836,43.05158676156716],[131.798839,43.052639000000006],[131.80578333333753,43.051513333332636],[131.81967,43.04925999999998],[131.8401,43.04168999999999],[131.84949117495964,43.039533291598175],[131.859386,43.037257999999966],[131.859386,43.03726091861066],[131.85939,43.03726000000001],[131.85939,43.04462000000001],[131.859386,43.04462250000001],[131.859386,43.04462299999997],[131.8265115278423,43.06516979507172],[131.83723643712437,43.06373127142501],[131.854991,43.061346999999984],[131.86538101077306,43.056172021619574],[131.87574,43.05101],[131.89226,43.03583],[131.90779775447066,43.02950100891193],[131.920909,43.024155999999984]],[[133.013438,42.710353999999995],[132.99635024955734,42.722560107417266],[133.00864,42.72784999999999],[133.02687,42.73964999999998],[133.03121171196008,42.740905525363324],[133.038422,42.74298700000001],[133.05185,42.741196999999985],[133.05925541677638,42.73921936129514],[133.06617,42.737369999999984],[133.07667,42.73809999999999],[133.0766709377507,42.73810499565358],[133.076671,42.738104999999976],[133.07672242522645,42.7383792834791],[133.07887,42.74981999999998],[133.07886788686892,42.749822396599896],[133.078868,42.749823],[133.067393,42.762843999999994],[133.043224,42.779608],[133.03986147857597,42.781388504411],[133.03986147819185,42.78138850461441],[132.99635,42.80443000000001],[132.99650553433725,42.80459797708423],[133.006602,42.815497],[133.00903287406052,42.81752220989688],[133.01051,42.81875],[133.01050769527245,42.818750913005346],[133.010509,42.818752],[132.989757,42.826972000000005],[132.9786110000137,42.826595985300116],[132.96323,42.826079999999976],[132.9322700000365,42.82168200000519],[132.911632,42.81875200000002],[132.90677296012942,42.817369119606326],[132.90048,42.81557999999998],[132.89039,42.80849999999999],[132.88746,42.80145999999999],[132.8874621464598,42.80145935197354],[132.887462,42.801459],[132.89796,42.798285],[132.900157,42.793931],[132.8877073927123,42.76349840443266],[132.87534,42.755930000000035],[132.87533617403412,42.75592710647453],[132.875336,42.75592699999999],[132.865001,42.748114],[132.8572736086932,42.74712365217361],[132.85231,42.74649],[132.84108775882706,42.74842727646997],[132.833018,42.749823],[132.82801816730517,42.75175166154393],[132.81593,42.756420000000006],[132.80737446420153,42.763900119287484],[132.80518842876063,42.7658128748627],[132.802157547429,42.77135841285471],[132.791515,42.790839000000005],[132.798432,42.80841699999999],[132.79705718773968,42.810685515314816],[132.79111,42.82050000000001],[132.7911088846485,42.82050054028165],[132.791108,42.82050199999999],[132.775401,42.828111],[132.757335,42.832424],[132.7616669855528,42.84171285510596],[132.76637,42.85179000000001],[132.7700299999823,42.86342999994381],[132.773692,42.875067],[132.774425,42.89590099999998],[132.76705715103944,42.90411447174561],[132.76344,42.908150000000006],[132.75629621570891,42.907854353521714],[132.75629621551238,42.90785435351358],[132.739757,42.907172],[132.703705,42.878730000000004],[132.69594825517422,42.8768405816086],[132.68165,42.873360000000005],[132.68165184244364,42.87335820520575],[132.681651,42.87335800000003],[132.68322376637806,42.871826934476516],[132.68629,42.86884000000001],[132.69117,42.86273999999999],[132.69202299997048,42.86211309640725],[132.69531925360175,42.859689754279785],[132.6832,42.855700000000006],[132.63722,42.85969000000001],[132.61891,42.85919999999999],[132.60816,42.856840000000005],[132.60170499333773,42.85266228761364],[132.600108,42.851629999999986],[132.589122,42.842353],[132.58133583547468,42.84099834186784],[132.57789,42.8404],[132.56471,42.84626],[132.54444,42.85968999999999],[132.53493932795672,42.861925032205626],[132.517833,42.86595299999999],[132.51434043582069,42.868552871641974],[132.51051,42.871410000000004],[132.50343,42.88702999999999],[132.50343,42.90008999999999],[132.50587,42.91364000000001],[132.50586977562827,42.9136407545118],[132.50587,42.91364199999998],[132.5053980684822,42.91522699999353],[132.5027,42.924299999999995],[132.50269630972312,42.92430095978301],[132.50269600000001,42.92430199999999],[132.49834226623884,42.92543337807634],[132.48609,42.928619999999974],[132.44723099995994,42.93356984839556],[132.428315,42.935981000000005],[132.42074977762195,42.938570777608504],[132.41334,42.941109999999995],[132.40439,42.94228999999999],[132.39706,42.93935999999999],[132.39527,42.932770000000005],[132.39558833610405,42.926017415974556],[132.39559987594905,42.92576966329026],[132.39413,42.92178],[132.3663,42.91568000000001],[132.3597762177685,42.913052064466555],[132.354259,42.910834],[132.345795,42.90070200000001],[132.34785038196696,42.89879907639966],[132.35019,42.89663000000001],[132.35183899749356,42.89370166332037],[132.355317,42.88751899999996],[132.35869067567057,42.88280105406119],[132.36011714566334,42.88080399607131],[132.355235,42.875067],[132.353526,42.87026599999998],[132.355235,42.86546499999997],[132.36011662358825,42.85968862869284],[132.3484,42.85493000000002],[132.32569,42.85147000000001],[132.31837,42.84544999999998],[132.31153101961257,42.84545],[132.3092401430987,42.84929325288855],[132.30763086098025,42.851993039678796],[132.28932,42.882720000000006],[132.2876903055361,42.890448551046596],[132.2889358659205,42.89269496912432],[132.28989142371847,42.89441835591357],[132.29453,42.90278],[132.29500726638895,42.90901825182733],[132.295665,42.917548000000004],[132.29224564088432,42.94124039940265],[132.29111,42.94912000000001],[132.29662193786137,42.98040643689162],[132.299571,42.997137999999985],[132.30110609996976,43.021187600111325],[132.30128,43.02390999999999],[132.30127988702384,43.02391023006251],[132.30128,43.023912],[132.29465924861648,43.03739237572784],[132.29465924845613,43.0373923760544],[132.29111,43.04462],[132.29737991581968,43.049043084179715],[132.303233,43.053168],[132.304942,43.06403199999999],[132.30333557870364,43.067627413375504],[132.29982,43.07551000000002],[132.2911107202609,43.08563916231426],[132.307465,43.086615000000016],[132.3109960897203,43.088654903685935],[132.32057,43.09418],[132.32320654685654,43.10040575224518],[132.325694,43.10626899999999],[132.31931653389915,43.11859899999832],[132.31837042976247,43.1204291686562],[132.32026539064648,43.121172828060516],[132.3248,43.12294999999999],[132.33375,43.13019],[132.33826199293728,43.1331389646672],[132.33961,43.134018999999995],[132.33960922149188,43.134019491179856],[132.33961,43.134019999999985],[132.33837169915253,43.13480027436442],[132.332774,43.138331999999984],[132.33019327163439,43.13928448356738],[132.32594,43.14085999999999],[132.3262349795913,43.142417262387816],[132.327485,43.148993],[132.32758607025585,43.16247340134589],[132.32765,43.170599999999986],[132.3288446443118,43.17419211543072],[132.32884652286648,43.174197749812485],[132.32911063855747,43.174989916601675],[132.33937,43.173649999999995],[132.34816,43.17145000000001],[132.35210245520534,43.17122417917678],[132.356537,43.170966],[132.36212522742008,43.173126831338045],[132.36695,43.17499000000001],[132.36695342717695,43.174993778503264],[132.366954,43.17499400000002],[132.381684,43.19122999999999],[132.3775364521542,43.20120849044501],[132.37607,43.20474],[132.36677900000353,43.2106005605595],[132.35897900000003,43.215521999999986],[132.3250639999719,43.228355053321636],[132.32506399952538,43.22835505349061],[132.31715,43.23134999999997],[132.30771,43.23818999999999],[132.3078725345395,43.24015599997827],[132.308442,43.24701600000001],[132.316742,43.25189900000001],[132.32611075811877,43.25567493139427],[132.34067,43.26154000000001],[132.3458,43.26716],[132.34794962924144,43.27474989327477],[132.34921292590263,43.279201738881646],[132.35039817301038,43.27990613840831],[132.354828,43.28253800000003],[132.3548284326601,43.28253906852042],[132.35483,43.28254000000001],[132.35517147445213,43.283386262772694],[132.356212,43.28595599999999],[132.35620953037457,43.28595883614565],[132.35621,43.28596000000001],[132.3458,43.29792000000001],[132.32201069599432,43.31159981371348],[132.314952,43.31566],[132.3129369104614,43.31637473136981],[132.30543,43.319040000000015],[132.28956,43.31257],[132.28199000000004,43.278510000000004],[132.26051,43.27058],[132.254,43.26650999999999],[132.24252,43.245509999999996],[132.23593,43.23652],[132.22890321213964,43.231431636376975],[132.226654,43.22980400000001],[132.19591729767006,43.216746127327326],[132.19591729725357,43.216746127150415],[132.13681,43.19164000000001],[132.11647,43.18867000000001],[132.09596,43.18098],[132.0817608639022,43.16855315977787],[132.07545,43.163031],[132.0442,43.127265000000016],[132.029633,43.116522999999994],[131.991303,43.095852000000015],[131.9913004970783,43.09585026805657],[131.9913,43.09584999999998],[131.97202,43.082510000000006],[131.95224,43.07197000000001],[131.92994,43.069570000000006],[131.90724000000003,43.07440999999999],[131.88649,43.085640000000005],[131.89625,43.09535999999999],[131.90797,43.101059999999976],[131.91724700000003,43.10785599999998],[131.91724761164377,43.10785824991139],[131.91725,43.107859999999995],[131.9181577855591,43.11120629456829],[131.920665,43.120429],[131.92065869252116,43.120425180349194],[131.92066,43.12042999999999],[131.87094,43.09032],[131.85914,43.085640000000005],[131.85316,43.087775],[131.84718014933455,43.089910589537105],[131.84785202646503,43.092563],[131.849864,43.10049100000001],[131.86616614812056,43.12085751022437],[131.87941,43.137399999999985],[131.90016,43.181830000000005],[131.90438480487538,43.187591097557316],[131.911713,43.19757700000001],[131.91837900000377,43.20329071428896],[131.92368,43.20783000000002],[131.94335599410394,43.220286014600305],[131.958588,43.229925999999985],[131.97190400001742,43.233770182010176],[131.97804,43.23554000000001],[131.99684000000002,43.23870999999999],[132.0005,43.24452999999998],[132.00099667942646,43.247132464118174],[132.001964,43.252182999999995],[132.006602,43.260321],[132.0112386666447,43.26348102198695],[132.04493000000002,43.286439999999985],[132.0453328728417,43.28714181793974],[132.051524,43.29791899999998],[132.052013,43.314765000000016],[132.044444,43.32436800000001],[132.04444146027546,43.32436814620247],[132.04444,43.32437],[132.0350877161378,43.324906606451115],[132.031016,43.325141],[132.014008,43.315619000000005],[132.01042958564997,43.31012662141147],[132.01042958556417,43.31012662127982],[132.00351,43.29951],[132.0026185520509,43.29575179184306],[131.999848,43.28408399999999],[131.99203612955318,43.2730995882851],[131.96835659118165,43.27058070113032],[131.97045873000624,43.27520583709002],[131.97677658592644,43.289106414094185],[131.97812,43.292060000000006],[131.97400630466672,43.2947207813624],[131.956798,43.305854],[131.895274,43.31862999999998],[131.89527112573128,43.318629766181616],[131.89527,43.31862999999998],[131.88478,43.317780000000006],[131.85694,43.307320000000026],[131.84604,43.30536999999998],[131.83668800502113,43.3083826783825],[131.832042,43.309881999999995],[131.82708063311745,43.31651994967996],[131.82602018732211,43.317939749199944],[131.8261315900497,43.31838530746249],[131.82814,43.3264],[131.8340568976117,43.32995916338704],[131.838634,43.332708999999994],[131.8347312385106,43.33442141286114],[131.82667,43.337959999999974],[131.81568,43.33674],[131.80818484442452,43.331358385189276],[131.807628,43.330959],[131.804535,43.32208899999999],[131.799327,43.31586299999999],[131.7804674999928,43.305517499996064],[131.77418,43.30206999999999],[131.76730785788973,43.29488643151012],[131.764252,43.29169300000001],[131.76425163564943,43.291691709772515],[131.76425,43.29169000000001],[131.761081217102,43.28046471711039],[131.756358,43.263738999999994],[131.756847,43.242498999999995],[131.75074688455592,43.22595911546576],[131.7505,43.22528999999999],[131.74212093082323,43.22062024207936],[131.722667,43.20978399999999],[131.722667,43.20233800000001],[131.73058567845533,43.201982464103374],[131.74171,43.201480000000004],[131.75831,43.19537999999998],[131.75939502919707,43.193542014598556],[131.763927,43.18585800000001],[131.749848,43.174994],[131.73152063808277,43.17417557461425],[131.73072378543617,43.17414016819764],[131.72564018272024,43.1781252284274],[131.71754,43.18448],[131.71405920567943,43.1884234113476],[131.706635,43.196845],[131.6962142267051,43.20162986230118],[131.69467,43.20233999999999],[131.68385,43.199289999999976],[131.68271048807904,43.197804139908115],[131.679535,43.193671000000016],[131.677826,43.18732300000001],[131.6756279999993,43.184025999998966],[131.67416,43.181829999999984],[131.6578839999568,43.17320082238266],[131.651134,43.16962300000001],[131.64780395975976,43.16900287928071],[131.64698,43.16885],[131.6510480677966,43.157172466101706],[131.651459,43.15599200000002],[131.6514592972093,43.15599201738578],[131.65146,43.15599],[131.65775899999105,43.15636052941124],[131.666759,43.15688699999999],[131.684093,43.165229],[131.6908226351705,43.17144082412704],[131.69467,43.17499000000001],[131.69331012600745,43.171804937041315],[131.68336,43.14850499999998],[131.664887,43.125189999999996],[131.586762,43.049954],[131.5757709043089,43.04457107816129],[131.563,43.03832],[131.56300017258644,43.038316574277694],[131.562999,43.038316],[131.5633985021944,43.030410004387626],[131.56373,43.023830000000025],[131.56564684214356,43.01584887721296],[131.567638,43.007554],[131.56576561565183,42.99969709605801],[131.56495065650378,42.99628275048232],[131.55802107545026,42.994995770361555],[131.55371950002436,42.994196870396564],[131.54786028695378,42.99311005322665],[131.53297,43.002265],[131.51767,43.00934500000002],[131.50862341390402,43.0046796374657],[131.49952,42.99998999999999],[131.49195,42.98431999999998],[131.49488,42.97061000000001],[131.49895538983338,42.9583201525337],[131.49908490809761,42.95792925391179],[131.49935986774307,42.95709939916414],[131.49610009861485,42.94229044800167],[131.491954,42.94489199999999],[131.477306,42.94196199999999],[131.455089,42.93476],[131.45455628562885,42.934740678589534],[131.43824,42.93415000000002],[131.4372874769925,42.934252138009256],[131.429942,42.935045],[131.41202725416562,42.94648038130102],[131.40553,42.95063],[131.40541540203216,42.95057467005331],[131.393891,42.94501399999999],[131.38795,42.930121],[131.38771451330402,42.92794002666841],[131.38624,42.91429],[131.40634,42.91006],[131.40781372316667,42.907008723170854],[131.410737,42.900946000000005],[131.40596432204302,42.8882071610413],[131.4004,42.873360000000005],[131.40040188257393,42.8733603556937],[131.40040100000002,42.87335800000003],[131.458995,42.884425999999976],[131.47192995855903,42.883938152424705],[131.47169,42.87323999999998],[131.45615,42.863839999999996],[131.43637,42.85577999999995],[131.4320487027004,42.85318153154334],[131.409028,42.839342],[131.378917,42.831122],[131.36763901345682,42.82054033331772],[131.36573,42.81875],[131.36036,42.80662999999997],[131.35963,42.79425999999998],[131.35963015053454,42.794259543869096],[131.35963,42.794257],[131.363617,42.782171999999996],[131.35201997251716,42.774330010036614],[131.30013,42.79328],[131.28233015935413,42.782764908951755],[131.273127,42.77733099999998],[131.257069,42.751561000000024],[131.246896,42.73253399999998],[131.236447,42.706644000000004],[131.23645036696445,42.706640909158864],[131.23645,42.70663999999998],[131.24685951727938,42.69708540885458],[131.24744937682863,42.69654392343725],[131.249600417057,42.69456928910738],[131.2518,42.690819999999995],[131.25567697214774,42.68966693500778],[131.261078,42.688055999999996],[131.26327600000002,42.68500400000001],[131.26229923526557,42.68109894058069],[131.2613601603987,42.67979799998495],[131.258067,42.67523800000001],[131.2572533890781,42.67198188907695],[131.25709031868269,42.67133127147877],[131.25678577713046,42.67100563029],[131.25618099999522,42.67035895221335],[131.25416,42.66819999999999],[131.25256500000455,42.66799724576329],[131.247081,42.667304000000016],[131.232677,42.667913999999975],[131.2266020673485,42.66265728842866],[131.22421,42.66059000000001],[131.21656,42.644189999999995],[131.21563402940265,42.643219818604905],[131.209017,42.63629500000002],[131.20932008871029,42.63088840321475],[131.20977995979243,42.62261072373638],[131.203483,42.619062999999976],[131.20348219463023,42.61906123665671],[131.20348,42.619060000000005],[131.20152094399063,42.614767112049066],[131.201182,42.614025],[131.20118220598587,42.614024833986484],[131.20118,42.61401999999999],[131.20801,42.608520000000006],[131.21364739543205,42.60727762740324],[131.224301,42.60492600000003],[131.228736,42.59712499999999],[131.2280821864006,42.592474046601716],[131.22797,42.591680000000004],[131.22797052798342,42.59167975585079],[131.22797,42.591676],[131.23103,42.590265],[131.23408989329258,42.58885004934347],[131.234047,42.587262],[131.21805,42.586132],[131.21494500275938,42.58484699170623],[131.21275,42.583940000000005],[131.21507600004549,42.581275999947906],[131.224376,42.570624],[131.22156,42.56630399999998],[131.219547,42.55471200000001],[131.21327506058904,42.55139303206233],[131.21313415663556,42.55147952609464],[131.203751,42.557243999999976],[131.19839584423403,42.55824790962733],[131.19456,42.558969999999995],[131.18535,42.559550000000016],[131.1806370009357,42.56322300277346],[131.17963739671134,42.56400269056657],[131.1793565044941,42.56429299997949],[131.17099,42.57294300000001],[131.167003,42.57562900000002],[131.167003,42.58538991325302],[131.17115,42.585269999999994],[131.17115265977117,42.585273010001906],[131.171153,42.58527300000001],[131.1717018075391,42.5858944679107],[131.1792,42.594379999999994],[131.1804029491101,42.60336478542213],[131.18065,42.60520499999999],[131.18064931440554,42.605204879318514],[131.18065,42.605209999999985],[131.15849,42.60130999999999],[131.14357,42.61269999999999],[131.12690305482022,42.61725916436831],[131.127415,42.64681],[131.1229974999906,42.65954750002715],[131.12035,42.66718999999999],[131.1057,42.66835],[131.09825954089405,42.660532000033854],[131.092886,42.654888],[131.08702897161677,42.64037988378124],[131.07637888418117,42.639176305126796],[131.073578,42.63886100000002],[131.04782280585454,42.64303773136202],[131.0478228051218,42.64303773148087],[131.03443,42.64521],[131.0152240000027,42.64301502857175],[130.994884,42.640692],[130.98294305663828,42.63706105660536],[130.95248,42.62780000000001],[130.93116,42.60692],[130.91432,42.601509999999976],[130.88966,42.59960000000002],[130.87257,42.603950000000005],[130.8583946235291,42.61167108623553],[130.832506,42.625775],[130.8154811588512,42.63417044227898],[130.83859,42.64299],[130.85123206595307,42.64186059353156],[130.862876,42.64081600000001],[130.88084236506438,42.63932763809053],[130.88948,42.63860999999998],[130.90584961756326,42.622426147502125],[130.91151300000004,42.616826000000025],[130.92210379693606,42.617610541509606],[130.93214,42.618349999999985],[130.94449917482763,42.631076475605596],[130.944591,42.631170999999995],[130.949714,42.653123],[130.93464132302458,42.6568094306705],[130.93178,42.657509999999995],[130.91035748763008,42.655602243796366],[130.899445,42.654631],[130.88620499998976,42.657850122770334],[130.88152,42.65898999999998],[130.84783,42.66132],[130.81111706989861,42.652908860123205],[130.803441,42.65115099999999],[130.78698354803754,42.653763595502916],[130.79595,42.66285],[130.80541338735085,42.66578944505964],[130.832042,42.674058],[130.8361111663607,42.68841966726414],[130.83701,42.691590000000005],[130.83700952365666,42.69159031879947],[130.83701,42.691591999999986],[130.8255018369578,42.69929200002738],[130.82546,42.69931999999999],[130.82545999059937,42.69931999901901],[130.825457,42.699321999999995],[130.81751687469753,42.698491122961684],[130.80179,42.69684999999998],[130.7913117142994,42.69339405938491],[130.781866,42.69028199999999],[130.773753681038,42.684668956898996],[130.7693,42.68158999999999],[130.74535,42.68110000000001],[130.73467,42.691690000000015],[130.72877245700397,42.69522174213927],[130.720758,42.70002500000001],[130.693526,42.68545000000001],[130.65667,42.664080000000006],[130.660789,42.643185],[130.66078901430973,42.643185000224854],[130.66079,42.643180000000015],[130.68344,42.643540000000016],[130.70238987522288,42.63282037575812],[130.732921,42.61554599999999],[130.736908,42.607245],[130.73563037676638,42.60240090143054],[130.7295,42.57917],[130.72950402683497,42.57917289323687],[130.729503,42.57916900000001],[130.754649,42.597235],[130.763031,42.599595],[130.77418062156764,42.596829093878384],[130.77481259349753,42.59590780487573],[130.778087,42.591131999999995],[130.77883376506907,42.5878340000021],[130.77955,42.584659999999985],[130.78221000000133,42.580999999998184],[130.783539,42.57916900000001],[130.83978980804653,42.55936399999998],[130.84213,42.55854],[130.8447359649227,42.55565165497733],[130.851817,42.547797],[130.85404672706255,42.541794158869166],[130.85499,42.53925],[130.86275933794067,42.5372453517122],[130.86964,42.53546799999999],[130.87036209897667,42.533734740612935],[130.87289,42.52765999999999],[130.87065666666712,42.519585000001655],[130.870209,42.517971],[130.86779711095434,42.517673755615384],[130.86459233936978,42.51728028721799],[130.859711,42.52106400000001],[130.85849,42.524563],[130.85399679870275,42.521968863637206],[130.8506,42.52000999999999],[130.84645,42.520700000000005],[130.84456320339402,42.52018140678079],[130.843028,42.51976100000001],[130.838145,42.51024000000002],[130.83838138251102,42.50643182950614],[130.83839,42.506289999999986],[130.84376,42.493959999999994],[130.8449797914096,42.48631130796427],[130.84055701568536,42.47645993854462],[130.83871535977386,42.47235780136667],[130.8342998706633,42.47026565300336],[130.823253,42.465033],[130.81252984213316,42.4635210702162],[130.80421,42.46235],[130.78663,42.46186],[130.78077,42.45344000000001],[130.76303,42.40038],[130.75275,42.380780000000016],[130.74319,42.35369],[130.73829279562466,42.344287133842556],[130.734805,42.33759800000001],[130.715800087576,42.31179865779301],[130.70360067563442,42.295240917009764],[130.699962,42.295111000000006],[130.69996131285436,42.29511004688764],[130.69996,42.29510999999999],[130.6988344353519,42.29354700000001],[130.695557,42.289001],[130.667129,42.283092],[130.64944056647494,42.27876591624944],[130.63158,42.2744],[130.61662,42.27232],[130.60382,42.263259999999974],[130.59754401582768,42.26278030694224],[130.598481,42.280951],[130.59827394675568,42.28374571006786],[130.59767,42.29194],[130.59598238116442,42.29584222645252],[130.594981,42.29816299999999],[130.582042,42.307929000000016],[130.58146843838227,42.30826066666597],[130.56937,42.31526],[130.55309620667785,42.31701308268903],[130.540501,42.31837100000001],[130.519053,42.327602999999996],[130.51019,42.33577999999999],[130.480684,42.339752],[130.465653,42.334751999999995],[130.46565326938827,42.334751087620845],[130.46565,42.33474999999999],[130.46785215132712,42.32730379231259],[130.469396,42.322075],[130.4578685479669,42.31289117805711],[130.45646,42.31176999999998],[130.4401,42.309129999999996],[130.43583313695953,42.31377395868447],[130.431839,42.31812500000003],[130.42367899999084,42.322161883285304],[130.41916,42.324400000000026],[130.40745,42.32458],[130.40699,42.31573999999999],[130.40585037082187,42.30711280718657],[130.393999,42.299952000000005],[130.384157,42.291194999999995],[130.38555755049495,42.28243589898314],[130.38632,42.27765999999999],[130.38624,42.270660000000014],[130.3862410188949,42.270658632425885],[130.386241,42.27065700000001],[130.38891557480375,42.26706880840891],[130.39112,42.264110000000024],[130.39112111439306,42.26410987131088],[130.391124,42.264106000000005],[130.39876332203576,42.263227355931996],[130.39926,42.263169999999995],[130.40585,42.26081000000002],[130.405934847017,42.255205105877124],[130.406016,42.249579000000004],[130.40181854448613,42.24378149999254],[130.40089,42.242499999999986],[130.39332,42.24409000000001],[130.38859826171006,42.2483813552754],[130.378182,42.257855000000006],[130.3723532500007,42.25661488910712],[130.36799,42.25569],[130.36549887094165,42.251601557629975],[130.360655,42.243664],[130.369837,42.23201099999999],[130.358829,42.229271999999995],[130.351505,42.21608300000001],[130.33745742995598,42.21430314007955],[130.33506,42.214],[130.3350598750602,42.21399936427686],[130.335057,42.213998999999994],[130.33354795910282,42.20630638014084],[130.33064,42.19150999999999],[130.31877,42.184729999999995],[130.30703035879327,42.18315458493345],[130.30816,42.197590000000005],[130.31564,42.218879999999984],[130.30742,42.2363],[130.3008,42.236670000000004],[130.294182,42.237044999999995],[130.26242047994685,42.213491079829815],[130.25136,42.20528999999999],[130.2456966156726,42.199507626372935],[130.228986,42.182452000000005],[130.21493951768448,42.174629958887074],[130.2058738536126,42.17385719509879],[130.202274,42.173551],[130.2022740941849,42.17355034899124],[130.20227,42.17355],[130.20337656529205,42.165930038013705],[130.204286,42.15964399999999],[130.19996626054103,42.10898799999292],[130.19931033807913,42.10130396054937],[130.19750392950888,42.10119629820106],[130.19485567706207,42.10103846177245],[130.19386,42.100980000000014],[130.1854529863959,42.103860999983624],[130.185313,42.10390900000001],[130.1853129645893,42.10390898406473],[130.18531,42.10391],[130.17915673405437,42.101138599271195],[130.17392000000004,42.098782],[130.160248,42.085110000000014],[130.16085002656183,42.084816293304584],[130.16358,42.08348000000002],[130.16580741869512,42.07876701805894],[130.166596,42.07709400000001],[130.16182000000842,42.07425666667165],[130.15943,42.07283999999999],[130.15581547256826,42.07332865928798],[130.150108,42.07410300000001],[130.1427355000256,42.07873141275742],[130.1332,42.08471999999999],[130.12329519639468,42.08876339278937],[130.120069,42.09008099999998],[130.092772,42.08981100000001],[130.09277026647285,42.08981000263544],[130.09277,42.08980999999999],[130.07304,42.078459999999986],[130.07216250909113,42.07516940909175],[130.067955,42.05941400000002],[130.0674682247965,42.055522387601776],[130.06701,42.0519],[130.06345143347866,42.051529466366276],[130.052222,42.050365000000006],[130.0522204611262,42.05036004801447],[130.05222,42.05036],[130.04971,42.04228999999999],[130.04491,42.03597999999998],[130.04490912730046,42.03597748116579],[130.044908,42.035976],[130.03647,42.011624],[130.033879,41.99551399999998],[130.02681946312435,41.99270098148286],[130.0199548424283,42.0052504565548],[130.01495,42.014404000000006],[130.00288400000002,42.010912],[130.00288393303202,42.010911137223005],[130.00288000000003,42.01091],[130.00195033083816,41.99888314071652],[130.0015440482429,41.99364882821316],[130.00129722224804,41.990468863316565],[129.99182119673034,41.986591180451654],[129.982188,41.982651999999995],[129.9821906489437,41.98265026555414],[129.98219,41.98265000000001],[129.98446666666666,41.98116000000001],[129.989024,41.978176],[129.99414949956102,41.973050500438994],[129.99415,41.973050000000015],[129.99439422445028,41.972740934672295],[130.0004967704948,41.96501151912633],[130.00269402490068,41.96222850163836],[129.99835797542562,41.961141160674785],[129.992931,41.95978399999999],[129.985606,41.955268000000004],[129.98288881873535,41.95181979528952],[129.97486,41.94164],[129.97487417301434,41.941648909935914],[129.974864,41.941636],[129.97756063739206,41.94333776912072],[129.97828,41.94379000000002],[129.97698000001537,41.938890000057874],[129.975678,41.93398699999999],[129.971039,41.922065],[129.968598,41.91746700000001],[129.96710048642385,41.91029074318519],[129.96469,41.89875],[129.95444,41.89204],[129.94679,41.89494000000003],[129.93915441268368,41.902218176846205],[129.937394,41.903898],[129.93739119498773,41.90389886094789],[129.93739,41.9039],[129.91362,41.911200000000015],[129.90306999999814,41.90686249999924],[129.89674,41.90426299999998],[129.8923593969544,41.889593603031614],[129.89039,41.883],[129.88339,41.85741],[129.88453,41.82415999999999],[129.86965,41.791460000000015],[129.85857466135917,41.78406369304856],[129.855171,41.78179200000002],[129.85517076016635,41.78179050765252],[129.85517,41.78179],[129.85358566034438,41.771927339487014],[129.85246,41.76492299999999],[129.842813,41.758783],[129.8358414285497,41.76721000002626],[129.82655,41.778449999999985],[129.81885912668446,41.77803176519735],[129.813315,41.77773300000002],[129.80666615916334,41.77457439103194],[129.77476,41.75941999999999],[129.7722157640654,41.75338355049774],[129.762787,41.731024],[129.749766,41.69627499999999],[129.74813719625774,41.69389971773126],[129.74136,41.68401999999997],[129.71502,41.67533999999999],[129.69082,41.64971999999999],[129.68318,41.617720000000006],[129.67103740591614,41.58089540094826],[129.669409,41.57595900000001],[129.648798,41.54940299999998],[129.660655,41.525946000000005],[129.65896920566604,41.51634007710176],[129.65772,41.50924000000002],[129.6541474410486,41.49841493159417],[129.65273,41.494124000000006],[129.65273053709922,41.494121627442915],[129.65273,41.49412],[129.6594,41.46465],[129.65940297228317,41.46464712243502],[129.659403,41.464646999999964],[129.66038919316594,41.463692329596526],[129.66038919344822,41.46369232932323],[129.68168,41.44307999999999],[129.68947655744185,41.43745977024828],[129.70167,41.42866599999999],[129.714603,41.41964599999998],[129.736056,41.421286],[129.74171517992522,41.411272851875374],[129.74415,41.40695999999999],[129.75818000000004,41.39259000000001],[129.7643001017095,41.389062135615326],[129.769298,41.38617600000001],[129.77279080493165,41.385795186857926],[129.77565,41.38548],[129.79111,41.38776],[129.79329546511508,41.38713558139569],[129.796641,41.386176000000006],[129.79939965492252,41.383240619651865],[129.80616,41.376039999999996],[129.80612439513695,41.375915382979336],[129.80607749963045,41.375759144623466],[129.0,41.100000000000016],[127.15564202334629,40.70038910505836]],[[127.15564202334629,40.70038910505836],[126.0,40.9]],[[126.0,40.9],[124.3,42.2]],[[124.3,42.2],[125.00000000000001,43.99999999999999]],[[125.00000000000001,43.99999999999999],[127.00000000000001,45.70000000000001]],[[127.00000000000001,45.70000000000001],[129.0,46.799999999999976]],[[129.0,46.799999999999976],[132.8358208955224,47.85485074626867]],[[132.8358208955224,47.85485074626867],[134.0,47.19999999999998],[135.2,44.50000000000002],[133.1296322857064,42.68842199999999],[133.062022,42.68842200000003],[133.03769,42.691391999999986],[133.024425,42.69936800000001],[133.013438,42.710353999999995]],[[126.75717100000001,43.71760199999999],[126.737449,43.71995699999999],[126.726852,43.72348899999999],[126.682403,43.71612999999997],[126.67916499999998,43.71406999999999],[126.67887000000002,43.708477],[126.67916499999998,43.69640799999999],[126.67798700000002,43.68787099999999],[126.67887000000002,43.68551599999998],[126.682403,43.68404500000001],[126.689173,43.67845200000001],[126.69505999999998,43.652548],[126.701536,43.645483],[126.71331099999999,43.66108400000001],[126.71507700000001,43.673742],[126.70801200000001,43.69464199999999],[126.71331099999999,43.703178],[126.725674,43.70671099999999],[126.738332,43.703767000000006],[126.74892900000002,43.69670200000001],[126.755405,43.689049],[126.754522,43.67609700000003],[126.745985,43.667854999999996],[126.74215899999999,43.66137899999998],[126.755405,43.65490299999999],[126.74363000000001,43.643421999999994],[126.71125,43.61869600000001],[126.70712900000001,43.606331999999995],[126.718021,43.60044499999998],[126.735977,43.60957000000002],[126.767768,43.63370800000002],[126.77012300000001,43.615162999999995],[126.782781,43.610158999999996],[126.80014800000001,43.610158999999996],[126.816338,43.606332000000016],[126.82104799999999,43.63282500000002],[126.84077000000002,43.64106699999999],[126.858727,43.63400299999999],[126.85725500000001,43.61369199999999],[126.88374800000001,43.62075599999998],[126.89257899999998,43.617813000000005],[126.89817100000002,43.60633200000001],[126.89375599999998,43.603389],[126.87727199999999,43.55864499999997],[126.889046,43.56247199999998],[126.89257899999998,43.565122],[126.89817100000002,43.572774999999986],[126.89964300000001,43.54068900000001],[126.90494200000002,43.510664000000006],[126.92054300000001,43.523911000000005],[126.92495900000002,43.54510500000001],[126.920838,43.568065],[126.911418,43.58661],[126.933495,43.587492999999974],[126.952923,43.598384999999986],[126.987069,43.627527],[126.96940800000002,43.626055000000015],[126.939088,43.61693],[126.925547,43.62075599999999],[126.94056000000002,43.63370800000002],[126.94880200000001,43.639007],[126.959694,43.64106699999999],[126.959694,43.64813199999999],[126.94320900000001,43.64695500000001],[126.929668,43.651369999999986],[126.92230899999998,43.660495000000004],[126.925547,43.67462499999999],[126.909063,43.676391],[126.896405,43.67344699999998],[126.889929,43.66461699999997],[126.890812,43.64813199999999],[126.88374800000001,43.65078099999999],[126.870207,43.65872899999999],[126.863437,43.66108400000001],[126.84312500000001,43.660495000000004],[126.80750700000002,43.666088],[126.796027,43.67020900000001],[126.78542999999999,43.67845200000001],[126.78425299999999,43.69434700000001],[126.79897100000001,43.71289199999998],[126.84224200000001,43.745272],[126.83871,43.74291699999999],[126.84400799999999,43.748216],[126.84813000000001,43.755575],[126.85107299999999,43.764700000000005],[126.83370599999999,43.761168000000005],[126.827818,43.757635999999984],[126.823109,43.75116000000001],[126.80162,43.751748000000006],[126.75717100000001,43.71760199999999]],[[132.120191,44.867682999999985],[132.104001,44.85973500000004],[132.037475,44.816758],[132.039241,44.795857999999996],[132.044245,44.77584100000001],[132.065439,44.729919999999986],[132.107533,44.693714],[132.23204900000002,44.66368799999999],[132.284446,44.63425200000001],[132.224985,44.64367200000002],[132.216448,44.638079],[132.218509,44.629248000000004],[132.224102,44.625126999999985],[132.231755,44.62218299999999],[132.239997,44.617179],[132.247356,44.609525000000005],[132.247356,44.606581999999996],[132.244707,44.602755],[132.24353000000002,44.593335],[132.24088,44.592158],[132.235287,44.59039200000002],[132.232344,44.585093000000015],[132.236171,44.573319000000005],[132.242647,44.567136999999995],[132.260014,44.560661],[132.282386,44.548297999999996],[132.320653,44.542409999999975],[132.353622,44.52798699999999],[132.370695,44.532108],[132.385413,44.54241],[132.394244,44.552419000000015],[132.401603,44.56625400000001],[132.410434,44.59156900000001],[132.418382,44.603933],[132.429862,44.610703],[132.475783,44.62041700000001],[132.491384,44.626304000000005],[132.60442,44.683411],[132.631207,44.71049200000001],[132.640921,44.75170299999998],[132.638566,44.76230000000002],[132.629147,44.785261],[132.627086,44.79556399999999],[132.629441,44.80645499999999],[132.638566,44.827060999999986],[132.640921,44.83677500000002],[132.648575,44.85473100000001],[132.667414,44.86974300000001],[132.709214,44.89505899999999],[132.742477,44.924495],[132.819012,45.024579],[132.838145,45.066966999999984],[132.836085,45.10759],[132.820483,45.148212000000015],[132.7987,45.18971699999998],[132.781039,45.20796800000001],[132.754251,45.232106000000016],[132.722166,45.250356],[132.57204,45.307756999999995],[132.50934,45.315116],[132.420148,45.33719399999998],[132.195843,45.33395600000001],[132.151099,45.32483],[132.10900500000002,45.308934999999984],[132.030704,45.26478],[132.013926,45.251828000000025],[131.992731,45.230928000000006],[131.983017,45.2115],[132.000091,45.202963999999994],[132.001562,45.171761000000025],[132.003329,45.161753],[132.008921,45.152627000000024],[132.015397,45.14703399999999],[132.022757,45.14202999999999],[132.030704,45.13437700000001],[132.041302,45.11288800000001],[132.03011600000002,45.10170200000002],[132.012454,45.090516000000015],[132.003329,45.069321999999985],[132.012454,45.04547900000002],[132.034531,45.035765],[132.061613,45.03164400000002],[132.086045,45.02457900000001],[132.114304,44.991316],[132.114598,44.949221999999985],[132.1093,44.905656000000015],[132.120191,44.867682999999985]],[[110.65000000000002,32.72],[109.8,31.5]],[[109.8,31.5],[108.35,29.549999999999986]],[[108.35,29.549999999999986],[108.28000000000002,29.480000000000004]],[[108.28000000000002,29.480000000000004],[106.8,28.00000000000001]],[[106.8,28.00000000000001],[104.0,27.20000000000001],[101.5,26.99999999999999],[99.0,27.800000000000004],[97.5,29.500000000000004],[98.5,32.5],[101.0,34.49999999999999],[103.93103448275862,34.931034482758626]],[[105.34513064133016,32.778147268408546],[105.63023255813954,32.675193798449605],[105.7,32.65000000000001]],[[105.7,32.65000000000001],[107.0,32.980000000000004]],[[107.0,32.980000000000004],[109.0,33.28000000000002]],[[109.0,33.28000000000002],[109.11422121896163,33.241234010534264],[110.65000000000002,32.72]],[[120.92193000006293,31.760599999993552],[120.94849699999999,31.757879999999993],[120.980724,31.751206999999972],[120.99020971429518,31.748860548942684],[120.99020971449855,31.74886054889233],[121.01376000000002,31.74303],[121.0403949999876,31.73356000000438],[121.067026,31.72408600000001],[121.144402,31.68465799999999],[121.1539263389637,31.67658498348543],[121.21167999999999,31.62762999999999],[121.24181099971008,31.602806579536683],[121.24181099995165,31.602806579337667],[121.24284851684547,31.6019517583666],[121.24472039986254,31.60040949445947],[121.32032000000001,31.504829999999995],[121.34091,31.490949999999998],[121.36085000000001,31.47748],[121.3832236982552,31.467769917210028],[121.41773500000001,31.452786],[121.448009,31.426499999999994],[121.45176658822709,31.424190039220726],[121.4739,31.410579999999996]],[[121.4739,31.410579999999996],[121.35000000000001,30.819999999999972]],[[121.35000000000001,30.819999999999972],[121.07515000000001,30.585940000000008]],[[121.07515000000001,30.585940000000008],[121.0474,30.582759999999986],[121.03315043271516,30.576629067296285],[121.02022600000001,30.571070999999993],[120.998146,30.557924000000003],[120.9809715416022,30.545619583491536],[120.97776,30.54331999999998],[120.94888999999999,30.50681999999998],[120.93164999999999,30.47305],[120.93094641212346,30.468106246774745],[120.93071884446125,30.466509837251127],[120.93013850953686,30.462438730701255]],[[120.93013850953686,30.462438730701255],[120.76065,30.318100000000005]],[[120.76065,30.318100000000005],[120.75562557062112,30.324859592677885],[120.75474220048592,30.326048383939817],[120.75398971036658,30.32706104402748],[120.75310685552817,30.330243427747288],[120.744963,30.359614000000015],[120.73464564869285,30.368999297378267],[120.72712000000001,30.375850000000007],[120.69815000000001,30.393950000000007],[120.69814934684555,30.393950158308705],[120.698148,30.393951000000005],[120.667002,30.401500000000013],[120.66464536262752,30.401726549506645],[120.66464536229607,30.401726549538534],[120.61919,30.40610000000001],[120.54787304995827,30.404786199706486],[120.47914500000002,30.403524],[120.430315,30.389839999999996],[120.42317,30.37877499999999],[120.41602,30.367710000000002],[120.40723,30.354239999999997],[120.39748,30.321579999999997],[120.3888308278262,30.290842941893327],[120.378967,30.273524000000002],[120.37152110887948,30.270999154738686],[120.36455,30.268639999999984],[120.34228,30.27424999999998],[120.32356049722652,30.286238248606775],[120.31625399999999,30.290920000000003],[120.285167,30.29881400000001],[120.25790400000001,30.298082000000004],[120.25790006378503,30.298080001707483],[120.25790000000002,30.298080000000002],[120.25736863326104,30.297810211147965],[120.25736863303086,30.297810211031102],[120.23977800000002,30.288880000000002],[120.195767,30.232887999999992],[120.19331112022142,30.231172622997708],[120.14709,30.19889000000001],[120.17897,30.200670000000006],[120.196544998929,30.2150464998385],[120.19996200000001,30.21784100000001],[120.230243,30.23603500000002],[120.25001099999999,30.270087000000007],[120.27438700000002,30.277618000000015],[120.295523,30.278726000000013],[120.31244662056523,30.26520647427812],[120.31244662103389,30.265206473903678],[120.31457,30.263509999999986],[120.31522620536188,30.26295261604084],[120.33136800000001,30.24923799999999],[120.3405280000155,30.245131693192832],[120.35034000000002,30.24073],[120.36812000000002,30.240850000000005],[120.37129849976662,30.24252349927471],[120.38472,30.24958800000002],[120.39503,30.26471600000001],[120.40463300000002,30.279934],[120.40624206597798,30.282446323440226],[120.42096,30.305419999999998],[120.43572499997377,30.337139999943677],[120.450494,30.36886],[120.45607527914785,30.370094883415216],[120.47713000000002,30.37475],[120.52491,30.377869999999998],[120.62161,30.372559999999996],[120.65167,30.359269999999995],[120.65355589133057,30.35164010866607],[120.65734699999999,30.336293999999977],[120.67044104333813,30.305680967533796],[120.67044104353319,30.305680967077706],[120.68494,30.271780000000003],[120.69281,30.26033]],[[120.69281,30.26033],[119.8,29.500000000000004]],[[119.8,29.500000000000004],[118.45000000000002,28.3]],[[118.45000000000002,28.3],[116.80000000000001,27.750000000000014]],[[116.80000000000001,27.750000000000014],[114.85000000000001,26.999999999999996]],[[114.85000000000001,26.999999999999996],[114.2875306864654,26.999999999999996]],[[114.2875306864654,26.999999999999996],[113.83520292992883,28.103040293555615],[113.7,28.249999999999993]],[[113.7,28.249999999999993],[113.7,29.9]],[[113.7,29.9],[113.46630878264438,29.931158828980745]],[[113.46630878264438,29.931158828980745],[113.46633600000001,29.931353000000016],[113.453384,29.956079],[113.43631100000002,29.949013999999977],[113.419532,29.952251999999994],[113.402165,29.95931699999999],[113.381559,29.963144000000014],[113.368019,29.957257000000013],[113.35613581218463,29.945848558375364]],[[113.35613581218463,29.945848558375364],[112.2,30.099999999999998]],[[112.2,30.099999999999998],[112.1,30.799999999999997]],[[112.1,30.799999999999997],[111.55,31.0]],[[111.55,31.0],[111.6,31.550000000000004]],[[111.6,31.550000000000004],[111.79417122040073,31.833788706739526],[112.25,32.49999999999999]],[[112.25,32.49999999999999],[114.26488620768555,32.95792868356489]],[[114.26488620768555,32.95792868356489],[114.26847900000001,32.95623799999999]],[[114.26847900000001,32.95623799999999],[114.33194408646226,32.9752906227479]],[[114.33194408646226,32.9752906227479],[114.45,33.00000000000001]],[[114.45,33.00000000000001],[116.00000000000001,33.37999999999999]],[[116.00000000000001,33.37999999999999],[117.55,33.38000000000001]],[[117.55,33.38000000000001],[118.46726217995021,33.57491821323942]],[[118.46726217995021,33.57491821323942],[118.469938,33.553797999999986],[118.479652,33.520829000000006],[118.49672500000001,33.487860000000005],[118.51821399999999,33.45812900000002],[118.54088,33.433991000000006],[118.54235099999998,33.427515],[118.53999600000002,33.41927299999999],[118.542057,33.412503],[118.579736,33.406027],[118.585917,33.403377],[118.595337,33.393369],[118.603873,33.380416999999994],[118.615354,33.37040900000001],[118.633899,33.36893699999999],[118.618886,33.353924],[118.595926,33.350981000000004],[118.57502600000001,33.35775099999999],[118.556775,33.387775999999995],[118.537347,33.39160300000001],[118.51821399999999,33.385127000000004],[118.51026600000002,33.36893699999999],[118.48995500000001,33.373058000000015],[118.48730500000002,33.380123],[118.492604,33.39042500000001],[118.49672500000001,33.403377],[118.494664,33.433991000000006],[118.48877700000001,33.445765999999985],[118.47670799999999,33.444588],[118.472293,33.43575799999998],[118.470527,33.422217],[118.46670000000002,33.40779299999996],[118.45639699999998,33.39660699999999],[118.44550600000001,33.394251999999994],[118.436086,33.39690099999999],[118.426078,33.40131699999999],[118.41165399999998,33.403377],[118.39664100000002,33.38954199999997],[118.409004,33.327432],[118.39781899999998,33.31359599999998],[118.380451,33.30829799999998],[118.36014000000002,33.285337],[118.330704,33.275918000000004],[118.320401,33.265615],[118.30479999999999,33.238534000000016],[118.27654100000001,33.25325199999998],[118.255052,33.269147],[118.24151099999999,33.29122500000002],[118.231208,33.348331000000016],[118.210014,33.39454700000002],[118.209131,33.423393999999995],[118.19794500000002,33.405143999999986],[118.199123,33.38924800000001],[118.205599,33.37246900000001],[118.209131,33.352157999999996],[118.207954,33.32272200000001],[118.209131,33.31359599999998],[118.21325200000001,33.304764999999996],[118.225321,33.288281000000005],[118.229148,33.280039],[118.22826499999998,33.26120000000001],[118.223555,33.242654999999985],[118.22237800000002,33.22440399999999],[118.23268000000002,33.20791999999999],[118.24857599999999,33.20114900000001],[118.287138,33.19526199999999],[118.313925,33.178778000000015],[118.393697,33.156699999999994],[118.40488300000001,33.15581699999999],[118.413714,33.15817200000001],[118.421073,33.162881999999996],[118.427255,33.16788599999998],[118.43167,33.170241],[118.46758299999999,33.171713000000004],[118.48289000000001,33.16611999999999],[118.49054299999999,33.149636000000015],[118.485245,33.13756700000002],[118.442562,33.10136000000001],[118.46964299999999,33.10607],[118.472293,33.095767],[118.456986,33.081343],[118.41018200000002,33.069569],[118.38280600000002,33.05897099999999],[118.356902,33.04543099999998],[118.33894599999999,33.032479],[118.36897099999999,33.02570799999999],[118.403117,33.03130099999997],[118.43432,33.044548],[118.45639699999998,33.06014899999998],[118.43902999999999,33.03983800000001],[118.415186,33.000099],[118.394286,32.98508600000001],[118.369854,32.979198999999994],[118.343067,32.979493000000005],[118.315691,32.983909000000004],[118.29125899999998,32.991267999999984],[118.26005600000002,33.01834900000001],[118.237685,33.064859],[118.228559,33.11755000000001],[118.236507,33.163175999999986],[118.21914000000001,33.19437899999999],[118.21060300000002,33.20615399999999],[118.195002,33.217927999999986],[118.173219,33.22675899999999],[118.15437900000002,33.22793599999999],[118.116406,33.22411],[118.100216,33.218222000000004],[118.071369,33.190846999999984],[118.051058,33.183781999999994],[118.031041,33.18525399999998],[117.988358,33.19526199999999],[117.965692,33.197323],[117.940671,33.196734],[117.92035999999999,33.19320099999999],[117.90210899999998,33.18407599999999],[117.88415300000001,33.16670899999999],[117.87797199999999,33.147575],[117.882093,33.12579199999997],[117.89004,33.10459799999997],[117.89386699999999,33.08752499999998],[117.87708800000001,33.05043499999999],[117.837644,33.04543099999999],[117.75728199999999,33.06014899999999],[117.767585,33.04660799999999],[117.78612999999999,33.033656],[117.80732400000001,33.02364799999999],[117.826163,33.019232],[117.84412,33.02129299999999],[117.87149599999998,33.028062999999996],[117.896811,33.03807200000001],[117.907408,33.05043499999999],[117.902992,33.12108200000001],[117.907408,33.136094999999976],[117.923598,33.14080500000001],[118.04252100000001,33.134329000000015],[118.062243,33.1358],[118.085204,33.14227600000001],[118.11729,33.15611199999998],[118.13524599999998,33.16141],[118.157617,33.163175999999986],[118.18410999999999,33.16140999999998],[118.19853400000001,33.154639999999986],[118.20530400000001,33.139922],[118.21649,33.07398400000001],[118.230914,33.02629699999999],[118.255052,32.98861800000002],[118.29125899999998,32.977726999999994],[118.29125899999998,32.970957000000006],[118.242689,32.97242800000001],[118.17263,33.034245],[118.12670899999999,33.046607999999964],[118.100216,33.0366],[118.08373200000001,33.01717199999998],[118.06960299999999,32.99362300000002],[118.051058,32.97095700000001],[117.99041900000002,32.91856],[117.97540600000002,32.895893999999984],[117.982765,32.903252999999985],[117.9757,32.89530499999998],[117.97658399999999,32.886768000000004],[117.98041,32.87705399999999],[117.982765,32.86498499999999],[117.985709,32.86027599999999],[117.992774,32.871756000000005],[118.003076,32.895893999999984],[118.01485099999998,32.904725],[118.041638,32.91738200000001],[118.05459000000002,32.92650800000002],[118.081966,32.96094799999999],[118.093446,32.96742400000001],[118.10492600000002,32.968602],[118.116112,32.97183999999999],[118.12670899999999,32.98508600000001],[118.129064,33.017172],[118.13495100000002,33.029535],[118.150847,33.022764999999985],[118.20471599999999,32.971544999999985],[118.229148,32.95771],[118.220611,32.95270599999999],[118.21060300000002,32.950057],[118.200006,32.949467999999975],[118.18882000000002,32.95035099999998],[118.19117499999999,32.934160999999996],[118.180872,32.925330000000024],[118.167626,32.91797100000001],[118.160855,32.90619600000001],[118.16320999999999,32.895893999999984],[118.168803,32.887652],[118.173513,32.87764299999999],[118.174691,32.86174700000001],[118.190881,32.871167],[118.206188,32.90089799999998],[118.222966,32.909434000000005],[118.224732,32.899132],[118.229442,32.887063000000005],[118.237979,32.87940900000001],[118.250048,32.882059],[118.253286,32.89089],[118.25593500000001,32.922386],[118.260645,32.933278],[118.266238,32.936516000000026],[118.270065,32.93475000000001],[118.27448,32.931806],[118.28095600000002,32.930039999999984],[118.288315,32.93298399999999],[118.29037600000001,32.940048000000004],[118.29125899999998,32.947113000000016],[118.294791,32.95035099999998],[118.31539700000002,32.95594400000002],[118.323344,32.95300000000002],[118.319223,32.93681000000001],[118.33364700000001,32.937988000000004],[118.409593,32.97095700000001],[118.426078,32.97566600000002],[118.46964299999999,32.979493000000005],[118.481124,32.985380000000006],[118.499963,33.009223999999996],[118.51379799999998,33.04484199999999],[118.52469,33.05661700000001],[118.544412,33.046608],[118.550299,33.05897100000002],[118.548827,33.069274],[118.54500100000001,33.078398999999976],[118.544412,33.08752499999999],[118.54941599999998,33.09664999999998],[118.556775,33.10194899999999],[118.56266199999999,33.10812999999998],[118.56531200000002,33.11872700000001],[118.564429,33.127557999999986],[118.55913,33.14257100000001],[118.558247,33.15287400000001],[118.573848,33.17759999999998],[118.578558,33.18378200000001],[118.593276,33.185548000000004],[118.60357900000001,33.17789499999999],[118.614176,33.172596000000006],[118.652149,33.19055199999999],[118.668634,33.180837999999994],[118.69571499999999,33.149636000000015],[118.69571499999999,33.14227600000001],[118.669222,33.13256200000002],[118.66068599999998,33.10577500000001],[118.668045,33.076633],[118.68835600000001,33.06014899999998],[118.685707,33.07987099999999],[118.70101400000001,33.084581],[118.72368000000002,33.083992000000016],[118.743696,33.08752499999999],[118.738104,33.109602],[118.74428500000002,33.129619000000005],[118.75812000000002,33.148458],[118.77460500000001,33.16670899999998],[118.778137,33.174362],[118.78373,33.19938300000001],[118.784613,33.207920000000016],[118.78844000000001,33.21498399999998],[118.81581600000001,33.235001],[118.821114,33.249131000000006],[118.83082800000001,33.296522999999986],[118.83612700000002,33.306826],[118.84613499999999,33.31330199999998],[118.86144199999998,33.32860900000001],[118.874983,33.345976000000014],[118.88087000000002,33.35892799999999],[118.876749,33.367465],[118.86703499999999,33.37335199999997],[118.84584100000001,33.382477999999985],[118.82759,33.39336899999999],[118.819937,33.399550999999995],[118.811989,33.40985299999998],[118.79373800000002,33.43929000000001],[118.781669,33.446059999999996],[118.668045,33.46490000000001],[118.633016,33.477557],[118.61800299999999,33.47402499999998],[118.613293,33.45135899999999],[118.606523,33.451359000000004],[118.61005500000002,33.47490799999998],[118.61947499999998,33.494629999999965],[118.622124,33.50787700000001],[118.606523,33.51288100000001],[118.612999,33.537018999999994],[118.615648,33.563216999999995],[118.606817,33.577935000000004],[118.578558,33.56733800000001],[118.58238499999999,33.583234],[118.583268,33.596185999999996],[118.58075960321233,33.5990364156826]],[[118.58075960321233,33.5990364156826],[119.15000000000002,33.72]],[[119.15000000000002,33.72],[120.63879,33.45727000000001],[120.64475137047081,33.44422838321928],[120.64475137057201,33.4442283829979],[120.65211,33.42812699999999],[120.65288443682692,33.42496031047334],[120.65577000000002,33.41315],[120.65837989425732,33.38148131540078],[120.661957,33.338039000000016],[120.667247,33.32509999999999],[120.67272285713175,33.31777571430059],[120.68002,33.30801],[120.68859223800376,33.299557295195484],[120.695079,33.293157999999984],[120.70728600000001,33.28681099999999],[120.70728883395705,33.286810606418726],[120.70729,33.28681000000002],[120.72046999999999,33.28498],[120.73788,33.27928],[120.75025,33.2696],[120.74830786731322,33.259599466015764],[120.747569,33.25580499999999],[120.742686,33.25267200000001],[120.73707099999999,33.25092200000001],[120.73544333333042,33.25002666666507],[120.73219,33.24824],[120.73218887744372,33.24823648265696],[120.732188,33.248235999999984],[120.73023499999998,33.24213300000002],[120.73146694680763,33.239427473992],[120.73250999999999,33.237129999999986],[120.74252000000001,33.22777],[120.7431745166216,33.22649578147075],[120.744395,33.22410700000001],[120.7435,33.20864500000002],[120.74008200000002,33.205512000000006],[120.73023499999998,33.20490100000001],[120.78524800000001,33.16502499999999],[120.806977,33.13776299999999],[120.792247,33.10870999999999],[120.80744500000002,33.1065125],[120.81250999999999,33.10578000000001],[120.81894,33.09219],[120.81959,33.05409999999998],[120.82244039045423,33.043362781155174],[120.8224403904899,33.043362781020804],[120.82593799999998,33.030178],[120.83114666666602,33.027140000000365],[120.83375000000001,33.025619999999975],[120.84645,33.029849999999996],[120.8548271995622,33.03085973391578],[120.867442,33.032375],[120.89014700000001,33.02610899999998],[120.89394017072972,33.01764460976054],[120.89576,33.01357999999999],[120.88852000000001,32.97772999999999],[120.88852001011897,32.977729050082104],[120.88852000000001,32.97772899999999],[120.88852084046692,32.97765110116731],[120.88867999999998,32.96271000000002],[120.89739292869217,32.908596928493495],[120.90780700000002,32.84389899999999],[120.90479600000002,32.81264899999999],[120.88030800000001,32.772031999999996],[120.85465780680325,32.757311227256025],[120.85239,32.756010000000025],[120.85239006051957,32.7560097564473],[120.852387,32.756007999999994],[120.86029600950906,32.72419334600675],[120.86141994230788,32.719670232174046],[120.86140360788345,32.71916970591262],[120.86044024582833,32.68976750278113],[120.85019,32.696601],[120.84311,32.703925],[120.841401,32.71108600000002],[120.846934,32.717677999999985],[120.840099,32.72451399999998],[120.83281081879953,32.71343308717872],[120.83017,32.709420000000016],[120.83017002665942,32.70941804053284],[120.83017,32.70941799999999],[120.8301714717833,32.70931182392739],[120.83033,32.69766000000002],[120.83964805401992,32.69027001082499],[120.863868,32.671058],[120.89397779474659,32.66306459825983],[120.90660999999999,32.659710000000004],[120.91039943945634,32.63528091208871],[120.911199,32.630121],[120.91119995807462,32.63012027027704],[120.9112,32.63012000000002],[120.94389,32.60522000000002],[120.95612141414175,32.60125156817115],[120.97502099999998,32.59511499999998],[121.02070599999999,32.568522],[121.02070987608818,32.56852007213953],[121.02070999999998,32.568519999999985],[121.04278000000001,32.55754000000001],[121.06625000000001,32.54400999999999],[121.08206439950547,32.537688998793456],[121.08458302383498,32.53668157432621],[121.08619152063719,32.53603819174031],[121.09872,32.521139999999995],[121.10084000000002,32.49795000000001],[121.10768000000002,32.49795000000001],[121.12021000000001,32.50739],[121.12916774014313,32.50453948026215],[121.157256,32.49559600000002],[121.17380000000001,32.48762500000001],[121.18746528542181,32.48070090552864],[121.19150999999998,32.47865],[121.2151,32.47266000000002],[121.27171000000001,32.44772999999999],[121.35413999999999,32.41482000000002],[121.37223627043824,32.39949435219763],[121.38940900000001,32.384948],[121.401117,32.352132],[121.41602600000002,32.268948],[121.41773500000001,32.25527600000002],[121.41896237992863,32.25133504659395],[121.41927959319226,32.25031131287955],[121.415782,32.248603],[121.41104960921348,32.247289735506584],[121.4017,32.24470000000001],[121.39056900356246,32.2433091935852],[121.37720800000001,32.24164500000001],[121.36832247805293,32.23937156582683],[121.36671,32.23896000000001],[121.3657333333345,32.23773833333478],[121.36085000000001,32.231635000000004],[121.3608527063976,32.231633385306175],[121.36085000000001,32.23162999999999],[121.36801,32.22736000000001],[121.39869000000002,32.16893000000002],[121.41526725591702,32.165871511951764],[121.42301784182779,32.16444089603375],[121.4251404235823,32.164049106396135],[121.43116,32.15135000000001],[121.43209077326468,32.13473854653144],[121.43214000000002,32.133857],[121.44337,32.114324999999994],[121.44947400000001,32.112737999999986],[121.456147,32.11554599999997],[121.462413,32.11969599999999],[121.46528397672918,32.12091659137615],[121.46729999999998,32.121770000000005],[121.47299,32.119610000000016],[121.48193999999998,32.11026000000001],[121.48194026035897,32.11025990966265],[121.481944,32.110256],[121.48804800000002,32.10813999999999],[121.48804916707299,32.108140289002506],[121.48805,32.108140000000006],[121.48885744593225,32.108340443252494],[121.49659300000002,32.110256],[121.530812,32.108519],[121.55423800000001,32.102498000000004],[121.57482930307516,32.09455451538415],[121.59425,32.08706],[121.6056620699514,32.082557044687846],[121.60700620020278,32.08202637319699],[121.61416962369101,32.07919820634467]],[[121.61416962369101,32.07919820634467],[121.55016000000002,31.774100000000004]],[[121.55016000000002,31.774100000000004],[121.54362729774701,31.77567899438343],[121.52906300000001,31.779201999999984],[121.51742753471093,31.783432442007214],[121.51626979316106,31.784579250006264],[121.50790400000001,31.792873],[121.500730557,31.801899622805426],[121.50050000000002,31.80218999999999],[121.50049948182196,31.802190393704684],[121.50049900000002,31.802191],[121.494884,31.806464000000013],[121.48161332198497,31.81055599621774],[121.48024000000001,31.810979999999994],[121.45594540192384,31.82220220493597],[121.45594540167647,31.822202205050232],[121.41602600000002,31.84064400000001],[121.37578202036993,31.858027878049644],[121.3757820199333,31.858027878238275],[121.3174,31.883250000000015],[121.28642,31.890590000000007],[121.28270221325971,31.889022511020872],[121.227864,31.86590399999999],[121.21691764505839,31.85842917185442],[121.18515000000001,31.836740000000002],[121.15822504566124,31.821209919999564],[121.11508700000002,31.796333999999977],[121.10044101949164,31.79916512056908],[121.08662,31.80183999999996],[121.07551336650297,31.807189167557866],[121.062413,31.813500999999995],[121.039935,31.819331999999992],[121.01759525637763,31.820267076917013],[121.00536999999998,31.82078],[121.00536559498916,31.820778975095493],[121.005365,31.820778999999995],[121.00435731017701,31.820544379609228],[120.97781999999998,31.81437],[120.95063,31.82524],[120.9443365086373,31.83737075147466],[120.940564,31.84464699999998],[120.9419705800232,31.85741657250567],[120.94313,31.867909999999984],[120.94313,31.875309999999995],[120.94390741141845,31.879553751743114],[120.944835,31.884589000000005],[120.94216484867057,31.89078784458721],[120.94142,31.89251999999999],[120.94141859182817,31.892520304518314],[120.94141700000002,31.892523999999987],[120.92579200000002,31.895901000000002],[120.92048600910938,31.89871901819994],[120.91928071658224,31.899359619143684],[120.917634892708,31.902955023696485],[120.9163336466063,31.905797676687207],[120.91090000000001,31.917670000000008],[120.90553,31.925969999999978],[120.89473758724097,31.938027666609813],[120.846934,31.991440999999995],[120.81080200000001,32.022610000000014],[120.743644,32.03604500000001],[120.6548629686249,32.06932935544059],[120.63438,32.07701],[120.63437604592927,32.07700998278093],[120.634376,32.07701],[120.565488,32.07671300000001],[120.522361,32.08260099999999],[120.490758,32.08245300000002],[120.43451903243567,32.05607196754847],[120.43451903223519,32.056071967454436],[120.42782,32.05293],[120.36158,32.02557999999999],[120.3003,31.971670000000014],[120.26710000000001,31.94868],[120.22372,31.936840000000004],[120.18945834964474,31.936718276268333],[120.175873,31.93667200000002],[120.131358,31.943182999999976],[120.090099,31.955024000000016],[120.05233799999999,31.970932999999985],[120.02003,31.990789999999997],[119.99204000000002,32.01585999999998],[119.9214,32.108550000000015],[119.91639015191745,32.11681080384915],[119.912201,32.123725],[119.9101032338583,32.13220797844532],[119.90846000000002,32.13886],[119.91010631187075,32.15146212539151],[119.910981,32.15814900000001],[119.921153,32.196479000000004],[119.92207347099647,32.21622154834291],[119.92213,32.21742999999999],[119.92212980544394,32.21742982710121],[119.92213,32.217433999999976],[119.91213836690228,32.20855059950115],[119.90048077729938,32.1981906907732],[119.88754300000001,32.21385300000001],[119.87752555763116,32.25257100001883],[119.87428,32.26512000000001],[119.8742781403422,32.26512245756921],[119.87427799999999,32.26512300000001],[119.86215300000002,32.28115500000002],[119.84213300000002,32.29905800000001],[119.84213054149262,32.299059515577795],[119.84213,32.29905999999999],[119.81837,32.31370999999999],[119.79518,32.31977],[119.79423834720176,32.31987423146969],[119.781993,32.321234000000004],[119.758067,32.326972],[119.75347200000603,32.32705117937841],[119.74391,32.327219999999976],[119.69239238222622,32.319770344479494],[119.68682679554749,32.3228737955343],[119.67685,32.32844],[119.66090000000001,32.34577000000001],[119.6608998003869,32.34577013021715],[119.660899,32.34577100000002],[119.64088000000001,32.35883200000001],[119.62061212669286,32.355739149320655],[119.61288,32.35455999999998],[119.62507007413971,32.348330042353076],[119.649018,32.336085999999995],[119.660737,32.32721600000001],[119.678559,32.30622000000001],[119.68025998231383,32.30278767846156],[119.68539,32.292429999999975],[119.68093942951425,32.28846892786],[119.678477,32.28628199999998],[119.67603600000001,32.278062],[119.662603683642,32.25099354420023],[119.65455000000001,32.23476999999999],[119.6513596035585,32.22598919822074],[119.649018,32.21954999999999],[119.635753,32.21100499999999],[119.6218294235523,32.20564930583924],[119.61988,32.20489999999999],[119.60605,32.19693],[119.60605370418276,32.19692871166299],[119.60604899999998,32.19692600000001],[119.62769600000001,32.18939900000001],[119.6276995227852,32.18940016597817],[119.6277,32.189400000000006],[119.62892452363646,32.18980561909869],[119.645274,32.195217000000035],[119.65518696862947,32.20390504706057],[119.65976,32.207909999999984],[119.67132304860803,32.22042690278615],[119.67164026765472,32.22077020743242],[119.67354202246584,32.22224406741101],[119.69044,32.23533800000001],[119.70142700000001,32.23346600000001],[119.71084650498476,32.2239395149735],[119.71217000000001,32.2226],[119.7157948167673,32.22019281675664],[119.730235,32.210598000000005],[119.75513799999999,32.20587800000001],[119.77857499999999,32.20465699999999],[119.7885790319166,32.198638590389436],[119.76376000000002,32.16249999999999],[119.76440999999998,32.14374000000001],[119.77247,32.12677999999998],[119.77247019167321,32.126779808326795],[119.77247199999998,32.126776000000014],[119.784923,32.114325],[119.82847544371002,32.09746644697806],[119.85556,32.086980000000025],[119.86695,32.07709000000001],[119.90716000000002,32.04538000000002],[119.93850000000002,32.01803999999999],[119.95607342859296,31.996831223062536],[119.96122200000002,31.990616000000013],[119.97867999999998,31.96895699999999],[119.99434654812642,31.958413903750408],[120.00015675675675,31.954502702702687],[120.0064,31.950299999999995],[120.03883000000002,31.94306],[120.08489000012285,31.927679999958976],[120.130951,31.912299],[120.1416084428885,31.910477082191797],[120.17831,31.904199999999992],[120.18303206856478,31.904627617664147],[120.22999000000002,31.908880000000025],[120.34117000000002,31.95632],[120.41822,31.969670000000015],[120.41925445399377,31.97007639264039],[120.432221,31.97516500000001],[120.455781,31.98251900000002],[120.45542759355855,31.987016445151205],[120.45416,32.003190000000004],[120.45486047914466,32.013411391678886],[120.455412,32.021428],[120.46291905187857,32.0234032593715],[120.46949000000001,32.02513],[120.51783,32.01874],[120.60426000000001,31.991439999999976],[120.62029178051161,31.993246775567922],[120.67001400000001,31.998847],[120.68995200000002,31.998235999999984],[120.75035149842819,31.97833682416607],[120.77343270510177,31.929417510666543],[120.779818,31.915882999999994],[120.807447,31.873769999999997],[120.82479900000001,31.828702000000014],[120.81256426687011,31.81509357770426],[120.80775111153466,31.809741236052613],[120.75147751149743,31.824692332730777],[120.73854,31.836820000000007],[120.73213261184003,31.84494228948237],[120.72763099999999,31.850653000000023],[120.717133,31.861070000000023],[120.71713342754273,31.861066598571867],[120.71713,31.861070000000023],[120.7184248705813,31.850792185277133],[120.72079499999998,31.83193600000002],[120.73145600000001,31.81387],[120.73829021019881,31.809171202912868],[120.74371185962806,31.805441415716835],[120.74838,31.802229999999984],[120.78190596768127,31.792411451514806],[120.83189900000002,31.777765999999993],[120.88653497918993,31.765329479210617],[120.89536000000001,31.76331999999996],[120.92193000006293,31.760599999993552]],[[114.316754,30.37790300000001],[114.330884,30.392031999999993],[114.34413,30.387616999999985],[114.35537144684483,30.415840466292387],[114.357965,30.42235199999999],[114.36109410351732,30.412740693928107],[114.362086,30.409694000000002],[114.364441,30.396741999999996],[114.368857,30.384379000000038],[114.378571,30.374665000000018],[114.37916,30.382318000000012],[114.38514023128268,30.399715708055208],[114.385636,30.40115800000001],[114.39064,30.396741999999985],[114.39112933971296,30.39647160765549],[114.401826,30.390561],[114.405652,30.38761700000001],[114.40582117506808,30.38851353017146],[114.41154,30.418820000000014],[114.412423,30.456498000000003],[114.41036200000002,30.45885300000001],[114.405947,30.462974000000006],[114.401531,30.464739999999985],[114.399471,30.46003099999999],[114.38799,30.435893000000004],[114.362381,30.44148600000001],[114.334416,30.460618999999987],[114.316166,30.47710399999998],[114.309101,30.454143000000002],[114.30808197126335,30.44145559889901],[114.303214,30.380847000000003],[114.309984,30.38761699999999],[114.316754,30.37790300000001]],[[114.438327,30.366422999999998],[114.42773,30.366128000000014],[114.419782,30.354059000000007],[114.421254,30.342578999999997],[114.429496,30.334042999999983],[114.44127,30.328155000000002],[114.453928,30.32609499999998],[114.48748600000002,30.330215999999993],[114.502498,30.329922],[114.513978,30.31579200000003],[114.527225,30.310494000000006],[114.542826,30.306960999999998],[114.556367,30.30578399999998],[114.546064,30.29430399999999],[114.515156,30.299601999999997],[114.501615,30.278702],[114.485719,30.28252900000001],[114.453928,30.298718999999977],[114.447158,30.291359999999987],[114.433617,30.305784000000013],[114.435972,30.29342000000003],[114.443037,30.282823000000004],[114.453928,30.27517],[114.467469,30.271343],[114.467469,30.26486700000001],[114.453339,30.266339000000002],[114.44745200000001,30.267810999999995],[114.440387,30.271342999999998],[114.42861300000001,30.264277999999983],[114.41154,30.27016600000003],[114.371506,30.291359999999987],[114.382692,30.284590000000012],[114.389462,30.274876],[114.391228,30.263394999999985],[114.385636,30.25044300000001],[114.39535,30.247794000000006],[114.401531,30.242494999999995],[114.406241,30.236314000000014],[114.412423,30.22983800000001],[114.412423,30.223656000000005],[114.399471,30.22983800000001],[114.3927,30.214825000000012],[114.383281,30.205994000000004],[114.373272,30.20746600000001],[114.364736,30.223656000000005],[114.357965,30.223656000000005],[114.351784,30.212765],[114.342953,30.208348999999995],[114.334711,30.202755999999997],[114.330589,30.18892100000002],[114.345602,30.191276000000013],[114.366796,30.188626999999997],[114.382692,30.182151],[114.382103,30.171847999999965],[114.36974,30.159485000000018],[114.362381,30.14712099999999],[114.36032,30.13446400000001],[114.364736,30.120629000000008],[114.364736,30.126809999999978],[114.36561900000001,30.122395],[114.367091,30.118273999999996],[114.367385,30.113563999999986],[114.364736,30.107088000000022],[114.371506,30.107088000000005],[114.401531,30.165077999999998],[114.412423,30.175380000000025],[114.42979,30.17302600000001],[114.439504,30.158601999999995],[114.438915,30.140350999999992],[114.426258,30.126809999999978],[114.440093,30.11474099999999],[114.422137,30.08206699999999],[114.440387,30.072941999999998],[114.440976,30.06940899999998],[114.440976,30.068526]],[[114.440976,30.068526],[114.46481900000002,30.087953999999993],[114.476888,30.11945100000001],[114.481598,30.18538899999999],[114.471295,30.219535000000008],[114.472767,30.232487000000003],[114.491901,30.220124000000002],[114.504559,30.213648000000003],[114.515744,30.218652],[114.529285,30.226893999999998],[114.550185,30.22983800000001],[114.546358,30.219828999999976],[114.543415,30.195692000000026],[114.540177,30.187448999999987],[114.531346,30.168904000000005],[114.529874,30.161840000000012],[114.53782200000002,30.133875],[114.548713,30.134757999999998],[114.577561,30.175380000000008],[114.612885,30.11385799999999],[114.62201,30.078828999999992],[114.63172400000002,30.064405000000008],[114.643204,30.061755999999985],[114.65262400000002,30.079712],[114.65350700000002,30.098551000000008],[114.650269,30.121216999999987],[114.643793,30.140057],[114.63525599999998,30.148005],[114.62201,30.158013],[114.61700600000002,30.200695999999976],[114.59757800000001,30.209527000000005],[114.59757800000001,30.216297000000004],[114.613179,30.215413999999992],[114.62701399999999,30.210704],[114.65262400000002,30.195692000000005],[114.643793,30.221596000000005],[114.639083,30.22983800000001],[114.63231300000001,30.23837400000001],[114.614651,30.25427],[114.604642,30.268105000000002],[114.60434800000002,30.278408000000027],[114.60621723777791,30.279965662870286],[114.613179,30.285766999999993],[114.63172400000002,30.291360000000015],[114.63172400000002,30.298718999999977],[114.608764,30.315202999999997],[114.59404499999998,30.32285699999999],[114.543415,30.332277000000023],[114.539294,30.339635999999995],[114.538116,30.354647999999997],[114.536056,30.360241000000006],[114.529285,30.36848300000001],[114.526636,30.37260400000001],[114.522809,30.374370999999993],[114.494256,30.37554799999999],[114.485131,30.374665000000018],[114.481598,30.371133],[114.47836,30.36671700000001],[114.47159,30.368778000000002],[114.464525,30.372899],[114.46011,30.37466500000003],[114.458049,30.369955],[114.45647551722841,30.361075761501233],[114.453928,30.3467],[114.448335,30.358475000000002],[114.438327,30.366422999999998]],[[114.436855,30.067054000000006],[114.440093,30.06734900000002],[114.440976,30.068526]],[[114.440976,30.068526],[114.436855,30.067054000000006]],[[114.435972,30.067054000000006],[114.433617,30.06617100000002],[114.435677,30.066465999999995],[114.436855,30.067054000000006]],[[114.436855,30.067054000000006],[114.435972,30.067054000000006]],[[114.657334,30.236608],[114.665576,30.22983799999999],[114.679411,30.233076000000022],[114.70973,30.205110999999974],[114.727687,30.195692000000026],[114.728864,30.205699999999993],[114.73203443334904,30.211814681935923],[114.73298500000001,30.213648000000013],[114.73975599999999,30.219535000000004],[114.74888099999998,30.223655999999988],[114.75388500000001,30.214237000000008],[114.755063,30.209527000000005],[114.76183300000001,30.223656000000005],[114.766543,30.218652],[114.772724,30.214236999999997],[114.77566800000001,30.209527000000005],[114.78920900000001,30.216297000000004],[114.78920900000001,30.223655999999988],[114.77419600000002,30.230131999999983],[114.76389300000001,30.23837400000001],[114.75270800000001,30.24396700000001],[114.73475099999999,30.244262000000028],[114.74181599999999,30.26545600000003],[114.73975599999999,30.279880000000016],[114.720916,30.313142999999982],[114.733574,30.30931600000001],[114.750353,30.289593999999983],[114.765365,30.28517799999999],[114.77301900000002,30.278702],[114.77625699999999,30.266045000000005],[114.781555,30.25809700000002],[114.79656800000001,30.26486700000001],[114.788031,30.272225999999993],[114.78302699999999,30.282529000000018],[114.785088,30.292537],[114.79656800000001,30.298718999999984],[114.79391900000002,30.295774999999985],[114.79833399999998,30.291360000000008],[114.806282,30.286943999999995],[114.813641,30.28517799999999],[114.822178,30.28517799999999],[114.82776999999999,30.284295000000004],[114.830125,30.280173999999988],[114.830714,30.27134300000002],[114.837779,30.27134300000002],[114.83836800000002,30.291653999999994],[114.849259,30.297542],[114.859267,30.301074000000003],[114.857501,30.313142999999982],[114.853674,30.31373200000001],[114.830714,30.326094999999974],[114.82688700000001,30.33286500000001],[114.82570999999999,30.341402],[114.821883,30.345816999999993],[114.80981400000002,30.339635999999995],[114.79774499999999,30.350820999999996],[114.785088,30.35288199999999],[114.778023,30.34640600000001],[114.78302699999999,30.332277000000037],[114.771547,30.336985999999992],[114.75918400000002,30.346112],[114.75005799999998,30.355531000000003],[114.74888099999998,30.360241000000006],[114.73946100000002,30.35405899999999],[114.717384,30.322562999999978],[114.707376,30.31785299999998],[114.673229,30.309315999999995],[114.66881400000001,30.313142999999982],[114.66204300000001,30.30166300000001],[114.662338,30.291360000000008],[114.679411,30.298718999999984],[114.68677,30.291360000000015],[114.68206000000002,30.287238999999996],[114.67676199999998,30.28076300000002],[114.673229,30.277819000000015],[114.673229,30.27134300000002],[114.700605,30.27134300000002],[114.700605,30.264866999999988],[114.68323799999999,30.260746000000005],[114.66322100000001,30.25868500000003],[114.65250845008,30.25489125620668],[114.64909100000001,30.253681],[114.650269,30.24102399999996]],[[114.650269,30.24102399999996],[114.657334,30.236608]],[[114.646442,30.24308399999999],[114.645265,30.244261999999992],[114.65262400000002,30.23660800000001],[114.650269,30.24102399999996]],[[114.650269,30.24102399999996],[114.646442,30.24308399999999]],[[114.895474,30.093842],[114.90518800000001,30.087071],[114.91902300000001,30.085010999999998],[114.933153,30.086482],[114.943161,30.08412800000001],[114.967593,30.072941999999998],[114.974069,30.075001999999994],[114.97777318918918,30.078706189189205],[114.98319499999998,30.08412800000001],[114.98849300000002,30.086482],[114.99438100000002,30.08589400000001],[115.005272,30.08089],[115.00909899999999,30.07971199999998],[115.041479,30.086187999999982],[115.05060400000002,30.086481999999986],[115.06031800000001,30.082361000000002],[115.06649999999999,30.07559099999999],[115.072976,30.072941999999998],[115.08475,30.079712],[115.09564200000001,30.070880999999996],[115.11507000000002,30.066760000000006],[115.136558,30.067054000000006],[115.15304300000001,30.072941999999998],[115.161874,30.082066999999967],[115.17305999999999,30.100318000000016],[115.181007,30.107088000000005],[115.19072099999998,30.10944300000001],[115.214271,30.108265000000014],[115.220452,30.107088000000022],[115.2075,30.13799599999999],[115.176592,30.146237999999972],[115.14068,30.14182299999997],[115.112126,30.13446400000001],[115.08151200000002,30.133581000000007],[115.04648300000001,30.137996000000005],[115.01292500000001,30.135347000000014],[114.98849300000002,30.11385799999999],[114.98555,30.11915700000001],[114.977896,30.128870999999997],[114.97495299999999,30.13446400000001],[114.96582700000002,30.11474099999999],[114.954936,30.108854],[114.94728200000002,30.117390999999998],[114.94757699999998,30.140645000000003],[114.919612,30.140645000000003],[114.91784600000001,30.125043999999992],[114.90872100000001,30.117390999999998],[114.90743793799473,30.116804450252843],[114.898418,30.112680999999988],[114.892825,30.107087999999997],[114.895474,30.093842]],[[113.938202,29.99169700000001],[113.926427,29.997290000000007],[113.92907700000002,29.98698699999998],[113.932904,29.976979000000014],[113.940557,29.970503000000004],[113.953803,29.969913999999996],[113.949094,29.953429999999994],[113.947033,29.94871999999999],[113.960279,29.952841],[113.976764,29.97226899999999],[113.992071,29.976684999999996],[114.000019,29.969913999999996],[114.015031,29.92899800000001],[114.002962,29.91692900000001],[113.988538,29.910747],[113.953803,29.901622],[113.957336,29.898089],[113.958808,29.89455700000002],[113.95910200000002,29.891024999999985],[113.960574,29.887492000000012],[113.960574,29.88484300000002],[113.961751,29.877484],[113.964106,29.87159699999999],[113.967933,29.866887000000006],[113.980002,29.876306],[113.989421,29.878660999999976],[113.998252,29.878366999999994],[114.008261,29.879838999999986],[114.014148,29.883076999999997],[114.026511,29.892202000000005],[114.032104,29.893968],[114.039758,29.89544],[114.040641,29.898678],[114.039463,29.903093999999985],[114.042113,29.907802999999998],[114.060658,29.921639000000006],[114.070077,29.934295999999996],[114.069194,29.951075000000003],[114.05624200000001,29.97668499999999],[114.07508100000001,29.969913999999978],[114.084795,29.955490000000005],[114.097159,29.921932999999992],[114.105107,29.914278999999997],[114.111583,29.911335999999995],[114.115998,29.905743],[114.11776400000001,29.89073],[114.115998,29.87925],[114.113054,29.869241999999986],[114.11276,29.85893900000002],[114.11776400000001,29.846280999999998],[114.125123,29.84981400000001],[114.130716,29.855701],[114.135132,29.863353999999987],[114.13807500000001,29.873657000000012],[114.160741,29.851580000000002],[114.165746,29.861587999999987],[114.157798,29.886903999999994],[114.131305,29.92693700000001],[114.128067,29.942538000000006],[114.127773,29.958727999999997],[114.12424,29.976684999999996],[114.11776400000001,29.990519999999993],[114.099514,30.009948],[114.090388,30.024372000000007],[114.098042,30.03585199999999],[114.088328,30.034674],[114.06625,30.02437199999999],[114.058597,30.019662000000004],[114.039463,29.996701000000005],[114.028277,29.989637000000002],[114.02474500000001,29.993758000000003],[114.015325,30.00141100000002],[114.006495,30.005827000000004],[114.002079,30.000527999999992],[114.000313,29.997584999999997],[113.995897,29.991697000000002],[113.99001,29.986104],[113.985006,29.983454999999996],[113.95498100000002,29.987281999999997],[113.938202,29.99169700000001]],[[114.177814,30.122688999999973],[114.158681,30.099434999999986],[114.15191,30.11385799999999],[114.147495,30.104732999999978],[114.145434,30.092958000000017],[114.145729,30.06617100000002],[114.147201,30.059400999999998],[114.151616,30.04939299999999],[114.15191,30.04497699999998],[114.148672,30.03938399999997],[114.143963,30.034380000000013],[114.139841,30.031436],[114.13807500000001,30.032025],[114.137192,30.008181999999998],[114.140136,29.98051100000002],[114.147201,29.953136000000008],[114.158681,29.92899800000001],[114.15191,29.93517900000001],[114.162802,29.921049999999983],[114.17958100000001,29.909570000000002],[114.19959700000001,29.900738999999994],[114.220792,29.893968],[114.242869,29.890435999999998],[114.25641,29.893968],[114.265829,29.904564999999995],[114.275838,29.921932999999992],[114.2517,29.931353000000016],[114.218142,29.940477999999988],[114.201364,29.951957999999987],[114.227562,29.969913999999996],[114.23815900000001,29.96549900000001],[114.244929,29.96844200000001],[114.246401,29.975506999999986],[114.241691,29.983454999999996],[114.275543,29.98374899999999],[114.28879,29.98934199999998],[114.296443,30.004061],[114.302036,30.004061],[114.306452,30.012303],[114.30969,30.024666],[114.309984,30.038207],[114.305274,30.036441000000007],[114.29408800000002,30.033790999999987],[114.289673,30.032025],[114.29408800000002,30.040562000000005],[114.294971,30.045272000000008],[114.2935,30.050275999999997],[114.289673,30.058812000000003],[114.28408,30.047921000000006],[114.278193,30.038501000000014],[114.270834,30.030552999999987],[114.261708,30.024372000000007],[114.25641,30.039384000000002],[114.255527,30.04497699999996],[114.250817,30.034674],[114.248756,30.052336000000007],[114.243163,30.075296999999985],[114.227562,30.079712],[114.22403,30.102673000000003],[114.234627,30.11621299999999],[114.249934,30.126516000000017],[114.261708,30.140645000000003],[114.229623,30.15448100000001],[114.201658,30.144766999999995],[114.177814,30.122688999999973]],[[114.11069900000001,30.204817],[114.111288,30.208348999999995]],[[114.111288,30.208348999999995],[114.11099400000002,30.20893800000001],[114.11069900000001,30.209232],[114.11069900000001,30.204817]],[[114.132482,30.18892100000002],[114.172222,30.177147000000016],[114.214021,30.17302600000001],[114.241691,30.175380000000033],[114.23551000000002,30.181562],[114.23256600000002,30.185094000000014],[114.229328,30.187154999999976],[114.220792,30.18892100000002],[114.220792,30.195691999999987],[114.23403800000001,30.195985999999998],[114.244341,30.20098999999997],[114.261708,30.216297000000004],[114.261708,30.223656000000005],[114.253172,30.223067000000007],[114.235804,30.224244999999996],[114.227562,30.223655999999988],[114.227562,30.22983800000001],[114.241691,30.22983800000001],[114.23551000000002,30.23925700000001],[114.228151,30.243673],[114.219614,30.247204999999997],[114.210195,30.25427],[114.20695700000002,30.262512000000008],[114.210783,30.271049],[114.216671,30.278702],[114.220792,30.28517799999999],[114.225501,30.30284],[114.226679,30.31755800000001],[114.219909,30.322857000000003],[114.200186,30.313143],[114.19371,30.306078],[114.181641,30.286943999999995],[114.17958100000001,30.281352000000002],[114.176048,30.277819000000015],[114.160741,30.254859000000003],[114.158681,30.250443000000022],[114.126595,30.234842],[114.115409,30.225717],[114.111288,30.208348999999995]],[[114.111288,30.208348999999995],[114.132482,30.18892100000002]],[[116.167127,28.531062000000013],[116.189793,28.544014000000008],[116.194503,28.554612000000002],[116.202451,28.56079300000002],[116.21952399999999,28.548724000000004],[116.24307300000001,28.523702999999998],[116.244839,28.56197099999999],[116.24307300000001,28.571979000000006],[116.235714,28.578161000000016],[116.22600000000001,28.57992700000002],[116.216286,28.582870999999987],[116.208044,28.59258499999998],[116.190676,28.58051599999998],[116.16948200000002,28.569330000000008],[116.14769900000002,28.561088],[116.129743,28.557849999999995],[116.10560500000001,28.549313000000012],[116.094419,28.528412999999986],[116.09118100000002,28.50133199999999],[116.09147600000001,28.47513300000001],[116.09795199999999,28.497211000000004],[116.109432,28.522231999999974],[116.12209,28.535478000000005],[116.13298100000002,28.523702999999987],[116.130332,28.50074300000001],[116.107077,28.451584],[116.11208100000002,28.428624000000003],[116.11738,28.425680000000003],[116.133275,28.41361100000001],[116.139751,28.40684100000001],[116.136808,28.423914000000003],[116.129449,28.44304800000001],[116.12886,28.45805999999999],[116.145933,28.46218099999998],[116.154175,28.454822000000004],[116.187733,28.40684100000001],[116.201273,28.413317000000006],[116.215697,28.40890100000001],[116.23129900000002,28.402131],[116.24896000000001,28.400659000000005],[116.235714,28.430389999999992],[116.23277,28.434805000000004],[116.201568,28.43245],[116.194503,28.434805000000015],[116.171248,28.495150000000002],[116.160651,28.512812000000014],[116.16035700000002,28.523702999999998],[116.167127,28.531062000000013]],[[116.344629,28.441576000000005],[116.349339,28.455116000000015],[116.359347,28.46453600000001],[116.372299,28.46777399999999],[116.386134,28.462180999999998],[116.38966699999999,28.477194000000004],[116.377598,28.488085000000016],[116.36023,28.494267000000022],[116.34786700000001,28.496327000000015],[116.34256799999999,28.505158000000016],[116.342863,28.521348000000025],[116.352282,28.53017899999998],[116.37259299999998,28.516933000000016],[116.388195,28.523702999999998],[116.40467900000002,28.522525999999992],[116.417042,28.513401],[116.42086899999998,28.496327],[116.42528499999999,28.498387999999988],[116.43647,28.50133199999999],[116.440886,28.503097999999998],[116.43941400000001,28.489851],[116.442358,28.479254000000015],[116.44942200000001,28.47219],[116.46119700000001,28.468952000000005],[116.45530999999998,28.50133199999999],[116.43470400000001,28.534300000000005],[116.41027200000002,28.553434000000014],[116.393199,28.544014000000008],[116.386134,28.544014000000008],[116.38848900000002,28.565209000000017],[116.393199,28.585225],[116.38201300000001,28.578161000000016],[116.37436,28.571390000000008],[116.36906100000002,28.563442000000013],[116.365823,28.55166799999999],[116.35817,28.558144000000002],[116.351399,28.565209000000003],[116.344923,28.560499000000014],[116.338447,28.557849999999995],[116.33609200000001,28.607597000000005],[116.32608400000001,28.621726999999993],[116.30018,28.626730999999992],[116.27928,28.620549000000004],[116.27162600000001,28.604948],[116.26956600000001,28.55785000000001],[116.27721900000002,28.563442000000013],[116.280163,28.566386000000016],[116.28310700000002,28.571979000000006],[116.289288,28.571979000000006],[116.275748,28.52841299999999],[116.27251,28.508102000000004],[116.27633600000001,28.489557000000026],[116.280457,28.49220600000001],[116.28310700000002,28.496327],[116.289583,28.47954899999999],[116.30018,28.469539999999984],[116.31430900000001,28.464242000000002],[116.331088,28.462180999999998],[116.314898,28.435688000000003],[116.313721,28.421264999999995],[116.331088,28.414494000000005],[116.331088,28.40684100000001],[116.353165,28.403602999999976],[116.36287899999999,28.40389700000001],[116.37259299999998,28.40684100000001],[116.364646,28.412138999999996],[116.354932,28.41979299999999],[116.34727800000002,28.42980100000001],[116.344629,28.441576000000005]],[[116.60543500000001,29.236947999999995],[116.61897599999999,29.236947999999995],[116.606613,29.247249999999998],[116.58836200000002,29.245484000000005],[116.570406,29.248132999999996],[116.558043,29.271094000000012],[116.558337,29.259025000000012],[116.555394,29.252254999999998],[116.55038899999998,29.251371000000002],[116.543325,29.257259],[116.537143,29.257259],[116.54126399999998,29.246073],[116.541853,29.229293999999996],[116.536554,29.213987],[116.523308,29.208983000000007],[116.516243,29.21663600000001],[116.514477,29.231355000000022],[116.51035600000002,29.245190000000008],[116.49563800000001,29.250488000000008],[116.50594000000001,29.22311199999999],[116.50005299999998,29.20456799999998],[116.48857300000002,29.202506999999994],[116.47709299999998,29.249311000000006],[116.463552,29.269622000000023],[116.445596,29.280808000000007],[116.42734499999999,29.277863999999994],[116.43205500000002,29.273449],[116.437059,29.266973000000014],[116.440886,29.264029000000008],[116.43647,29.254609],[116.43558699999998,29.24430699999999],[116.43823700000002,29.234593000000007],[116.444713,29.226351],[116.44706799999999,29.221346000000008],[116.445596,29.21516499999998],[116.442358,29.20780600000001],[116.440886,29.198975],[116.434999,29.183962000000015],[116.422047,29.17601400000002],[116.407917,29.176603],[116.399381,29.188378000000004],[116.393199,29.188378000000004],[116.394671,29.175131],[116.39732,29.163357000000005],[116.39790900000001,29.15217100000001],[116.393199,29.140691000000004],[116.379658,29.15482],[116.372888,29.15011000000001],[116.365823,29.147460999999993],[116.364646,29.166888999999987],[116.33933000000002,29.13980700000001],[116.324906,29.140691000000004],[116.324023,29.156880999999995],[116.33815300000002,29.17130400000001],[116.365823,29.188378000000004],[116.36994399999999,29.196325000000012],[116.378775,29.221640999999988],[116.379658,29.229293999999996],[116.372299,29.23871399999999],[116.366412,29.232826999999983],[116.359053,29.216342000000004],[116.34786700000001,29.221640999999995],[116.34639500000002,29.228411000000015],[116.34610100000002,29.23577],[116.338447,29.243129000000014],[116.331971,29.241657],[116.32549500000002,29.236064999999982],[116.316664,29.232238000000002],[116.30371200000002,29.236948000000005],[116.305478,29.228705],[116.305478,29.22429000000001],[116.306656,29.22075800000001],[116.31048300000002,29.216342000000004],[116.29605900000001,29.209571999999984],[116.28075200000002,29.210454999999996],[116.266328,29.215753000000003],[116.255142,29.223112],[116.246017,29.234593000000007],[116.23600800000001,29.258435999999993],[116.22923799999998,29.264029000000022],[116.22394,29.262852000000006],[116.217169,29.25843599999998],[116.20480599999999,29.246662000000008],[116.19685800000002,29.24224600000001],[116.18920500000002,29.244601000000007],[116.181845,29.24872200000001],[116.174192,29.250488000000008],[116.14004600000001,29.244012000000005],[116.12415,29.247249999999998],[116.12621100000001,29.264029000000008],[116.130626,29.264029000000008],[116.166244,29.27374300000002],[116.16182900000001,29.279630000000004],[116.145933,29.290816000000017],[116.12356099999998,29.312305000000006],[116.12032300000001,29.324962],[116.13298100000002,29.339386000000008],[116.145639,29.342035999999997],[116.187733,29.339386000000008],[116.19803500000002,29.347923000000005],[116.20657200000001,29.35645900000002],[116.21422500000001,29.358225999999995],[116.221879,29.346156999999994],[116.22570600000002,29.363818999999992],[116.223056,29.380892000000006],[116.208044,29.415038000000006],[116.18478900000001,29.38795599999999],[116.150643,29.37353299999999],[116.114142,29.367644999999985],[116.081467,29.36646800000001],[116.06174500000002,29.38383499999999],[116.08029,29.418276],[116.115614,29.443886],[116.145933,29.43476000000002],[116.15093699999998,29.443591],[116.152998,29.452422000000002],[116.151232,29.460958999999995],[116.145933,29.469494999999988],[116.152115,29.47773699999998],[116.168893,29.495693999999993],[116.17065999999998,29.500698000000003],[116.166244,29.506585000000012],[116.16241700000002,29.514533],[116.15711900000001,29.521302999999996],[116.14976,29.52424699999999],[116.145639,29.533667000000005],[116.152115,29.554271999999997],[116.167127,29.585769],[116.179491,29.574878000000005],[116.186261,29.564869000000016],[116.195681,29.556627000000013],[116.215697,29.552212000000008],[116.207161,29.562808999999994],[116.195386,29.581059000000007],[116.187733,29.598426999999987],[116.19097099999999,29.60607999999999],[116.205689,29.613439],[116.20598300000002,29.630806999999994],[116.202451,29.650235000000002],[116.20480599999999,29.66495300000001],[116.21775800000002,29.67025200000001],[116.232182,29.651412000000004],[116.24307300000001,29.661420999999983],[116.244839,29.673784000000012],[116.24307300000001,29.683791999999986],[116.24778300000001,29.691150999999994],[116.26956600000001,29.695567],[116.25690800000001,29.709696000000008],[116.238658,29.708224999999995],[116.20480599999999,29.695567],[116.188027,29.702632000000012],[116.193326,29.718527000000005],[116.210399,29.73501200000001],[116.22923799999998,29.743843],[116.187733,29.750906999999994],[116.173603,29.733540000000016],[116.15005400000001,29.727947],[116.102073,29.730302000000005],[116.09294700000001,29.724415000000004],[116.060862,29.692034999999997],[116.06939800000002,29.688797],[116.09265300000001,29.694389000000005],[116.10560500000001,29.695567000000015],[116.10089500000001,29.685853000000005],[116.09824600000002,29.681732000000004],[116.116497,29.674666999999992],[116.12621100000001,29.66878000000001],[116.12886,29.659359999999996],[116.116497,29.593716999999994],[116.11208100000002,29.579587],[116.09029800000002,29.56222],[116.09265300000001,29.55368300000001],[116.097069,29.544558],[116.09824600000002,29.53837600000001],[116.08647099999999,29.528956999999995],[116.07057599999999,29.518359999999987],[116.06321700000001,29.509528999999997],[116.07793500000001,29.503642000000013],[116.07793500000001,29.497459999999993],[116.07057599999999,29.485391],[116.060862,29.463314],[116.046144,29.448006999999993],[116.023183,29.455955000000024],[116.01082,29.44771200000001],[116.001695,29.440059000000005],[115.99139200000002,29.433583000000016],[115.975202,29.428579],[115.975202,29.42122000000001],[115.99050900000002,29.42122000000001],[115.99875100000001,29.417393],[116.00405000000002,29.410328000000007],[116.02701000000002,29.361169000000004],[116.029954,29.352927],[116.02818700000002,29.338798000000008],[116.024066,29.327906000000002],[116.01759,29.319075000000016],[116.009642,29.311126999999992],[115.98491600000001,29.299353000000007],[115.97844,29.29464300000001],[115.927809,29.27344900000001],[115.924277,29.262852000000006],[115.922216,29.250194000000022],[115.90749799999999,29.21693099999999],[115.929281,29.203979],[115.975202,29.195737000000015],[115.980795,29.215459000000003],[115.974907,29.232826999999997],[115.96754799999998,29.249016999999988],[115.967843,29.264029000000008],[115.980795,29.280219000000006],[115.98992,29.272271000000014],[115.997573,29.254315000000013],[116.00581600000001,29.239891000000007],[116.07764099999999,29.223996000000007],[116.088238,29.219873999999994],[116.102661,29.223996000000007],[116.123856,29.22075800000001],[116.14505,29.212514999999996],[116.158885,29.203096],[116.14004600000001,29.197208],[116.07793500000001,29.202212999999993],[116.084117,29.186906000000004],[116.074991,29.183668000000004],[116.040256,29.188378000000004],[116.035841,29.181313000000017],[116.04231700000001,29.165417],[116.05732900000001,29.140691000000004],[116.08235,29.12567800000002],[116.09353599999999,29.114492],[116.10325,29.078284999999983],[116.115908,29.077108],[116.131509,29.082701],[116.145933,29.085939000000003],[116.14298900000001,29.066215999999997],[116.15564700000002,29.047082999999997],[116.174192,29.038841000000016],[116.187733,29.051203999999995],[116.194503,29.05120400000001],[116.19833000000001,29.037956999999988],[116.20657200000001,29.033248],[116.252198,29.031481],[116.25514199999999,29.027654999999992],[116.25661399999998,29.019118],[116.259558,29.012641999999992],[116.264267,29.007932000000004],[116.26956600000001,29.004105999999986],[116.260735,28.98585500000001],[116.2678,28.980261999999996],[116.329911,28.982910999999994],[116.344334,28.980851000000015],[116.359053,28.976141000000005],[116.338742,28.941112],[116.333149,28.925216000000002],[116.331088,28.911381],[116.335209,28.908142999999995],[116.344334,28.90755400000001],[116.353754,28.904610999999992],[116.359053,28.89430800000001],[116.354637,28.883122],[116.33373700000001,28.863987999999985],[116.331088,28.853391],[116.342274,28.841322000000005],[116.358464,28.850152999999995],[116.373182,28.870169999999995],[116.379658,28.890480999999998],[116.381424,28.894012999999973],[116.39055,28.89872300000001],[116.393199,28.900489000000004],[116.39261,28.906081999999998],[116.3879,28.919622999999994],[116.386134,28.921389000000005],[116.393199,28.938462],[116.39761400000002,28.940523],[116.40674,28.935223999999987],[116.4088,28.94876500000001],[116.41380399999998,28.961423000000003],[116.420575,28.966133000000013],[116.42734499999999,28.95582999999999],[116.42793399999998,28.943171999999997],[116.424696,28.929925999999988],[116.419103,28.917562999999983],[116.39261,28.877823000000003],[116.37141599999998,28.833079999999992],[116.365823,28.82542699999999],[116.37259299999998,28.81836200000001],[116.38848900000002,28.840145],[116.40497300000001,28.874291000000007],[116.426168,28.899605999999995],[116.45472099999999,28.89430800000001],[116.43234900000002,28.882828000000014],[116.42410700000002,28.874291000000014],[116.42086899999998,28.862811000000008],[116.423224,28.850152999999995],[116.42999399999998,28.842794000000005],[116.438531,28.836023999999984],[116.44824499999999,28.825427000000005],[116.453249,28.814535000000003],[116.45648700000001,28.803055000000008],[116.46208000000001,28.794224000000007],[116.472088,28.790691999999996],[116.48150800000002,28.791279999999993],[116.509178,28.798051],[116.513005,28.794518],[116.515654,28.792752],[116.518892,28.791575],[116.523308,28.790691999999993],[116.516537,28.776855999999988],[116.52654600000001,28.782448999999986],[116.535082,28.796579],[116.54097,28.812769000000017],[116.543325,28.825427000000005],[116.54126399999998,28.830725000000005],[116.53302199999999,28.84573800000002],[116.530961,28.856335000000012],[116.533905,28.861045],[116.54126399999998,28.866049],[116.558043,28.873702000000005],[116.550684,28.880473],[116.558043,28.886653999999997],[116.544796,28.898135000000007],[116.535377,28.895485000000004],[116.52477999999999,28.89048099999999],[116.509178,28.89430800000001],[116.51800900000002,28.909025999999994],[116.522425,28.924626999999994],[116.52213,28.940523],[116.516537,28.95582999999999],[116.504174,28.970254],[116.48975000000002,28.983794000000017],[116.480036,28.998807000000014],[116.48239100000002,29.017058000000002],[116.46855599999999,29.017058000000002],[116.46119700000001,29.024416999999993],[116.45972500000002,29.036486],[116.46119700000001,29.05120400000001],[116.485629,29.046200000000006],[116.51241600000002,29.069749000000005],[116.537143,29.072398000000014],[116.537143,29.078579999999995],[116.53155,29.079757000000004],[116.516537,29.08593899999999],[116.523308,29.099774],[116.508295,29.103600999999998],[116.492694,29.112137000000004],[116.483274,29.124501000000013],[116.48857300000002,29.140691000000004],[116.47621000000001,29.15217100000001],[116.48769,29.159824000000004],[116.50682299999998,29.16070700000002],[116.516537,29.151288000000005],[116.51859800000001,29.142457000000007],[116.523308,29.132153999999993],[116.52978400000002,29.123616999999985],[116.537143,29.119495999999994],[116.543325,29.122440000000005],[116.556865,29.137157999999978],[116.564519,29.140691000000004],[116.576588,29.133920000000018],[116.593072,29.122440000000005],[116.607202,29.117435999999998],[116.615444,29.135686000000003],[116.61927099999998,29.130681999999993],[116.62368600000002,29.12096800000002],[116.62633500000001,29.113315000000032],[116.62751299999998,29.103601000000022],[116.62663,29.094475000000006],[116.62368600000002,29.086232999999993],[116.61897599999999,29.078579999999995],[116.62280300000002,29.075635999999992],[116.625747,29.074163999999982],[116.63340000000001,29.072398000000014],[116.637227,29.091825999999998],[116.64576300000002,29.112726],[116.656655,29.127149999999997],[116.684325,29.127739000000005],[116.689918,29.112137000000004],[116.69080100000001,29.09182600000001],[116.68844600000001,29.078579999999995],[116.70758,29.08299500000002],[116.715233,29.09712499999999],[116.715233,29.137157999999985],[116.68844600000001,29.168065999999992],[116.677555,29.173364999999997],[116.67461100000001,29.17277599999999],[116.67255,29.169832999999993],[116.664014,29.168065999999992],[116.638404,29.152465],[116.62368600000002,29.150404999999978],[116.61897599999999,29.168065999999992],[116.643703,29.19220399999999],[116.648413,29.200740999999994],[116.65135600000002,29.207511000000007],[116.65636,29.209277],[116.66754600000002,29.202212999999993],[116.678438,29.20810000000001],[116.684031,29.212221000000014],[116.68844600000001,29.216342000000004],[116.66077600000001,29.229293999999996],[116.665191,29.239303000000007],[116.65636,29.249016999999988],[116.64105300000001,29.257846999999998],[116.62633500000001,29.264029000000008],[116.63075100000002,29.246366999999985],[116.629573,29.232238000000002],[116.61897599999999,29.202212999999993],[116.60543500000001,29.236947999999995]],[[116.477976,29.950781000000003],[116.509178,29.962849999999996],[116.530961,29.983454999999996],[116.51712600000002,30.003177000000004],[116.50859,30.023193999999993],[116.494755,30.038794999999997],[116.436765,30.050864000000008],[116.443241,30.06469999999999],[116.45972500000002,30.080890000000014],[116.46119700000001,30.093547000000015],[116.470911,30.09766800000002],[116.48150800000002,30.09972900000002],[116.4924,30.100318],[116.503585,30.099434999999996],[116.503585,30.09354700000001],[116.493577,30.090604000000003],[116.486807,30.084716],[116.48298000000001,30.076473999999976],[116.48239100000002,30.06617100000002],[116.495932,30.07205900000001],[116.52007,30.08972],[116.533905,30.093547000000015],[116.551272,30.095901999999985],[116.555394,30.102378000000005],[116.549801,30.111209],[116.537143,30.120629000000008],[116.52477999999999,30.123866999999994],[116.514183,30.122688999999973],[116.506529,30.125043999999978],[116.503585,30.137407000000017],[116.508295,30.144472000000007],[116.51948100000001,30.150065000000016],[116.532727,30.153891999999995],[116.543325,30.154774999999994],[116.54008699999999,30.15889599999999],[116.538026,30.162427999999988],[116.53567099999998,30.165371999999984],[116.530961,30.16861],[116.53684900000002,30.183033999999985],[116.542736,30.220417999999977],[116.543325,30.236608],[116.527135,30.226893999999998],[116.50388000000001,30.195691999999987],[116.485629,30.188921],[116.478859,30.19215899999998],[116.476504,30.199224000000008],[116.47562099999999,30.209527000000005],[116.470911,30.20923200000003],[116.46443499999998,30.207760999999987],[116.46002000000001,30.205405999999993],[116.46119700000001,30.203344999999988],[116.45442700000001,30.203934000000014],[116.445596,30.203934000000014],[116.436176,30.204817],[116.42734499999999,30.209527000000016],[116.430877,30.201283999999994],[116.432938,30.193337000000007],[116.43470400000001,30.175380000000008],[116.41880900000001,30.181268],[116.413216,30.19451400000001],[116.41174400000001,30.21041000000001],[116.40674,30.223655999999988],[116.39732,30.210704],[116.387606,30.212176000000014],[116.377892,30.21953499999999],[116.36906100000002,30.22365600000002],[116.37259299999998,30.271342999999998],[116.365234,30.266338999999995],[116.360524,30.26162900000001],[116.358464,30.255153],[116.359053,30.24426200000001],[116.344629,30.25044300000001],[116.346689,30.239551999999986],[116.34816099999999,30.235430999999988],[116.351399,30.22983800000001],[116.344629,30.223655999999988],[116.33727,30.23749099999999],[116.325789,30.240729000000016],[116.31166000000002,30.23543100000001],[116.29694200000002,30.223656000000005],[116.316075,30.223656000000005],[116.321668,30.21453100000001],[116.317253,30.19245400000002],[116.317547,30.18215099999997],[116.31960799999999,30.177441000000016],[116.338447,30.16861],[116.354932,30.175675],[116.371122,30.175380000000025],[116.384662,30.168020999999985],[116.393199,30.154774999999994],[116.379658,30.161840000000012],[116.37583100000002,30.159190000000002],[116.373182,30.157130000000002],[116.37023800000001,30.155363999999988],[116.365823,30.154774999999994],[116.37465400000002,30.14712099999999],[116.38377899999999,30.14123399999999],[116.394376,30.137113],[116.40674,30.13446400000001],[116.40674,30.126809999999978],[116.39643700000002,30.12298400000001],[116.38407399999998,30.112975000000013],[116.394082,30.113270000000025],[116.39849699999999,30.108559999999997],[116.393199,30.099434999999996],[116.393199,30.093547000000015],[116.42557900000001,30.115036],[116.445596,30.124161000000004],[116.45472099999999,30.117391000000012],[116.444124,30.101201],[116.42410700000002,30.087953999999993],[116.41086100000001,30.076473999999994],[116.42086899999998,30.06617100000002],[116.42086899999998,30.058811999999985],[116.407328,30.058224],[116.401147,30.050864000000008],[116.399381,30.038207],[116.387606,30.03997300000001],[116.38113,30.044683000000003],[116.38083600000002,30.051452999999988],[116.386134,30.058812000000017],[116.351399,30.072941999999998],[116.345512,30.078239999999997],[116.33962500000001,30.08530500000001],[116.33462000000002,30.086187999999982],[116.331088,30.072941999999998],[116.320491,30.081184],[116.315487,30.09531299999997],[116.31048300000002,30.126809999999992],[116.291938,30.117391000000012],[116.289288,30.099435000000017],[116.30371200000002,30.058811999999985],[116.28663899999998,30.059694999999998],[116.27839699999998,30.07853500000002],[116.26956600000001,30.120628999999997],[116.26485599999998,30.126516000000017],[116.25573100000001,30.135053000000006],[116.2469,30.139173999999993],[116.24307300000001,30.130637000000007],[116.245134,30.120629000000008],[116.25425900000002,30.10561599999999],[116.25514199999999,30.09354700000001],[116.25102099999998,30.097963000000004],[116.245722,30.102378000000005],[116.243073,30.107088],[116.236597,30.091192],[116.23483099999999,30.072059000000024],[116.24042400000002,30.059989999999992],[116.25514199999999,30.066171000000004],[116.25632,30.042621999999987],[116.247194,30.036441000000007],[116.215697,30.04497699999998],[116.222468,30.032613999999995],[116.228944,30.023193999999993],[116.234242,30.013479999999984],[116.23600800000001,30.000527999999992],[116.23041600000002,29.987576],[116.218052,29.99081400000001],[116.20510000000002,30.00082299999999],[116.19803500000002,30.007887000000007],[116.193031,30.016129000000006],[116.189793,30.02731500000001],[116.185967,30.062638999999997],[116.18096199999998,30.06764300000001],[116.173309,30.069998000000016],[116.16388900000001,30.076473999999994],[116.141223,30.085010999999998],[116.133275,30.062050000000003],[116.13298100000002,30.011419999999983],[116.125328,30.006121000000004],[116.11355300000001,30.002],[116.10796,29.99699600000002],[116.11944,29.989637000000002],[116.132392,29.98993099999998],[116.14328399999998,29.995230000000003],[116.152703,29.996113000000015],[116.16035700000002,29.983454999999996],[116.148288,29.979333999999987],[116.13563,29.97727300000001],[116.10884299999998,29.97668499999999],[116.09795199999999,29.981983000000003],[116.09265300000001,29.991697000000002],[116.08588299999998,29.99699600000002],[116.071459,29.989637000000002],[116.07705200000001,29.988459],[116.09147600000001,29.983454999999996],[116.081467,29.973741],[116.07057599999999,29.969913999999996],[116.061156,29.973741],[116.05732900000001,29.98669299999999],[116.054091,29.993758000000003],[116.029954,30.01760099999999],[116.026421,30.025254999999994],[116.024655,30.034380000000013],[116.021123,30.041739],[116.01288,30.04497699999996],[116.003755,30.043505],[115.99875100000001,30.03879500000002],[115.996396,30.03143599999999],[115.995807,30.021133999999996],[115.99963400000001,30.011714],[116.01494100000001,29.996113000000005],[116.016413,29.989637000000002],[116.007288,29.983454999999996],[115.995807,29.983454999999996],[115.98579899999999,29.98757600000001],[115.981678,29.99346300000001],[115.97373,29.996701000000005],[115.939878,30.035556999999983],[115.93399100000002,30.04497699999996],[115.93399100000002,30.000528000000013],[115.936346,29.993168999999984],[115.94223300000002,29.989048000000007],[115.94900300000002,29.986398999999984],[115.954302,29.983455000000017],[115.96166100000002,29.969913999999996],[115.98344400000002,29.960200000000004],[115.992275,29.953135999999997],[115.995807,29.939005999999996],[115.995807,29.91545700000001],[115.997573,29.904565000000012],[116.00198899999998,29.893968],[116.029365,29.87012500000001],[116.040256,29.866886999999988],[116.051148,29.87159699999999],[116.09147600000001,29.901622],[116.11738,29.904859999999985],[116.158885,29.893674000000004],[116.18096199999998,29.901622],[116.20068499999998,29.893379999999997],[116.218052,29.901621999999993],[116.23306500000001,29.915163000000007],[116.246017,29.92193300000002],[116.26338400000002,29.927525999999997],[116.266328,29.94165500000001],[116.265445,29.961672000000007],[116.26956600000001,29.983454999999996],[116.264562,29.983161],[116.25425900000002,29.98374899999999],[116.24896000000001,29.983454999999996],[116.252493,29.999645000000005],[116.257203,30.010830999999992],[116.258674,30.014952000000005],[116.270155,30.022899999999993],[116.289288,30.01760100000001],[116.28428400000001,30.014952000000005],[116.27604200000002,30.007887000000007],[116.26956600000001,30.004061],[116.27457,29.995818000000014],[116.281635,29.989637000000002],[116.29134900000001,29.986693000000006],[116.30371200000002,29.989637000000002],[116.302829,29.973152000000006],[116.309011,29.963733],[116.331088,29.948719999999998],[116.349339,29.958433999999997],[116.353754,29.970503000000004],[116.354932,29.981983000000003],[116.365823,29.989637000000002],[116.37612600000001,29.986986999999992],[116.395259,29.964910000000007],[116.40674,29.956078999999992],[116.442358,29.94813099999999],[116.477976,29.950781000000003]],[[116.635755,30.332277000000023],[116.633989,30.334926000000003],[116.63340000000001,30.339635999999995],[116.62633500000001,30.339635999999995],[116.613972,30.324622999999995],[116.5707,30.326095000000002],[116.558043,30.31314299999999],[116.558043,30.319325],[116.550095,30.314909],[116.54597400000002,30.308433000000004],[116.54597400000002,30.300779999999985],[116.550684,30.291359999999987],[116.56805100000001,30.297542],[116.603964,30.295481],[116.61338299999998,30.298718999999984],[116.63987600000002,30.262217999999987],[116.64959,30.255447000000007],[116.637815,30.25044300000001],[116.621331,30.249266],[116.59159999999999,30.25044300000001],[116.59159999999999,30.244261999999992],[116.605141,30.239551999999986],[116.633989,30.235430999999988],[116.64694100000001,30.22983799999999],[116.65724400000002,30.237786000000025],[116.66872399999998,30.241907000000023],[116.694628,30.244261999999992],[116.716411,30.243379000000015],[116.723475,30.24426200000001],[116.73054000000002,30.24750000000001],[116.735839,30.251326000000002],[116.73966500000002,30.255446999999993],[116.74319800000002,30.257802000000005],[116.76380299999998,30.268399999999996],[116.77469500000001,30.271049],[116.790885,30.27134300000002],[116.81207899999998,30.261040000000005],[116.82562,30.25898],[116.832096,30.268105000000002],[116.834451,30.27722999999999],[116.839161,30.281352000000002],[116.84092699999998,30.285473],[116.82503100000001,30.311081999999995],[116.821204,30.31314299999999],[116.812668,30.31697],[116.80177600000002,30.324916999999974],[116.79029600000001,30.33080499999999],[116.78087600000002,30.32933299999999],[116.769102,30.32050200000001],[116.749379,30.30990499999999],[116.73966500000002,30.302251000000012],[116.72583000000002,30.280763000000007],[116.719943,30.277525000000008],[116.715233,30.291360000000015],[116.708463,30.291360000000008],[116.701398,30.271342999999998],[116.686386,30.29018199999998],[116.67784899999998,30.298425000000016],[116.67431700000002,30.295187000000013],[116.66931199999999,30.296070000000004],[116.644291,30.309021999999985],[116.63340000000001,30.31314299999999],[116.637815,30.32256299999999],[116.64075899999999,30.32609499999998],[116.63811,30.329922000000007],[116.635755,30.332277000000023]],[[116.985165,30.316674999999993],[116.98752000000002,30.31255399999998],[116.98899200000001,30.31314299999999],[117.00400400000001,30.308433000000004],[117.00989200000001,30.320207999999997],[117.008714,30.33875300000004],[117.00253299999999,30.35405899999999],[117.01842799999999,30.36701100000002],[117.05110300000001,30.379668999999996],[117.057873,30.394976],[117.064643,30.394976],[117.064055,30.379963999999998],[117.069942,30.371721000000004],[117.081128,30.368482999999994],[117.09555199999998,30.367895000000004],[117.10320499999999,30.365539999999974],[117.113508,30.361124],[117.12439900000001,30.358180999999995],[117.133525,30.360240999999995],[117.126166,30.367895000000004],[117.133819,30.376136999999993],[117.141178,30.382318000000012],[117.14942,30.385851],[117.160312,30.38761700000001],[117.160312,30.394976],[117.11233,30.394976],[117.119101,30.403513000000004],[117.127049,30.410576999999982],[117.146771,30.42235199999999],[117.146771,30.428534000000006],[117.13588000000001,30.432948999999997],[117.133819,30.442369000000006],[117.135291,30.45178800000001],[117.133525,30.456498000000014],[117.12175000000002,30.455320999999987],[117.112919,30.44972799999999],[117.09879,30.43589299999998],[117.08289399999998,30.42676700000002],[117.066115,30.419997],[117.046982,30.416170000000005],[117.03667900000002,30.408222000000002],[117.004888,30.39850799999999],[116.98987499999998,30.392032000000007],[116.978983,30.384085000000013],[116.973096,30.369955],[116.97427400000001,30.351998999999992],[116.97986700000001,30.335515000000004],[116.98899200000001,30.32609499999998],[116.984576,30.32050200000001],[116.985165,30.316674999999993]],[[119.18171000000001,29.730302000000012],[119.160222,29.737367000000003],[119.123721,29.737366999999992],[119.09575600000001,29.746198000000007],[119.099288,29.778577999999992],[119.113418,29.792707000000007],[119.13019700000001,29.80330399999999],[119.135789,29.810074999999994],[119.11695,29.812135000000005],[119.10340899999998,29.807425000000013],[119.08957399999998,29.795062],[119.07868300000001,29.779460999999998],[119.071912,29.764447999999998],[119.08957399999998,29.731479000000004],[119.09310700000002,29.715877999999996],[119.08574800000001,29.702336999999996],[119.07485599999998,29.699393999999995],[119.06367,29.704986999999978],[119.03835500000001,29.72353199999998],[119.04365300000002,29.712639999999997],[119.05896000000001,29.68850200000002],[119.065142,29.67496100000001],[119.053662,29.67260700000001],[119.03776599999999,29.674373],[119.023931,29.679083],[119.018044,29.68526400000001],[119.01186199999998,29.686736000000007],[119.00185400000001,29.680554000000008],[119.00008800000002,29.670839999999995],[119.018044,29.661420999999983],[118.98272,29.631395999999974],[118.960643,29.621975999999997],[118.93886,29.630806999999994],[118.935033,29.640226000000006],[118.933561,29.652884000000004],[118.92973500000001,29.66406999999999],[118.91884299999998,29.66878000000001],[118.90883500000001,29.66760200000001],[118.891467,29.662304000000006],[118.88087000000002,29.661420999999983],[118.84790100000001,29.669369000000003],[118.806102,29.68791299999999],[118.779314,29.710285000000017],[118.79138299999998,29.730302000000005],[118.77696,29.73089100000002],[118.769012,29.725591999999995],[118.763713,29.719410000000003],[118.757237,29.715877999999996],[118.746346,29.717939],[118.72927300000002,29.727652999999997],[118.71632100000001,29.730302000000012],[118.75105599999999,29.697038999999993],[118.771661,29.681437],[118.813755,29.66966300000001],[118.833772,29.656710999999998],[118.84525200000002,29.641993000000014],[118.840542,29.630217999999992],[118.88440199999998,29.644052999999996],[118.904419,29.64434800000001],[118.921787,29.63404500000002],[118.925908,29.622859000000002],[118.92738,29.606080000000013],[118.927085,29.590773000000002],[118.925025,29.582531],[118.86173600000001,29.565752000000007],[118.814638,29.537787999999995],[118.78814500000001,29.531606000000004],[118.785202,29.528662000000004],[118.757237,29.510705999999995],[118.73162799999999,29.500992000000007],[118.726329,29.494515999999997],[118.729861,29.483919000000004],[118.71426,29.47214500000001],[118.70955,29.469494999999988],[118.69836399999998,29.475970999999994],[118.68717900000001,29.480387],[118.67511,29.482742000000012],[118.661569,29.483919000000004],[118.661569,29.477148999999997],[118.68040800000001,29.471556],[118.699836,29.461546999999996],[118.709845,29.446829],[118.70189700000002,29.428579],[118.684235,29.42121999999999],[118.64685099999998,29.432700000000015],[118.62624499999998,29.428579],[118.62624499999998,29.42121999999999],[118.639492,29.422397000000007],[118.65185500000001,29.421808000000006],[118.66186300000001,29.417686999999997],[118.668045,29.408268000000007],[118.668045,29.415038000000006],[118.68217400000002,29.403558],[118.712788,29.417981999999988],[118.743402,29.44388600000001],[118.757237,29.466257000000027],[118.76135799999999,29.46890699999999],[118.780492,29.475677000000022],[118.78814500000001,29.477148999999997],[118.79609300000001,29.47273300000001],[118.80315800000001,29.463314],[118.80845699999999,29.453894000000002],[118.811989,29.449184000000006],[118.83082800000001,29.450067000000004],[118.83082800000001,29.461546999999996],[118.825235,29.476854000000014],[118.82611800000001,29.49010100000002],[118.83730400000002,29.49275],[118.90059300000001,29.489512],[118.90706900000002,29.488334999999992],[118.912956,29.488334999999992],[118.921787,29.490101000000003],[118.93002899999999,29.495105],[118.93591600000002,29.501875000000005],[118.94268700000002,29.50805700000001],[118.96829600000001,29.514827],[118.989196,29.531312],[119.004503,29.531606000000004],[119.01745499999998,29.525129999999994],[119.022459,29.516888000000012],[119.027169,29.507467999999992],[119.03835500000001,29.497459999999993],[119.04600799999999,29.50128700000001],[119.06013799999998,29.504525000000015],[119.07338399999999,29.503347],[119.07956600000001,29.493927000000003],[119.083981,29.482153000000007],[119.09398999999999,29.48480199999999],[119.11018,29.497459999999993],[119.12342600000001,29.496282000000008],[119.139911,29.490689000000014],[119.147858,29.490101000000003],[119.15315699999998,29.49834300000001],[119.15845500000002,29.502170000000003],[119.169347,29.499519999999993],[119.19554500000001,29.497459999999993],[119.186714,29.51158900000002],[119.183182,29.519832],[119.18171000000001,29.528074],[119.184065,29.536021999999996],[119.188775,29.541026],[119.19348500000001,29.544558000000002],[119.19554500000001,29.548385],[119.18818599999999,29.558687999999997],[119.17170200000001,29.554272000000008],[119.140794,29.53837600000001],[119.10870800000001,29.539259999999988],[119.10811900000002,29.556627000000013],[119.134023,29.60607999999999],[119.115478,29.60137],[119.07868300000001,29.580765000000003],[119.071912,29.589006999999995],[119.067203,29.601959000000015],[119.04512500000001,29.609612999999992],[119.03835500000001,29.62050399999999],[119.03953200000001,29.630806999999994],[119.04600799999999,29.634339000000008],[119.055428,29.635811000000007],[119.065142,29.640815],[119.113418,29.698804999999993],[119.12342600000001,29.707047],[119.16817,29.72677000000001],[119.18171000000001,29.730302000000012]],[[118.839954,29.630217999999992],[118.82611800000001,29.627274],[118.834361,29.628451999999992],[118.839954,29.630217999999992]],[[118.99567200000001,31.08879200000001],[119.01186199999998,31.103805],[119.020987,31.120584000000004],[119.014806,31.138246000000013],[118.98772400000001,31.167681999999964],[118.9733,31.173864000000005],[118.955933,31.169742000000006],[118.942098,31.15443600000001],[118.933856,31.11793400000001],[118.921787,31.107042999999987],[118.92325899999999,31.134713],[118.921787,31.141778],[118.91796000000001,31.146781999999988],[118.91089500000001,31.153847000000017],[118.904419,31.15737899999997],[118.901181,31.151786000000016],[118.89470500000002,31.144427000000007],[118.87969300000002,31.142367000000004],[118.85349400000001,31.14177799999999],[118.834361,31.119994999999996],[118.85349400000001,31.101743999999993],[118.88999499999998,31.08790900000002],[118.91560500000001,31.079667],[118.928557,31.064948999999984],[118.94445300000001,31.060828000000004],[118.962115,31.06524300000001],[118.99567200000001,31.08879200000001]],[[120.384482,31.10998699999998],[120.398612,31.114402000000005],[120.403027,31.111458],[120.421278,31.107337000000005],[120.434818,31.109103],[120.42569300000001,31.12470500000001],[120.427754,31.143838000000002],[120.474558,31.192702999999987],[120.470436,31.216841000000002],[120.44688699999999,31.223317000000016],[120.380361,31.217429000000003],[120.35386799999999,31.223611000000002],[120.38772000000002,31.244216999999978],[120.376829,31.25451899999999],[120.364465,31.25746300000001],[120.35180800000002,31.259229],[120.340033,31.26541099999998],[120.32973,31.281601000000002],[120.336206,31.291019999999993],[120.34503700000002,31.29955699999998],[120.340033,31.31309800000002],[120.35533999999998,31.314274999999988],[120.36122700000001,31.32163400000001],[120.357401,31.329582000000006],[120.34386000000002,31.333408999999993],[120.33149700000001,31.33046500000001],[120.29234599999998,31.306327000000003],[120.29558400000002,31.31545300000001],[120.31619000000002,31.350775999999986],[120.32649199999999,31.361373999999998],[120.342094,31.36402299999999],[120.36240499999998,31.36431700000001],[120.380067,31.369027000000017],[120.38772000000002,31.384627999999985],[120.391547,31.402879],[120.404499,31.430843],[120.40214400000002,31.44350099999999],[120.39007500000001,31.450565999999995],[120.36947,31.457335999999998],[120.34857,31.461457000000006],[120.336795,31.460574],[120.31736700000002,31.444089999999985],[120.28528099999998,31.423190000000005],[120.251135,31.406411],[120.224054,31.402290000000008],[120.20874700000002,31.412886999999998],[120.207864,31.428488999999978],[120.219344,31.473232000000003],[120.224054,31.485595000000014],[120.225231,31.499725000000005],[120.21669500000002,31.51856400000001],[120.23259000000002,31.51356],[120.243776,31.50237399999998],[120.251724,31.487360999999986],[120.257611,31.471465999999985],[120.264382,31.471465999999985],[120.26291,31.484712000000012],[120.263793,31.496486999999988],[120.26850300000001,31.506201000000015],[120.278511,31.512381999999985],[120.278511,31.518563999999994],[120.237594,31.518563999999994],[120.24053799999999,31.53446],[120.229058,31.538286],[120.21169000000002,31.535637000000005],[120.19608900000001,31.531516000000014],[120.20050500000002,31.538875000000015],[120.203448,31.54593999999999],[120.182548,31.541229999999995],[120.169891,31.529750000000003],[120.16047100000002,31.515914999999993],[120.14899099999998,31.504729000000005],[120.133389,31.499725000000005],[120.117494,31.49678099999998],[120.10542500000001,31.490598999999996],[120.100421,31.474408999999998],[120.09158999999998,31.468816000000015],[120.071573,31.468228],[120.04243100000001,31.471465999999985],[120.027713,31.468816000000015],[120.01446599999998,31.460868999999995],[120.009168,31.447621999999996],[120.018587,31.429077000000007],[119.99857099999998,31.415831000000015],[119.98444099999999,31.396992000000008],[119.963836,31.354013999999992],[119.91703200000002,31.290725999999996],[119.90879,31.271298],[119.898193,31.24804299999999],[119.89937,31.230380999999976],[119.90525700000002,31.211541999999984],[119.90879,31.186520999999992],[119.91291100000001,31.17209700000002],[119.93175,31.150019999999998],[119.935871,31.13824600000001],[119.93675399999998,31.112635999999988],[119.93852,31.098506000000008],[119.942642,31.086437000000007],[119.96207000000001,31.06759799999999],[120.02535800000001,31.022265999999988],[120.050968,30.994596000000005],[120.12838500000001,30.943082000000008],[120.21316199999998,30.920415999999996],[120.30412100000001,30.930130000000002],[120.38919200000001,30.959861000000007],[120.52077300000002,31.039634000000017],[120.54255600000002,31.056411999999987],[120.58965399999998,31.07701799999997],[120.601428,31.086437000000007],[120.57699599999998,31.17268600000003],[120.562867,31.173274999999993],[120.55256399999999,31.153847],[120.54697099999998,31.12764800000001],[120.54608800000001,31.107043000000004],[120.523716,31.113518999999982],[120.491336,31.116168000000012],[120.462489,31.111458],[120.449831,31.097034999999988],[120.444238,31.069659],[120.414802,31.029624999999996],[120.40214400000002,31.00460400000001],[120.393607,31.011962999999994],[120.385071,31.016084000000003],[120.37623999999998,31.01637899999998],[120.36740900000001,31.01137500000004],[120.344154,31.027565000000006],[120.33179100000001,31.038456000000018],[120.32649199999999,31.049052999999997],[120.330908,31.05788399999998],[120.35180800000002,31.08172800000001],[120.35769500000002,31.086437000000007],[120.370058,31.09085299999999],[120.384482,31.10998699999998]],[[120.748905,31.46410700000001],[120.73742499999999,31.470877],[120.717408,31.457042000000023],[120.71210899999998,31.44791700000001],[120.706222,31.427605],[120.700335,31.419069],[120.69121,31.410237999999975],[120.685322,31.40170099999999],[120.684439,31.392282000000023],[120.69032599999998,31.38139],[120.68208399999999,31.379034999999988],[120.662362,31.36755500000002],[120.657063,31.364612],[120.650587,31.362257000000003],[120.641462,31.361373999999998],[120.641462,31.354013999999985],[120.68031800000001,31.361962000000005],[120.717408,31.375209000000012],[120.74772699999998,31.39699199999999],[120.764506,31.40611700000001],[120.785112,31.40876599999998],[120.775986,31.399641000000006],[120.764506,31.395519999999987],[120.75479199999998,31.389927000000018],[120.750965,31.378151999999996],[120.757441,31.375797000000002],[120.80748300000002,31.381978999999994],[120.82014100000002,31.380802000000003],[120.826617,31.38139],[120.84339600000001,31.387277999999995],[120.85075499999999,31.388161000000018],[120.862824,31.392282000000023],[120.865473,31.40228999999999],[120.860763,31.429077],[120.848106,31.413182000000006],[120.84163,31.407294],[120.833387,31.40228999999999],[120.83633100000002,31.42672199999998],[120.82956100000001,31.459101999999987],[120.833387,31.477352999999997],[120.82337899999999,31.46852200000001],[120.81690300000001,31.459396999999996],[120.805423,31.436436000000022],[120.80218500000001,31.447327999999985],[120.802774,31.457335999999998],[120.8066,31.467345000000005],[120.813076,31.477352999999997],[120.79040999999998,31.483239999999988],[120.777458,31.483240000000002],[120.765389,31.477352999999994],[120.78334499999998,31.46322399999999],[120.775692,31.443794999999998],[120.71917399999998,31.39316499999998],[120.71652499999999,31.394342000000005],[120.72417800000001,31.40611700000001],[120.73742499999999,31.422306999999986],[120.749199,31.445266999999998],[120.748905,31.46410700000001]],[[118.81581600000001,31.542406999999987],[118.806396,31.53416500000001],[118.80198100000001,31.532104999999994],[118.79462100000002,31.531516000000014],[118.78579100000002,31.532693000000005],[118.750172,31.54211300000002],[118.733688,31.556243000000002],[118.72250200000002,31.559481000000005],[118.68835600000001,31.53887499999999],[118.706018,31.534754],[118.724268,31.527689000000013],[118.74193,31.517681000000003],[118.757237,31.504728999999998],[118.736043,31.504728999999998],[118.736043,31.497958000000004],[118.73221600000001,31.488538999999992],[118.738104,31.472938000000028],[118.74663999999999,31.456158999999985],[118.750467,31.44350099999999],[118.75105599999999,31.434375999999972],[118.75841500000001,31.423779000000003],[118.777843,31.40876599999998],[118.773427,31.392870000000006],[118.784024,31.389338],[118.79491600000001,31.400817999999997],[118.79138299999998,31.429077000000007],[118.764302,31.484418],[118.771661,31.471465999999985],[118.82288,31.401995999999997],[118.857615,31.381684999999983],[118.89441099999999,31.402290000000008],[118.906185,31.436436],[118.907952,31.43996900000001],[118.912956,31.442912000000003],[118.945925,31.44350099999999],[118.95652200000002,31.448211000000004],[118.96594100000002,31.45969100000002],[118.97300600000001,31.473526000000014],[118.976538,31.48441799999999],[118.975361,31.494132000000004],[118.97153400000002,31.50119600000002],[118.96652999999999,31.506789000000026],[118.963292,31.512381999999985],[118.95181199999999,31.552416000000008],[118.93915399999999,31.565662000000007],[118.903242,31.54770599999999],[118.839954,31.53887499999999],[118.834361,31.540347000000008],[118.829062,31.544174000000012],[118.82288,31.54593999999999],[118.81581600000001,31.542406999999987]],[[119.481373,31.54741199999999],[119.491087,31.52533399999999],[119.50021199999999,31.512088],[119.50639400000001,31.514737000000007],[119.510221,31.526806],[119.511398,31.542406999999994],[119.517874,31.55565400000001],[119.532004,31.559186000000008],[119.545839,31.55948099999999],[119.552315,31.563013],[119.562617,31.58715100000002],[119.58322300000002,31.60363499999999],[119.600885,31.621296999999988],[119.600002,31.64896700000002],[119.57939599999999,31.662802000000006],[119.54436699999998,31.66309699999998],[119.511692,31.651910999999995],[119.496974,31.63189399999998],[119.481373,31.54741199999999]],[[119.84491300000002,31.542406999999994],[119.84609,31.550944],[119.832844,31.559481000000023],[119.84844500000001,31.580675000000006],[119.85757000000001,31.59774799999998],[119.861397,31.617765],[119.86022,31.64896700000001],[119.858159,31.678404000000008],[119.853155,31.70342499999998],[119.839908,31.715199000000002],[119.81253299999999,31.704013000000003],[119.79869700000002,31.686646000000007],[119.770733,31.607756000000006],[119.74218,31.563307],[119.732171,31.540935999999995],[119.730405,31.512381999999977],[119.723635,31.486184],[119.72599000000001,31.477942000000006],[119.736587,31.471465999999985],[119.751305,31.46999400000001],[119.766612,31.474704000000003],[119.780741,31.482651999999998],[119.79192700000002,31.49118799999999],[119.794282,31.495309000000027],[119.79663700000002,31.507672],[119.79899200000001,31.512381999999985],[119.80458500000002,31.515914999999993],[119.81959700000002,31.521212999999985],[119.826073,31.525334],[119.84491300000002,31.542406999999994]],[[114.95199200000002,30.253976000000016],[114.949932,30.256919000000018]],[[114.949932,30.256919000000018],[114.94757699999998,30.25780199999998],[114.953758,30.25044300000001],[114.95287500000002,30.252208999999997],[114.95199200000002,30.253976000000016]],[[114.979368,30.246910999999987],[115.00998200000001,30.245439],[115.03353099999998,30.257214],[115.043245,30.288415999999994],[115.048838,30.32285699999999],[115.04677699999999,30.339635999999995],[115.025878,30.351115999999987],[115.006449,30.37260400000001],[114.99526399999999,30.380847000000003],[114.99644099999999,30.364951000000012],[114.999385,30.348761],[115.005566,30.33492599999998],[115.015575,30.32609499999998],[115.007627,30.30725599999999],[115.007038,30.29194899999998],[115.00468299999999,30.281646000000013],[114.991731,30.277819000000015],[114.95464100000001,30.278997000000007],[114.935213,30.277525000000015],[114.919612,30.27134300000002],[114.93698000000002,30.265749999999993],[114.944044,30.262217999999987],[114.949932,30.256919000000018]],[[114.949932,30.256919000000018],[114.979368,30.246910999999987]],[[114.77566800000001,30.469450000000002],[114.778612,30.47680900000001],[114.76713100000002,30.47857600000001],[114.741522,30.47710399999998],[114.74623199999999,30.481518999999995],[114.750941,30.48829],[114.75329600000002,30.495060000000006],[114.751825,30.501242000000005],[114.743582,30.509777999999997],[114.740639,30.510072],[114.738872,30.506539999999994],[114.73475099999999,30.504773999999994],[114.700311,30.50389100000001],[114.688536,30.508601000000006],[114.68677,30.524201999999995],[114.678822,30.520963999999992],[114.671169,30.520374999999984],[114.66292699999998,30.521553],[114.65262400000002,30.524201999999995],[114.657334,30.50977800000002],[114.66645900000002,30.500357999999984],[114.679117,30.494470999999994],[114.69354,30.490643999999996],[114.69354,30.48328500000002],[114.679411,30.463269000000007],[114.673229,30.463269000000007],[114.66734200000002,30.468860999999986],[114.64879699999999,30.48093],[114.642027,30.48328500000002],[114.635845,30.487406000000014],[114.62760300000001,30.49712000000001],[114.6173,30.506833999999998],[114.60434800000002,30.511249999999997],[114.60434800000002,30.504774000000033],[114.60787999999998,30.495648999999997],[114.601993,30.473866000000008],[114.607586,30.469450000000002],[114.62142099999998,30.468567000000007],[114.63172400000002,30.466212000000002],[114.65262400000002,30.456498000000014],[114.65262400000002,30.44972799999999],[114.648503,30.445311999999983],[114.64673699999999,30.442073999999984],[114.645265,30.428533999999996],[114.658805,30.435893000000004],[114.64762,30.418820000000014],[114.63878900000002,30.412344000000022],[114.628192,30.415876],[114.61111800000002,30.428534000000006],[114.614356,30.409989],[114.61347300000001,30.387910999999995],[114.606409,30.369071999999996],[114.590513,30.360241000000006],[114.588158,30.405279000000014],[114.58050500000002,30.425295999999996],[114.563726,30.435893000000004],[114.558427,30.420880000000004],[114.54577,30.42676700000002],[114.52222,30.44972799999999],[114.522809,30.439131],[114.52222,30.43589300000001],[114.506914,30.44472400000001],[114.501909,30.449727999999975],[114.493078,30.440014000000012],[114.47600500000001,30.431772000000006],[114.467469,30.42235199999999],[114.478655,30.417053],[114.487191,30.417348],[114.495728,30.420585999999993],[114.505147,30.42235199999999],[114.515744,30.419114000000004],[114.523692,30.411754999999992],[114.536056,30.39497599999998],[114.551363,30.390265999999993],[114.55725,30.385851],[114.553423,30.377608999999985],[114.550479,30.368778000000002],[114.557544,30.361713000000005],[114.568436,30.35670899999999],[114.577561,30.35405899999999],[114.586098,30.348761],[114.59757800000001,30.346699999999988],[114.624659,30.3467],[114.622893,30.342578999999997],[114.622304,30.341990999999986],[114.621127,30.341991],[114.61788900000002,30.339635999999995],[114.63349000000001,30.333748],[114.64879699999999,30.33875300000004],[114.662338,30.349644000000005],[114.673229,30.360241000000006],[114.66910800000001,30.365834000000003],[114.66587,30.37260400000001],[114.66410399999998,30.379963999999998],[114.665576,30.387616999999985],[114.67087399999998,30.394976],[114.68677,30.408222000000002],[114.69648400000001,30.429121999999992],[114.69354,30.428534000000006],[114.69648400000001,30.433243000000015],[114.70178300000002,30.444134999999978],[114.707376,30.44972799999999],[114.71767800000002,30.434127000000004],[114.721799,30.423823999999996],[114.72739200000001,30.41793600000001],[114.741522,30.414993000000006],[114.756534,30.415582],[114.756829,30.421469000000005],[114.75270800000001,30.432948999999997],[114.755063,30.449727999999975],[114.748292,30.44913900000003],[114.734457,30.45002199999998],[114.727687,30.44972799999999],[114.735634,30.460914000000013],[114.74770300000002,30.463562999999994],[114.76183300000001,30.464151999999995],[114.77566800000001,30.469450000000002]],[[114.310867,30.498887000000007],[114.313222,30.502124999999978]],[[114.313222,30.502124999999978],[114.310867,30.504185000000014],[114.309984,30.504774000000026],[114.309984,30.497414999999986],[114.310867,30.498887000000007]],[[114.32440800000002,30.49388199999998],[114.347368,30.480929999999994],[114.357965,30.46944999999998],[114.371506,30.483285],[114.362969,30.498297999999988],[114.36149800000001,30.514487999999997],[114.368857,30.53067800000002],[114.385636,30.545690999999998],[114.387696,30.549517000000012],[114.386519,30.553343999999985],[114.386519,30.55687599999998],[114.391817,30.55952600000001],[114.399176,30.55893700000002],[114.40212,30.554521000000005],[114.403297,30.549517000000026],[114.405652,30.545690999999998],[114.42979,30.529205999999988],[114.440387,30.524201999999995],[114.405652,30.576303999999997],[114.40418,30.596321000000007],[114.398882,30.602502999999984],[114.390345,30.599854],[114.378571,30.593083000000014],[114.345602,30.563941000000007],[114.319109,30.553343999999992],[114.320287,30.539214999999984],[114.32852900000002,30.523024000000003],[114.33736,30.511249999999986],[114.32852900000002,30.51213299999999],[114.322053,30.510955999999993],[114.317049,30.507423000000017],[114.313222,30.502124999999978]],[[114.313222,30.502124999999978],[114.32440800000002,30.49388199999998]],[[114.595517,30.636355000000005],[114.590513,30.641652999999973],[114.59757800000001,30.633999999999986],[114.595517,30.636355000000005]],[[114.63172400000002,30.613099999999996],[114.67558400000001,30.609273000000005],[114.71767800000002,30.62163599999999],[114.74888099999998,30.648129000000008],[114.76183300000001,30.643419000000005],[114.77625699999999,30.64459700000001],[114.803633,30.655783000000017],[114.78361600000001,30.670207000000012],[114.77301900000002,30.71465599999998],[114.758595,30.724075000000003],[114.741522,30.729668],[114.730042,30.743797999999988],[114.723271,30.76352000000002],[114.720916,30.784713999999994],[114.71002500000002,30.77823799999999],[114.709142,30.767641000000012],[114.714146,30.755278000000008],[114.720916,30.743797999999988],[114.709142,30.740853999999988],[114.697956,30.73585000000001],[114.694718,30.729668],[114.707376,30.724074999999985],[114.69736700000001,30.70965100000001],[114.688831,30.712888999999997],[114.680883,30.723486000000005],[114.673229,30.730257000000016],[114.664398,30.729079],[114.644382,30.719365],[114.628192,30.71730499999998],[114.642027,30.67256100000002],[114.64909100000001,30.660787000000003],[114.65468400000002,30.648129000000008],[114.66204300000001,30.638120999999995],[114.673229,30.633999999999993],[114.673229,30.627818],[114.64084900000002,30.627818],[114.625542,30.629583999999994],[114.61111800000002,30.634],[114.61347300000001,30.649306999999997],[114.604642,30.664319],[114.589041,30.67285599999998],[114.570202,30.66873500000003],[114.595517,30.636355000000005]],[[114.595517,30.636355000000005],[114.63172400000002,30.613099999999996]],[[114.583743,30.830046000000007],[114.577855,30.830929000000012],[114.572851,30.82886900000003],[114.566964,30.823275999999975],[114.560782,30.81944899999998],[114.555778,30.821510000000007],[114.550185,30.825335999999982],[114.543415,30.827102999999997],[114.52487,30.828573999999996],[114.514861,30.827102999999997],[114.501909,30.81944899999998],[114.496905,30.834461999999995],[114.495728,30.840054999999996],[114.488369,30.840055000000003],[114.486897,30.83446200000002],[114.482776,30.825042000000003],[114.481598,30.81944899999998],[114.473356,30.823570000000004],[114.467174,30.829752000000003],[114.462759,30.837699999999998],[114.46011,30.84682500000001],[114.453634,30.826220000000006],[114.461287,30.805907999999988],[114.473356,30.787363000000006],[114.481598,30.771762000000003],[114.459815,30.77676599999999],[114.450984,30.780886999999996],[114.447158,30.788541000000013],[114.443037,30.802375999999974],[114.434794,30.808852],[114.429201,30.80620299999999],[114.433617,30.792367999999993],[114.426258,30.784714000000008],[114.437738,30.757043999999997],[114.44598000000002,30.74762399999999],[114.46011,30.743797999999988],[114.453928,30.743797999999988],[114.488957,30.728785000000016],[114.522809,30.734084],[114.590513,30.764402999999977],[114.576383,30.771173000000008],[114.563726,30.769113000000004],[114.551068,30.763225999999996],[114.536056,30.758220999999995],[114.536056,30.764402999999994],[114.542237,30.767641000000012],[114.550774,30.774999999999956],[114.556367,30.778532999999996],[114.556367,30.784714000000008],[114.542237,30.783536999999978],[114.536644,30.782064999999985],[114.529874,30.778532999999996],[114.53340600000001,30.782653999999997],[114.535761,30.785891999999983],[114.538411,30.78883500000001],[114.543415,30.792368000000007],[114.53340600000001,30.797372000000003],[114.523104,30.797961],[114.517805,30.797077000000005],[114.525753,30.799432000000007],[114.554601,30.80325900000001],[114.579327,30.810324],[114.590513,30.827102999999997],[114.583743,30.830046000000007]],[[117.304256,31.573021],[117.317797,31.56360200000001],[117.338402,31.554771000000013],[117.35959600000001,31.548294999999992],[117.376375,31.54594000000003],[117.383734,31.54299599999999],[117.416409,31.517386999999985],[117.43407,31.497958000000004],[117.44201800000002,31.484123],[117.455559,31.476176000000002],[117.47145499999999,31.46999400000001],[117.500008,31.452921000000007],[117.547989,31.43849699999999],[117.55799799999998,31.439969],[117.56241300000002,31.44350099999999],[117.595971,31.443500999999987],[117.606273,31.442323999999996],[117.612749,31.44350099999999],[117.617459,31.446444999999994],[117.625113,31.45527599999998],[117.647484,31.462339999999987],[117.661025,31.47588100000001],[117.68516300000002,31.508556000000002],[117.70047000000001,31.522391],[117.73432199999999,31.545056999999975],[117.74992300000001,31.55948099999999],[117.768174,31.591272000000004],[117.77847600000001,31.59127199999998],[117.798493,31.586855999999987],[117.82086500000001,31.58891699999999],[117.834994,31.588033999999983],[117.84618,31.583324000000008],[117.875322,31.563602000000003],[117.91152900000002,31.54858899999999],[117.92860200000001,31.538875000000015],[117.92860200000001,31.531516000000014],[117.92565900000001,31.52415700000001],[117.932429,31.515032000000012],[117.955389,31.497957999999965],[117.95274,31.526806],[117.936256,31.548294999999992],[117.91329499999999,31.561541000000002],[117.890335,31.566250999999973],[117.880621,31.571843999999995],[117.857072,31.598630999999994],[117.84618,31.607756000000006],[117.706652,31.659858999999997],[117.67809800000002,31.663096999999983],[117.645424,31.657503999999992],[117.622758,31.642786],[117.58537399999999,31.60039699999998],[117.563296,31.583324000000008],[117.545929,31.580086000000023],[117.474693,31.58891699999999],[117.452027,31.596864999999983],[117.43495399999999,31.611582999999985],[117.427594,31.635132000000006],[117.432304,31.653971],[117.439369,31.673987999999987],[117.438192,31.690178000000007],[117.39609699999998,31.701069999999987],[117.36047899999998,31.72049800000001],[117.33899099999998,31.72403],[117.306316,31.704307999999987],[117.288949,31.661036000000014],[117.28806599999999,31.611582999999985],[117.304256,31.573021]],[[116.336681,32.28920899999997],[116.324906,32.300100999999984],[116.32608400000001,32.284204999999986],[116.32107999999998,32.27596300000002],[116.30018,32.26212799999998],[116.295764,32.25035300000001],[116.298708,32.235929],[116.31048300000002,32.217383999999996],[116.31784200000001,32.20825899999998],[116.328733,32.201782999999956],[116.337858,32.19324699999999],[116.338447,32.17646799999997],[116.34875000000001,32.187654],[116.356992,32.20354900000002],[116.35669799999998,32.21797299999999],[116.34168500000001,32.22415499999999],[116.33462000000002,32.22886500000001],[116.34256799999999,32.239166999999995],[116.35404800000002,32.248881],[116.359053,32.25211899999999],[116.37642000000001,32.271252999999994],[116.41351,32.33395300000001],[116.424696,32.344844],[116.43470400000001,32.352791999999994],[116.438531,32.36044499999999],[116.430877,32.37163100000001],[116.414687,32.37840199999998],[116.400852,32.372220000000006],[116.379658,32.347198999999996],[116.36494,32.33395300000001],[116.360524,32.32570999999998],[116.355815,32.295097],[116.34786700000001,32.287737],[116.336681,32.28920899999997]],[[116.873012,32.322767],[116.87978300000002,32.30687100000001],[116.851818,32.270958999999976],[116.84534200000002,32.25947799999998],[116.84504799999999,32.259184],[116.83768900000001,32.25064799999999],[116.830918,32.24004999999998],[116.826209,32.22974800000003],[116.82444200000002,32.220622],[116.828563,32.210614000000014],[116.837983,32.21767899999997],[116.863887,32.253885999999994],[116.87065699999998,32.257711999999984],[116.89361800000002,32.259184],[116.898622,32.26153899999999],[116.900094,32.26830900000001],[116.900388,32.29656800000001],[116.90186000000001,32.30687100000001],[116.905981,32.315996000000005],[116.913929,32.32718200000002],[116.920994,32.331009],[116.929825,32.33218600000001],[116.937773,32.335423999999975],[116.941305,32.34425499999998],[116.93630100000001,32.354263999999986],[116.92688099999998,32.35897399999997],[116.921288,32.36427199999999],[116.92747,32.37486899999999],[116.934535,32.377518000000016],[116.96838600000001,32.38193400000001],[116.96838600000001,32.388704000000004],[116.94719199999999,32.393413999999986],[116.92923600000002,32.40018499999999],[116.91540100000002,32.411076000000016],[116.90657,32.42962099999998],[116.90509799999998,32.443162000000015],[116.907747,32.45287600000001],[116.91186800000001,32.460235000000026],[116.913929,32.46759399999999],[116.912457,32.482606000000004],[116.90833600000002,32.490553999999996],[116.892735,32.50527300000001],[116.878605,32.523817],[116.86859700000001,32.533826],[116.858589,32.53323700000001],[116.81649400000002,32.489377],[116.777344,32.46435600000001],[116.794417,32.46494499999999],[116.811785,32.46965399999997],[116.827975,32.47789699999999],[116.841515,32.488198999999994],[116.858294,32.50438899999999],[116.86712500000002,32.507627],[116.88979099999999,32.481429000000006],[116.858589,32.42343900000001],[116.862121,32.404894000000006],[116.870363,32.39194200000002],[116.892735,32.374869],[116.87625000000001,32.34101699999999],[116.873012,32.322767]],[[119.13902699999998,33.094000999999984],[119.134023,33.080753999999985],[119.12224900000001,33.069274],[119.10841400000001,33.065742],[119.09457800000001,33.063680999999995],[119.08251,33.057205000000025],[119.05248399999999,33.046608],[118.945925,33.07398400000001],[118.914722,33.06750800000002],[118.90029800000002,33.069569000000016],[118.88881799999999,33.09665],[118.87439400000001,33.101360000000014],[118.839954,33.10136000000001],[118.862031,33.08752499999999],[118.896766,33.04984600000002],[118.921787,33.03983800000002],[118.933561,33.04013200000001],[118.95711,33.04543099999999],[118.97035700000002,33.046608],[118.98183699999998,33.04425299999999],[119.014806,33.032479],[119.030996,33.030418],[119.061021,33.02129299999999],[119.075739,33.019232],[119.08780800000001,33.02247000000002],[119.109885,33.0366],[119.11695,33.03983800000002],[119.135789,33.04484200000001],[119.15845500000002,33.057499999999976],[119.17994399999999,33.07310099999999],[119.19554500000001,33.08752499999999],[119.183771,33.08752499999999],[119.173174,33.08517000000002],[119.16346000000001,33.08075399999999],[119.154629,33.07398400000001],[119.154923,33.106657999999996],[119.15845500000002,33.134328999999994],[119.170524,33.15581699999999],[119.19554500000001,33.170241],[119.22056600000002,33.17642300000001],[119.23646199999999,33.176128],[119.24323200000002,33.16670899999999],[119.240877,33.15846700000001],[119.230575,33.146691999999994],[119.22969199999999,33.14227600000001],[119.234107,33.13697799999997],[119.238228,33.13697799999997],[119.24352700000001,33.13786100000001],[119.25088600000001,33.136095],[119.29209700000001,33.11755000000001],[119.29857300000002,33.111957000000004],[119.30092799999998,33.09694400000001],[119.32388799999998,33.04778600000001],[119.32830399999999,33.034245],[119.32712600000002,33.023648000000016],[119.31594000000001,33.019232],[119.30740399999999,33.023648],[119.284443,33.04484200000001],[119.27796700000002,33.05396700000001],[119.267959,33.04601899999999],[119.267076,33.03748300000001],[119.268253,33.02835800000002],[119.26442700000001,33.019232],[119.25500700000002,33.01246199999999],[119.22351,32.99892099999998],[119.270314,32.960065],[119.276496,32.95123400000001],[119.275024,32.941815],[119.26442700000001,32.93004000000002],[119.261483,32.93239500000001],[119.253241,32.935632999999996],[119.24352700000001,32.937988000000004],[119.23705100000001,32.93681000000002],[119.23528499999999,32.93062900000001],[119.238228,32.923270000000024],[119.242055,32.91561599999999],[119.24323200000002,32.909434000000005],[119.237345,32.887945999999985],[119.239406,32.877348999999995],[119.25088600000001,32.86851800000001],[119.259128,32.87293300000001],[119.26648699999998,32.875288000000005],[119.28473800000002,32.87587700000001],[119.22645400000002,32.851445000000034],[119.21203,32.864102],[119.20113800000001,32.86851800000001],[119.189952,32.870284000000005],[119.16080999999998,32.881469999999986],[119.15610100000002,32.885297],[119.153451,32.90030899999998],[119.150213,32.90707999999998],[119.14491499999998,32.910022999999995],[119.137556,32.90619600000001],[119.12901900000001,32.894716],[119.12166000000002,32.87882099999999],[119.11636100000001,32.86204199999999],[119.113418,32.847912000000015],[119.09605,32.861158999999994],[119.08192099999998,32.874994],[119.06661399999999,32.883825],[119.04483099999999,32.882059],[119.04483099999999,32.875877000000024],[119.06367,32.864691],[119.082215,32.832311],[119.099288,32.82083099999999],[119.113123,32.81876999999997],[119.122543,32.819947999999975],[119.12901900000001,32.818182000000014],[119.134023,32.80699599999999],[119.13343500000002,32.80110800000003],[119.12960799999999,32.79581000000001],[119.124604,32.79080600000002],[119.12077700000002,32.785802],[119.126075,32.773143999999995],[119.131668,32.756071000000006],[119.141971,32.738114999999986],[119.15610100000002,32.724574],[119.17494,32.717802999999996],[119.17494,32.71132700000001],[119.169641,32.70926699999999],[119.16640299999999,32.70720599999999],[119.162282,32.70544000000002],[119.154629,32.70396800000002],[119.17258500000001,32.69248799999998],[119.174646,32.67629799999998],[119.177,32.667173],[119.19554500000001,32.67659199999999],[119.20761400000002,32.690428],[119.21379600000002,32.70779499999999],[119.21644500000001,32.74871199999999],[119.22733700000002,32.75930900000002],[119.25029700000002,32.74694499999999],[119.27266900000001,32.727517],[119.2815,32.717802999999996],[119.293569,32.72457399999997],[119.30652100000002,32.741057999999995],[119.316529,32.76136900000004],[119.319178,32.779031],[119.33213,32.77020000000001],[119.351853,32.740764],[119.367454,32.73134399999999],[119.38040600000001,32.73222700000001],[119.39159200000002,32.740175],[119.40101199999998,32.75253799999999],[119.408371,32.76607899999999],[119.415141,32.793455],[119.411903,32.81965300000002],[119.40513300000002,32.847324],[119.38806,33.00215899999997],[119.379523,33.020409999999984],[119.35862300000001,33.010695999999996],[119.331542,32.994211],[119.305343,32.991268],[119.326243,33.00392500000001],[119.341844,33.019232],[119.34949800000001,33.03777699999999],[119.34684900000002,33.06014899999999],[119.34213900000002,33.068096999999995],[119.33507400000002,33.076633],[119.32859800000001,33.08634700000001],[119.31859,33.131973999999985],[119.31594000000001,33.139038],[119.296218,33.15287399999998],[119.279734,33.159349999999996],[119.268548,33.16935800000001],[119.257951,33.221754999999995],[119.244999,33.22764199999999],[119.23499,33.22087200000001],[119.23705100000001,33.211158],[119.23705100000001,33.20497600000001],[119.225865,33.197323],[119.156984,33.16582599999999],[119.152863,33.15817200000001],[119.13902699999998,33.094000999999984]],[[121.34473699999998,31.641303000000004],[121.33452537066367,31.646120576394214],[121.3144605468829,31.655589741910312],[121.302908,31.671453999999986],[121.30234936043813,31.67252447676171],[121.28590000000001,31.704050000000002],[121.2669083049081,31.7144507295812],[121.22450999999998,31.737670000000016],[121.20558,31.756619999999984],[121.18663000000001,31.774119999999996],[121.17891707277785,31.781728496872915],[121.17629031569378,31.784320714755268],[121.17899795728327,31.790451025616083],[121.181443,31.79597999999999],[121.18697038991208,31.799712610101015],[121.19516000000002,31.805240000000015],[121.2193,31.82947],[121.23673338056349,31.833991929140794],[121.264065,31.841076999999995],[121.29479507087134,31.834906716534398],[121.29479507105847,31.83490671649681],[121.32256000000001,31.829330000000013],[121.34183910144182,31.82361406099424],[121.34183910160567,31.823614060945662],[121.362089,31.817607999999993],[121.38613300000002,31.811736000000014],[121.423885,31.79563900000001],[121.45671962958353,31.77975840327287],[121.47530000000002,31.770769999999988],[121.4863940423859,31.761936255303155],[121.500966,31.750329],[121.535176,31.728409999999997],[121.54014999224057,31.7263799630165]],[[121.54014999224057,31.7263799630165],[121.52811611072967,31.669023285090457],[121.50772000000002,31.571809999999985]],[[121.50772000000002,31.571809999999985],[121.48882987998088,31.578428495927028],[121.48462999999998,31.57990100000001],[121.40461400000001,31.613715],[121.37552300000002,31.634134000000014],[121.34473699999998,31.641303000000004]],[[120.60165000000002,32.03180999999998],[120.58583399999394,32.03297800000045],[120.581879,32.033271],[120.566254,32.04173400000001],[120.56547776937565,32.05091000000636],[120.56536,32.05230999999998],[120.56878000000002,32.058089999999986],[120.57475049952396,32.060558251199836],[120.57951900000002,32.06252699999998],[120.600108,32.06081799999999],[120.62720800000001,32.046536],[120.631358,32.036078],[120.63110258983075,32.0357645576274],[120.62688,32.030590000000004],[120.60165000000002,32.03180999999998]],[[119.8143,32.275580000000005],[119.82137072043128,32.26665016773119],[119.83285599999999,32.252143],[119.8677045779994,32.17201813761088],[119.86770457810887,32.17201813735919],[119.87501000000002,32.15522],[119.87622218405875,32.148833703985304],[119.880707,32.12519000000003],[119.89884648176128,32.08769740853126],[119.89884648185537,32.087697408336744],[119.90137805236913,32.0824640262345],[119.901866,32.07339100000003],[119.89031,32.075385000000004],[119.85873500000001,32.10154899999999],[119.8526128898119,32.104200345571314],[119.84352,32.10813999999999],[119.8152,32.11522000000001],[119.80486,32.120309999999996],[119.79747489829606,32.12049310169514],[119.7951774210984,32.12055098938991],[119.79503190285246,32.12060681714467],[119.79200299999998,32.121772000000014],[119.78712081580794,32.129582694840984],[119.78804093972383,32.13262212056315],[119.78816469540368,32.133030382543836],[119.78834059412294,32.1336106610378],[119.78924116548743,32.1346126619416],[119.79126999999998,32.136867999999964],[119.79200299999998,32.142279000000016],[119.79158001356981,32.15232070651158],[119.79103,32.16546999999999],[119.79791823050077,32.177138538991706],[119.79883899999999,32.178696999999985],[119.80115989404123,32.180881580575374],[119.80991,32.18910999999998],[119.81935,32.203759999999996],[119.81934632127525,32.2037609469378],[119.819347,32.20376199999996],[119.789317,32.211493],[119.74984799999999,32.22801299999998],[119.71949300000001,32.24957900000002],[119.71810300531021,32.25918899924725],[119.71616000000002,32.27265],[119.72833471908162,32.27984032024237],[119.75082400000001,32.29311800000001],[119.76391654811508,32.29257731487092],[119.78533000000002,32.29169000000001],[119.8143,32.275580000000005]],[[117.38591599999998,23.774156000000016],[117.404307,23.774156000000016],[117.40870044068592,23.772980690689547],[117.41358000000001,23.771670000000004],[117.41944499872642,23.75521199872729],[117.41977,23.754298999999985],[117.43482500000002,23.750717999999996],[117.44278534971079,23.74551677127024],[117.44778,23.74225],[117.46161023694175,23.749348473884883],[117.46535507778806,23.751270278188695],[117.46890085012906,23.753089923088147],[117.50416,23.749899999999997],[117.51944724998926,23.743248347671347],[117.52665905419896,23.740107847331494],[117.51619,23.71628000000001],[117.49948260927637,23.71948121856828],[117.495942,23.720159999999993],[117.4959416114914,23.720159691230293],[117.49593999999999,23.720160000000007],[117.49352970599085,23.71824281367863],[117.48415599999998,23.710793],[117.478909163425,23.69607111952206],[117.47654,23.689430000000005],[117.4778014075717,23.6792049537749],[117.4798349861153,23.66267811284055],[117.47950358532744,23.662553377995685],[117.46721899999999,23.657934000000004],[117.44483500000001,23.66494399999999],[117.43994268437058,23.66300275811399],[117.43267,23.66012000000001],[117.42935461940218,23.656188097013953],[117.42447392201902,23.650404210079483],[117.42212760555078,23.647623699816418]],[[117.42212760555078,23.647623699816418],[117.37209,23.724939999999986]],[[117.37209,23.724939999999986],[117.37215904788255,23.724998990908343],[117.37668900000001,23.72886500000001],[117.37668877955296,23.728868957313747],[117.37669,23.72887],[117.37629504099715,23.735937081963378],[117.37592363849093,23.742604245162006],[117.3756620715006,23.747299716470597],[117.37924,23.74681],[117.37923922321153,23.746812379287572],[117.379242,23.746812000000006],[117.37273199999998,23.766750000000016],[117.38591599999998,23.774156000000016]],[[119.595307,23.730779999999992],[119.59408768146551,23.727488538992873],[119.59368,23.72899],[119.59367921275485,23.72898921275481],[119.59367900000001,23.728989999999985],[119.59343968615842,23.728750686158406],[119.59085480046018,23.734402075409],[119.589203,23.738023],[119.59018000000002,23.739569000000007],[119.59017972079772,23.73956955840456],[119.59018000000002,23.73957],[119.5884713636262,23.74298727274759],[119.59498100000002,23.74787],[119.59905,23.755235000000003],[119.601329,23.758328000000017],[119.60287500000001,23.756007999999987],[119.60317516939901,23.754884666666257],[119.6032,23.754789999999996],[119.60320054032093,23.754789720271354],[119.603201,23.754788000000005],[119.60537316165876,23.75366493609958],[119.6128,23.749820000000017],[119.61189047368485,23.746122834589027],[119.61125740839861,23.743558654185932],[119.60613000000797,23.740896000004135],[119.602712,23.739121999999988],[119.60271041675965,23.739120216422577],[119.60270999999999,23.739119999999996],[119.60219447584316,23.738538990342157],[119.595307,23.730779999999992]],[[118.2227605538638,24.436490969238427],[118.22803999999998,24.44603],[118.23061801694625,24.448444333330603],[118.23180345638873,24.4495531867132],[118.23308391062565,24.450750916399752],[118.24106000000002,24.452620000000014],[118.24444318367468,24.452709142857152],[118.249034,24.452826],[118.25635799999999,24.448105999999992],[118.26270599999998,24.441799000000003],[118.26261384354083,24.43567992418742],[118.26254000000002,24.430980000000016],[118.25733278364198,24.423773852218606],[118.25566690100835,24.423662775181914],[118.25400824574159,24.423552180048617],[118.25123,24.42337],[118.247,24.419299999999993],[118.2448,24.41515],[118.24015999999999,24.412830000000007],[118.22022999999999,24.407539999999994],[118.20899554820855,24.411607990995673],[118.22005838276321,24.431606258952932],[118.2227605538638,24.436490969238427]],[[118.38141007416982,24.47351056484596],[118.381414,24.473510999999974],[118.385393,24.503816999999998],[118.38977261471301,24.51318579157807],[118.39422,24.522689999999997],[118.40975304380184,24.525579868614297],[118.422597,24.527968],[118.44958999999999,24.505528000000005],[118.45247793043168,24.498424000007585],[118.46735,24.46183000000001],[118.46517572668326,24.445313151821868],[118.463356,24.431523],[118.44878499999999,24.415513000000004],[118.42290100000001,24.43030399999999],[118.403624,24.436010000000003],[118.4036209425141,24.436009720863293],[118.40362,24.436009999999982],[118.39712827681832,24.435416965470058],[118.39712827650203,24.435416965441163],[118.37285600000001,24.433200999999997],[118.35205329448063,24.421207352759698],[118.34576,24.417580000000005],[118.33099014618188,24.396480208831232],[118.318218,24.390544000000006],[118.303233,24.397039999999997],[118.2955424999909,24.39749750000055],[118.29298,24.397649999999985],[118.28843740832112,24.399471061116],[118.28499750439623,24.40085037385994],[118.28394967699286,24.40127052562071],[118.28210527026684,24.404271878383963],[118.27955200000001,24.408433000000013],[118.27987959107375,24.408984988840306],[118.2811,24.411040000000007],[118.28940000000001,24.420600000000004],[118.29099558659836,24.423294086602606],[118.29200300000001,24.424994000000023],[118.29223924576219,24.42727899999497],[118.29274,24.43207],[118.29232999999999,24.440619999999996],[118.29078707048426,24.448980784126846],[118.28956100000002,24.455633999999986],[118.28458018312864,24.466519098803673],[118.28297,24.470039999999994],[118.28292094890497,24.470438948906402],[118.28207400000001,24.477362000000003],[118.28227053060687,24.477467204078735],[118.28785000000002,24.480450000000005],[118.31665732849162,24.49334880380221],[118.34205193241796,24.478181398694495],[118.35481,24.47056],[118.38140999999999,24.473510000000008],[118.38141007416982,24.47351056484596]],[[118.10620900313876,24.494125521986017],[118.10621,24.494130000000002],[118.08229,24.482329999999973],[118.07835731566846,24.48317160483714],[118.07539979898297,24.48380742402943],[118.0747192801974,24.48395372477786],[118.07369669813109,24.48924530186449],[118.07203200000001,24.497870000000017],[118.07301689178377,24.502301702727085],[118.07521,24.512150000000023],[118.08937000000002,24.538399999999996],[118.09254,24.556220000000017],[118.11207,24.54559999999999],[118.11399936541305,24.544921730841214],[118.137869,24.536526],[118.16309699999998,24.531968],[118.16990450000326,24.53313319415675],[118.18140717842029,24.53509951766551],[118.18184064097075,24.52906881858344],[118.18193346188144,24.52777741525393],[118.18229999999998,24.522650000000002],[118.1893,24.503079999999997],[118.18873000000002,24.49412999999999],[118.18093240951137,24.483594852394315],[118.18088312766866,24.48352829631057],[118.18083993602842,24.483469965163295],[118.17312525424546,24.47926881780106],[118.17164100000001,24.478461],[118.16390999999999,24.47191],[118.160818,24.456936000000024],[118.1538192301892,24.437079653074314],[118.13649,24.42927],[118.11402144322058,24.43060991393344],[118.09205200000001,24.43846300000002],[118.08754267120389,24.441235003885417],[118.08107,24.445219999999996],[118.07350122562345,24.45262057939042],[118.07341993138269,24.45270015188101],[118.06999999999998,24.46027],[118.07168258609755,24.466237793055384],[118.07203069342226,24.467470373661367],[118.08119097680812,24.472406534771604],[118.08119172770672,24.472406939083427],[118.08155042296852,24.472600073992794],[118.08606370439102,24.473389613552],[118.093435,24.474676999999993],[118.10303800000001,24.479885],[118.10303899244727,24.479889453192715],[118.10304,24.47988999999999],[118.10382993243529,24.483438466207776],[118.10621199999999,24.494127000000002],[118.10620900313876,24.494125521986017]],[[118.3069,24.567490000000003],[118.31961499999701,24.56873248390842],[118.323985,24.56915899999998],[118.32820450734363,24.566752933813913],[118.33382999999999,24.563540000000017],[118.33534984474858,24.556108611873515],[118.33535678839627,24.556074597383123],[118.3354598699485,24.555569637076538],[118.33269,24.547840000000008],[118.32811721945204,24.544436312213513],[118.32650886174795,24.54324064063333],[118.30128000000002,24.557439999999996],[118.29770036800744,24.561429589846476],[118.30095489212201,24.56521187462826],[118.3069,24.567490000000003]],[[119.476899,24.988308],[119.476718326971,24.987894826973555],[119.47364033659385,24.980860769209794],[119.47225825980428,24.980222095854444],[119.47149720096107,24.979870401933614],[119.46290000000002,24.9759],[119.45794,24.98005],[119.46038,24.990790000000022],[119.46949,24.995750000000008],[119.47608,24.9949],[119.47673631860158,24.989625439531135],[119.476899,24.988308]],[[119.13637028612744,25.076758285150454],[119.13696999999999,25.071279999999998],[119.13697399597231,25.071275036581756],[119.13697399999998,25.071275],[119.13981972054997,25.067737833305152],[119.13927059246213,25.063480210048972],[119.139089,25.062078999999994],[119.14023430211448,25.05916490634523],[119.14087999999998,25.057520000000007],[119.14169982406288,25.056937894438633],[119.143565,25.055609000000008],[119.124115,25.036606999999997],[119.12362700000001,25.034287999999997],[119.124848,25.030219000000024],[119.12143,25.027452000000007],[119.12013608167672,25.0284472041924],[119.1172,25.03071],[119.1159,25.03628],[119.11232000000001,25.04068],[119.10934500000072,25.0426899999995],[119.10637500000001,25.044704000000007],[119.10499100000001,25.048448000000004],[119.11329200000002,25.053655999999997],[119.11558023317669,25.057351100149944],[119.11826,25.061670000000035],[119.11533,25.067080000000004],[119.11532655735431,25.06708297051143],[119.11532599999998,25.067083999999998],[119.11509011236059,25.067286988763144],[119.11183000000001,25.070100000000014],[119.11141999999998,25.07368],[119.11099625110539,25.074590376657454],[119.109874,25.077011999999982],[119.10906058213399,25.0805904390396],[119.10982714285703,25.081168571428467],[119.11085,25.081935999999995],[119.11516400000001,25.083116000000008],[119.12322,25.089016000000004],[119.135753,25.094346000000005],[119.14503,25.096218000000004],[119.15414383680253,25.10268717434037],[119.15690999999998,25.100650000000005],[119.15614338235042,25.097842999990764],[119.15560999999998,25.095892999999997],[119.15251964257492,25.092599816012605],[119.14737666550694,25.0899524275809],[119.144054,25.088243000000027],[119.14405241136741,25.088241241270588],[119.14405000000001,25.088239999999985],[119.1423362544334,25.086341333330868],[119.13607800000001,25.079412999999995],[119.13637028612744,25.076758285150454]],[[119.446544,25.23598900000001],[119.4504500000039,25.23723000000123],[119.45436,25.238470000000003],[119.4560609922715,25.2396500077276],[119.45818100000001,25.24111600000001],[119.46434365739562,25.24670313274328],[119.47039,25.252180000000006],[119.47315351456703,25.25139319971906],[119.47608345636291,25.25055644084563],[119.47797309897392,25.24861060068482],[119.48145600000001,25.245021999999995],[119.48145812226608,25.245021933577316],[119.48146,25.245019999999997],[119.48500558659462,25.24491090502786],[119.48666133793272,25.244859083317397],[119.49170999999998,25.2414],[119.49643,25.231350000000003],[119.50261000000002,25.22101],[119.51123996077685,25.21403964706486],[119.511974,25.213445999999998],[119.52279700000001,25.208440999999993],[119.52279809558743,25.208440880988615],[119.5228,25.20843999999999],[119.53403,25.207220000000003],[119.53746799999922,25.208006661016775],[119.54346800000002,25.209377000000003],[119.551036,25.209459000000003],[119.55325100000088,25.209278879120806],[119.56105,25.20864],[119.56544350000242,25.206115930874173],[119.567556,25.204901000000017],[119.56533053539371,25.201751913403175],[119.56324000000001,25.198800000000002],[119.5534,25.19526000000002],[119.55339960469672,25.195259295889755],[119.553396,25.19525799999998],[119.54818800000001,25.185981000000005],[119.548676,25.172430999999985],[119.54216600000001,25.165351],[119.52898199999998,25.165351],[119.517345,25.171454000000008],[119.51357152827401,25.1778305744021],[119.51092,25.182320000000004],[119.51295,25.191390000000006],[119.51294994340077,25.1913917475017],[119.51295,25.191392],[119.51294617254902,25.191508172549025],[119.51271,25.198800000000002],[119.50492999999565,25.20292076271417],[119.50326600000001,25.20380300000002],[119.4974486946093,25.201947766466564],[119.49293,25.200510000000016],[119.48894,25.196279999999998],[119.47687074555458,25.19933754445949],[119.46119200000001,25.20331500000001],[119.44947400000001,25.214342],[119.444672,25.22907100000001],[119.446544,25.23598900000001]],[[119.345958,25.561103000000003],[119.3459600082121,25.56110008096844],[119.34596,25.561100000000007],[119.35206000000001,25.55222999999999],[119.34913,25.54401000000001],[119.34636499999998,25.52969],[119.34359800000001,25.515366999999998],[119.334727,25.489691],[119.330577,25.467353],[119.33480900000002,25.449897000000004],[119.33486380438907,25.445888210241087],[119.33496995854769,25.4379730907875],[119.33394040148903,25.437514551467466],[119.33041497531569,25.435944413604055],[119.32602,25.43399000000001],[119.31372999999999,25.429919999999992],[119.30258,25.42292],[119.29689,25.42292],[119.29041272941107,25.43863969178019],[119.28834100000002,25.44367100000001],[119.2878264764559,25.44579115881835],[119.28566,25.454739999999997],[119.28158999999998,25.463809999999985],[119.28154999526821,25.472295448111378],[119.28150500000001,25.48289599999999],[119.303722,25.537746],[119.305024,25.543362000000002],[119.30585565167777,25.544540144818384],[119.30747000000001,25.54682],[119.30967340678296,25.548239800849583],[119.310313,25.548651000000017],[119.31215940042676,25.550621133113108],[119.31821000000001,25.557070000000003],[119.32130000000001,25.56122000000002],[119.32978457786494,25.569411444656556],[119.331716,25.57127500000001],[119.34327016026694,25.573309676024845],[119.34457717274894,25.570667586375624],[119.34652800000002,25.566717999999995],[119.345958,25.561103000000003]],[[119.58562300000001,25.655136999999996],[119.587738,25.660305000000008],[119.59343500000001,25.661526000000006],[119.59343629838722,25.66152920772497],[119.59344,25.661530000000006],[119.59548125183585,25.666581358709745],[119.5962012277019,25.668360092002228],[119.60434000000001,25.668969999999998],[119.60824541809747,25.66969914455527],[119.6081754432294,25.669115268236762],[119.6075579696049,25.663963015197837],[119.60694000000001,25.658839999999998],[119.59685,25.646349999999995],[119.59132,25.642120000000002],[119.58868900000007,25.640604447004655],[119.58480899999999,25.63837300000001],[119.57920300000083,25.632992665255042],[119.57773,25.63158],[119.57545000000002,25.63158],[119.57470465007844,25.632166662518905],[119.57390400000001,25.632799000000006],[119.5713,25.634670000000003],[119.56779999999999,25.63528100000001],[119.56608230988795,25.635949077469604],[119.56341000000002,25.636990000000004],[119.56147689958117,25.63997467124853],[119.56076267860935,25.64107970174816],[119.559094069251,25.64366134567309],[119.56414,25.645329999999987],[119.56544,25.64903000000001],[119.56580500847531,25.64822300847294],[119.56690500000002,25.645779000000022],[119.57002757780778,25.642297866722757],[119.57187,25.640239999999995],[119.57680399999728,25.64881135153109],[119.57772900000002,25.650417],[119.58562300000001,25.655136999999996]],[[118.94825126041476,25.19716970392942],[118.96018933583254,25.19436545802592],[118.963145,25.19367100000002],[118.96958936234259,25.187432744932323],[118.97423272517784,25.182935119727485],[118.97461943066553,25.182560551465226],[118.972179,25.172064999999993],[118.95656135028807,25.15327057622003],[118.95558000000001,25.15208999999998],[118.95557964372178,25.15208918147918],[118.95557699999999,25.152086],[118.948985,25.136948999999998],[118.949067,25.118964000000005],[118.947276,25.11318600000001],[118.94712598259584,25.113034556508744],[118.94296061562066,25.108830621320838],[118.94260534217598,25.108625197594577],[118.93515,25.10432000000001],[118.92139999999999,25.10138999999999],[118.91194442047517,25.1019553637785],[118.903168,25.10248399999999],[118.89360126616067,25.104477568440863],[118.88559000000001,25.106149999999985],[118.86768999999998,25.100410000000007],[118.85768,25.098049999999986],[118.8576797276667,25.098049642621177],[118.85767699999998,25.09804900000001],[118.85381650363675,25.092979992717343],[118.84896999999998,25.086620000000014],[118.84897004527312,25.08661637249114],[118.84896900000001,25.086615],[118.84902601232666,25.082132012326092],[118.84913,25.0738],[118.85048087436907,25.07167965579016],[118.860118,25.056545000000003],[118.87794000000001,25.040716999999997],[118.88374314013922,25.038372040381383],[118.89575999999998,25.033510000000003],[118.91984488531558,25.026698483817817],[118.92963699929143,25.023926769622726],[118.93514730281932,25.022367046508272],[118.92831,25.014880000000012],[118.94068,25.00666000000001],[118.94103931881394,25.006559070847366],[118.953705,25.00299699999999],[118.95993334304987,25.003718436903828],[118.96705,25.004539999999995],[118.97082826881966,25.00665688168025],[118.979991,25.01178600000001],[118.98949047558439,25.0374865244378],[118.99048993662214,25.040189828577983],[118.99051054948004,25.040230071293227],[118.99051362118813,25.040236068223642],[118.99733,25.053530000000002],[119.00082346139371,25.051847205273027],[119.00415989053239,25.05023853493348],[119.00380652134544,25.045509196636964],[119.003429,25.040473000000006],[119.00077303310337,25.029325688720046],[118.99952000000002,25.024070000000005],[118.99949448147618,25.024005827187597],[118.99341900000002,25.008734],[118.99005193819106,25.00532706181138],[118.98666,25.001900000000003],[118.98512630188132,24.99884159905953],[118.983246,24.99510300000001],[118.987315,24.979722],[118.997325,24.95343700000001],[119.01319400000001,24.958196999999995],[119.01595903754391,24.959479443686593],[119.0176671100002,24.960268664665268],[119.01402087941369,24.95479889608315],[119.01335533346725,24.953800500007674],[119.00904053492476,24.947330802077236],[119.0008650000796,24.942145000050505],[118.99269000000001,24.936959999999992],[118.97706000000001,24.934030000000003],[118.97120100000735,24.941908203379974],[118.969981,24.943549000000004],[118.96926256530605,24.944794623127194],[118.96372000000001,24.95440999999999],[118.9637164091624,24.954410556792183],[118.963715,24.95441300000001],[118.94849700000002,24.956773000000023],[118.92980645894873,24.955081649262258],[118.91163000000002,24.953439999999997],[118.90113,24.93781000000002],[118.90992,24.907169999999997],[118.93417000000001,24.886050000000004],[118.96998,24.898869999999995],[118.97323724040828,24.89378430868769],[118.973888,24.891913],[118.97288930353926,24.89062133333473],[118.9725,24.890119999999985],[118.96998,24.885199999999987],[118.96998120968212,24.88519940922502],[118.969981,24.885199000000004],[118.97026168644155,24.885062432202975],[118.97299,24.88373],[118.97413661514696,24.883806051004644],[118.97494599999999,24.883857000000006],[118.97584012521028,24.882718114257294],[118.97589755881064,24.88185312942753],[118.976166,24.877753000000013],[118.95199599999998,24.870754],[118.9244097649479,24.869940052075812],[118.89796000000001,24.875800000000005],[118.87720999999999,24.888620000000007],[118.86671,24.891020000000005],[118.85246905425232,24.885892279087077],[118.83765699999998,24.880561000000007],[118.82593800000001,24.877753],[118.812755,24.88165900000001],[118.802745,24.888088],[118.80274163323286,24.88808895088038],[118.80274000000001,24.88808999999999],[118.79400716079117,24.890555839213768],[118.79208400000002,24.891098999999997],[118.79208381229621,24.891098923544888],[118.79208,24.89109999999999],[118.77760000000002,24.885199999999987],[118.77760008114328,24.885199440369018],[118.77759899999998,24.885199000000004],[118.77860517081697,24.878267512381225],[118.78011940084599,24.86782413226046],[118.77074325349011,24.862736408503736],[118.76196999999999,24.857979999999994],[118.73634,24.85139000000001],[118.72776748018778,24.84808115967759],[118.71607499999999,24.843573000000003],[118.71423375000145,24.844134388111442],[118.70607,24.846629999999998],[118.6998,24.85155000000002],[118.69879760048511,24.856222002417354],[118.69839868735163,24.85808351923387],[118.69809050327807,24.85952165146714],[118.69917000967106,24.863063966161125],[118.701752,24.871527],[118.70659585395177,24.87614241580461],[118.70777000000001,24.87725999999999],[118.72150633414002,24.881628501213303],[118.72519000000001,24.882798999999988],[118.72807610001024,24.8843190000054],[118.72975,24.885199999999987],[118.72962433724467,24.89291066666683],[118.729503,24.900538999999974],[118.72411468231252,24.910296788191282],[118.72047000000002,24.9169],[118.70753,24.931220000000003],[118.69557,24.94042000000002],[118.69557038294994,24.940413399514558],[118.695567,24.94041600000001],[118.69751981204081,24.906809234668774],[118.69706621983984,24.904962300270896],[118.695567,24.898870999999986],[118.69277444751143,24.897575609572602],[118.68881156439289,24.895740724341678],[118.68837440454523,24.896570319559107],[118.6879545207264,24.89736713017618],[118.68483,24.903310000000005],[118.68434,24.915470000000006],[118.68808000000001,24.92617],[118.68807893465538,24.926170954247223],[118.68808000000001,24.926174000000007],[118.68566490516996,24.928333241365475],[118.68271,24.930980000000023],[118.67846002346836,24.935986394373064],[118.67725710801801,24.93740487262513],[118.66774,24.953439999999997],[118.6677369490727,24.953433718385426],[118.667735,24.95343700000001],[118.66244296283386,24.94253382527825],[118.66163099071885,24.94086203981062],[118.65769540913475,24.93711788627603],[118.64404999999998,24.924140000000005],[118.64120361092178,24.91749064846482],[118.640391,24.915594999999996],[118.64039179855962,24.915594201553176],[118.64038999999998,24.915589999999998],[118.64747,24.908510000000014],[118.66212000000002,24.898379999999992],[118.67343,24.886619999999986],[118.67114999999998,24.87465999999999],[118.66813100741314,24.873483001886594],[118.66813100715022,24.87348300178409],[118.65121776235698,24.866890076789964],[118.64592333333074,24.867071767527744],[118.62411500000002,24.86782499999998],[118.59579602270757,24.87474175020947],[118.57202999999998,24.885199999999987],[118.61280000000001,24.855779999999992],[118.61988000000001,24.843570000000003],[118.62025936190804,24.836249340477167],[118.620616,24.829290999999998],[118.61871329801116,24.820698882992815],[118.61801,24.817529999999998],[118.61793000000002,24.80532000000001],[118.62728341893389,24.787398466247517],[118.63257900000002,24.777248000000007],[118.63659207768482,24.773417233049678],[118.63795,24.772119999999983],[118.64038999999998,24.778750000000016],[118.64381,24.78221],[118.64844528571173,24.78240585714274],[118.651622,24.78253800000002],[118.66065500000002,24.781887000000005],[118.66462300000116,24.782046728813597],[118.66774,24.782170000000008],[118.68557025132246,24.79224755556385],[118.68653400000001,24.792792],[118.6897255429163,24.79536911425548],[118.69752000000001,24.801659999999995],[118.70174999999999,24.810039999999997],[118.70761681765435,24.806777847080127],[118.711029,24.804876999999987],[118.71509900000001,24.798326000000003],[118.716319,24.789943999999995],[118.71607499999999,24.778753999999985],[118.71810897015024,24.773859661689183],[118.71998000000002,24.769349999999992],[118.72546802065678,24.769431165265694],[118.72876999999998,24.76947699999999],[118.743419,24.775336000000003],[118.75953104124503,24.76776845031078],[118.76295,24.762679999999975],[118.76297466409065,24.762403661514906],[118.763927,24.751695000000005],[118.74854600000002,24.725164999999997],[118.74683706134525,24.720689160667817],[118.73203000000001,24.716460000000012],[118.73202709307829,24.71645731232917],[118.73202600000002,24.716457000000002],[118.720225,24.70555200000002],[118.6996112571303,24.677207623807774],[118.69874043346137,24.676010595832878],[118.69774712133258,24.675301969669373],[118.68539210125616,24.666491498423863],[118.675792,24.671454],[118.666515,24.683009999999985],[118.65536619093992,24.692336786378007],[118.65406,24.693429999999992],[118.64210000000001,24.678699999999996],[118.64082389282304,24.67557458340598],[118.635997,24.66376399999999],[118.63413779611578,24.64928399999437],[118.63388,24.647279999999988],[118.63381843093941,24.643547375701942],[118.63355599999998,24.627875000000024],[118.64022900000002,24.616929],[118.65381900000001,24.616399999999988],[118.655886,24.615570000000012],[118.66415000000002,24.61225000000002],[118.6618956032216,24.593802641287024],[118.66146907910836,24.59031864618414],[118.65915498325737,24.58691666108154],[118.646576,24.568427000000003],[118.64397185613426,24.56613926514661],[118.62045,24.54547999999998],[118.5989107811151,24.532812437779377],[118.59083100000001,24.528061999999995],[118.56519599999999,24.522691000000012],[118.56323141440794,24.521688085593805],[118.56128999999999,24.520699999999998],[118.55722,24.51724000000001],[118.555827631578,24.517587021052865],[118.55396977111911,24.51805105808914],[118.55161000000001,24.528960000000012],[118.5511959583943,24.533464101251308],[118.550873,24.537013999999996],[118.551362,24.545966],[118.554454,24.55320899999998],[118.561534,24.556220000000003],[118.57813600000001,24.560206999999995],[118.57813463691359,24.560208711696887],[118.57814,24.56021000000002],[118.57114000000001,24.56900000000001],[118.50750362914222,24.604627629171407],[118.50123100000002,24.60813999999999],[118.50041341285343,24.608285087148236],[118.48609000000002,24.61083000000001],[118.47486000000002,24.614329999999992],[118.46438201313384,24.61952288177794],[118.44532300000002,24.628974000000028],[118.4280713686345,24.631333949572365],[118.43270999999999,24.644719999999985],[118.43352300076667,24.650673667152848],[118.434662,24.659002999999995],[118.43474233790272,24.669091333357816],[118.43491000000002,24.689639999999997],[118.43357647537255,24.69329175000165],[118.43124400000002,24.699693],[118.43124004813248,24.699689868193072],[118.43124,24.69969],[118.42262,24.692860000000003],[118.41982900029656,24.689671001235713],[118.411469,24.680121000000018],[118.40475350777034,24.675161984469433],[118.40088999999999,24.672310000000007],[118.4008903316628,24.672309244914434],[118.40088999999999,24.672309000000013],[118.42188600000001,24.624498000000013],[118.40479599999999,24.606634999999994],[118.38971906191054,24.596707214962414],[118.37989000000002,24.590239999999987],[118.36093997055161,24.584938823206706],[118.351654,24.582343000000016],[118.33056785343847,24.58866226717631],[118.32504,24.59031999999999],[118.31871300000445,24.58755762353136],[118.317393,24.586981999999995],[118.30714,24.588324000000004],[118.29772697941995,24.592185407412583],[118.28403,24.597810000000003],[118.28402834152386,24.597804859900148],[118.28402800000002,24.59780500000001],[118.279796,24.584702999999998],[118.27420092993911,24.57627683758383],[118.27296,24.57441],[118.26319204126393,24.570380841995267],[118.2610345684649,24.571308267549597],[118.2590787144727,24.572149023907553],[118.24985,24.57612000000001],[118.24984913137821,24.576116513658263],[118.24984800000001,24.57611700000001],[118.24581402449135,24.559921016413828],[118.24179000000001,24.543770000000006],[118.21900287683526,24.541450292859057],[118.21162559559536,24.545942541939148],[118.194347534906,24.55646367427958],[118.19114744938923,24.561233475739776],[118.181163,24.57611700000001],[118.18165100000002,24.597804999999997],[118.19166100000001,24.600898],[118.205089,24.598699999999997],[118.20508924961051,24.598700122923088],[118.20509,24.598699999999997],[118.21045999965307,24.60134499982915],[118.21045999999998,24.60134500000002],[118.21583100000001,24.60399],[118.21518,24.614813999999996],[118.2105573553427,24.61751829748012],[118.20371000000002,24.621530000000003],[118.18863409564217,24.62450338252299],[118.18783599999999,24.62466100000001],[118.1831382278208,24.624604316539678],[118.17433,24.624500000000005],[118.18364834488482,24.64238300010981],[118.18384900000001,24.64276800000001],[118.18384904078032,24.642768159144556],[118.18385,24.642770000000006],[118.1843337882036,24.64465987851719],[118.187592,24.65737500000002],[118.18758999587781,24.65737998389703],[118.18759000000001,24.657380000000003],[118.18141,24.672759999999997],[118.16049000000001,24.693430000000017],[118.15748,24.66267],[118.15089000000002,24.65864],[118.14527,24.65864],[118.14145000000002,24.65697],[118.14144970912386,24.656968309419003],[118.14144899999998,24.65696799999998],[118.14070528806799,24.65264171185385],[118.13746000000002,24.633779999999994],[118.13152590745017,24.621273740432617],[118.130951,24.620063000000002],[118.1292618621993,24.617716964599715],[118.12216,24.607860000000013],[118.11279999999998,24.597810000000003],[118.11036038460993,24.58405216894778],[118.103363,24.584783999999985],[118.09852833100224,24.59047228273421],[118.0923,24.597810000000003],[118.06141342660345,24.610620248264134],[118.044444,24.61766199999999],[118.0444428069557,24.617658835811312],[118.04443999999998,24.617659999999987],[118.03887219862648,24.602884484322942],[118.03695700000002,24.597804999999997],[118.0447689729737,24.575997866945333],[118.0373615127887,24.560613141945726],[118.03652520928213,24.560324628540133],[118.02281150179373,24.555593584822525],[118.02109,24.555000000000017],[118.00294152043148,24.562449375911044],[118.00845584566034,24.578320000033827],[118.00845584571962,24.5783200002044],[118.00929000000001,24.58072],[117.99243999999999,24.571480000000005],[117.97486000000002,24.552720000000004],[117.97814020783412,24.544188103919968],[117.97877000000001,24.542548000000004],[118.020763,24.536566],[118.04403699999999,24.528266],[118.05811599999998,24.515855000000016],[118.044281,24.498032999999992],[118.04028634963389,24.494252650380275],[118.03671013259904,24.49087012541733],[118.02710999999998,24.48794199999998],[118.02266166563987,24.487831997951805],[118.01393,24.48762000000001],[118.01099266523694,24.486280163090527],[118.009369,24.485540999999994],[118.006928,24.480454999999992],[118.00005702028032,24.471545734776115],[117.99952,24.470849999999988],[118.00248079799323,24.468969195319435],[118.007579,24.465725000000013],[118.01929746153091,24.455508384621996],[118.02026999999998,24.454660000000004],[118.02126817535938,24.448609835066538],[118.02173832931666,24.445750079494275],[117.99610000000001,24.446970000000015],[117.91188,24.478949999999994],[117.86769,24.489570000000022],[117.86673873415351,24.489362202526472],[117.825938,24.480454999999992],[117.82594926957849,24.480452024875586],[117.82594,24.480450000000005],[117.84628,24.475079999999984],[117.8601517480637,24.47403648836031],[117.866222,24.473578000000007],[117.87083557096726,24.47235925081177],[117.88486,24.468649999999986],[117.90112610228223,24.453193703670355],[117.87401258702714,24.459042544240244],[117.86618257141083,24.46073161010163],[117.81567999999999,24.47163],[117.80269796924087,24.469417576896433],[117.79127000000001,24.467475],[117.79127000000001,24.467470000000002],[117.79127000000001,24.460640000000012],[117.79127000000001,24.46063900000001],[117.83118161680663,24.429828595833794],[117.87459999999999,24.396310000000007],[117.87460256841057,24.396309105138123],[117.874604,24.396308],[117.87926281135253,24.394685426362496],[117.90732000000001,24.384910000000016],[117.98935000000002,24.394760000000012],[117.99381768198494,24.396452954021452],[118.019542,24.406195],[118.03012100000001,24.41282799999998],[118.0340006031461,24.41097419056388],[118.04298000000001,24.406679999999984],[118.04475664098638,24.40366208975305],[118.047455,24.39907499999999],[118.04688600000001,24.389635000000023],[118.04288112027854,24.373883172943433],[118.04078,24.365630000000003],[118.03707297944766,24.36224660822602],[118.035737,24.361028999999977],[118.03003999999999,24.358139999999988],[118.02394,24.350779999999993],[118.02393990146565,24.350779707453196],[118.023936,24.350775000000002],[118.01588000000001,24.326849999999997],[118.02418,24.323550000000004],[118.03736,24.33128],[118.03736369339778,24.331284820197084],[118.037364,24.331285],[118.044444,24.340522000000007],[118.04931206062103,24.344161224253607],[118.05299000000001,24.346909999999998],[118.07179,24.34886],[118.07829414309882,24.346299858567516],[118.09058700000001,24.341456999999984],[118.09675872871341,24.325763691458782],[118.09913,24.31973000000001],[118.0997120965887,24.318732381632618],[118.10230599999998,24.314276000000003],[118.116466,24.30451100000001],[118.11880743235527,24.300638858086728],[118.11964,24.29926000000001],[118.11966282223811,24.298800527798456],[118.120616,24.27952700000002],[118.1224416578907,24.2716421315964],[118.12265000000001,24.270740000000007],[118.1227410269148,24.27053299101095],[118.12647500000001,24.262029999999996],[118.108735,24.26105399999999],[118.08472729569685,24.249091147343453],[118.08369620177591,24.24952860527438],[118.07178800000001,24.254583999999998],[118.05933700000001,24.245509999999985],[118.03946877614796,24.221560444014507],[118.03834024046523,24.220200289817853],[118.023936,24.20673200000001],[118.016205,24.20311099999999],[117.99642999999999,24.197414000000023],[117.989268,24.193101000000006],[117.98642000000001,24.187161000000014],[117.98625303312512,24.186392208590725],[117.98251000000002,24.169180000000004],[117.97877000000001,24.162100000000002],[117.96787000000002,24.15982],[117.96266,24.173809999999992],[117.95851,24.203069999999997],[117.95409654706602,24.205889870599417],[117.94361400000001,24.212592000000008],[117.93214,24.20795299999999],[117.920909,24.196681999999978],[117.91553899999393,24.192565790282345],[117.90732000000001,24.18626999999999],[117.90732390198627,24.18626875746805],[117.907319,24.18626500000001],[117.92754093219995,24.17983093220449],[117.93238,24.178290000000008],[117.93775,24.16169000000001],[117.93051,24.141099999999994],[117.91095045317867,24.112576500206984],[117.91095045308847,24.11257650007546],[117.901378,24.098619000000014],[117.90012674272133,24.095944005810672],[117.89576,24.086620000000003],[117.89458154130953,24.079186215559247],[117.89364700000002,24.073309999999996],[117.8955021995374,24.06159839984801],[117.8956,24.060980000000004],[117.89869,24.050520000000006],[117.89942000000002,24.040190000000017],[117.89595215526424,24.0328756723684],[117.89364700000002,24.028022000000004],[117.862315,24.035223999999996],[117.84795806348743,24.02804522223359],[117.83912000000001,24.023630000000008],[117.81884682585292,24.00216544936684],[117.79810600000002,23.980210999999976],[117.78150777196949,23.966689318312685],[117.77198,23.95893],[117.76547000000001,23.94732999999999],[117.76456731824629,23.939918941583894],[117.763276,23.92934799999999],[117.75863699999998,23.915473000000006],[117.74805968736383,23.907540015522883],[117.73658175707175,23.90810991275863],[117.73305142467876,23.91354278774516],[117.73286475106686,23.91383006222357],[117.72926000000001,23.919379999999997],[117.73021072659193,23.92281342445554],[117.73788500000002,23.95050700000001],[117.79072882671423,24.000937288927627],[117.79135,24.00153],[117.79135004468561,24.00153013399075],[117.791352,24.00153200000001],[117.79360333334867,24.008286666712653],[117.79811000000001,24.021799999999967],[117.79064271268422,24.0258672338129],[117.78646900000001,24.028143999999998],[117.76775900000038,24.018081135812647],[117.76173,24.01484000000001],[117.75726867462306,24.02450300000823],[117.757091,24.024888],[117.769786,24.031317000000012],[117.76978823555714,24.031319106663982],[117.76979000000001,24.031319999999997],[117.77067067577198,24.032150668945825],[117.77613400000001,24.037299],[117.774181,24.045395999999997],[117.77418094087427,24.04539609175311],[117.77417999999999,24.045400000000015],[117.77292961049807,24.047337943831643],[117.77027399999999,24.051459000000005],[117.76724119244608,24.059606149072014],[117.76328,24.070259999999994],[117.75708999999999,24.070260000000008],[117.75001000000002,24.037300000000005],[117.72413,24.033760000000008],[117.69223,24.04654],[117.67800120669612,24.05569960889025],[117.667084,24.062730000000013],[117.66708482335605,24.062726895024475],[117.66707999999998,24.06273],[117.67099,24.048],[117.67969800000002,24.039049000000002],[117.68311101955443,24.038007365930287],[117.69223,24.03521999999998],[117.70320266666944,24.035386051251052],[117.70874891642113,24.035467969225596],[117.70293428933428,24.02457056594384],[117.68848700000001,23.997503999999985],[117.68726599999998,23.97907099999998],[117.6950789861547,23.953559045209467],[117.67156,23.931410000000007],[117.65373620598804,23.914169190964436],[117.648633,23.909234000000005],[117.64863219608729,23.90923212425714],[117.64862999999998,23.909229999999987],[117.6336,23.874160000000007],[117.63286283497897,23.871049456282154],[117.625536,23.840153000000008],[117.626008,23.812233000000024],[117.62600999542508,23.81223027177047],[117.62600999999998,23.812229999999996],[117.63926872938706,23.794101737270964],[117.61939500000001,23.774806999999992],[117.612559,23.76268100000002],[117.59166948282046,23.73706459207331],[117.59147264449189,23.738812333325487],[117.589525,23.75615400000002],[117.587462,23.777779999999996],[117.602012,23.798948999999993],[117.60107309017229,23.81621872745607],[117.60011000000002,23.833969999999994],[117.59816,23.85244],[117.59368147351464,23.866044165559504],[117.59205199999998,23.870998000000018],[117.59001018859489,23.874858362275596],[117.58237,23.889310000000012],[117.57106,23.90326999999999],[117.56405201046489,23.90814087060499],[117.556733,23.913234999999993],[117.537364,23.919378999999996],[117.53736307598312,23.9193790233714],[117.53736,23.919379999999997],[117.47461999999999,23.920970000000004],[117.46684250832715,23.922790514987124],[117.45484500000002,23.925604999999994],[117.43260721658906,23.941970183322866],[117.43018999999998,23.943750000000005],[117.43018814436884,23.94375042192055],[117.43018599999999,23.943752000000003],[117.416596,23.946845],[117.41000103354305,23.937291233217046],[117.40707000000002,23.933049999999994],[117.40906826894778,23.91800556137008],[117.409679,23.913398],[117.42709400000001,23.91038599999998],[117.44979899999998,23.913479000000006],[117.45520115848335,23.913032788693947],[117.4685183505822,23.91193013657039],[117.499596,23.874072000000005],[117.49407300626154,23.850007568708413],[117.49007000000002,23.832579999999997],[117.47012099514565,23.799351665099696],[117.46808091456035,23.79595418994236],[117.46347839155578,23.788289317445788],[117.44823643038039,23.781821287952152],[117.434331,23.775922000000016],[117.382416,23.795232999999993],[117.37026887128214,23.792891514828526],[117.36890999999999,23.792630000000003],[117.36890934421943,23.792629451872642],[117.36890700000001,23.792629000000005],[117.36723237527848,23.791227774825483],[117.36093,23.785960000000003],[117.35458,23.77741],[117.34560531341583,23.76859433333315],[117.345551,23.768540999999985],[117.34480904301482,23.76834693374332],[117.34412999999999,23.768170000000005]],[[117.34412999999999,23.768170000000005],[116.67032722844223,24.809496075427152],[116.45,25.15000000000001]],[[116.45,25.15000000000001],[116.9,26.9]],[[116.9,26.9],[118.45000000000002,28.3]],[[118.45000000000002,28.3],[119.05,27.250000000000014]],[[119.05,27.250000000000014],[119.11404105956944,27.242465695311108],[120.25766894999282,27.107920123531276]],[[120.25766894999282,27.107920123531276],[120.2577510869898,27.107825045913337],[120.2577897600009,27.107780279998956],[120.25838999999999,27.107079999999993],[120.26156774761442,27.10227379809206],[120.26400799999999,27.09857799999999],[120.27748701754732,27.06583799996709],[120.27833000000001,27.063789999999997],[120.27149422872743,27.057563851604066],[120.25782299999999,27.07265899999999],[120.25782162706427,27.07265820273075],[120.25782000000001,27.072660000000013],[120.25309804167817,27.069915197898588],[120.24520900000002,27.065333999999996],[120.23550434046992,27.05441672384635],[120.23219000000002,27.05069000000001],[120.22126617550977,27.04603687753283],[120.216319,27.043931000000004],[120.216319,27.037095000000004],[120.23298593416504,27.035052263340795],[120.24154951183526,27.034000059980617],[120.255626,27.017523999999998],[120.2552190636786,26.997059202392897],[120.24329088974143,26.986898165335305],[120.2373991627488,26.981880841770764],[120.22999000000002,26.989330000000006],[120.21608,26.984080000000002],[120.19538427179411,26.981609543594136],[120.19452155305116,26.9815067024496],[120.19320727239806,26.98135003247145],[120.14868999999999,26.981880000000018],[120.14869209108946,26.981878998917537],[120.148692,26.981878999999992],[120.18702200000001,26.963528000000004],[120.19292021692426,26.962512883594872],[120.19955,26.96136999999999],[120.21388,26.963810000000002],[120.22592,26.967349999999993],[120.23014487947816,26.966930539089663],[120.235688,26.966376000000004],[120.24340592521315,26.955507999981975],[120.24365999999999,26.95514999999999],[120.23935,26.952340000000007],[120.23731165151631,26.949387909092565],[120.234711,26.945623999999988],[120.229991,26.940904],[120.22999205408485,26.940902054084823],[120.22999000000002,26.9409],[120.23460616345817,26.932384081717547],[120.23739700000002,26.92723200000001],[120.228608,26.923000000000002],[120.22735040156007,26.92178819882231],[120.22413,26.91869000000001],[120.22169242359034,26.917113313671504],[120.219086,26.91543199999999],[120.2111503732638,26.913885036212616],[120.20948157474744,26.913560306428504],[120.20077600000002,26.915432000000003],[120.168468,26.92723200000001],[120.14722700000002,26.929022999999987],[120.125743,26.927314],[120.113617,26.918769000000008],[120.12069684256267,26.899888419855195],[120.11969338836475,26.899386239524897],[120.10963,26.894355000000004],[120.10341214894058,26.890468388300636],[120.10279189894793,26.89008118545432],[120.095551,26.887274000000005],[120.08772649259863,26.886652522198595],[120.08326,26.88629999999998],[120.08279856799115,26.886530160062257],[120.07911199999998,26.88837299999999],[120.07404282212221,26.89259716443281],[120.07350000000001,26.89305000000002],[120.07349772242783,26.893051397998263],[120.073497,26.893052],[120.06568399999999,26.897854000000002],[120.05942140084268,26.89913705063316],[120.05576000000002,26.89988999999998],[120.03199,26.89988999999998],[120.03199443428572,26.899887999999997],[120.03199300000001,26.89988800000002],[120.055268,26.889389999999995],[120.05178842809873,26.885398929771732],[120.0442,26.876700000000003],[120.0366459619213,26.87014179362178],[120.025157,26.86017500000001],[120.024506,26.837876999999995],[120.0327320559282,26.830597351985258],[120.03369999999998,26.82973999999999],[120.03370184505476,26.82973913711878],[120.03370199999999,26.829738999999996],[120.04761800000001,26.823228000000007],[120.06299900000002,26.818915000000008],[120.0762617803488,26.817369258694363],[120.078684699142,26.816360398309477],[120.08505299999999,26.813706999999987],[120.08810669606162,26.811627825505077],[120.09653,26.80588999999999],[120.11085000000001,26.79873000000001],[120.12818000000001,26.796939999999992],[120.11964,26.784170000000014],[120.10694,26.771800000000006],[120.09984710410512,26.761527263943343],[120.09774799999998,26.75848999999999],[120.10019,26.742906000000005],[120.10693575559293,26.738948733202175],[120.11240000000001,26.73574],[120.12875,26.73504999999999],[120.14283,26.732809999999997],[120.14868999999999,26.72117999999999],[120.1466213214886,26.716707290796588],[120.14356500000001,26.710110000000004],[120.131928,26.70722100000001],[120.12897715555445,26.70703311111103],[120.11850000000001,26.706369999999996],[120.11173582036503,26.703212966066854],[120.10767700000001,26.701321000000004],[120.10206100000002,26.689154],[120.10206116476064,26.689152522266408],[120.10206,26.68914999999999],[120.10269001722172,26.683512362022466],[120.10360800000001,26.675278999999996],[120.10603990902437,26.670067969662178],[120.11044,26.66063],[120.12031256650975,26.6466101857654],[120.12069700000002,26.646064000000013],[120.12069713245516,26.646064072137296],[120.1207,26.64606],[120.134369,26.653509455010987],[120.134369,26.646064000000006],[120.09896900000001,26.628362999999997],[120.09429244651602,26.62503205348881],[120.09034000000001,26.622220000000002],[120.08041088970374,26.617420430068275],[120.07960300847243,26.618051626061003],[120.07521,26.621489999999994],[120.07651,26.63011],[120.08284905293388,26.635794578442166],[120.08668099999998,26.639228000000013],[120.08667945379901,26.639229510191452],[120.08668000000002,26.639230000000012],[120.085653295103,26.640231770635204],[120.079682,26.646064000000006],[120.027843,26.615301999999986],[120.01490300000002,26.611274],[119.95997199999998,26.611274],[119.95467208055126,26.60885456388446],[119.94874,26.60615000000001],[119.94116999999999,26.593330000000012],[119.93702000000002,26.576730000000005],[119.9361234061849,26.56615279180456],[119.93563900000001,26.560452000000005],[119.8842893879251,26.52318000742208],[119.84718,26.523629999999986],[119.83934273160088,26.528934492635997],[119.835704,26.531399000000018],[119.832612,26.550482000000013],[119.83398239743529,26.555012198715865],[119.83595,26.56151],[119.84164,26.56239999999999],[119.84518191551582,26.561498223963756],[119.848155,26.560735999999984],[119.84927479486986,26.561409671784563],[119.85377,26.56411],[119.85483000000002,26.57193000000001],[119.8528337511756,26.585680334862722],[119.852061,26.591009999999997],[119.8530635398916,26.595282380357258],[119.85377,26.598290000000006],[119.8685,26.61005],[119.88844000000002,26.617130000000003],[119.91327699045925,26.622344971349804],[119.928966,26.625637000000008],[119.944835,26.632024999999988],[119.96851600000001,26.647934999999997],[119.98414100000001,26.653510000000004],[119.98375326392731,26.654360452785458],[119.98203000000001,26.65815000000001],[119.97931045621341,26.66771845620616],[119.97876999999998,26.66962300000002],[119.9782721764708,26.670743294117237],[119.9768200811423,26.6740198169097],[119.97739543923997,26.674359098123556],[119.98634,26.67963],[119.99067362412643,26.688378250573013],[120.00025500000001,26.707709000000005],[120.0081196025643,26.717140920510776],[120.01148578805532,26.72117495241152],[120.012299,26.719061999999997],[120.01229927440242,26.71906189909488],[120.0123,26.71906],[120.01485773118362,26.7181210860212],[120.017833,26.717027],[120.0227971493089,26.716050020832668],[120.02817,26.714990000000004],[120.03232,26.71662],[120.03224404379587,26.71749004379266],[120.03199300000001,26.720404],[120.03093959006557,26.723651954043554],[120.03053,26.72492],[120.03136432639566,26.727011530553508],[120.03199300000001,26.728583000000008],[120.03957306003682,26.73804803006351],[120.03957306028862,26.738048030377904],[120.07765,26.785590000000006],[120.07896208350584,26.792926033394775],[120.079682,26.796942000000005],[120.067475,26.800481999999988],[120.05946401416195,26.79888854951478],[120.0149,26.79003],[119.96678519295166,26.794876549806187],[119.9463,26.796942000000005],[119.925141,26.792182000000004],[119.92514075505507,26.7921801698517],[119.92513999999998,26.79217999999999],[119.92488524684475,26.790271096220316],[119.923676,26.781235999999975],[119.93563900000001,26.759019],[119.9340088329878,26.75527649992787],[119.92408,26.73248999999999],[119.91298505765936,26.72131013464279],[119.901866,26.710110000000004],[119.888031,26.68724200000001],[119.88803109453438,26.687241808670635],[119.88803,26.687239999999996],[119.89901955364415,26.66500212470827],[119.89994910948018,26.663120784675804],[119.90161957189993,26.659739914263067],[119.88364450413886,26.656139991725592],[119.87964900000001,26.655341],[119.86216059133815,26.653930681732664],[119.8569439702908,26.65351031993095],[119.85377,26.687689999999993],[119.8506,26.68951999999999],[119.8452731114238,26.695857031855947],[119.829194,26.714992999999996],[119.81959100000002,26.711371000000007],[119.81959009322749,26.71137003515453],[119.81959,26.711369999999988],[119.81906100003029,26.710807056932943],[119.803071,26.69379299999999],[119.79175999216955,26.687690535290884],[119.7917182339428,26.69054512766946],[119.79151500000002,26.704779000000013],[119.79817297286918,26.743214506755155],[119.80226,26.76679],[119.81152999999999,26.77578],[119.82033647043374,26.78017244675115],[119.84009899999998,26.790024999999996],[119.84009439710331,26.790027205415548],[119.84010000000002,26.79003],[119.82838000000001,26.79564],[119.815766,26.797593000000006],[119.80323300000002,26.795721999999994],[119.8020622650823,26.795140713890003],[119.79176007242957,26.79003003593063],[119.797374,26.816392000000015],[119.815033,26.825629],[119.834809,26.832506],[119.846283,26.8522],[119.84627979304018,26.85219964472202],[119.84628,26.852200000000018],[119.81983,26.84926999999999],[119.79835,26.841380000000004],[119.78198999999998,26.828520000000005],[119.77410972601386,26.81607345662766],[119.77060000000002,26.810533000000007],[119.76522899999999,26.79409400000002],[119.76574552436405,26.786087475641033],[119.76588,26.784],[119.76727999510776,26.77941298531244],[119.768809,26.77440000000001],[119.77059991653252,26.75901971681386],[119.76965503840603,26.755813961628157],[119.76644899999998,26.744940000000014],[119.75619876602076,26.737739942931967],[119.74301,26.73713],[119.73024,26.742909999999995],[119.73024,26.749089999999995],[119.73267999999999,26.763410000000004],[119.73053420096402,26.770926799047256],[119.726085,26.786526000000013],[119.72133676620791,26.793744300152863],[119.71201000000002,26.80793000000001],[119.69497522014358,26.816126142805533],[119.6949752200131,26.81612614286831],[119.69239300000001,26.817369000000014],[119.69239265786179,26.8173687211919],[119.69238999999999,26.81737000000002],[119.68579999999999,26.812],[119.68308101697356,26.806004666660016],[119.680186,26.79962800000001],[119.67628,26.785875000000004],[119.67505900000002,26.776434999999996],[119.67506003735673,26.776430289055167],[119.67505999999999,26.77643],[119.67528400000467,26.77541320816995],[119.677989,26.763129],[119.683849,26.754218000000012],[119.71029699999998,26.729885],[119.71860590624742,26.725389921892138],[119.72022840984292,26.724510861535258],[119.72738700000001,26.717922000000005],[119.730235,26.704739],[119.724946,26.697821000000015],[119.72424227064162,26.69794235321112],[119.71315,26.69985999999999],[119.69614000000001,26.708199999999998],[119.68043049036648,26.721829574557933],[119.6800275584712,26.722283837675874],[119.66383000000002,26.740549999999995],[119.64872880745575,26.751371673893946],[119.646007,26.753323000000012],[119.62655942611671,26.749091527883092],[119.62304694555677,26.758443010860155],[119.620372,26.765570000000004],[119.62265100000002,26.777167000000002],[119.62248874311757,26.77908119268063],[119.62184,26.786770000000004],[119.61255942141948,26.792747421416333],[119.60604899999998,26.796942000000005],[119.60370842285789,26.79698796001375],[119.59775,26.79710999999999],[119.58862361006177,26.79538712578119],[119.584565,26.794622999999994],[119.58456119879659,26.794620226308062],[119.58456000000001,26.794619999999995],[119.57818677833875,26.789968889175224],[119.57553100000001,26.788031000000014],[119.57553107307338,26.78803078311777],[119.57553,26.788030000000006],[119.57869371240193,26.778644050163127],[119.57943800000001,26.776434999999996],[119.57561861364988,26.77165084846335],[119.57154,26.766550000000002],[119.55763000000002,26.75878],[119.55209,26.749090000000017],[119.55029999999998,26.737209999999987],[119.55152,26.725169999999988],[119.55327540962638,26.71946215863624],[119.554698,26.714830000000003],[119.55893000000002,26.708196999999995],[119.5637368888631,26.706205222045867],[119.57081,26.703270000000003],[119.58374999999998,26.703920000000004],[119.59595999999999,26.703310000000002],[119.59956083314812,26.700176668479646],[119.60604899999998,26.694524999999995],[119.608246,26.683539000000014],[119.606456,26.669907999999996],[119.60287225396078,26.65694519044915],[119.59986150826144,26.646065450308352],[119.58263394209754,26.656092699339364],[119.56813,26.66454],[119.56081341941486,26.666154419411722],[119.55893000000002,26.666570999999987],[119.54444400000001,26.662502000000014],[119.54444344285304,26.662500967040163],[119.54444,26.662500000000005],[119.54149499560255,26.65703449634346],[119.541108,26.656317],[119.54519808606466,26.6372169713823],[119.54542000000001,26.636180000000017],[119.54542029368997,26.63617929835159],[119.545421,26.636175999999992],[119.55421,26.615179999999995],[119.592377,26.590887999999996],[119.59598944326837,26.580992983765483],[119.59985999999999,26.570380000000007],[119.59986399999998,26.570380000000007],[119.60604899999998,26.570380000000007],[119.60605,26.570380000000007],[119.61890709421716,26.58783605482362],[119.62092578688309,26.589010703003055],[119.62600366666717,26.591965448093504],[119.63779,26.59882],[119.65797,26.607649999999985],[119.67505999999999,26.6188],[119.68751000000002,26.611269999999987],[119.69605628097456,26.609564561949988],[119.70093800000001,26.608587999999997],[119.70942240099215,26.60936586466413],[119.73024,26.61127],[119.73019137081161,26.611269999999987],[119.730235,26.611274],[119.72282114285716,26.611274],[119.72840202394922,26.611587784479088],[119.73519900000001,26.611965],[119.742198,26.608628999999997],[119.74266322864644,26.604264228647217],[119.74292996194472,26.601750358657828],[119.74229903313177,26.60075275274022],[119.7421324811227,26.600489405645543],[119.73642,26.591460000000005],[119.73642160614996,26.591459539596663],[119.73642,26.591457000000002],[119.748627,26.587958],[119.77173900000001,26.583888999999996],[119.78491950899377,26.577827605428634],[119.7836151008388,26.571466182075785],[119.782237,26.564765],[119.78272499999999,26.559638000000007],[119.78406941296855,26.554037706487733],[119.78491864647904,26.550485661302204],[119.77859651914673,26.55580255744073],[119.77418,26.559520000000006],[119.77273222120475,26.56137623035483],[119.77060000000002,26.564113999999993],[119.76413842989906,26.554363009250213],[119.76173,26.55072999999998],[119.76173027350193,26.550728921809284],[119.761729,26.550727],[119.76588,26.534369000000005],[119.77008497011182,26.530035011958635],[119.77913999999998,26.520700000000005],[119.77914277068773,26.520699297712582],[119.77914500000001,26.520697000000006],[119.78395928571923,26.51947845354264],[119.79859,26.515769999999996],[119.79763100660838,26.514574858085506],[119.795258,26.51162300000002],[119.79373425000179,26.508713403634715],[119.79347000000001,26.508210000000016],[119.79243440344571,26.50711263101965],[119.790619,26.505194],[119.7856517360705,26.502426947954994],[119.78492,26.50202000000001],[119.79085830654977,26.498923959833032],[119.79428100000001,26.497138000000017],[119.802257,26.489446999999974],[119.81226600000001,26.474798999999994],[119.8169549279466,26.46391721324698],[119.81771930290562,26.46214161930549],[119.81885800000002,26.453192000000012],[119.81774420497828,26.448737346281323],[119.81673999999998,26.44473000000001],[119.8153297946846,26.441275470200562],[119.81226600000001,26.433783000000005],[119.80884900000001,26.433051000000003],[119.79574600000001,26.434271999999996],[119.79175900000001,26.433783000000005],[119.79110800000001,26.429917999999983],[119.79197552087543,26.421597201437056],[119.79249,26.41664999999999],[119.7919526258044,26.4141986903132],[119.79175986771295,26.41331995568047],[119.77970894237114,26.40928258982992],[119.772065,26.40672399999998],[119.76583535925447,26.40717651478213],[119.76197284554951,26.407459791307563],[119.76149669505195,26.408611059813474],[119.75748643887555,26.418307325301157],[119.75205,26.431459999999984],[119.75040938092214,26.432850142882764],[119.737641,26.44367099999998],[119.718761,26.451850000000007],[119.69922900000002,26.454901],[119.69678899999192,26.456079127122557],[119.68978999999999,26.459460000000014],[119.68100335594097,26.470837711510416],[119.68100335585336,26.470837711623865],[119.664561,26.49213300000001],[119.65365599999998,26.49803300000001],[119.65070444920124,26.496269058057038],[119.64698,26.49405],[119.64190261339259,26.484021739740502],[119.64096099999999,26.482164],[119.6383896386907,26.480818083922962],[119.63575,26.479439999999993],[119.63021903798874,26.47484795251551],[119.625499,26.470933],[119.620372,26.467963000000005],[119.60572400000001,26.474351000000006],[119.601894,26.474643805460758],[119.59985999999999,26.47479999999998],[119.59233940754122,26.47334859247219],[119.57960000000001,26.47089299999999],[119.57648750000092,26.46895500000057],[119.5713,26.465730000000008],[119.56937114780361,26.461449371047753],[119.566417,26.454901],[119.5715536206372,26.44174654022639],[119.57309,26.437809999999992],[119.58805659879327,26.43479529938592],[119.59408600000002,26.433580000000013],[119.59408815665728,26.433580371301883],[119.59409000000001,26.433580000000003],[119.6163,26.437400000000014],[119.62656,26.44432000000001],[119.62926519165181,26.44708168057261],[119.63086999999999,26.448716999999995],[119.63413662667396,26.447170952005322],[119.63997999999998,26.4444],[119.64435862838465,26.440807146720996],[119.648448,26.437445000000007],[119.65430699999999,26.429022999999994],[119.65552800000002,26.355617999999982],[119.66328787774799,26.343331394468876],[119.66529000000001,26.340159999999987],[119.66529090479317,26.340159900796994],[119.665294,26.340155000000014],[119.6813193503839,26.33840251576423],[119.68873,26.337589999999988],[119.6886810699783,26.337485414977277],[119.686615,26.333075000000004],[119.683849,26.321682000000006],[119.681895,26.317125000000004],[119.68190207827143,26.317124859957833],[119.6819,26.317120000000003],[119.69629999999998,26.316839999999996],[119.73569000000002,26.322210000000002],[119.74707999999998,26.327619999999996],[119.74708010715636,26.327622575873807],[119.747081,26.327622999999992],[119.748383,26.358873],[119.75042616159702,26.363345766412056],[119.75440764060936,26.372054839077595],[119.77060000000002,26.36493599999999],[119.780121,26.374986000000025],[119.78382515633685,26.384244765499272],[119.78467999999998,26.386380000000003],[119.78503379901868,26.38783612058804],[119.78736399999998,26.397405999999993],[119.79112575695044,26.405172594441016],[119.79176,26.406479999999995],[119.79770000000002,26.411319999999982],[119.81925442536253,26.42331770898918],[119.82577600000002,26.426947000000002],[119.834809,26.412095000000008],[119.8419591855294,26.40606027831039],[119.84628,26.40241000000003],[119.84947267507324,26.39634075629641],[119.85132876917712,26.39280843927712],[119.84010000000002,26.378569999999993],[119.84010130413184,26.37856992191823],[119.84009899999998,26.37856700000003],[119.85112349210729,26.37790999474007],[119.8558,26.377629999999996],[119.88014,26.3631],[119.89165033158523,26.35965082896524],[119.894786,26.358709999999995],[119.89478878374715,26.35871036446075],[119.89479,26.358709999999995],[119.90846000000002,26.3605],[119.93483,26.37055],[119.94996000000002,26.3723],[119.94996000000002,26.364939999999994],[119.89782018180283,26.326018727261264],[119.88819400000001,26.318834000000003],[119.87753261540414,26.31342192308683],[119.87745198682912,26.31338100821402],[119.86778072027535,26.319412504994542],[119.86109028950415,26.32358500002738],[119.85475000000001,26.327540000000006],[119.85474853464984,26.327540042913846],[119.85474700000002,26.32754099999999],[119.85038463086873,26.32766784295313],[119.82675,26.328359999999996],[119.81030390027492,26.321436339600723],[119.80111700000002,26.317572000000006],[119.79365459798056,26.307915668376115],[119.78492,26.296620000000008],[119.78492467384172,26.296619165947444],[119.784923,26.29661699999999],[119.79086267651225,26.295559057617847],[119.80542823962946,26.29043061981475],[119.79273500000001,26.28408400000001],[119.79045117862965,26.28493759808171],[119.78467999999998,26.287100000000006],[119.77831446295743,26.291980771578565],[119.776622,26.293280000000006],[119.773557634712,26.294117698612766],[119.76440999999998,26.296620000000008],[119.75395282314571,26.294524755092947],[119.753429,26.294420000000002],[119.73267700000001,26.28506100000001],[119.72963790524265,26.284579189517757],[119.71933,26.28294999999999],[119.69459000000002,26.28294999999999],[119.68200160156529,26.281481353515954],[119.673595,26.280504000000008],[119.66569407328632,26.277186823282488],[119.65431000000001,26.272409999999986],[119.65058830840808,26.269212074717355],[119.63412499999998,26.255072],[119.63413050379954,26.255070432898123],[119.63413000000001,26.255069999999986],[119.63784999309124,26.254011379313805],[119.651703,26.250066999999998],[119.65735855679719,26.24730922713163],[119.66821999999999,26.242010000000004],[119.66687666880729,26.237920915606924],[119.66480600000001,26.231635],[119.66588684694419,26.22843103825675],[119.66821937528306,26.22150185583073],[119.66032999999312,26.219549999998293],[119.65244,26.2176],[119.63697000000002,26.21166000000003],[119.62501,26.202950000000005],[119.62037000000001,26.190500000000014],[119.61447143588808,26.18333190598405],[119.61438162365454,26.183222846395026],[119.6135388981241,26.182199519211252],[119.60010999999999,26.17633999999999],[119.59853102900881,26.17445094193462],[119.59180700000002,26.166408999999977],[119.59571000242916,26.156434714283737],[119.59985999999999,26.145819999999986],[119.56113,26.12499000000002],[119.53736,26.09683],[119.51831999999999,26.064890000000005],[119.49374,26.03286],[119.48744667755031,26.02193689611744],[119.473155,25.997137999999996],[119.45850789539647,25.98248989545761],[119.43897700000242,25.981519733333457],[119.43555986226252,25.981350142053042],[119.43184574692046,25.98518062654416],[119.43173300000001,25.985296999999985],[119.42865500001092,25.990426999981807],[119.42148,26.00238999999999],[119.41777861188218,26.00634467128608],[119.41505,26.00926299999999],[119.40595866345976,26.013372108956254],[119.40488,26.013860000000008],[119.40487849308298,26.01386032515526],[119.404877,26.01386099999999],[119.382823,26.018622000000008],[119.373383,26.022283999999996],[119.343354,26.042060000000003],[119.326915,26.048040999999994],[119.27711000000001,26.052924000000004],[119.26124100000001,26.060533],[119.23414897196362,26.086839556073798],[119.23315999999998,26.087799999999987],[119.22906875760232,26.090699045392],[119.215831,26.100084],[119.20093799999998,26.10468200000001],[119.16114300000001,26.11164],[119.15258881234692,26.11529581236851],[119.15162132969591,26.11570943152705],[119.120209,26.135931999999993],[119.103608,26.143134000000003],[119.09728490919231,26.144816272970527],[119.09352,26.145820000000025],[119.09352,26.14581793579072],[119.09351600000001,26.145818999999996],[119.09351600000001,26.139594000000013],[119.09352,26.139591079738207],[119.09352,26.139589999999984],[119.09685578246874,26.137155740219825],[119.11597699999999,26.123196000000004],[119.136485,26.10293200000001],[119.157319,26.090766],[119.181488,26.09861899999998],[119.18923337116752,26.09237205676827],[119.19516000000002,26.087590000000002],[119.20069,26.075910000000007],[119.20898999999999,26.043399999999995],[119.21373133301309,26.035239708139585],[119.217377,26.028956999999988],[119.23731500000001,26.006252000000003],[119.24055955782057,25.999856285707367],[119.24301000000001,25.995019999999975],[119.24470616584523,25.982712833201326],[119.246837,25.967231],[119.24737769226878,25.96696875959881],[119.25497,25.96328],[119.28183116950801,25.959170593300154],[119.29615300000002,25.956976999999995],[119.30939966108689,25.95198532217859],[119.32984,25.944280000000006],[119.33492224502605,25.943103694029578],[119.34669,25.940375],[119.36903432980574,25.941111769555892],[119.37752999999998,25.94138999999999],[119.3850251971192,25.943359727570577],[119.40976000000002,25.949856000000004],[119.4265005484668,25.95735216076714],[119.44093,25.963809999999995],[119.46939765232703,25.98144636907973],[119.490001,25.994208000000004],[119.49683700000001,26.00177600000002],[119.4968374394402,26.001777166164068],[119.49684000000002,26.001779999999997],[119.49848900331455,26.006160002494724],[119.50001100000001,26.010198999999997],[119.501801,26.029202000000012],[119.504242,26.035955999999977],[119.51905240123848,26.044500077679093],[119.55302858053696,26.04559919358151],[119.55302858075385,26.045599193588526],[119.55429100000002,26.045640000000002],[119.566417,26.050237999999993],[119.59749471136345,26.034556010157456],[119.59749471153718,26.03455601006977],[119.61940000000001,26.02350000000001],[119.63641824218794,26.018784101562378],[119.648448,26.015447999999996],[119.65533624943909,26.017217496567792],[119.67505999999999,26.022280000000002],[119.69540000000002,26.002629999999996],[119.70069,25.995180000000005],[119.70240000000001,25.985050000000022],[119.70140293211395,25.981397983021406],[119.698985,25.972560999999992],[119.67505900000002,25.926093000000005],[119.665538,25.915350999999998],[119.65430928409626,25.906929713021366],[119.65103991877744,25.905619148475438],[119.64039100000001,25.901352999999997],[119.62354600000002,25.899400000000004],[119.61679599999513,25.8929608050801],[119.61647,25.892649999999993],[119.61646990622957,25.892649726366432],[119.61646600000002,25.892646],[119.60816499997951,25.86841499994014],[119.59986246328943,25.84418718817805],[119.59087403555613,25.862835272191482],[119.58407999999999,25.876940000000005],[119.57845933364906,25.881487889423035],[119.574229,25.884913999999995],[119.566417,25.872055999999997],[119.57441083063557,25.865309245958283],[119.57789,25.86237],[119.57911000000001,25.84125],[119.58113349250533,25.830366611921548],[119.583018,25.820217000000028],[119.59434371428578,25.81478439089479],[119.60304000000001,25.810610000000008],[119.60791999999998,25.805159999999994],[119.6081742110939,25.7986802110968],[119.60840900000001,25.792670000000005],[119.60604899999998,25.769028999999996],[119.609874,25.767157000000005],[119.61671000000001,25.764716000000004],[119.62002999999939,25.761200000000628],[119.62085966682723,25.760320353243426],[119.61671000000001,25.752265000000016],[119.59644600000001,25.731513000000003],[119.59432250016813,25.723885799858994],[119.59376,25.721870000000003],[119.59351867097428,25.712385438701524],[119.593028,25.69318300000002],[119.589936,25.687161000000003],[119.58862915030137,25.68646908283032],[119.58717,25.685700000000008],[119.58544984363641,25.683828952727325],[119.584321,25.682603000000004],[119.57992749764672,25.679999887342877],[119.57865639399859,25.67994266166706],[119.572602,25.679674000000016],[119.5676394167551,25.681951349845257],[119.56653363287043,25.68451054428489],[119.564301,25.689683000000002],[119.5437270000174,25.70121626167248],[119.53541000000001,25.70588000000001],[119.5228,25.70580000000001],[119.52279895640395,25.70579701256292],[119.522797,25.705797],[119.52109513259285,25.700919582861896],[119.51734065437815,25.690171873247294],[119.50058,25.689683000000002],[119.487071,25.687322999999996],[119.477061,25.679674000000016],[119.469493,25.68358],[119.463634,25.685289000000008],[119.46363297589535,25.685289131607313],[119.46363,25.685290000000006],[119.45720016596246,25.686115809728715],[119.449067,25.687160999999996],[119.4518798168514,25.677516938946347],[119.4559,25.66371999999999],[119.45792678385405,25.64739989189052],[119.45972700000002,25.63288],[119.46492467964241,25.619424928139352],[119.46705000000001,25.613919999999997],[119.46705095859011,25.613920695865396],[119.467052,25.61391800000001],[119.47988602039098,25.62323799998751],[119.48324583422823,25.625676975958267],[119.4795049115646,25.602567727891007],[119.47933999999998,25.601550000000003],[119.47934005403972,25.601549333826036],[119.47933999999998,25.601548999999977],[119.481049,25.580470999999996],[119.48157999319749,25.57973899094535],[119.49244,25.564759999999996],[119.51734000000002,25.556789999999996],[119.51734045551872,25.55679045551871],[119.517345,25.55678899999999],[119.522065,25.561509999999995],[119.52670300000001,25.57098999999997],[119.5328844221693,25.574894266518246],[119.53443,25.575869999999984],[119.54884000000001,25.567040000000002],[119.55525355293827,25.564868745099027],[119.55844199999999,25.56378800000001],[119.568126,25.569036999999994],[119.56812735581447,25.569038567391726],[119.56813,25.569040000000008],[119.56932813717654,25.570426732843217],[119.57569399999998,25.577786],[119.57818999999782,25.58236999999601],[119.57943430249,25.584649562161676],[119.56837000000002,25.547431000000014],[119.5683701439499,25.54743048412419],[119.56837000000002,25.54743000000001],[119.56868698754661,25.546295006226988],[119.57227600000002,25.53343299999998],[119.57227933880105,25.53343236746436],[119.57228,25.53343000000001],[119.57976214240342,25.532014750788814],[119.5931073641206,25.529486499367195],[119.58741,25.521920000000026],[119.58429030963387,25.518651076153944],[119.583018,25.51731999999999],[119.58238495490984,25.517113168620384],[119.57691000000001,25.51532999999997],[119.57232958673161,25.5155395899303],[119.566417,25.515815000000003],[119.56642963751837,25.515809559007746],[119.56641999999998,25.515809999999995],[119.58163,25.50926000000002],[119.58985000000001,25.507880000000007],[119.58985309858913,25.50788015167918],[119.589854,25.507880000000007],[119.59985697803049,25.50836765767021],[119.5916962469138,25.502042271704266],[119.58741299999998,25.498724999999997],[119.58307131586228,25.496798368271186],[119.58163067356134,25.49616029832473],[119.58125170124961,25.496098835417985],[119.5726,25.4947],[119.5726,25.48786000000001],[119.572602,25.487860377125187],[119.572602,25.487859999999998],[119.57566282211867,25.48843753369163],[119.59847999999998,25.492739999999998],[119.60062134907776,25.49208048118072],[119.60360800000001,25.491156000000007],[119.60296700387974,25.489421338490814],[119.59985999999999,25.48102000000001],[119.59985999999999,25.474839999999983],[119.6007614340406,25.474783075532045],[119.61142000000001,25.474107],[119.62240600000001,25.469427999999997],[119.62615000000272,25.46405666666277],[119.62801999999999,25.46137000000001],[119.62703276969597,25.45893394848917],[119.62354600000002,25.450344],[119.61817833694894,25.443829747299088],[119.61402000000001,25.43879],[119.61671000000001,25.43724],[119.61977978886718,25.437531683299113],[119.62533599999999,25.438055999999992],[119.63263445214402,25.43406838284269],[119.63412584456219,25.433252273908533],[119.63971967115032,25.421819774793196],[119.64526999999998,25.410470000000014],[119.64569926486375,25.40008063012213],[119.646007,25.392563999999997],[119.63841734343582,25.37986779798229],[119.6373,25.37800000000001],[119.62037000000001,25.36498000000002],[119.62037652325394,25.36497947948777],[119.620372,25.364976000000006],[119.63050386798268,25.364171384816544],[119.63779,25.363589999999995],[119.64189735861895,25.362522402305196],[119.64559999999999,25.361557999999995],[119.65207699273068,25.359084992721886],[119.65455000000001,25.358139999999977],[119.60288,25.34613999999998],[119.57944000000002,25.344470000000005],[119.58302,25.353009999999998],[119.58538200449186,25.35677565470218],[119.58790100000002,25.360784999999993],[119.59127269387959,25.364517714287967],[119.5936,25.36709],[119.59781754237743,25.369832076274157],[119.59986399999998,25.371161000000004],[119.59396698607561,25.387109225298072],[119.58872,25.401310000000013],[119.580839358741,25.4140509809378],[119.57797299999999,25.418686999999988],[119.58071389092972,25.422847957527264],[119.58252999999999,25.42560000000001],[119.58688725617561,25.429308429777866],[119.589854,25.431830000000005],[119.59311,25.439439],[119.59310971043294,25.439439324047406],[119.59311,25.439440000000005],[119.59263750363708,25.43996775909543],[119.589692,25.443264],[119.57626400000001,25.46283600000001],[119.57602,25.467352999999996],[119.56837000000002,25.466254],[119.56153400000001,25.463284000000005],[119.556,25.458929999999995],[119.55209246691085,25.45376326187446],[119.55001321484109,25.455474679028672],[119.54819,25.45698000000001],[119.5470022885037,25.457691769344343],[119.545421,25.45864500000001],[119.53877146927695,25.461099178761597],[119.53858,25.461170000000006],[119.53603143183777,25.45049073863372],[119.53589900000001,25.449937],[119.53565985371037,25.447300024462187],[119.53443,25.433780000000002],[119.53598,25.419130000000013],[119.54200000000002,25.412789999999994],[119.54200018241691,25.41278997011249],[119.542003,25.412787000000005],[119.55616055696207,25.41046840009922],[119.55694397269568,25.408218000001668],[119.558197,25.404608000000007],[119.55587119397481,25.39860694027876],[119.55209,25.388859999999998],[119.54444171555154,25.37718261929966],[119.52589,25.37409099999999],[119.51827686581375,25.374036149360293],[119.50327,25.373930000000016],[119.49361266666666,25.372593795537778],[119.48325113040565,25.371161709082518],[119.4869757029681,25.376792963709622],[119.491222,25.38320499999998],[119.497813,25.399399999999996],[119.50253300000001,25.41620500000002],[119.504242,25.42987699999999],[119.50411599895453,25.43011271429082],[119.50205000000001,25.43399000000001],[119.49839481090525,25.435926338176873],[119.49683700000001,25.43675399999999],[119.49590384684157,25.437482378440745],[119.4922,25.44038],[119.49132251052194,25.44428990209619],[119.49073300000002,25.446926000000005],[119.493663,25.45425000000002],[119.50294,25.462470000000007],[119.50546300000002,25.472317],[119.507335,25.47443299999999],[119.50489300000001,25.474921000000016],[119.46615599999998,25.474840000000007],[119.458263,25.466295000000006],[119.45826220012569,25.466292381148666],[119.45826,25.466290000000004],[119.45695644642538,25.462017241060988],[119.453217,25.449774000000012],[119.44933961516361,25.44288686179262],[119.44703000000001,25.43879],[119.43556,25.446930000000012],[119.43312,25.459539999999986],[119.44557000000002,25.490140000000007],[119.44907,25.505280000000003],[119.44191,25.509509999999977],[119.36598,25.5207],[119.35814700000641,25.525861150419512],[119.35653964075728,25.52692125833106],[119.35288,25.539740000000005],[119.35604925252264,25.550727408587967],[119.38087000000002,25.590888000000003],[119.3808682111043,25.59088710547738],[119.38087000000002,25.590889999999998],[119.36891,25.584910000000004],[119.36680450000422,25.58352493614737],[119.36475700000001,25.58217999999998],[119.36304575531561,25.580278746804595],[119.36036,25.5773],[119.35288,25.58465999999999],[119.35526700000256,25.595426000011546],[119.35629300000001,25.600043000000003],[119.34833400000223,25.60553599999845],[119.34303,25.6092],[119.32260000000001,25.611029999999992],[119.31320175811432,25.607537373635825],[119.305186,25.60456000000001],[119.32137951664477,25.58734957650576],[119.31056000000001,25.577869999999997],[119.28181395417022,25.57135996944993],[119.277843,25.570460999999995],[119.27784283820824,25.57046064276049],[119.27784,25.570459999999997],[119.27198,25.557519999999997],[119.26982284996112,25.536697037479723],[119.268809,25.526922999999996],[119.26414178691935,25.518342303259992],[119.26075,25.51211000000001],[119.2378,25.48176],[119.22934,25.474839999999993],[119.215099,25.470282000000008],[119.18336,25.464992999999993],[119.171641,25.457464999999992],[119.16138800000002,25.44892],[119.15166497458173,25.44329660510655],[119.12867,25.429999999999993],[119.11670999999998,25.426420000000007],[119.1126642857153,25.424674285714744],[119.10255000000001,25.420314999999988],[119.10255213716495,25.420310922180633],[119.10255000000001,25.420309999999997],[119.10648333333239,25.412810000001787],[119.10963000000001,25.406806],[119.15699187158266,25.36261705282102],[119.16529,25.349550000000008],[119.16756345922487,25.33838288267526],[119.16846800000002,25.333929999999995],[119.173188,25.32514100000001],[119.17318918842912,25.325141511378852],[119.17319,25.325140000000005],[119.18312000000002,25.329409999999996],[119.18816112594266,25.336272892060013],[119.19239299999998,25.342026999999995],[119.195323,25.358139999999977],[119.20338,25.358139999999985],[119.22315436673736,25.31659733037994],[119.21544576773579,25.312944202169486],[119.201508,25.306341999999997],[119.19725263992007,25.303381200108195],[119.19174,25.299550000000004],[119.18604656570488,25.29382879285465],[119.181488,25.28925200000001],[119.193207,25.27497],[119.19678800000001,25.263332000000005],[119.19678984358207,25.263330508576704],[119.19679,25.263329999999982],[119.20126,25.259709999999977],[119.20126292316716,25.259711871137544],[119.201264,25.259711],[119.20452656453958,25.2618009483507],[119.21632,25.269350000000014],[119.22439903339479,25.278124916523293],[119.225841,25.279690000000016],[119.23471100000002,25.294867000000007],[119.24122199999998,25.312567000000005],[119.243012,25.330226999999997],[119.24859699247698,25.3265170301117],[119.25416,25.322819999999997],[119.26515000000002,25.317570000000007],[119.2729060757455,25.318496369702643],[119.273692,25.318590000000004],[119.277843,25.330226999999997],[119.288666,25.325426000000004],[119.29286275817594,25.322296750909555],[119.2933,25.321969999999993],[119.2951553605025,25.31999707209933],[119.29694089755576,25.318096156437665],[119.29834624278533,25.31659999999999],[119.29135000000001,25.316599999999998],[119.29135239148935,25.316596000000004],[119.29135200000002,25.316596000000004],[119.296967,25.307196000000005],[119.31541946490863,25.283735719367005],[119.31886,25.27935999999999],[119.32422999999999,25.27508999999999],[119.33579,25.272280000000002],[119.34537901787479,25.26858687697563],[119.34719212230424,25.26788818428826],[119.34750034233254,25.267769409508173],[119.34944984332228,25.264406701481278],[119.352875,25.258490000000002],[119.34518293424398,25.244121549324483],[119.34424999999999,25.242379999999983],[119.33175169823726,25.23969874559941],[119.32374099999998,25.237982000000017],[119.28126100000001,25.24144100000001],[119.28126008605882,25.2414399929905],[119.28126,25.241439999999997],[119.27247000000001,25.231759999999998],[119.28882864207672,25.189113540062884],[119.2835450062831,25.182323984289496],[119.28126,25.17938999999999],[119.25563000000001,25.175899999999984],[119.24322678067783,25.189468428590796],[119.24275300000001,25.18998699999998],[119.24275266945705,25.18998707976323],[119.24275,25.189990000000016],[119.22938,25.19321999999999],[119.22357340075187,25.190789007491805],[119.212657,25.186225],[119.19881099468188,25.183489407444853],[119.19288,25.182320000000004],[119.17756149537652,25.177151669744422],[119.17562980319688,25.17650027085141],[119.17186150001004,25.1816864196209],[119.16467900000002,25.191574000000003],[119.153359,25.206954999999994],[119.14197500000002,25.22097800000001],[119.14197224547236,25.220977234066982],[119.14197,25.220979999999994],[119.12848187270667,25.217226056570855],[119.116096,25.213782],[119.10329032271807,25.19842808068587],[119.10179,25.196630000000013],[119.10401485259192,25.183895278888038],[119.10418000000001,25.182947999999993],[119.1115511813894,25.175707832558462],[119.11425100000001,25.17305599999999],[119.11505980432204,25.171283608636344],[119.11988000000001,25.160709999999987],[119.12484999999998,25.155500000000025],[119.12924,25.14866999999999],[119.13380000000001,25.138410000000004],[119.14658,25.143740000000008],[119.14792534581551,25.142909233459548],[119.15308700000001,25.139715999999996],[119.15221280508057,25.137474601684165],[119.14991000000002,25.131580000000003],[119.13991065043307,25.127334466105662],[119.13380000000001,25.124742000000015],[119.11670999999998,25.126614000000007],[119.11144439030399,25.129262780605607],[119.10353,25.133249999999983],[119.09327,25.13564999999999],[119.0874646564845,25.127540358802282],[119.08546000000001,25.124742000000005],[119.08546094629999,25.124741321912015],[119.08546000000001,25.124740000000003],[119.09034,25.12124000000001],[119.0927377518213,25.118496002428326],[119.09311000000001,25.11806899999999],[119.09342996219294,25.117658971644456],[119.09571000000001,25.11472999999999],[119.09912806555381,25.11115202494659],[119.08944699999999,25.113673999999993],[119.06479056969104,25.124741295427864],[119.07399,25.145660000000017],[119.07535187727936,25.147344013635816],[119.07919399999999,25.152086],[119.07918943192507,25.152089297553484],[119.07919,25.152090000000005],[119.07315379512869,25.15644623901278],[119.06470799999998,25.162543000000014],[119.05610175000284,25.158850750001214],[119.05323,25.157619999999994],[119.04884281843842,25.14888759079887],[119.04590900000001,25.143052000000015],[119.04556895357487,25.13880199997002],[119.04444045288048,25.124745640980645],[119.02906299999998,25.140529999999995],[119.03262766574534,25.15355879945227],[119.0340297004568,25.158678906094703],[119.04864648283383,25.17506331042912],[119.0520169640217,25.178841212419908],[119.05860000000001,25.186219999999988],[119.0586009526686,25.186221584151824],[119.058604,25.186225],[119.06910200000002,25.203681000000003],[119.06897831076923,25.21030192230793],[119.06886,25.21673999999999],[119.06885801062268,25.216741431381255],[119.068858,25.216742],[119.05738400000001,25.225002000000003],[119.04124283355107,25.22697612515754],[119.03476000000002,25.227769999999996],[118.98732,25.22223999999998],[118.96933203723248,25.22638953004363],[118.979991,25.244859],[119.000011,25.254055000000008],[119.02494599999999,25.259288999999992],[119.02494602054162,25.259289165494494],[119.02495,25.259289999999993],[119.02730000000001,25.27824],[118.98365000000001,25.28303000000001],[118.92533423189822,25.26635301446123],[118.918468,25.26439],[118.90780700000002,25.258490000000002],[118.89649499999999,25.257514000000015],[118.87558000000001,25.243841999999994],[118.864838,25.227973000000006],[118.8648411781438,25.227971740888492],[118.86484000000002,25.227970000000028],[118.88404,25.220360000000003],[118.91114000000002,25.217230000000004],[118.91274015731915,25.212149946652247],[118.91382880863527,25.20868660879068],[118.90926999999999,25.195710000000005],[118.91278942116688,25.186168977833315],[118.91529000000001,25.17938999999999],[118.91529232623813,25.179393534888547],[118.915294,25.179389000000004],[118.9184488686418,25.18419013135246],[118.91951805575411,25.18581483917084],[118.92091000000002,25.18793000000002],[118.9262801849,25.190891630210615],[118.932953,25.194566000000016],[118.94825126041476,25.19716970392942]],[[119.27222700000002,26.042060000000014],[119.30543100000001,26.035955999999977],[119.369802,26.014228000000006],[119.401215,25.996038999999993],[119.40495900000002,25.97793200000001],[119.39428283540084,25.96977300414002],[119.39064000000002,25.966989999999992],[119.38111000000002,25.966989999999992],[119.37849063657589,25.968252907365194],[119.37159300000002,25.971584000000018],[119.35850638229077,25.974035411673093],[119.34596,25.97639],[119.32429112662308,25.983010689950472],[119.31202199999998,25.98676199999998],[119.30337330757179,25.99115676967627],[119.30201,25.991849999999996],[119.29054000000001,25.99527],[119.27329000000002,25.997139999999998],[119.26036055041543,26.000687162807722],[119.25827912210337,26.001258740568453],[119.2575794530584,26.00145087558635],[119.25587000015902,26.004187499745385],[119.25587000001869,26.004187499970037],[119.250743,26.012397000000014],[119.24932790254108,26.01752700000463],[119.24684,26.026560000000007],[119.24034240000026,26.03427589999969],[119.237559,26.03758400000001],[119.22673621290767,26.047674801492096],[119.22643759998365,26.048053400020727],[119.21778400000001,26.059027000000007],[119.2117964935275,26.08674050128662],[119.20924071079175,26.098576708218516],[119.20949207031211,26.098386912134973],[119.21279638433144,26.095891896792963],[119.2212,26.08954],[119.24227518226502,26.05863163648847],[119.243337,26.057073999999993],[119.24333750087546,26.057073665156903],[119.24334000000002,26.05707000000001],[119.25758,26.047549999999998],[119.26783500000832,26.043706999996882],[119.27222700000002,26.042060000000014]],[[119.6420932868219,26.082311387596516],[119.64405,26.078440000000004],[119.64152272316824,26.074581042683846],[119.638845,26.070502],[119.63155420338764,26.068012796609448],[119.62037000000001,26.064200000000003],[119.56995806369397,26.07908840449628],[119.5652937704325,26.08046634106147],[119.56527960911946,26.08047052463012],[119.55397000000002,26.095649999999996],[119.57488000000001,26.119529999999997],[119.59937646985527,26.128118762288025],[119.60268006356597,26.12644738840312],[119.61119880424602,26.12213753617799],[119.61313,26.121160000000007],[119.61589600023065,26.118507999778846],[119.61954126967491,26.115012914908732],[119.62696025119169,26.10789959435797],[119.63012634821008,26.10278675765238],[119.638927,26.088568000000006],[119.6420932868219,26.082311387596516]],[[119.71225,25.480211],[119.71216034957591,25.4810403008508],[119.7116,25.486229999999985],[119.71159924241297,25.48623075758705],[119.71159900000002,25.486233000000002],[119.709972,25.48786000000001],[119.709970708224,25.487859291776],[119.70997,25.48786000000001],[119.69988,25.482329999999994],[119.69588249999939,25.481624999999898],[119.68922,25.480455],[119.68291922345972,25.481552929226797],[119.67848000000001,25.48233000000002],[119.66847,25.48786000000001],[119.6705106843104,25.490798849573217],[119.677745,25.501207],[119.686209,25.50771699999999],[119.68949643378005,25.508260509921197],[119.69606,25.509340000000016],[119.74314599985101,25.503284932387235],[119.74314600000955,25.503284932366846],[119.748546,25.502589999999987],[119.74854753973763,25.5025903163797],[119.74855,25.502589999999987],[119.76637000000001,25.506250000000016],[119.77568131884013,25.518543120776393],[119.778331,25.52204],[119.77476987357116,25.523627747117015],[119.7588,25.53075000000002],[119.74624617049653,25.52857714746505],[119.72632900000002,25.525132999999993],[119.72183557613495,25.53007519204035],[119.71616000000002,25.536320000000003],[119.71727539331897,25.542882485349264],[119.717621,25.54490799999999],[119.72573900797174,25.567694992045105],[119.73048,25.581],[119.72786663371744,25.58855736623815],[119.72706100000002,25.590888000000003],[119.72706068683227,25.59088801380957],[119.72705999999998,25.590889999999998],[119.7243543333321,25.59100735421692],[119.718761,25.59125400000001],[119.71202161850601,25.587250855520896],[119.70924000000001,25.5856],[119.70602531769728,25.581551158859988],[119.70264973752504,25.577300447238343],[119.69490921190263,25.5904897416523],[119.69272048200067,25.59422147322468],[119.69573,25.60341999999999],[119.698741,25.61261599999999],[119.713634,25.630600999999995],[119.71889414439212,25.635454884501712],[119.73048,25.64613999999998],[119.74545,25.649070000000002],[119.7505,25.652979999999996],[119.76352,25.659489999999995],[119.76715304547167,25.659426227397095],[119.77383742908768,25.65930705329675],[119.78174735291037,25.659166029365526],[119.77703,25.652089999999994],[119.77702980546076,25.652087208191126],[119.77702900000001,25.652085999999997],[119.77607444034136,25.638376880688025],[119.77589000000002,25.635729999999985],[119.77589010791817,25.63572954989035],[119.77589000000002,25.635727999999986],[119.776416752049,25.633532999996095],[119.78028000000002,25.617419999999996],[119.792,25.60456000000001],[119.79200202621435,25.604561068430417],[119.79200299999998,25.60456000000001],[119.79535697127882,25.60633014355828],[119.80372,25.610739999999996],[119.81348938255664,25.608830120707957],[119.82292699999999,25.601386],[119.83285599999999,25.590888000000003],[119.816905,25.579820000000012],[119.830089,25.57200799999999],[119.84312700874828,25.568430805259844],[119.85515000000001,25.565130000000003],[119.87358190759488,25.557193907623063],[119.87367668412021,25.557153086383163],[119.87451989363008,25.556789907235522],[119.86850000001361,25.55154000001185],[119.862478,25.546291],[119.84652807567035,25.536322047295148],[119.84606426751454,25.536815492984566],[119.83448300000002,25.54914000000001],[119.83448049510298,25.549139473259732],[119.83448,25.54914000000001],[119.83089123627337,25.548384708831314],[119.818614,25.54580299999998],[119.81861107116677,25.545800225437738],[119.81861,25.5458],[119.81451930551462,25.541923986102262],[119.804698,25.532620000000016],[119.79883899999999,25.515815000000003],[119.79884042843878,25.515811229019807],[119.79884,25.51581000000001],[119.80009111289186,25.512509507998644],[119.806407,25.495836],[119.82567781683177,25.48617714354199],[119.83968999999999,25.47915],[119.84333030833082,25.469580885411073],[119.84441591082218,25.46672474720058],[119.84652695086764,25.461170760188107],[119.82105999999999,25.467520000000007],[119.79461000000002,25.46304],[119.79460870759829,25.463039288979143],[119.794607,25.463039],[119.79118539020885,25.46115593495802],[119.77198,25.450589999999988],[119.75859299998228,25.434196597435918],[119.757823,25.43325400000001],[119.7578229859401,25.43325365651136],[119.75781999999998,25.433249999999997],[119.75733000000001,25.421329999999983],[119.76001983605168,25.410630652136454],[119.75970120365274,25.40995458182856],[119.75966646842969,25.409880881059195],[119.75733211069732,25.404934472481298],[119.73991899999999,25.407782000000005],[119.722179,25.41380400000001],[119.7081782871842,25.421271148782665],[119.70387,25.423570000000016],[119.69972945499892,25.428953090823207],[119.69304400000001,25.437649000000004],[119.697765,25.456609999999998],[119.70102,25.459947000000014],[119.7079944787867,25.464929270300665],[119.70899000000001,25.465639999999997],[119.70899061419428,25.465640866967373],[119.708995,25.465644000000005],[119.71176200000001,25.46955000000001],[119.71225,25.473578],[119.71225,25.47358],[119.71225,25.480209999999992],[119.71225,25.480211]],[[119.71941,25.65729000000002],[119.71876000000002,25.645580000000006],[119.71664500000061,25.642910000000747],[119.714529,25.640245000000007],[119.68960210651888,25.638570226817627],[119.68303,25.638130000000004],[119.67962788374372,25.637245025833646],[119.67660740986415,25.63646136578836],[119.67335600000402,25.638175846414267],[119.67074746829174,25.639552225263138],[119.66538000000001,25.64426999999999],[119.66985,25.652570000000022],[119.67263743231372,25.653763513835994],[119.677094,25.65566600000002],[119.67724755284449,25.65551567074312],[119.681,25.651840000000007],[119.69180900365551,25.655464989020672],[119.69981575029179,25.658148710488348],[119.71705148324801,25.663925826793765],[119.71941,25.65729000000002]],[[119.96954764225305,25.948851138015137],[119.966563,25.947413999999984],[119.97584003647377,25.96673999277479],[119.98528,25.964869999999976],[119.98528020248412,25.964871158066977],[119.98528100000001,25.964870999999988],[119.98585,25.96812599999999],[119.99007961419869,25.969305334771832],[119.9894301862185,25.961452251811348],[119.981863,25.95449499999999],[119.97905655461886,25.953266991569528],[119.97535,25.951650000000008],[119.96954764225305,25.948851138015137]],[[119.94199,25.980900000000002],[119.9524,25.97606],[119.94508,25.972319999999996],[119.94190761766355,25.969262529313486],[119.93734873078205,25.964871703842068],[119.92856,25.976670000000006],[119.94199,25.980900000000002]],[[119.91375,26.152980000000014],[119.91562,26.16238],[119.91960900599166,26.169338266090666],[119.92358987310095,26.16986631992738],[119.92343,26.165230000000008],[119.92457,26.162500000000012],[119.92903038915847,26.161073527094914],[119.932953,26.159817],[119.93686,26.15810800000001],[119.953624,26.166855999999992],[119.96404007539074,26.166937992721707],[119.96428,26.160549999999986],[119.95777761918973,26.15401757121926],[119.95346100000002,26.149685],[119.93291317480235,26.140052682960672],[119.93263000000002,26.139920000000007],[119.93142155612276,26.13974111224494],[119.92628000000002,26.138983000000003],[119.91667991667755,26.144800232620376],[119.91375,26.152980000000014]],[[120.0071461555057,26.211572244429387],[120.003103,26.216864],[120.00011118229115,26.218647638014996],[119.99887,26.219389999999997],[119.99495693295064,26.217501234675638],[119.989919,26.21507399999999],[119.98823384518674,26.21567863876949],[119.98618,26.21642],[119.98129,26.21524],[119.9775500369982,26.211493370397466],[119.975678,26.209621],[119.97103936586485,26.1923703606166],[119.96689,26.19473],[119.9651,26.200020000000013],[119.96681,26.214630000000017],[119.96800341101584,26.217989911013824],[119.968761,26.220120000000012],[119.97307400000001,26.22248000000001],[119.983002,26.225409],[119.9843449999967,26.22693499999623],[119.98568999999999,26.228460000000002],[119.9913642542472,26.23157474576817],[119.99407000000001,26.233059000000004],[120.00359099999999,26.23179800000001],[120.008637,26.225002000000003],[120.00863952049575,26.225000645669116],[120.00864000000001,26.225000000000012],[120.01189000000001,26.22325],[120.01417,26.220359999999985],[120.01412408802815,26.22012477199609],[120.01335700000001,26.216212999999982],[120.01189200000002,26.212755],[120.0118920668651,26.212754864866113],[120.01189000000001,26.212749999999993],[120.0127280542383,26.21106533994956],[120.013845,26.208808000000015],[120.01354092002599,26.20599081599471],[120.01351999999999,26.2058],[120.00864000000001,26.209620000000005],[120.0071461555057,26.211572244429387]],[[120.47690131412287,26.370101842938574],[120.48105,26.37592000000001],[120.47910000000002,26.38068000000001],[120.48260000000002,26.38251000000002],[120.49077820975975,26.3885324878018],[120.491059,26.388739000000022],[120.49610702166585,26.386152956668774],[120.50098806994221,26.383650989324686],[120.50334700000002,26.379217999999998],[120.5062901378031,26.376968850405994],[120.50765819058893,26.37592138539596],[120.50549470821393,26.375186513687314],[120.50335,26.374459999999996],[120.50123000000002,26.37499],[120.499667862866,26.375565150490235],[120.49903400000001,26.375800000000012],[120.49903236096955,26.37579913073395],[120.49903000000002,26.375800000000012],[120.49635,26.37438000000001],[120.49374000000002,26.37124],[120.48959245536729,26.364124212581974],[120.488373,26.365871000000002],[120.48381600000002,26.366603999999988],[120.48273111110949,26.367164444445304],[120.48137000000001,26.367869999999996],[120.479135,26.368985000000002],[120.47690131412287,26.370101842938574]],[[120.03191200000002,26.515367000000015],[120.03207394099928,26.518702784658167],[120.03541000000001,26.521060000000002],[120.04070000000002,26.52216],[120.05307000000002,26.522040000000025],[120.05307001428424,26.522040009721692],[120.05307099999999,26.522040000000008],[120.05714,26.52480699999998],[120.06067999999897,26.524532500000085],[120.06185999999998,26.52444],[120.06543963815332,26.516870765133884],[120.06480801584944,26.514715241669908],[120.06351682573103,26.51030882571595],[120.06351682568595,26.510308825562177],[120.06080104650077,26.501043570281755],[120.06014253976977,26.50074679777786],[120.05714586440692,26.499396271186534],[120.05502033858592,26.498440152305093],[120.05476642857126,26.498450714285724],[120.04720999999999,26.498770000000007],[120.03549,26.493070000000007],[120.03142000000001,26.493520000000004],[120.03086462725855,26.493970645310192],[120.027924,26.496365000000022],[120.02890099999999,26.502711999999978],[120.03199300000001,26.508937999999986],[120.03267046866594,26.511986987470767],[120.03289,26.512969999999996],[120.03208358412289,26.51494489602558],[120.03191200000002,26.515367000000015]],[[120.1519070209008,26.60547616720635],[120.15406,26.605410000000003],[120.15837843633554,26.6040511816703],[120.15866637301751,26.603960251030255],[120.15870137556038,26.603949197198542],[120.16163000000002,26.60224000000001],[120.16358,26.59903],[120.1643542400829,26.596068974950178],[120.164887,26.594020999999998],[120.1646411115132,26.590429972130217],[120.16456,26.589260000000007],[120.16436447457431,26.588841016944976],[120.163015,26.585964],[120.16138487429885,26.579050792380396],[120.16098,26.577340000000003],[120.16006148148062,26.57693585185149],[120.157725,26.575913999999994],[120.153331,26.575181000000015],[120.147309,26.571560000000023],[120.13200899999998,26.556260000000016],[120.1319448724204,26.556256191369638],[120.12859,26.55606000000001],[120.12546724999837,26.558479227516848],[120.117361,26.564765],[120.11638400000001,26.56972900000001],[120.1223725490172,26.5740142505368],[120.13413,26.582419999999992],[120.14387356943405,26.59676849205829],[120.149832,26.60553600000001],[120.1519070209008,26.60547616720635]],[[119.76266499999622,26.612555000006303],[119.76043,26.616279999999996],[119.76709999999999,26.624660000000016],[119.76844991101325,26.625690999997193],[119.77019182749903,26.627020105366217],[119.78076999999999,26.62762999999999],[119.78696,26.628850000000007],[119.79328699999975,26.631612376470482],[119.794607,26.632188000000006],[119.79724528864114,26.631811322160054],[119.79801999999998,26.631700000000023],[119.79957,26.62950000000002],[119.80231861159213,26.62886389274585],[119.80657000000001,26.627875000000007],[119.81099500000079,26.625204999999518],[119.81364868648406,26.62360079404635],[119.80927958440103,26.616263207829096],[119.80730125083896,26.61294209983359],[119.80363999999715,26.613430000000385],[119.79998,26.61392],[119.79274,26.615140000000004],[119.79274306169812,26.615137640986696],[119.79273500000001,26.615139000000013],[119.793956,26.614202999999996],[119.79263975162984,26.612993415396804],[119.79094,26.61144000000001],[119.78671,26.60936000000001],[119.7754,26.60391],[119.773123,26.606187],[119.77312,26.606189999999998],[119.76977499999505,26.607264306570947],[119.764903,26.608831999999975],[119.76266499999622,26.612555000006303]],[[119.68605,26.639149999999994],[119.67921,26.643300000000007],[119.67637799999933,26.64385800000013],[119.67449,26.64423199999999],[119.67127756106007,26.64127821948284],[119.6699312380467,26.640041137591158],[119.66554599436887,26.64083301125751],[119.66407263325162,26.641099523678037],[119.65731952219812,26.65074225435614],[119.65662431438278,26.65402237123032],[119.65512100000001,26.661119000000006],[119.657644,26.668076999999997],[119.66496800000002,26.670356],[119.69834373896752,26.66905173896639],[119.71599,26.66835999999999],[119.72054999999999,26.66307000000001],[119.72242830764095,26.662953153490466],[119.72698,26.662664999999986],[119.73194400000001,26.674099000000005],[119.73335503035744,26.675546982655842],[119.73503999999998,26.67727000000001],[119.73933153889185,26.67895482637976],[119.74179100000002,26.67991799999999],[119.75074299999999,26.679348000000015],[119.75078667852573,26.67931960734812],[119.75481000000002,26.6767],[119.75643975016781,26.674870280486477],[119.75570700937106,26.669827064497852],[119.75534699995879,26.669473691203795],[119.74919805066892,26.66343903114036],[119.74240348558983,26.660061985577986],[119.722341,26.650091999999997],[119.71550515079836,26.64166918580673],[119.69663,26.63850000000001],[119.68605,26.639149999999994]],[[119.91073999999999,26.681550000000016],[119.906705158702,26.68452947611002],[119.9044708078995,26.68618340197133],[119.90593978892684,26.69236911119535],[119.90849625875273,26.69242847053618],[119.91993,26.692690000000002],[119.92521387570584,26.692439875706235],[119.926687,26.69236900000001],[119.92668982680556,26.692370008198562],[119.92668999999998,26.692370000000004],[119.92685255701839,26.692428046985427],[119.93946400000002,26.696926000000015],[119.94317200000066,26.69568999999977],[119.94409999999999,26.69538000000001],[119.94289717911154,26.692524104414566],[119.942231,26.690944999999985],[119.94127985179819,26.689043037449725],[119.93938000000001,26.685250000000003],[119.93792278260993,26.682705652176093],[119.93686,26.68085399999999],[119.935557,26.677476],[119.93893416329868,26.67243916329775],[119.94052000000002,26.670070000000003],[119.94238862065912,26.663075163308182],[119.93831029251149,26.66602104239343],[119.93546415784253,26.6680768771109],[119.93214,26.67047999999998],[119.92944403486639,26.669784724781326],[119.926443,26.66901300000001],[119.92626014492744,26.671060347827215],[119.92604000000001,26.673569999999994],[119.9251641583836,26.67556119910347],[119.923595,26.679145000000002],[119.91695631141138,26.680384139260575],[119.91073999999999,26.681550000000016]],[[120.29200300000001,26.939399],[120.302664,26.941798999999996],[120.309093,26.940496999999986],[120.31100252270436,26.93948259661763],[120.313,26.938420000000026],[120.31316646631494,26.938175133420636],[120.31454500000001,26.936143000000005],[120.31290460248228,26.93283619786951],[120.31201999999999,26.93106],[120.30427533333491,26.92996612052753],[120.297862,26.929062999999974],[120.29047141647051,26.93200949880653],[120.28541314212326,26.93402874567448],[120.29200300000001,26.939399]],[[120.355317,26.968857999999983],[120.35638954459013,26.967487661964256],[120.35750999999999,26.966049999999992],[120.36085263143369,26.96423387714524],[120.363048,26.963038999999995],[120.36739112343344,26.957580259436103],[120.36890804258236,26.955672461803427],[120.37132146259792,26.949796921737352],[120.37387,26.943589999999997],[120.37429150264434,26.943178402117542],[120.37769599999999,26.939845999999985],[120.3817454655292,26.938681724240407],[120.38420892417493,26.93797031068373],[120.38442346559876,26.937558959743377],[120.38566952128011,26.93516983522321],[120.37058926196792,26.92997916625707],[120.35255000000001,26.92377400000001],[120.32683399999999,26.939683],[120.318533,26.948593999999986],[120.320242,26.958197000000002],[120.32219288485798,26.962099768632942],[120.32500671566197,26.96187409799202],[120.32618200000002,26.961778],[120.33630543098666,26.969445999995397],[120.3370875296397,26.970038129681402],[120.33856625045043,26.970400192002007],[120.34145256892525,26.971106902259557],[120.34490000000001,26.971950000000003],[120.34650836024957,26.971744279502946],[120.350922,26.971177000000008],[120.355317,26.968857999999983]],[[109.45000000000002,26.2],[109.32857142857144,26.376623376623364],[108.35,27.800000000000004]],[[108.35,27.800000000000004],[108.35,29.484374999999996]],[[108.35,29.484374999999996],[108.35,29.549999999999986]],[[108.35,29.549999999999986],[109.9,30.100000000000016]],[[109.9,30.100000000000016],[110.9,29.999999999999986]],[[110.9,29.999999999999986],[111.15,29.649999999999995]],[[111.15,29.649999999999995],[111.52600968478788,29.811147007766223]],[[111.52600968478788,29.811147007766223],[111.92262943939305,29.78795811931719]],[[111.92262943939305,29.78795811931719],[112.2,30.099999999999998]],[[113.35613581218463,29.945848558375364],[113.35330100000002,29.943127],[113.345647,29.925171],[113.35124,29.907802999999998],[113.340937,29.894557000000002],[113.337699,29.880722000000002],[113.342409,29.870125000000005],[113.357127,29.866886999999988],[113.35124,29.84628100000001],[113.343587,29.846280999999998],[113.335344,29.861294000000015],[113.305614,29.87454],[113.2959,29.887492000000012],[113.30944,29.887492000000012],[113.295311,29.906626000000003],[113.271173,29.916339999999995],[113.245563,29.916634000000002],[113.227018,29.907802999999998],[113.218187,29.88602100000001],[113.22172000000002,29.861294000000015],[113.231139,29.839805000000005],[113.241148,29.82597],[113.246152,29.810663000000005],[113.269995,29.799772000000004],[113.275294,29.788292],[113.273822,29.767391999999994],[113.279415,29.760620999999993],[113.320037,29.73648399999999],[113.327396,29.739721999999997],[113.339465,29.75385100000001],[113.347413,29.757089000000015],[113.356244,29.763270999999996],[113.368607,29.791530000000016],[113.392157,29.803304],[113.394512,29.815079000000022],[113.390685,29.839805000000005],[113.38833,29.846280999999998],[113.39039,29.851285999999998],[113.409524,29.854523999999994],[113.415706,29.859527999999997],[113.42277,29.860705000000014],[113.445731,29.872185],[113.461921,29.899856000000007],[113.46630878264438,29.931158828980745]],[[113.7,28.249999999999993],[113.83520292992883,28.10304029355564],[114.2875306864654,26.999999999999996]],[[114.85000000000001,26.999999999999996],[114.80000000000001,25.79999999999999]],[[114.80000000000001,25.79999999999999],[113.2,24.700000000000017]],[[113.2,24.700000000000017],[111.6,24.433333333333326],[111.4,24.400000000000006]],[[111.4,24.400000000000006],[110.25,25.249999999999996]],[[110.25,25.249999999999996],[109.45000000000002,26.2]],[[112.65448,28.89312999999998],[112.634463,28.886653999999997],[112.624161,28.886653999999986],[112.61297500000002,28.893130000000014],[112.597079,28.911087000000006],[112.586482,28.91461899999999],[112.525843,28.912852999999984],[112.503177,28.906964999999992],[112.483455,28.896368],[112.472857,28.880473],[112.473741,28.87075900000001],[112.479333,28.849858999999988],[112.476684,28.845738000000004],[112.466381,28.844855000000013],[112.433118,28.837494999999986],[112.428997,28.834552000000002],[112.42546500000002,28.835729],[112.418106,28.845738000000004],[112.415162,28.85456900000002],[112.413985,28.873114000000008],[112.411335,28.880473],[112.394262,28.89578000000001],[112.351874,28.913441000000027],[112.333329,28.924921999999977],[112.319199,28.924627000000008],[112.307425,28.908732],[112.303892,28.889598000000003],[112.31655,28.880473],[112.31655,28.873702000000005],[112.294178,28.860162000000003],[112.282993,28.86575400000001],[112.26798,28.951709],[112.26798,28.96318900000002],[112.269746,28.973492],[112.281521,29.004105999999997],[112.268274,29.02412199999999],[112.263859,29.052087000000007],[112.252673,29.076813999999988],[112.220293,29.085939000000003],[112.194389,29.072398000000035],[112.1938,29.042667000000012],[112.201159,29.007049],[112.199099,28.976141000000005],[112.187913,28.967603999999994],[112.172017,28.963483],[112.157593,28.956123999999996],[112.151412,28.938167999999994],[112.142287,28.934636000000012],[112.089301,28.94876500000001],[112.049562,28.949943000000005],[112.029545,28.954358],[112.013649,28.975257999999993],[111.996871,28.983794000000017],[111.97832600000001,28.987915999999995],[111.966257,28.982910999999994],[111.96243,28.950826000000003],[112.001875,28.93139799999998],[112.089301,28.91461899999999],[112.123742,28.896663000000014],[112.149351,28.89312999999998],[112.159065,28.89018699999999],[112.167602,28.88488799999998],[112.17555,28.87723499999999],[112.181143,28.873114000000008],[112.185852,28.872819000000007],[112.189385,28.871936],[112.192917,28.866342999999997],[112.193212,28.861339000000008],[112.186441,28.85839500000001],[112.185264,28.853391],[112.18879600000001,28.82424900000001],[112.192917,28.81159099999999],[112.20204200000002,28.82336600000001],[112.214111,28.835140999999997],[112.227358,28.840145],[112.24060400000002,28.832196999999997],[112.233539,28.817772999999992],[112.230301,28.80452699999999],[112.233245,28.79069199999998],[112.24060400000002,28.790691999999993],[112.248552,28.807765000000007],[112.26121,28.825427000000005],[112.26650800000002,28.81541800000001],[112.26798,28.811590999999996],[112.27475000000001,28.811590999999996],[112.283287,28.825720999999994],[112.287408,28.824543000000002],[112.288291,28.816006999999995],[112.288291,28.80835300000002],[112.283581,28.795401000000012],[112.27269,28.785099000000013],[112.26327,28.77332399999999],[112.26121,28.756544999999996],[112.26798,28.756545000000006],[112.272395,28.77096900000001],[112.280343,28.773617999999992],[112.29094000000002,28.76979199999999],[112.302715,28.763904000000004],[112.296828,28.772146999999997],[112.295062,28.780682999999982],[112.296828,28.789514000000004],[112.302715,28.798051],[112.312723,28.785981999999986],[112.322437,28.770675000000022],[112.329208,28.770675],[112.324204,28.783921000000007],[112.302715,28.811591],[112.307719,28.828076000000006],[112.312429,28.836023999999984],[112.319494,28.839556000000012],[112.32332,28.835140999999997],[112.32597,28.825427000000005],[112.331563,28.815713000000002],[112.343043,28.811591],[112.338333,28.832196999999997],[112.34216,28.867521],[112.336861,28.886653999999986],[112.360116,28.881356000000004],[112.380721,28.86369399999999],[112.411335,28.825427000000005],[112.456079,28.787454],[112.473446,28.781271999999994],[112.504354,28.791575],[112.517306,28.78745400000001],[112.536734,28.793047000000016],[112.558223,28.820717],[112.575591,28.838379000000003],[112.582655,28.815124000000015],[112.585893,28.811590999999996],[112.593252,28.81159099999999],[112.600317,28.810119999999994],[112.603849,28.801288999999997],[112.603261,28.785981999999986],[112.605321,28.78068299999999],[112.61062,28.776855999999988],[112.619156,28.781271999999994],[112.650653,28.804527000000007],[112.658307,28.81159099999999],[112.659484,28.822483000000005],[112.658012,28.836317999999995],[112.659779,28.848093000000016],[112.669198,28.853391],[112.688038,28.847798000000015],[112.696869,28.848093000000016],[112.700695,28.856335000000012],[112.711292,28.867226000000002],[112.78194,28.886653999999986],[112.823151,28.90932000000003],[112.84228400000002,28.908732],[112.850232,28.883710999999984],[112.842579,28.866638000000005],[112.824328,28.861045],[112.80166200000001,28.859278],[112.78194,28.853391],[112.775758,28.848975999999997],[112.768988,28.841911000000007],[112.766338,28.832786],[112.771343,28.82189400000001],[112.781351,28.81718400000002],[112.792537,28.818655999999997],[112.804017,28.823072],[112.831099,28.830135999999996],[112.846994,28.8425],[112.858769,28.860162000000003],[112.864362,28.880473],[112.863184,28.891952999999997],[112.85935800000001,28.904316],[112.857297,28.915795999999986],[112.878197,28.96613299999999],[112.883201,28.987915999999995],[112.903807,29.013525],[112.90469,29.031481],[112.885262,29.016175000000004],[112.877314,28.997923999999987],[112.871426,28.97731800000001],[112.857591,28.955829999999967],[112.847289,28.947882000000014],[112.816086,28.93522400000001],[112.78194,28.907848999999995],[112.745733,28.889304],[112.725127,28.882828000000014],[112.703345,28.880473],[112.691276,28.882533000000006],[112.675969,28.891658000000007],[112.665666,28.894307999999988],[112.65448,28.89312999999998]],[[112.505532,29.114197999999988],[112.49405200000001,29.085939000000003],[112.509653,29.091825999999998],[112.51966100000001,29.10330600000001],[112.523194,29.118024999999985],[112.520544,29.133920000000003],[112.505237,29.155113999999998],[112.500822,29.16865499999999],[112.511125,29.174837000000007],[112.54115,29.172775999999995],[112.54703700000002,29.179251999999998],[112.548509,29.198975],[112.55704600000001,29.23518100000002],[112.557929,29.255493],[112.548509,29.271094000000012],[112.522311,29.271682999999992],[112.491402,29.254609],[112.46255500000001,29.23341499999998],[112.442244,29.22311199999999],[112.411335,29.17130400000002],[112.417811,29.160119000000005],[112.432235,29.153347999999994],[112.44872,29.147755000000004],[112.459905,29.140691000000004],[112.479628,29.13097700000001],[112.497878,29.125972],[112.505532,29.114197999999988]],[[112.82638900000002,29.49304400000002],[112.811376,29.495105000000017],[112.795481,29.491278000000012],[112.774286,29.483919000000004],[112.774286,29.477148999999997],[112.787827,29.478621000000015],[112.791359,29.480092],[112.795775,29.483919000000004],[112.804311,29.47979799999998],[112.82609400000001,29.475088000000017],[112.83728,29.469494999999988],[112.846994,29.459781000000007],[112.852293,29.450949999999995],[112.858769,29.444474],[112.870543,29.442414000000003],[112.864362,29.432700000000015],[112.853765,29.423868999999996],[112.84228400000002,29.417393],[112.833453,29.415038000000006],[112.827861,29.409445000000023],[112.827272,29.396199000000006],[112.829627,29.370295000000002],[112.83522,29.359403000000004],[112.845522,29.367056999999992],[112.852293,29.380303],[112.846994,29.387662000000017],[112.851704,29.390606000000016],[112.854942,29.394727000000007],[112.861124,29.394727000000007],[112.87437,29.38383499999999],[112.886145,29.365585000000003],[112.88379000000002,29.34909999999999],[112.832865,29.27197700000001],[112.822268,29.25019400000001],[112.816086,29.229293999999996],[112.816086,29.202212999999993],[112.83522,29.215459000000003],[112.898802,29.284635000000012],[112.944429,29.319369999999992],[112.970922,29.333499],[112.997414,29.339386000000008],[113.00801100000001,29.334088000000015],[113.015665,29.322018999999994],[113.02008,29.307300999999985],[113.021552,29.29464300000001],[113.016254,29.278159000000002],[113.004479,29.269032999999993],[112.992704,29.262557],[112.987406,29.254021000000016],[112.986228,29.170421000000008],[112.993588,29.147460999999993],[113.000358,29.166300000000007],[113.008895,29.205155999999988],[113.017725,29.219874],[113.029206,29.232826999999997],[113.049222,29.267856000000013],[113.05569800000002,29.284635000000012],[113.063058,29.363229999999998],[113.065118,29.369411],[113.069239,29.377948],[113.071594,29.386485000000004],[113.069239,29.393844000000012],[113.061586,29.396493000000024],[113.05246,29.393254999999993],[113.045101,29.387956],[113.042158,29.38383499999999],[113.033915,29.361169000000004],[113.01507600000001,29.357637000000008],[112.994176,29.364407000000007],[112.979752,29.37412100000001],[112.92294,29.427401],[112.91234300000002,29.43181699999999],[112.844051,29.483918999999997],[112.82638900000002,29.49304400000002]],[[111.13422572388052,32.670110076933526],[111.13497200000002,32.67041100000001],[111.13483244789262,32.6700475659747]],[[111.13483244789262,32.6700475659747],[111.13422572388052,32.670110076933526]],[[119.47029741496357,34.76700489343016],[119.474132,34.766466],[119.48609199999271,34.7636005283314],[119.48772,34.763210000000015],[119.49042400001152,34.76224999999591],[119.49447700000002,34.76081],[119.49284900000002,34.755032000000035],[119.48918700000002,34.75275299999997],[119.48586646368373,34.750686959039705],[119.48186,34.74819999999998],[119.47555477796281,34.74965177630969],[119.467052,34.75161399999998],[119.451834,34.763373],[119.44475818578496,34.76846727322264],[119.44369999999999,34.76922999999999],[119.44142017922259,34.77415961247045],[119.444998,34.778224999999985],[119.44806046006462,34.77780493610213],[119.45004,34.77753000000001],[119.45269971254464,34.77371389069683],[119.453949,34.771918],[119.45879900000945,34.77021089409531],[119.46632,34.767559999999996],[119.47029741496357,34.76700489343016]],[[120.18343999999999,35.75453999999999],[120.18190570792645,35.75149127723894],[120.18121555130956,35.75012033567602],[120.18034931840575,35.74839963248784],[120.17926150000402,35.747813086336905],[120.17090899999998,35.743313000000015],[120.159434,35.74331299999998],[120.153331,35.753689],[120.15731899999999,35.767646],[120.164968,35.77895699999999],[120.16895876208216,35.78229928622851],[120.17147972395483,35.78440976890226],[120.17352571051073,35.783756657899694],[120.1753,35.78318999999999],[120.17473000000001,35.780139999999996],[120.17482378813574,35.77746979660607],[120.174897,35.775295],[120.18031590382057,35.764277903846256],[120.18229999999998,35.760239999999996],[120.18343999999999,35.75453999999999]],[[114.213727,33.053967],[114.204307,33.03748300000001],[114.215493,33.019232],[114.23256600000002,33.001569999999994],[114.241691,32.98832399999999],[114.25847000000002,32.96094799999997],[114.25999332211025,32.96023116044168]],[[114.25999332211025,32.96023116044168],[112.3,32.54999999999999]],[[112.3,32.54999999999999],[111.51181606652099,32.631206829509956]],[[111.51181606652099,32.631206829509956],[111.520884,32.636852999999995],[111.604189,32.648921999999985],[111.623617,32.649511000000025],[111.669832,32.642151999999996],[111.683962,32.64274100000001],[111.69220400000002,32.648922],[111.689849,32.65804700000003],[111.679252,32.66628999999997],[111.657469,32.67924199999999],[111.652759,32.68925],[111.650993,32.70102500000002],[111.648049,32.709856],[111.640984,32.70985599999999],[111.623028,32.702496000000004],[111.626855,32.71397699999999],[111.639513,32.73369899999999],[111.64746,32.750772],[111.644517,32.77549900000002],[111.63038700000001,32.79581000000001],[111.610076,32.810234000000015],[111.558268,32.826424],[111.549437,32.83643200000001],[111.547965,32.851738999999995],[111.541195,32.87558299999996],[111.529126,32.894422000000006],[111.505577,32.92003200000001],[111.500278,32.938576999999995],[111.504105,32.94299199999998],[111.510581,32.947113000000016],[111.511759,32.95329500000002],[111.471136,32.992445000000004],[111.463483,32.996566],[111.458773,32.991267999999984],[111.459362,32.96919],[111.454063,32.96006500000001],[111.439345,32.95712100000001],[111.421389,32.961831],[111.38842000000001,32.97419500000001],[111.344854,32.984203000000015],[111.324837,32.991268],[111.303643,33.00333699999997],[111.241827,33.04955200000003],[111.225048,33.057499999999976],[111.25625,33.00421999999997],[111.317773,32.968602],[111.445232,32.920032],[111.486149,32.894716],[111.50646,32.878821],[111.517351,32.86439699999998],[111.516763,32.83672699999999],[111.490859,32.778147999999995],[111.484088,32.753421],[111.493214,32.71780299999998],[111.489093,32.71162200000002],[111.465249,32.72634000000001],[111.454063,32.730167],[111.447882,32.72310199999998],[111.445527,32.71103300000003],[111.446115,32.69955300000001],[111.45141400000001,32.68542300000001],[111.47172500000002,32.660402],[111.479084,32.64656699999997],[111.48143900000001,32.634497999999994],[111.48144204772014,32.63433627387127]],[[111.48144204772014,32.63433627387127],[111.23181634481622,32.66005528568561]],[[111.23181634481622,32.66005528568561],[111.180893,32.681597000000004],[111.17206200000001,32.688367000000014],[111.16941300000002,32.69366600000001],[111.167647,32.707794999999976],[111.165881,32.711915999999995],[111.153223,32.718687],[111.123787,32.72486799999997],[111.108185,32.73016700000001],[111.091701,32.73163899999999],[111.078749,32.723984999999985],[111.066386,32.71397699999999],[111.052551,32.70926699999999],[111.03901,32.71250500000001],[111.034006,32.71986400000001],[111.030768,32.728400999999984],[111.023114,32.736053999999996],[110.999859,32.740764],[111.006041,32.723985000000006],[111.028118,32.70131899999999],[111.05343400000001,32.68866100000001],[111.077571,32.68660100000001],[111.09894431116535,32.6737451315769]],[[111.09894431116535,32.6737451315769],[110.65000000000002,32.72]],[[110.65000000000002,32.72],[109.0,33.28000000000002]],[[105.7,32.65000000000001],[103.90000000000002,33.300000000000004]],[[104.4,34.99999999999998],[103.4,36.400000000000006],[104.2,38.39999999999998],[106.0,39.300000000000026]],[[106.0,39.300000000000026],[108.6,39.60000000000001]],[[108.6,39.60000000000001],[110.5764705882353,39.68235294117648]],[[116.22758620689655,39.175862068965515],[117.0,39.199999999999996]],[[117.0,39.199999999999996],[117.287395918244,39.03235277455135]],[[117.287395918244,39.03235277455135],[117.45906126329875,38.93221489166159]],[[117.45906126329875,38.93221489166159],[117.60858802239129,38.844991153602415]],[[117.60858802239129,38.844991153602415],[117.59878212701979,38.83167361961223],[117.58398999999999,38.81159000000001],[117.57838,38.79267000000001],[117.57626,38.77375],[117.57321999999999,38.71374999999998],[117.56522498752096,38.701120759373474],[117.55877800000002,38.690940999999974],[117.55724600000002,38.672349],[117.55931197487415,38.662584435766775],[117.56047,38.65710000000001],[117.55295,38.64345],[117.5471888452526,38.629886770791515],[117.543549,38.621323999999994],[117.54355131275327,38.621323090556366],[117.54355000000001,38.62131999999998],[117.55656412448,38.61620606437693],[117.56597100000002,38.61250699999999],[117.58043799999999,38.584810000000004],[117.66804500000002,38.44615700000001],[117.70285228675264,38.39714116388056],[117.71608,38.378510000000006],[117.80388999999998,38.29402000000001],[117.83717,38.27089999999997],[117.8858612175336,38.25177600060677],[117.88586121886176,38.251776000085115],[117.90015700000001,38.246161],[117.90015880605014,38.24616046893663],[117.90015999999999,38.24615999999998],[117.90120035926472,38.24585420349972],[117.94169800000002,38.233946],[117.96334600000002,38.210694000000025],[117.96677791560558,38.206861073830275],[117.97754,38.19483999999999],[117.97754101737635,38.194840331135595],[117.977544,38.194837000000014],[117.988995,38.198566],[118.007197,38.197010000000006],[118.02940465026002,38.185349337435994],[118.03822,38.18072000000003],[118.05372761751153,38.17325114746545],[118.05433630875699,38.17142507372905],[118.05494500000243,38.169598999992644],[118.05777999999998,38.16107999999999],[118.05338836560895,38.15501185713566],[118.05240799999999,38.15365899999998],[118.05667666666417,38.15013333333538],[118.06521,38.14307999999999],[118.0818,38.14069],[118.08269959887643,38.1401072033857],[118.08480900000002,38.13873899999997],[118.08802536743725,38.13978740813697],[118.0958,38.142320000000026],[118.10199714286605,38.14559071429043],[118.10767700000001,38.148586],[118.11923286045507,38.15228895528429],[118.14609000000002,38.14248],[118.21583,38.144960000000005],[118.26653484174503,38.135956582836],[118.312022,38.127874999999996],[118.424005,38.111569],[118.448928,38.107786999999995],[118.46327234066432,38.10419376608714],[118.4725,38.10187999999998],[118.48378882446524,38.09767732447159],[118.49415100000002,38.093817],[118.51229899999998,38.08807999999999],[118.52908013574135,38.076345530941175],[118.52908013633765,38.07634553052417],[118.53395,38.07294],[118.53529469317289,38.07225648486563],[118.542979,38.06834500000001],[118.54704455555802,38.06923198199037],[118.55063,38.07001000000001],[118.55690000000001,38.07391999999999],[118.55839818632003,38.074618937894435],[118.561534,38.076077],[118.57030879237497,38.07900116610387],[118.57301,38.079899999999995],[118.58351000000002,38.08917999999999],[118.5993789569817,38.11082857710482],[118.60207380629603,38.113177225120126],[118.61578,38.125119999999995],[118.65486999999999,38.14569000000001],[118.76035,38.15512999999999],[118.80543000000002,38.15180000000001],[118.82507000000001,38.15164],[118.8401,38.15256999999997],[118.8690885941444,38.13797849268086],[118.89824500000002,38.123298999999996],[118.94368065236173,38.100457478519054],[118.94368065271402,38.10045747834192],[118.95003676236644,38.097261627881416],[118.92481499999998,38.057766000000015],[118.93713975904784,38.05175003620202],[118.94199000000002,38.049380000000006],[118.94314949999631,38.04808784534309],[118.95614700000002,38.03359600000002],[118.97339900000001,37.996487],[118.98395235200266,37.98130535203415],[118.99659,37.963119999999996],[119.0368461422799,37.95135628654471],[119.04840106385893,37.947979150408834],[119.09249,37.912769999999995],[119.11694000000001,37.85327000000001],[119.15569999999998,37.82396],[119.18178191724513,37.81318858638603],[119.206836,37.802839],[119.22480698810408,37.78630085201017],[119.24308,37.76948000000003],[119.2510026795418,37.743760066354334],[119.259597,37.715847],[119.25806243246501,37.69868699995199],[119.25566,37.67187],[119.21774,37.67524999999999],[119.20577690430842,37.68597176145698],[119.189313,37.70073499999998],[119.1327364430039,37.73081205040216],[119.12014000000002,37.73751000000001],[119.0880601053615,37.739485316188514],[119.06947199999999,37.74063099999998],[119.06947023084142,37.74062998578593],[119.06947,37.740629999999996],[119.053299999608,37.73135999977527],[119.037128,37.72208899999999],[119.02752700000002,37.70394299999998],[119.02569025427901,37.69183049999622],[119.0254001290532,37.689920849448704],[119.02342558933049,37.685045294613175],[119.02342558919699,37.685045294283576],[119.01075048689115,37.653751202106],[119.00827688129483,37.650997287863916],[118.99244,37.63337000000001],[118.97665000000002,37.610910000000004],[118.96998,37.59344999999999],[118.96778,37.573229999999995],[118.96239125423637,37.55050709321645],[118.957856,37.531398999999986],[118.9474736797377,37.411429000014735],[118.94459000000002,37.37812],[118.94946999999999,37.33617000000001],[118.96119,37.29563999999999],[118.9724192501034,37.280670999639554],[118.97242300000002,37.280666],[118.990489,37.274725999999994],[119.00463773104272,37.2718771173279],[119.01474000000002,37.26983999999998],[119.02908275138535,37.25861199436414],[119.0301204944009,37.257799395906325],[119.03042092526155,37.25743230843636],[119.042735,37.24237699999997],[119.05723114585898,37.228884777784536],[119.05860000000001,37.227610000000006],[119.05860156807067,37.22760926350723],[119.058604,37.227606999999985],[119.11500099999999,37.201116999999996],[119.14551800000001,37.17886000000001],[119.16365041542957,37.17353483066585],[119.28712,37.137270000000015],[119.44117,37.12055000000001],[119.44117273941062,37.120551028287906],[119.441173,37.12055100000002],[119.47510800000002,37.13328700000001],[119.49170516447485,37.13522834208543],[119.52451000000002,37.139060000000015],[119.53858,37.137600000000006],[119.53858191095308,37.13760032143289],[119.538585,37.137600000000006],[119.54751357950401,37.13910267756408],[119.56349,37.14178999999999],[119.64816699994046,37.13814170560668],[119.660737,37.137600000000006],[119.66073813172453,37.13760008049432],[119.66074000000002,37.137600000000006],[119.66672200000404,37.138025685393536],[119.716807,37.141588000000006],[119.73921856224408,37.145860082970835],[119.77060000000002,37.151839999999986],[119.77493050280634,37.15978099430273],[119.778901,37.16706000000001],[119.79184000000001,37.180569],[119.84060084990793,37.21090527468866],[119.84060085003361,37.21090527476685],[119.87745,37.23383],[119.8797945718736,37.235670477115285],[119.89730900000002,37.24941599999999],[119.89730821882829,37.249418601789166],[119.89730999999999,37.24942000000001],[119.88761525001566,37.28170223458873],[119.88672900000002,37.284654],[119.8824017614928,37.2916080306834],[119.86354,37.32193000000001],[119.84628347360186,37.34369561875363],[119.850883746972,37.34970580625484],[119.85258999999999,37.351935],[119.8589,37.36016999999997],[119.88233,37.37075],[119.92897000000002,37.38459000000001],[119.93699939708007,37.38847340192562],[119.988292,37.413275],[119.997813,37.421820000000004],[120.009044,37.422349000000004],[120.059825,37.440416],[120.187592,37.51178599999999],[120.297618,37.59788600000001],[120.30709562687876,37.61101888061518],[120.3070956270411,37.6110188808401],[120.32252000000001,37.63239],[120.32251941549083,37.6323911900621],[120.32252000000001,37.632392],[120.31933183456381,37.638881112744066],[120.30641,37.66519000000004],[120.30210556878396,37.66693633025564],[120.29379299999998,37.67031499999999],[120.27857500000002,37.672431],[120.24756900000001,37.67259299999999],[120.23536200000001,37.67475000000002],[120.22855865152376,37.67730665147541],[120.22291000000001,37.67943],[120.215670853031,37.68406945330608],[120.219981,37.68626500000001],[120.31186,37.686265000000006],[120.3685,37.69472900000001],[120.38599700000002,37.70453500000001],[120.38907394576434,37.70579362033966],[120.39137,37.706729999999965],[120.41098,37.71210000000001],[120.41977,37.71923],[121.0,37.54999999999998],[122.45334418385036,37.15363158622991],[122.45152878198016,37.15167631804259],[122.44987889205393,37.14989931354664],[122.4476,37.14745],[122.44615058262623,37.1425844173699],[122.44434700000001,37.136542000000006],[122.4426441737807,37.12382800001328],[122.44174,37.11709000000001],[122.43629,37.09919],[122.43629000827927,37.099189027187],[122.43629,37.09918900000002],[122.4362906893617,37.09910900000002],[122.43637,37.08979000000001],[122.43677129458077,37.08931811625202],[122.440522,37.084906],[122.4458706397272,37.08288440067472],[122.44752000000001,37.08226],[122.45411000000001,37.07746],[122.4570396048219,37.06590155913272],[122.4512718872024,37.06002381951532],[122.4485,37.057199999999995],[122.41122000000001,37.03653],[122.40235,37.02147000000001],[122.40919,37.006290000000014],[122.41741198684359,37.00485631140906],[122.424327,37.003647999999984],[122.42511774792382,37.004144747908036],[122.4251177480745,37.00414474800267],[122.43702000000002,37.01162],[122.43701993143046,37.01162170052445],[122.437022,37.01162299999999],[122.436371,37.02773700000001],[122.461192,37.030829000000004],[122.46768281111594,37.029534944696415],[122.51303000000001,37.02049000000001],[122.52800887547109,37.02450912831849],[122.53366690123349,37.026025878775464],[122.54004944600443,37.02773685149006],[122.52540000000002,36.94448],[122.5281335772204,36.9375621476892],[122.532725,36.92592999999998],[122.526459,36.914252],[122.52093450806515,36.907518836031116],[122.5173420206571,36.903142461567995],[122.51136039727874,36.90005375343418],[122.50742,36.898019999999995],[122.49855000000001,36.90420000000001],[122.49972612303868,36.912898728188814],[122.49994854235545,36.91453781180839],[122.5000915765624,36.915591879544216],[122.5021487898757,36.91804444558365],[122.509044,36.926255999999995],[122.51141706265079,36.931687734336165],[122.51270999999998,36.934640000000016],[122.49855000000001,36.93890999999999],[122.49854927372813,36.93890901233288],[122.49854600000002,36.938910000000014],[122.493907,36.93260300000002],[122.477306,36.925971000000004],[122.46465950328262,36.92270949963715],[122.45663,36.92064000000001],[122.45339501059759,36.92021332274068],[122.439952,36.91844300000001],[122.43051200000001,36.920111],[122.420909,36.923082],[122.412201,36.92475],[122.41220067524567,36.92474987053268],[122.41219999999998,36.92475],[122.40577,36.922189999999986],[122.40219,36.91449999999998],[122.40341,36.90664],[122.40718038786001,36.90091493931823],[122.407481,36.90045800000001],[122.412608,36.89801699999999],[122.421397,36.895168000000005],[122.42662779609142,36.89059811372874],[122.42945,36.88812999999999],[122.43471358004076,36.8799021933047],[122.43491822846055,36.87958209113359],[122.4351500800588,36.87921943893206],[122.43636976888914,36.870671619670496],[122.431,36.864651000000016],[122.4296862072732,36.86415955126445],[122.42066000000001,36.86079],[122.40286152000778,36.85710587989237],[122.40235400000002,36.857001],[122.39722991806475,36.85692004610168],[122.39331999999999,36.85912],[122.38990000000001,36.86197000000002],[122.38559,36.86323000000001],[122.37973,36.861399999999996],[122.3788403907104,36.8594474216618],[122.37777800000002,36.85712300000002],[122.377208,36.852484],[122.37590306069944,36.84987501214242],[122.37574213772453,36.849554260906764],[122.37118600000001,36.845649000000016],[122.36682737205668,36.84037597156553],[122.36109,36.83344000000001],[122.35750447976619,36.83077384392869],[122.35523698821973,36.82908947691476],[122.34295911941338,36.826957059711724],[122.31983500000001,36.822942999999995],[122.21403139085899,36.84048164658838],[122.20029000000001,36.84276000000001],[122.1947357138521,36.845414785635434],[122.185313,36.849921000000016],[122.18067500000001,36.8664],[122.18301189320098,36.87684844658895],[122.18482999999999,36.884960000000014],[122.187006264203,36.887320632100604],[122.19686900000002,36.898017],[122.26588,36.898017],[122.26587510713385,36.89801999999999],[122.26588,36.898019999999995],[122.2561750000115,36.90396749999296],[122.25294,36.905950999999995],[122.21119199999998,36.91844300000001],[122.18238758708948,36.936309477303794],[122.18238758692675,36.936309477404755],[122.17465,36.94110999999997],[122.16269101949587,36.94578960106684],[122.16432604646512,36.94996108867814],[122.16767464795214,36.95850446434164],[122.17856000000002,36.986270000000005],[122.1797,37.0058],[122.17969778731647,37.005801353009566],[122.17969800000002,37.005805],[122.17399466666872,37.009288691683814],[122.16610999999999,37.01411000000002],[122.14999,37.00532],[122.14804839691686,36.985894404621405],[122.14796000000001,36.985012],[122.14796006960437,36.98501069638637],[122.14796000000001,36.98501000000002],[122.14917993491363,36.9621412201025],[122.148883916119,36.96136860490801],[122.14859233085492,36.960607561320245],[122.14290999999999,36.945789999999995],[122.13666140045416,36.94571663936999],[122.12842900000001,36.94562399999999],[122.11300593786,36.95090175148104],[122.11012000000001,36.951890000000006],[122.11011830705039,36.951889894927774],[122.110118,36.951890000000006],[122.09433000000001,36.95091399999998],[122.08765699999998,36.92902299999997],[122.08324492768368,36.92088869077836],[122.08090000000001,36.91656999999997],[122.07902844634671,36.91539580869523],[122.065196,36.90672399999998],[122.05285099999435,36.90241707154363],[122.04689,36.90034],[122.03305140623016,36.898020235726456],[122.03541099999998,36.916814999999986],[122.03476,36.94183999999999],[122.03761,36.96368999999999],[122.04982,36.973090000000006],[122.05111230120391,36.97379134939709],[122.05380300000002,36.975246000000006],[122.05379937257284,36.97524965948677],[122.05380000000001,36.97524999999999],[122.0493225982912,36.97976599999942],[122.04916400000002,36.979926],[122.04916393332552,36.97992603276651],[122.04916,36.97992999999999],[122.03964000000002,36.984609999999996],[122.03177921949528,36.98624607725894],[122.029307,36.986762],[122.01246492342115,36.98627105741936],[122.01246492324819,36.986271057414335],[122.00416,36.986030000000014],[121.96144,36.99286999999998],[121.92627999999999,36.993599999999994],[121.91489,36.985829999999986],[121.91489071508413,36.985828534331105],[121.91488699999998,36.985826],[121.92195679159785,36.97134558317891],[121.92335000000001,36.968489999999996],[121.94031353176527,36.94951906353056],[121.94979899999998,36.938910000000014],[121.915131,36.920232999999996],[121.78598100000002,36.891181],[121.77686600000001,36.886461],[121.75587000000002,36.872301],[121.7546441798694,36.870682640269926],[121.7518,36.866929999999996],[121.75001,36.857409999999994],[121.74488,36.84724000000001],[121.73715000000001,36.839179999999985],[121.73436913015176,36.83818486984574],[121.72803799999998,36.835924],[121.70850700000001,36.832831],[121.671479,36.81928099999997],[121.66629477136397,36.81852548576963],[121.64942500000001,36.81607072756119],[121.64942500000001,36.82225200000001],[121.674083,36.83323799999998],[121.679004673353,36.83454804009775],[121.68417,36.835919999999994],[121.68417,36.835922935288885],[121.684174,36.835924],[121.684174,36.84276000000001],[121.68417,36.84275959861324],[121.68417,36.84276000000001],[121.65821000000001,36.84016],[121.63746,36.83137],[121.62801977778993,36.81925237319089],[121.62452200000001,36.814765],[121.62452165858322,36.81476212898508],[121.62452,36.814759999999964],[121.62221137640738,36.79533468821742],[121.62143,36.788764],[121.62143036369775,36.788763060239965],[121.62143,36.78876000000001],[121.63108558699801,36.76381489062619],[121.63108558707191,36.763814890435285],[121.63146999737637,36.76282161113152],[121.63209010210477,36.76121932007499],[121.63251461317299,36.75839246227985],[121.63323328902283,36.753600526674866],[121.63428791424222,36.74656857180967],[121.625254523877,36.740383097654735],[121.6216719480028,36.74111789818846],[121.61818507058739,36.74183307058839],[121.61256000000002,36.742990000000006],[121.60353,36.74966],[121.59767,36.75849000000001],[121.59425,36.76765],[121.58948961901798,36.76561104786079],[121.583018,36.762844],[121.57745953095414,36.76327328330228],[121.57300999999998,36.763620000000024],[121.56007,36.767649999999996],[121.55038,36.76434999999999],[121.54444967600443,36.76050825919141],[121.53712,36.755764],[121.52589,36.75397399999999],[121.50351,36.76044299999999],[121.49643049011351,36.774481028149246],[121.49803979872881,36.77785700000001],[121.49991917621674,36.78179718140788],[121.50318362190004,36.788641207299996],[121.522227,36.794989],[121.53712,36.79563999999999],[121.54737,36.79815999999999],[121.55519000000001,36.80341000000002],[121.56286032215554,36.81189976029886],[121.56301484609503,36.81207066297043],[121.56324089387009,36.81232067063132],[121.5669033747841,36.81506846849208],[121.57300900000001,36.81964799999998],[121.5819986970349,36.82234822723773],[121.59523000000002,36.82632],[121.60164973057415,36.83049417355609],[121.60474700000002,36.83250599999999],[121.60474746047375,36.8325083487744],[121.60475,36.83250999999997],[121.60719,36.84496000000001],[121.58815000000001,36.846180000000004],[121.56284000000001,36.841379999999994],[121.5566074829552,36.8392999545804],[121.54647900000002,36.835924],[121.53809700000001,36.82884299999999],[121.530528,36.819892],[121.522227,36.812161],[121.51156800713794,36.808580338326536],[121.49813999999999,36.81085999999999],[121.49662939262319,36.81318579447784],[121.494233,36.816881000000016],[121.49273586350029,36.822274215875886],[121.49228000000001,36.82392],[121.48439,36.829089999999994],[121.46768927666928,36.8288151185642],[121.45948300000002,36.82868100000001],[121.45948249198597,36.82868004101622],[121.45948000000001,36.828679999999984],[121.45297,36.81639],[121.45573856079922,36.80847356080386],[121.458018,36.80194699999999],[121.46729599999999,36.794989],[121.46944704980754,36.791608868778155],[121.47071000000001,36.78961999999999],[121.46860265481003,36.78403900889248],[121.466156,36.777574],[121.45338000000001,36.757392],[121.45153854442242,36.75655003780672],[121.44483,36.75348999999999],[121.43721141136494,36.753033870906954],[121.43246500000001,36.75275299999999],[121.40894600000001,36.75397399999999],[121.390147,36.746811999999984],[121.377778,36.73151299999999],[121.37940499999999,36.71698599999997],[121.4016975554596,36.712389122701424],[121.38526000000002,36.706490000000024],[121.37867521715465,36.70659948570051],[121.368419,36.706773],[121.34979513263397,36.70976833155534],[121.33350999999999,36.71239],[121.31422,36.71181999999999],[121.15773,36.668609999999994],[121.12802,36.65094999999999],[121.08968999999999,36.616400000000006],[121.08586763922062,36.613834360779386],[121.08016999999998,36.610012],[121.06275500000001,36.610053000000015],[121.042491,36.627671999999976],[121.03248100000002,36.62425399999998],[121.03248004955834,36.62425001693203],[121.03248,36.62425000000002],[121.03076999999999,36.61709],[121.03245843734902,36.60659682800897],[121.034028,36.596829],[121.03260376053262,36.59008526755094],[121.03248082246344,36.5895038894561],[121.02352909946285,36.58393006193096],[121.01466,36.58453999999999],[121.01401656568594,36.584772539418765],[121.00611400000001,36.587633000000004],[120.998383,36.589504],[120.94467200000001,36.59121300000002],[120.92880300000002,36.59634],[120.936534,36.611965],[120.93470020379961,36.61676094904208],[120.93336,36.620270000000005],[120.927745,36.62197500000001],[120.92213000000001,36.62368400000003],[120.90552800000002,36.62425399999999],[120.90037808689388,36.62594860898679],[120.89267000000001,36.62849000000001],[120.8753145412948,36.63981986232924],[120.864757,36.64671499999999],[120.85830366667138,36.64864325235266],[120.8506,36.65094999999999],[120.82407,36.64399],[120.81355501279323,36.638692010954635],[120.770844,36.617174000000006],[120.75740654872756,36.6169578230796],[120.75058,36.61684999999999],[120.75020319679396,36.61584944256358],[120.747325,36.60822199999999],[120.746918,36.60317600000001],[120.7495493994657,36.60033786594968],[120.75001,36.59984000000002],[120.75379499999998,36.598090000000006],[120.75757900000002,36.59634],[120.747325,36.577297],[120.742279,36.555854],[120.7422803432007,36.55585145775352],[120.74228000000001,36.55585000000001],[120.75025,36.54076],[120.75025391996786,36.5407600441531],[120.75025499999998,36.54075799999999],[120.76170319168656,36.54088900462302],[120.77866000000002,36.54108000000001],[120.79158079797517,36.549525914869406],[120.79379300000001,36.550970999999976],[120.813569,36.583686],[120.8200683721581,36.590082255660974],[120.82643,36.59634000000001],[120.8407820000272,36.601272000009345],[120.84102496531558,36.6013554764846],[120.850350834007,36.60455959939553],[120.86459000000002,36.59772],[120.88569436200378,36.57247163578819],[120.89478600000001,36.561591],[120.89596417271196,36.561084064760905],[120.90528,36.55707000000002],[120.91407,36.55703000000001],[120.91919348550738,36.55393438840102],[120.92025800000002,36.55329000000002],[120.922618,36.537665000000004],[120.92546411059163,36.53488999845858],[120.9275,36.5329],[120.93701384164775,36.53417255206754],[120.93848700000001,36.534369],[120.93848871615208,36.53436982827514],[120.93848999999999,36.534369999999996],[120.9399824376478,36.53509075060466],[120.95020600000001,36.540025000000014],[120.9510720567008,36.54106211340962],[120.95107205678998,36.541062113516396],[120.95679916476553,36.54791899999999],[120.96362986711165,36.54791899999997],[120.96251704274974,36.539544869641865],[120.961436,36.53144000000001],[120.95474399756239,36.52334577669659],[120.95191,36.51992000000001],[120.94117,36.50971000000001],[120.93629,36.497020000000006],[120.93629046442831,36.49701720743753],[120.93629,36.49701600000001],[120.937836,36.487698],[120.94471485756215,36.47151685757029],[120.94995852742221,36.45917346638981],[120.93433700000001,36.456773000000005],[120.92524802115129,36.456598105734116],[120.91953000000001,36.45649000000001],[120.90626,36.452380000000005],[120.8977975993049,36.44226495958762],[120.89478600000001,36.43866599999999],[120.90011781624459,36.42919545298895],[120.90097,36.42768],[120.9011134007257,36.42464759928833],[120.901378,36.41901299999999],[120.898285,36.41160699999998],[120.8946817787779,36.40536640707515],[120.89039,36.39793999999999],[120.88266,36.388740000000006],[120.88053405690071,36.38667494309927],[120.874278,36.380601],[120.867442,36.37718300000002],[120.85907710909247,36.38140387274698],[120.84970023943129,36.38613987906965],[120.844005,36.42267500000002],[120.82643006920964,36.432520280662914],[120.8297034817587,36.445794814618594],[120.832042,36.45526799999998],[120.83203970210924,36.45526879197595],[120.83204000000002,36.45526999999999],[120.82485714284391,36.45774428571884],[120.806895,36.463935000000006],[120.78230714286184,36.46364428571432],[120.77246999999998,36.46352999999999],[120.76426601684383,36.46189594944902],[120.75058,36.45917400000001],[120.747813,36.45563400000004],[120.74781264828526,36.455633384451204],[120.74781000000002,36.455630000000006],[120.74049,36.44282],[120.73707000000002,36.438670000000016],[120.73453992418227,36.437515682355034],[120.7317,36.43622500000001],[120.7232588219943,36.43365441361403],[120.719,36.43235999999999],[120.71412000000001,36.42869999999999],[120.68653000000002,36.387150000000005],[120.69067999999999,36.37084000000001],[120.70955999999998,36.34934999999999],[120.7221787473356,36.33055186609278],[120.71606819750808,36.327313393670266],[120.70728838815508,36.3226602656757],[120.69369999999999,36.324899999999964],[120.66904,36.33462],[120.66903880235375,36.33462028926198],[120.669037,36.334621],[120.66708699999998,36.335091699152514],[120.66708699976192,36.33509169921001],[120.66196,36.336330000000004],[120.66195883970164,36.33632955592515],[120.661957,36.336330000000004],[120.65184669388798,36.33245938775908],[120.65184669373728,36.332459387701405],[120.64772000000002,36.330879999999986],[120.64771972039942,36.33087942431133],[120.647716,36.330878000000006],[120.643647,36.32249599999999],[120.64630265094821,36.31718417171092],[120.64869000000002,36.312400000000004],[120.65836771163158,36.30445071162138],[120.661957,36.30150000000001],[120.65910986185459,36.29641513815351],[120.65455,36.28828000000001],[120.65455231235289,36.288275557848365],[120.65455199999998,36.288275],[120.660248,36.27733],[120.66299224447219,36.274223740774836],[120.67042000000001,36.26581000000001],[120.67340175202074,36.25712800803168],[120.67562899999999,36.250637000000005],[120.68157,36.21926499999999],[120.68751,36.18789],[120.69336999999999,36.17486999999999],[120.70484,36.15623999999998],[120.69745249483971,36.144998144321285],[120.69678907287424,36.14398963094993],[120.68017199994915,36.13737506794093],[120.62777800000002,36.116523],[120.623871,36.117662],[120.6216527777804,36.12012964444157],[120.62062000000002,36.12128],[120.62061750243444,36.12128132862822],[120.620616,36.121283000000005],[120.61942993944834,36.12191307568988],[120.61671,36.123359999999984],[120.5936,36.10977],[120.5652,36.11578999999999],[120.56519767692869,36.11578964444529],[120.56519599999999,36.11579],[120.55160599999999,36.113714999999985],[120.54590971764472,36.0997597581477],[120.53622,36.091460000000005],[120.51416999999998,36.08856999999999],[120.47466062445427,36.08924262445415],[120.473643,36.08926000000001],[120.4736428381836,36.089259951681555],[120.47364,36.08925999999998],[120.46191999999999,36.08576000000001],[120.43564,36.06851000000001],[120.42172,36.06196],[120.39866790504206,36.05613961078684],[120.36947700000002,36.04877399999999],[120.35352913234195,36.04084055821786],[120.34340599998275,36.04735339266647],[120.33936600000001,36.04995400000001],[120.33514418111847,36.05204127555569],[120.32472000000001,36.05720000000001],[120.31149613132244,36.06084650505442],[120.309093,36.06151000000001],[120.30864299999901,36.06152177004098],[120.29200300000001,36.061959921006434],[120.29200300000001,36.068101],[120.308442,36.079535],[120.30994102205693,36.0841449632295],[120.31226999999998,36.09129],[120.31349,36.10448],[120.31594371980701,36.10857217995863],[120.32276500000002,36.11994000000001],[120.334972,36.13613499999999],[120.361583,36.19163600000001],[120.34848100000002,36.21336499999999],[120.339203,36.222602000000016],[120.33121506347956,36.224440809574965],[120.32276415303626,36.22638904257863],[120.31984585217066,36.23687256099719],[120.31689687798534,36.247466268298645],[120.31178000000001,36.26586000000001],[120.30641,36.27424],[120.29674255193595,36.26918810387024],[120.28646900000001,36.26382100000001],[120.27352900000001,36.23428000000002],[120.27515699999998,36.204088000000006],[120.29883720642368,36.19163694306276],[120.29381429694101,36.18614050510235],[120.284516,36.17597099999999],[120.264252,36.18085399999999],[120.25299742360454,36.186548491303924],[120.24399,36.191109999999995],[120.22999000000002,36.19164000000003],[120.22705816723511,36.193469583618],[120.226085,36.19407800000001],[120.22493116923977,36.195359975824175],[120.22388999999998,36.19652000000001],[120.22275267055802,36.19733486822089],[120.22128300000001,36.198391000000015],[120.2163203406057,36.19912280231197],[120.21909,36.221910000000015],[120.21908595669214,36.22190964334796],[120.219086,36.22191],[120.18677800000002,36.21906200000002],[120.16033130033013,36.21269202472432],[120.1603312997487,36.21269202458433],[120.14454000000002,36.20888999999999],[120.13571848976605,36.20913917692149],[120.11727899999998,36.209662],[120.11239994705726,36.21747028362183],[120.11167929857878,36.2213309004708],[120.11142,36.22272399999998],[120.108165,36.22553099999999],[120.10537002697863,36.225748522477076],[120.09718000000001,36.22639],[120.09560681648273,36.22522927527033],[120.09286500000002,36.223212],[120.087901,36.216212999999996],[120.087900282032,36.21621039722816],[120.0879,36.21621],[120.08778790254485,36.21580300000897],[120.08594799999999,36.209133],[120.08595035737376,36.20913129754168],[120.08595,36.20913000000002],[120.09034000000001,36.20595999999999],[120.10531771914214,36.200870775004475],[120.10712623442792,36.19527530464377],[120.10922000000001,36.188790000000004],[120.10761942054384,36.18293059229243],[120.105235,36.174221],[120.089366,36.14769099999998],[120.08643600000002,36.13003199999999],[120.08847432135752,36.11856894644424],[120.08969,36.111720000000005],[120.09492470265108,36.103932756627614],[120.10019,36.09609599999998],[120.11038615575174,36.09087293461159],[120.11679,36.087590000000006],[120.13575,36.08340000000001],[120.15406,36.07705000000001],[120.16193677246534,36.068801526960314],[120.168468,36.06195699999999],[120.17188600000001,36.046129],[120.17074600000001,36.00869399999999],[120.17280224060237,36.001901819546],[120.1753,35.99363999999997],[120.18605000000001,35.98451999999999],[120.19262518013043,35.98495797100784],[120.19776499999999,35.98529700000001],[120.21505702485011,35.993135450288904],[120.22999000000002,35.9999],[120.22950000000002,35.972809999999996],[120.22950309326903,35.97281017948885],[120.229503,35.972805],[120.242768,35.97357800000001],[120.27491300000001,35.99363799999998],[120.280772,35.998236],[120.28199299999999,36.006659],[120.28492108792982,36.01092921150991],[120.29542000000001,36.00332],[120.29944850000386,35.99843840587766],[120.303071,35.99404499999999],[120.30526799999998,35.987006],[120.303477,35.980535999999994],[120.29883900000002,35.97313100000001],[120.28945261321316,35.96626372264168],[120.28443212457142,35.9625915539891],[120.244395,35.953070000000004],[120.22681700000001,35.941840000000006],[120.18515100000002,35.90375399999999],[120.1815719192343,35.898769747482476],[120.17530308990129,35.89004430076618],[120.170502,35.90745699999997],[120.179454,35.920071000000014],[120.189708,35.93154500000001],[120.18970786068546,35.931547606303035],[120.18971,35.931550000000016],[120.18897999999999,35.94525999999999],[120.18670162974811,35.94450017296331],[120.168468,35.93842199999999],[120.16285200000002,35.93329499999999],[120.145518,35.91380399999999],[120.14185856152957,35.90794909830742],[120.13575,35.90411999999999],[120.10718999999999,35.90400000000002],[120.1047842914904,35.903235748944994],[120.097179,35.90082399999999],[120.06258893295505,35.871403731943076],[120.05226000000002,35.86261999999998],[120.05225767247123,35.86261657196432],[120.05225700000001,35.862615999999996],[120.03882900000002,35.842841],[120.01978600000001,35.75975199999999],[120.00453049195433,35.730788631020715],[120.00293999999998,35.72777000000001],[119.96998000000002,35.73236999999999],[119.94972000000001,35.75381],[119.93775000000001,35.761140000000005],[119.92903571428779,35.75805428571502],[119.925548,35.756822],[119.91734172759155,35.75115846954985],[119.90821,35.74485999999999],[119.90480996164544,35.74123188453848],[119.90015700000001,35.736274000000016],[119.90016081993929,35.73627087494141],[119.90016,35.73627000000004],[119.93124000000002,35.71083999999999],[119.93563790627819,35.70502276942299],[119.930756,35.699529999999996],[119.908295,35.68089400000001],[119.90417131163397,35.675111072421814],[119.90162,35.671540000000014],[119.90048000000002,35.66055000000003],[119.90292,35.65241000000002],[119.90539769019621,35.64727995215251],[119.90674900000002,35.64447700000001],[119.90845800000001,35.63397900000001],[119.90691118244132,35.63025649998676],[119.90455,35.624579999999995],[119.8956,35.62030999999999],[119.88526,35.61762],[119.87745,35.613189999999996],[119.8602,35.60611000000001],[119.84665879949068,35.61385239934613],[119.84327200000001,35.61578999999998],[119.83994580536091,35.62285436575646],[119.83408,35.63532],[119.84010000000002,35.65790000000001],[119.8400977193958,35.65789919842528],[119.84009899999998,35.65790400000001],[119.811615,35.647894999999984],[119.771007,35.593329000000004],[119.74391115914199,35.57591667274751],[119.74806,35.59980000000001],[119.74821908168975,35.604532680270204],[119.748383,35.609320000000004],[119.74634551833948,35.61276541972485],[119.74391,35.616889999999984],[119.73251,35.620839999999994],[119.72524216009965,35.62014757307133],[119.718761,35.619533999999994],[119.70712300000001,35.61416300000001],[119.70712172054756,35.61416079375777],[119.70711999999999,35.614160000000005],[119.70240086887748,35.60602149844549],[119.69678800000001,35.599433000000005],[119.683849,35.59397999999998],[119.68094961804391,35.59326707871327],[119.66896,35.590319999999984],[119.66658345125752,35.590025841250934],[119.657725,35.58893500000001],[119.64796000000001,35.58393000000002],[119.641368,35.572008000000004],[119.63412499999998,35.548041000000005],[119.604096,35.48802300000001],[119.60155125286333,35.476694906590794],[119.59985999999999,35.46917999999999],[119.598407525431,35.466498508487966],[119.59595799999998,35.46198199999999],[119.57493110220933,35.440273265155035],[119.56959,35.434760000000004],[119.5686732964193,35.43293204940755],[119.564545,35.424708999999986],[119.562266,35.40062099999998],[119.55970028966381,35.39270313791634],[119.55893000000002,35.39033],[119.55152,35.380030000000005],[119.52230999999999,35.35273],[119.52230988969525,35.35272983146839],[119.52230900000002,35.352728999999975],[119.51352,35.339301],[119.50766,35.332343000000016],[119.48543279255222,35.32600270745908],[119.48543279238113,35.326002707410304],[119.46957,35.321479999999994],[119.43580000000001,35.322579999999995],[119.42872,35.32148],[119.42588222474545,35.316738550512184],[119.42392000000001,35.313463000000006],[119.421886,35.30052299999999],[119.421886,35.277410999999965],[119.4199887542248,35.273762956217354],[119.41871000000002,35.271310000000014],[119.40455,35.25372999999998],[119.39893666667996,35.237616666704824],[119.387706,35.20539000000001],[119.370616,35.11741799999999],[119.35859448874751,35.09806674060713],[119.35800182119915,35.097112930947304],[119.34180533332004,35.09085786366599],[119.33619,35.08869],[119.31430000000002,35.08624999999999],[119.28028,35.07660999999999],[119.26211896508092,35.07146904887953],[119.250499,35.06818299999999],[119.23889103854599,35.06705707709298],[119.22910000000002,35.06611000000001],[119.22460267208649,35.06492589341012],[119.221202,35.064032],[119.212657,35.05801],[119.207286,35.048407],[119.20394900000001,35.02497000000001],[119.20213659885437,35.02172620053689],[119.19931000000001,35.01666999999997],[119.19288,35.000429999999994],[119.19288,34.97402999999998],[119.19703,34.947700000000005],[119.2006830909865,34.9384550909995],[119.20337960862773,34.931627990884536],[119.20082912702777,34.91853505536875],[119.188698,34.85627400000001],[119.193126,34.809882000000016],[119.19661708917612,34.79999064686953],[119.20191000000001,34.78498],[119.19103370050959,34.769380762676406],[119.189057,34.766547],[119.1927836010833,34.76248140073325],[119.19532000000001,34.75970999999999],[119.19335199287636,34.75562560426324],[119.19027800000002,34.74925399999999],[119.18921828302568,34.73816019495856],[119.18873,34.73305999999999],[119.19223000000001,34.71820999999999],[119.19223033811706,34.71820980865303],[119.192231,34.718206999999985],[119.20338,34.711899999999986],[119.20981,34.71857000000001],[119.22095899677842,34.749417224270324],[119.22604538647315,34.75566446620629],[119.22934,34.75971],[119.24179,34.76166000000001],[119.2651538383259,34.75780845522351],[119.29135200000002,34.75348500000002],[119.30575675498483,34.75460417879961],[119.31178,34.755069999999996],[119.31661124372012,34.756877134411226],[119.32496200000001,34.759995999999994],[119.33505300000002,34.76850000000001],[119.34669,34.78082899999997],[119.34854391567325,34.77980878915612],[119.358,34.7746],[119.37558000000001,34.759339999999995],[119.38066252867944,34.75688882170034],[119.387706,34.753485000000005],[119.401459,34.75112500000001],[119.428233,34.749945000000004],[119.44223100000002,34.746039],[119.46322700000002,34.73236700000001],[119.47224914802679,34.71833200002024],[119.47421,34.71527999999999],[119.47325908231282,34.70412300001265],[119.47274812181952,34.69814842441526],[119.45655,34.68456000000001],[119.45655419246846,34.68455616153138],[119.45655399999998,34.68455599999999],[119.49278900982263,34.651379968066244],[119.45,34.65],[119.15000000000002,33.72]],[[118.58075960321233,33.5990364156826],[118.57679199999998,33.603545],[118.558247,33.602073],[118.56384,33.60678300000001],[118.578558,33.62267899999999],[118.57502600000001,33.62886000000001],[118.57502600000001,33.64299000000002],[118.57237700000002,33.650055],[118.564723,33.65829699999999],[118.56207399999998,33.65741400000002],[118.558541,33.652703999999986],[118.548239,33.650055],[118.46905499999998,33.63945699999999],[118.46198999999999,33.630332],[118.461696,33.618852000000004],[118.46726217995021,33.57491821323942]],[[114.26847900000001,32.95623799999999],[114.27238100710461,32.96282393171957],[114.273188,32.96418599999999],[114.280548,33.02305900000001],[114.269362,33.05573299999998],[114.245518,33.070451999999996],[114.213727,33.053967]],[[112.53438,33.31889499999999],[112.541739,33.30682600000001],[112.563227,33.31330199999998],[112.576768,33.30005600000004],[112.589131,33.28180499999999],[112.607087,33.272680000000015],[112.629459,33.28298300000001],[112.634463,33.306826],[112.633286,33.334496],[112.637996,33.35569],[112.626516,33.34980300000001],[112.62004000000002,33.34038400000001],[112.617685,33.32831499999999],[112.617979,33.313595999999976],[112.61062,33.31359599999998],[112.604144,33.31742300000001],[112.588837,33.32301600000002],[112.582655,33.32713699999999],[112.576179,33.33390800000001],[112.571175,33.340972],[112.567054,33.349509000000005],[112.562933,33.361872],[112.561755,33.35451299999998],[112.559989,33.350392],[112.557929,33.347154],[112.555868,33.341561000000006],[112.548509,33.34156099999997],[112.548509,33.35569],[112.54586,33.350392],[112.534968,33.334496],[112.515246,33.34656500000002],[112.499939,33.360400000000006],[112.48845900000002,33.37659000000001],[112.480217,33.39660699999999],[112.474329,33.38130000000002],[112.47639,33.366876000000005],[112.48404300000001,33.35451300000002],[112.495818,33.344799],[112.510536,33.33744000000001],[112.523782,33.329198000000005],[112.53438,33.31889499999999]],[[117.34281800000001,34.591431000000014],[117.33899099999998,34.612331],[117.32751100000002,34.62734399999999],[117.256569,34.684450000000005],[117.234197,34.698580000000014],[117.185333,34.718301999999994],[117.160312,34.732431999999996],[117.15619100000002,34.732137],[117.147654,34.73449200000001],[117.14235600000002,34.740379],[117.14029499999998,34.74979899999998],[117.134996,34.75598099999998],[117.124694,34.74891599999999],[117.117923,34.73802400000003],[117.12292799999999,34.73243199999999],[117.134113,34.723601],[117.134113,34.70270100000002],[117.126166,34.660018],[117.129109,34.63735199999999],[117.169143,34.536091000000006],[117.18032899999999,34.524022],[117.19504699999999,34.52755400000001],[117.20152300000001,34.51283599999999],[117.196519,34.486343],[117.20181699999999,34.472508000000005],[117.229193,34.49017000000001],[117.24449999999999,34.49694],[117.260101,34.499589],[117.26186699999998,34.505477000000006],[117.306316,34.559051000000004],[117.318385,34.56994300000001],[117.340463,34.57995100000001],[117.34281800000001,34.591431000000014]],[[116.244839,35.920778999999996],[116.24896000000001,35.95050999999999],[116.22923799999998,35.97994700000001],[116.24071800000002,35.98936600000001],[116.23277,36.000847],[116.208044,36.020862999999984],[116.204511,36.034698000000006],[116.207749,36.082974000000014],[116.200979,36.10299099999998],[116.196269,36.11093899999999],[116.187733,36.116532],[116.17772400000001,36.06413500000001],[116.165655,36.036465],[116.145933,36.020863],[116.156236,35.99790300000001],[116.14387199999999,35.98024099999998],[116.12267800000001,35.972587999999995],[116.10560500000001,35.97994700000001],[116.109432,35.944623],[116.13563,35.931671000000016],[116.17007100000001,35.92666699999998],[116.225411,35.904589000000016],[116.244839,35.920778999999996]],[[117.32545,38.68633000000001],[117.389916,38.70723],[117.39374299999999,38.714001000000025],[117.427594,38.754916999999985],[117.413759,38.76021599999999],[117.40198499999998,38.76227599999997],[117.376375,38.76257099999999],[117.36460100000001,38.759038000000004],[117.35606400000002,38.75256199999999],[117.34635,38.74932399999998],[117.33222,38.754916999999985],[117.32927699999999,38.739905],[117.32545,38.68633000000001]],[[118.173513,34.13840499999999],[118.160855,34.136639],[118.15585100000001,34.12986799999998],[118.14025,34.09483900000002],[118.136718,34.09248399999999],[118.13436300000001,34.09012900000001],[118.131419,34.088363],[118.12670899999999,34.08806799999999],[118.13995600000001,34.066285],[118.156146,34.050095],[118.174396,34.037437999999995],[118.195002,34.026545999999996],[118.22119999999998,34.018304],[118.23739,34.023308],[118.24769300000001,34.04038099999998],[118.263589,34.082181],[118.26771,34.090718],[118.26506,34.09807699999998],[118.250048,34.10867399999999],[118.23856800000001,34.11279499999999],[118.214724,34.11367800000001],[118.202361,34.11603300000001],[118.190881,34.12339200000001],[118.182638,34.132516999999986],[118.173513,34.13840499999999]],[[122.482677,37.13996],[122.4783060077568,37.12912185380674],[122.47071,37.11030000000001],[122.46445,37.11030000000001],[122.46545388254879,37.13566622063473],[122.465831,37.145168],[122.4654007267328,37.1472428871281],[122.46472,37.15053],[122.48950612959248,37.143771055423755],[122.482677,37.13996]],[[113.3,39.399999999999984],[114.97999999999998,39.199999999999974]],[[113.27664974619292,39.40304568527917],[113.2766497461929,39.40304568527918],[113.3,39.399999999999984]],[[117.60858802239129,38.844991153602415],[117.45906126329874,38.93221489166159]],[[117.45906126329875,38.93221489166159],[117.69876795442232,38.96746587565033],[117.61453965884273,38.853074160583056],[117.60858802239129,38.844991153602415]],[[117.79248686003866,38.906117325059704],[117.78928926415304,38.90463012285761],[117.78842922901953,38.90477371502782],[117.76096200000002,38.90936499999998],[117.71836830494766,38.921351069971884],[117.69711078767152,38.93476950279622],[117.71371035179627,38.96643976329395],[117.73150000000001,38.95446999999997],[117.73150259739727,38.954469270906024],[117.73150299999999,38.954468999999996],[117.76911866977275,38.943907215847695],[117.76213,38.92927999999998],[117.76213322281261,38.929279558793546],[117.76213199999998,38.929277000000006],[117.7749792565219,38.92752092318928],[117.77820000000001,38.92707999999999],[117.7782004104981,38.927080627333766],[117.778205,38.92707999999999],[117.785638,38.93844599999999],[117.814789,38.93044599999999],[117.81086575181645,38.91466802355131],[117.79248686003866,38.906117325059704]],[[117.74454599999999,38.96189356538918],[117.73323,38.964290000000005],[117.73004900000453,38.96669192879157],[117.72789857248596,38.96831652798499],[117.72409455626386,38.97119037592117]],[[117.7453247743838,38.974312466821154],[117.75294,38.97311999999999],[117.80885,38.96423000000001],[117.81926,38.95840000000001],[117.87940000000002,38.946549999999995],[117.88000475832429,38.93164503329924],[117.88004008280572,38.930771297515136],[117.88004983716205,38.930530027726455],[117.83565,38.93809000000001],[117.82915924316293,38.940019817632496],[117.79612499999999,38.94984299999999],[117.75854099999998,38.95893199999999],[117.74454599999999,38.96189356538918]],[[117.8032309085929,38.97960987863362],[117.79985082487563,38.98233100365819]],[[117.82593700496733,38.98616720661281],[117.82684,38.983720000000005],[117.82057467828004,38.978182999992576],[117.82014869767904,38.9778068542338],[117.81969936155589,38.97741008528095],[117.8032309085929,38.97960987863362]],[[118.43062562100408,39.075092003088834],[118.409959,39.062899999999985],[118.38011500000002,39.050422000000005],[118.36765561617298,39.04507992255869],[118.36035,39.04194999999999],[118.34427000000001,39.03070999999999],[118.3381125961087,39.03078455304654],[118.33811259594992,39.03078455304846],[118.326096,39.03093200000001],[118.300126,39.040564],[118.26785499999998,39.043004],[118.25001785232963,39.0485320371073]],[[118.25001785232963,39.0485320371073],[118.43062562100408,39.075092003088834]],[[115.31095406360426,39.160600706713794],[113.90604026845637,39.32785234899329]],[[124.38966,39.86787],[124.36643233332286,39.87117844255992],[124.36404321717652,39.871519266287656],[124.3625593873521,39.87173094474157],[124.34888999999998,39.892810000000004],[124.34181000000001,39.899970000000025],[124.33481000000002,39.90559000000002],[124.32797,39.90974],[124.32154594611899,39.9126672904932],[124.332123,39.925115999999996],[124.3426503249644,39.92908727474744],[124.34571000000001,39.93024],[124.35915427120912,39.933483135598706],[124.35938600000001,39.933539000000025],[124.35938609473925,39.93353905794148],[124.35939,39.93353999999998],[124.36997000000001,39.940010000000015],[124.37607000000001,39.95409000000001],[124.38307,40.002670000000016],[124.3945339510653,40.01535104895371],[124.405772,40.027776999999965],[124.41861573870821,40.0263194322514],[124.43409000000001,40.02456],[124.45031402917036,40.01982160206651],[124.465831,40.01528600000002],[124.499604,40.022527999999994],[124.49959937926184,40.022529866919044],[124.49960000000002,40.022529999999996],[124.47926,40.03074999999999],[124.45631117078354,40.03175422770659],[124.432872,40.03278199999998],[124.41287441141962,40.03580320570048],[124.41025000000002,40.03620000000001],[124.39145,40.048289999999994],[124.38437,40.06488999999998],[124.38230004395407,40.07411401466081],[124.38038200000001,40.082667999999984],[124.37848733881849,40.08550990083146],[124.36997000000001,40.09829],[124.36996803288721,40.098288450814785],[124.369965,40.09829300000001],[124.35824599999998,40.08905699999998],[124.35761264191153,40.082861570956354],[124.35693999999998,40.07632000000003],[124.36147716397375,40.05247163277857],[124.36255900000002,40.04678],[124.36284873100942,40.041661946216834],[124.36402,40.020900000000005],[124.36134000000001,40.011179999999996],[124.35794949858544,40.00659550140956],[124.35230600000001,39.998968999999995],[124.33911134463243,39.987719660996305],[124.30787000000001,39.96108999999999],[124.30299,39.95409000000002],[124.30298972658275,39.95408904129144],[124.302989,39.954088000000006],[124.30264340378712,39.95287469716661],[124.29908,39.94037999999997],[124.29541494085801,39.9354231577178],[124.29419999999999,39.933782999999984],[124.29088441289245,39.93181897851983],[124.28671,39.92934999999999],[124.28028000000002,39.92870000000002],[124.27382812803269,39.92889580795044],[124.273692,39.92889999999999],[124.27369179563406,39.928899945504284],[124.27369000000002,39.92889999999998],[124.26637000000001,39.92695],[124.20216,39.878610000000016],[124.18345552800837,39.87174269597931],[124.15503999999999,39.86131400000001],[124.137218,39.84235300000002],[124.12916606140963,39.83846466164592],[124.11817010525868,39.83316005077833],[124.08814500000001,39.851873999999995],[124.06690500000002,39.836167999999994],[124.055431,39.829901],[124.041026,39.82453000000002],[123.998057,39.81590399999999],[123.98776937422954,39.81119975459959],[123.98569,39.81025000000001],[123.97511,39.81501],[123.97295298624181,39.816637324158656],[123.967784,39.82054300000002],[123.95534305958246,39.83373186754017],[123.95493,39.834170000000015],[123.9549295706748,39.8341702146626],[123.95492600000001,39.834174],[123.942149,39.840562000000006],[123.93674827896257,39.838819027191775],[123.93067,39.83686000000003],[123.9263584071038,39.83380750819932],[123.920258,39.829494999999994],[123.91065499999999,39.82453000000001],[123.88754300000001,39.822902999999975],[123.8705175384712,39.82384569230716],[123.86036,39.82440999999997],[123.83408000000001,39.82917],[123.82579427286319,39.83272585231867],[123.814464,39.837592],[123.807628,39.83759200000001],[123.80333532911236,39.835203211247745],[122.40000000000002,40.800000000000004],[122.10839000000001,40.69975999999999],[122.07970269656049,40.72430837386956],[122.06714900000001,40.73505299999999],[122.04908300000001,40.746080000000006],[121.96435887046614,40.78052619460177],[121.96435886897154,40.78052619520945],[121.89718000000002,40.80784000000002],[121.87201000000002,40.81506],[121.85983275379849,40.825067101512936],[121.851085,40.83226100000002],[121.84376100000001,40.859686999999994],[121.84303224633514,40.872112318866336],[121.84058999999999,40.9138],[121.83619,40.91974999999999],[121.82837999999998,40.933910000000004],[121.8259401337878,40.948189217012384],[121.83749400000002,40.954778999999995],[121.8441226809707,40.95690943968006],[121.84889,40.95843999999999],[121.8589,40.967469999999985],[121.87477000000001,40.98956999999999],[121.87176064652002,40.992306575825374],[121.86793099999998,40.99579499999999],[121.8457874929939,40.98429343706864],[121.82601999999999,40.97403],[121.80738000000001,40.96003000000001],[121.78797447257266,40.943639621930245],[121.777709,40.93497200000001],[121.780056,40.90791],[121.77345058065437,40.89637090324186],[121.7692,40.888950000000015],[121.76191306615583,40.87751740074034],[121.75839,40.87199199999999],[121.75145414071396,40.863555788946734],[121.73954999999998,40.849080000000015],[121.7278631372263,40.84889354883233],[121.694423,40.84836299999999],[121.594962,40.845924],[121.58357695917704,40.84339424495796],[121.57504,40.84150000000002],[121.56764,40.84553],[121.52889,40.86726999999996],[121.51043,40.87936],[121.48,40.88448999999998],[121.46844040940964,40.8850487717506],[121.4602486996091,40.88544555726441],[121.45020662090509,40.88593196992493],[121.44908592314572,40.886585307735096],[121.44092899999998,40.891343],[121.43686000000001,40.89907499999998],[121.434581,40.907213000000006],[121.429779,40.91380399999999],[121.418468,40.918891000000016],[121.394542,40.924221],[121.39073754718626,40.9267095157254],[121.38478,40.93061000000002],[121.37322525344162,40.93506133794463],[121.36133900000002,40.93964299999999],[121.34604781701873,40.932358914952474],[121.33725,40.92816999999999],[121.31868336850921,40.91276473696369],[121.31552200000002,40.91014200000002],[121.29932699999999,40.89960400000001],[121.29129972065108,40.89938852227026],[121.28566000000001,40.89923999999999],[121.27549903431735,40.902517171525616],[121.27393856164646,40.90302117263999],[121.2649009545909,40.910389221754976],[121.258393,40.920640000000006],[121.25839119446178,40.92063811931904],[121.25839,40.920640000000006],[121.2447200216867,40.90640002259098],[121.2445487939047,40.9065789999995],[121.22494999999999,40.92706999999999],[121.21246404870627,40.928923146055766],[121.200287,40.930732],[121.18455171713855,40.92532116972679],[121.17579000000002,40.92231000000001],[121.1662103668905,40.914846142861286],[121.15536500000002,40.90639900000001],[121.142426,40.900702],[121.13178600002655,40.89402494916919],[121.13063,40.89329999999999],[121.13062692919397,40.89329758310858],[121.130626,40.893297],[121.119965,40.88491399999999],[121.11197800000316,40.876927000003164],[121.11109275229656,40.87604274919715],[121.10977342857609,40.87530857143117],[121.10605,40.87324000000001],[121.09622366014688,40.869818718715436],[121.08358800000002,40.86542400000001],[121.079926,40.862982],[121.080089,40.857082000000005],[121.081147,40.85024600000001],[121.08040951469755,40.84622266667128],[121.08016999999998,40.844920000000016],[121.08017002343904,40.84491612787111],[121.08016999999998,40.844915999999984],[121.08017083299636,40.84478238900136],[121.08027,40.82840000000003],[121.06572,40.81839999999999],[121.06835,40.80339],[121.05781158407358,40.799977831816264],[121.04985000000002,40.797400999999994],[121.04192400000001,40.814401000000025],[121.029633,40.826483],[121.01707092241334,40.829841310302996],[121.00497000000001,40.83308],[120.99781270511919,40.83215911860004],[120.990977,40.831284999999966],[120.98478707682011,40.82821779130377],[120.98194,40.82681],[120.97047,40.81793999999999],[120.96621701376975,40.81127268042634],[120.96322699999999,40.80658600000002],[120.96548939959818,40.79914935943844],[120.96705,40.794009999999965],[120.96755972123614,40.790400341450194],[120.96771628667415,40.789286309914814],[120.96851591548685,40.783596601347874],[120.95786,40.77473],[120.94386,40.765859999999996],[120.93859820949844,40.75870062851178],[120.93629,40.755560999999986],[120.936290167405,40.755560227776954],[120.93629,40.75556],[120.93640616091925,40.755025160920944],[120.939545,40.74054600000001],[120.95534109502552,40.737466475076886],[120.95604,40.73733],[120.97585000000001,40.739340000000006],[120.9944,40.73626999999999],[121.01026000000002,40.73086000000001],[121.0183625954484,40.721945598709915],[121.020738,40.71933000000001],[121.0138234370778,40.71822456288091],[120.99565000000001,40.71531999999999],[120.97588721299545,40.71170989380073],[120.97588721255823,40.711709893720865],[120.962637,40.70929000000001],[120.95744922860992,40.70511888570706],[120.94019,40.69125],[120.92981325170987,40.690022447609046],[120.92303000000001,40.689223000000005],[120.895305,40.68518100000001],[120.89530409522231,40.68518059663533],[120.8953,40.68517999999999],[120.88478,40.680489999999985],[120.86768999999998,40.67866],[120.84775999999998,40.68309999999999],[120.83339826134493,40.67729514395714],[120.82532100000002,40.674033000000016],[120.8253029999919,40.67397926699155],[120.81959,40.656929999999996],[120.8186343110153,40.65183801673457],[120.816417,40.640040999999975],[120.81198068646195,40.62772686564701],[120.8086,40.618349999999985],[120.79843,40.599680000000006],[120.78858080269382,40.59174064704456],[120.77003,40.58576100000001],[120.70011300000002,40.53724400000001],[120.69118900042255,40.53082960067887],[120.67878999999999,40.52191999999998],[120.67878811850639,40.521916085180074],[120.678788,40.52191600000001],[120.669619,40.502841],[120.66841893548388,40.49915101612902],[120.6657,40.49079999999997],[120.65911,40.48376],[120.63330999999998,40.47516999999999],[120.625428942271,40.47469853817952],[120.62094200000001,40.474433],[120.61413118987001,40.47068191983934],[120.6041,40.46516],[120.60409823830224,40.465156232753664],[120.604096,40.465155],[120.59701599999998,40.450019],[120.59819262915026,40.43541032586099],[120.59848,40.43183],[120.59827448460595,40.430071909219954],[120.59737600000001,40.42242300000002],[120.584076,40.413722999999976],[120.562104,40.411322],[120.56210038870029,40.41132004244228],[120.56210000000002,40.41132000000001],[120.54566,40.40241000000001],[120.53907,40.382879999999986],[120.54214349514442,40.380438642154786],[120.54752599999999,40.376158999999994],[120.567316,40.38023700000003],[120.58295600001289,40.383266322583125],[120.58839612158229,40.384319249338525],[120.58894038430707,40.38095891560579],[120.59004767687111,40.37412237805586],[120.59115,40.367299999999986],[120.57700048593084,40.36023601124098],[120.56486799999999,40.354182],[120.54872212703316,40.34878493646666],[120.53458,40.344059999999985],[120.51005399031813,40.33124400164399],[120.501758,40.32691000000001],[120.500987,40.30784699999998],[120.50115327021982,40.29971199998113],[120.50131,40.291899999999984],[120.5066,40.27334],[120.50489,40.24908999999999],[120.49252,40.231269999999995],[120.48226999999156,40.222784999993],[120.472016,40.21430099999999],[120.46373514580469,40.209165177099756],[120.45069,40.20107999999998],[120.44463204519516,40.1983489548011],[120.436046,40.194485000000014],[120.394352,40.194311999999975],[120.371792,40.19275234993123],[120.358,40.19179999999999],[120.33358999999999,40.187000000000005],[120.30903,40.17967],[120.30902791282286,40.179668272423434],[120.30902699999999,40.179667999999985],[120.289474,40.163484000000004],[120.261322,40.14671499999998],[120.246357,40.14412300000001],[120.23324675614379,40.138363731634186],[120.22547,40.13495000000001],[120.21266057566665,40.1315780297505],[120.19394000000001,40.12665399999999],[120.19129768240357,40.126394291845514],[120.18897999999999,40.12617000000002],[120.18320000000001,40.12324000000002],[120.17043078825694,40.117863727775294],[120.15496400000002,40.111355],[120.1387040021091,40.1063170042117],[120.11843,40.10003999999999],[120.01238574821727,40.07258138137009],[119.950277,40.05650200000001],[119.91531,40.036153],[119.911798,40.011106],[119.91199797213272,39.99808981388066],[119.87550000000002,39.99474000000001],[119.86917418759178,39.99263306208607],[119.85018999999998,39.98631399999998],[119.81104600000002,39.973048999999996],[119.8074953518609,39.97121138889357],[119.79249,39.96345],[119.77442,39.95050999999999],[119.74965,39.952400000000004],[119.73756928429084,39.947305862818276],[119.708217,39.93493500000001],[119.660899,39.932685000000006],[119.62061945779553,39.91103985812624],[119.60926749151113,39.9080694915217],[119.603038,39.90644000000001],[119.6020680616476,39.90637329223624],[119.57185999999999,39.904300000000006],[119.56038270340437,39.90098826904399],[119.55370000000002,39.89906300000001],[119.5468312738974,39.89593854136803],[119.53559000000001,39.890830000000015],[119.52490999999999,39.87173],[119.52295103772414,39.86650998742761],[119.519867,39.858303],[119.524899,39.841649],[119.53069900000001,39.81470199999998],[119.51913077719173,39.81421986738773],[119.49552,39.81324000000001],[119.46680000000002,39.81485],[119.46679605924892,39.81484794056497],[119.46679499999999,39.81484800000003],[119.45770937788343,39.810099244285695],[119.4577093773914,39.81009924402856],[119.42941,39.79531000000001],[119.42719243150295,39.79316564725074],[119.41153800000001,39.77802899999999],[119.385869,39.759629999999994],[119.36786600000002,39.74834800000003],[119.36575684021167,39.746151053277444],[119.35580000000002,39.735789999999994],[119.34986,39.73176000000001],[119.34142134855551,39.718422814302365],[119.33961,39.715562000000006],[119.31405700000002,39.641181],[119.30233800000002,39.617824999999996],[119.29431145359978,39.60751009282592],[119.28492,39.59545000000001],[119.28102,39.59675000000001],[119.26759,39.59797],[119.24537,39.594469999999994],[119.23509371403307,39.58991462876929],[119.22323699999998,39.584662],[119.21263037867578,39.57373172793289],[119.20859000000002,39.56956999999999],[119.20859003920638,39.569568101430775],[119.208588,39.56956599999999],[119.20870837817998,39.5638375366342],[119.20898999999999,39.5502],[119.20899488846145,39.55020330781076],[119.20899500000002,39.550198000000016],[119.22619216124335,39.56183995967627],[119.23268,39.566230000000004],[119.23455279203594,39.567042207969145],[119.24300501138904,39.57070197396865],[119.23944478138051,39.56497402326942],[119.238048,39.56273],[119.23579536398202,39.55792087867265],[119.23414,39.554389999999984],[119.23121000000002,39.54547999999997],[119.22934,39.53596],[119.22934092092325,39.53596068431152],[119.22934,39.53595599999999],[119.23379896515573,39.53927332841534],[119.24268999999998,39.54587999999999],[119.26240000000001,39.57751000000001],[119.26549924109803,39.578763310676585],[119.270142,39.580636],[119.27577000000001,39.577825],[119.28139682649557,39.575011586752254],[119.261981,39.535084000000005],[119.26198064646634,39.53508132921737],[119.26198000000001,39.53507999999999],[119.25642,39.49311],[119.27075999999998,39.48906000000001],[119.29709999999999,39.45522000000004],[119.29910983865365,39.44961864515575],[119.305075,39.432978000000006],[119.296128,39.411638999999994],[119.28784402412724,39.39793092734343],[119.27942999999999,39.38400999999999],[119.26476318425678,39.37260110546519],[119.25566,39.365522],[119.24373599999153,39.362419999997805],[119.22585,39.35777],[119.20334,39.36343999999999],[119.1909353526267,39.3576658842054],[119.184804,39.35481399999997],[119.18480059641995,39.35481027762159],[119.1848,39.35481000000001],[119.1824221018666,39.35220899995278],[119.12926599999999,39.294073999999995],[119.093767,39.26080799999998],[119.08725691736409,39.25472808260542],[119.06235000000001,39.23147],[119.03932,39.21288],[119.03912983366529,39.2126943308421],[119.015636,39.189765],[118.9935,39.179633],[118.94019599999999,39.138861],[118.92603600000001,39.13060100000003],[118.91041100000001,39.125434],[118.90228984315411,39.124920915058084],[118.89430000000002,39.12442000000001],[118.89430000000002,39.13181999999998],[118.93190000000001,39.152250000000016],[118.93515432864552,39.15446900704472],[118.941987,39.15912500000001],[118.94198993489418,39.159129955606716],[118.94199000000002,39.15913000000001],[118.94203940130456,39.159213480279284],[118.94760200000002,39.168606],[118.950694,39.179022999999994],[118.95630900000002,39.188055999999996],[118.96231471905445,39.19036173576048],[118.96998,39.19330000000001],[118.96996624458482,39.19329933505161],[118.969981,39.193305],[118.94556700000001,39.192125000000004],[118.90267999999999,39.17666300000001],[118.89019606965992,39.17447460448469],[118.88063000000001,39.17280000000001],[118.88551,39.185249999999996],[118.87143000000002,39.2001],[118.87379000000001,39.213809999999995],[118.87378944291815,39.21380976302391],[118.87379000000001,39.213813],[118.867031730203,39.21093511143005],[118.85898,39.20751],[118.85514138712155,39.20087361287608],[118.84053500000002,39.17563],[118.83251718732782,39.171687812672175],[118.8162,39.16367000000002],[118.79599000000002,39.151779999999995],[118.77469,39.14817],[118.73716200475924,39.14743400009333],[118.737162,39.14743399999999],[118.73489505179403,39.14738954529789],[118.72777988657398,39.14725001738569],[118.72612775360165,39.147503252158664],[118.68720399999998,39.15347300000001],[118.6582300430815,39.158230043081474],[119.5,40.0]],[[110.72484076433119,39.688535031847145],[110.72484076433122,39.68853503184713],[110.5764705882353,39.68235294117647]],[[110.5764705882353,39.68235294117647],[108.6,39.60000000000001]],[[106.0,39.300000000000026],[102.0,40.39999999999999],[98.2,43.39999999999999],[96.80000000000001,47.800000000000004],[100.50000000000001,48.99999999999999],[106.0,49.700000000000045],[113.0,50.499999999999986],[119.99999999999999,50.999999999999986],[126.0,50.199999999999996],[130.8,49.000000000000014],[132.8358208955224,47.85485074626867]],[[127.15564202334629,40.70038910505836],[126.0,40.450000000000024],[124.40141,39.85052999999999],[124.39972247351716,39.8575525317313],[124.39918099999998,39.85980899999997],[124.39895689863195,39.860302539174064],[124.39658000000001,39.865549999999985],[124.38966,39.86787]],[[108.730018,40.861976000000006],[108.727368,40.85520499999997],[108.71765400000001,40.838721000000014],[108.708235,40.811934000000015],[108.714122,40.80104200000002],[108.729723,40.80427999999998],[108.768874,40.837249],[108.816855,40.86021000000001],[108.838638,40.876104999999995],[108.852179,40.891412],[108.8772,40.90612999999998],[108.876317,40.908190999999995],[108.883087,40.91201799999997],[108.897511,40.927029999999995],[108.903398,40.934389],[108.926358,40.952934],[108.944903,40.971773999999996],[108.951085,40.99414499999999],[108.944903,41.02358199999998],[108.932834,41.03064599999998],[108.921354,41.03300099999999],[108.897805,41.03035199999999],[108.896628,41.02652499999998],[108.888974,41.018576999999986],[108.880143,41.013868],[108.876022,41.02004899999997],[108.87396200000002,41.023582],[108.869841,41.029175000000016],[108.863953,41.034473],[108.858655,41.03682799999999],[108.829218,41.027114000000005],[108.821859,41.00592000000001],[108.831279,40.98502000000002],[108.852179,40.975306],[108.858949,40.96706399999999],[108.861598,40.948813],[108.861598,40.931740000000005],[108.836283,40.934389],[108.8145,40.94116],[108.800371,40.93909900000001],[108.782414,40.926736000000005],[108.766813,40.91083999999999],[108.751801,40.89965399999996],[108.747974,40.91083999999999],[108.74032,40.91790499999998],[108.729723,40.921437000000005],[108.71765400000001,40.92055400000001],[108.728251,40.895239000000025],[108.731489,40.88317],[108.732078,40.872277999999994],[108.730018,40.861976000000006]],[[116.719943,43.24691400000002],[116.74084299999998,43.25810000000003],[116.756739,43.27811599999999],[116.76233099999999,43.29989900000002],[116.75615,43.315795],[116.741726,43.326686999999986],[116.728774,43.33257400000001],[116.705814,43.345819999999996],[116.70198700000002,43.353474],[116.736427,43.37348999999997],[116.69727700000001,43.385559],[116.66725200000002,43.387620000000005],[116.66077600000001,43.387326000000016],[116.65371100000002,43.385559],[116.642231,43.38085],[116.616327,43.37349],[116.599254,43.357889],[116.570995,43.319032999999976],[116.57599900000001,43.31873900000001],[116.58012,43.317561],[116.58482999999998,43.31697299999999],[116.59159999999999,43.31903299999996],[116.58276900000001,43.301371],[116.566285,43.290773999999985],[116.530961,43.27811599999999],[116.510945,43.268107999999984],[116.495049,43.257217000000004],[116.48150800000002,43.244559],[116.46885000000002,43.22895799999999],[116.573055,43.22395300000001],[116.67431700000002,43.23661100000001],[116.719943,43.24691400000002]],[[117.63041100000001,45.536772],[117.647484,45.539127],[117.63570999999999,45.56355999999998],[117.616282,45.56826899999999],[117.596854,45.57032999999999],[117.58537399999999,45.587109],[117.57389299999998,45.572685],[117.57742600000002,45.55973300000001],[117.598914,45.53235700000001],[117.50766100000001,45.53206300000002],[117.46468400000002,45.526174999999995],[117.427594,45.512046],[117.38491200000001,45.47878300000001],[117.36636699999998,45.47083500000002],[117.326628,45.463476],[117.319857,45.45641100000002],[117.33899099999998,45.44286999999999],[117.359008,45.446990999999976],[117.38049600000001,45.43904400000001],[117.427889,45.40519200000001],[117.435837,45.401659],[117.50118499999999,45.401070999999995],[117.50972199999998,45.40195400000001],[117.51531499999999,45.40872399999997],[117.518259,45.418144],[117.52296799999999,45.42638600000001],[117.53386000000002,45.429918],[117.545929,45.430800999999995],[117.55770300000002,45.43315600000002],[117.568595,45.437276999999995],[117.57860300000002,45.44286999999999],[117.60951099999998,45.470540000000014],[117.62246300000001,45.48790799999999],[117.627173,45.50439200000001],[117.620403,45.51616700000001],[117.62128600000001,45.52823600000002],[117.63041100000001,45.536772]],[[117.598914,47.335043000000006],[117.59243800000002,47.335043000000006],[117.58007500000001,47.34328499999998],[117.56447399999999,47.339458],[117.54916700000001,47.330039000000006],[117.537687,47.320619000000015],[117.54857800000002,47.321208000000006],[117.55947,47.320619000000015],[117.56947800000002,47.31855800000001],[117.57860300000002,47.31443699999999],[117.58095799999998,47.304134999999995],[117.59332100000002,47.305606],[117.60333,47.316497999999996],[117.598914,47.335043000000006]],[[117.266872,47.43512699999999],[117.278646,47.44866700000003],[117.27011000000002,47.47810399999998],[117.255391,47.48428499999998],[117.24449999999999,47.473688],[117.23802400000001,47.45425999999999],[117.235963,47.433948999999984],[117.24655999999999,47.43159399999997],[117.266872,47.43512699999999]],[[117.836761,49.024987],[117.85648300000001,49.02410400000001],[117.90446400000002,49.03381799999999],[117.98335400000002,49.023516000000015],[118.010435,49.027637],[118.02603700000002,49.03587900000001],[118.041638,49.050303],[118.05341300000002,49.067963999999996],[118.058417,49.085332000000015],[118.05606200000001,49.11270799999999],[118.04811400000001,49.12654299999999],[118.03339600000001,49.13095800000001],[118.010435,49.130074999999984],[117.87914899999998,49.100049999999996],[117.831756,49.102699],[117.79084000000002,49.114180000000005],[117.78406900000002,49.119477999999994],[117.78642400000001,49.130664],[117.796138,49.14862000000001],[117.798493,49.154213],[117.787896,49.17246399999998],[117.76434699999999,49.183355],[117.739032,49.18394400000002],[117.72549100000002,49.16746000000002],[117.726668,49.16569299999998],[117.729612,49.15715700000001],[117.71666,49.17040300000001],[117.710184,49.188654000000014],[117.70047000000001,49.20543299999999],[117.67809800000002,49.212497000000006],[117.66691199999998,49.22191699999997],[117.667796,49.24340600000001],[117.674566,49.266365999999984],[117.681631,49.28020100000001],[117.69252200000001,49.295508],[117.706652,49.310815],[117.722547,49.31493600000001],[117.722547,49.322295],[117.702531,49.331126],[117.69958700000001,49.340840000000014],[117.70518000000001,49.35232],[117.709007,49.366450000000015],[117.701059,49.37763600000001],[117.683102,49.36880500000001],[117.653666,49.34290099999999],[117.644835,49.337013000000006],[117.63570999999999,49.332598],[117.624818,49.32994899999998],[117.583313,49.328476999999985],[117.57036100000002,49.325533000000014],[117.56506200000001,49.318468],[117.55740899999999,49.30316100000001],[117.339285,49.096222999999995],[117.33222,49.078562000000005],[117.325744,49.054129],[117.30896599999998,49.038233999999996],[117.28688800000002,49.027637],[117.26392800000002,49.020571999999994],[117.146771,48.95934400000001],[117.126166,48.95169100000001],[117.11851199999998,48.94668600000001],[117.11233,48.937561],[117.11851199999998,48.93432300000003],[117.121161,48.931085],[117.12292799999999,48.927846999999986],[117.126166,48.923726],[117.10703200000002,48.92019400000002],[117.057873,48.896645],[117.038445,48.896939],[117.019017,48.899294],[117.005182,48.895466999999975],[117.00253299999999,48.87662799999999],[116.993996,48.87486200000001],[116.984576,48.867208],[116.977512,48.85572799999998],[116.97604,48.84189299999999],[116.993113,48.82246500000001],[116.995174,48.81216199999998],[116.97604,48.807746999999985],[116.97604,48.800976],[116.99223000000002,48.796855000000015],[117.01842799999999,48.793323],[117.030497,48.78802399999997],[117.035207,48.782430999999995],[117.032852,48.77271699999999],[117.03667900000002,48.767419000000004],[117.04551000000001,48.763003000000005],[117.061994,48.76212],[117.07141400000002,48.760060000000024],[117.08466,48.75328900000001],[117.098495,48.743575000000014],[117.10909200000002,48.73180100000001],[117.11233,48.71884900000001],[117.10673800000002,48.708840000000016],[117.084955,48.69088399999998],[117.07847900000002,48.677932],[117.08966399999998,48.678520999999996],[117.099378,48.67587100000002],[117.11233,48.67057299999998],[117.133525,48.65762099999999],[117.13882299999999,48.657327000000016],[117.147949,48.66291899999999],[117.15324700000001,48.664391000000016],[117.170615,48.657032000000015],[117.169731,48.64143099999997],[117.15354099999999,48.629068000000004],[117.126166,48.629656],[117.133525,48.615821],[117.12175000000002,48.613172000000006],[117.114391,48.607285],[117.113214,48.59904200000001],[117.119984,48.58874],[117.107621,48.57490499999998],[117.091136,48.56901699999999],[117.05110300000001,48.56813399999998],[117.069353,48.54370200000001],[117.10202799999999,48.550177999999995],[117.13676300000002,48.56636800000002],[117.160901,48.571667],[117.18915899999999,48.56607400000001],[117.21594699999999,48.572843999999996],[117.241851,48.583147000000004],[117.266872,48.58874],[117.29189300000002,48.597865000000006],[117.312498,48.61994199999999],[117.32839400000002,48.647024000000016],[117.33899099999998,48.670573000000005],[117.348116,48.698243],[117.346939,48.71561099999999],[117.333398,48.72238099999998],[117.304256,48.71884900000001],[117.304256,48.725913],[117.45791399999999,48.788319000000016],[117.509428,48.81981599999999],[117.59950300000001,48.893995],[117.61952,48.917544],[117.640125,48.947274999999976],[117.65307699999998,48.962288],[117.667207,48.972295999999986],[117.68428000000002,48.975534],[117.74374100000001,48.97229599999997],[117.73520500000001,49.013506999999976],[117.72755100000002,49.026754000000004],[117.709007,49.027637],[117.746391,49.070907999999974],[117.76964600000001,49.091513999999975],[117.787896,49.09210199999998],[117.826163,49.061783],[117.834111,49.05913399999998],[117.840587,49.06060499999998],[117.84470799999998,49.060016999999995],[117.84618,49.051185999999994],[117.84294200000001,49.04559300000001],[117.836172,49.041766],[117.829696,49.039999999999985],[117.826163,49.041177],[117.836761,49.024987]],[[116.12356099999998,49.36792200000001],[116.151232,49.376458],[116.16035700000002,49.38381699999998],[116.15034800000001,49.39529699999999],[116.11885200000002,49.401185],[116.087649,49.39853500000001],[116.07793500000001,49.38381699999998],[116.095302,49.368509999999986],[116.12356099999998,49.36792200000001]],[[115.822427,49.524229],[115.804765,49.525701],[115.796523,49.517164000000015],[115.80240999999998,49.50215200000002],[115.81712799999998,49.495676],[115.835084,49.49596999999996],[115.85098,49.50244599999999],[115.840972,49.51569200000001],[115.822427,49.524229]],[[115.61519400000002,49.47801400000001],[115.633739,49.48831600000001],[115.640804,49.505095],[115.640804,49.52805599999999],[115.634328,49.55219299999999],[115.62255400000001,49.57191600000001],[115.597238,49.580158],[115.56427000000001,49.570444],[115.532184,49.55219299999999],[115.50922299999999,49.534531999999984],[115.52953500000001,49.536003000000015],[115.53630500000001,49.533060000000035],[115.53718800000001,49.499208],[115.53601099999999,49.493026],[115.537777,49.487728000000004],[115.547196,49.476248000000005],[115.56544699999999,49.46741700000002],[115.59017400000002,49.469477],[115.61519400000002,49.47801400000001]],[[116.317253,50.47943999999998],[116.317253,50.473553],[116.31784200000001,50.478852]],[[116.31784200000001,50.478852],[116.317253,50.47943999999998]],[[116.32637800000002,50.46737199999999],[116.34698399999999,50.464428],[116.37023800000001,50.469138],[116.386134,50.479440000000004],[116.367295,50.48944900000001],[116.34021300000002,50.494158999999975],[116.31872500000001,50.489743],[116.31784200000001,50.478852]],[[116.31784200000001,50.478852],[116.32637800000002,50.46737199999999]],[[124.934468,40.566434],[124.925049,40.55907499999998],[124.915335,40.554365],[124.911508,40.55083300000001],[124.957429,40.52404599999998],[124.97626800000002,40.499024999999996],[124.97980000000001,40.49225400000002],[124.985982,40.48636700000001],[125.01689,40.474593],[125.027487,40.468117],[124.98774799999998,40.469587999999995],[124.97038100000002,40.465762],[124.95919499999998,40.453987000000005],[125.03366900000002,40.44662799999999],[125.06457700000001,40.45163199999999],[125.061634,40.474298000000005],[125.07134799999999,40.480774],[125.07017000000002,40.485778],[125.05545200000002,40.496081000000004],[125.050448,40.50402900000001],[125.04750400000002,40.51168200000001],[125.04132299999999,40.516098000000035],[125.027487,40.515215],[125.027487,40.52286799999999],[125.098724,40.541707999999986],[125.109909,40.54700600000001],[125.11903500000001,40.554660000000005],[125.16436699999998,40.57408800000001],[125.19086000000001,40.580858000000006],[125.21411400000001,40.59410399999998],[125.22530000000002,40.59851999999999],[125.2671,40.60529],[125.26886600000002,40.60705600000001],[125.296536,40.61883099999999],[125.301246,40.61912500000001],[125.30566199999998,40.625896],[125.30566199999998,40.631783000000006],[125.30006899999998,40.63619799999999],[125.287705,40.63943599999997],[125.29859699999999,40.64532400000001],[125.306545,40.64208599999999],[125.31449199999999,40.63590399999999],[125.32538400000001,40.632666],[125.331566,40.636493],[125.342163,40.65415500000002],[125.34952200000001,40.66063099999999],[125.35393700000002,40.66504600000001],[125.358647,40.668284],[125.36335700000001,40.67358300000001],[125.34245700000001,40.67269999999999],[125.29977399999999,40.65709799999998],[125.277403,40.65327199999999],[125.26297899999999,40.64915000000001],[125.25709099999999,40.639435999999996],[125.253559,40.628251000000006],[125.246494,40.61912499999999],[125.236486,40.61412099999996],[125.20498900000001,40.612355],[125.13493000000001,40.599403],[125.123745,40.59528199999999],[125.11520799999998,40.57732599999999],[125.09578,40.567316999999974],[125.07282,40.567022999999985],[125.05545200000002,40.57820899999998],[125.05015300000001,40.56819999999998],[125.05103699999998,40.564962],[125.05545200000002,40.55701399999999],[125.046621,40.55201],[125.038085,40.55024400000001],[125.029548,40.551715999999985],[125.02130600000001,40.557014],[125.01689,40.544062],[125.010414,40.535232000000015],[125.002172,40.52698900000001],[124.99334099999999,40.515215000000005],[124.98892600000002,40.529933000000014],[124.981567,40.535232000000015],[124.973619,40.537880999999985],[124.96596500000001,40.543179],[124.95595700000001,40.564373999999994],[124.94977500000002,40.57291],[124.938295,40.57820899999998],[124.934468,40.566434]],[[124.363402,45.249767000000006],[124.35103900000001,45.257421000000015],[124.340147,45.266546000000005],[124.32189699999999,45.28509099999999],[124.31100500000001,45.290094999999994],[124.299525,45.29362799999999],[124.241535,45.32394699999998],[124.18884399999999,45.339842999999995],[124.134387,45.34102000000001],[124.08140100000001,45.32012000000003],[124.10200700000001,45.30893500000001],[124.174715,45.313644000000004],[124.190905,45.29598299999999],[124.194437,45.269489999999976],[124.205034,45.247707],[124.22240200000002,45.230339],[124.246834,45.21650399999999],[124.243596,45.212972],[124.241535,45.209145],[124.23829700000002,45.20561300000002],[124.232116,45.202963999999994],[124.25124900000002,45.187068],[124.283629,45.178826000000015],[124.34544600000001,45.175588000000005],[124.369584,45.17794300000001],[124.39431000000002,45.18500699999999],[124.414327,45.19766500000002],[124.424924,45.21650399999999],[124.433461,45.232106],[124.420214,45.24064200000002],[124.376354,45.244468999999995],[124.363402,45.249767000000006]],[[124.29452099999999,45.354266999999986],[124.28922200000001,45.359270999999985],[124.286867,45.367219],[124.270089,45.386058],[124.250366,45.374283],[124.23623700000002,45.35249999999998],[124.235942,45.340431999999986],[124.25272100000001,45.344553000000005],[124.261846,45.35249999999998],[124.272443,45.35779899999999],[124.29452099999999,45.354266999999986]],[[123.94511100000001,45.71721800000002],[123.953058,45.71074200000002],[123.95924,45.703087999999994],[123.963067,45.69425699999999],[123.96542200000002,45.68307099999999],[123.990443,45.69955600000001],[123.999568,45.703677],[124.010459,45.70544300000001],[124.03077100000002,45.705736999999985],[124.041368,45.70985899999998],[124.005161,45.733112999999996],[123.942167,45.744592999999995],[123.88241099999999,45.740767000000005],[123.855624,45.71721800000001],[123.84119999999999,45.72369399999999],[123.83119200000002,45.72104399999997],[123.814707,45.703677],[123.850325,45.688075999999995],[123.86916499999998,45.682776999999994],[123.88977000000001,45.683071],[123.906549,45.689547],[123.93068700000002,45.70926999999998],[123.94511100000001,45.71721800000002]],[[124.39342700000002,46.181135],[124.39519299999999,46.192321],[124.383419,46.19703099999999],[124.368995,46.20291799999998],[124.36045800000001,46.196442],[124.349273,46.16995],[124.34485699999999,46.167595],[124.33867500000001,46.16788900000002],[124.33426,46.165829000000016],[124.33484900000002,46.15611499999998],[124.33926399999999,46.149050000000024],[124.34632899999998,46.14581200000001],[124.354571,46.146106],[124.362813,46.14934399999998],[124.385479,46.13403699999999],[124.41079499999998,46.13756999999997],[124.427279,46.153759999999984],[124.424924,46.17672000000001],[124.382536,46.151405],[124.376354,46.152877000000004],[124.382536,46.16700600000001],[124.39342700000002,46.181135]],[[117.640125,47.66266999999999],[117.673388,47.677094],[117.69870399999999,47.69416700000001],[117.729612,47.713889999999985],[117.802614,47.747447],[117.86884600000002,47.80955800000001],[117.882093,47.83399],[117.88150400000002,47.869314000000024],[117.872967,47.889036000000004],[117.861487,47.89727800000002],[117.84735800000001,47.901694000000006],[117.831756,47.91023],[117.82086500000001,47.923477],[117.79878799999999,47.97086899999997],[117.77347199999998,47.980289000000035],[117.739326,47.977345],[117.706357,47.96704299999999],[117.68516300000002,47.954679],[117.533566,47.812206999999994],[117.512371,47.785714],[117.50354,47.759516],[117.50795600000001,47.75539500000002],[117.530328,47.718304999999994],[117.54063,47.70976799999999],[117.55476,47.70211499999999],[117.572422,47.697405],[117.59243800000002,47.697405],[117.580664,47.67768299999999],[117.57183300000001,47.65648899999999],[117.60480200000002,47.654721999999985],[117.640125,47.66266999999999]],[[118.59432000000001,38.972199999999994],[118.51431,38.91944999999999],[118.50269999999999,38.91902999999998],[118.48028,38.934819999999995],[118.48571970247306,38.93910722313554],[118.49090000000001,38.94318699999999],[118.4908985998679,38.94318889650602],[118.49090000000001,38.94318999999999],[118.47070000000001,38.97055],[118.46948000000002,39.006319999999995],[118.4734473107356,39.02242728158649],[118.478483,39.042858000000024],[118.48819040487575,39.05048995971384],[118.52638000000002,39.04669],[118.54007367317365,39.028798686159426],[118.559718,39.003125],[118.57781200000001,39.008619],[118.58638256911337,39.01534519237943],[118.6102,39.03402999999998],[118.62870999999998,39.048549999999985],[118.62870849851514,39.04855203826302],[118.628711,39.04855399999999],[118.62148171126836,39.058362389109746],[118.61464000000001,39.06764999999998],[118.6236900000507,39.071115000019404],[118.63070433146203,39.073800482475136],[118.63274009532086,39.07457988792468],[118.64867000000001,39.05585],[118.64869340000007,39.052105999991205],[118.64873600000001,39.04465099999999],[118.61643773759101,39.00164560985793],[118.59432000000001,38.972199999999994]],[[124.2151140751895,39.79480992481188],[124.21166110442205,39.795159888065335],[124.21153300000002,39.795573],[124.21144066746406,39.79724604853159],[124.21132000000001,39.79950999999999],[124.21258999999999,39.804050000000004],[124.21464999999999,39.80724],[124.21814261954543,39.81002199998425],[124.21927300000002,39.810921999999984],[124.21757631969687,39.814860936251385],[124.22004725000032,39.815227000000085],[124.220272,39.815259999999995],[124.22277275862069,39.816603586206895],[124.22312000000001,39.81678999999996],[124.22220456519001,39.81772692389002],[124.22099560742997,39.81897234408957],[124.22254262779998,39.81961904932621],[124.22342600000002,39.819987],[124.22706500000001,39.821297999999985],[124.22866828358465,39.821229567164075],[124.23001885673268,39.82117005038126],[124.23189599999999,39.81919900000001],[124.23443006233141,39.817629819108134],[124.23586,39.81347999999998],[124.23988675131574,39.81262069326763],[124.239586,39.80983100000002],[124.23956615041021,39.80810487967059],[124.23956,39.80766000000003],[124.2395610332479,39.80765989123708],[124.239561,39.807657],[124.24209649999645,39.80739300000037],[124.24278798914872,39.80732021166856],[124.24276290112641,39.80549760075085],[124.24275000817173,39.804630549548854],[124.24162847396757,39.801859641644086],[124.23784000000002,39.800970000000014],[124.23783761246985,39.80096761246983],[124.23783499999999,39.80096700000001],[124.23697666666567,39.80010666666565],[124.23526,39.79839000000001],[124.23136399999863,39.798285999999955],[124.23039,39.79826099999999],[124.227397,39.79464000000003],[124.226015,39.79142299999999],[124.22467428501828,39.7914865724726],[124.22319,39.79155999999999],[124.22163145014186,39.793345675214354],[124.221201,39.79384000000001],[124.216098,39.79471100000002],[124.2151140751895,39.79480992481188]],[[124.35263000000002,39.875230000000016],[124.34650600002176,39.86542359480608],[124.344981,39.86298200000002],[124.33456500000001,39.865790000000004],[124.332612,39.88320499999999],[124.341156,39.88519900000001],[124.35076528327241,39.87685085664989],[124.35263000000002,39.875230000000016]],[[124.32072999999998,39.90069999999999],[124.33024999999999,39.90082000000001],[124.34034,39.892810000000004],[124.33530000000002,39.888619999999975],[124.32455959937157,39.89204739747016],[124.3235793946668,39.8923605544302],[124.32253235370436,39.89331954876624],[124.319184,39.896389],[124.32051105984462,39.90009120511633],[124.32072999999998,39.90069999999999]],[[124.29200833535032,39.91946565150323],[124.30184015273419,39.929880065665],[124.30437003936947,39.93255986393358],[124.30551000000001,39.928620000000016],[124.29200833535032,39.91946565150323]],[[124.3590153990907,39.96134970154311],[124.36063483898334,39.95048544067604],[124.36084972696605,39.94904183422815],[124.352875,39.944199999999995],[124.3449013385215,39.93936081234406],[124.34609954438137,39.94187834171291],[124.35174,39.95372],[124.35889795476034,39.96213759484385],[124.3590153990907,39.96134970154311]],[[120.78191199999999,40.49127799999999],[120.79029400000002,40.492987000000014],[120.79145018018008,40.49592747747718],[120.79217,40.497749999999996],[120.79062,40.50385000000001],[120.79120449658664,40.50537352388976],[120.79184,40.507025],[120.79997800000001,40.507065999999995],[120.8021760481875,40.508854289152346],[120.80478,40.51096999999999],[120.80454,40.515609999999995],[120.80665,40.51626000000001],[120.81167085676589,40.51451785677798],[120.821056,40.511256999999986],[120.825369,40.504706000000006],[120.82593791092873,40.49229794266145],[120.81827336570856,40.48474982091298],[120.81827336559296,40.48474982079913],[120.81804399999999,40.484524],[120.81118400000625,40.48378001560535],[120.80266,40.48285999999996],[120.79685511792576,40.480290058174766],[120.794281,40.47915299999999],[120.791026,40.474757999999994],[120.78508796262707,40.470691029107826],[120.77727221745369,40.4746388799307],[120.77434299999999,40.485419000000014],[120.78191199999999,40.49127799999999]],[[107.474376,20.73468700000002],[107.473888,20.730047999999993],[107.46631900000001,20.720403999999988],[107.45265798425083,20.714468772268166],[107.46339,20.726260000000003],[107.46339,20.726263999999993],[107.46339,20.729438000000002],[107.46564991516993,20.730971389884893],[107.46795,20.732530000000015],[107.46976893708657,20.73549653146291],[107.471121,20.737697999999988],[107.474376,20.73468700000002]],[[107.13152,20.75152999999999],[107.1323154197858,20.752398740604043],[107.13510200000002,20.755439000000013],[107.13790084957768,20.760370150426198],[107.13852,20.76145999999998],[107.14124511308518,20.763524778268884],[107.14405066291836,20.76564947276669],[107.14638708782627,20.76379126348322],[107.14746968207515,20.762927848643415],[107.14584,20.751900000000003],[107.14519,20.745919999999987],[107.14633,20.743110000000005],[107.14682,20.740590000000005],[107.14226,20.738230000000012],[107.13722,20.738270000000004],[107.1325,20.743229999999986],[107.13163718720907,20.74491265023212],[107.129893,20.748318000000005],[107.13151470943241,20.75151958115217],[107.13152,20.75152999999999]],[[107.49189722711544,20.76562477286909],[107.49114000000002,20.762722000000004],[107.48552051176397,20.758408496094766],[107.48186229577288,20.755601761411956],[107.47955012345108,20.758101687348073],[107.47584169868452,20.762111244580712],[107.48089,20.765810000000002],[107.48190761393468,20.768340094919783],[107.48235100000001,20.76943599999999],[107.49171,20.774196999999994],[107.49479944870545,20.77675788519794],[107.49189722711544,20.76562477286909]],[[107.131521,20.796576000000005],[107.133556,20.79592499999998],[107.13747488889025,20.792505651404436],[107.1377061233556,20.792303390896194],[107.139008,20.785875000000022],[107.138276,20.784084],[107.134044,20.782864000000036],[107.1340434167023,20.782860983107735],[107.13404,20.782859999999996],[107.13382568421048,20.781734842105028],[107.1338,20.781602000000007],[107.13380030561002,20.781601604452682],[107.1338,20.781600000000008],[107.13518,20.779810000000005],[107.13233,20.77655999999999],[107.13323,20.77497],[107.13379960902836,20.772529675004833],[107.13174016086103,20.77081775871574],[107.128998,20.768541000000003],[107.126394,20.76919200000002],[107.119884,20.783271000000013],[107.118744,20.788072000000003],[107.119721,20.793687000000027],[107.11943166666764,20.79547766666068],[107.11907,20.797720000000012],[107.1172,20.80077000000001],[107.11655022312769,20.80430878481226],[107.11698381474156,20.804548886881904],[107.11774523711107,20.80497052577191],[107.1188270978398,20.805568396174635],[107.12035827132559,20.80472623194233],[107.12069935148567,20.804538633663075],[107.12289000000001,20.80333],[107.1255,20.80101000000001],[107.1259763879299,20.801766999998176],[107.12696400000002,20.803331000000007],[107.12815651063654,20.804356418438203],[107.12899880409329,20.805078974099615],[107.131358,20.802069],[107.1314715597243,20.798242106960178],[107.13152,20.796580000000002],[107.13152088971574,20.79657971651213],[107.131521,20.796576000000005]],[[107.40195,20.788889999999995],[107.40210389513108,20.792391114231915],[107.402273,20.796169000000006],[107.40466009261235,20.801379543179003],[107.40561,20.803449999999977],[107.40820818193272,20.80473163676913],[107.41081800000002,20.806015999999993],[107.41757008689159,20.796619662319532],[107.4189379933239,20.791303666663456],[107.420909,20.78363699999998],[107.42068998653718,20.78277749323472],[107.41928,20.777249999999995],[107.41713236871298,20.773747315639024],[107.41675900000001,20.773139000000015],[107.41622109582867,20.772224808354682],[107.41391,20.768300000000007],[107.41196,20.768499999999992],[107.41032833478288,20.77101333694849],[107.409109,20.772895000000002],[107.405772,20.775132999999997],[107.403901,20.777939999999997],[107.40348634301873,20.78026284304864],[107.40195,20.788889999999995]],[[107.04615,20.725979999999996],[107.03883,20.723459999999985],[107.0359,20.721669999999964],[107.03236053749454,20.71884907499566],[107.031912,20.718491999999994],[107.031912,20.725978999999988],[107.03191000000001,20.725976610658996],[107.03191000000001,20.725979999999996],[107.03004272489422,20.72374583218174],[107.02564662229034,20.71849393810241],[107.02143345848883,20.72340610408007],[107.021251,20.72361899999999],[107.02125056581521,20.723619340310904],[107.02125,20.72362],[107.01824,20.725979999999996],[107.01824,20.732159999999997],[107.03932,20.732160000000007],[107.03932,20.73895999999999],[107.03533,20.74120000000002],[107.03509235756391,20.741456125736676],[107.034434,20.742174000000002],[107.03419,20.743353999999986],[107.03274726666415,20.745286300003368],[107.03191000000001,20.74641],[107.02565,20.74641],[107.02565,20.74640500000001],[107.025645,20.74640500000001],[107.025645,20.73895999999998],[107.01824,20.73895999999998],[107.01624519453097,20.741666402741604],[107.014822,20.743598000000006],[107.01482055857804,20.74359924216315],[107.01482,20.743599999999983],[107.00864,20.74892999999999],[107.00514,20.75324000000002],[107.00513881126825,20.75324000000003],[107.005138,20.753241],[106.99781300000001,20.753241],[106.99781341668218,20.75324000000003],[106.99781,20.75324000000002],[107.00097689059996,20.745647945302792],[107.002289,20.742499000000013],[107.005138,20.73895900000001],[107.005138,20.732164],[106.99840549999126,20.736570054701026],[106.98512000000001,20.74527],[106.97086547554923,20.763911980457404],[106.962413,20.77497],[106.949962,20.78742099999998],[106.921072,20.804592000000017],[106.909923,20.81854899999999],[106.91285200000002,20.836900000000014],[106.91868709323158,20.838834906758063],[106.93629,20.844670000000015],[106.94313,20.848860000000002],[106.94666774961176,20.855316876340623],[106.946788,20.855535999999997],[106.94678798901664,20.85553632968066],[106.94679,20.855540000000005],[106.94670304541425,20.858086030270435],[106.946544,20.862860000000005],[106.94809,20.870265999999997],[106.95736376020176,20.876773726518635],[106.94996,20.869329999999998],[106.96276255515515,20.856948889601238],[106.96276255525993,20.856948889499908],[106.963634,20.856105999999986],[106.98477596065439,20.853121462286794],[106.98477596083036,20.853121462261925],[106.9944790444486,20.85175013504713],[107.005138,20.842027],[107.011404,20.842027],[107.01246197900818,20.858790667384813],[107.02271791244097,20.862249296008358],[107.035981,20.857367000000007],[107.03884855508697,20.85496966531071],[107.04615,20.848860000000002],[107.04615,20.84203000000001],[107.04298,20.831369999999986],[107.04298016102086,20.83136989969855],[107.042979,20.83136600000001],[107.05240248297939,20.82550064396351],[107.05494,20.82391999999999],[107.06814696842383,20.820937515552473],[107.06814696927502,20.820937515360253],[107.070974,20.820298999999995],[107.080333,20.82151900000001],[107.087169,20.82151900000001],[107.08788247849091,20.820259174188877],[107.09099,20.81475999999998],[107.0944462178345,20.810339435671477],[107.09547,20.809026999999993],[107.100841,20.804267000000017],[107.10688405297,20.800885683790188],[107.10767604773879,20.800442213035147],[107.08676200000001,20.805120999999993],[107.08343704089086,20.806530836449134],[107.08033,20.807849999999988],[107.08033,20.80043999999999],[107.08235344470204,20.799095174789066],[107.085216,20.797187000000008],[107.088145,20.794419999999995],[107.09084902109485,20.79119040210872],[107.09399822753299,20.78742212090068],[107.08220500000002,20.789374000000006],[107.07520546503359,20.795895627594376],[107.07504281468064,20.796047374013014],[107.06609100000001,20.814113999999996],[107.06492699999569,20.81134868714055],[107.06251,20.805610000000005],[107.06257090901897,20.804258927215535],[107.06283600000002,20.798285],[107.06595044941301,20.793282339295803],[107.06666,20.79213999999999],[107.07084660169832,20.789250999997652],[107.073497,20.78742099999998],[107.073497,20.780588944655044],[107.06031,20.775950000000005],[107.05047,20.775949999999987],[107.04505106101459,20.77842616270517],[107.041759,20.779934000000015],[107.031912,20.78742099999998],[107.0319127198035,20.787417931844878],[107.03191000000001,20.787420000000008],[107.03383631806692,20.77921861362255],[107.036876,20.766262],[107.03821131661522,20.765539142888112],[107.06739,20.749740000000006],[107.07164472464461,20.73749809177537],[107.073497,20.73216400000002],[107.06609100000001,20.732164],[107.06609100000001,20.73895900000001],[107.06609,20.73895900000001],[107.06609,20.73895999999999],[107.05983,20.73895999999999],[107.05982972180452,20.73895900000001],[107.059825,20.73895900000001],[107.05751993272213,20.730656244649857],[107.05502,20.721669999999964],[107.046153,20.704255891770018],[107.046153,20.725978999999995],[107.04615,20.72597796654833],[107.04615,20.725979999999996]],[[107.342133,20.828437000000005],[107.34176567002069,20.83335325000678],[107.34108023060016,20.84259689019221],[107.344981,20.842514999999995],[107.357107,20.829331999999983],[107.35710854929624,20.829331577475905],[107.35711,20.829329999999995],[107.36964,20.825909999999997],[107.37368810181837,20.8234622290908],[107.381196,20.81891499999998],[107.38368091463482,20.814255880486538],[107.38445,20.812809999999992],[107.38429558401236,20.81046600000794],[107.383556,20.799302000000015],[107.380219,20.797552999999997],[107.37525500000001,20.803940999999988],[107.37276765628425,20.805216410175603],[107.36891,20.8072],[107.36513996994098,20.80658725317899],[107.36085,20.805893999999984],[107.350271,20.810940000000027],[107.342133,20.828437000000005]],[[106.766124,20.84605499999998],[106.787527,20.823961000000008],[106.800466,20.81724700000001],[106.80410588068204,20.81742688068182],[106.80787,20.817610000000002],[106.81056539104763,20.818141985075197],[106.812429,20.818507999999994],[106.81494973951001,20.814279791674043],[106.80782141484987,20.808578938872312],[106.80736548708515,20.808214670261723],[106.80705906311522,20.80796984938786],[106.79493000000001,20.806019999999997],[106.78671,20.807319999999986],[106.78028000000002,20.811270000000015],[106.7658,20.82498],[106.7637480000017,20.829077999996592],[106.76238,20.831814000000005],[106.76231780597307,20.83250112238913],[106.76149,20.8417],[106.76349598869494,20.843589008792645],[106.766124,20.84605499999998]],[[107.097667,20.838038999999995],[107.09740234957538,20.837916707327555],[107.09335,20.836049999999993],[107.09018,20.83572000000001],[107.08700972170698,20.838320946652505],[107.08579,20.842470000000006],[107.08766,20.84520000000001],[107.09042,20.846580000000007],[107.0904216501557,20.846582825502477],[107.090424,20.846584],[107.09254,20.850206000000007],[107.09448549494792,20.852357999998237],[107.09522913263814,20.85317904235508],[107.09534729717917,20.853266032428493],[107.09536357142703,20.85327801316318],[107.09816,20.855330000000002],[107.1019,20.85651],[107.10344,20.85301],[107.10251350087168,20.85019618783251],[107.101817,20.84809000000001],[107.10198126274904,20.846973255462956],[107.10222,20.845320000000008],[107.10564,20.84125],[107.10784,20.83587999999998],[107.11056997528588,20.833338123569938],[107.11069906989155,20.833217825952843],[107.11320974097725,20.830878241371934],[107.11264030232249,20.8270120526106],[107.1067,20.827459999999988],[107.09767,20.838039999999996],[107.09766723406351,20.83803872587648],[107.097667,20.838038999999995]],[[107.2894802952657,20.852526564835657],[107.28948,20.852524999999996],[107.289887,20.847763999999984],[107.2898897422924,20.847762998207923],[107.28989,20.84776000000001],[107.29222124215057,20.8469112735433],[107.294119,20.846218000000004],[107.29766541368173,20.844772345264158],[107.2994071788769,20.844061151914133],[107.294444,20.838935000000003],[107.29016628027337,20.839036373697443],[107.28761000000002,20.839099999999984],[107.28760857642025,20.83909698633994],[107.287608,20.839097],[107.28693145403845,20.83766354597614],[107.2859,20.835480000000008],[107.27833,20.833729999999996],[107.275045647345,20.832352690822106],[107.2734454410178,20.831683789103938],[107.27336827251277,20.831651531922645],[107.27231059625186,20.832589471248372],[107.27483007359653,20.836490017625053],[107.2758742622232,20.836740082215265],[107.277924,20.837226],[107.27825000000001,20.839829999999996],[107.27988,20.841579999999983],[107.27987613041155,20.841578065205763],[107.279877,20.841579000000003],[107.27556400000002,20.839423000000014],[107.27117099590164,20.839423000000014],[107.27161192513861,20.840751231281764],[107.27193085747682,20.8417076364876],[107.27198180585184,20.841860419022506],[107.27866,20.843409999999988],[107.28517,20.846540000000005],[107.284909000005,20.846930999992512],[107.282563,20.850449999999995],[107.28671038368458,20.855329921573905],[107.28988674804633,20.854680664707494],[107.28956952253206,20.852999447424246],[107.28948,20.852530000000016],[107.2894802952657,20.852526564835657]],[[106.89706,20.847760000000005],[106.89584,20.846010000000007],[106.89795861938744,20.840643497117654],[106.8975499134135,20.840494627679107],[106.89749971428564,20.84047634285712],[106.89706025010605,20.840320088926607],[106.881521,20.847154000000007],[106.88146174405387,20.849254496053774],[106.88136,20.852930000000004],[106.88329841589126,20.852991029585763],[106.88803100000001,20.853135000000005],[106.88802363793117,20.853175521550998],[106.88779,20.854479999999995],[106.88592,20.856550000000002],[106.88901,20.858709999999995],[106.88911269257095,20.86051353827737],[106.889171,20.861518000000007],[106.88913137430137,20.863267812862457],[106.88909003190726,20.865138556196168],[106.893158,20.863389000000005],[106.89315754370199,20.86339105614778],[106.89316,20.863390000000003],[106.89259,20.865950000000012],[106.89250161306565,20.866721768841423],[106.89221033265049,20.869284249250388],[106.89177616799539,20.87310372479726],[106.89777243700699,20.86700323326519],[106.90040038349522,20.864325628154454],[106.90051331372499,20.863038223535295],[106.901296,20.854070999999987],[106.90245441537081,20.84885931692213],[106.90275998883034,20.84748005041648],[106.897065,20.847764000000016],[106.89706213435319,20.847759895154567],[106.89706,20.847760000000005]],[[106.84555,20.866029999999977],[106.8816,20.821520000000007],[106.88286279372903,20.814963285730062],[106.886485,20.796129000000015],[106.87851119681233,20.792066606413723],[106.87355,20.78954],[106.86441357329555,20.791294573294454],[106.856212,20.792873000000007],[106.847504,20.797309],[106.84398627819476,20.80887127819788],[106.84254,20.81362999999998],[106.82823999999565,20.842108571437247],[106.82252,20.853502000000006],[106.819591,20.87677599999999],[106.8195905872614,20.87677533397774],[106.81959,20.876780000000004],[106.81422,20.868109999999994],[106.81267,20.859320000000004],[106.81353753936784,20.8554293515085],[106.814626,20.850531000000025],[106.81958924847132,20.842029999999994],[106.81219,20.842029999999994],[106.79933,20.849680000000003],[106.79080482265442,20.851156889158776],[106.783865,20.852362000000003],[106.7740992627511,20.85697376275117],[106.77068051242463,20.858589757784117],[106.77039411154743,20.859622276942584],[106.77027602177778,20.860048008702815],[106.76564,20.876780000000004],[106.77361,20.904970000000013],[106.78541,20.93081000000002],[106.82450211066849,20.91520911168518],[106.82451770716733,20.915202886074766],[106.82455000576839,20.915189993533353],[106.83302862107773,20.905685019528676],[106.835948,20.90241100000002],[106.840099,20.879868999999996],[106.8420136018688,20.875010504612103],[106.84555,20.866029999999977]],[[106.74114,20.875148999999986],[106.747,20.874010000000002],[106.75326699902259,20.871281306645688],[106.7564845894608,20.865827455268857],[106.7614,20.85749000000001],[106.76595812538541,20.847764],[106.764985,20.847764],[106.75884012020501,20.849468584144038],[106.75384,20.850860000000004],[106.74887110768802,20.859038176883686],[106.749034,20.862331000000015],[106.74902992488263,20.862328455399087],[106.74903,20.86233],[106.74773,20.86152000000001],[106.74242168926543,20.86163862146892],[106.742361,20.86163999999999],[106.74181766666796,20.861807108380194],[106.73707,20.863269999999993],[106.7347709999998,20.865685898305305],[106.734711,20.865749000000008],[106.73471093649636,20.865749015885196],[106.73471,20.865749999999995],[106.73424375212856,20.865865880318932],[106.731293,20.866604000000002],[106.72905474589162,20.86812971300714],[106.727712,20.869048631284933],[106.727712,20.872788999999994],[106.72771,20.872788903251408],[106.72771,20.872790000000002],[106.72519046416993,20.87267002210332],[106.72521373300928,20.87282152014659],[106.7252156783719,20.872834185953646],[106.72552000000002,20.874779999999998],[106.7271730466933,20.87600181712114],[106.728282,20.876817],[106.73292003733198,20.881779969889177],[106.73821151366307,20.877512027300963],[106.74114,20.875148999999986]],[[107.34715899999603,20.88769617013401],[107.35133,20.885930000000027],[107.35548,20.887110000000003],[107.36598,20.88841000000001],[107.38217,20.88788],[107.39234,20.884670000000025],[107.39519,20.87856999999999],[107.39275,20.874580000000005],[107.3899,20.871769999999998],[107.3899,20.869529999999987],[107.38998,20.86742],[107.38787,20.864980000000003],[107.37452,20.859320000000004],[107.37419901231524,20.85927582307121],[107.367686,20.858384999999977],[107.36322449890214,20.859266334308806],[107.3610912176318,20.859689758318535],[107.35573564815135,20.863595344908408],[107.35573564803242,20.863595344995158],[107.35418,20.864729999999998],[107.34352,20.877349999999993],[107.34290335741359,20.876937501887593],[107.340587,20.87539300000001],[107.33711731002138,20.87643925330739],[107.33546,20.876940000000005],[107.33253050168638,20.88328891272747],[107.33383193843183,20.888250765265465],[107.33408917076643,20.88835231695062],[107.339203,20.89036699999999],[107.346039,20.888169999999995],[107.34715899999603,20.88769617013401]],[[107.21117688717143,20.868713999999592],[107.21005,20.865139999999986],[107.20769194793343,20.86510003301582],[107.205903,20.868557000000003],[107.20590068835746,20.86855866943196],[107.20590000000001,20.86856],[107.2054930000025,20.86885309556133],[107.202973,20.870673000000014],[107.2013786016948,20.870847502118664],[107.20037,20.870959999999997],[107.18881382997468,20.879707101013974],[107.190684,20.882188000000014],[107.1940246916192,20.883490327095195],[107.19548815332465,20.88405928206176],[107.19988,20.882595000000002],[107.20999333430598,20.87575833431415],[107.21005,20.875719999999994],[107.21079484350167,20.874219359415726],[107.212087,20.87160900000001],[107.21117688717143,20.868713999999592]],[[107.29637344016767,20.906167959404605],[107.302908,20.900377],[107.31002035629811,20.893594260495135],[107.3143,20.889510000000005],[107.32439,20.87031],[107.31593,20.87743000000001],[107.30877,20.883940000000003],[107.3044641549525,20.889723894360614],[107.30038500000002,20.895209000000005],[107.29534486918999,20.902615492240816],[107.29371289073464,20.905015748409777],[107.29401144743368,20.905266600621506],[107.29468057142809,20.905828809523417],[107.29575000000001,20.906720000000004],[107.29637344016767,20.906167959404605]],[[107.559418,20.958725999999995],[107.553477,20.935939999999988],[107.54517700000001,20.919135000000008],[107.52013030969975,20.884255035353572],[107.49781,20.853180000000012],[107.49171,20.84203000000001],[107.48817,20.831875],[107.48463,20.821722999999988],[107.48085569051341,20.818052654749895],[107.47722093290434,20.81452090646577],[107.47210091376266,20.8143647662147],[107.46388190360358,20.814114119044394],[107.48024,20.84951000000001],[107.481253683664,20.858973035145638],[107.481944,20.865383],[107.470714,20.876776000000007],[107.470714,20.883000150289014],[107.47644362899355,20.883215425366803],[107.491466,20.883774999999993],[107.505626,20.88739700000002],[107.50562972274973,20.887399929121038],[107.50563,20.887399999999985],[107.50587542280854,20.88759324999033],[107.516124,20.895656999999986],[107.525401,20.910305],[107.54920957140496,20.95543687075138],[107.54957,20.95612],[107.54957004107173,20.956120182241747],[107.549571,20.956122000000025],[107.553233,20.972357],[107.55640797416508,20.969182025834925],[107.55675965395749,20.968469339683818],[107.55795000000002,20.966050000000006],[107.55873399999795,20.962146000010236],[107.559418,20.958725999999995]],[[107.311371,20.905381999999975],[107.3104317635012,20.905287903165764],[107.3097448633366,20.905220477382723],[107.31186,20.908839999999998],[107.31527974268425,20.911359810398924],[107.31718967183355,20.907864104230473],[107.31959,20.903470000000013],[107.32085217450677,20.89936252353371],[107.32309,20.892075999999996],[107.32634219872716,20.880854665467098],[107.32431,20.882069999999995],[107.31954999999999,20.88729499999999],[107.314789,20.89252400000001],[107.311371,20.905381999999975]],[[106.97989073424165,20.926682617113418],[106.97722464674823,20.931381860042283],[106.9810957201449,20.932931408208294],[106.991059,20.93691600000003],[106.99724,20.936916000000018],[106.99724,20.92923000000001],[106.99504000000138,20.92446333333633],[106.994721,20.923774000000012],[106.99227924597099,20.917589622985517],[106.99106,20.916980000000006],[106.99028525252493,20.91753424242448],[106.98975700000001,20.917914],[106.98709830137007,20.919795369862857],[106.98544,20.92097],[106.98203,20.922919999999998],[106.97989073424165,20.926682617113418]],[[107.41391,20.922389999999996],[107.420584,20.93199299999998],[107.42335,20.94236900000001],[107.425955,20.94595000000001],[107.42987596518708,20.94844677610584],[107.43279,20.950300000000006],[107.43523100000522,20.953048468515856],[107.439301,20.95762800000001],[107.44809,20.964137999999995],[107.45181002919574,20.96166600000088],[107.45427,20.96002999999999],[107.44475,20.941309999999998],[107.43336,20.92825000000001],[107.43076719037174,20.926679785548398],[107.428722,20.925442000000025],[107.42860679108735,20.92533074657949],[107.42042,20.917430000000003],[107.40055004543314,20.910047670496667],[107.381847,20.903102999999998],[107.353282,20.901435],[107.35085749549427,20.90460232732895],[107.35076,20.904729999999994],[107.35509431517723,20.90557910893944],[107.37322,20.909124999999992],[107.406098,20.91811799999999],[107.41391,20.922389999999996]],[[106.93222100000001,20.939031999999997],[106.93320343826994,20.94178956169712],[106.93686000000001,20.952050000000003],[106.94395972945493,20.94706110618116],[106.9495240314255,20.943148787438663],[106.95508744823222,20.939237091064097],[106.95130566207973,20.934925972479693],[106.94866,20.931912],[106.93222100000001,20.939031999999997]],[[107.35940168597982,20.926536314005688],[107.354747,20.924790999999992],[107.34962,20.924343],[107.326589,20.929104000000006],[107.318044,20.934394],[107.3161110009919,20.939870335643533],[107.31609105500318,20.93992700270888],[107.32602,20.940416000000013],[107.33303730085004,20.9426613983059],[107.33416,20.943020000000008],[107.33462790128158,20.943059802566477],[107.339447,20.943468],[107.347016,20.935981000000005],[107.34757682792262,20.934935165583383],[107.34791,20.93431],[107.34822902068353,20.93481793795982],[107.351492,20.940009000000007],[107.35596800000002,20.941799],[107.360739883122,20.94250375324748],[107.36451,20.943060000000028],[107.36451060696905,20.943060646576356],[107.364513,20.94306100000001],[107.37314966664819,20.95226344150574],[107.37631,20.955630000000003],[107.38013894161779,20.956279820379017],[107.380789,20.952703999999997],[107.38078925747719,20.952704089587204],[107.38079,20.952699999999986],[107.38165977987457,20.95300698113221],[107.38266000000002,20.95335500000001],[107.384695,20.958807999999998],[107.387869,20.961046000000003],[107.39030976112247,20.959377163329226],[107.39029521212117,20.959204393939],[107.390066,20.956528999999986],[107.38884220108451,20.952940111117975],[107.38705,20.947699999999998],[107.36679,20.92931],[107.35940168597982,20.926536314005688]],[[107.05274,20.952500000000004],[107.03834,20.94754000000001],[107.02996,20.948069999999987],[107.02288,20.95043000000002],[107.01938,20.954210000000003],[107.02780517878546,20.96849308928781],[107.02780517887324,20.96849308943663],[107.03126041860413,20.9743500144846],[107.03704,20.97455],[107.03866926296408,20.976509113748214],[107.043793,20.978258000000015],[107.051199,20.97658899999999],[107.058197,20.966051],[107.061615,20.961858999999997],[107.0621848566679,20.95811694121414],[107.05274,20.952500000000004]],[[107.522634,21.02228400000001],[107.52452883926136,21.02572235117579],[107.532725,21.04058093564355],[107.532725,21.02016800000001],[107.53273,21.020173386922185],[107.53273,21.02017],[107.5463994260086,21.034899381500114],[107.54664414285558,21.035038736469115],[107.55226,21.038230000000013],[107.55467621808785,21.036847606372678],[107.55835875818605,21.034735712165947],[107.55757180817817,21.03201846855239],[107.554535,21.021552000000003],[107.54478080125924,20.999142324546096],[107.53907,20.986029999999996],[107.532890008598,20.964855239215805],[107.528819,20.95091400000001],[107.522227,20.936428000000017],[107.51737834747975,20.93067732629742],[107.51173,20.923979999999986],[107.49757,20.91632999999999],[107.49092572479898,20.91476688373607],[107.481456,20.912543],[107.47184431790487,20.9116619094565],[107.45704,20.910310000000003],[107.42412771341715,20.902375003034454],[107.41212000000002,20.899482000000013],[107.39503,20.897283999999992],[107.39503,20.903510000000008],[107.42433,20.915350000000004],[107.43930403030001,20.923520187854578],[107.451182,20.929999],[107.47333426443953,20.946028528837264],[107.4733342646697,20.946028529003797],[107.47429,20.946720000000006],[107.47429032930259,20.94672034385846],[107.474294,20.94672299999998],[107.48370929537171,20.956555647692966],[107.49171,20.964909999999993],[107.49170980729609,20.964910798754104],[107.49171,20.964911000000008],[107.489024,20.976060000000018],[107.492442,20.991441000000012],[107.504731,21.020167999999984],[107.50591890253578,21.019405902546612],[107.50904,21.017400000000002],[107.51979,21.013369999999988],[107.52162363413521,21.01912270427629],[107.522634,21.02228400000001]],[[106.75750148719622,20.972968388260252],[106.757498,20.972968000000005],[106.75865365077276,20.971719738078782],[106.75953,20.970769999999998],[106.76376,20.968940000000003],[106.76501256930021,20.964996426977375],[106.76531,20.964057],[106.76563600000001,20.95962100000003],[106.764659,20.952703999999997],[106.7622045995941,20.94963613414264],[106.76010000000001,20.947009999999995],[106.75291333334148,20.94811999999874],[106.738536,20.950344],[106.73202053518162,20.952220031715086],[106.72779,20.953439999999986],[106.71677917647342,20.9527518235296],[106.71339,20.952541000000004],[106.702322,20.954941999999996],[106.69630000001328,20.958766666658253],[106.69329,20.96068],[106.68564,20.97419],[106.68666629128946,20.980659000013024],[106.68686,20.981879000000006],[106.692556,20.985256000000003],[106.6957291049657,20.983422324117324],[106.69882,20.981629999999996],[106.70086501699106,20.978859683649446],[106.702566,20.976548999999995],[106.70989,20.97284600000002],[106.7174855555578,20.97098333333277],[106.72698,20.968649999999993],[106.73020655112435,20.970633535527256],[106.733084,20.972398000000002],[106.73030456174138,20.977022000003295],[106.72812,20.980660000000018],[106.72817110312981,20.982752034376283],[106.728282,20.987208999999996],[106.733084,20.99298700000001],[106.73653083756949,20.994801829095458],[106.73927,20.996240000000025],[106.74448,20.995140000000006],[106.74991846810548,20.991426797846795],[106.753591,20.988918000000005],[106.762787,20.979071],[106.763845,20.972683000000004],[106.758962,20.973131000000006],[106.75851575401131,20.973081315508104],[106.75750000000001,20.97296999999999],[106.75750148719622,20.972968388260252]],[[107.44117,21.203269999999996],[107.44583302636883,21.204239744421844],[107.450206,21.20514599999998],[107.4502042219417,21.205148798368416],[107.45021,21.205149999999993],[107.44716346289515,21.209934448044237],[107.445811,21.21206299999999],[107.44483500000001,21.227484000000008],[107.446544,21.253159999999987],[107.44818006820168,21.261049181823875],[107.44907,21.265330000000002],[107.45054186440318,21.268805864398285],[107.45167100000002,21.271470000000008],[107.45533195346196,21.275700790565562],[107.45685390488913,21.276316723910753],[107.459158,21.277248000000004],[107.46187837988687,21.27736152327741],[107.46306,21.277410000000014],[107.46452569821214,21.27708949105434],[107.467133,21.276515999999994],[107.46868444602767,21.275770338085962],[107.47136,21.274479999999997],[107.4816195662279,21.266790325117682],[107.48185523712567,21.266509430940594],[107.48244369891802,21.265808048239226],[107.50473,21.239239999999988],[107.5114,21.234809999999996],[107.51140344093342,21.234809371566058],[107.511404,21.234808999999995],[107.518077,21.233588],[107.52046372922239,21.23231898812948],[107.52320000000002,21.23086],[107.5254,21.222150000000013],[107.5254448700275,21.220690826706477],[107.525645,21.214016],[107.52631034540657,21.209914966183902],[107.52662,21.207989999999985],[107.52898,21.20330999999999],[107.53106455436456,21.200869681690556],[107.532725,21.198919999999998],[107.53273,21.198919999999998],[107.53907,21.198919999999998],[107.539073,21.198920000000022],[107.54089786440767,21.19993013559372],[107.54591,21.202699999999982],[107.58058,21.211980000000008],[107.5897930174434,21.214965473822286],[107.603201,21.219305999999992],[107.60437941910712,21.21857335285004],[107.60621000000002,21.217430000000007],[107.60157,21.205150000000007],[107.59034,21.193059999999985],[107.55738,21.171780000000002],[107.55128264717283,21.162821352821748],[107.54713,21.156723999999983],[107.539073,21.156724000000008],[107.524181,21.159979999999997],[107.5241808221638,21.159979819996366],[107.52418,21.159979999999997],[107.50416,21.13972],[107.47071119594587,21.095891567064488],[107.46518000003128,21.093065000015965],[107.45965,21.090240000000005],[107.43531,21.081449999999997],[107.42843725731956,21.077762456136107],[107.422862,21.074773999999998],[107.388682,21.047512000000015],[107.37367909574557,21.058957808503227],[107.37289504520626,21.059556149795085],[107.379649,21.081936000000006],[107.388757326593,21.097419346905472],[107.3943,21.106839999999984],[107.40252,21.126610000000003],[107.40438405213247,21.13762224644401],[107.40447,21.138128999999992],[107.41342200000001,21.166326999999995],[107.41830468719681,21.196680055469784],[107.42506,21.196760000000005],[107.43238,21.18853999999999],[107.43351431013225,21.188826481057287],[107.435313,21.189276],[107.436371,21.19774],[107.43963329239428,21.201499584779246],[107.44117,21.203269999999996]],[[110.7944440601963,19.60126392018953],[110.79444,19.601259999999993],[110.80173600000462,19.59159599999386],[110.803559,19.589179000000005],[110.812999,19.563381000000007],[110.81325099588707,19.563115012305794],[110.8217872975746,19.554102853072543],[110.81815074956444,19.548165059914343],[110.81622004935048,19.545012592659955],[110.80738,19.530589999999986],[110.8025,19.5174],[110.80156499999289,19.506414999916483],[110.800629,19.49542900000002],[110.80028714978276,19.494586900147624],[110.79623,19.48461],[110.78549,19.47191000000001],[110.77231,19.46165999999999],[110.76365328779887,19.45896600242704],[110.760265,19.457913000000016],[110.760265,19.457911556016587],[110.76026,19.457910000000005],[110.76026,19.451649999999976],[110.76258615193915,19.445708437381825],[110.764496,19.440823000000005],[110.757579,19.430894000000002],[110.745128,19.42267500000001],[110.7366170702948,19.41882912699128],[110.73243,19.41694000000001],[110.72758713286414,19.41635043356608],[110.724376,19.41596100000001],[110.71246091783797,19.41748354108077],[110.70623000000002,19.41827999999999],[110.70622913573483,19.41827985487278],[110.706228,19.41827999999999],[110.70528479611295,19.4181212815528],[110.69825,19.41693999999998],[110.69624023305069,19.413767660169242],[110.694998,19.411811000000018],[110.6884725273312,19.39849963181884],[110.68580010364211,19.393050211339766],[110.681488,19.388983000000017],[110.669688,19.381741000000012],[110.66996595371188,19.3769947341091],[110.67066,19.36505999999999],[110.67321493882541,19.356364659871158],[110.676036,19.346747000000004],[110.67790793105073,19.33437745561034],[110.67673189083165,19.332931163724783],[110.66602600000002,19.319769999999988],[110.66079193996923,19.318215150063857],[110.64137,19.312450000000013],[110.64136859318904,19.31244517621504],[110.641368,19.312444999999997],[110.6378198030372,19.30027680308665],[110.63673,19.296540000000025],[110.63672987178181,19.29653898969103],[110.636729,19.296535999999996],[110.63266,19.264472000000023],[110.63097841754308,19.259334109948632],[110.62159,19.230659999999993],[110.60629,19.19986],[110.59199326360933,19.180665077402427],[110.589041,19.176703],[110.58857739126364,19.175557021813255],[110.58033000000002,19.15518000000001],[110.57586,19.157049999999998],[110.57354752647664,19.158970150429052],[110.568614,19.163072000000014],[110.5686102247047,19.163069813417625],[110.56861,19.16307],[110.54908,19.15176],[110.5444427134503,19.150051],[110.510102,19.150051],[110.502208,19.153144],[110.50093466667704,19.154769726514807],[110.49692,19.159899999999983],[110.49049,19.16657000000001],[110.49048995256527,19.166570011282012],[110.490489,19.166571000000012],[110.48856269734843,19.167028394706698],[110.47918,19.16925999999999],[110.47918,19.169256287659127],[110.479177,19.169257000000012],[110.479177,19.163072],[110.489757,19.152980999999993],[110.497569,19.141547],[110.50256591940406,19.136779306470725],[110.50733,19.13223000000002],[110.52418,19.128319999999988],[110.53566,19.132230000000014],[110.5376780952335,19.134434380947372],[110.541515,19.138617],[110.5462314655019,19.139878054971053],[110.55494,19.128319999999988],[110.55681,19.12002000000001],[110.55494,19.08735],[110.5549423922166,19.08735484577209],[110.554942,19.087347999999995],[110.55864500000108,19.0948550000022],[110.56235,19.102360000000004],[110.57545,19.150050000000004],[110.5822857500051,19.150050000000004],[110.569998,19.100898],[110.56825236864913,19.078616122991885],[110.56723,19.065579999999986],[110.56324,19.05565],[110.55137135264823,19.04396278420013],[110.54753700000002,19.040188000000004],[110.54263433288666,19.033810000015404],[110.53077000000002,19.018379999999997],[110.52114316523831,18.99949046607044],[110.51807700000002,18.993476],[110.509939,18.964342000000002],[110.50803746091636,18.941629691359307],[110.50803746090324,18.941629691202753],[110.50709,18.93032],[110.50740609613406,18.927697692275654],[110.508067,18.922186999999997],[110.51238,18.913520000000005],[110.513357,18.906399000000004],[110.509125,18.897773],[110.50320831360146,18.896451905330142],[110.50001000000002,18.895740000000004],[110.4909,18.895660000000007],[110.49061318029646,18.895448868829348],[110.486583,18.89248299999998],[110.48658235812209,18.892481735839894],[110.48658000000002,18.892480000000006],[110.48592038563645,18.891178000006274],[110.483897,18.887193000000003],[110.47856374787919,18.88550895127049],[110.47771,18.885239999999985],[110.477112577704,18.88515913344612],[110.47047,18.884263000000004],[110.465587,18.88190299999999],[110.46314500000001,18.875149000000015],[110.46206713755643,18.864131298646104],[110.46127,18.856019999999983],[110.45901237710413,18.849130666639198],[110.458751,18.84833400000001],[110.454356,18.84446800000003],[110.441091,18.836492999999972],[110.4366143333285,18.832296210952983],[110.43458,18.830389999999994],[110.4334152373091,18.827031412435016],[110.431488,18.821479000000004],[110.43309673953199,18.81874742441545],[110.4358,18.81414999999999],[110.44115727167993,18.80897685713394],[110.441905,18.808254000000005],[110.445079,18.803655999999993],[110.450938,18.804999],[110.45860080231233,18.804733395374065],[110.46502,18.804510000000004],[110.4808,18.80097],[110.48822670811286,18.796131854050945],[110.492849,18.793118000000018],[110.500824,18.802923999999997],[110.502452,18.811225000000004],[110.50151063926076,18.820181365313115],[110.49969,18.837549999999982],[110.49342,18.862620000000003],[110.49347773724884,18.86584847449734],[110.49358839914878,18.871938507252953],[110.49366295957205,18.876041775137374],[110.50343,18.8819],[110.50559916641758,18.877522167928102],[110.51002,18.86859800000001],[110.51296214282604,18.858599607116908],[110.53442990350344,18.785630327993438],[110.53336030155141,18.785454865982718],[110.53266733334945,18.78534118855921],[110.51905,18.783109999999994],[110.5158569975699,18.78321750849933],[110.507172,18.783514999999998],[110.498546,18.78164300000002],[110.492849,18.77204],[110.486583,18.77204],[110.48021469916971,18.773897451266198],[110.469,18.77717000000001],[110.45037,18.756539999999998],[110.42457,18.70376],[110.431,18.692449999999997],[110.426768,18.680894000000006],[110.416026,18.670559000000004],[110.41336273451567,18.668907316362574],[110.40349021264113,18.662790131756108],[110.388682,18.675034999999998],[110.36102345064896,18.66851484546856],[110.34449069491511,18.66462016370369],[110.3439471103224,18.665130407816374],[110.34360742044315,18.665449262992468],[110.33522061900406,18.67332941838994],[110.33684180216883,18.674529208683335],[110.34539,18.68085000000001],[110.36566452493668,18.685284780057046],[110.368663,18.685940000000002],[110.37766141557034,18.68683289609943],[110.4109,18.69013000000002],[110.4109,18.697500000000012],[110.40739003088538,18.70046523706579],[110.403494,18.703761999999994],[110.397227,18.703762000000005],[110.38442280144903,18.69382299281535],[110.38014,18.690499999999986],[110.32732000000001,18.67934999999999],[110.30787,18.662790000000008],[110.30104,18.662790000000008],[110.27084,18.668160000000018],[110.22722,18.642160000000004],[110.15699,18.580799999999996],[110.12255766002451,18.556824960267843],[110.121104,18.555812999999993],[110.12110304989709,18.555812123625756],[110.12110000000001,18.555809999999997],[110.11678031950895,18.55182484022036],[110.103282,18.539373999999984],[110.10328045184384,18.539370416852577],[110.10328,18.539369999999998],[110.10250011154872,18.53756434947467],[110.088145,18.50434000000001],[110.070649,18.502020999999996],[110.05529327258294,18.506202454834103],[110.05529327244554,18.506202454871524],[110.03419000000001,18.511950000000006],[110.03419000000001,18.51194900000002],[110.03419000000001,18.505764000000017],[110.03419000000001,18.50576],[110.04474922362195,18.497072478224098],[110.046153,18.495916999999995],[110.07114282676974,18.48979711550484],[110.07406724278981,18.48908067547703],[110.0825299179043,18.477769109732563],[110.08245751240858,18.47698392554548],[110.081309,18.46454499999998],[110.07774472499102,18.452878320854797],[110.06983,18.42698999999997],[110.06882623066639,18.415793634655216],[110.068207,18.408922],[110.061371,18.408922],[110.06072,18.429592],[110.053233,18.440618999999998],[110.05323076492081,18.440618873554538],[110.05323,18.44062],[110.04892000000655,18.44037500000039],[110.044607,18.44013100000001],[110.0425705956405,18.433445285710473],[110.04029,18.42596999999998],[110.04444,18.41135999999999],[110.05036965234156,18.400956478227098],[110.051117,18.399643999999977],[110.05181473728774,18.395148000002592],[110.05257961911161,18.390202462730425],[110.04852583701903,18.387585054924234],[110.04628869947591,18.386140601045074],[110.04029,18.382270000000013],[110.03706211958142,18.381886875600635],[110.026215,18.380600999999995],[109.99922343685498,18.382084854389767],[109.99922343668129,18.38208485439932],[109.99513,18.382309999999993],[109.96860000000001,18.38984000000002],[109.96860000000001,18.40550000000002],[109.97592,18.406640000000017],[109.98331711508827,18.40488857544098],[109.987071,18.403997999999998],[109.99410822291328,18.4034802216688],[110.00034,18.403020000000005],[110.01368,18.408919999999988],[110.01368114858583,18.40892162360679],[110.013682,18.408922],[110.01469147403303,18.410349789626668],[110.01987,18.41767000000001],[110.02345000000001,18.42939000000002],[110.02394,18.441229999999994],[110.02052,18.450510000000005],[110.0205181086724,18.450506705045644],[110.020518,18.450506999999998],[110.020269958368,18.450074392880083],[110.01734,18.44497000000002],[110.01344008258758,18.440043023592022],[110.009288,18.43480100000001],[110.0061980873838,18.42939265359669],[110.00456553037769,18.4316576912972],[110.003184,18.433580000000024],[109.992524,18.443061000000007],[109.99252379151379,18.443056628184745],[109.99252,18.443059999999985],[109.99236,18.439639999999994],[109.99259803669189,18.436302628421974],[109.992849,18.43276600000001],[109.99280691954765,18.432328751730488],[109.99252012083743,18.429391237668142],[109.98194400000001,18.435491999999996],[109.98194105147986,18.435489393759255],[109.98194,18.435490000000005],[109.98108658536383,18.434734118465112],[109.977387,18.43146399999999],[109.9747860280333,18.425640990645054],[109.97364,18.42308000000001],[109.96518,18.416329999999995],[109.9623332242784,18.415550715025926],[109.958018,18.414374000000016],[109.954112,18.41425200000001],[109.9501206775906,18.414978032767447],[109.94874,18.41523],[109.91538,18.416819999999998],[109.90500357143068,18.415259589150196],[109.898285,18.414251999999998],[109.88811943460786,18.41003737692708],[109.88209,18.40754],[109.83546,18.382270000000013],[109.82521,18.38588999999999],[109.823375,18.38878],[109.821544,18.391669000000007],[109.819591,18.39777300000001],[109.81518781176227,18.401477105884407],[109.81446,18.40208999999998],[109.79566,18.40518],[109.77622,18.404040000000013],[109.77621542201533,18.40403902471339],[109.776215,18.404038999999997],[109.77592924188961,18.403978057352496],[109.75904,18.400380000000006],[109.7461,18.39589999999999],[109.75000999759705,18.373600013704834],[109.7499748964369,18.37349544255936],[109.74996537235693,18.373467069025608],[109.72657,18.303780000000007],[109.73178,18.273019999999992],[109.7177827091076,18.273099984519376],[109.71339,18.279853000000003],[109.71256937969135,18.283581759392487],[109.7116,18.28799],[109.71159910044672,18.287990543587227],[109.711599,18.287990999999995],[109.7046,18.292222],[109.696788,18.28986199999999],[109.68429342229551,18.28187962955849],[109.67042,18.273020000000002],[109.67042,18.26557000000002],[109.670421,18.265570131728943],[109.670421,18.265570000000004],[109.686209,18.267646],[109.694021,18.267156999999994],[109.69911793170118,18.26475913048933],[109.71192,18.258730000000018],[109.71778,18.258449999999996],[109.71778137608648,18.258450127187476],[109.717784,18.258449999999996],[109.734548,18.259995999999983],[109.73722550000043,18.259280109110048],[109.73926903630722,18.258730259298694],[109.741466,18.25079999999999],[109.738536,18.243231999999978],[109.73389106025628,18.237019951792053],[109.73178,18.234200000000005],[109.72921730136585,18.227676767113085],[109.72909207393843,18.227358228417796],[109.7280385644783,18.224678435853022],[109.719,18.214830000000006],[109.70941628776704,18.2077146780397],[109.708751,18.207221000000008],[109.70745044428166,18.206682667186474],[109.70118,18.20409],[109.69962652816109,18.204841584470635],[109.690684,18.209174000000015],[109.68705714285821,18.21600999999803],[109.68434,18.221139999999995],[109.67726,18.24505999999999],[109.67725818371828,18.245058999767863],[109.677257,18.24506299999999],[109.66893388805168,18.24047478364949],[109.66375,18.237619999999993],[109.64190068862911,18.231154065916776],[109.62908,18.227362],[109.62191800000001,18.220852000000004],[109.6193168971105,18.21748570095866],[109.61915054921606,18.217270709817136],[109.61572985389094,18.21506870780383],[109.61572985375287,18.215068707714966],[109.60613,18.208889999999986],[109.60206,18.20409],[109.6021911606834,18.20361799998963],[109.603526,18.198798000000007],[109.613048,18.183051],[109.61374898491782,18.18125559095729],[109.61572772155542,18.17617584914131],[109.61521300655212,18.176356163769647],[109.60226396400758,18.180892464011198],[109.60133,18.181220000000007],[109.58766,18.181589999999996],[109.57602,18.17748000000001],[109.56804,18.169339999999995],[109.56121,18.169339999999995],[109.56163874509767,18.171862999997686],[109.562511,18.176987999999984],[109.568044,18.193182999999983],[109.56675721320404,18.197802553300008],[109.56577000000001,18.201359999999983],[109.56121,18.205799999999993],[109.55879421193842,18.207545304510592],[109.556488,18.209214999999983],[109.554454,18.214057000000004],[109.553233,18.217678000000003],[109.55323067403314,18.217678000000003],[109.55323,18.21768000000001],[109.54859438437303,18.21768000000001],[109.54843404513349,18.218200897386208],[109.54785277880863,18.22008926925427],[109.54762,18.220849999999995],[109.54869191663194,18.223321216668722],[109.549653,18.225531],[109.554454,18.228826999999995],[109.559093,18.230536000000004],[109.56115520338999,18.230773796610205],[109.56121,18.23078],[109.56172164144652,18.232535584868643],[109.563324,18.238023000000002],[109.566254,18.24298700000001],[109.56658,18.248846999999994],[109.56657984692619,18.24884728178009],[109.56658,18.24885000000001],[109.56345741573774,18.254595089853087],[109.561209,18.258734000000004],[109.5522572167666,18.244778337935074],[109.55125916562821,18.244182331223996],[109.538829,18.236761999999995],[109.5348444902838,18.23286467962006],[109.52955000000001,18.227689999999992],[109.53101666666231,18.221910000017182],[109.533946,18.21035399999999],[109.5140933097159,18.21314020734165],[109.51075,18.213610000000006],[109.49829169794351,18.205480627603816],[109.478689,18.192694],[109.47304385441117,18.197398563256225],[109.46502,18.20409000000001],[109.46504153189855,18.20410440421171],[109.478038,18.212795],[109.48194241489645,18.21789010638669],[109.48471,18.22150000000001],[109.49269,18.228090000000005],[109.50829229140135,18.230570506138875],[109.509613,18.230780000000014],[109.51026500000002,18.238593000000005],[109.506521,18.252753000000002],[109.500173,18.259508000000015],[109.50017260979736,18.259507221696033],[109.50017,18.25951000000001],[109.49373974562432,18.246676135949134],[109.492931,18.24506299999999],[109.480724,18.264797000000005],[109.47786859553484,18.26716136888132],[109.46274,18.27969000000001],[109.43995,18.288969999999996],[109.33351,18.304269999999978],[109.21811,18.30565],[109.1906,18.299709999999983],[109.18455303651936,18.295713264846402],[109.173106,18.288153],[109.1666301919447,18.287952520135462],[109.16261,18.287829999999996],[109.14967,18.299709999999983],[109.1476470000001,18.30476399999974],[109.143891,18.314154000000002],[109.142345,18.328681000000007],[109.14091266746391,18.334736111640808],[109.1395,18.340730000000004],[109.12997739847631,18.346946398480164],[109.129161,18.347479999999987],[109.13067998764569,18.350517753087235],[109.136,18.361149999999984],[109.13599608824342,18.361149176620202],[109.135997,18.36115100000001],[109.122081,18.358222],[109.111176,18.361273999999987],[109.101573,18.366034000000003],[109.09292338501308,18.368267844966407],[109.09164,18.368600000000015],[109.06031692040257,18.368107238681816],[109.000743,18.36717399999999],[108.99211192112904,18.368529097789633],[108.9909,18.36872],[108.98769520062436,18.370364177980772],[108.979015,18.374823000000006],[108.967784,18.384466999999994],[108.96593418251426,18.38701036374317],[108.96095,18.393870000000003],[108.95281,18.402289999999997],[108.94559253261896,18.405385201082556],[108.937348,18.408922],[108.885916,18.426662999999973],[108.87598870651156,18.433171881116913],[108.87496067428046,18.434666945725827],[108.868663,18.443834],[108.85291966414114,18.454243997148435],[108.83107,18.468699999999988],[108.79564508027403,18.486527248980167],[108.795584,18.486557999999985],[108.79558392718954,18.486558023679766],[108.79558,18.486560000000004],[108.781584,18.491111146853154],[108.775564,18.49306899999999],[108.7755617551035,18.493069429284525],[108.77556,18.493069999999992],[108.75514,18.496979999999997],[108.71937328227128,18.499136948773913],[108.71937328212202,18.499136948782915],[108.710704,18.49966100000002],[108.70338981309938,18.502067239890202],[108.695,18.50482999999999],[108.68491,18.515200000000007],[108.67726,18.53242],[108.6753698715397,18.545746000025293],[108.674083,18.554836],[108.679454,18.572252000000002],[108.68331497028032,18.58003486907884],[108.68719,18.58784],[108.69093,18.604720000000015],[108.6928303698456,18.628880527308926],[108.697113,18.683295],[108.693614,18.719875000000002],[108.68336,18.75617099999999],[108.668142,18.788642000000014],[108.64942500000001,18.813624999999995],[108.64942094825655,18.8136287341383],[108.64942,18.81363],[108.64822354466344,18.81473227652293],[108.636974,18.825100000000013],[108.62745200000002,18.83588299999999],[108.623871,18.849189000000003],[108.62520226864574,18.854213048517803],[108.62892,18.86823],[108.64723,18.90323],[108.65324667585327,18.919499675827815],[108.653819,18.92104699999999],[108.65381904420731,18.921047415443756],[108.65382,18.921049999999994],[108.6546085833668,18.928467208306543],[108.65626100000001,18.943995999999995],[108.65601714080915,18.945843192515607],[108.65358,18.964339999999982],[108.65061497752671,18.972955348318624],[108.650401,18.973578],[108.6504005509243,18.973578399201127],[108.6504,18.97357999999999],[108.64840447113087,18.975352793300605],[108.64757493825984,18.97609019780544],[108.64600800880983,18.97748310322911],[108.64544623436848,18.978358617197667],[108.64259,18.982813440315972],[108.64259,19.018460000000022],[108.63684767949293,19.035922113220245],[108.615245,19.10163],[108.62908,19.110907000000005],[108.63585113506316,19.116809162348048],[108.6443,19.124170000000003],[108.64997163796173,19.131199952525108],[108.65691200000002,19.139797000000016],[108.66109853137552,19.150924306270355],[108.66309835879954,19.156235641141286],[108.66415935007343,19.155955433539745],[108.67180589071769,19.153935983552977],[108.67897,19.152040000000003],[108.68344,19.150050000000004],[108.68344,19.150051890974098],[108.683442,19.150051],[108.683442,19.156235999999993],[108.68344,19.15623760437483],[108.68344,19.156239999999997],[108.67604,19.162179999999992],[108.67189,19.173],[108.67054166840903,19.187501443845687],[108.669932,19.194078],[108.66391,19.20962099999997],[108.66191079185458,19.210079687773135],[108.65008,19.212800000000005],[108.63701705899967,19.21259317699494],[108.634288,19.212551],[108.63172603700255,19.213635641989907],[108.6220809816405,19.21771958435041],[108.6220266666668,19.21944833332903],[108.62176,19.22809],[108.63071,19.237979999999997],[108.63699115340762,19.247514513252735],[108.63795,19.248969000000006],[108.63794974257955,19.24896960924713],[108.63795,19.248969999999996],[108.63690002921993,19.25145400730499],[108.626964,19.274970000000025],[108.631684,19.28628199999999],[108.641124,19.29490800000002],[108.64942500000001,19.299628000000002],[108.647309,19.303534000000006],[108.6470418588224,19.304257811767766],[108.64479,19.310369999999992],[108.64967,19.311219999999995],[108.660001888558,19.3100223313109],[108.662608,19.309718999999998],[108.66260850294489,19.30972017353807],[108.66261,19.30972000000001],[108.66332499999686,19.311391999992672],[108.664561,19.314275999999996],[108.66452648882746,19.31442276677615],[108.6631,19.32049999999999],[108.66684,19.32517999999999],[108.67726,19.32758],[108.67726,19.33438],[108.66928181121683,19.34373787556521],[108.67047301139657,19.346491977209237],[108.67254,19.351260000000007],[108.67954,19.358099999999997],[108.68344,19.365420000000025],[108.68344011624544,19.36542046874366],[108.683442,19.365424000000004],[108.686534,19.37787499999998],[108.694347,19.380316],[108.70894119033342,19.377138570987753],[108.71453,19.37591999999999],[108.72118197785097,19.376864444636862],[108.729177,19.377997000000033],[108.752208,19.386949000000005],[108.75405264163503,19.38729828328856],[108.76295,19.388979999999997],[108.77068000000001,19.39434999999999],[108.78148883222869,19.410229778506313],[108.79029254830066,19.423160867712497],[108.79690126779367,19.425411178527202],[108.798188,19.425849000000003],[108.79818894609518,19.42584964113874],[108.79819,19.425850000000004],[108.79923260458546,19.426556895440115],[108.817882,19.439195000000005],[108.82748500000001,19.44424100000001],[108.83625150624131,19.447073329166333],[108.8698,19.45790999999999],[108.90333,19.493349999999992],[108.92449,19.50625000000001],[108.93248970393293,19.497391851943622],[108.937348,19.492011],[108.93734909691011,19.492011],[108.93735,19.492009999999997],[108.94483,19.492009999999997],[108.94483,19.492011],[108.944835,19.492011],[108.944835,19.498846999999998],[108.9429898495052,19.50576642772181],[108.94077000000001,19.514109999999977],[108.94633337842424,19.521337456127828],[108.956554,19.534613],[108.992686,19.56777600000003],[108.99268629224417,19.567776596949063],[108.99269,19.567780000000013],[109.00220818265458,19.587226287041137],[109.00847326624384,19.597071846904427],[109.01588,19.601259999999993],[109.06707,19.608709999999995],[109.07109799999284,19.61008566440434],[109.078868,19.61273799999999],[109.103363,19.626288000000002],[109.11377886647324,19.629666100158648],[109.11842,19.63117],[109.12892,19.640200000000025],[109.1323139222505,19.642091694369125],[109.132579,19.642238999999996],[109.13257972747581,19.64223984810127],[109.13258,19.642240000000008],[109.13355898021395,19.643378813718282],[109.13919005418907,19.64491632339312],[109.1394386219044,19.6449841923767],[109.1565,19.64964000000001],[109.15650490731994,19.649643974694616],[109.156505,19.649643999999988],[109.15688396758227,19.64995099539065],[109.19207,19.67845],[109.20582,19.698429999999995],[109.20581997727345,19.69843051428388],[109.205821,19.69843200000001],[109.20562444254134,19.702855311480427],[109.20493,19.718569999999996],[109.20931280231096,19.722931798466036],[109.211192,19.72479900000002],[109.218516,19.722968000000012],[109.243988,19.729925999999995],[109.25059889283145,19.73068050887197],[109.25896,19.731630000000006],[109.26712349392545,19.730306991900157],[109.272716,19.729397000000002],[109.28177683869174,19.725428459677616],[109.28321000000001,19.724800000000005],[109.28770086294871,19.72124321572951],[109.300466,19.711127],[109.30738400000001,19.711127],[109.2990763307874,19.725279669191448],[109.29819,19.726789999999998],[109.2981893706783,19.72679066495799],[109.298188,19.726793000000004],[109.29530885958766,19.72983428932726],[109.28159,19.74433000000001],[109.27467044592701,19.757229168719853],[109.2942,19.75950800000002],[109.2942,19.75951000000001],[109.2942,19.765690000000024],[109.2942,19.765692000000026],[109.286794,19.765692000000016],[109.286794,19.773179],[109.28913977903947,19.773562888102415],[109.29575,19.774640000000034],[109.30047,19.776840000000004],[109.30474929095104,19.783039088628055],[109.30738400000001,19.786851000000002],[109.297374,19.786851000000002],[109.29330500000475,19.787379999999377],[109.28924,19.787909999999997],[109.28150068360443,19.79018979862815],[109.28101089284448,19.79039389286243],[109.2732,19.793650000000003],[109.26658758352403,19.785552499823687],[109.260997,19.778713000000007],[109.24129529585021,19.76602107078184],[109.23561,19.76236000000001],[109.21036948866735,19.749858616443554],[109.21036948853052,19.749858616375782],[109.210134,19.74974200000001],[109.20811357574628,19.749116363632883],[109.19752,19.745839999999994],[109.18559862407918,19.738587031944412],[109.181326,19.735989],[109.174815,19.730372999999997],[109.1701778320775,19.724800000000005],[109.16334121767723,19.724800000000005],[109.1643174999997,19.729284999998583],[109.16725,19.74274000000001],[109.16431749999992,19.778387500000935],[109.163341,19.790269000000016],[109.16684000000001,19.805487000000003],[109.17059292825456,19.809169679367862],[109.17555,19.814029999999995],[109.18678,19.820010000000018],[109.19297612130806,19.82452151476992],[109.19752,19.82782600000001],[109.200938,19.832587],[109.20093868255452,19.832588166362463],[109.20094,19.832590000000007],[109.20737,19.84357],[109.21119,19.848289999999977],[109.21804074880261,19.853564251186587],[109.21821126409117,19.853695491058723],[109.21949050695673,19.85468008118861],[109.22081788996461,19.854892660217786],[109.224864,19.85553599999999],[109.22743117177399,19.855445797585865],[109.2295,19.85537000000001],[109.23561,19.858829999999998],[109.24871,19.868840000000002],[109.25172,19.8747],[109.2527,19.88589000000002],[109.25514,19.89834],[109.26157,19.900819999999996],[109.27052,19.900089999999995],[109.27738788064029,19.90211717905454],[109.28004,19.902898999999998],[109.303722,19.921697999999992],[109.30774002891991,19.920543913251798],[109.31137000000001,19.919500000000028],[109.31364413829645,19.903820414903453],[109.31422000000002,19.899847999999988],[109.3213,19.892035],[109.337901,19.889879000000008],[109.368826,19.889309],[109.37928577389583,19.881630267075412],[109.39576,19.86953],[109.40457578170869,19.86527645072454],[109.412608,19.861396000000003],[109.42093478296881,19.863625160256287],[109.4275,19.86538],[109.44361,19.87299],[109.45193408624604,19.867272517552856],[109.45533134106516,19.864937140402706],[109.45758545368741,19.860130621946226],[109.462657,19.84931100000001],[109.465017,19.834051999999993],[109.46501969069462,19.834051999999993],[109.46502,19.83404999999999],[109.47242,19.83404999999999],[109.47242139782824,19.834052000000007],[109.472423,19.834052000000007],[109.47950028812488,19.84418011910753],[109.48526902777232,19.84656484999008],[109.493988,19.850165000000008],[109.511404,19.85504799999999],[109.527029,19.86196500000001],[109.53297,19.852606999999995],[109.545095,19.85374599999999],[109.56177800000002,19.857407999999996],[109.581716,19.855699],[109.581716,19.855700343029095],[109.58172,19.855700000000002],[109.58172,19.861970000000007],[109.5475770761874,19.87076468558426],[109.529307,19.875473999999986],[109.520193,19.882473],[109.51808976922987,19.89297115385062],[109.51564,19.90522000000001],[109.5254,19.91184999999999],[109.53170699750042,19.911524337478472],[109.554454,19.910346],[109.55583883081574,19.913546150387187],[109.55747,19.917299999999983],[109.55226,19.927479999999978],[109.54461,19.93334000000002],[109.54460735621005,19.933335727138434],[109.544607,19.933335999999997],[109.54355350422622,19.931632504219394],[109.54078,19.92715],[109.53736,19.92447],[109.53094,19.93011999999999],[109.52589042819268,19.940379130048132],[109.52625432660003,19.943889040410813],[109.52703,19.951359999999998],[109.55420999997011,19.968084999981617],[109.581391,19.98480900000002],[109.595714,19.993149999999993],[109.611664,19.99786999999997],[109.61182355343772,19.997870893124578],[109.61182355367356,19.997870893125867],[109.62631,19.997949999999996],[109.63145789152506,19.995041674576473],[109.636241,19.992336],[109.642589,19.992336],[109.64732268028175,19.9972317619719],[109.65211,20.002180000000006],[109.66814,20.006899999999995],[109.68669826192146,20.007879908226442],[109.7046,20.00657800000001],[109.712901,20.010077000000017],[109.71900488263705,20.010646989040488],[109.71914466101921,20.010560792371486],[109.72559700000001,20.00657800000001],[109.72711212461023,20.001808041537977],[109.72836,19.997869999999992],[109.7199,19.9853],[109.71990113183814,19.98529868150786],[109.7199,19.985297000000003],[109.7247758108256,19.979620108090877],[109.72559700000001,19.97866349473685],[109.72559700000001,19.971829],[109.722179,19.966131999999998],[109.72011494310023,19.961756341406392],[109.71811,19.95750999999998],[109.71811188685369,19.95750999999998],[109.71811,19.957506000000013],[109.72559700000001,19.957506],[109.72559932395939,19.95750999999998],[109.7256,19.95750999999998],[109.73756,19.97809000000003],[109.76368000000001,19.97435],[109.80665790002475,19.951868500078074],[109.807628,19.951361],[109.80762800862078,19.951361041679373],[109.80763,19.951359999999998],[109.81056,19.96552],[109.8117,19.981840000000016],[109.81531494509646,19.989839027447506],[109.815929,19.991197000000003],[109.82626668552254,19.985748342768446],[109.82797000000001,19.984850000000005],[109.83513,19.973329999999997],[109.83855,19.958440000000014],[109.83839336186769,19.943578957197055],[109.83839,19.94326400000001],[109.83546,19.930854],[109.83546108433559,19.930854592697866],[109.83546,19.93085],[109.85467,19.941349999999986],[109.86152291712082,19.946592263351665],[109.870372,19.953355],[109.880382,19.96759700000001],[109.883311,19.98484900000001],[109.8853859384198,19.98490554350287],[109.89527,19.98517],[109.91480796896973,19.990219475091987],[109.91578682520846,19.989958521610003],[109.91652189305864,19.98976255972366],[109.92091,19.988589999999984],[109.92335274824474,19.986760081578062],[109.926606,19.984319999999986],[109.92660815260518,19.984321383925593],[109.92661,19.984319999999975],[109.92837272542135,19.985455840676433],[109.929454,19.986151000000014],[109.93039,19.988144999999992],[109.93133,19.990140000000007],[109.93219661445913,19.990726631326176],[109.934581,19.99233599999999],[109.94021376990734,19.991340460177728],[109.94263836184237,19.990910290640883],[109.94311493556026,19.988658935563702],[109.94336954241169,19.987452168843255],[109.9433251997011,19.987274720138423],[109.94299005559766,19.985933555236265],[109.94223,19.9829],[109.94223139416509,19.98289757735246],[109.942231,19.982896000000004],[109.94279810100699,19.9819128080862],[109.94467,19.97866000000001],[109.9572,19.96727],[109.97242,19.94819000000001],[109.97379853299853,19.94129299999793],[109.97559664078646,19.93227980059462],[109.96820921291878,19.93184127747919],[109.951508,19.930854],[109.9515105700203,19.930850033836833],[109.95151,19.93085],[109.95997,19.917789999999993],[109.97177846899234,19.910222000002733],[109.973806,19.908922000000018],[109.97380722957325,19.908921775555314],[109.97381,19.908920000000016],[109.99008000000002,19.90595000000001],[109.99225828192915,19.906544568268504],[110.006196,19.910346],[110.006196,19.910348908188595],[110.00620000000002,19.910350000000005],[110.00620000000002,19.916570000000007],[109.9922,19.925359999999987],[109.99492831355579,19.92762301977106],[110.001231,19.932846999999995],[110.00794499999209,19.936854999995266],[110.01466,19.940860000000004],[110.01434814666786,19.94615832446991],[110.013682,19.957506000000006],[110.050304,19.974066000000008],[110.05948973628108,19.976425158544416],[110.06821,19.97866000000001],[110.07635,19.97915000000002],[110.08961,19.978090000000005],[110.10255,19.973940000000006],[110.10987,19.964989999999997],[110.11223493195318,19.966703932022067],[110.11223493215776,19.966703932170333],[110.122732,19.974311000000018],[110.136892,19.996731],[110.14486195512937,20.00291297307276],[110.14959,20.00657999999999],[110.14700859871361,20.005630601947736],[110.138845,20.00263100000001],[110.1250745677723,19.991166714274822],[110.1233,19.989690000000014],[110.11549,19.984850000000005],[110.10499,19.982979999999994],[110.06821,19.984850000000005],[110.07443891067791,19.987128999860538],[110.0744389108323,19.987128999917026],[110.114919,20.001939],[110.11649080533971,20.003087610653335],[110.12973,20.012759999999993],[110.13183829749116,20.01592380994793],[110.137462,20.024359],[110.14386515503665,20.040858126609525],[110.14967,20.055809999999973],[110.15291980084207,20.06094219914405],[110.15564881844514,20.06524811495796],[110.1569928060972,20.06736869405504],[110.15979800001669,20.06606316948374],[110.171153,20.060777000000016],[110.208669,20.049505999999987],[110.21800899999634,20.04812746854237],[110.22218,20.047510000000003],[110.23044780142972,20.04512170035474],[110.232595,20.044501],[110.245128,20.038316000000002],[110.260997,20.033148999999987],[110.27061203004624,20.03320906009245],[110.28053000000001,20.033270000000012],[110.29518,20.03937],[110.31691,20.057359999999985],[110.32496,20.06121999999999],[110.34473822724556,20.058050284106763],[110.358897,20.049790999999995],[110.368988,20.038642000000014],[110.37044312958848,20.03634469440163],[110.37672,20.02643000000001],[110.37672,20.020210000000006],[110.36817,20.007799999999992],[110.37517,19.99676999999998],[110.39722781485756,19.97866179387713],[110.402517,19.964341999999984],[110.40392200419356,19.954335748970518],[110.4065,19.935939999999988],[110.40961977823184,19.927055722444315],[110.410899,19.923407],[110.417735,19.923407],[110.41773384527518,19.92340999999999],[110.41774,19.92340999999999],[110.41466923785022,19.93137191623269],[110.414399,19.932073999999993],[110.413341,19.93431199999999],[110.41160810309225,19.93670910309352],[110.4109,19.937690000000007],[110.4109,19.943915000000015],[110.417735,19.943915000000015],[110.417735,19.943920000000006],[110.41774,19.94391999999997],[110.41774,19.951359999999998],[110.41580627372528,19.955391636855822],[110.414561,19.95799399999999],[110.409434,19.980047999999986],[110.407074,19.98484900000001],[110.40707006313026,19.984849871599476],[110.40707,19.984850000000005],[110.39715,19.987050000000004],[110.39064,19.993069999999992],[110.38649,20.001899999999978],[110.38299,20.012759999999993],[110.38321657671347,20.01374419259915],[110.383311,20.014145999999997],[110.37818400000002,20.039861999999978],[110.37672,20.04385],[110.375011,20.063625000000016],[110.37544456285343,20.066095479045952],[110.37648,20.07197],[110.38298898836666,20.081038590550786],[110.40137856275688,20.06621151252435],[110.42457,20.047510000000003],[110.43116,20.050600000000006],[110.4507519762674,20.041177598309073],[110.470225,20.031805999999992],[110.48304886251682,20.02766668037671],[110.49594000000002,20.023500000000016],[110.5220622330044,20.020785465995434],[110.527599,20.020209000000012],[110.527599,20.01276299999999],[110.52076300000002,20.01276299999999],[110.52076300000002,20.012759999999993],[110.52076,20.012759999999993],[110.52076,20.00657999999998],[110.52076300000002,20.006578590604025],[110.52076300000002,20.00657800000001],[110.535655,19.999578999999986],[110.550548,19.988470999999993],[110.55054908025488,19.988470686257095],[110.55055,19.98846999999999],[110.56414,19.984520000000014],[110.57545,19.999169999999996],[110.58033000000002,19.979719999999993],[110.59864,19.944],[110.60271,19.92715],[110.6058,19.923160000000017],[110.60892286123348,19.924279351934455],[110.612966,19.925726999999995],[110.61296860945421,19.92572950157564],[110.61297,19.925730000000005],[110.61398729576811,19.92670607394249],[110.619884,19.932359],[110.62294282985157,19.940044585076702],[110.62322000000002,19.94074],[110.62321986622355,19.94074066387462],[110.62322000000002,19.940741],[110.62295127726847,19.942073554518],[110.62135,19.950020000000013],[110.61842,19.957219999999975],[110.61785000000002,19.96392999999999],[110.62250109994896,19.970772400297356],[110.62322000000002,19.971829],[110.62321963693446,19.971829465881225],[110.62322000000002,19.971829999999997],[110.62128678057128,19.97430968344338],[110.609141,19.989895],[110.60839999043259,19.99479118276921],[110.60646,20.00763999999998],[110.6030941082962,20.015793477737354],[110.600922,20.021064],[110.578868,20.026434999999996],[110.57458224707098,20.028685592111547],[110.57081075578759,20.030669602414473],[110.57078321445643,20.03107586877884],[110.57021531372474,20.039453058834706],[110.57016005073162,20.04026925073309],[110.57027930638299,20.040858653191503],[110.57228,20.050729999999998],[110.57211381757541,20.055243514651636],[110.572032,20.057522],[110.566173,20.06952500000002],[110.5681679757472,20.07597001616626],[110.56935,20.079779999999992],[110.58009758056527,20.092241946320406],[110.59311,20.107326999999998],[110.604177,20.110826000000003],[110.62309574999985,20.10952056943287],[110.64015,20.10834000000001],[110.65203,20.117010000000022],[110.67075,20.154970000000002],[110.67790891176531,20.163558694422388],[110.685069,20.153306],[110.710948,20.075181000000004],[110.724457,20.063869999999998],[110.74349802296122,20.052872046057704],[110.75277926150966,20.04751042661377],[110.774669,20.020209000000012],[110.77898957280728,20.017110145629903],[110.78834,20.010400000000004],[110.82798764162517,20.003894169181457],[110.82798764178607,20.003894169155053],[110.869884,19.997015999999988],[110.88318015745516,19.998430722177037],[110.89015,19.999169999999985],[110.89308,20.00165000000002],[110.89381,20.00437999999999],[110.89633,20.004579999999997],[110.90425693607193,19.9992059744174],[110.904307,19.999171999999994],[110.90430702311133,19.999172018166362],[110.90431,19.999169999999996],[110.91290707552243,20.005931981114276],[110.915552500408,20.008011384047318],[110.92066196004973,20.012027610485347],[110.93458,19.99506],[110.97706,19.865870000000008],[110.98316,19.80776999999999],[110.99158909018776,19.771662932382867],[110.996837,19.74917200000001],[110.9994939778004,19.72614653327735],[111.00001,19.721670000000003],[110.99855642710301,19.714573144091094],[110.994395,19.694280999999986],[110.99569050520059,19.689748500003407],[110.99659,19.686589999999995],[111.01051,19.683779999999995],[111.01199411550994,19.682328808554274],[111.016368,19.678046000000002],[111.03467876511873,19.64223945930829],[111.0328123956526,19.641422271001527],[111.02035606171879,19.63597202700493],[111.00913,19.641750000000002],[111.0062081555623,19.641983155414255],[111.00620815542172,19.641983155425475],[110.993337,19.643011999999977],[110.977306,19.640773999999993],[110.965831,19.635972000000002],[110.96061059871045,19.630747601925034],[110.91358,19.583690000000008],[110.90046944243078,19.566920446464415],[110.887706,19.55060500000001],[110.876475,19.539781],[110.86963038864758,19.537874555675362],[110.85865000000001,19.53481999999997],[110.85424911694379,19.536239818604137],[110.842784,19.539943999999984],[110.829845,19.552069],[110.82560984864017,19.560325363709676],[110.82179,19.567780000000013],[110.8203260105574,19.578230010530472],[110.818533,19.591051000000014],[110.825694,19.60325800000001],[110.841156,19.607977999999992],[110.862641,19.608709999999988],[110.847667,19.622463000000025],[110.826427,19.621771999999993],[110.80747511137301,19.613254445557125],[110.80633,19.612739999999988],[110.8063296080534,19.612739621568796],[110.806326,19.61273800000002],[110.79444400000001,19.601264],[110.7944440601963,19.60126392018953]],[[107.72755186750855,20.129012080208852],[107.72908427401032,20.13071902048074],[107.73194400000001,20.133897000000005],[107.739838,20.138616999999996],[107.745616,20.139715999999986],[107.744965,20.133775],[107.7422796853935,20.127469609373332],[107.73959172752993,20.124132144962793],[107.73822668514703,20.124219222176237],[107.73577,20.124380000000016],[107.73251471428695,20.12537689278926],[107.730479,20.126003000000008],[107.72755186750855,20.129012080208852]],[[110.47136,20.647370000000006],[110.47482282405925,20.63636839197275],[110.476329,20.631578],[110.478038,20.61078500000001],[110.47651361749433,20.600479979984467],[110.47584037791533,20.595932552646147],[110.47481407071851,20.595194514101514],[110.47426490086704,20.59479959480329],[110.4712,20.592600000000008],[110.46485,20.590770000000017],[110.45841923647203,20.5874440363235],[110.45728885367366,20.58686047321658],[110.45167062462932,20.58917974214589],[110.44995510521804,20.59257149792134],[110.44990073161587,20.59267900004458],[110.44809,20.59626],[110.44513333332984,20.607326666679775],[110.43922,20.629461999999997],[110.435802,20.638494999999995],[110.43580186766586,20.63849506324582],[110.4358,20.638499999999997],[110.42661,20.64289],[110.42251562462327,20.64831870306643],[110.417654,20.654770999999993],[110.42119245747111,20.66080022874061],[110.42204881053392,20.66225797520434],[110.42470666666495,20.66217666666673],[110.43002,20.66200999999999],[110.43336,20.66376],[110.43336,20.663764000000008],[110.43336,20.667425999999992],[110.43525306779644,20.667678271186407],[110.43702,20.667910000000006],[110.44140651948236,20.664483519479084],[110.442638,20.663520000000005],[110.44514943681159,20.6608614368205],[110.44752,20.658350000000016],[110.4627388498423,20.654770270536428],[110.46672397360447,20.651349632834002],[110.46886614478788,20.649510896585813],[110.47136,20.647370000000006]],[[110.54754,20.917710000000007],[110.56012304906537,20.93140223517537],[110.57488000000001,20.947455000000005],[110.58961000000001,20.959377000000014],[110.60206545717175,20.964637914363344],[110.60271,20.964909999999993],[110.59588,20.958730000000024],[110.59588027566431,20.958729868487968],[110.595876,20.958725999999995],[110.60267681305315,20.955487422845884],[110.60613,20.953840000000003],[110.61526326191169,20.952709952339738],[110.617931,20.952379000000015],[110.62794,20.948635000000017],[110.63249800000001,20.93667200000001],[110.63148138302581,20.931432771217604],[110.63038,20.925769999999993],[110.62452000000002,20.915190000000003],[110.6184233363093,20.907895995544408],[110.609548,20.897283999999992],[110.59480108878473,20.887285528960255],[110.58920110408819,20.883490748175724],[110.575694,20.888820999999997],[110.5688861575428,20.89699018786869],[110.56349,20.903470000000013],[110.54754,20.917710000000007]],[[107.778005,20.97260200000001],[107.77292465001497,20.961812043755938],[107.77076000000001,20.957219999999996],[107.75611000000002,20.945710000000012],[107.73829344840348,20.937651559715597],[107.74110631218029,20.94262264090082],[107.75255866663561,20.96286200841971],[107.75717,20.97101],[107.75717027395487,20.971011949617512],[107.757172,20.971015000000005],[107.75864090887268,20.981477817744253],[107.7588,20.98261000000002],[107.7587998788076,20.982610136764617],[107.7588,20.982611000000002],[107.753429,20.988674000000017],[107.74910149999819,20.991013703297675],[107.74342,20.994090000000025],[107.73946865974338,21.000345149368183],[107.737641,21.003241000000006],[107.7401366666478,21.008883333290708],[107.74512899356107,21.020167725098666],[107.75806700000001,21.016587999999995],[107.77842700002269,21.00233131278986],[107.792817,20.992252101294977],[107.792817,20.98603112571977],[107.7824,20.98994000000002],[107.78136196625104,20.990675539251537],[107.779145,20.992254999999993],[107.77296,20.992254999999993],[107.77296128351905,20.992249999999995],[107.77296,20.992250000000006],[107.77408333553781,20.98787900132318],[107.778005,20.97260200000001]],[[107.85279005452567,21.019920207976448],[107.8524702949166,21.019612884734897],[107.84441000000001,21.011870000000005],[107.82740059552863,20.989080797889333],[107.8254241668609,20.9889146668551],[107.81772,20.98827000000001],[107.81658028539673,21.005845598882193],[107.82569400000001,21.024969999999993],[107.84213239307847,21.035589607913696],[107.85629,21.033269999999998],[107.85279005452567,21.019920207976448]],[[110.27507600000001,21.034328999999996],[110.28587730370835,21.033899162962783],[110.28736,21.03384000000001],[110.28736,21.033840159179693],[110.287364,21.03384000000001],[110.287364,21.040594999999996],[110.27637800000001,21.041164000000034],[110.27333247132971,21.043143566906462],[110.2706805520162,21.044869640705244],[110.269542,21.051580999999995],[110.2731216272042,21.06109934968961],[110.28433545898649,21.056617753956832],[110.290212,21.054267],[110.29876933127832,21.053683446841326],[110.30991,21.052919999999997],[110.32337797938906,21.05650089804933],[110.326915,21.057440000000003],[110.33152666666521,21.063634444442485],[110.33522,21.06858999999998],[110.33521460224583,21.068588122520296],[110.335216,21.06858999999998],[110.322113,21.064031999999997],[110.31741049999907,21.062977922669283],[110.30795,21.060859999999995],[110.29542,21.063059999999993],[110.2925420205723,21.06712702055601],[110.287364,21.07444899999998],[110.30598226789692,21.07451739872565],[110.30598226819292,21.074517398726723],[110.34262,21.074650000000002],[110.36259432066792,21.079036980975093],[110.371349,21.080958999999986],[110.37359700334572,21.082776337842535],[110.37359700353366,21.08277633799445],[110.38982,21.09589000000001],[110.4004,21.06390999999999],[110.40821,21.048240000000003],[110.41774,21.04059],[110.42318948160035,21.051418969859025],[110.43214,21.05727800000001],[110.4373958971315,21.058457742835493],[110.4441,21.059960000000025],[110.45875,21.0611],[110.45871245000001,21.0611],[110.458751,21.061102999999996],[110.45202010526314,21.061102999999985],[110.47283,21.061670000000003],[110.4773220000032,21.064146000001756],[110.48406,21.06785700000002],[110.492931,21.075995000000002],[110.50576766666221,21.081639144536645],[110.50709,21.082220000000003],[110.51670478197195,21.082160187981522],[110.526378,21.082098999999996],[110.538829,21.07306500000001],[110.54199434627796,21.06570527703309],[110.54558,21.057360000000006],[110.5466578351342,21.04630669071565],[110.54753700000002,21.037258],[110.54556205235329,21.029617210293132],[110.54379,21.022769999999998],[110.54019495903549,21.015637285745946],[110.526866,20.989203000000003],[110.5234819824653,20.97986215789128],[110.52076,20.972359999999995],[110.52147401228991,20.96761448974654],[110.522227,20.96259200000001],[110.525645,20.951076999999998],[110.52594488174614,20.94409130261625],[110.52605,20.941599999999998],[110.51694,20.937650000000012],[110.50799,20.940380000000005],[110.5027,20.9475],[110.50088989639056,20.954661714280796],[110.500173,20.957506000000006],[110.49999172641488,20.961647432788197],[110.49969,20.968649999999993],[110.49798716653385,20.971025809566544],[110.493012,20.977972999999984],[110.476899,20.990424000000008],[110.46300614816207,20.998223990699195],[110.45769,21.001209999999986],[110.44142,21.005850000000017],[110.36305,21.005850000000002],[110.34640072523834,21.00042680192412],[110.333669,20.996282999999988],[110.30072493044241,20.981572884067187],[110.29868,20.980660000000018],[110.28585200000911,20.97745200000228],[110.266612,20.972641999999993],[110.25069661687589,20.98290892530275],[110.24586092651941,20.986029402115904],[110.261892,20.992987000000017],[110.265391,21.004340000000003],[110.259288,21.01699500000001],[110.24586370361628,21.027571082174795],[110.25737936943248,21.03093589170126],[110.264822,21.033108],[110.27507600000001,21.034328999999996]],[[109.10302431215467,21.02279258958076],[109.10092,21.021190000000008],[109.09596000000002,21.022040000000004],[109.09051,21.04193999999999],[109.09425279194171,21.049449601799637],[109.09986400000001,21.060696000000007],[109.12273200000001,21.065416],[109.1291433093907,21.058579453122128],[109.13624,21.051009999999998],[109.13538433755359,21.04912233249524],[109.127696,21.032172],[109.12047567383266,21.029745985671713],[109.11256,21.02709000000001],[109.1089657130231,21.025808430463155],[109.105235,21.024481999999995],[109.10302431215467,21.02279258958076]],[[107.57008000000002,20.989940000000008],[107.57016132142698,20.990306535707123],[107.571462,20.996161],[107.57007034957597,21.000858087395066],[107.56886,21.004949999999994],[107.56691,21.01675000000001],[107.5700799659603,21.026679893370915],[107.57020801951563,21.026798324036722],[107.57062969151292,21.02718830848707],[107.58416,21.039700000000003],[107.58546,21.044192000000006],[107.587413,21.050930000000022],[107.589041,21.073309999999985],[107.58934352531574,21.074568737338797],[107.59108,21.081769999999985],[107.59410275093298,21.088721373596623],[107.594249,21.089057000000018],[107.597911,21.09398],[107.60074627746803,21.096657222524424],[107.62127,21.11602999999999],[107.62827,21.12018],[107.63209,21.11884],[107.63203056744211,21.117138743029884],[107.631847,21.11196500000001],[107.595958,21.039130000000004],[107.58961,21.008124],[107.5796,20.983140000000002],[107.55942052394528,20.98602992496522],[107.570079,20.98993600000002],[107.570079878798,20.989939955544106],[107.57008000000002,20.989940000000008]],[[107.55771,21.115460000000006],[107.55946455555623,21.114607787301264],[107.561209,21.113756000000002],[107.56310899999858,21.11218286440797],[107.56357,21.111799999999995],[107.56731,21.111919999999994],[107.57423508804867,21.11606594087123],[107.576427,21.11737699999999],[107.58166296543085,21.117574896291647],[107.5817980051809,21.117579925705066],[107.582286,21.110582000000026],[107.581147,21.102321999999994],[107.5751346761628,21.089401612680224],[107.57268116371375,21.08413249916803],[107.566417,21.082423999999996],[107.562429,21.079495000000012],[107.5616153546133,21.073067801183655],[107.556144406325,21.07047821899385],[107.551117,21.068101000000016],[107.53589900000001,21.05691200000001],[107.53476,21.05211],[107.517996,21.045232999999996],[107.513276,21.043769000000005],[107.51094291484144,21.04195614286199],[107.50725,21.03909],[107.50472995622034,21.038546390556107],[107.500255,21.037583999999995],[107.49769465144915,21.03870803674767],[107.49692,21.039049999999975],[107.49849125636868,21.040664000013088],[107.506114,21.048489000000007],[107.50918045416972,21.050095254986967],[107.51466,21.052960000000027],[107.51897954312378,21.056597827519052],[107.521821,21.058987000000005],[107.530203,21.07070500000001],[107.533376,21.069729000000006],[107.53361089562236,21.067471552193716],[107.5337,21.06659999999999],[107.53370164843759,21.066599378665835],[107.533702,21.066596],[107.535004,21.066106999999995],[107.537771,21.068549000000022],[107.5381250863781,21.069669609090177],[107.53875,21.071640000000002],[107.53061,21.076850000000007],[107.530203,21.080999999999996],[107.53074995049565,21.08174074964721],[107.53216,21.083640000000006],[107.53526149758487,21.08624125603893],[107.53712,21.087795000000014],[107.537934,21.090806000000004],[107.54086098863648,21.09540084252323],[107.54325151706868,21.097438068288874],[107.546072,21.099839999999993],[107.553152,21.11375599999998],[107.55528926657952,21.114557533593246],[107.55771,21.115460000000006]],[[107.57130000000001,21.13467],[107.576996,21.135769000000007],[107.57699928175403,21.13576986139113],[107.577,21.135770000000004],[107.57725739051186,21.13583760948928],[107.583507,21.13747800000001],[107.581716,21.129298999999993],[107.57161220116447,21.121330266275983],[107.56593000000001,21.116850000000003],[107.56354192387441,21.11760361418717],[107.56353498987444,21.11760580910199],[107.56348994452763,21.117620067927994],[107.56214173534765,21.11927100000252],[107.559174,21.122910999999995],[107.560313,21.12742700000001],[107.56253599999725,21.130390999996344],[107.56349,21.13166],[107.5647714449506,21.132841220205854],[107.567068,21.134955],[107.57130000000001,21.13467]],[[110.46339,21.190741000000003],[110.46339129259411,21.190740500303924],[110.46339,21.190739999999998],[110.46718589964328,21.189273566318942],[110.479177,21.184638],[110.492931,21.183905],[110.504161,21.187690000000003],[110.5076421755196,21.18974921630638],[110.52638,21.200829999999996],[110.53224000000002,21.20330999999999],[110.53785,21.204489999999993],[110.54252825965686,21.20421122102602],[110.54322368934577,21.204169018852056],[110.54965,21.20246000000001],[110.55511900001424,21.199444104713688],[110.566173,21.193345000000008],[110.56684468456298,21.192830161074397],[110.56861,21.19147],[110.55543,21.17683000000001],[110.55226211349171,21.17188054603268],[110.550059,21.168442999999993],[110.54753700000002,21.156724000000008],[110.54754086006825,21.156724000000008],[110.54754,21.156719999999996],[110.55494,21.156719999999996],[110.55727311113209,21.160292641577133],[110.577322,21.190985000000005],[110.594005,21.20278600000001],[110.61291384851276,21.19960060593709],[110.61695,21.198919999999998],[110.61695,21.19147098599759],[110.599457,21.178290000000015],[110.59228443073472,21.16321971350762],[110.57691,21.130930000000014],[110.56721704520916,21.11577389391801],[110.56558982874577,21.11323135951564],[110.5651981473097,21.112619355182854],[110.54322,21.104970000000012],[110.53337167485661,21.107954208550552],[110.52068100000001,21.111802000000008],[110.51177446595311,21.12085586379111],[110.50587013500954,21.126859862711438],[110.507091,21.143704000000003],[110.498985846309,21.145714461060326],[110.49659,21.14631],[110.49574854316711,21.146730172632555],[110.489024,21.150092000000026],[110.483572,21.155829000000004],[110.48212594907157,21.158560210183605],[110.47918,21.16413],[110.479177,21.16413],[110.472911,21.16413],[110.47291,21.16413],[110.47418526688443,21.16134963344335],[110.479176020671,21.15046013683149],[110.46144,21.15107],[110.44947276652857,21.156238805100006],[110.445323,21.16567600000001],[110.451915,21.178453],[110.44337,21.177883000000005],[110.426117,21.17910400000002],[110.41774,21.17845338833215],[110.41774,21.184638588182114],[110.42621684967317,21.185635774509798],[110.43434,21.186589999999985],[110.44353636701052,21.192902091751744],[110.444835,21.19379300000001],[110.44673847659303,21.195666750000058],[110.45265,21.201479999999986],[110.45774007299289,21.20344224452562],[110.462169,21.205146000000013],[110.47407517226341,21.206771110074104],[110.48780000000001,21.20864],[110.49984659785541,21.206280666312132],[110.4985508745138,21.20227590061955],[110.4962679296132,21.195219873208238],[110.4781706460939,21.194111584411143],[110.470958,21.193671000000005],[110.46339,21.190741000000003]],[[107.65782520399465,21.144967148008583],[107.657563,21.148057],[107.66977,21.197495999999994],[107.674083,21.205999999999996],[107.67887019566136,21.210388782617123],[107.67945,21.210919999999998],[107.67984393989452,21.20890771243064],[107.680186,21.20713900000001],[107.663829,21.145208999999994],[107.65829951044141,21.139435709311613],[107.65782520399465,21.144967148008583]],[[107.9733185294512,21.22781013578238],[107.96184,21.22886999999999],[107.96047527735871,21.229660277344582],[107.953624,21.233628999999986],[107.9546,21.239569000000014],[107.96884200000001,21.244330000000005],[107.97087666666185,21.24453333333286],[107.97494672278408,21.244939672814787],[107.97717214218025,21.24393228436013],[107.9809688420686,21.242210525108415],[107.982595,21.23550000000001],[107.9796665368187,21.229439111025926],[107.97551021185932,21.228372211863107],[107.97378118540645,21.227928787939778],[107.9733185294512,21.22781013578238]],[[107.6275105441594,21.253627911676656],[107.63803,21.258609999999997],[107.6386,21.255799999999986],[107.63893678832068,21.254598788322905],[107.639496,21.252590000000023],[107.63852,21.249171999999998],[107.63229443556983,21.244840451541062],[107.61524,21.23298000000002],[107.61118,21.23298],[107.59946000000001,21.23777999999998],[107.60077298525063,21.239154669121458],[107.603933,21.242457999999992],[107.6275105441594,21.253627911676656]],[[107.566824,21.255154],[107.56104644192658,21.252183227234998],[107.55608364966672,21.256684566881248],[107.555349,21.257351],[107.55391524720116,21.257175793998492],[107.54802,21.256460000000015],[107.54375806946396,21.258296791611492],[107.542084,21.259019000000002],[107.54364473453661,21.264074706174586],[107.54412,21.26561000000002],[107.55747,21.2722],[107.56841174464188,21.272901302141875],[107.57276233943891,21.27317883028055],[107.58334,21.26789],[107.58789998852885,21.26150001607471],[107.58489,21.258572000000015],[107.58337857142703,21.25795571428509],[107.5796,21.256419999999995],[107.57217425505078,21.255682073858733],[107.566824,21.255154]],[[107.54672,21.271429999999967],[107.53989,21.266549999999995],[107.53691874536887,21.265530490734033],[107.5324,21.263982999999996],[107.53025199999873,21.26720500000192],[107.52524054894288,21.274729175819],[107.530528,21.281316999999998],[107.53052960488472,21.28131950778644],[107.53053,21.28131999999999],[107.53057489406523,21.281390276479037],[107.533132,21.28538600000001],[107.5385456404522,21.284100561797086],[107.53964,21.28384],[107.5410853796576,21.28330118983178],[107.546397,21.281316999999998],[107.54802500000002,21.281175000000005],[107.54965,21.28103],[107.55705682642093,21.281559773009864],[107.55613075828649,21.279802460982847],[107.55577894611935,21.279134860263653],[107.55388,21.275539999999992],[107.54672,21.271429999999967]],[[107.69475,21.296899999999994],[107.69869224801592,21.296790872027234],[107.70052987337198,21.296739031782682],[107.70011852874896,21.293593827511256],[107.69988,21.291775000000023],[107.66024918929173,21.266832748498803],[107.65984135363932,21.26821541083254],[107.67411991425149,21.28480320739479],[107.67644229072224,21.287501176012505],[107.69475,21.296899999999994]],[[107.75986,21.28131999999999],[107.7573309329446,21.281319999999972],[107.75667448265057,21.28180422032442],[107.75649799999806,21.28193440000144],[107.75408095930585,21.283719291589517],[107.75480204074704,21.284690140699492],[107.75858907494758,21.289788925071228],[107.75936932539084,21.29083909201942],[107.771169,21.294176],[107.775808,21.294338000000003],[107.77996599696314,21.294880798178813],[107.78142000000001,21.29506999999999],[107.78665582118505,21.295647520338832],[107.791026,21.29612900000001],[107.79696467260689,21.29303721168606],[107.79355000000001,21.29124999999999],[107.78085,21.29124999999999],[107.77638288889018,21.290250062719952],[107.772634,21.28941499999998],[107.76513089964307,21.284659199538947],[107.75986,21.28131999999999]],[[107.81707,21.34854],[107.81501589449557,21.348170633033494],[107.809337,21.347154],[107.71144976783056,21.307568567687554],[107.7141602857152,21.309946052658034],[107.714366,21.310126000000004],[107.71436771891692,21.310127999186513],[107.71437,21.310130000000004],[107.72584,21.32347],[107.78395,21.356349999999992],[107.8003,21.362450000000013],[107.8123257208231,21.360672126186117],[107.813487,21.360499999999995],[107.8145450000025,21.359299999997155],[107.8156,21.358100000000015],[107.81706254381147,21.355841742697237],[107.818207,21.354071],[107.81934657371794,21.350247430288455],[107.81707,21.34854]],[[107.93621,21.376409999999996],[107.93620900000002,21.376409999999996],[107.929942,21.376409999999996],[107.92994,21.376409999999996],[107.92237,21.372630000000004],[107.85426,21.350409999999997],[107.84116,21.34854],[107.8436,21.358829999999998],[107.84815695400572,21.370262358295072],[107.853526,21.360255999999993],[107.85459045003205,21.357122230042176],[107.85499,21.355939999999997],[107.85939,21.364079999999998],[107.86351405720261,21.368323901599943],[107.86399155244013,21.368814680968494],[107.86524441154047,21.370102395169276],[107.87281,21.37421],[107.87280770197582,21.374210122769643],[107.872813,21.374213000000008],[107.852224,21.375312],[107.84731060203615,21.374332387762244],[107.826915,21.370270995653883],[107.826915,21.376409999999996],[107.860118,21.386216999999995],[107.86665455982839,21.38917355982876],[107.86866,21.39007999999999],[107.99830000000001,21.403750000000024],[107.99830000000001,21.39753],[107.95948000000001,21.373850000000004],[107.94418223405303,21.36811083813493],[107.93946323676494,21.373022737381106],[107.93818312764161,21.374355174476122],[107.93621,21.376409999999996]],[[108.18204929378736,21.534409706216437],[108.17701,21.530060000000006],[108.15407321484639,21.52465078514956],[108.12883500000001,21.518704000000007],[108.12656040580295,21.520410444900243],[108.12956829320166,21.523708128759303],[108.13464600001772,21.52593800000779],[108.14226,21.529279999999996],[108.14334980844217,21.53019534079979],[108.160004,21.544176000000007],[108.172781,21.54616900000001],[108.17448423147472,21.54528674382043],[108.18181,21.541490000000024],[108.18253000000051,21.536281999996298],[108.182709,21.534980000000008],[108.18204929378736,21.534409706216437]],[[111.934337,21.65745700000002],[111.9382112857186,21.652898412731588],[111.93849,21.65257000000003],[111.94516,21.650130000000015],[111.94989490170646,21.65093280340352],[111.950938,21.651108999999977],[111.95093872324303,21.65110978352562],[111.95094000000002,21.651110000000006],[111.95269181853843,21.65300900001399],[111.955821,21.656399],[111.96052220818859,21.65723869795177],[111.96266,21.65762000000001],[111.98951,21.65778000000001],[111.99500464786615,21.655771318284934],[111.999848,21.65399800000001],[112.0035792611182,21.6489894285778],[112.00733,21.64394999999998],[112.00733,21.636540000000004],[112.00270588460346,21.627032126363808],[111.999848,21.621161000000004],[111.98768083121807,21.6151316624468],[111.98146,21.61205000000001],[111.96433700987079,21.608724069080054],[111.929047,21.601874000000006],[111.91977,21.601874000000006],[111.909679,21.600531],[111.9069165743583,21.599398376068113],[111.89747,21.595529999999993],[111.89083279408095,21.590809573376568],[111.888194,21.588935],[111.88495828572673,21.585961134342284],[111.8711,21.57322999999999],[111.86622150000208,21.5701255000013],[111.863292,21.56826399999999],[111.8360566666754,21.56408666666801],[111.82244000000001,21.561999999999998],[111.80934,21.56550000000003],[111.80998721229021,21.568026787708334],[111.810069,21.56834499999999],[111.816905,21.571357000000006],[111.81690838420623,21.571359288956256],[111.81691,21.571360000000002],[111.82244000000001,21.57509999999999],[111.82706944197915,21.58259303867508],[111.842052,21.606837999999996],[111.845063,21.623968999999995],[111.84128285591956,21.631702309295846],[111.83530048196653,21.643949013351303],[111.84717900000001,21.647406],[111.86793696451694,21.6489517515971],[111.8838,21.650130000000015],[111.89103882807,21.652400656143172],[111.896007,21.653956999999984],[111.915863,21.66274599999999],[111.928233,21.664454999999993],[111.93140700000001,21.662299000000004],[111.934337,21.65745700000002]],[[112.56658069759747,21.658652800691776],[112.56788200000001,21.660631000000006],[112.56228321108706,21.668819281436154],[112.55592164679418,21.67812759039312],[112.57781,21.683009999999996],[112.62013,21.70448999999999],[112.63725886371279,21.71015888672223],[112.645356,21.712836000000006],[112.65148666666737,21.70325999999887],[112.65455,21.698469999999997],[112.65325799884124,21.694324999437022],[112.651378,21.6883],[112.64786832852174,21.683886447633423],[112.64332,21.67817],[112.63795,21.66446],[112.63795130922882,21.6644583426652],[112.63795,21.664454999999993],[112.6456208921389,21.654749522827522],[112.64991,21.649319999999996],[112.6504,21.640450000000012],[112.62379,21.633289999999995],[112.62126273664661,21.628428815844874],[112.6191031056686,21.624277335159512],[112.61646639838902,21.61920876582725],[112.61536738848862,21.618832165451924],[112.607188,21.616033999999996],[112.59337619086182,21.615786763448778],[112.57993,21.615549999999995],[112.56910081386633,21.617304023106154],[112.567149,21.617621000000003],[112.56173899997933,21.62042427605702],[112.55592000000001,21.62343999999999],[112.55591966513906,21.62343965534781],[112.555919,21.62343999999999],[112.55421,21.62168],[112.54908,21.6164],[112.54589086075707,21.610741222440886],[112.539236,21.598944],[112.53695364573035,21.59713526202326],[112.53492,21.595529999999993],[112.53046363054649,21.59708879309665],[112.525401,21.59886300000002],[112.52299153264687,21.60194757618058],[112.5193,21.606680000000004],[112.5182402678245,21.616767450614038],[112.524262,21.626898999999998],[112.5338053378372,21.63266423550022],[112.55983,21.64837999999998],[112.56658069759747,21.658652800691776]],[[108.57245710100919,21.776483702020812],[108.574229,21.775295000000007],[108.57554285477755,21.773577136948074],[108.5774,21.77114],[108.5774,21.763210000000026],[108.57701852785101,21.761716809016804],[108.576345,21.759101],[108.57586687956096,21.759142514598626],[108.57260016025852,21.759429985897235],[108.569672,21.765774],[108.56956475265306,21.768210422856995],[108.56951,21.76948],[108.56690836690412,21.772316366909067],[108.565522,21.773830000000004],[108.56872469136808,21.776038074126962],[108.57089,21.77753000000001],[108.57245710100919,21.776483702020812]],[[117.27795858303463,23.732434625474806],[117.27192,23.72130999999999],[117.27623987644975,23.687740960088437],[117.27393896918272,23.685530676932686],[117.26796,23.679789999999997],[117.26489430769574,23.66245567947683],[117.26364900000002,23.655425000000005],[117.26365054580646,23.65542308614918],[117.26364999999998,23.655420000000007],[117.27912000000002,23.636269999999996],[117.25709,23.615619999999996],[117.24110513490618,23.6066709442525],[117.23896400000001,23.60547300000001],[117.23596400000001,23.62431100000001],[117.23568063514377,23.634626545047762],[117.23554000000001,23.63982],[117.2407671370048,23.650659431473127],[117.24409,23.65754800000001],[117.24408946131857,23.657548882944823],[117.24409,23.65755000000001],[117.23561000000001,23.671449999999986],[117.23190699175768,23.684401437993184],[117.22950300000001,23.69281600000001],[117.22950179204376,23.692813732246318],[117.22949999999999,23.692820000000008],[117.22519,23.684720000000002],[117.2232404943308,23.682408176130888],[117.20850700000001,23.66494399999999],[117.20946183512692,23.663575373630074],[117.21718,23.652510000000003],[117.22040992035927,23.6402003035224],[117.22039532969919,23.640072704639806],[117.22030697957716,23.639300061264965],[117.2192,23.629630000000002],[117.18588000000001,23.62104000000003],[117.17465,23.61636],[117.15082999999998,23.606870000000004],[117.14124285714449,23.592075714288224],[117.12846,23.57235400000001],[117.11058406463194,23.561229935377938],[117.09946,23.55431000000001],[117.08423,23.550609999999995],[117.07841000000002,23.564610000000002],[117.08046999999999,23.574350000000027],[117.08356,23.58895],[117.07600299999999,23.604626999999997],[117.07919,23.622488999999987],[117.07918994469735,23.622489690374586],[117.07919,23.622490000000003],[117.07909284476048,23.623701844743273],[117.07788100000002,23.638830000000002],[117.068413,23.651273000000014],[117.05779800000002,23.653964999999978],[117.0501022687771,23.654945263502327],[117.04444,23.65567],[117.04074509090813,23.65772272727328],[117.03427199999999,23.661321999999988],[117.03020492053406,23.660328150666327],[117.02345,23.65868],[117.02344864909115,23.658677158614765],[117.02344799999999,23.658676999999983],[117.018321,23.64789500000001],[117.00950199999998,23.644541999999994],[116.99595701610345,23.642122010745915],[116.98536,23.640229999999995],[116.98535876778678,23.64022849450146],[116.98535600000001,23.64022800000001],[116.97736731692851,23.63046466666622],[116.96507,23.615440000000003],[116.95983051060372,23.613776206709815],[116.95070499999999,23.610883],[116.92758200000002,23.624742],[116.91984866665359,23.634927441242713],[116.91757261857094,23.63792654955539],[116.94092899999998,23.658676999999997],[116.94092740216445,23.65867769241921],[116.94093,23.65868],[116.9275,23.664499999999993],[116.91651,23.662750000000003],[116.91043958859565,23.65621386920215],[116.90894600000001,23.654608000000017],[116.906098,23.641302999999994],[116.900727,23.634262999999997],[116.877452,23.618354],[116.87745018784383,23.618350128376083],[116.87745,23.618350000000014],[116.87207999999998,23.60687999999999],[116.87261828087097,23.604859000002595],[116.874278,23.598618999999992],[116.87638781655538,23.596438755408883],[116.87916,23.593570000000003],[116.88404,23.58662000000001],[116.88624,23.573069999999998],[116.88331,23.55963999999999],[116.88055140585148,23.55519657946371],[116.87549899999999,23.547065000000007],[116.86188738932991,23.532345637320528],[116.85499,23.52489],[116.8497,23.511300000000002],[116.85198000000385,23.504339999988247],[116.854259,23.497382000000005],[116.8542595951341,23.49738123590641],[116.85426000000001,23.49738],[116.85966563446925,23.49044041370153],[116.85966563459438,23.49044041354089],[116.8684840308222,23.479118461080837],[116.87261967127462,23.473808705952543],[116.87028683098934,23.464625338018173],[116.866628,23.45023299999999],[116.80217053123233,23.38067091155358],[116.7732219303397,23.34943208305578],[116.77259225381626,23.34945735207028],[116.76610771831335,23.34971757746466],[116.75293999999998,23.35025000000001],[116.74657000000002,23.349209999999996],[116.7376467586178,23.350419931034867],[116.73241,23.351131999999996],[116.7203910127643,23.3539150382369],[116.71299,23.35563],[116.70374931869767,23.357605879144717],[116.69288199999998,23.359931000000014],[116.680756,23.357001000000004],[116.657844,23.35445200000002],[116.64032121698276,23.361609680809956],[116.62192,23.369130000000006],[116.56894000000001,23.391019999999994],[116.5633222668599,23.396470266840517],[116.557872,23.40176],[116.55582640468641,23.407574238147294],[116.55348,23.414250000000003],[116.55334611066448,23.41434082551416],[116.54322400000001,23.421209999999974],[116.531749,23.422553],[116.523204,23.41852400000001],[116.52320353298748,23.418521665256087],[116.52320000000002,23.418520000000026],[116.52208762808743,23.412942902465762],[116.52173900000001,23.4112],[116.52203456170945,23.40440288767722],[116.52320000000002,23.377509999999997],[116.53321,23.36188],[116.54490244162302,23.34937123568099],[116.552257,23.341498],[116.57300899999998,23.323676000000024],[116.587983,23.31610699999999],[116.60330249998671,23.31937249999717],[116.60840999999999,23.32046],[116.61371900000086,23.320203112903183],[116.641889,23.318834999999996],[116.64896604749264,23.325652873384733],[116.66098000000001,23.337219999999995],[116.67667284242484,23.338132736373694],[116.69123999999998,23.33897699999999],[116.69878217541967,23.331006131545866],[116.70941,23.319770000000005],[116.71306399999295,23.319014784825917],[116.727074,23.316116000000005],[116.73011111414644,23.33074973169043],[116.74584157847036,23.32696150972043],[116.74863054369423,23.326289074440513],[116.76563000000002,23.29735],[116.76671083025086,23.288207666878268],[116.76671083027603,23.288207666665386],[116.76852799999999,23.272821000000004],[116.7744174027228,23.250560402758968],[116.77710999999998,23.240379999999988],[116.78618,23.235719999999997],[116.79427,23.23962],[116.80482,23.23612],[116.80279465336722,23.233817102271388],[116.78394861655659,23.212390974772664],[116.770307685268,23.22200235938991],[116.75416100000001,23.233385000000006],[116.731293,23.257717000000017],[116.73129241585207,23.25771742886581],[116.73129,23.257720000000013],[116.70558,23.276600000000006],[116.66724999999998,23.281319999999997],[116.667254764952,23.281316043814943],[116.667247,23.28131700000001],[116.67921,23.27138899999999],[116.685219091622,23.269231725126307],[116.69508,23.265690000000003],[116.70899,23.258529999999997],[116.71450365624693,23.245237666691132],[116.715099,23.243801000000023],[116.705502,23.238344],[116.68930800000001,23.229731000000008],[116.671166,23.214639],[116.66174800000002,23.193648000000003],[116.65897957199836,23.187987245164656],[116.64675071064329,23.162991452554902],[116.64240669859008,23.16344977394166],[116.63702000000002,23.16401999999999],[116.6293,23.17397000000002],[116.61522000000001,23.17835],[116.61418419190476,23.18710793603297],[116.613772,23.190607000000018],[116.61675400000001,23.20277000000002],[116.61769506945812,23.21540017825799],[116.61815000000001,23.22147999999999],[116.61151,23.238729999999993],[116.58858500000001,23.244934],[116.56997600000001,23.246973],[116.51685600000002,23.235175000000023],[116.51176557446752,23.234499680851002],[116.50888,23.234119999999997],[116.50900629498412,23.228655431662485],[116.50928799999998,23.216376000000007],[116.526988,23.200620999999998],[116.52698850466835,23.20062133143653],[116.52699000000001,23.200619999999994],[116.54143,23.210099999999997],[116.55316,23.216370000000005],[116.5639770900939,23.22296822501105],[116.574555,23.22410700000001],[116.60294900000001,23.217737999999983],[116.60339475349652,23.21539284928937],[116.6045,23.209560000000003],[116.6029220994475,23.202732950276186],[116.60149600000001,23.196581000000013],[116.569916,23.17769200000002],[116.55662649594161,23.160049305703158],[116.54512,23.144780000000008],[116.54030715384391,23.129821153839178],[116.533648,23.109134999999995],[116.53365057689406,23.10913179304907],[116.53365000000001,23.10913000000002],[116.54661158161794,23.093001791001775],[116.54661158171778,23.09300179087754],[116.55165599999998,23.086724],[116.54849600000001,23.06640200000001],[116.554846,23.036094000000013],[116.55917415704927,23.027173999988893],[116.5632486154188,23.018772854874562],[116.56235595301234,23.018034573555802],[116.5539925649099,23.01111758774693],[116.54785,23.00604],[116.53692001516973,23.002821328280383],[116.521936,22.998411000000008],[116.520273011738,22.98354161766303],[116.51846999999998,22.967460000000006],[116.50261666667468,22.948720000009498],[116.494688,22.93935199999998],[116.45850999999999,22.947420000000005],[116.42629,22.937430000000006],[116.40183086202,22.933002413968925],[116.37960699999998,22.928984000000014],[116.36928650776694,22.93250793788017],[116.35304,22.938060000000014],[116.33825000000002,22.951859999999996],[116.29849,22.963249999999988],[116.29421972470881,22.97035504976873],[116.28906400000001,22.97894300000002],[116.27765315428032,22.97672673142751],[116.26226,22.97374],[116.25084798691957,22.976502908429993],[116.234711,22.980414000000014],[116.21363399999998,22.982815],[116.20938181049492,22.979660073602506],[116.20102000000001,22.97346000000001],[116.2010235347753,22.973458622638514],[116.20102000000001,22.97345599999999],[116.21684213799915,22.967294741500485],[116.23486999999999,22.96027],[116.25228999999999,22.959049999999994],[116.26937937909993,22.966619724972883],[116.28145697232651,22.95785774555038],[116.24618000000001,22.931589999999996],[116.23359500000001,22.925300000000007],[116.221009,22.919010000000014],[116.21868214037437,22.91522407015924],[116.21456000000002,22.908519999999996],[116.20009,22.89656000000001],[116.17099,22.864470000000008],[116.15553774603028,22.854604968228696],[116.14491,22.847823],[116.129651,22.839135000000002],[116.11480499999735,22.833391286512335],[116.11356,22.832909999999995],[116.09569,22.825899999999997],[116.08467213359623,22.84976537849894],[116.091253,22.868409999999987],[116.123721,22.894729000000023],[116.12371940178834,22.894729515092983],[116.12372,22.89473000000001],[116.10580281250809,22.900503912504217],[116.08700731417255,22.90656157645095],[116.07482972188893,22.913709234714048],[116.042105,22.932918],[116.04210498048319,22.932917076697038],[116.04210000000002,22.932920000000014],[116.04188,22.92232],[116.07130000000001,22.89777],[116.08725,22.889689999999998],[116.08237969848284,22.88009018255605],[116.07617800000001,22.867871000000008],[116.06497499999064,22.861549999994722],[116.05377,22.85523],[116.05057450000568,22.853370013539685],[116.047862,22.851792999999983],[116.04129485805771,22.851228715050087],[116.03745,22.850899999999996],[116.03744608340973,22.850898007167018],[116.03744600000002,22.850897999999994],[116.03718091522724,22.850763084732016],[116.02611,22.845130000000008],[116.02321704792493,22.843696664555402],[116.01179600000002,22.838044000000014],[115.99671800000002,22.836684],[115.97021248610127,22.819835962937074],[115.96608,22.81721000000001],[115.96607909652755,22.817208603927924],[115.96607500000002,22.817205999999974],[115.96172634069221,22.810482598318675],[115.95801212325402,22.804743280914185],[115.95017489915097,22.80591636859842],[115.94957145161479,22.806006693548106],[115.93949,22.807519999999997],[115.936262626689,22.80672740270212],[115.933263,22.80599399999999],[115.92010199647777,22.79858639435961],[115.90374,22.789379999999994],[115.88349999999998,22.79462],[115.8834978118433,22.79461878970929],[115.883497,22.794618999999987],[115.87281097095595,22.788707794207987],[115.85488000000001,22.778790000000015],[115.85137399999253,22.776155242496525],[115.843212,22.770025000000008],[115.825956,22.746644000000007],[115.81002999999998,22.746091],[115.797812,22.754450000000002],[115.7957689547238,22.76794695472019],[115.79546,22.769990000000004],[115.79483105380808,22.772163526900183],[115.790484,22.7872],[115.78833045695234,22.79657341722421],[115.78804000000001,22.79783999999999],[115.79148963424953,22.79904761945032],[115.79501147391447,22.800278117409256],[115.79940853118433,22.7946618760782],[115.80000982276376,22.792257632930777],[115.80136,22.786850000000005],[115.80326726162909,22.783660077041425],[115.806488,22.77826599999999],[115.81163318705073,22.776817122302056],[115.81356999999998,22.776270000000007],[115.81470999999999,22.78611999999999],[115.81408323076755,22.790414648363267],[115.812755,22.799546999999993],[115.81152327248348,22.803346808052858],[115.80991,22.80834000000001],[115.80478,22.81509],[115.79843,22.819530000000004],[115.79038,22.821929999999995],[115.78506,22.825680000000013],[115.77634,22.832350000000016],[115.76323999999998,22.841490000000007],[115.7479205052566,22.84740401048494],[115.73687,22.851672999999995],[115.69704038938858,22.850671110412392],[115.70358000000002,22.86932],[115.70357995432043,22.869320020012907],[115.70358099999999,22.869322999999998],[115.6928538555317,22.874019284422694],[115.68427,22.87778000000002],[115.68247,22.888169999999995],[115.69264000000001,22.90009],[115.69749447159857,22.902914349397744],[115.70517,22.907375000000002],[115.713878,22.904526999999995],[115.72128300000001,22.904526999999995],[115.72754999999998,22.922756],[115.73373499999998,22.931871000000005],[115.73098140995914,22.93377224999896],[115.73032000000002,22.934230000000028],[115.73031870352919,22.934229823777375],[115.73031700000001,22.934231000000004],[115.691987,22.929023000000008],[115.68311600000001,22.92426199999999],[115.66659600000001,22.904526999999995],[115.653331,22.893744000000005],[115.64358561987972,22.890666880120133],[115.63940999999998,22.88935000000001],[115.58399000000001,22.88032],[115.58038569407272,22.878511938338093],[115.577891,22.877265000000005],[115.57406700000001,22.871731000000022],[115.56915353454356,22.861773079278457],[115.56495,22.853260000000006],[115.56272512879343,22.85125812271847],[115.560557,22.849311],[115.53988870971632,22.85293170048946],[115.53297064192235,22.862049153998303],[115.536632,22.874335000000006],[115.54193693462045,22.88096590959921],[115.54689,22.88715000000001],[115.54762,22.895409999999984],[115.5476177747759,22.89541045822896],[115.54761800000001,22.895413000000012],[115.53378300000001,22.898261000000005],[115.50562599999999,22.897773],[115.49634900000001,22.90306199999999],[115.468272,22.926499999999987],[115.450938,22.931871000000005],[115.442393,22.929673999999988],[115.44239141192016,22.929670363301106],[115.44239,22.929670000000005],[115.43832000000002,22.920360000000006],[115.43028560115178,22.918225399567998],[115.43025673726007,22.91821774911157],[115.4301898303029,22.91820001523266],[115.42383999999998,22.91876999999999],[115.4189697256728,22.920480882002714],[115.406016,22.925035],[115.41854900000001,22.90770100000001],[115.41854967202981,22.9077004536092],[115.41854999999998,22.9077],[115.41955140396671,22.90688599999033],[115.42725699999998,22.90062099999998],[115.42725976009743,22.900620195006933],[115.42726,22.900620000000007],[115.43702000000002,22.89776999999999],[115.44614,22.899970000000014],[115.44850678272961,22.902464440913523],[115.455414,22.909735000000016],[115.46114121393279,22.91122007458789],[115.4642,22.91200999999999],[115.483,22.90184000000001],[115.49609999999998,22.88032],[115.49415000000002,22.860790000000012],[115.46802999999998,22.856760000000005],[115.46802999999998,22.85675730838725],[115.468028,22.856757],[115.468028,22.849311],[115.46802999999998,22.849310653875236],[115.46802999999998,22.84931],[115.47494799999599,22.84811340831828],[115.47860799999998,22.84748],[115.47860943698313,22.847480097383826],[115.47861000000002,22.847479999999983],[115.50562999999998,22.84931],[115.50603754780464,22.849224808809755],[115.51514700000001,22.847316999999997],[115.52763559137357,22.839936930199602],[115.53037,22.838320000000014],[115.53758611563556,22.836776884363033],[115.54005000000001,22.836249],[115.55941800000001,22.836086000000016],[115.565929,22.837958000000008],[115.577891,22.843166000000007],[115.586925,22.849351000000006],[115.59335400000002,22.856391000000002],[115.59512443087658,22.857733672484482],[115.60059999999999,22.86187999999998],[115.6120664557722,22.86358947161033],[115.59131900000001,22.84748000000001],[115.58757990789013,22.843211092129994],[115.55624,22.807439999999986],[115.54711382130003,22.797642701036615],[115.538966,22.788903999999985],[115.527017,22.76704200000001],[115.523936,22.741767000000003],[115.555588,22.71437000000002],[115.55558855853657,22.71437124790199],[115.55559000000001,22.71437000000002],[115.56005356048671,22.72434711207216],[115.56575300000002,22.73708099999999],[115.56732083150737,22.74727990393821],[115.58619000000002,22.745099999999997],[115.58892620426577,22.73957860571432],[115.590099,22.737209],[115.58557827727721,22.730388096587788],[115.58090203703638,22.723333073267934],[115.56251099999999,22.70563399999999],[115.56251123177884,22.705631185562012],[115.56251000000002,22.70563],[115.56422,22.684880000000017],[115.56715164526638,22.680471871572184],[115.56989486920068,22.676345188854054],[115.57521635463748,22.668339979468016],[115.55298239295918,22.66821474978114],[115.536156,22.668122999999998],[115.522096,22.676503],[115.50823364155897,22.681475021517663],[115.49119000000002,22.68759],[115.48247772397544,22.69203038641526],[115.46481799999998,22.701033999999993],[115.44387825845286,22.700690958250547],[115.43826000000001,22.700599999999998],[115.42126000000002,22.690240000000006],[115.40580993252631,22.68991907871716],[115.39429800000002,22.689682999999995],[115.38540299999646,22.691605757576543],[115.37351000000001,22.694180000000003],[115.36127,22.704140000000002],[115.34821,22.717370000000017],[115.3399415706845,22.73072342845303],[115.338471,22.7331],[115.34033702959492,22.735208627200155],[115.35068,22.74689],[115.35840999999999,22.74867999999999],[115.38893000000002,22.74689],[115.3928216108483,22.74773875039383],[115.39755300000002,22.748765000000006],[115.40976000000002,22.757880000000007],[115.42413000000002,22.761989999999994],[115.42412963455527,22.761992036939105],[115.424133,22.761992999999997],[115.422373,22.771797000000014],[115.41987463718057,22.775482672548016],[115.41121,22.78827],[115.40388837991301,22.786695426517145],[115.386241,22.78290400000002],[115.37476700000002,22.77328500000001],[115.36399400000002,22.763645000000015],[115.33057,22.788539999999994],[115.28914400000001,22.791553000000008],[115.2523942783381,22.788103278341236],[115.25108012127252,22.787980011375286],[115.25085100000082,22.787982977388346],[115.23339096403137,22.788209987465965],[115.23329897139705,22.790735509610972],[115.2332392733437,22.792374431648852],[115.23276999999999,22.80534],[115.25856000000002,22.820460000000004],[115.30303999999998,22.83861],[115.32016,22.85053],[115.3248,22.859560000000002],[115.3247969943524,22.85956109419692],[115.324799,22.85956499999999],[115.313731,22.863593000000005],[115.31062251656981,22.867757344368098],[115.30942,22.869370000000007],[115.31056000000001,22.88247000000001],[115.31715000000001,22.904529999999998],[115.30867667517309,22.903571593970888],[115.303803,22.903022],[115.292247,22.895331000000002],[115.272227,22.873847000000012],[115.26828113902653,22.86754346527579],[115.25595,22.847849999999998],[115.25211863332221,22.843213786691937],[115.245616,22.83535400000001],[115.231456,22.830063999999993],[115.217294,22.834890999999992],[115.21403452720612,22.834432581595223],[115.19601000000002,22.83190000000003],[115.18187463470912,22.825337808311],[115.172944,22.821194000000002],[115.17294420928067,22.821191954113406],[115.17294000000001,22.821190000000005],[115.17383963315345,22.8124384666025],[115.174407,22.80689200000001],[115.18026993169669,22.78481002362676],[115.15827196067939,22.79241932178319],[115.15665961011945,22.796021221301846],[115.15497000001167,22.79979571425962],[115.15057,22.80963000000002],[115.15056768388865,22.809630238288452],[115.15056600000001,22.80963399999999],[115.13287799999999,22.81145400000001],[115.11450176763593,22.803395449529408],[115.11166093756711,22.802150410903565],[115.1111902272048,22.802059864009983],[115.10107999999998,22.80012],[115.08503195688101,22.798253738805816],[115.065475,22.795984999999995],[115.050304,22.781683999999984],[115.05030325758185,22.781683068736516],[115.05029999999998,22.781680000000033],[115.04566000000001,22.775860000000012],[115.04379028217002,22.77010950714933],[115.041026,22.761623000000014],[115.03777731416973,22.755787342908906],[115.03663,22.753730000000004],[115.03201670351231,22.750432944747953],[115.02233,22.743513000000014],[115.01782800000001,22.737044],[115.01860786781853,22.735090754760627],[115.02208,22.726390000000002],[115.03078999999998,22.717319999999997],[115.0289,22.708380000000005],[115.01828000000002,22.70687],[115.00851,22.703720000000004],[115.00456815452175,22.703104845469518],[114.998772,22.702201],[114.99877088152257,22.702200137568212],[114.99877,22.7022],[114.9943755497864,22.69881099999527],[114.992521,22.697381],[114.99252035219111,22.697380271609774],[114.99252000000001,22.69738],[114.98534,22.689309999999992],[114.98404948272284,22.689125293195755],[114.98002999999999,22.688554],[114.97650552674321,22.690233870347306],[114.97125999999999,22.69274000000001],[114.96337870791496,22.69507954292192],[114.96238826184057,22.69537425763844],[114.95983778798343,22.69613317041445],[114.95755292037735,22.69940800000072],[114.95512223826866,22.702895193500332],[114.95467051137221,22.703543266356604],[114.95492908858947,22.705194911409105],[114.956584,22.715739999999993],[114.95237,22.728833],[114.945811,22.742254999999997],[114.941661,22.753852000000023],[114.93669666667367,22.7562933333299],[114.92677,22.76118000000002],[114.91675999999998,22.744050000000005],[114.90894491544007,22.746838238960212],[114.90311000000001,22.748923999999988],[114.89514403409545,22.75732820458106],[114.88906,22.763750000000016],[114.87672,22.767959999999988],[114.86251999999999,22.763220000000004],[114.86440191256004,22.760856834991372],[114.870379,22.753348],[114.87447881602412,22.75127027002431],[114.88187000000002,22.74752],[114.88530476000312,22.738479079991784],[114.886217,22.736074999999992],[114.88175572518728,22.73251736546463],[114.87814,22.729639999999996],[114.87949680960011,22.72537648675661],[114.88073599999998,22.721469999999997],[114.885885588717,22.71753794353448],[114.89045,22.714050000000007],[114.90286000000002,22.713930000000005],[114.90999624396053,22.723614902517884],[114.926726,22.716930000000012],[114.93394135733632,22.711820238230267],[114.93722999999999,22.709489999999995],[114.93914900001559,22.706820439724627],[114.946689,22.696328999999995],[114.94892347855831,22.69333646427841],[114.9553,22.684790000000003],[114.96203233145145,22.679858106703712],[114.96612247779754,22.676858473464808],[114.96662741590309,22.676488161745652],[114.96074095704995,22.672300699360022],[114.95045,22.664984000000022],[114.93873099999999,22.657294],[114.924897,22.638658000000003],[114.901938,22.598056999999994],[114.90342663636018,22.58914018183892],[114.90521,22.578440000000004],[114.91041157964833,22.571978224563402],[114.91911659260755,22.561157992361423],[114.9096346945173,22.555571249814957],[114.895966,22.54752399999999],[114.89057343508249,22.54900810387022],[114.88364,22.550920000000016],[114.88330727126888,22.55171447472534],[114.88021500000002,22.55911300000001],[114.889234,22.572894000000005],[114.88682,22.590872000000005],[114.865816,22.601744999999998],[114.84491477351135,22.60195160395968],[114.83223,22.602079999999976],[114.81042307220503,22.59399428519963],[114.8064190953014,22.592510147322827],[114.79471392890386,22.59441623855009],[114.774609,22.59769300000002],[114.75414740042402,22.58971493593546],[114.74378,22.60940000000002],[114.74278429886083,22.621025134079325],[114.742242,22.627379999999974],[114.74248299999998,22.646964],[114.7384007460341,22.66487465608473],[114.73745077468028,22.669046597875248],[114.74027008582496,22.671222458581664],[114.74371999999721,22.673884999997874],[114.74999,22.678720000000002],[114.75377999999999,22.693389999999997],[114.73887999999998,22.710649999999994],[114.740415,22.721650000000018],[114.74195074899087,22.732651201918394],[114.75255,22.749659999999977],[114.77855,22.76245000000002],[114.79542,22.769920000000003],[114.80201,22.773379999999978],[114.80786899999515,22.774146939447277],[114.81324300000001,22.774848000000002],[114.81639311443168,22.77790995423255],[114.81763999999998,22.77912],[114.819445,22.78483999999999],[114.821252,22.790560000000003],[114.816954,22.800388999999985],[114.807279,22.805383],[114.80444532878298,22.806461100486853],[114.79847,22.808740000000004],[114.79274000000001,22.81094000000001],[114.78869328182847,22.813434969098235],[114.78476,22.815863000000004],[114.77523800000002,22.815822999999998],[114.76978600000001,22.810452000000012],[114.76358861400779,22.79406243565224],[114.76246036868412,22.791080974271633],[114.754893,22.781683999999984],[114.734141,22.775783999999984],[114.716732,22.790802999999975],[114.69548100000002,22.792642000000004],[114.683812,22.78133299999999],[114.67628000908645,22.778581687849343],[114.66422000000001,22.774180000000012],[114.64548,22.76701000000001],[114.64082497718069,22.759782305271425],[114.637787,22.755072000000006],[114.62707194655717,22.75246726725527],[114.6172,22.75007],[114.60649992025485,22.743051039839543],[114.60254820503293,22.740459446093464],[114.59510169062342,22.738161535949825],[114.579378,22.733311],[114.563324,22.732733],[114.56332431900942,22.732730155979148],[114.56332,22.732730000000004],[114.5641443387877,22.72541954643958],[114.564986,22.717916],[114.571096,22.702353999999993],[114.56028533998487,22.69784197007897],[114.55234,22.694529999999993],[114.54225000000001,22.695300000000017],[114.53402877744273,22.698859444362053],[114.532481,22.69953],[114.522065,22.705959000000007],[114.52206520221307,22.705956789805168],[114.52206000000001,22.70596],[114.52377968044304,22.687213483542408],[114.51932666666535,22.68001666666455],[114.5171,22.676420000000007],[114.51307959156779,22.671838102117977],[114.505926,22.66368900000001],[114.499576,22.653114000000002],[114.49958009614521,22.653110160191563],[114.49958,22.653110000000012],[114.50661,22.646519999999995],[114.52225760829302,22.645486041430814],[114.534906,22.644647999999993],[114.5347385472341,22.644661329211026],[114.53491,22.644650000000016],[114.52997083803604,22.645040838033665],[114.52972400465282,22.645060485928024],[114.52349001585239,22.645556710351887],[114.54822,22.64454000000001],[114.56251,22.648340000000008],[114.56466472475974,22.649565825724565],[114.573253,22.654446],[114.58253,22.655259999999995],[114.59034000000001,22.64387],[114.5818242611184,22.638514949072086],[114.57764700000001,22.635890999999987],[114.56753601919024,22.619546000003307],[114.56088000000001,22.60878999999999],[114.5590506317291,22.608037184124463],[114.546641,22.602932],[114.529145,22.598333999999987],[114.513927,22.587348000000002],[114.502208,22.573920000000005],[114.4998159999966,22.56973399999406],[114.49537,22.56196],[114.49559785220728,22.561581042212133],[114.502045,22.550849000000003],[114.509288,22.549547000000008],[114.51331000000403,22.551022942504307],[114.51816000000001,22.5528],[114.52955,22.555120000000002],[114.52955006771491,22.55512060672552],[114.529552,22.555120999999986],[114.52963176197835,22.555852587326],[114.5298,22.55736],[114.53248,22.56232],[114.5339993098959,22.563921169265278],[114.53712,22.567206],[114.54150826163587,22.568785457865978],[114.54322,22.569400000000016],[114.54721,22.567079999999997],[114.55187719525692,22.561062585771808],[114.554779,22.55731799999999],[114.559906,22.555120999999996],[114.56308522788622,22.55421561602618],[114.57276,22.551460000000002],[114.58079421134182,22.54771514088599],[114.59327200000001,22.541897000000017],[114.597520509153,22.53883805484828],[114.61158,22.528709999999975],[114.61419857142846,22.522470000000332],[114.61768595186132,22.514146114900306],[114.60750999999999,22.504380000000005],[114.60377830733265,22.50272752752917],[114.587657,22.495592],[114.57180422259567,22.485130555477582],[114.57053127039667,22.48429083803168],[114.542162,22.477993],[114.53777101109729,22.474581417745718],[114.52967,22.468290000000003],[114.52722431671887,22.465526466184116],[114.51581600000002,22.45264300000001],[114.501557,22.452094],[114.50132803758275,22.452384661660343],[114.4922,22.463980000000014],[114.49114,22.464630000000017],[114.48512,22.46833000000001],[114.48447,22.474350000000005],[114.48325,22.48456],[114.48324622585028,22.48456311070053],[114.48324600000001,22.484564999999996],[114.477224,22.48952899999998],[114.47682054661465,22.489891810661018],[114.47698,22.490420000000004],[114.47771482417332,22.49267546978119],[114.480154,22.500148999999986],[114.47756867273337,22.506555004554603],[114.47641117255132,22.509427090567833],[114.4794081135998,22.51221448879786],[114.48455,22.516990000000003],[114.4865476481062,22.521026231624397],[114.48699,22.521918000000007],[114.4869897699449,22.52191953517552],[114.48699,22.52192],[114.48512,22.534410000000012],[114.48393779714193,22.535459898567083],[114.479584,22.539333000000003],[114.479584,22.54621],[114.471202,22.551703000000018],[114.462169,22.561753999999997],[114.45574,22.570501999999994],[114.446951,22.571560000000016],[114.445323,22.571763],[114.4403594689245,22.568671292085913],[114.43678,22.57738],[114.43735,22.579370000000004],[114.43849,22.582950000000004],[114.43767825313166,22.584160186723125],[114.433035,22.59109099999999],[114.42669741965321,22.59879100000793],[114.42433,22.601669999999995],[114.42432707667793,22.60167090683826],[114.424327,22.601671],[114.4142370156309,22.604803684672316],[114.4127118050845,22.606686796610457],[114.408702,22.611639999999998],[114.39576300000002,22.613511000000006],[114.3956,22.613511000000006],[114.3896299071093,22.61228586064274],[114.38014,22.610339999999997],[114.37550133332715,22.609018755096802],[114.360688,22.604804000000012],[114.35009129271434,22.601215219415373],[114.34026,22.59788999999999],[114.32911,22.605010000000004],[114.32896566176443,22.60510770588255],[114.328461,22.605454999999992],[114.32826947058773,22.605129352940303],[114.32805000000002,22.604760000000006],[114.3245502536278,22.598540450732823],[114.317149,22.602362],[114.316905,22.6022],[114.305349,22.59418399999998],[114.30713907183903,22.585439534048227],[114.30477798196873,22.584254228851222],[114.302175,22.58295300000001],[114.29160899999987,22.584990088983076],[114.27622,22.58795999999999],[114.27621688620454,22.587957636346164],[114.276215,22.587958],[114.269623,22.58295300000001],[114.249685,22.570502000000012],[114.238292,22.559922999999994],[114.229828,22.555813],[114.22983766658949,22.55581372454879],[114.22983,22.555809999999994],[114.23346835579189,22.55608585894324],[114.23470905926094,22.55617885453401],[114.22763710522328,22.547567877121015],[114.227224,22.547064999999996],[114.22217930843117,22.541449343339835],[114.21485105316091,22.534490999999996],[114.209972,22.534490999999996],[114.20997193962718,22.53449000000001],[114.20997,22.534489999999995],[114.20932,22.523709999999998],[114.20932113923541,22.523710306260295],[114.209321,22.523708],[114.217947,22.526027999999997],[114.21794724079324,22.52602925824338],[114.21795,22.52603],[114.21868,22.529850000000007],[114.2236246093146,22.53115787447743],[114.230398,22.532945000000005],[114.23430400000001,22.53693299999999],[114.23716350277805,22.54183939042179],[114.24203933355109,22.550198857393145],[114.24448074484475,22.550681890648846],[114.24594,22.550969999999996],[114.24903000000002,22.547839999999997],[114.24903130083987,22.547840734951038],[114.24903400000001,22.547838],[114.25272333333334,22.54992666666666],[114.25456934958007,22.55096963252446],[114.257659315571,22.547838693504538],[114.25576421032231,22.544221157745106],[114.253266,22.539455000000004],[114.25920700000002,22.540797999999995],[114.26494328692766,22.535860278448006],[114.26563596248263,22.535263478669734],[114.265147,22.52846899999999],[114.27003,22.525580000000016],[114.27800712502268,22.52984846163496],[114.279796,22.526027999999986],[114.279796,22.519720999999997],[114.27768,22.511663999999996],[114.27768103437582,22.511663932579754],[114.27768,22.511659999999996],[114.28133564732748,22.511425726205985],[114.285167,22.511176000000003],[114.28923600000002,22.505193999999992],[114.28923785001089,22.5051931642346],[114.28924,22.50519000000001],[114.29851000000001,22.501],[114.30734840925066,22.503448818517455],[114.326589,22.508775000000007],[114.3327710687267,22.511947495737843],[114.33513,22.506419999999995],[114.31792088612185,22.493561247533325],[114.316335,22.492377000000005],[114.31294451866772,22.48946691977359],[114.30543,22.483019999999996],[114.29363,22.478259999999985],[114.28045,22.47289000000002],[114.27676605231345,22.47041936614196],[114.268728,22.465033],[114.26579954572088,22.460640634215537],[114.26409,22.45807999999999],[114.25375,22.451770000000003],[114.245940365694,22.451770000000003],[114.231212,22.469794000000025],[114.217133,22.467352999999992],[114.21322750705491,22.46969004232461],[114.21176,22.47057],[114.20932,22.46581000000001],[114.20952657015724,22.464731526357006],[114.210948,22.457301999999995],[114.2109497881333,22.457301106126067],[114.21095,22.457300000000014],[114.2155873700335,22.45498131498325],[114.21570314501629,22.45445411195684],[114.21619090625042,22.452232999998163],[114.217129162397,22.4479438290423],[114.209972,22.449489999999994],[114.209321,22.454088000000006],[114.20932022059769,22.454088438847197],[114.20932,22.45409],[114.20224000000002,22.45807999999999],[114.1906,22.456529999999987],[114.18772339416628,22.453019065700392],[114.18669838575012,22.451769689082532],[114.16749000000002,22.44807000000001],[114.16749711437699,22.44806617887837],[114.167491,22.448065],[114.17168537608092,22.44581666954679],[114.17652,22.443219999999993],[114.18751000000002,22.436140000000005],[114.19317000967085,22.432588009679026],[114.200206,22.428167999999996],[114.20920861646941,22.422272205482813],[114.21176,22.420600000000007],[114.20997,22.412749999999996],[114.20997246594374,22.41274804442577],[114.209972,22.412745999999988],[114.21176135781056,22.411329394523197],[114.21485,22.408879999999982],[114.20932,22.39867],[114.2093224348637,22.398670648520305],[114.209321,22.398668000000008],[114.215587,22.40033599999998],[114.21558898328813,22.400339729201136],[114.21559,22.400339999999993],[114.2182820244782,22.40540348778287],[114.223399,22.415025000000007],[114.234223,22.424750000000003],[114.23821,22.435369999999995],[114.24383000000002,22.43553],[114.2461299156491,22.43408691567114],[114.251475,22.43073199999999],[114.25147681250002,22.430731999999995],[114.25148,22.430729999999983],[114.26718,22.430729999999997],[114.26937890598617,22.425522590823686],[114.26860730547655,22.422164355014445],[114.26830573760942,22.420851841611896],[114.26718,22.41595999999999],[114.27255,22.409650000000013],[114.27255199129348,22.40965518449302],[114.27255300000002,22.409654000000003],[114.276459,22.419826999999998],[114.28892453293243,22.425977710576408],[114.28899,22.426010000000005],[114.2889899931757,22.42601000979803],[114.288992,22.426011000000013],[114.28377869328328,22.43349215545363],[114.27646149425333,22.443997854619546],[114.28248766253884,22.448478654288653],[114.28899,22.453309999999988],[114.30161,22.456529999999987],[114.30108382829776,22.46198421886473],[114.30088965680967,22.464012762273406],[114.30079215232591,22.46503140862462],[114.30972261958847,22.470876097874463],[114.32374060636563,22.480047742454147],[114.32504,22.475209999999997],[114.32504202973952,22.475209608295884],[114.325043,22.475206],[114.3307384382961,22.47410730126604],[114.32504,22.464259999999992],[114.3277788166969,22.463612549899054],[114.33570032695486,22.461737869251753],[114.33806,22.446359999999984],[114.33277,22.440010000000004],[114.33741000000002,22.431589999999986],[114.33741049026384,22.43159055691049],[114.337413,22.431586000000017],[114.34278108051392,22.43768668208099],[114.34484326440781,22.4313543627228],[114.347585,22.422919000000007],[114.3478917415995,22.42296922479485],[114.35231000000002,22.423690000000033],[114.35187778433426,22.43379450137461],[114.35157300000002,22.440984999999994],[114.35987365614957,22.46116716396419],[114.36784888054154,22.454980868351864],[114.36783673554461,22.45476414984102],[114.3676162157599,22.4508291369612],[114.36736,22.446279999999998],[114.36736113969086,22.446277492680135],[114.367361,22.446275000000004],[114.37020900000002,22.440009],[114.385753,22.439236],[114.39312233371201,22.437607554678056],[114.39974914218952,22.43614018994373],[114.39739,22.428412000000005],[114.3973902744924,22.42841089907891],[114.39739,22.42841],[114.39774476097568,22.426989141463192],[114.40129440088535,22.412752413653443],[114.395315,22.415330000000015],[114.389334,22.41791400000002],[114.381765,22.419053],[114.37196968111661,22.401187308055984],[114.37021,22.39798],[114.37021168615645,22.39798089928344],[114.37020900000002,22.397975999999982],[114.37501082413418,22.40053890613409],[114.3755856393519,22.39977595904751],[114.38493900000002,22.387356000000015],[114.38848323941,22.371555675881726],[114.3897393605359,22.36595285227633],[114.38656988964047,22.365220667540626],[114.38620928233819,22.367401901954437],[114.385753,22.370185],[114.376394,22.370632000000025],[114.37639480759493,22.370629768865623],[114.37639,22.37063],[114.37805225557875,22.3660507539863],[114.379487,22.362087000000002],[114.37558,22.353460999999996],[114.37020900000002,22.348822],[114.36085,22.345770999999996],[114.35759548866334,22.33242600374482],[114.35231000000002,22.33946],[114.35231000000002,22.351910000000018],[114.352306,22.35190762475822],[114.352306,22.35191500000001],[114.34197,22.345770999999996],[114.339041,22.35268800000002],[114.33904070636301,22.35268833172968],[114.33904,22.352689999999996],[114.33742999152479,22.354508000000703],[114.332774,22.359768000000013],[114.334321,22.375312],[114.320404,22.380764000000013],[114.31861400000001,22.389390000000006],[114.3186104797874,22.389387686835153],[114.31861,22.389390000000006],[114.31007,22.383779999999987],[114.30006000000002,22.38158],[114.28598,22.390980000000003],[114.27801,22.390979999999978],[114.27800777990431,22.390976999999992],[114.278005,22.390977],[114.268728,22.378445000000003],[114.273367,22.36363400000002],[114.279796,22.355007000000015],[114.27645962814378,22.348050309746625],[114.27159907485027,22.352099024936138],[114.267182,22.355780000000003],[114.26674914352792,22.361189642371745],[114.26637,22.365949999999987],[114.2663683056268,22.365949180415967],[114.266368,22.36595300000001],[114.26260961208655,22.36413106549551],[114.25839,22.36209],[114.25554,22.35590000000002],[114.26328058244127,22.348687527471863],[114.265798,22.34634000000001],[114.26946602223441,22.332419977797343],[114.27255,22.320710000000002],[114.27255184027511,22.32070940111736],[114.27255300000002,22.320704999999997],[114.27654609036506,22.319409548178605],[114.27719000000002,22.319200000000002],[114.27817418604457,22.319015465116635],[114.29127,22.316555000000022],[114.2913343007606,22.315655026332305],[114.29208,22.30515999999999],[114.29599000000002,22.30516],[114.29928892267047,22.3058080773307],[114.303881973587,22.30670760313725],[114.30610895081304,22.304003005472534],[114.311615,22.297309000000002],[114.3093869804028,22.29485180195601],[114.30567,22.29076],[114.29960950649823,22.28685908009232],[114.297699,22.285631],[114.2940429620375,22.28681496202136],[114.29054000000001,22.28795],[114.29053921074126,22.28794960791663],[114.29053800000001,22.28795],[114.29023000000043,22.28779600000022],[114.28899,22.28717999999999],[114.28972,22.28168000000001],[114.28956,22.273910000000004],[114.30006000000002,22.277040000000007],[114.30315,22.269190000000012],[114.30315,22.26215079763573],[114.30271866054896,22.261891484060005],[114.30223433656874,22.261600317131453],[114.29672,22.25828999999999],[114.29602929596948,22.258852928252566],[114.288992,22.26459399999999],[114.278331,22.270452999999993],[114.27847425293315,22.271324349411177],[114.2798,22.27936],[114.27337,22.295760000000005],[114.26482214962913,22.301948443718814],[114.26498826638738,22.30355124595388],[114.26511541484658,22.30477805676301],[114.26564,22.309800000000003],[114.26637,22.31599],[114.26056620404547,22.31938760538797],[114.255544,22.322333],[114.25554288840041,22.32232830909894],[114.25554,22.32233],[114.25401613065627,22.315885458957656],[114.251475,22.305162000000013],[114.25250758723496,22.29888771428015],[114.25301999998001,22.29576000012207],[114.238943,22.281683999999995],[114.23266528409583,22.2875835681982],[114.22812,22.291859999999996],[114.22075874359507,22.300278649592684],[114.211762,22.310574000000003],[114.211765315274,22.31056392122394],[114.21176,22.310570000000006],[114.21484868510638,22.301173999999993],[114.212494,22.301174],[114.19553078409177,22.318218999992443],[114.19549,22.318260000000006],[114.19548999067149,22.31825999008845],[114.195486,22.31826400000001],[114.18771189472783,22.309995763148322],[114.18653,22.30874],[114.18919116000961,22.305044851438616],[114.191417,22.30194700000001],[114.191417,22.29890118369988],[114.18369,22.301950000000005],[114.18368887939798,22.30194586366015],[114.183686,22.30194700000001],[114.18213699904722,22.29621759942425],[114.18165,22.29441999999999],[114.17846213965828,22.292344472993893],[114.176524,22.291083000000008],[114.17188701265596,22.288723515279838],[114.16725,22.29418],[114.16762243286433,22.29852249040789],[114.168224,22.305487000000017],[114.165701,22.310574],[114.1653831446985,22.31238507234441],[114.16489000000001,22.31521000000001],[114.16488735101336,22.31521000000001],[114.164887,22.315212000000002],[114.15952000000001,22.315212000000002],[114.15952000000001,22.32225],[114.15219,22.328519999999994],[114.15057608356287,22.329382292496415],[114.138194,22.336004999999997],[114.12436,22.342231],[114.12354627131919,22.337145695578243],[114.11897166381075,22.344133431016022],[114.113373,22.35268800000002],[114.111013,22.36595300000001],[114.10678395211295,22.368623761689058],[114.10483,22.369859999999992],[114.1048285536616,22.369858650347275],[114.104828,22.36985899999999],[114.10085979179631,22.36615519452752],[114.09750332939801,22.363023106832518],[114.07911200000001,22.36595300000001],[114.07911116176196,22.365949814901445],[114.07911000000001,22.36595],[114.0788045981876,22.364784948641596],[114.078298,22.362860000000005],[114.070404,22.362859999999987],[114.0704,22.362860000000005],[114.06861528769055,22.360681187180564],[114.067231,22.358995000000007],[114.057953,22.36131399999999],[114.050222,22.358995000000007],[114.04302505785525,22.35621789257153],[114.03989,22.355009999999975],[114.02052,22.350370000000026],[114.01853552491288,22.351476864263397],[114.014985,22.353460999999996],[114.014985,22.358994999999993],[113.998627,22.358994999999986],[113.991873,22.364080999999995],[113.98887256597942,22.36495737731397],[113.98268,22.366770000000013],[113.97674,22.37922],[113.97405800130431,22.379759200782157],[113.972911,22.379990999999993],[113.97063200000001,22.38707099999999],[113.9706302518806,22.38706921784445],[113.97063000000001,22.38707000000001],[113.96982872984877,22.386252090053297],[113.964366,22.380683000000005],[113.97461580300153,22.37205953106162],[113.95493,22.369860000000006],[113.9549291580804,22.369859352305415],[113.954926,22.36985899999999],[113.95257706867383,22.368049873623338],[113.94483,22.36209000000001],[113.93067,22.369090000000014],[113.92595,22.369090000000014],[113.91440055397949,22.376129662336314],[113.918305,22.387844],[113.910574,22.398667999999997],[113.896983,22.408759000000003],[113.909434,22.418605999999997],[113.930675,22.419826999999998],[113.9364614386626,22.42372269813394],[113.94101,22.426780000000008],[113.9487469365376,22.440192658684623],[113.954112,22.449490000000004],[113.97755,22.458848000000014],[113.98267401291571,22.46606931610989],[113.99863,22.48855000000002],[114.00489,22.488550000000004],[114.0120972763039,22.486301182329733],[114.012706,22.486111],[114.011729,22.480047999999982],[114.0113163036148,22.474853392775376],[114.01116,22.47289000000002],[114.01116033389916,22.472890202786925],[114.01116,22.472886000000003],[114.014985,22.475206],[114.026785,22.478258000000004],[114.029877,22.478258000000004],[114.02987777552045,22.47826],[114.02988,22.47826000000001],[114.03035823039275,22.4794990514721],[114.031423,22.482245000000002],[114.03074522176571,22.486756852157402],[114.03061,22.487660000000005],[114.03061,22.495510000000014],[114.04225,22.501],[114.05296659148986,22.503641605672982],[114.057953,22.504868999999992],[114.06177800000002,22.508775000000007],[114.06340868644507,22.511670000007793],[114.06576742283087,22.515855426978092],[114.06879798706643,22.51676487064987],[114.0735,22.518170000000012],[114.0783,22.519720000000003],[114.08072364621052,22.520834877256835],[114.085297,22.522934999999993],[114.08529563612284,22.522937992616477],[114.0853,22.52294],[114.08237,22.529360000000004],[114.08236905857368,22.529359483081887],[114.082367,22.52936399999998],[114.07911200000001,22.527574000000023],[114.07911239972424,22.527571317639982],[114.07911000000001,22.527570000000004],[114.07968,22.523750000000017],[114.06723,22.52192000000001],[114.06373558674444,22.519960107241193],[114.058442,22.516995],[114.05844051167867,22.516990286982452],[114.05844,22.516989999999993],[114.05807771428948,22.515841428583332],[114.055268,22.506943999999997],[114.042003,22.506781000000004],[114.0407653381023,22.508219805720696],[114.03875,22.51057000000001],[114.0381,22.511379999999996],[114.03582,22.51382],[114.03549,22.514149999999983],[114.03541,22.514229999999998],[114.01857,22.522569999999988],[113.99928,22.53063],[113.98748,22.531849999999995],[113.98439,22.53371999999999],[113.97063000000001,22.53371999999999],[113.96636059409457,22.53646417158489],[113.963796,22.53811300000001],[113.960297,22.52846899999999],[113.951939,22.523841],[113.95025694351298,22.516842028290807],[113.9489,22.511200000000017],[113.9488839497133,22.509023179866833],[113.948816,22.500348000000006],[113.94775840451649,22.490409801231575],[113.9358,22.48892000000002],[113.92506,22.487049999999993],[113.92111036030983,22.487704904431727],[113.915294,22.488674],[113.91481653810284,22.488404152410702],[113.91342,22.48762000000003],[113.91033,22.485829999999993],[113.91013831257033,22.483417687423422],[113.90996558949637,22.481247638234635],[113.90967915171326,22.47764890608735],[113.89034376977149,22.452714861328904],[113.881479,22.473332999999997],[113.874363,22.47818400000001],[113.867873,22.494829],[113.86721713270914,22.50119068366413],[113.86616,22.511490000000006],[113.87438188701853,22.512883895441014],[113.881847,22.514145999999982],[113.88592008904892,22.516512950369762],[113.89389,22.52114000000001],[113.89388738811134,22.52114290106204],[113.893891,22.521145],[113.879893,22.53668900000001],[113.86821777399133,22.54485377390641],[113.86821777377595,22.54485377405705],[113.84376,22.56196],[113.83383,22.57193],[113.82236,22.587230000000005],[113.81284,22.60439999999999],[113.79916,22.630999999999997],[113.79357,22.66161],[113.79356859561987,22.661610737571714],[113.793568,22.661613999999993],[113.772934,22.672448000000013],[113.7665845535012,22.720297889197766],[113.76466000000002,22.73480999999999],[113.75807,22.753400000000003],[113.75806801816287,22.753401127921943],[113.758067,22.753403999999986],[113.75463696093915,22.755353843737623],[113.7444,22.761179999999992],[113.72211058872949,22.762666882849242],[113.72211058856735,22.76266688286006],[113.712169,22.763332000000023],[113.70752669056198,22.762528143350057],[113.69972,22.76118000000002],[113.69792173791862,22.759742165447868],[113.695079,22.75747300000002],[113.69156100000696,22.75219600001041],[113.69117236608851,22.751613546107038],[113.684581,22.746893999999998],[113.672374,22.746894000000008],[113.65358011518393,22.758730778351094],[113.65596064480012,22.77481711840669],[113.656261,22.77684199999999],[113.65711164940109,22.77968866665814],[113.66261,22.798079999999995],[113.6609145966759,22.802974233879677],[113.655284,22.819240999999987],[113.64684901240024,22.82998932919422],[113.64357,22.83417],[113.63714604257596,22.845229260642657],[113.632579,22.85309500000001],[113.62910202869047,22.86150225830396],[113.6172,22.890290000000014],[113.61719808334986,22.890285798461434],[113.617198,22.890286000000007],[113.61085,22.87637],[113.610118,22.862046999999986],[113.61095486252412,22.857911985750007],[113.61288,22.848370000000003],[113.61608587215792,22.83937574755695],[113.61652130392105,22.838151531104447],[113.6171964532474,22.83625334869508],[113.60556017755056,22.847239832364206],[113.60555037006945,22.847297456965176],[113.60544327032312,22.847926729668224],[113.60231,22.866359999999986],[113.60440093362995,22.882869013287234],[113.604991,22.887518999999976],[113.610362,22.90452700000001],[113.61035784931288,22.904523187488277],[113.61036,22.904529999999998],[113.6065230566598,22.901000832863563],[113.602875,22.897650000000013],[113.597992,22.889635],[113.59799142788519,22.889632341848525],[113.59799,22.889629999999997],[113.59714781297713,22.88571275061671],[113.59603918394903,22.880561854661295],[113.5923,22.88906],[113.61134,22.93378],[113.6172,22.956040000000005],[113.61841849961458,22.970637000511033],[113.619151,22.979397000000006],[113.6227657828456,22.993148302912],[113.62436,22.99920999999998],[113.62706856806878,23.00619978990416],[113.638194,23.03489799999999],[113.638189224993,23.03489799999999],[113.63819,23.03489999999999],[113.63071000000001,23.03489999999999],[113.63070896373057,23.03489799999999],[113.630707,23.03489799999999],[113.61671,23.00788000000001],[113.61207,22.994700000000005],[113.60914,22.962879999999974],[113.60637742833953,22.950701285862955],[113.601817,22.930609000000025],[113.5973964601098,22.919908999992742],[113.59669,22.91820000000002],[113.59651309987899,22.91937829963637],[113.594981,22.929592],[113.595063,22.944770000000002],[113.597992,22.960517000000007],[113.60176465259448,22.968514108767973],[113.60410000000002,22.97345999999999],[113.60285447457552,22.98555938983776],[113.602631,22.987738000000004],[113.605072,23.001410000000003],[113.61247582390962,23.0218569120143],[113.6172,23.03489999999999],[113.6171973592315,23.034896230409384],[113.617198,23.03489799999999],[113.61000400008024,23.024628000114557],[113.59921,23.009219999999992],[113.58668,22.953559999999996],[113.57618526212957,22.9387174421547],[113.582042,22.957464999999992],[113.58383200000002,22.978460999999974],[113.58343064729199,22.999546809039373],[113.58302,23.021230000000003],[113.57811706648647,23.014882265865985],[113.56422,22.996893999999994],[113.55486082813205,22.988425656271612],[113.55397,22.987620000000007],[113.5420009071612,22.98652008336484],[113.53734363119115,22.991156276602556],[113.53273,22.995750000000008],[113.52882,23.010810000000014],[113.52857717659113,23.024299088141152],[113.52857717658839,23.02429908829377],[113.52833100000001,23.03803100000001],[113.53151902158375,23.047965028780098],[113.53638956334025,23.063138639636943],[113.53895297428369,23.065827154356384],[113.55641,23.084130000000012],[113.5680219874922,23.090602181282136],[113.582123,23.098456000000017],[113.637218,23.109116999999998],[113.65302995381415,23.115883323313227],[113.69199,23.132550000000002],[113.7089303249696,23.135777299870284],[113.720225,23.137925999999997],[113.731456,23.133856999999992],[113.73762509339134,23.130084664814362],[113.74423,23.126040000000017],[113.75289278681765,23.12324212015355],[113.758067,23.121568000000007],[113.78443092242017,23.13173981259834],[113.80087,23.12840000000001],[113.82391005471551,23.119805318398374],[113.830089,23.117499000000002],[113.83008514812909,23.117501809903946],[113.83009,23.117500000000003],[113.81489579547028,23.128582301108015],[113.813243,23.129787999999987],[113.81324256402235,23.129788129861456],[113.81324,23.129790000000003],[113.81092040215552,23.130479815045252],[113.797944,23.134344999999996],[113.77721313621501,23.13635870431329],[113.76108,23.137929999999983],[113.75107155908462,23.141166338628274],[113.745372,23.14301199999999],[113.71981900000002,23.155340999999975],[113.703136,23.157782],[113.6856016026148,23.153386397369644],[113.67392,23.15046],[113.63474515362873,23.123647030740415],[113.6264790899627,23.11798979913962],[113.61234100243881,23.11486928780116],[113.59327200000001,23.110663000000017],[113.59064464224383,23.108530699146066],[113.58766,23.106110000000005],[113.55087,23.08788],[113.54466900000061,23.086852325817457],[113.542003,23.08641199999999],[113.54200226921,23.086410376069757],[113.542,23.086410000000022],[113.5400970017098,23.08217657216297],[113.536876,23.07501900000002],[113.53264132090081,23.07209701244755],[113.52467,23.066600000000008],[113.51527030232657,23.063914372093308],[113.509125,23.062161000000003],[113.494233,23.062812],[113.44516,23.089342],[113.417491,23.096990999999985],[113.41561000000245,23.095623000001773],[113.39869,23.083320000000008],[113.40394393979847,23.078772879688746],[113.419281,23.065497000000004],[113.43592134532408,23.063853982017683],[113.45143000000002,23.06231999999998],[113.48121,23.051500000000004],[113.50231,23.020420000000005],[113.50384,22.989829999999998],[113.49123,22.95395],[113.48097,22.935700000000015],[113.48097011855518,22.935699768361435],[113.480968,22.935696000000004],[113.48315501960431,22.93143080785002],[113.48422,22.929349999999985],[113.48404274671648,22.92559075327888],[113.483979,22.92426199999999],[113.47991955228066,22.921861723861685],[113.47372,22.91820000000002],[113.47303558824055,22.918294764705163],[113.467865,22.919013000000014],[113.446381,22.92845300000001],[113.42994200000001,22.931341999999972],[113.336518,22.897773],[113.3076291972926,22.894110151806267],[113.30038960859875,22.89547928691055],[113.212983,22.912014000000003],[113.212983,22.912009432646602],[113.21298,22.91200999999999],[113.21298,22.904529999999998],[113.212983,22.90452932983098],[113.212983,22.90452700000001],[113.22004371971109,22.902952037944853],[113.23487,22.899639999999994],[113.25807,22.89777],[113.26008449999377,22.896680244883928],[113.263927,22.894599],[113.283051,22.880439000000013],[113.28435419962543,22.87998920056426],[113.29225,22.877260000000014],[113.30650857606112,22.879888793521598],[113.312592,22.881008000000005],[113.332042,22.88751899999999],[113.350434,22.88971599999999],[113.35664178443996,22.88651116963788],[113.36793,22.880679999999995],[113.42587000000002,22.81582],[113.44003,22.804140000000004],[113.49130014281278,22.77643331212203],[113.49422959925631,22.77484983822118],[113.46339,22.762399999999985],[113.45191,22.755110000000002],[113.44573,22.747280000000003],[113.43967457176667,22.73961109630531],[113.43954833754876,22.73945122684227],[113.42604000000001,22.74941999999999],[113.39102104960386,22.76239960684647],[113.377533,22.767401],[113.37753590511481,22.76739781129737],[113.37753,22.7674],[113.38658899380523,22.757460989653705],[113.39503,22.74819600000001],[113.41727937189046,22.73966708676603],[113.45362,22.72573],[113.4630637030773,22.718866584298937],[113.466319,22.716498],[113.476329,22.69985600000001],[113.516277,22.671418000000006],[113.534659999982,22.65494500001614],[113.55304,22.638469999999998],[113.56384,22.61443999999999],[113.59917,22.575179999999996],[113.59473800000002,22.523390000000006],[113.562511,22.480413999999993],[113.56139795402356,22.477463353421335],[113.54635,22.437590000000007],[113.55157,22.395839999999996],[113.5515708776279,22.39583797944599],[113.551571,22.395837000000007],[113.558116,22.380764000000013],[113.55811874034728,22.38076290008596],[113.55812,22.380759999999984],[113.58163,22.37132],[113.61035924243434,22.37018003006004],[113.599457,22.350530999999993],[113.59741407714374,22.342169615237328],[113.59726000000002,22.34154],[113.5969750000451,22.333645001249486],[113.59697500000051,22.333645000014016],[113.59669,22.325751000000004],[113.592296,22.31614799999999],[113.58997504212662,22.314488957898647],[113.58302,22.309519999999992],[113.57358,22.300729999999994],[113.57358007522238,22.30072893211117],[113.573578,22.300727],[113.57414909595559,22.292650869916258],[113.5747,22.28483],[113.57682403556036,22.269437088907114],[113.57721,22.266637],[113.583748,22.263459],[113.589987,22.253415000000004],[113.58923256753614,22.24838987158616],[113.58765018744145,22.237881244803532],[113.561196,22.23373],[113.55285933741975,22.219010127133725],[113.53858,22.221750000000004],[113.52296,22.21304],[113.52296047180405,22.21303926294205],[113.52296,22.213039],[113.52947,22.202866999999998],[113.529877,22.202257000000003],[113.528087,22.199936999999995],[113.52714550656239,22.1987050032778],[113.52149,22.19130999999999],[113.50321544890598,22.176492999999205],[113.49723,22.171640999999983],[113.483745,22.155142000000005],[113.459214,22.15800399999998],[113.425629,22.186224999999997],[113.42488107402771,22.188787259137175],[113.41904,22.208810000000017],[113.41188,22.225530000000013],[113.37437605110281,22.258972406616365],[113.364513,22.267768000000004],[113.36380180946885,22.270098297636647],[113.36232,22.274970000000003],[113.3602,22.29316],[113.35703,22.301910000000014],[113.35157,22.308340000000015],[113.3418585556919,22.31543373393707],[113.34185855557708,22.315433734020942],[113.303233,22.343655000000002],[113.28787168804448,22.35990063846019],[113.27638,22.372060000000005],[113.25563,22.403879999999994],[113.24269,22.457460000000008],[113.23998230444914,22.462903097753863],[113.231944,22.479070999999998],[113.177582,22.56411399999998],[113.165294,22.575587999999996],[113.16529384222459,22.57558641100584],[113.16529,22.575590000000016],[113.16073666667194,22.52969000005308],[113.158458,22.50674100000001],[113.160167,22.48761600000003],[113.16561900000002,22.478745999999997],[113.18215884887806,22.467425093310624],[113.18922,22.462590000000013],[113.20023055550074,22.451804916625548],[113.227306,22.425278999999986],[113.302989,22.30975999999999],[113.318158,22.28916600000001],[113.328506,22.268476000000007],[113.34910274560723,22.248355638410487],[113.35401,22.243560000000006],[113.36451,22.23013],[113.40196756129968,22.179573291529323],[113.362559,22.171454],[113.3567,22.171495],[113.35084,22.171540000000007],[113.33106419045777,22.18098004772162],[113.32545,22.183661000000004],[113.32246434995851,22.184168399846428],[113.313,22.18578],[113.30867839142158,22.184731188561383],[113.302745,22.18329500000001],[113.30274157309024,22.183290381773368],[113.30274000000001,22.183290000000007],[113.29794,22.17682999999999],[113.29581755767474,22.17097858977403],[113.29468800000001,22.16787300000001],[113.285655,22.153266000000002],[113.282237,22.14541300000001],[113.278168,22.140530000000002],[113.273529,22.138373000000005],[113.263438,22.13703],[113.250987,22.115668000000003],[113.24895095238072,22.110011642856517],[113.24659,22.103460000000005],[113.25396133001202,22.0869459966649],[113.25472333597098,22.085238074933226],[113.25586986742495,22.08266829714702],[113.25497,22.071110000000015],[113.25123,22.060739999999992],[113.24716,22.054270000000006],[113.23056,22.043159999999993],[113.22625177479716,22.04372342361231],[113.214122,22.045315],[113.20418899999892,22.045867117344375],[113.19469,22.04639999999999],[113.18354286015654,22.042663870711802],[113.17831400000001,22.04091399999999],[113.15746840056183,22.02470108930347],[113.14845329348465,22.030840862340877],[113.13963,22.03685200000001],[113.13455554883616,22.04393273178813],[113.11886,22.06584000000001],[113.11061,22.099190000000004],[113.11533,22.113470000000003],[113.12170181864762,22.12568669690655],[113.124522,22.131089999999993],[113.118244,22.14374600000001],[113.12745200000002,22.16095600000001],[113.12744957610973,22.160959207909727],[113.12745,22.160959999999985],[113.12504851624267,22.16413690260909],[113.119151,22.171941999999998],[113.113292,22.187405000000005],[113.110362,22.204169],[113.1104446875347,22.209298677100932],[113.11061,22.219310000000004],[113.08505,22.20759],[113.07729,22.14727000000001],[113.05789297644,22.121094016659754],[113.026614,22.143211999999995],[113.02661265535944,22.143208122233037],[113.02661,22.14321],[113.02233082415026,22.130859882765314],[113.020638,22.12597799999999],[113.02210981105546,22.101149187412243],[113.01954428571396,22.09011571428434],[113.01762,22.081842999999985],[113.016105,22.057712000000013],[113.01730531218162,22.04528748618554],[113.0183,22.03495],[113.01829499836808,22.028052749579768],[113.018286,22.021158000000003],[113.022729,22.002534],[113.02221049344882,21.996401873379963],[113.02121,21.984600000000004],[113.01985861924297,21.980027024045388],[113.018969,21.977019999999996],[113.01931360192232,21.976272433655495],[113.02119,21.972190000000015],[113.0258641020345,21.96524490088009],[113.028618,21.961148],[113.02700625153624,21.954845622668195],[113.02562,21.94943000000001],[113.02158653752814,21.946316924937822],[113.016676,21.942533],[113.00608505378887,21.939867322728517],[113.00148,21.938709999999997],[112.99750813100351,21.938539609170263],[112.994721,21.938421999999996],[112.98935,21.937323000000013],[112.987071,21.92853400000001],[112.98707095400057,21.928533677923276],[112.98707,21.92853],[112.98593,21.92055999999998],[112.98362987608905,21.91435059290977],[112.980968,21.907171999999985],[112.98044031867668,21.90489122711266],[112.97958,21.90119],[112.97267,21.89207999999999],[112.9679743250106,21.887131318789233],[112.957081,21.875653000000014],[112.93656724648028,21.86814798590359],[112.92878,21.86529999999998],[112.92458282788617,21.863100086053183],[112.91772375532324,21.859506592645793],[112.91158721423228,21.856291636140778],[112.87941,21.875190000000003],[112.87555906489513,21.883786251046374],[112.871104,21.893743999999995],[112.85978718510574,21.929937274059387],[112.85898,21.932519999999986],[112.85883038974401,21.932838805120415],[112.851573,21.948309999999985],[112.840831,21.960923999999988],[112.82602,21.966132000000016],[112.814789,21.961574999999996],[112.809884555556,21.955514408977326],[112.80771,21.95283000000001],[112.80038168683596,21.94717130252273],[112.788585,21.951808999999987],[112.78858384444739,21.951808488285074],[112.78858,21.95181],[112.74671829611358,21.93326911152577],[112.743744,21.931952],[112.7437438389082,21.9319517002836],[112.74374,21.931950000000004],[112.74024,21.925440000000005],[112.73764,21.89687999999999],[112.73048,21.89033],[112.70965955761767,21.89157530298559],[112.706065,21.89179100000001],[112.70401568361403,21.89125631638373],[112.70045000000002,21.89033],[112.6963,21.885810000000014],[112.6909290149003,21.875149029575898],[112.69088837995258,21.875108999990537],[112.685557,21.869859000000005],[112.64617683371824,21.849890933487295],[112.64617683353617,21.849890933394974],[112.64511,21.849350000000005],[112.64755,21.822660000000003],[112.64126744604673,21.811006035967875],[112.633067,21.795803000000003],[112.608002,21.775092],[112.579112,21.766831999999997],[112.550873,21.772854000000002],[112.4917089900379,21.80339765506031],[112.44321,21.828440000000022],[112.42604,21.845159999999996],[112.41505,21.86847999999998],[112.41451290340036,21.872973204545794],[112.411143,21.90119],[112.4241638450166,21.917791802393467],[112.45281000000001,21.931219999999986],[112.481456,21.944648000000015],[112.48145609677441,21.944648170320423],[112.48146,21.944650000000003],[112.48885039387457,21.957661939379143],[112.49366300000001,21.966132000000016],[112.486176,21.966132000000016],[112.47461999999261,21.95934999999567],[112.46884000000001,21.955960000000022],[112.45939565556077,21.9529598610906],[112.43629,21.945623999999995],[112.4173445668916,21.943959492048904],[112.4048,21.942859999999975],[112.39064,21.955510000000018],[112.38844,21.96312],[112.38539322847116,21.967338842751435],[112.37851,21.976874000000006],[112.376313,21.986558000000002],[112.37682164356302,21.991113627710895],[112.37721,21.994570000000017],[112.37939447136598,22.000517430989703],[112.381684,22.006741000000005],[112.392833,22.056301],[112.397472,22.068508],[112.39746855506151,22.06850619769421],[112.39747,22.06850999999999],[112.37818,22.058419999999995],[112.36898533014117,22.04192611321425],[112.364838,22.034491000000006],[112.36248434414563,22.02512843723904],[112.35751,22.005359999999996],[112.3569549798188,21.99068915727215],[112.356537,21.979722000000002],[112.370128,21.938788000000006],[112.387706,21.908759],[112.390636,21.90119],[112.387787,21.876165999999998],[112.388438,21.86225],[112.39065694152957,21.85988684307543],[112.39405,21.856269999999995],[112.39796000000001,21.85056999999998],[112.40113,21.83747],[112.4029471428599,21.82263571426313],[112.404307,21.811510000000002],[112.4023888231905,21.802698784541953],[112.40211,21.80142000000002],[112.39283,21.78514],[112.38795,21.75609000000001],[112.38144,21.748520999999982],[112.372569,21.742620999999996],[112.363292,21.733343999999995],[112.3505004535365,21.729536371648475],[112.33212,21.72407],[112.28622,21.708810000000007],[112.24488308526827,21.706530170159926],[112.23575446316164,21.718207854010515],[112.23418902619083,21.72021042108139],[112.22682,21.72964],[112.22519637626667,21.730581000002623],[112.21664500000001,21.735541000000005],[112.20903056734006,21.73815730612482],[112.19687,21.742339999999984],[112.18238401683419,21.75299704489631],[112.18647985519242,21.763920523376186],[112.18898,21.770579999999985],[112.19899,21.786810000000013],[112.20314,21.806709999999978],[112.20094,21.826730000000012],[112.19264,21.843169999999994],[112.18222,21.823150000000005],[112.1727,21.81444],[112.08554,21.796090000000007],[112.04721,21.79499],[112.02817,21.797349999999998],[112.01303072413576,21.804389663281665],[112.007091,21.81867100000001],[112.01079741442007,21.828760999999997],[112.01295,21.83462],[112.0285302808903,21.852408710709227],[112.037364,21.862494000000034],[112.04088306156493,21.882033530778315],[112.04127,21.884179999999994],[112.0412696398008,21.884179999999994],[112.04127,21.884182000000013],[112.034434,21.884182000000024],[112.03443271784352,21.884179999999994],[112.03443,21.884179999999994],[112.02063215973736,21.862652895825832],[112.018809,21.859809000000016],[111.99317326547776,21.83417326547775],[111.98110349775833,21.829062052298227],[111.96924911945939,21.824042050587753],[111.95167,21.864980000000006],[111.94251451572174,21.878244515618164],[111.934093,21.890447999999996],[111.92937697551781,21.895354007014117],[111.91188,21.913560000000004],[111.89039,21.925119999999993],[111.88993640901252,21.917042352277537],[111.888927,21.899115],[111.89063600000001,21.867377],[111.8935194099428,21.850328494245016],[111.89576,21.83706],[111.90406000000002,21.81525],[111.92066,21.800030000000003],[111.94638,21.78587],[111.97188746193362,21.777275769874098],[111.97510800000002,21.77618999999999],[112.00024953116468,21.774319406895092],[111.99195,21.763820000000006],[111.95478766340186,21.742326445456353],[111.914561,21.719061999999997],[111.91125681294315,21.71786874824003],[111.90577,21.715890000000023],[111.90406000000002,21.708810000000007],[111.90414,21.701730000000005],[111.9026266078875,21.70035103526712],[111.90064500000001,21.698554],[111.89747621859043,21.696810586057715],[111.89576,21.695870000000006],[111.88429,21.682850000000006],[111.87672,21.678129999999992],[111.87220302611607,21.67739515669465],[111.867931,21.676703],[111.85352081611649,21.677409298896855],[111.83888,21.678130000000007],[111.83814797409065,21.680804135464793],[111.836925,21.685289000000004],[111.83977118078451,21.69257693973738],[111.8423,21.699040000000004],[111.85377,21.70742000000001],[111.86988,21.69855000000001],[111.87672,21.698549999999987],[111.87671950493274,21.69855400000001],[111.87672,21.698554],[111.87655384775948,21.699892461943413],[111.87534,21.709699999999998],[111.86948,21.71674000000001],[111.86947758679733,21.716741295021944],[111.869477,21.716742000000014],[111.860606,21.721503000000006],[111.85826171428027,21.722403347667782],[111.84938,21.725819999999995],[111.83619,21.716990000000003],[111.82936,21.72871],[111.82895,21.74921000000001],[111.83181209324053,21.75747722670457],[111.835053,21.766831999999997],[111.83504915965774,21.76682757265074],[111.83505,21.766830000000006],[111.8327419627529,21.764167714279598],[111.822276,21.752102000000004],[111.806895,21.743313],[111.79395853406257,21.744533760870976],[111.79094500000001,21.752265000000023],[111.787934,21.759995999999994],[111.78793185367478,21.75999524438661],[111.78793,21.759999999999987],[111.76979,21.753609999999995],[111.76384500000398,21.753465000000098],[111.757904,21.753323],[111.725841,21.766831999999997],[111.72316687656789,21.76441612345246],[111.72120132045022,21.762641192389314],[111.71352132936119,21.764815497012172],[111.70094,21.768380000000004],[111.69272247700081,21.7729684463795],[111.678071,21.78115500000001],[111.67808075840269,21.781143992793965],[111.67807,21.781150000000004],[111.68934426089412,21.76843907614621],[111.695567,21.761420000000005],[111.76059,21.725816],[111.76623068571979,21.71615771427627],[111.77247,21.705469999999995],[111.77963,21.675440000000002],[111.773690629783,21.650132683469337],[111.76303728531062,21.647671678929044],[111.75702111846604,21.646281898099367],[111.74692,21.64395],[111.74692301427716,21.64394915833663],[111.746918,21.643948],[111.75323143842571,21.642187684728473],[111.76035,21.64020000000001],[111.77163189802492,21.635545751639885],[111.7716712898285,21.635529492694072],[111.77247045926306,21.63519963593833],[111.78207,21.62759],[111.78792809175745,21.61603376438295],[111.76883442598486,21.61527232079502],[111.76545952267698,21.61513773173736],[111.74814,21.61445],[111.73005479576125,21.616196346819823],[111.728363,21.61636],[111.712901,21.62343999999999],[111.71290065597182,21.62343969959376],[111.7129,21.623440000000006],[111.69044,21.60383],[111.66578000000001,21.55866],[111.66041360682135,21.55204890173685],[111.651378,21.540919999999996],[111.6479723790102,21.538493124189685],[111.64047,21.533150000000006],[111.63549549999713,21.531510054944103],[111.63046300000002,21.529853],[111.62496157836637,21.531478024282595],[111.61972,21.533030000000004],[111.60646,21.544620000000005],[111.60471465630225,21.547619218773033],[111.600922,21.554145000000013],[111.59848555536227,21.560439610725425],[111.59653,21.565500000000004],[111.59108,21.575750000000003],[111.5878744313741,21.577875431371524],[111.581879,21.581855000000015],[111.58134999999994,21.575099999999328],[111.58082,21.568350000000006],[111.58204,21.555490000000002],[111.58277338101244,21.553536539666847],[111.586436,21.543769],[111.59107786222926,21.538836862239123],[111.59554708069182,21.53408310516973],[111.59209997260623,21.533296084476195],[111.58768291356957,21.532287611060184],[111.57773,21.530019999999997],[111.55665,21.52237000000001],[111.54547133559898,21.521228349167572],[111.537852,21.520453000000014],[111.527192,21.534084],[111.521007,21.534084],[111.51710559230361,21.52563228152964],[111.51661119073177,21.52456257631053],[111.51221236775217,21.522259588411607],[111.50449,21.51822],[111.48935,21.514720000000004],[111.47608,21.513619999999996],[111.46811,21.518259999999984],[111.46799591480512,21.51956266666395],[111.46713300000002,21.529446],[111.47006654911466,21.542775784249542],[111.47267,21.554589999999997],[111.47266640375267,21.55458929070552],[111.472667,21.554592000000007],[111.455333,21.551173999999996],[111.44719144006808,21.56019996052999],[111.44410073726299,21.563629181986048],[111.43222100000001,21.602972999999977],[111.42432700000002,21.590277000000004],[111.41212,21.576320999999997],[111.4120749218454,21.575949255177463],[111.41114,21.568260000000016],[111.41554000000001,21.557679999999984],[111.43092,21.544010000000004],[111.43799693173702,21.53408430336885],[111.42170806290967,21.53647352345396],[111.40144940956849,21.539445023929108],[111.38779,21.541450000000005],[111.3628,21.541210000000017],[111.3497,21.526680000000002],[111.34970310710483,21.526681335938708],[111.349701,21.526679000000005],[111.363048,21.532416],[111.37354629856945,21.532638835711076],[111.37647965496691,21.532699992806467],[111.404307,21.526679000000005],[111.393565,21.519680000000015],[111.37031310149237,21.509929789055953],[111.3628,21.506780000000006],[111.35882184096386,21.503335190361465],[111.356456,21.501288],[111.34433,21.487494000000005],[111.30802203863443,21.461673806791367],[111.30802203849164,21.461673806689834],[111.29249,21.45062999999999],[111.26734,21.439360000000008],[111.25294120117665,21.444729552061215],[111.2567031816432,21.44645855959101],[111.2568111085661,21.44650816284228],[111.26905,21.452130000000004],[111.26953828570478,21.452703507430666],[111.28028400000001,21.46531800000002],[111.30128,21.499335000000013],[111.30127742781012,21.49933583305237],[111.30128,21.499340000000025],[111.28526096640363,21.504523067201823],[111.279796,21.50629299999999],[111.27265849997609,21.509537210809377],[111.25563,21.51728],[111.24425320383781,21.520813407681757],[111.232188,21.524562999999972],[111.21265821750796,21.520453256205926],[111.20631,21.53205000000002],[111.2063090323439,21.5320499409118],[111.206309,21.532050000000012],[111.20614696438389,21.53204004452056],[111.19239,21.531200000000002],[111.1695252777262,21.524058926076595],[111.15797,21.520453000000025],[111.15797,21.52045],[111.15797,21.513620000000003],[111.15797,21.513617],[111.17163756287425,21.51361700000001],[111.16757,21.50861],[111.1667904797048,21.507830479704797],[111.16497,21.506009999999986],[111.164968,21.506008000000016],[111.171641,21.499335000000013],[111.180898344778,21.50408370099559],[111.18417,21.505759999999988],[111.19485558334016,21.507247958362697],[111.198822,21.50779900000001],[111.20128833333246,21.507446666666787],[111.21363,21.50568],[111.21967769617486,21.502660913878074],[111.22632335506533,21.499337822689675],[111.19977087855096,21.490637514217408],[111.18458100000001,21.485663000000002],[111.17653426376461,21.48241015359903],[111.16163,21.47639],[111.14365,21.465810000000005],[111.13404,21.471630000000008],[111.12766000000049,21.47241398305081],[111.119884,21.473375],[111.08839,21.47264199999999],[111.08839,21.48012899999999],[111.129975,21.49310900000003],[111.129975,21.499335],[111.12672,21.502589999999998],[111.12379000000001,21.506781000000025],[111.11671,21.500963000000006],[111.107677,21.495795000000008],[111.097911,21.492661999999992],[111.09151443709447,21.4929623112718],[111.08839,21.49311000000001],[111.07936,21.49787],[111.07848321167829,21.50275078832418],[111.078461,21.502875000000003],[111.07871514868826,21.50436553236263],[111.07936,21.508120000000005],[111.07545,21.513620000000003],[111.04949920844317,21.52491890631899],[111.034434,21.531480000000002],[111.02896600001165,21.53903199998391],[111.0276,21.540919999999996],[111.0275996875682,21.540919050381294],[111.027599,21.540919999999996],[111.023285,21.527817999999996],[111.02095005479046,21.526477972600418],[111.01173,21.521189999999997],[110.98593,21.513620000000014],[110.98593396121016,21.51361757543124],[110.98593200000002,21.513617],[110.995697,21.507635999999984],[111.002208,21.489936000000018],[111.01056321296858,21.486889509257203],[111.01392612302324,21.48566141582428],[111.01018334147457,21.478900434345945],[111.00761999999038,21.474269999982642],[111.00131,21.462879999999988],[110.99401097104648,21.456379173761803],[110.992442,21.454983],[110.979747,21.452135000000006],[110.979747,21.444728999999995],[110.995372,21.445298999999995],[111.008149,21.449897],[111.016938,21.458074999999987],[111.01693921564475,21.45807927007667],[111.01694,21.458080000000006],[111.01821116408482,21.46254711921288],[111.02011149872453,21.469222239218603],[111.02686684695652,21.479315289091858],[111.03265768780369,21.48129187802935],[111.04225,21.484560000000002],[111.0586,21.4831],[111.0686087435644,21.472641312918736],[111.06084795252832,21.4716268813541],[111.04371,21.469390000000004],[111.02491,21.456530000000004],[110.99941736572308,21.43129245149445],[110.992931,21.424871999999986],[110.97974882267448,21.428762886567622],[110.96591,21.43285000000001],[110.95324702804754,21.427327224439484],[110.941173,21.422065000000025],[110.917247,21.405911000000003],[110.90609849729239,21.402004877029256],[110.89332,21.39753],[110.89200470507139,21.396796884793886],[110.889659,21.395494000000014],[110.88312233332978,21.39054843303423],[110.87729,21.386140000000005],[110.86988235789144,21.383250919609473],[110.86980437407954,21.383484552093],[110.86970551955294,21.383780711359815],[110.8694,21.384709999999995],[110.85231,21.38915],[110.82984378737109,21.392239479173263],[110.82155916707993,21.39551316706638],[110.80616,21.4016],[110.79975863596756,21.402481109645947],[110.790538,21.403754000000003],[110.77354466666716,21.399026542746626],[110.76816,21.397530000000014],[110.7650946666596,21.395630178177953],[110.743988,21.382553999999995],[110.72539844747658,21.366399330745303],[110.70484,21.34854],[110.69003,21.330999999999975],[110.67628,21.30964],[110.67383619077316,21.30448847589671],[110.664887,21.28563100000001],[110.66083367558196,21.272542907280364],[110.65707092984543,21.260403000000004],[110.65089021642066,21.260403000000004],[110.6548,21.314600000000002],[110.65946207301062,21.327705926985125],[110.662852,21.337226000000012],[110.677582,21.34853800000002],[110.67757731890681,21.348537941400956],[110.67758,21.34854],[110.67382015595508,21.348490908334284],[110.664561,21.348375000000015],[110.655528,21.34276],[110.648936,21.333319000000014],[110.643321,21.321845000000003],[110.64294631674703,21.325799506797036],[110.64186000000001,21.337309999999995],[110.63831209298179,21.342599923557415],[110.63575300000001,21.34642199999999],[110.6330352710891,21.352649954808353],[110.63185,21.35536999999999],[110.63648947908155,21.370268327223066],[110.64118177755944,21.37270633268448],[110.64479,21.374579999999998],[110.67164,21.381290000000003],[110.67672953396077,21.385673131174883],[110.692393,21.399156000000012],[110.70921965585939,21.401238251018317],[110.72462,21.403140000000004],[110.74307600000984,21.409296000003277],[110.755382,21.413398],[110.76220362013375,21.43285259497632],[110.76637000000001,21.444730000000014],[110.76002,21.44472999999999],[110.75367994228738,21.439721528850665],[110.727306,21.418890999999988],[110.66071602003133,21.391415989947514],[110.63559,21.381050000000002],[110.63181400000536,21.373920000010138],[110.61671,21.345403999999984],[110.61668089566085,21.344087631890858],[110.61573,21.301210000000015],[110.61972,21.29075999999999],[110.61972061068043,21.290759020841215],[110.61972100000001,21.290757999999993],[110.64331951431966,21.252918382250666],[110.64123164265858,21.2459639049023],[110.636485,21.230169999999994],[110.616954,21.229682000000007],[110.58140703334456,21.244198629168057],[110.57521,21.246729999999996],[110.57521022243974,21.24672927564495],[110.575206,21.246730999999993],[110.577159,21.240383000000016],[110.5771591917163,21.240382632103376],[110.57716,21.240380000000016],[110.57769509283743,21.23935425725186],[110.58017,21.234605000000016],[110.584076,21.229682000000007],[110.588715,21.225571999999996],[110.481456,21.217190000000006],[110.46322700000002,21.212144000000006],[110.45183115805997,21.205911841959843],[110.4476,21.203599999999987],[110.43805344427119,21.19655622135095],[110.431163,21.191474000000003],[110.42433073778389,21.191474000000003],[110.4258170578113,21.19953229477549],[110.427013,21.205999999999996],[110.43034844616153,21.21392636924904],[110.43556,21.2263],[110.43735,21.239239999999988],[110.43601231851535,21.243362522222476],[110.433442,21.251288000000002],[110.427013,21.26154199999999],[110.42579219257702,21.269230787127572],[110.43735,21.27338],[110.4368506902907,21.27525482742457],[110.435802,21.279202000000005],[110.43375028433952,21.28199923855125],[110.43312000000002,21.282860000000007],[110.43311796215512,21.28286132486521],[110.433116,21.282864000000004],[110.4319888971958,21.28359536448629],[110.42929,21.285350000000005],[110.42433537038984,21.287667488043464],[110.42689557311007,21.28842849150897],[110.42695949858843,21.288447492938108],[110.42733980962532,21.2885599437098],[110.429942,21.288478999999988],[110.431488,21.289496],[110.43148781074366,21.28949855932809],[110.43149,21.289500000000004],[110.43134891101693,21.29137691101733],[110.43116307394767,21.293890000000005],[110.43735,21.29389000000002],[110.4463,21.289979999999996],[110.45227345363004,21.28869047419216],[110.456635,21.287745999999984],[110.46060010236141,21.28598004724445],[110.46632,21.28343000000001],[110.46916138807394,21.27893299997745],[110.472667,21.273382999999985],[110.4726681044776,21.273382999999985],[110.47267,21.27338],[110.47885,21.27338],[110.47885053132529,21.27338300000001],[110.478852,21.273382999999985],[110.47926760042029,21.275737879924048],[110.48032,21.281679999999987],[110.48218944642036,21.28656855240406],[110.48279380489858,21.287635024544006],[110.48634,21.293890000000005],[110.48634,21.301339999999982],[110.47885,21.301339999999982],[110.47534061848829,21.297725768777052],[110.47397422568757,21.296320521204752],[110.47315718087529,21.295480242890694],[110.46608,21.296089999999996],[110.46081666314251,21.29795895036644],[110.457042,21.299302000000004],[110.45070849371666,21.300357843801645],[110.444835,21.30133916461916],[110.444835,21.3075625439653],[110.48634,21.32868000000001],[110.48634,21.33551999999999],[110.47973155796275,21.336196768160438],[110.478038,21.336371000000007],[110.47628433359714,21.33589266797986],[110.47267,21.334910000000004],[110.46876,21.332019999999996],[110.465343,21.328682929824566],[110.465343,21.348538000000005],[110.46534,21.34853449156134],[110.46534,21.34853999999998],[110.45118,21.331979999999998],[110.44677121007473,21.323599969958675],[110.441905,21.314358000000002],[110.43393,21.308782999999984],[110.43042472242668,21.316046148303037],[110.42433,21.32868000000001],[110.42392,21.34162],[110.43735,21.39753],[110.43116,21.39753],[110.42362919880071,21.384514599818946],[110.42346569455387,21.384232173174127],[110.41952825831703,21.37743090087051],[110.40268905555338,21.386140833334466],[110.400971,21.387029999999992],[110.37655137276938,21.41592308487822],[110.37655137221678,21.415923085532075],[110.36899,21.424870000000006],[110.37255254034837,21.42951455156987],[110.378673,21.437485999999996],[110.38125517465367,21.4397866506968],[110.38315,21.441469999999995],[110.3895,21.444730000000014],[110.3895,21.452130000000004],[110.389496,21.45212788584328],[110.389496,21.45213499999999],[110.36964910123392,21.441638022225877],[110.35849,21.435739999999992],[110.3584913621425,21.435736720433948],[110.35849,21.435736000000006],[110.36495601400945,21.42017208400374],[110.37208,21.403019999999994],[110.38728451239858,21.376415512385996],[110.394379,21.36400000000001],[110.38949625787501,21.328682865223776],[110.38707914385628,21.33053357105282],[110.385834,21.331488],[110.38583082948587,21.33148936488957],[110.38583,21.331489999999995],[110.37648,21.33551999999999],[110.37648288961962,21.335513603560482],[110.376475,21.335516999999996],[110.38103816955267,21.32543007128149],[110.38265746454418,21.321845612465307],[110.368175,21.325344000000005],[110.344981,21.33885299999999],[110.328136,21.342271],[110.328136,21.335516999999996],[110.33494710122687,21.332696541723404],[110.3414,21.33002000000001],[110.3540205734909,21.321061867443717],[110.3567,21.319158999999985],[110.3598165922872,21.314920135909304],[110.35981659237315,21.314920135792384],[110.3663,21.30610000000002],[110.3628,21.29389000000002],[110.3628,21.287670000000002],[110.362804,21.28766742311191],[110.362804,21.287664999999983],[110.37379,21.28058499999999],[110.38139349758815,21.2740442608839],[110.38486,21.27105999999999],[110.3934,21.2604],[110.39698,21.24982],[110.39849784663937,21.2466429386519],[110.399018,21.245550999999985],[110.39986728445332,21.2448557614871],[110.40821,21.238020000000002],[110.40932930053563,21.23543875590763],[110.410655,21.232366999999996],[110.41019645862899,21.226989161652714],[110.40992,21.223779999999977],[110.40748,21.216989999999996],[110.40455,21.212060000000008],[110.4042289953654,21.21122724884649],[110.403168,21.20848200000002],[110.40288426181921,21.203319289685872],[110.40235,21.19366999999998],[110.39942,21.17658000000001],[110.39405004336705,21.16254011338426],[110.386078,21.156723999999983],[110.37988078563546,21.154376535351954],[110.37534,21.15266],[110.34742000000001,21.133210000000002],[110.33375,21.116360000000007],[110.33119986900847,21.1151574206315],[110.315278,21.107652000000005],[110.280284,21.095893000000004],[110.269298,21.089179],[110.25186070926911,21.068442177317284],[110.22177,21.03266000000001],[110.21922700000678,21.028242296940114],[110.21884200000001,21.027574],[110.21058067088165,21.034277111813058],[110.21022,21.034570000000013],[110.20558000000001,21.049380000000006],[110.20387,21.066960000000005],[110.2046,21.082220000000003],[110.20459994906822,21.082219938295292],[110.2046,21.082221000000004],[110.20078127386371,21.077593547737443],[110.19557,21.071279999999998],[110.19556893813237,21.07127734858816],[110.195567,21.071275000000032],[110.1947269584709,21.069174982194195],[110.19068000000001,21.059069999999995],[110.18409000000001,21.03384000000001],[110.18075604698504,21.026517020134882],[110.177826,21.02008699999999],[110.15674970259988,20.986030135320323],[110.15284074935737,20.98780875193835],[110.143077,20.992254999999993],[110.143077,20.986029000000023],[110.154796,20.977281],[110.15505356313459,20.965156512627132],[110.15512,20.96197999999999],[110.15097,20.94318],[110.14926000000001,20.923980000000004],[110.15414,20.906439999999986],[110.17164,20.87702000000001],[110.17438366601061,20.86992650050992],[110.177257,20.862493999999998],[110.1729870000046,20.866972167827356],[110.16725,20.872990000000005],[110.16523050440672,20.875458996225344],[110.164154,20.876776000000007],[110.16415327176782,20.87677599999998],[110.16415,20.87677999999999],[110.15675,20.876780000000004],[110.1567517632469,20.876776000000007],[110.15674900000002,20.876776000000007],[110.160655,20.86790600000002],[110.161876,20.862209000000004],[110.160655,20.856676000000004],[110.15674900000002,20.848863000000005],[110.15675121728012,20.84886243456021],[110.15675,20.848860000000002],[110.15820838163688,20.848490835726007],[110.160737,20.847846000000004],[110.1629334472478,20.84788598993624],[110.16310848044789,20.847682379887164],[110.16391,20.846746999999997],[110.16391930508478,20.846566999999567],[110.16415,20.84203000000001],[110.16415381679012,20.842030544059995],[110.164154,20.842027],[110.168712,20.84267800000001],[110.169444,20.843940000000003],[110.168793,20.846095999999996],[110.17021617779295,20.848514877735322],[110.17042,20.848860000000002],[110.1775,20.84747999999999],[110.18019,20.846010000000007],[110.18196691173425,20.84606044859814],[110.18336,20.846095999999996],[110.18759957247686,20.847537496318942],[110.191498,20.848859321867327],[110.191498,20.835841999999985],[110.1915,20.83584246375664],[110.1915,20.835839999999997],[110.21168,20.840519999999998],[110.24167467410926,20.8411203705979],[110.28712,20.842027],[110.300792,20.852118],[110.31858533331355,20.85948131107937],[110.31967,20.859930000000002],[110.33578560932689,20.858830299611693],[110.341807,20.842027],[110.34454176012643,20.844761760126424],[110.34864,20.848860000000002],[110.35140345827188,20.84501209370933],[110.355235,20.839667],[110.35816500000084,20.83777499999945],[110.36109,20.83587999999998],[110.36123699999865,20.835963777541604],[110.365815,20.838568],[110.36790110406133,20.845336497104125],[110.36899,20.848860000000002],[110.37048663996742,20.84687662668666],[110.37048664005373,20.846876626572293],[110.386241,20.825994999999995],[110.40268,20.790106999999995],[110.40337390410895,20.786085356168172],[110.40943,20.750960000000017],[110.39698039089755,20.718491019473365],[110.39350456410284,20.71718476923086],[110.38356,20.713450000000012],[110.37142426677383,20.7186308003203],[110.3689880355921,20.719671984788835],[110.35646,20.73233000000003],[110.34893886130112,20.745871896787747],[110.348643,20.74640500000002],[110.34743055764123,20.75988914744783],[110.34726006987451,20.761789221253725],[110.34726610296178,20.76206734994715],[110.34727561803204,20.7625060000019],[110.34816,20.803049999999995],[110.34181,20.821520000000007],[110.3418080016561,20.821516085130263],[110.341807,20.82151900000001],[110.333751,20.805732000000003],[110.33297285958712,20.804824093631773],[110.32862000000002,20.799749999999978],[110.3213,20.79425999999999],[110.32130144691358,20.794258085185195],[110.3213,20.794256999999998],[110.32937536027194,20.78357323909407],[110.33301789947633,20.77875277978859],[110.33273614234457,20.77533265746536],[110.33262661139753,20.774003110863525],[110.33212,20.767889999999987],[110.32252,20.759960000000003],[110.31173279042983,20.755091628723196],[110.307628,20.753241],[110.31445926112185,20.74640973887815],[110.31195227392173,20.745523761726268],[110.310639,20.745063000000002],[110.308849,20.745103000000004],[110.308116,20.743964],[110.307628,20.73895900000001],[110.33748918573495,20.725818118592564],[110.33183861903731,20.71276215081912],[110.329438,20.707220999999993],[110.31636391671108,20.69246733293824],[110.30885,20.683990000000012],[110.308849154669,20.68398717453882],[110.308849,20.68398699999999],[110.30845639190896,20.682674391814814],[110.30079,20.65705],[110.30079233744765,20.657051128190037],[110.300792,20.65705],[110.307709,20.660386000000003],[110.31017941953223,20.662299741402965],[110.31349,20.664860000000008],[110.31618621991593,20.668322260026276],[110.317963,20.670599999999993],[110.3213,20.677557999999994],[110.328136,20.677558],[110.32959973150423,20.66445740307376],[110.32838,20.652659999999983],[110.32374094806379,20.643051963554512],[110.32121478169483,20.641279262998104],[110.31801709575558,20.639035333337166],[110.31446,20.63654],[110.32594,20.630760000000006],[110.33396720324667,20.631226211357593],[110.33936600000001,20.631536999999998],[110.34747507694017,20.63471348353177],[110.35214,20.63653999999999],[110.35231536864121,20.636652525469593],[110.35298482104407,20.637081788824432],[110.3628,20.643375435137425],[110.3628,20.622300000000017],[110.362804,20.622305327433644],[110.362804,20.622301],[110.36573800000052,20.6262130000007],[110.37184,20.634339999999995],[110.37603676294222,20.634072629437117],[110.380626,20.633775],[110.38702008860874,20.62789872406736],[110.38917,20.625919999999994],[110.39645570435431,20.61677788698177],[110.39697992473472,20.61611986022163],[110.3922883472299,20.607406930569773],[110.391938,20.606757000000005],[110.397472,20.595445],[110.40312545481692,20.590581302221757],[110.40854,20.58592],[110.42514,20.58006],[110.44133860945786,20.571706171665685],[110.442963,20.570868000000008],[110.44445796818499,20.570323095427298],[110.45167000000001,20.567689999999985],[110.45666167074177,20.567438451238214],[110.458018,20.567369000000003],[110.4692885916898,20.568308408318202],[110.47266809505565,20.568589841362993],[110.4728588869072,20.568562201993718],[110.47323850923871,20.56850720739243],[110.47885,20.567689999999985],[110.48975666667238,20.558009999994944],[110.495209,20.55316799999999],[110.511485,20.527899000000016],[110.53418955557298,20.478258971671522],[110.51539,20.434759999999994],[110.50229,20.41275],[110.48268000000002,20.40323000000002],[110.47535,20.397649999999995],[110.46861400001914,20.38349000004024],[110.458507,20.36225000000001],[110.40683,20.305162000000006],[110.40502326738945,20.30400041576603],[110.39999,20.300769999999996],[110.39006613060855,20.302676304090244],[110.37672,20.305242999999994],[110.36942537559477,20.305060746431014],[110.36207,20.30488000000001],[110.35569842209067,20.29759957789724],[110.355479,20.297348999999997],[110.34433,20.279242000000004],[110.319672,20.269721000000004],[110.31639278820445,20.26885178821338],[110.29404,20.262929999999994],[110.28028003001864,20.253000021663166],[110.28024730271152,20.253024931326415],[110.28018807705647,20.253070009618888],[110.26564,20.264149999999997],[110.25991430323829,20.26735836456475],[110.256358,20.269355],[110.24561600000001,20.273424000000002],[110.237153,20.274970000000003],[110.23715067435623,20.27496987659361],[110.23715,20.274970000000003],[110.23606281129503,20.27491215096146],[110.208018,20.273423999999974],[110.196625,20.270250000000008],[110.192638,20.263251],[110.19199116525596,20.260125000008316],[110.19117,20.256169999999997],[110.18775,20.253000000000025],[110.14793670624915,20.249687734943663],[110.14793670601537,20.249687734924212],[110.127533,20.247992000000004],[110.11882727446539,20.250425790778117],[110.10963,20.253000000000004],[110.09311000000001,20.270579999999995],[110.0895944035877,20.271927408071658],[110.085704,20.27342400000001],[110.07764700000001,20.27456300000001],[110.07255221739241,20.276659086956066],[110.06983289992473,20.27777880591336],[110.06804434317274,20.279316835793953],[110.06373000000002,20.28303],[110.06113000000002,20.290230000000005],[110.05763,20.296370000000007],[110.0576296097474,20.296370173395818],[110.057628,20.296372999999996],[110.0531560614384,20.29835784641027],[110.04892000000001,20.30023999999999],[110.0447146538538,20.300794634631742],[110.037852,20.301703000000018],[110.03264063662473,20.30124890987534],[110.02711,20.300769999999996],[110.02540065239324,20.29961085831369],[110.021576,20.297024000000008],[110.01489396135582,20.287890854092787],[110.01181,20.283680000000004],[110.00658100000352,20.280699648466165],[110.005951,20.280340999999986],[110.00367374410847,20.2805648720538],[110.00099,20.280830000000005],[109.99782324576289,20.281898368644022],[109.995209,20.282781999999976],[109.9938053749987,20.283606250000748],[109.99147000000002,20.284980000000008],[109.99210485931539,20.286194854245483],[109.992279,20.286525999999988],[109.99227777470465,20.286525741718783],[109.99228,20.28653000000001],[109.970389343057,20.281911857627914],[109.965831,20.280951000000012],[109.950938,20.272162000000005],[109.944428,20.256089999999997],[109.941417,20.251857999999984],[109.93941347100386,20.249789176349783],[109.93393,20.244129999999984],[109.9249,20.23827],[109.91725,20.23932999999999],[109.91516400038441,20.24642550055115],[109.914561,20.24848100000001],[109.91535381196486,20.251867717976488],[109.91725,20.259960000000003],[109.9180944161721,20.261796180132617],[109.921723,20.269679999999997],[109.924083,20.27342400000001],[109.9267775898507,20.286161294919786],[109.92856000000002,20.29458000000002],[109.93092,20.31782],[109.9298786947016,20.32186215784013],[109.928722,20.326361000000013],[109.919444,20.342231],[109.91812017867602,20.348286714294936],[109.91725,20.352279999999986],[109.91086259914705,20.355135066793963],[109.885753,20.36635999999999],[109.8823771867649,20.369239796683118],[109.87412,20.37629],[109.87425357363355,20.376344428293013],[109.889903,20.38271700000002],[109.88989969698844,20.38271987652951],[109.8899,20.382720000000003],[109.87784624241674,20.393216999223796],[109.87784624168941,20.393216999857184],[109.86280400000001,20.40631700000001],[109.86573232960102,20.410060143061173],[109.87892000000001,20.41087],[109.88636862154904,20.413470067675735],[109.888031,20.41404899999999],[109.893809,20.420478000000006],[109.89380925018966,20.420479165868432],[109.89381,20.420479999999994],[109.89608957062147,20.43109800000001],[109.903575,20.43109800000001],[109.914887,20.418647000000007],[109.945811,20.395738000000005],[109.9581,20.38271700000002],[109.96279945317326,20.374846453156007],[109.97486,20.35463999999999],[109.98193858912447,20.35175058911564],[109.982432,20.351549],[109.985444,20.37213799999999],[109.992442,20.384954999999998],[110.00611400000001,20.401189999999993],[110.015473,20.418401999999997],[110.01259418120036,20.42640074017546],[110.00978,20.434229999999992],[109.99416301162375,20.445706670527642],[109.983979,20.453191999999984],[109.97226,20.464544999999994],[109.96973400678533,20.469274511872303],[109.96494,20.478259999999974],[109.96493812881943,20.478254014131515],[109.964936,20.47825800000001],[109.96384877347879,20.474769188628557],[109.96298,20.47199000000003],[109.96148630508637,20.46858769491892],[109.96046,20.466254],[109.95850700000001,20.459905999999997],[109.95812680642562,20.452152666665107],[109.9581,20.45160999999999],[109.94757199296615,20.458199994740983],[109.943614,20.46067900000001],[109.93922000000002,20.47386300000001],[109.937511,20.489651000000006],[109.93176622434669,20.504118387836858],[109.93092,20.506250000000012],[109.93091998639487,20.506249515907],[109.930919,20.50625199999999],[109.9305782204754,20.494088926507036],[109.92994,20.47138],[109.92701000000001,20.45490000000002],[109.92306410582839,20.450804517627212],[109.91724948626735,20.44477257919048],[109.91481,20.457020000000004],[109.90952,20.47118],[109.90523798483255,20.479627248103043],[109.902924,20.48419800000001],[109.89921665537355,20.48874378154754],[109.89609,20.49258000000001],[109.88282000000001,20.497750000000003],[109.86792676518495,20.499175469636587],[109.849701,20.500922],[109.83521826932439,20.506251164963835],[109.8341575540178,20.506965160667608],[109.827485,20.511461],[109.82225552936855,20.516412058754938],[109.82211291362832,20.516547238292706],[109.819591,20.523505],[109.81971597269066,20.52441094537527],[109.82106,20.534130000000008],[109.82250136533845,20.53682594467192],[109.82333332145244,20.538380615573143],[109.82569347443406,20.542791017878407],[109.8318,20.544579999999996],[109.83573889980889,20.544441550094575],[109.83749400000002,20.544379000000003],[109.841401,20.547186999999994],[109.843761,20.557074],[109.84394917826764,20.560165059412736],[109.84523,20.581119999999995],[109.84824000000002,20.59565],[109.84140000000001,20.59565],[109.83593200002625,20.579242000078708],[109.83593199996893,20.579241999906746],[109.827729,20.554632999999992],[109.82105980852917,20.55463299999998],[109.81886,20.589100000000013],[109.80728871065888,20.607765142094447],[109.80201300000002,20.616278],[109.80201026135563,20.616279578418624],[109.80201,20.61628000000001],[109.80035294741799,20.6172347718744],[109.77589000000002,20.63133400000002],[109.75586999999408,20.63030333333301],[109.74586076478906,20.629790039219962],[109.74747058807982,20.63408244347222],[109.7482039999975,20.636037999993352],[109.75172,20.645409999999995],[109.75171976764504,20.645412380452843],[109.75172,20.645413],[109.750255,20.660468000000005],[109.75105171348744,20.668585054079013],[109.75156,20.67373],[109.76572,20.684390000000008],[109.77516,20.686179999999997],[109.77706717647062,20.68509488235292],[109.779796,20.68353900000002],[109.78457352578097,20.68008028865418],[109.78525,20.679589999999973],[109.79063399631521,20.67867000736364],[109.79713,20.677558],[109.80258588347223,20.67877034957576],[109.80592,20.67951000000001],[109.80717952390522,20.680433896744532],[109.812755,20.684516000000006],[109.82225147198608,20.69305737068976],[109.82773,20.697979999999994],[109.82938578549921,20.69554435648409],[109.830658,20.693670999999995],[109.83236390609714,20.692457140856835],[109.83700910516764,20.68915063695154],[109.83727930252601,20.68885799999455],[109.84140000000001,20.684390000000008],[109.84425,20.689680000000006],[109.84736801310108,20.694115104842044],[109.848888,20.69627499999999],[109.8509759612817,20.69851009680211],[109.8541,20.701850000000007],[109.85615777777859,20.70291666666709],[109.858735,20.704250000000016],[109.861908,20.708156999999975],[109.86190791321323,20.708157434170992],[109.86191,20.708159999999975],[109.86134797590465,20.710958650597213],[109.860444,20.715481000000025],[109.85819984326899,20.71722803091137],[109.85475,20.719920000000005],[109.84475426635775,20.715176864439208],[109.829438,20.70791299999999],[109.81397500000001,20.708440999999976],[109.801036,20.706285000000012],[109.79602739221284,20.695933375740793],[109.79371,20.69115000000002],[109.78688,20.69115000000002],[109.76968388909043,20.716227123422595],[109.760265,20.729967000000002],[109.75644016165364,20.74970016599398],[109.76439483124368,20.75786841561477],[109.773204,20.766913000000002],[109.76751177881104,20.772534112138683],[109.76344,20.77656],[109.75815,20.792789999999986],[109.75855340885985,20.795661659277204],[109.760265,20.807807],[109.76965672667413,20.81238491329575],[109.77320000000002,20.81411],[109.77320000000002,20.8141120502357],[109.773204,20.814113999999996],[109.773204,20.82151900000001],[109.76752560293164,20.82702268954476],[109.75205,20.842029999999994],[109.75205,20.848860000000002],[109.75953,20.848860000000002],[109.75953,20.84886299999999],[109.759532,20.848863000000005],[109.759532,20.855048],[109.753022,20.863715],[109.745372,20.867662000000024],[109.737804,20.865383],[109.73780266814272,20.865380803614983],[109.7378,20.86538000000001],[109.73435951864661,20.85970265616925],[109.731537,20.855048],[109.735166891979,20.832163729758104],[109.73902,20.807849999999988],[109.73816171324644,20.808436147051218],[109.72836300000002,20.815130999999973],[109.72221125907957,20.823011259080328],[109.71388,20.833690000000004],[109.70436,20.84203000000002],[109.70436197317068,20.8420217676731],[109.704356,20.842027],[109.706798,20.831855],[109.70679966979435,20.83185137766129],[109.7068,20.831849999999992],[109.70730461716151,20.830755979053677],[109.71710803597618,20.809489106468224],[109.71785846068549,20.807861185945853],[109.70453959079495,20.820772191816502],[109.689464,20.835394999999984],[109.67229003794489,20.868188660737843],[109.66562,20.880929999999992],[109.6646939066806,20.890744484428183],[109.661225,20.927558000000015],[109.691254,20.958725999999995],[109.68726075027475,20.96364509351328],[109.67897,20.973859999999988],[109.6797652574744,20.983491971410427],[109.680675,20.99445199999998],[109.69247398665806,21.026772607976422],[109.69752,21.04059],[109.69969333333488,21.039236666665687],[109.700776,21.038559999999993],[109.70278822931436,21.037861146590476],[109.70851,21.035870000000003],[109.71168000000002,21.03384000000001],[109.71167994589858,21.033840675833773],[109.711681,21.03384000000001],[109.71087417490804,21.0439063498118],[109.70981,21.05719999999999],[109.70569856950651,21.0679648520231],[109.699962,21.082993999999985],[109.68716840676092,21.103954000030715],[109.68556,21.106589999999994],[109.68555835363404,21.10659178231426],[109.68555700000002,21.106594000000012],[109.68411074998615,21.108158921503918],[109.67018000000002,21.123239999999992],[109.67661,21.13850000000002],[109.68209308662013,21.147489645646363],[109.695893,21.170111],[109.69775256784239,21.17194398061459],[109.70436,21.17845000000001],[109.71622302281753,21.182165136950402],[109.720225,21.183417],[109.72477825907454,21.18032069430836],[109.72836,21.177880000000012],[109.73642,21.169009999999993],[109.74669712512107,21.165801275074163],[109.752045,21.16413],[109.75204439535366,21.16413174988318],[109.75205,21.164129999999993],[109.74945901226951,21.171614005451975],[109.746674,21.179673999999995],[109.754893,21.192939000000003],[109.7671,21.204534999999996],[109.773204,21.215399],[109.770274,21.27130799999999],[109.7681470574977,21.275751848927857],[109.76572,21.280830000000012],[109.76572,21.287669625192034],[109.76878562445788,21.29239599244378],[109.76891381001158,21.292593620043466],[109.77353,21.299710000000005],[109.77394,21.31866999999999],[109.76572,21.355939999999997],[109.77638,21.35365999999999],[109.7837,21.348289999999995],[109.78736,21.339910000000003],[109.78712260730188,21.33435600000021],[109.786876,21.32868100000001],[109.78688010006141,21.328682341020148],[109.78688,21.32868000000001],[109.79982,21.332910000000005],[109.80348,21.34121],[109.80397,21.35003999999999],[109.80641580804996,21.354271749998478],[109.80738253154016,21.35594046520976],[109.81625,21.357569999999996],[109.84140000000001,21.355939999999997],[109.89930720904512,21.360730581880375],[109.924083,21.362779000000003],[109.924083,21.37026600000003],[109.92408,21.37026917716595],[109.92408,21.37027000000002],[109.9048,21.39068999999999],[109.91757,21.413800000000005],[109.93257200000764,21.429096156870518],[109.94052200000002,21.43720100000002],[109.951264,21.458400999999988],[109.95125998136122,21.45839996320833],[109.95126000000002,21.45840000000001],[109.95103347457692,21.45834152542389],[109.933442,21.45380300000001],[109.924571,21.465032999999988],[109.92486234207358,21.466635164470862],[109.92726000000002,21.479799999999994],[109.94443,21.48566],[109.94443,21.49311000000001],[109.91798,21.489410000000007],[109.89996961374935,21.484821736492094],[109.88697400000001,21.48151299999999],[109.858979,21.482815000000002],[109.841401,21.506781000000025],[109.84140000000001,21.50677999999998],[109.82870612247777,21.494086122477775],[109.82773,21.49311000000001],[109.827729,21.493109000000008],[109.827729,21.485663000000002],[109.82773,21.485663000000002],[109.82773,21.485660000000024],[109.835216,21.485660000000024],[109.835216,21.480129000000005],[109.83297242602784,21.477533524653072],[109.82691,21.470530000000004],[109.82402902308289,21.4655314596075],[109.823741,21.465033000000002],[109.821056,21.458400999999988],[109.81422,21.458401],[109.802745,21.473334],[109.799083,21.498603],[109.79994344024702,21.531487088047914],[109.80055,21.554590000000008],[109.80054792175551,21.55458900967133],[109.800548,21.554592000000007],[109.783295,21.546373000000003],[109.770112,21.551580999999995],[109.76770860339595,21.557292999985467],[109.76515,21.563379999999977],[109.76901139083333,21.569001801312616],[109.773204,21.57509999999999],[109.773204,21.581855000000004],[109.75706053146968,21.577413893096868],[109.74806,21.574940000000012],[109.74806,21.574937825307185],[109.748057,21.574936999999995],[109.748057,21.57461199999999],[109.7479341336704,21.559818188944835],[109.74781,21.545230000000004],[109.76026,21.51161999999999],[109.77320000000002,21.49311000000001],[109.77320000000002,21.485662999999995],[109.76946000000001,21.485663],[109.76572,21.485663000000002],[109.76572,21.49311000000001],[109.75953,21.49311000000001],[109.7426883761401,21.475317188081547],[109.74203028068617,21.47462204607185],[109.74146983173691,21.474030047439136],[109.71917717490994,21.48031511218323],[109.708588,21.483303000000014],[109.64967172580668,21.520451281306247],[109.65933583311255,21.52762629170601],[109.659923,21.528061999999984],[109.668224,21.559638000000017],[109.677013,21.57510000000001],[109.67389365693376,21.581060218979154],[109.67335,21.58210000000001],[109.67327845940125,21.58273772079749],[109.671723,21.596625000000007],[109.67104256765143,21.599418909798654],[109.67018000000002,21.602970000000003],[109.67368,21.60639],[109.67677,21.61005],[109.67799,21.615300000000026],[109.67779188627534,21.61694555685581],[109.677013,21.62343999999999],[109.67701015952515,21.62343867496445],[109.67701,21.623440000000006],[109.65878,21.61494],[109.6409751850149,21.603948251973453],[109.637218,21.601630000000007],[109.62999975293971,21.591834109251568],[109.62525,21.58539000000001],[109.63538717945315,21.56923652241559],[109.63599700000002,21.56826400000001],[109.62891827524113,21.56684025648916],[109.62233,21.567820000000005],[109.61581,21.57071],[109.61065262364548,21.573608960588526],[109.608002,21.575100000000003],[109.608002,21.58185330833334],[109.60887470009298,21.583296899737142],[109.612804,21.58978900000003],[109.61316426186441,21.59541636906796],[109.61354,21.601220000000026],[109.61085,21.61152000000001],[109.60911903251883,21.61285219510922],[109.604991,21.616034000000006],[109.60361790102266,21.619238600685456],[109.60304,21.620590000000004],[109.61549,21.650130000000015],[109.61548666931702,21.650127470266984],[109.615489,21.650132999999983],[109.5959414269193,21.635282393302997],[109.59449229768717,21.63418174514812],[109.59275332830208,21.633550716348875],[109.5853,21.630849999999988],[109.58273568852283,21.636982049184553],[109.581391,21.640204000000015],[109.58099828438299,21.64295274125378],[109.57993,21.650459999999995],[109.57594,21.65937],[109.56943,21.66648999999999],[109.56690781567583,21.66790596312936],[109.560883,21.671291],[109.56422,21.691229999999994],[109.56772,21.698549999999987],[109.5677181821419,21.698552288084397],[109.56771900000001,21.698554],[109.560802,21.707260999999995],[109.567882,21.719957000000026],[109.581554,21.732367],[109.59449300000001,21.740179999999985],[109.59449300000001,21.746404999999985],[109.59449,21.746404496546774],[109.59449,21.746409999999983],[109.5875422829293,21.74523854635938],[109.583344,21.744533999999994],[109.574962,21.745672999999986],[109.572195,21.748154999999986],[109.56943,21.750640000000004],[109.56772,21.76],[109.54489417922291,21.741305521967853],[109.492686,21.698554],[109.49269116045683,21.698550950420813],[109.49269,21.69855000000001],[109.49526736538283,21.6970285384984],[109.498057,21.69538],[109.500987,21.691881000000006],[109.503266,21.688381000000007],[109.506196,21.684962999999996],[109.5047555903614,21.684760144578313],[109.50302,21.68452],[109.49960199999968,21.684751728813577],[109.495942,21.685004000000003],[109.492686,21.684962999999996],[109.492686,21.678127000000018],[109.49534424853313,21.678947621323566],[109.49928,21.68015999999999],[109.51344,21.682680000000005],[109.5198672362505,21.684959020007973],[109.52100698038454,21.665758330451524],[109.51755204720311,21.663848094358023],[109.50635805997649,21.657660033155135],[109.48471,21.658029999999997],[109.46469,21.66446],[109.46469,21.65762],[109.47660306982782,21.653612427959445],[109.529877,21.635688000000005],[109.540538,21.626898999999998],[109.54134969815226,21.624685415128337],[109.54322,21.619570000000007],[109.57276,21.581730000000004],[109.5718374114199,21.578750581585467],[109.57105600000001,21.57623899999999],[109.56782157689848,21.574384929483585],[109.56495,21.572740000000003],[109.56186231863347,21.569341274564604],[109.560883,21.56826399999999],[109.56088302937425,21.568263334544636],[109.56088,21.56825999999999],[109.56150682261023,21.55413168893632],[109.562266,21.536933000000012],[109.56145795304654,21.53094188397632],[109.56088,21.526679999999992],[109.55910930084438,21.52435084957224],[109.556977,21.521552000000028],[109.55209808065156,21.51680368952236],[109.5433,21.508249999999997],[109.54100964065502,21.503959725429894],[109.540538,21.503078999999993],[109.530772,21.49164499999998],[109.48585,21.474310999999997],[109.48272748420958,21.47236842105204],[109.47218,21.465810000000005],[109.46689,21.47484],[109.46617119864923,21.480305602723792],[109.465831,21.482896000000014],[109.46639646742447,21.485113110477002],[109.46787,21.490870000000033],[109.47123445496999,21.497481817539658],[109.472179,21.499335000000013],[109.47217647198796,21.499333066760595],[109.47218,21.49934],[109.46388,21.49298999999999],[109.45460000000001,21.481840000000012],[109.45285709753162,21.47904945123916],[109.447276,21.47012],[109.4453596290576,21.46515181452967],[109.44418,21.462100000000017],[109.44047087496904,21.457703999963304],[109.438243,21.455064000000004],[109.42650992736048,21.45278692735547],[109.42441,21.452380000000005],[109.34376,21.453520000000005],[109.33522,21.458159999999985],[109.32159633066941,21.47893113221323],[109.320811,21.480129000000005],[109.32081090477962,21.48012862054073],[109.32081,21.480130000000003],[109.31552003232153,21.45905012879727],[109.29892,21.443264000000003],[109.28397462041333,21.4388717225041],[109.2776,21.437000000000005],[109.25864,21.444730000000014],[109.25863829971637,21.44472847009244],[109.258637,21.444728999999995],[109.253754,21.440333999999986],[109.2524705240186,21.439587903930807],[109.25025,21.4383],[109.24765,21.436270000000007],[109.24619149879341,21.433744833731843],[109.24496673738682,21.431630000000002],[109.23878,21.431630000000013],[109.23867998705242,21.433290337645296],[109.23715300000002,21.458686],[109.2386938211657,21.484234083950156],[109.23878,21.48566],[109.23877980564627,21.485659777455027],[109.23878,21.485663000000002],[109.23493562568164,21.48125799459451],[109.22706000000001,21.47224],[109.22416514935979,21.463096701256603],[109.219737,21.449122999999993],[109.21541322217014,21.42239181492628],[109.21461,21.41743000000001],[109.17197,21.41755],[109.15944071703683,21.422578531014743],[109.157074,21.423529000000006],[109.149425,21.438544000000018],[109.14942163558794,21.438536790826817],[109.14942000000002,21.43854],[109.14560030689212,21.430348548764695],[109.144298,21.427557999999994],[109.14442634559555,21.42376568383391],[109.14462,21.417950000000012],[109.1471593048208,21.413265217726455],[109.148936,21.409979999999997],[109.15195666853822,21.407412534837],[109.15625601836905,21.40375338873783],[109.15081797014169,21.40308612268022],[109.14669019551144,21.40257963141919],[109.13868000000001,21.4016],[109.09645,21.4252],[109.0774,21.431630000000002],[109.0592645046,21.435308990812988],[109.050141,21.437160999999996],[109.04474070897476,21.444007116401828],[109.03981000000002,21.45026000000001],[109.04301686441015,21.463408144081605],[109.04340240921442,21.464986548322543],[109.04371129035744,21.46625109475313],[109.05905890637891,21.479272177294572],[109.060069,21.480129000000005],[109.08253000000002,21.486029],[109.109874,21.489569000000003],[109.132823,21.495917],[109.14201445448077,21.5093587727723],[109.14259,21.51019999999999],[109.14211589980097,21.552046599200562],[109.1421,21.553452999999983],[109.135753,21.602972999999988],[109.128917,21.602972999999988],[109.12474311061924,21.59197818584009],[109.12436,21.590970000000016],[109.12163782299804,21.590835531015564],[109.116059,21.590562000000023],[109.11392243133784,21.592345725342348],[109.10719,21.597970000000014],[109.10449556849885,21.602922285721426],[109.101085,21.609198000000013],[109.10108108815673,21.609198000000003],[109.10108,21.609200000000005],[109.09482,21.609199999999987],[109.09193361793443,21.60544108138559],[109.087413,21.599555000000006],[109.07764805784849,21.596991277731263],[109.07425533331461,21.599223333345645],[109.069672,21.60223999999999],[109.066742,21.616034000000006],[109.060069,21.616034000000006],[109.05796320570276,21.613276382892206],[109.05665,21.61156],[109.05316672409982,21.60864084487974],[109.04931533929556,21.605416333611508],[109.04640228577703,21.60297742543358],[109.04982,21.61407999999999],[109.05433839139029,21.621468681002952],[109.054698,21.622056000000008],[109.066742,21.636542000000023],[109.066742,21.643948000000016],[109.06674,21.6439472310213],[109.06674,21.64395],[109.04843,21.636910000000007],[109.01852423143272,21.618338578100545],[109.01852423124126,21.618338577981643],[109.013764,21.615383000000005],[109.00488586670753,21.612807666803583],[108.99244,21.609200000000005],[108.97514331986834,21.606980480037134],[108.97022571392154,21.606350091517687],[108.96994045608103,21.60635618243242],[108.958995,21.60659400000001],[108.94848650557965,21.608493758363686],[108.94459,21.609200000000005],[108.92799,21.615060000000007],[108.92075,21.62201999999999],[108.91417499195977,21.63530843730237],[108.90650500000001,21.650823999999982],[108.901703,21.665187999999997],[108.897472,21.671291000000014],[108.891612,21.67267500000001],[108.875499,21.670152000000005],[108.86947946217064,21.671290534305484],[108.85727,21.683420000000016],[108.85524,21.68495999999999],[108.85524,21.694279999999992],[108.86036000000001,21.697899999999997],[108.86647,21.70018000000001],[108.86948,21.705390000000005],[108.86427,21.73188000000001],[108.86331092603207,21.732371315085327],[108.8623871673642,21.732846492911314],[108.86142191899846,21.733343012874734],[108.86549,21.73973000000001],[108.86670989899046,21.740774734007225],[108.867442,21.741400000000002],[108.869965,21.742335999999998],[108.87574300000001,21.746404999999974],[108.88132168315767,21.748596975272314],[108.886,21.750430000000005],[108.91660000000002,21.75381],[108.92150636580197,21.76152243289843],[108.922374,21.762884999999994],[108.924083,21.766831999999997],[108.91684,21.76435000000001],[108.904307,21.762762999999993],[108.90111556031218,21.761471015564567],[108.89747423859465,21.76000171031011],[108.89874451663577,21.7632419939046],[108.9007168428617,21.768273094266828],[108.90309,21.77432],[108.90268342780583,21.77419864170497],[108.893809,21.771551999999993],[108.89094406144228,21.769870230938803],[108.88632,21.76716],[108.880844859213,21.761405809858314],[108.880626,21.761176],[108.87884120413959,21.758484002967048],[108.87574066350066,21.753811000000002],[108.86947869789984,21.753811000000002],[108.86142,21.760000000000012],[108.86142,21.766830000000006],[108.86239929664062,21.768128055040815],[108.866954,21.774156],[108.87574300000001,21.800971000000004],[108.869477,21.80097100000002],[108.858246,21.787298999999994],[108.85523619899689,21.78115744657487],[108.85358729726181,21.78438782283653],[108.849864,21.791693],[108.85036887051709,21.797169666665685],[108.85068,21.80052000000001],[108.85524,21.808169999999993],[108.86142,21.815249999999992],[108.86141689745703,21.815249448503774],[108.86142,21.815252999999995],[108.84083100000001,21.811591],[108.83289980000397,21.812948199948657],[108.80136,21.81835],[108.78695575000293,21.81630262838189],[108.779552,21.815252999999995],[108.77955650350071,21.8152509243857],[108.77955,21.81525],[108.78891,21.81094],[108.821056,21.800971000000004],[108.81947153606122,21.7990699028089],[108.81739,21.796580000000016],[108.81625,21.793360000000003],[108.81598790327287,21.789797122615727],[108.815929,21.789007999999985],[108.81422,21.78115500000001],[108.81422112346831,21.78115516401219],[108.81422,21.781150000000004],[108.83159536628172,21.783691584301128],[108.83229213483114,21.783793303720184],[108.83261016817679,21.783839732576922],[108.84254,21.76804999999998],[108.84256076595744,21.767562000000034],[108.843516,21.745022],[108.83472784371702,21.725817843717],[108.82895,21.720040000000008],[108.82476339830264,21.716973497879568],[108.822113,21.71503300000001],[108.81939033659731,21.715703678090566],[108.81666027653266,21.716379931501084],[108.81422,21.729640999999997],[108.8142192599319,21.729693099886674],[108.81406,21.741119999999974],[108.81305149266775,21.746939498942698],[108.812104,21.752426999999997],[108.80913990829292,21.755313455028602],[108.80592,21.758450000000003],[108.8059192703464,21.75844973673463],[108.805919,21.758450000000003],[108.793061,21.753811000000002],[108.79306146971429,21.753810530285712],[108.79306,21.75381],[108.79859,21.748279999999994],[108.7995969433971,21.746502436656126],[108.800548,21.744818000000002],[108.799897,21.733343999999995],[108.79942463832117,21.73386931377121],[108.79664,21.736970000000014],[108.79518,21.73798],[108.79517983329886,21.737980031786233],[108.795177,21.737981999999988],[108.793492000002,21.738301864406385],[108.79282,21.738430000000008],[108.78688,21.740179999999985],[108.78688145063418,21.740178394443735],[108.786876,21.740179999999985],[108.78974805702326,21.737005645624716],[108.7930588671505,21.73334125383341],[108.789806,21.729153000000004],[108.786388,21.72785099999999],[108.78297,21.727444000000023],[108.78144195294149,21.726716188235443],[108.77955,21.725819999999995],[108.77956039803439,21.725819999999995],[108.779552,21.725815999999988],[108.799897,21.725815999999988],[108.799897,21.71906199999998],[108.793061,21.719061999999997],[108.793061,21.719060000000002],[108.79306,21.719060000000013],[108.79306,21.712839999999993],[108.793061,21.712839442796607],[108.793061,21.71283599999998],[108.80466814286362,21.706371903446733],[108.81666,21.699690000000018],[108.8262224285651,21.692136439496988],[108.82787952255327,21.690826809780518],[108.83432096781807,21.685736025433936],[108.83863,21.668039999999998],[108.82577874713024,21.650419813225266],[108.821056,21.643948],[108.842377,21.646388999999985],[108.84593366667136,21.646235656426356],[108.85182,21.64598000000001],[108.85571348189096,21.645156690808477],[108.85616537400773,21.645060976077087],[108.86141887656115,21.643948237954227],[108.85938447637693,21.64075740453541],[108.849946,21.62596299999999],[108.84176029302371,21.627006804651096],[108.83399,21.628000000000004],[108.81544,21.637929999999994],[108.79648,21.64395],[108.7936816440742,21.643173701700412],[108.787364,21.641425000000012],[108.78467399993437,21.638403962119114],[108.78207,21.635479999999994],[108.78066397894173,21.633095416546897],[108.778087,21.628729999999994],[108.772716,21.62343999999999],[108.762787,21.620551],[108.75930786340484,21.62049213660257],[108.74594,21.620270000000012],[108.74261000000168,21.618362000000953],[108.73853600000001,21.616034000000006],[108.7409175618614,21.61148373969111],[108.74536574101296,21.602978143831724],[108.74086864300604,21.60667399991972],[108.7370663405061,21.609798851284115],[108.73349,21.612739999999988],[108.73332604477588,21.61398605970338],[108.731293,21.629462000000007],[108.72755,21.644760999999995],[108.711192,21.650132999999997],[108.711192,21.65762],[108.73316017237534,21.662419945186084],[108.7403264371104,21.660141132969077],[108.74264824515939,21.655535707530653],[108.74537,21.650130000000015],[108.75156,21.65013000000003],[108.75156,21.691719999999993],[108.751557,21.691717509868436],[108.751557,21.691718],[108.75013882910719,21.690540365826923],[108.74244,21.684150000000017],[108.74024,21.67999999999999],[108.73929950238444,21.675181332804993],[108.73853600000001,21.671291000000014],[108.7317,21.671291],[108.72049200251747,21.681373665802305],[108.71266,21.688419999999997],[108.71397327557902,21.698274325087482],[108.715424,21.709133000000012],[108.724701,21.729721999999995],[108.724864,21.746404999999974],[108.724859933939,21.746403109011496],[108.72486,21.746410000000015],[108.71963951703324,21.743975268315914],[108.71786756021862,21.74315119067174],[108.71119,21.746409999999983],[108.70045,21.722479999999994],[108.694102,21.712144],[108.68319895571715,21.705391211271287],[108.67494998376313,21.714959254059206],[108.674571,21.715399000000016],[108.67457078911258,21.715399084702554],[108.67457,21.715400000000006],[108.65431,21.723539999999996],[108.65140192483736,21.729095387250272],[108.65104198145596,21.729783956270545],[108.64918311129473,21.733339961108797],[108.65878,21.733219999999996],[108.66263300000168,21.73398403771323],[108.667003,21.734849],[108.67782252802635,21.738410745332143],[108.6832,21.740179999999985],[108.6832,21.746409999999983],[108.66538,21.75186],[108.6526,21.749989999999997],[108.6469239548237,21.751239273101],[108.646332,21.751369999999998],[108.64918093786358,21.76683166277525],[108.649460272248,21.767326905696308],[108.65561,21.778225],[108.66341472324169,21.785822638370988],[108.66481,21.787179999999996],[108.67311,21.798000000000005],[108.6755781045343,21.80891661620932],[108.677013,21.815252999999995],[108.669688,21.815252999999995],[108.66858357602932,21.812893193549453],[108.667,21.80952],[108.6606621851128,21.8019294691395],[108.660167,21.801336999999993],[108.65601929603375,21.79483216915917],[108.6510469487481,21.810153660316857],[108.64975,21.814154000000006],[108.649181,21.822088999999988],[108.64918007178841,21.822089000000002],[108.64918,21.822090000000003],[108.64234,21.822089999999992],[108.64281425761033,21.81395071398493],[108.643077,21.809394000000005],[108.6425128829395,21.80149447025765],[108.64218,21.796860000000024],[108.64056398913431,21.789241663061755],[108.639659,21.784979999999997],[108.63550938926932,21.77432],[108.62867241594172,21.77432],[108.623302,21.783515],[108.62253520871384,21.78581485045147],[108.62184,21.787910000000007],[108.615,21.787910000000007],[108.62501,21.767810000000008],[108.62916,21.75609000000001],[108.62867,21.746410000000015],[108.59449297292103,21.740180541875304],[108.593761,21.754828000000007],[108.597504,21.766547],[108.607514,21.78790900000001],[108.60750895250256,21.787907764780666],[108.60751,21.787910000000007],[108.58058000000001,21.78132],[108.56943,21.794380000000007],[108.57080702973332,21.807394696402543],[108.5709241662731,21.808500266211997],[108.5713808533407,21.812810615785523],[108.58193971726912,21.820430075914263],[108.584239,21.822088999999988],[108.58553268487553,21.822764787826245],[108.6006,21.830629999999985],[108.6185728948927,21.864475605140115],[108.622081,21.871080000000003],[108.62539624311802,21.874314756876093],[108.63551000000001,21.884179999999994],[108.63551000000001,21.89033],[108.62257,21.89623000000001],[108.60360976253558,21.91070676250844],[108.594493,21.917670000000026],[108.5944928625119,21.917667814378394],[108.59449,21.91767000000001],[108.59431857142812,21.91489714284963],[108.59408600000002,21.91119999999999],[108.592296,21.906806000000007],[108.59142966602997,21.905506166351397],[108.58969,21.90290000000001],[108.58899469632952,21.90117030367691],[108.587657,21.897853999999995],[108.583344,21.900539000000006],[108.5796,21.901800999999992],[108.57574006599455,21.90267119795624],[108.56715000000001,21.904610000000005],[108.5671533334768,21.904607023044786],[108.567149,21.904607999999996],[108.56857944067947,21.90333344067664],[108.57089,21.901269999999997],[108.57277427710714,21.900479819277653],[108.573985,21.89997],[108.576996,21.899359000000008],[108.57841117823742,21.898802178235982],[108.58081565068846,21.897851719230484],[108.57534435363073,21.895518939117082],[108.57032,21.893380000000008],[108.56804133333209,21.893860318348576],[108.560313,21.895493999999992],[108.55372200000001,21.90375400000001],[108.55321736526406,21.913334487019558],[108.55299,21.91767000000001],[108.55812,21.923650000000002],[108.56691,21.92780000000001],[108.57363082987122,21.935240571420383],[108.573822,21.935451999999984],[108.573334,21.95180900000001],[108.5733300299511,21.95180900000001],[108.57333,21.95181],[108.56715000000001,21.95181],[108.56714995092024,21.95180900000001],[108.567149,21.95180900000001],[108.566987,21.948553999999994],[108.5671774238518,21.94546219204161],[108.56739,21.941959999999998],[108.56720500341295,21.93951650341267],[108.56714948226654,21.93879427341809],[108.56714915374921,21.93879],[108.55983,21.93879],[108.55853381355914,21.94212305084791],[108.55836,21.94257200000001],[108.55608447573731,21.94648542722295],[108.55299,21.95181],[108.55298967716494,21.95180783541749],[108.552989,21.95180900000001],[108.550548,21.935451999999998],[108.54829650795207,21.930085859419666],[108.54566000000001,21.923809999999992],[108.53769000000001,21.91449999999999],[108.52980087719165,21.908019649121698],[108.52663289963658,21.90541898809519],[108.52564841536383,21.904610803745758],[108.52394481545767,21.90547488927507],[108.521495,21.906723999999997],[108.505138,21.910833999999998],[108.505138,21.904607999999996],[108.51075189482349,21.90159759264229],[108.51319,21.89849999999999],[108.51539,21.89492],[108.51710000000057,21.89262499999923],[108.51880667938931,21.890329121757738],[108.50172000000002,21.885810000000003],[108.48487,21.87709999999999],[108.47836,21.86640000000001],[108.48310234980387,21.862735621394872],[108.49146236782816,21.85627180832886],[108.47150195705186,21.861001128819986],[108.46956056008649,21.86146130317218],[108.46314991522664,21.8629808349311],[108.46184396509682,21.875843111107628],[108.460704,21.887111999999988],[108.477794,21.94501400000002],[108.470225,21.940253000000013],[108.46478593887694,21.934412865871682],[108.46469,21.93431],[108.4607,21.92695000000001],[108.45880036283938,21.92037215192144],[108.458018,21.91767000000001],[108.457286,21.888332],[108.45022485438736,21.869704458232874],[108.44874,21.86579000000001],[108.45190470449255,21.858010863667904],[108.455658,21.848782000000014],[108.45614874698583,21.848223791172835],[108.46957,21.832950000000007],[108.4824430462919,21.823667046299484],[108.48462891184153,21.822089785185547],[108.48154000000001,21.821480000000005],[108.47096000000002,21.822090000000014],[108.47096026278595,21.82208886952459],[108.470958,21.822088999999984],[108.472016,21.817532000000003],[108.473888,21.814438999999975],[108.47449105166774,21.81369074381146],[108.47608000000001,21.81171],[108.47779,21.80780999999999],[108.47779208389778,21.80781137934187],[108.477794,21.807806999999997],[108.48415284984443,21.812021600611292],[108.48829000000002,21.814759999999993],[108.4946956619316,21.81058429546441],[108.497081,21.809026999999993],[108.49859762142148,21.806067271491152],[108.50294000000001,21.797589999999992],[108.5034551562508,21.795323312496507],[108.505138,21.787909],[108.50422979697493,21.78469566667562],[108.50196,21.776680000000002],[108.4961,21.76826],[108.4913,21.757720000000006],[108.49137246863503,21.7502429420084],[108.49140567698133,21.74667009066601],[108.49146598625134,21.740181479204793],[108.48219,21.74359999999998],[108.476513743853,21.744260871927807],[108.475922,21.744330000000026],[108.47592133033551,21.744329845112475],[108.47592,21.744329999999987],[108.47047,21.74307],[108.46347,21.740179999999985],[108.47543,21.73675999999998],[108.48248712697765,21.733739054416578],[108.486827,21.731879],[108.496918,21.725897999999994],[108.50444799998928,21.719635824826437],[108.505138,21.71906166423359],[108.505138,21.712839999999993],[108.49147,21.712839999999993],[108.49147023132531,21.71283599999998],[108.491466,21.71283599999998],[108.49171,21.708685999999997],[108.493907,21.705878000000002],[108.49443069802771,21.70576581183603],[108.49505000000002,21.70562999999999],[108.49765,21.705390000000005],[108.49635000000002,21.704779999999996],[108.49383,21.705390000000005],[108.493826,21.705390000000012],[108.477794,21.705390000000005],[108.47779,21.705390000000005],[108.47779,21.69855000000001],[108.48642,21.69725000000003],[108.4922026961756,21.6947400885683],[108.496349,21.692938999999996],[108.505138,21.69171800000002],[108.505138,21.68496300000001],[108.50147891794931,21.680369918026486],[108.5011521463415,21.680345162601625],[108.500824,21.680324999999996],[108.50082933008626,21.68032070682472],[108.50082,21.68032],[108.50229,21.679139999999997],[108.5032362000035,21.676533799990363],[108.505138,21.671291000000014],[108.5051387028931,21.671293572733024],[108.50514,21.67129],[108.51111853894336,21.69318100000936],[108.51303100000001,21.700181000000015],[108.5201104098109,21.71263020363864],[108.53305,21.71905999999999],[108.53264987546858,21.717651625161214],[108.530528,21.710191],[108.52712467088608,21.706605443037986],[108.52597,21.705390000000012],[108.52149,21.702300000000005],[108.51975098788128,21.699866680804046],[108.518809,21.69855400000001],[108.51859389916011,21.696324161349164],[108.51791,21.68927999999999],[108.52076,21.680570000000003],[108.5193439444158,21.67383102778386],[108.518809,21.671291],[108.5188104650925,21.67129221336321],[108.51881,21.67129],[108.52402,21.6756],[108.52690780487715,21.677140162601138],[108.527924,21.67767999999999],[108.53101600000001,21.679877000000022],[108.5310160901272,21.679877225251566],[108.53102,21.679880000000004],[108.53305,21.68495999999999],[108.53712,21.685369999999992],[108.53858,21.684029999999986],[108.53900807118616,21.680617000002297],[108.539317,21.678127000000018],[108.5393197143281,21.67813227765435],[108.53932,21.678130000000007],[108.54225,21.683819999999994],[108.55299,21.69855000000001],[108.55982612187813,21.698549999999987],[108.56236273401998,21.689505837029387],[108.56418125274747,21.683021999999195],[108.56543909301453,21.678533236693237],[108.56359857536049,21.67698428175794],[108.56124697098359,21.67500520310175],[108.55722,21.671619999999997],[108.55190581949468,21.66917477076416],[108.545177,21.666083],[108.539317,21.650132999999997],[108.53932235462523,21.650136408920204],[108.53932,21.650130000000015],[108.54436053273135,21.653343869083944],[108.548839,21.656195000000007],[108.5527050000006,21.657522481927927],[108.55298883266843,21.657619600575703],[108.546886,21.643052],[108.541145662697,21.640396337304583],[108.53598,21.63801000000002],[108.52345,21.639309999999995],[108.51197,21.64395],[108.51197,21.636540000000004],[108.5145185504017,21.635790147181623],[108.517345,21.634955000000016],[108.52047288211904,21.63328685314624],[108.52101,21.633],[108.5254,21.631170000000008],[108.52710099999638,21.630981000000403],[108.53304902906306,21.63031622028118],[108.53178087927022,21.625379494301924],[108.530528,21.620509999999996],[108.526866,21.61424399999999],[108.52298293966743,21.611951542978286],[108.52101,21.61079],[108.51197,21.609200000000005],[108.51661,21.599190000000004],[108.51725185437843,21.598122187715887],[108.51730910003069,21.59802674355375],[108.51880728234285,21.595528863804343],[108.49049,21.583690000000004],[108.4862929415391,21.5828578246155],[108.481212,21.581855000000004],[108.480072,21.58783599999999],[108.48178049461292,21.59951054657088],[108.48910988726912,21.607609875427016],[108.49008715529486,21.60732715529831],[108.50514,21.602970000000003],[108.50514,21.609200000000005],[108.49147,21.62343999999999],[108.49146824768164,21.62343765861016],[108.491466,21.62343999999999],[108.478526,21.606146999999996],[108.47622261268793,21.60421807512038],[108.47177,21.600490000000004],[108.46347,21.595529999999993],[108.46347239015694,21.59552683148166],[108.46347100000001,21.595526000000007],[108.46782350000575,21.589758770345682],[108.46998,21.586899999999996],[108.47119960527304,21.581201844216082],[108.46890469439833,21.579135916829962],[108.46713031133913,21.577540279975732],[108.458018,21.575100000000003],[108.458018,21.56826399999999],[108.45802,21.568263729657918],[108.45802,21.56825999999999],[108.45965533139824,21.568042680212866],[108.461029,21.567857000000014],[108.46520312830697,21.568028101845194],[108.470958,21.568259919436056],[108.470958,21.56199979862611],[108.43271348327394,21.558149074959662],[108.420014,21.556870999999994],[108.40211,21.559801],[108.3965238757085,21.566664875635336],[108.38966,21.575100000000003],[108.39064000000002,21.595359999999996],[108.4000647147335,21.59822076071053],[108.406749,21.60024600000001],[108.41458275000392,21.59691444332463],[108.42090786178314,21.594220910554235],[108.41662360001274,21.58259220003457],[108.41635,21.581849999999985],[108.42810804025771,21.582901040254548],[108.431895,21.58323800000001],[108.43189602726144,21.58323964488061],[108.4319,21.58323999999999],[108.43873000000002,21.59417999999999],[108.43873055966355,21.594183294920576],[108.438731,21.594184],[108.43909938870183,21.596354710948738],[108.4437,21.62343999999999],[108.443696,21.62343999999999],[108.437511,21.623439999999988],[108.43751,21.62343999999999],[108.43651266369926,21.622385277285108],[108.432465,21.618108999999983],[108.43209918881377,21.618002320678016],[108.42758,21.616690000000002],[108.42377848223288,21.618171205579127],[108.422374,21.61872],[108.416352,21.62343999999999],[108.416352,21.630315999999993],[108.421235,21.635159000000005],[108.427338,21.639146],[108.434825,21.642157000000022],[108.443696,21.643947999999995],[108.44369568383526,21.64394912898142],[108.4437,21.64395],[108.44142028901908,21.652088968151173],[108.44809,21.658108],[108.45948300000002,21.662095],[108.470958,21.664454999999993],[108.470958,21.66445958885016],[108.47096000000002,21.66446],[108.47096000000002,21.67128999999999],[108.470958,21.671289662949714],[108.470958,21.671291],[108.46143691903654,21.66968512142819],[108.42343,21.66328],[108.4096833882172,21.66445970922936],[108.423595,21.679389000000008],[108.427013,21.68772999999998],[108.423839,21.698553999999994],[108.420909,21.69318300000001],[108.41748384015477,21.68926305327381],[108.41358,21.684800000000003],[108.40968,21.678129999999992],[108.40897859760297,21.68035039041022],[108.408051,21.683295],[108.406993,21.683295000000015],[108.403331,21.684962999999996],[108.40187612626653,21.681678631350152],[108.39796,21.672840000000008],[108.386,21.672919999999994],[108.33766,21.697459999999996],[108.33595,21.706850000000017],[108.34111868483981,21.72510883638944],[108.341319,21.72581600000001],[108.34131882788532,21.725815859401248],[108.34132,21.725819999999995],[108.32154,21.70965999999999],[108.31137,21.68170999999999],[108.31275000000001,21.65184],[108.320577911756,21.640534183826222],[108.32212359624694,21.63829993695865],[108.3276442327418,21.630320000000015],[108.30649,21.630320000000015],[108.30649178805395,21.630315999999993],[108.306488,21.630315999999993],[108.311127,21.619939999999996],[108.313975,21.616034000000006],[108.30717398768782,21.613072036921118],[108.30641,21.612739999999995],[108.30640871904382,21.612738748674488],[108.306407,21.612738000000018],[108.30574425005112,21.61208964996095],[108.30079,21.60725],[108.2971095307187,21.600314754269938],[108.296641,21.599432999999973],[108.29664014760422,21.59943027813616],[108.29664,21.599429999999984],[108.2965592012503,21.59917180084085],[108.293468,21.589300999999992],[108.29347029610119,21.589300946216134],[108.29347,21.589300000000005],[108.30909,21.58892999999999],[108.313975,21.589299621676904],[108.313975,21.581855000000015],[108.30714,21.578111000000007],[108.28956100000002,21.564032000000005],[108.285981,21.558294999999998],[108.2859802553404,21.558290409400552],[108.28598,21.558289999999978],[108.28378,21.544749999999997],[108.27784,21.540110000000006],[108.2712943095269,21.53900527382369],[108.269135,21.53864200000002],[108.26913064387931,21.5386401086685],[108.26913,21.53864],[108.26880248415905,21.538497628957597],[108.25863700000001,21.534084],[108.22641,21.508001999999994],[108.21960644003173,21.504744200171224],[108.21103,21.500640000000015],[108.2103,21.513620000000003],[108.21933,21.52936],[108.24497,21.564359999999997],[108.24970519662372,21.576208152925485],[108.251964,21.581855000000004],[108.25250018753712,21.586250552131705],[108.25278000000002,21.58852999999999],[108.25267929496431,21.591249035963667],[108.252533,21.59528200000002],[108.24936,21.60309499999999],[108.245110000001,21.6083844444432],[108.24171,21.612620000000003],[108.22682,21.625559999999993],[108.22788,21.632070000000006],[108.2308426920167,21.635451054866337],[108.238292,21.643948000000016],[108.23828622828894,21.643945695684202],[108.23829,21.64395],[108.22862717000943,21.640089383344893],[108.216889,21.635403],[108.2123348937934,21.63188862829597],[108.2103,21.630320000000015],[108.20981,21.63349],[108.2103,21.64395],[108.20965228125209,21.64373715625069],[108.206065,21.64256400000001],[108.20174469955637,21.639238034357128],[108.20094,21.63862000000001],[108.19982603027856,21.63798692431133],[108.197276,21.636542],[108.20468052726346,21.631009100475847],[108.20883,21.62393],[108.20883,21.616200000000006],[108.20411,21.609200000000023],[108.20411,21.602970000000017],[108.21029326019396,21.602970000000017],[108.18117579819433,21.57961253571375],[108.1797724691351,21.57848681231165],[108.17636094386539,21.57575075698339],[108.16991311015683,21.574267110166588],[108.15797,21.571520000000007],[108.15522597067574,21.57276816481371],[108.135265,21.581855000000015],[108.128429,21.575100000000003],[108.12940700927149,21.572664992277197],[108.13233,21.56538],[108.12924292865284,21.563365039637954],[108.12869738800833,21.56301041810815],[108.12826771604486,21.562731115492408],[108.12462560846278,21.56450993474805],[108.120942,21.566311],[108.11801050988163,21.57047670196448],[108.11476,21.57510000000001],[108.11475867197879,21.575097624087043],[108.114757,21.575100000000003],[108.11181158620278,21.56982510344088],[108.1058,21.559069999999995],[108.09653821789291,21.558778346339192],[108.092784,21.558661000000004],[108.08455029803191,21.56128063135298],[108.07846,21.56321999999999],[108.06625,21.56200000000001],[108.06987747427361,21.556425500000003],[108.076996,21.545477999999985],[108.07105863193875,21.536569948794334],[108.0569,21.53604000000001],[108.03199,21.551910000000007],[108.02548399886828,21.553365002267867],[108.01710000000001,21.555242999999997],[108.00961276902967,21.554749614176842],[108.00229,21.55427],[107.99122,21.548410000000008],[107.99122331784612,21.548407697802315],[107.991222,21.548407],[108.00034149825605,21.54208074560534],[108.02735,21.523340000000022],[108.03955051348146,21.520452245375814],[108.03102014876883,21.519838388682082],[108.02656694398739,21.519517929984744],[108.01865,21.518949999999986],[108.01864888687723,21.51894813578227],[108.018647,21.518948],[108.01573782454463,21.514072793873016],[108.01124,21.50654],[108.01368,21.49242],[108.01368191614768,21.492418485010734],[108.013682,21.49241800000001],[108.01709999993918,21.489716000048094],[108.02223,21.485660000000006],[108.02888174296167,21.486881942774232],[108.036225,21.48822700000001],[108.04598473776679,21.492444255246745],[108.04762,21.493149999999986],[108.06105,21.496160000000003],[108.06502162429337,21.495539751454444],[108.080577,21.493108999999997],[108.080577,21.485663000000002],[108.043224,21.481635000000022],[108.016612,21.47036400000002],[108.00439509327472,21.46005317347561],[107.97071,21.431629999999984],[107.96388,21.431630000000002],[107.96444559822297,21.437712117877155],[107.965343,21.447333],[107.9669306213379,21.45013800001533],[107.97267,21.46027],[107.9849903005811,21.47346035954396],[107.991222,21.480129000000005],[107.991222,21.485663000000002],[107.985387493873,21.48294695101063],[107.96998,21.475780000000007],[107.95827165326324,21.464399924667074],[107.948578,21.454983],[107.929698,21.442613000000005],[107.92750983025829,21.445139830301514],[107.91603,21.458400000000022],[107.91626708075772,21.468130189431708],[107.91627,21.468248],[107.921235,21.47479899999999],[107.927013,21.479315000000028],[107.929698,21.482856000000005],[107.92969783042751,21.48285714487487],[107.9297,21.48286000000001],[107.92856,21.490549999999985],[107.92604,21.495919999999998],[107.92343013053566,21.499949798444934],[107.922211,21.503078999999993],[107.918712,21.517524],[107.91378590205642,21.522427738814226],[107.90968,21.52652],[107.90021233333839,21.53020756104905],[107.896739,21.53156199999999],[107.88192800000002,21.534084],[107.8838,21.526760000000003],[107.88266,21.522530000000007],[107.87509,21.513620000000003],[107.86842,21.513620000000003],[107.86642538900982,21.51951155559375],[107.862804,21.530219000000013],[107.86280149129223,21.53021559511547],[107.8628,21.53022],[107.85847111565784,21.524338294773738],[107.855968,21.520940999999997],[107.85081397891842,21.503137014057053],[107.84791,21.49311000000001],[107.83595,21.48834999999998],[107.82887,21.494940000000003],[107.82594,21.508979999999983],[107.82641658964111,21.520535666640722],[107.826671,21.526679000000016],[107.82666995875705,21.526679000000005],[107.82667,21.526680000000002],[107.82057,21.526680000000002],[107.82056878491173,21.526679000000005],[107.820567,21.526679000000005],[107.81299900000002,21.520453000000014],[107.81299900000002,21.513617],[107.81446675076613,21.51219000153098],[107.81739,21.509339999999998],[107.81894000000001,21.506250000000012],[107.8190597025499,21.505285035886164],[107.82051455892373,21.4935326220439],[107.82056687620786,21.49311000000001],[107.813,21.49311000000001],[107.8069,21.506780000000006],[107.80689693492907,21.5067766660632],[107.806895,21.506781],[107.80264277627228,21.502149335594407],[107.80006,21.49934],[107.79888977852251,21.50549359283463],[107.796235,21.519477000000002],[107.79623022649527,21.519478808977837],[107.79623,21.51948000000001],[107.78346,21.524319999999992],[107.76686,21.52021],[107.76685995175795,21.520209978299302],[107.76685600000002,21.520209000000005],[107.7628181450104,21.51839185499103],[107.75221000000002,21.513620000000003],[107.75221000000002,21.513617900054623],[107.752208,21.513617],[107.752208,21.50678100000001],[107.75221000000002,21.50678101514304],[107.75221000000002,21.506780000000006],[107.76832,21.5069],[107.77508982283176,21.504753881890665],[107.780365,21.503079000000007],[107.78417081628137,21.49908474488328],[107.78858,21.494449999999993],[107.79257,21.480130000000003],[107.79184603237324,21.48042287059078],[107.778901,21.485663000000002],[107.77890233062641,21.485659057178925],[107.7789,21.48566],[107.7803757910958,21.481292999984646],[107.781098,21.479152999999982],[107.783946,21.464911000000004],[107.786388,21.458400999999988],[107.775645,21.458564000000024],[107.7711858743734,21.456987032657633],[107.76759,21.455719999999992],[107.76200017462017,21.450913523851593],[107.761811,21.450751000000007],[107.7618108584768,21.450750738171248],[107.76181,21.450749999999985],[107.76142895127379,21.450044180513295],[107.758556,21.44472900000001],[107.76259552985375,21.440984883089246],[107.76522780331882,21.438542038599167],[107.74854608002732,21.411200131167504],[107.74618513164185,21.411279131634583],[107.730317,21.411811000000004],[107.721446,21.410875000000004],[107.71760098164863,21.407645146786678],[107.71738000000002,21.40746],[107.71737922464665,21.40745886872507],[107.717377,21.40745700000001],[107.711518,21.398912000000003],[107.69809,21.398382999999995],[107.6906281078576,21.4010013112483],[107.68417021652085,21.403269923937717],[107.676524,21.41120000000001],[107.67652,21.411199999999983],[107.66904000000001,21.41120000000001],[107.669037,21.41120000000001],[107.66602630367746,21.40680644316133],[107.66581081356436,21.406599084750614],[107.662852,21.403754000000003],[107.662852,21.40375192452831],[107.66285,21.403750000000013],[107.66285,21.39753],[107.66944,21.38544],[107.66342,21.37808],[107.65024,21.376859999999997],[107.63502,21.383249999999997],[107.63502200751348,21.383245157313972],[107.63502,21.383246000000003],[107.63700704397465,21.37845669216641],[107.6372989810669,21.37775245795263],[107.637218,21.37543400000001],[107.637787,21.37372499999999],[107.63778878482623,21.373723645521306],[107.63779,21.373719999999988],[107.6420206479418,21.370512146066115],[107.64234000000002,21.370269794427376],[107.64234000000002,21.362779999999997],[107.63523027159745,21.35915152716118],[107.634125,21.35858800000002],[107.631196,21.354478000000018],[107.63325856456075,21.35053953873262],[107.63388,21.349350000000005],[107.64233966982285,21.342270276318484],[107.64189242123727,21.342209553095778],[107.63575,21.341380000000008],[107.62135,21.33551999999997],[107.62135303166684,21.335518639928907],[107.621349,21.335516999999996],[107.625336,21.333725999999988],[107.62672,21.333888999999985],[107.627208,21.333157000000007],[107.62784343220412,21.33131728813349],[107.62874888537684,21.328683242540084],[107.62746807000322,21.32924482444782],[107.62412,21.330719999999996],[107.60816,21.33551999999999],[107.60556856428698,21.321510575400264],[107.60352600000002,21.310492000000004],[107.6002636327003,21.3016284664925],[107.59921107214105,21.298772908678988],[107.590587,21.293891000000023],[107.58812547614956,21.29401578578703],[107.57374,21.294750000000004],[107.56227,21.298040000000004],[107.55405000000002,21.304509999999986],[107.54689,21.315010000000033],[107.54459716068177,21.321140160677217],[107.542572,21.326565],[107.54178542273701,21.330425565601686],[107.54038,21.337349999999997],[107.53517000000001,21.34536],[107.53516952201,21.345360118196606],[107.535167,21.345364000000007],[107.52755753389306,21.347242398306374],[107.52231,21.348540000000018],[107.52230982802567,21.348537795601708],[107.522309,21.348538000000005],[107.52224279863508,21.34767860068596],[107.52198,21.344310000000014],[107.52597,21.334419999999994],[107.52666963806745,21.33167300000888],[107.528819,21.32322799999999],[107.52515700000001,21.31500900000001],[107.52515700000001,21.30756300000001],[107.52516,21.30756162901781],[107.52516,21.30755999999999],[107.52826061133479,21.30614466805629],[107.53744356804003,21.30194811139126],[107.53367391326934,21.300841232151114],[107.526622,21.298773999999984],[107.51392881862552,21.29856354607797],[107.50449,21.298409999999993],[107.48414,21.301339999999982],[107.48178,21.301339999999982],[107.47218,21.3037],[107.46606396448618,21.306944411220183],[107.461681,21.309272000000014],[107.46018269837165,21.31205596286584],[107.4568,21.318349999999988],[107.45199799999968,21.320111825938685],[107.450938,21.32050200000001],[107.415294,21.32868100000001],[107.41529320468517,21.32867926467532],[107.41529,21.32867999999999],[107.41092853639678,21.31915584545432],[107.409028,21.31500900000001],[107.416026,21.308539000000003],[107.443126,21.29389099999999],[107.443126,21.287668350051177],[107.42359,21.27961000000001],[107.408326042074,21.279996610566606],[107.391612,21.280421999999987],[107.367442,21.273382999999985],[107.367442,21.273380582540334],[107.36744,21.27338],[107.36744,21.26659],[107.37330000000001,21.25898000000003],[107.37171121142953,21.255320577145085],[107.37086,21.253362999999993],[107.36731510691399,21.249985874188884],[107.36484,21.24763],[107.36482629553161,21.24760281785113],[107.360606,21.239244000000003],[107.358897,21.203070000000004],[107.35434,21.191474000000003],[107.35434121144317,21.19147308174143],[107.35434,21.191470000000013],[107.36207,21.185610000000015],[107.36642185811773,21.183603001702373],[107.370697,21.181627000000006],[107.379649,21.180975999999994],[107.388438,21.184638],[107.38696064638975,21.17378333618929],[107.38233,21.139799999999997],[107.3755,21.116160000000015],[107.36607021889617,21.10726852070532],[107.360606,21.102118000000004],[107.36375006997162,21.097357468566763],[107.3663,21.093490000000017],[107.36744,21.087880000000006],[107.36449270073143,21.085265216546336],[107.36405908020642,21.08488121926114],[107.36353761421634,21.08441942948653],[107.35884017021276,21.083296127659587],[107.35434,21.082221000000004],[107.35434024679277,21.08222005901567],[107.35434,21.082220000000003],[107.35455423004632,21.081404172534548],[107.358246,21.06732800000001],[107.35983150846043,21.056169497167886],[107.36036,21.05244],[107.36435,21.040349999999997],[107.36864564445311,21.03753382221655],[107.374278,21.03384000000001],[107.374278,21.02757400000002],[107.357677,21.015204],[107.35185875921616,21.012128166998263],[107.34775,21.00996],[107.33383,21.005850000000002],[107.31105,21.00528],[107.302956814071,21.0049946633166],[107.292328,21.004625000000004],[107.27955200000001,20.99970099999999],[107.27224707751368,21.002264384995208],[107.26645,21.004300000000008],[107.24529,21.00308000000001],[107.22413,20.998240000000017],[107.21704977778202,20.994962524645622],[107.211192,20.992255000000014],[107.21119673839831,20.992253119243117],[107.21119,20.99225000000003],[107.21599109168316,20.99035015280375],[107.216319,20.990220000000004],[107.219574,20.988227],[107.223806,20.986639999999998],[107.23113,20.986029000000023],[107.23113,20.979192999999984],[107.22500203330429,20.97770694172106],[107.21485,20.975249999999996],[107.20041436452235,20.960095270948752],[107.19337,20.952703999999997],[107.19337077505033,20.952700813658506],[107.19337,20.952699999999997],[107.19703,20.93765],[107.19390485649662,20.937464102501465],[107.181895,20.936754000000033],[107.170909,20.93358],[107.16089979605849,20.932440090659995],[107.14918,20.93765],[107.14918,20.93081391001887],[107.1338,20.94481000000001],[107.084972,20.951401999999995],[107.07676586435801,20.954585186136427],[107.06609100000001,20.958729611758486],[107.06609100000001,20.964911000000008],[107.06671285077645,20.965670074591994],[107.09523,21.00047],[107.1448530547602,21.031163629978682],[107.14485305491212,21.03116363007264],[107.149181,21.03384000000001],[107.149181,21.040594999999996],[107.135997,21.039740000000005],[107.13227700000661,21.039026472953353],[107.12306,21.037260000000007],[107.11118,21.033110000000004],[107.11117717175074,21.03310840928926],[107.111176,21.033108],[107.101329,21.027574],[107.09712974192728,21.021466499988062],[107.09685,21.021060000000013],[107.09624385573294,21.018153828856548],[107.095388,21.014064999999988],[107.09299692386756,21.009314685211766],[107.09246,21.00824999999999],[107.08375,21.005850000000002],[107.08156310250128,21.007631307486427],[107.079763,21.00910099999999],[107.08020168449079,21.011527578880703],[107.08107,21.01629999999999],[107.08473,21.02366999999999],[107.08717,21.027570000000004],[107.087167446284,21.027571514817904],[107.087169,21.027574],[107.08277400000001,21.030178000000003],[107.08252999999948,21.030666000001045],[107.08237,21.030989999999996],[107.08166869124572,21.031969769583185],[107.080333,21.03384000000001],[107.08033179485422,21.033837492483094],[107.08033,21.03384000000001],[107.07557376645589,21.023937580844787],[107.0737245893509,21.020090043921865],[107.07227646976757,21.01707697743374],[107.07054783223236,21.0155969271547],[107.063243,21.00934499999999],[107.05805560768827,21.01351708614063],[107.05763,21.013859999999998],[107.05983,21.03384000000001],[107.059825,21.03384000000001],[107.05299,21.03384000000001],[107.052989,21.03384000000001],[107.053477,21.023017],[107.05280402578433,21.01656375647075],[107.0525,21.013660000000005],[107.05014,21.005930000000003],[107.04615320555875,20.999705005170696],[107.0462805760853,21.002186732128422],[107.0464572123425,21.00562836790654],[107.04689,21.01398000000001],[107.04461,21.025089999999995],[107.04354599838244,21.026217714289274],[107.037934,21.032172],[107.02823689568213,21.033488199039954],[107.02565,21.03384000000001],[107.02565,21.0338393213443],[107.025645,21.03384000000001],[107.025645,21.027574],[107.02578836715554,21.027450663284192],[107.02914000000001,21.024559999999994],[107.0332322079184,21.019574006597598],[107.034679,21.01780800000001],[107.03912267039574,21.01355882401788],[107.03931687939813,21.013372986093177],[107.03772999999877,21.01318999999987],[107.03614,21.01301],[107.03083107492807,21.013192193806102],[107.025645,21.013373000000005],[107.03931700000001,20.999701000000016],[107.025157,20.999823000000017],[107.02083973882284,21.001871216441273],[107.01564,21.004340000000003],[107.00061866994388,21.017676379965696],[107.00061866983921,21.017676380058617],[106.99781300000001,21.02016800000001],[106.99781290119854,21.020167424230344],[106.99781,21.02017],[106.99545,21.006420000000016],[106.99545339819907,21.00641732052205],[106.995453,21.006415000000004],[107.02084039722513,20.98639884053208],[107.02230227165354,20.98213174760591],[107.025645,20.972357000000002],[107.0226367062735,20.967375170625896],[107.01677,20.95767],[107.00099,20.951080000000015],[106.98211,20.949939999999994],[106.96363000000001,20.95124],[106.96054685257218,20.951803764967323],[106.94695100000001,20.95429100000001],[106.94294955024533,20.95565360845458],[106.9319,20.959420000000012],[106.9192,20.96577000000001],[106.90895000000002,20.972359999999995],[106.89472547459091,20.984556624703693],[106.884613,20.99323200000001],[106.87606549999892,20.99620497729334],[106.87338,20.997140000000012],[106.86744056239326,20.986031051883657],[106.86541043104182,20.988928640794107],[106.86354,20.991600000000002],[106.86353824736135,20.99160079236059],[106.863536,20.991604000000017],[106.86152886442466,20.99250922596372],[106.8602,20.99311],[106.85924964872822,20.99298289236489],[106.85377,20.992254999999993],[106.85377407775341,20.992250545391588],[106.85377,20.992249999999995],[106.88282,20.960520000000006],[106.88282079891452,20.960519404503884],[106.882823,20.960517000000014],[106.88628727762298,20.957935555313952],[106.89527000000001,20.951240000000023],[106.90183850371758,20.948083503668926],[106.916352,20.941107],[106.922048,20.937648999999986],[106.926117,20.93097600000002],[106.92753710543151,20.925459333342655],[106.92823,20.922759999999997],[106.93238,20.915190000000003],[106.9323838654812,20.91518824525133],[106.932384,20.915188],[106.943126,20.910305],[106.943126,20.903510081916547],[106.91725,20.904040000000002],[106.91307650790395,20.905065256579224],[106.901703,20.907864000000007],[106.89572539929148,20.913793798557357],[106.89145000000002,20.91804000000001],[106.88487430582161,20.931131305871904],[106.881602,20.937648999999986],[106.88160050229476,20.937648999999986],[106.8816,20.937649999999987],[106.87428,20.937649999999987],[106.87428013631285,20.937648999999986],[106.874278,20.937648999999986],[106.875499,20.928697],[106.878429,20.921209999999988],[106.879385891564,20.919714887553738],[106.88233,20.915110000000002],[106.88347265891198,20.914134063562695],[106.88704659308932,20.911077601956382],[106.88794776119184,20.91030691464948],[106.86793,20.882720000000003],[106.86473846616936,20.885361132835026],[106.859874,20.88939],[106.852224,20.90997999999999],[106.83724352593462,20.921038577896372],[106.83326334874376,20.923977527298913],[106.83427114024869,20.925501303336812],[106.83559790764386,20.927507369427595],[106.83668,20.92913999999999],[106.83667871618847,20.929141546887664],[106.836681,20.929145000000002],[106.83562946757706,20.930405805460406],[106.83546,20.93061],[106.8352311458336,20.931342333332474],[106.83326300000002,20.937648999999986],[106.8332603125,20.937648999999986],[106.83326,20.937650000000012],[106.82643,20.937650000000012],[106.82554448472455,20.937408141202305],[106.806,20.93207400000001],[106.783214,20.942571999999974],[106.77247367588276,20.9574216829072],[106.78883,20.964909999999993],[106.8069,20.966009999999997],[106.81554499997263,20.96899818180872],[106.816905,20.969468000000003],[106.81690519349102,20.96946833860929],[106.81691,20.969470000000012],[106.82065,20.976020000000002],[106.82009042510538,20.981304287448314],[106.819591,20.986029],[106.81959003644066,20.98602965587653],[106.81959,20.986029999999996],[106.81284,20.99062999999999],[106.80752495145049,20.992950870527864],[106.80241900000001,20.995185000000014],[106.80137285252826,20.99707270505588],[106.79868,21.001939999999994],[106.81219,21.013369999999988],[106.81089809273527,21.014652000000417],[106.805675,21.019843000000005],[106.8016817202789,21.022461924631465],[106.79811,21.024810000000002],[106.79220282203318,21.026637932203638],[106.789317,21.02753299999999],[106.778575,21.02757400000002],[106.78077125174926,21.02411617806068],[106.78321,21.016670000000023],[106.78540782024022,21.013373269639658],[106.77538248647699,21.01422340540622],[106.76238,21.015330000000002],[106.75535525769263,21.019312700951904],[106.746104,21.024562999999997],[106.730805,21.02985300000001],[106.72008453708008,21.02479021067977],[106.7103,21.02017],[106.7103,21.020169416764197],[106.710297,21.020167999999984],[106.710297,21.013373000000005],[106.7103,21.013373000000005],[106.7103,21.013369999999988],[106.71778,21.013369999999988],[106.71778,21.005850000000002],[106.69649908456641,21.014150864689558],[106.680349,21.020453000000003],[106.66655914360916,21.02325276065221],[106.6587,21.024850000000004],[106.6421,21.02017],[106.64210375810269,21.02016905938566],[106.6421,21.02016800000001],[106.64741034307913,21.018840875892124],[106.65073,21.018010000000007],[106.65268,21.017520000000005],[106.66811869446468,21.01156791660383],[106.67905150107802,21.007350156605217],[106.68295,21.00584615736794],[106.68295,20.99970198816124],[106.67851214192312,21.00116376128471],[106.67628,21.001900000000003],[106.65577,21.00585],[106.65577,20.999700000000008],[106.65898009385481,20.996693617321245],[106.665538,20.990545999999995],[106.669119,20.979966999999995],[106.66988953390295,20.97566455647124],[106.67107,20.96906],[106.67418957781018,20.962874733439712],[106.67628,20.958725999999995],[106.68293206925462,20.954880481995637],[106.68670000000002,20.952699999999986],[106.71192,20.951559999999986],[106.72923611110765,20.944136541088646],[106.733735,20.94220600000001],[106.746104,20.942328000000003],[106.74694143745211,20.94197722920978],[106.75513871621614,20.938540538223545],[106.75728554575868,20.928164000019493],[106.75879963474914,20.920841766377077],[106.75859226372297,20.919573627871163],[106.7584533292121,20.91872400000221],[106.75668,20.907900000000012],[106.74724,20.894719999999968],[106.74580437688728,20.88862380330396],[106.744477,20.883001999999987],[106.738292,20.883001999999987],[106.717784,20.90351000000002],[106.7177821519158,20.9035078480842],[106.71778,20.90351],[106.69996,20.882760000000005],[106.70753,20.87074999999999],[106.71666340709773,20.866341256770063],[106.726899,20.861395999999985],[106.74176441210169,20.850797057579317],[106.74447742627527,20.848861835865083],[106.75157390611837,20.829481729267687],[106.75293988165427,20.825750323282488],[106.749197,20.804348],[106.74837422184106,20.803737536959794],[106.73658073785002,20.794990547248517],[106.721552918432,20.80526916324281],[106.71778,20.807849999999977],[106.72186822033275,20.797199110185772],[106.72462,20.790025000000004],[106.72980447000461,20.782416364006266],[106.73845,20.76972000000001],[106.74646219830008,20.76108753256491],[106.755626,20.751207000000004],[106.77126804068057,20.739834346892135],[106.77247,20.738960000000013],[106.77247023331323,20.738960284481756],[106.772472,20.73895900000001],[106.77709935582504,20.74460463189797],[106.77857539631411,20.746404386667788],[106.788829,20.730535999999997],[106.8059178661886,20.677561514749012],[106.78517,20.69228999999999],[106.77753764980902,20.6997450500206],[106.776134,20.701117],[106.772472,20.70795300000001],[106.76947477999755,20.71101772998388],[106.7671,20.713450000000012],[106.75563,20.709299999999992],[106.74488,20.701969999999996],[106.74407758492488,20.70103110376842],[106.741466,20.69798400000001],[106.732677,20.696601000000012],[106.725597,20.693752000000003],[106.71697,20.69131100000001],[106.71271925759353,20.691257113624793],[106.70411,20.69115000000002],[106.67555,20.698640000000008],[106.66850577777682,20.698280712004074],[106.66260800000002,20.69798400000001],[106.66260800000002,20.691148000000002],[106.67600617298044,20.685872230645053],[106.68751,20.681340000000013],[106.69426433333555,20.67705376506146],[106.69959582612992,20.673668371132322],[106.70289007146688,20.671576589600406],[106.70293745012995,20.669315679798704],[106.703136,20.659653999999982],[106.69061211487205,20.649554472955312],[106.68295,20.64337999999998],[106.67452103980601,20.638981176128024],[106.669688,20.636461],[106.654063,20.630805000000006],[106.64165633333339,20.62875774979824],[106.63754,20.628079999999997],[106.62094,20.629790000000018],[106.6166901732475,20.632595280072117],[106.61231903667795,20.6354813347725],[106.59816,20.65509999999999],[106.58676,20.663280000000015],[106.59262,20.648099999999985],[106.59262050372912,20.648099285527056],[106.592621,20.648098000000008],[106.59282802230476,20.64780494795549],[106.5936,20.64671000000001],[106.5967735764258,20.64215278817747],[106.599376,20.638413999999997],[106.61426800000001,20.622301],[106.619395,20.61859799999999],[106.62256440777436,20.618736691480553],[106.62403,20.618799999999993],[106.62720832277202,20.616601160346402],[106.62842900000001,20.605862],[106.62793732379933,20.602954215877674],[106.62745,20.600080000000005],[106.62743239415539,20.600044197069707],[106.624766,20.594631],[106.62134972842897,20.590399902168997],[106.60475,20.584420000000012],[106.60474818362961,20.5844184264118],[106.604747,20.584417999999996],[106.58253,20.565171999999972],[106.51856500000001,20.540961],[106.52321668040405,20.538495170098702],[106.53614,20.531640000000003],[106.54220351449744,20.53196640036632],[106.550629,20.532416000000005],[106.579926,20.547187000000008],[106.579926,20.54096100000002],[106.56892041973303,20.526469913604412],[106.56772,20.524889999999985],[106.5677202074142,20.524889589806538],[106.567719,20.524887999999997],[106.57488,20.510727999999993],[106.57831539406764,20.505473131369406],[106.58448,20.496039999999994],[106.58228297723198,20.487454711029592],[106.58197643379233,20.486258606377326],[106.57992633981063,20.478259325910177],[106.57374,20.477119999999996],[106.54542,20.467600000000008],[106.54249,20.46528],[106.54011087537928,20.463894686929713],[106.536957,20.462062999999983],[106.529796,20.45441300000001],[106.52650000000381,20.44981500000531],[106.5232,20.445219999999992],[106.5210698160391,20.441585344861537],[106.51856500000001,20.437322999999992],[106.51857175822785,20.43732299999998],[106.51857,20.43732],[106.52475,20.43732],[106.53810000000001,20.44623],[106.5617,20.45506],[106.58424,20.45783000000001],[106.58436233333305,20.457712188478457],[106.594249,20.448188000000005],[106.590587,20.404731000000005],[106.584158,20.381822000000003],[106.57835413577313,20.374823592702217],[106.57309,20.36848],[106.57118656022514,20.372098420166076],[106.568044,20.378079],[106.56727240481403,20.38027854423633],[106.56642,20.38271999999999],[106.56642126692294,20.382704836515906],[106.566417,20.382716999999996],[106.56661199999948,20.38042200000611],[106.56674,20.37889000000001],[106.56568,20.37645],[106.56516400000041,20.376235728813725],[106.563324,20.375474000000022],[106.559581,20.375922],[106.5595835892242,20.375919568141473],[106.55958,20.375919999999997],[106.57764737363904,20.358952466482876],[106.579776,20.350216000000003],[106.58376600000001,20.33797500000001],[106.585489,20.322292000000008],[106.58590710407564,20.3196292119201],[106.58847,20.303279999999997],[106.59259,20.27541000000001],[106.58166,20.26418],[106.55958,20.28653000000001],[106.54998,20.298980000000004],[106.53696,20.309150000000006],[106.53036425432326,20.311008017246195],[106.521658,20.31346300000001],[106.504405,20.308254000000023],[106.498057,20.308254000000023],[106.49903573346603,20.30670442219417],[106.50294,20.300519999999974],[106.50489,20.29743],[106.51295,20.29442],[106.520518,20.298406999999994],[106.5205190811926,20.298409515714464],[106.52052,20.298409999999993],[106.52475,20.30825000000002],[106.54851,20.291449999999998],[106.55274000000001,20.28653000000001],[106.5552176480704,20.279849470386857],[106.556,20.277737000000016],[106.566308,20.261076999999997],[106.572325,20.246677000000012],[106.5709411747246,20.239179322317817],[106.56961032679823,20.23199176495074],[106.554268,20.224653999999997],[106.54808541270862,20.22531330165814],[106.54103,20.226069999999996],[106.53477800622773,20.224110260895905],[106.529291,20.222393000000007],[106.504915,20.217024999999992],[106.4890350000074,20.21609000000043],[106.47316,20.215159999999994],[106.46593047825638,20.213383347824994],[106.460216,20.211981999999995],[106.43543001274806,20.20916598089179],[106.39503,20.20457999999999],[106.39503,20.211980000000004],[106.40187,20.211980000000004],[106.40187,20.218210000000006],[106.3947,20.217520000000004],[106.3923246928077,20.216877883989795],[106.39014700000001,20.216295000000006],[106.380707,20.21198199999997],[106.380707,20.204576000000003],[106.3879477399766,20.197498209162738],[106.3822891961358,20.19301439225966],[106.381114,20.192084],[106.3684783132848,20.187241175964186],[106.3602,20.184070000000006],[106.35328000000001,20.176830000000006],[106.34349,20.156510000000004],[106.0,20.500000000000004],[104.5,22.5],[104.85,24.999999999999986],[106.41694915254236,25.364406779661014]],[[106.41694915254236,25.364406779661014],[107.0,25.500000000000004]],[[107.0,25.500000000000004],[109.45000000000002,26.2]],[[111.4,24.400000000000006],[113.2,24.700000000000017]],[[114.80000000000001,25.79999999999999],[116.45,25.15000000000001]],[[116.45,25.15000000000001],[117.34412999999999,23.768170000000005]],[[117.34412999999999,23.768170000000005],[117.33875879786395,23.76676443172229],[117.31910199999999,23.761623000000004],[117.31051028370888,23.769545475176763],[117.30397,23.77558],[117.29257,23.789500000000015],[117.28008450238505,23.78351975836971],[117.277354,23.78221300000001],[117.27735459608594,23.782212201410427],[117.27735000000001,23.78221000000002],[117.2912038989062,23.763657983173676],[117.292328,23.762152],[117.285737,23.746772000000018],[117.27795858303463,23.732434625474806]],[[114.59757800000001,24.035532999999983],[114.591102,24.01669399999999],[114.579916,24.009335000000014],[114.567258,24.011396000000023],[114.556367,24.021698000000004],[114.551657,24.037594000000002],[114.549596,24.071739999999995],[114.543415,24.08321999999999],[114.535761,24.08851899999999],[114.530168,24.08999100000001],[114.52222,24.089402000000003],[114.52222,24.08322000000001],[114.534289,24.076744000000026],[114.534584,24.064969999999988],[114.530757,24.050839999999997],[114.529874,24.035532999999983],[114.534584,24.017872],[114.539588,24.00492000000001],[114.543415,23.991968000000014],[114.543415,23.97401099999999],[114.540765,23.959293000000013],[114.535467,23.943692],[114.527225,23.929561999999997],[114.51545,23.919260000000005],[114.503676,23.916021999999995],[114.491018,23.915433],[114.476888,23.913371999999995],[114.46011,23.905130000000003],[114.455105,23.918082000000005],[114.447158,23.90483599999999],[114.433617,23.87098400000001],[114.440093,23.871573000000005],[114.46011,23.87098400000001],[114.442448,23.853616000000006],[114.383575,23.848612],[114.357965,23.836248999999988],[114.368562,23.833304999999996],[114.402709,23.832717],[114.41154,23.825946000000002],[114.42154800000002,23.823296999999997],[114.44392,23.823296999999997],[114.459815,23.829479000000006],[114.472473,23.845080000000014],[114.48012600000001,23.865097000000013],[114.481598,23.884818999999997],[114.49249,23.880109000000008],[114.502204,23.872750000000014],[114.506619,23.86421400000002],[114.501909,23.856560000000023],[114.510152,23.84743500000001],[114.53164,23.828006999999975],[114.536056,23.81947],[114.533701,23.805929000000013],[114.527519,23.794155],[114.517805,23.785618000000003],[114.505147,23.782085999999975],[114.440387,23.782085999999982],[114.433911,23.784147],[114.430673,23.786501],[114.427141,23.78826799999999],[114.419782,23.788268],[114.391817,23.782085999999982],[114.391817,23.774726999999984],[114.399765,23.76736800000001],[114.395644,23.763834999999997],[114.388285,23.760597000000008],[114.385636,23.754416],[114.389757,23.745290000000008],[114.405652,23.727629000000007],[114.415072,23.735870999999992],[114.423314,23.75441599999999],[114.433617,23.761185999999988],[114.443625,23.76030300000001],[114.441565,23.749116999999995],[114.435383,23.735870999999992],[114.433617,23.727629000000018],[114.451867,23.726746000000006],[114.475711,23.73852],[114.498966,23.746468000000014],[114.51545,23.733810000000005],[114.52222,23.733810000000005],[114.53782200000002,23.751766000000014],[114.565786,23.754416],[114.594928,23.747939999999996],[114.614651,23.73734299999997],[114.628192,23.731750000000005],[114.637022,23.738226000000015],[114.636139,23.748823],[114.62142099999998,23.754416],[114.615534,23.757653999999988],[114.59434,23.77531600000001],[114.583743,23.782085999999982],[114.607586,23.79386099999998],[114.62672,23.797686999999996],[114.628192,23.80328],[114.625542,23.81034500000001],[114.624659,23.815643],[114.630252,23.828890000000015],[114.638494,23.85656000000001],[114.645265,23.87098400000001],[114.651741,23.865391000000002],[114.65556699999999,23.862742000000008],[114.657922,23.85920900000001],[114.658805,23.850672999999993],[114.665576,23.850673000000018],[114.66822499999999,23.874221999999982],[114.682943,23.884818999999997],[114.704726,23.889823000000003],[114.727687,23.898359999999997],[114.71149700000001,23.901892000000004],[114.66292699999998,23.902775000000005],[114.65262400000002,23.908367999999992],[114.645265,23.918376999999992],[114.62848599999998,23.908367999999992],[114.611707,23.88805700000001],[114.59875500000001,23.85508799999999],[114.585214,23.841547999999996],[114.567258,23.833011000000003],[114.550185,23.836249000000002],[114.54459200000001,23.843901999999996],[114.53899900000002,23.864213999999997],[114.536056,23.87098400000001],[114.527813,23.876577000000008],[114.517805,23.880403999999984],[114.508385,23.88629099999998],[114.501909,23.89836000000001],[114.525753,23.886290999999996],[114.532818,23.884818999999997],[114.541649,23.886290999999996],[114.542826,23.890411999999998],[114.541649,23.896888000000004],[114.543415,23.905129999999993],[114.548419,23.91572699999999],[114.55254,23.92838499999999],[114.555484,23.942513999999996],[114.556367,23.956937999999997],[114.56902400000001,23.977249],[114.593162,23.99491100000002],[114.609352,24.013456000000005],[114.59757800000001,24.035532999999983]],[[112.76759,21.663480000000007],[112.76841931009153,21.666908948314035],[112.774425,21.691718000000005],[112.77441898913904,21.691715820393306],[112.77442,21.691720000000007],[112.75961,21.686349999999997],[112.73666,21.6811],[112.72803789188633,21.680748077219828],[112.715587,21.680242999999994],[112.71234938757729,21.68305822490608],[112.70623,21.688380000000013],[112.71056292962172,21.699637666686876],[112.711681,21.702541000000014],[112.71421999995982,21.705193999958002],[112.72437660533012,21.715806452970916],[112.72868497109991,21.719030420154038],[112.73292092818762,21.722200203633346],[112.74781,21.733340000000005],[112.75825585714433,21.732374262475837],[112.764903,21.731756999999988],[112.77205316039431,21.754936919851303],[112.7775197298947,21.772649124833176],[112.7788712860064,21.772215834472927],[112.78134201302743,21.771423753262432],[112.79566,21.766830000000006],[112.79566441088741,21.766832188861432],[112.795665,21.766831999999997],[112.79695177646639,21.767471031930686],[112.80763000000002,21.772770000000012],[112.8152543792739,21.773921275626854],[112.821137,21.774807],[112.85021129918027,21.77432],[112.844,21.77432],[112.8452803691126,21.773983351224718],[112.862559,21.76943599999999],[112.86421789933004,21.765926199102637],[112.86817,21.75755000000001],[112.8647092953452,21.750172098454243],[112.862559,21.745592000000013],[112.84736205857357,21.74080729281508],[112.8318,21.73591000000002],[112.82369186379965,21.72912313621699],[112.820567,21.726508],[112.81797879573753,21.723487999991665],[112.81251,21.717110000000005],[112.79878705561904,21.706815499973402],[112.79753700000002,21.70587800000002],[112.800466,21.689765],[112.80619687330558,21.6739016266936],[112.80714,21.67129],[112.80740302363355,21.670238674540798],[112.810557,21.65762],[112.80689500000868,21.647895000023038],[112.80323,21.638170000000002],[112.79444,21.623110000000025],[112.79382221876354,21.613626739576407],[112.793468,21.608222000000005],[112.810557,21.589301000000006],[112.8057378473356,21.584787243015267],[112.79965,21.579090000000008],[112.79402494270056,21.578190229181974],[112.790212,21.577582000000017],[112.764903,21.581855000000015],[112.7632041614177,21.582765056595736],[112.76149,21.583690000000004],[112.75866772965033,21.58758615309279],[112.758311,21.588080000000005],[112.756114,21.593736000000025],[112.753673,21.60736699999999],[112.75367036886372,21.607367939503018],[112.75367,21.607370000000014],[112.74969,21.608789999999996],[112.7496878005618,21.608789999999996],[112.749685,21.608791000000014],[112.74390823498696,21.608791000000014],[112.73715256243747,21.612618548204797],[112.73613873252614,21.61852272427687],[112.73439,21.628729999999994],[112.76759,21.663480000000007]],[[113.14869,21.842600000000004],[113.1312,21.850370000000005],[113.13398938133462,21.85948697120771],[113.135671,21.86497599999999],[113.14054074957413,21.863823996583243],[113.14633,21.862450000000003],[113.15105,21.86896000000001],[113.155936480818,21.87274727245405],[113.160655,21.870429000000012],[113.167166,21.864488],[113.175873,21.86212799999999],[113.18157,21.866848000000005],[113.18767288361194,21.869044958101814],[113.18793988525621,21.868578114736064],[113.190929,21.86334900000001],[113.187999,21.856634999999986],[113.18378145192389,21.85329956730835],[113.18002,21.850330000000007],[113.17327,21.84915],[113.16554,21.85334000000001],[113.16553823296255,21.853338873710253],[113.165538,21.853339000000013],[113.16452055962785,21.852690220201964],[113.14869,21.842600000000004]],[[113.024669,21.88084499999999],[113.03011734703215,21.87961847032388],[113.03533,21.87844],[113.03683042881738,21.87294843052839],[113.03882890087628,21.865627363123146],[113.0386165086534,21.86511781890398],[113.034516,21.855292000000002],[113.020518,21.854843999999996],[113.01852966604002,21.851503999997902],[113.0173431032864,21.849515201420285],[113.01341028624127,21.852006334559853],[113.01246067835112,21.852609569080244],[113.00473138088546,21.867634123306356],[113.00375409506549,21.86953381520745],[113.01091722242465,21.876207412245005],[113.024669,21.88084499999999]],[[113.25847042834269,21.880440277868853],[113.25770526001634,21.88071404007176],[113.25074,21.88321],[113.23463,21.893459999999983],[113.22975,21.898750000000025],[113.22832663636453,21.899503545454078],[113.22584100000002,21.900823999999993],[113.22169,21.914130000000018],[113.2317,21.934474999999996],[113.24329297004412,21.94077188018613],[113.24773,21.94318000000001],[113.25766,21.94659999999998],[113.26783,21.9433],[113.27149499999508,21.937425000007902],[113.275157,21.931545000000025],[113.27800500000001,21.92503500000001],[113.2780091866432,21.92503186073205],[113.27801,21.925029999999975],[113.27853357142847,21.92463866162856],[113.280935,21.922837999999995],[113.285655,21.918118000000007],[113.28433734653787,21.91501581330315],[113.2837,21.913519999999995],[113.27866,21.907380000000003],[113.27865991931367,21.907379772925577],[113.27865600000001,21.907375000000005],[113.275157,21.897528000000005],[113.26898029522341,21.88829797140666],[113.26775041532895,21.886460620471144],[113.26711033163329,21.88604512149355],[113.26692513926322,21.885924907151356],[113.25847042834269,21.880440277868853]],[[113.77592,21.985860000000006],[113.77053142770765,21.976891606953995],[113.76862974826464,21.973727514130296],[113.76447852690478,21.966820540527248],[113.74821,21.97279],[113.73906,21.98596999999998],[113.73628,21.99716000000001],[113.73892683087374,21.997343727956533],[113.745502,21.99779500000002],[113.75640345361738,22.00028591063988],[113.7568599863426,22.000389996886213],[113.75686556369203,22.00038997927905],[113.75687570181734,22.000389947273945],[113.77174786247171,22.000340007177744],[113.77487749999925,21.989480000002608],[113.77592,21.985860000000006]],[[113.24903,22.004750000000005],[113.23764,22.002470000000013],[113.23178000000001,22.00295999999999],[113.22332,22.000559999999993],[113.20159,21.988760000000003],[113.19825,21.98004999999999],[113.19885828813395,21.978585142861085],[113.200206,21.97532800000001],[113.196137,21.967189999999995],[113.19282175750675,21.964196096998567],[113.18816,21.959990000000012],[113.18279,21.96048],[113.1812461695656,21.96297290652114],[113.18061979374743,21.963985316576146],[113.18034992149711,21.96442151058596],[113.18029296912209,21.965517412347676],[113.180024,21.97077099999999],[113.192393,22.03375899999998],[113.200043,22.038437999999996],[113.21950050001762,22.038257573220008],[113.23951,22.038070000000015],[113.24399,22.039289999999994],[113.24605437801635,22.03891575603212],[113.249115,22.038357000000005],[113.249197,22.03384000000001],[113.24347882857265,22.02761697142991],[113.23951,22.02330000000001],[113.24181742477487,22.018764716821817],[113.242117,22.018175],[113.24211810455046,22.018173725538787],[113.24212,22.018169999999998],[113.24634981679529,22.01329021135676],[113.24657400002864,22.01279928807288],[113.24870922064657,22.008121707312373],[113.24873882467486,22.00781409868614],[113.24875549212865,22.007640911020193],[113.24903,22.004750000000005]],[[113.40268,22.01434999999999],[113.40576988655604,22.00703000678431],[113.3235,22.011950000000006],[113.30942111060367,22.02411904005352],[113.3367913333561,22.059667498176648],[113.34359875218408,22.068508379445618],[113.352794,22.073147000000002],[113.363292,22.075995000000002],[113.372732,22.080146],[113.37777800000002,22.08901600000001],[113.38266,22.08958600000002],[113.38325778403726,22.088953230047256],[113.38404,22.08812000000001],[113.38404,22.085390000000004],[113.38526,22.082180000000005],[113.38688775510377,22.078866355681633],[113.38721800000002,22.078192000000005],[113.38743620614163,22.077907641232937],[113.3899,22.07469],[113.39221944915853,22.072737112288852],[113.393565,22.071601],[113.398936,22.068508],[113.39893983040392,22.0685100975888],[113.39894,22.06850999999999],[113.39957576851657,22.06885834719744],[113.41260800000002,22.075994999999967],[113.41033,22.063543999999986],[113.391449,22.027532999999995],[113.39145084674436,22.02753161500338],[113.39145,22.027529999999995],[113.39377454936881,22.02578891562631],[113.398936,22.021917999999996],[113.40113613651545,22.019084689424076],[113.40162,22.01846],[113.40268,22.01434999999999]],[[113.54761757606231,22.092597077916686],[113.53891,22.082099999999986],[113.48471,22.07136],[113.47379069423734,22.076080639093526],[113.47341139606092,22.076244706632764],[113.47023025839854,22.077620725450426],[113.47397,22.08812000000001],[113.47371882757032,22.093461258606578],[113.47348100000002,22.098538000000012],[113.47348007682886,22.098538366210526],[113.47348,22.09854000000001],[113.46599392365171,22.10150844415948],[113.464854,22.108139999999974],[113.46860102836123,22.111475495279294],[113.47153000000002,22.114080000000012],[113.51889,22.127260000000003],[113.52711,22.12587999999999],[113.52773698788049,22.125258590303506],[113.532725,22.120306999999997],[113.53093500000001,22.112942000000025],[113.52813571328525,22.107939144056992],[113.52711,22.10611000000001],[113.52711106392411,22.10610790143408],[113.52711,22.106106000000008],[113.52867724324501,22.103018648645147],[113.53256,22.095360000000003],[113.5412156472077,22.093773706089404],[113.54622805269305,22.09285246225163],[113.54761757606231,22.092597077916686]],[[113.26648999969767,22.096625001082245],[113.26417107539007,22.104926150381658],[113.2687128010684,22.113985596845747],[113.27174,22.120020000000007],[113.27383666666476,22.120920999999186],[113.279145,22.123196000000004],[113.28567790680084,22.12460274559903],[113.28972,22.12547],[113.29525762025494,22.127385917722155],[113.298676,22.128566999999997],[113.29867764222487,22.128569184251912],[113.29868,22.128570000000003],[113.29962479812825,22.12982895514135],[113.302745,22.133979000000007],[113.30411134906086,22.141303190563107],[113.30421,22.14183000000001],[113.3052402941026,22.143486264751218],[113.308442,22.148627000000005],[113.31495200000002,22.153998000000012],[113.31841179943846,22.155658601696572],[113.32309,22.15790000000003],[113.32797,22.14582],[113.3279722291692,22.14582090773913],[113.327973,22.145818999999985],[113.33313602030772,22.147923653129308],[113.33546,22.148870000000002],[113.34718,22.156439999999996],[113.36475525564532,22.15789960598648],[113.36414236195569,22.156355732373765],[113.36049827638236,22.147176314059802],[113.35401,22.13084999999999],[113.33619000000002,22.100490000000008],[113.32801925003477,22.09175737503717],[113.31365,22.07640200000001],[113.30374586588583,22.073220845477586],[113.28907,22.06850999999998],[113.28886166377268,22.068639659404305],[113.279145,22.07469299999998],[113.268809,22.088324],[113.26648999985964,22.0966250005024],[113.26648999969767,22.096625001082245]],[[113.56370500000088,22.10703550000024],[113.56324223220723,22.106920554451488],[113.557384,22.111151000000003],[113.55738121597078,22.111149122259995],[113.55738,22.111150000000006],[113.55608662797424,22.110275963435722],[113.552257,22.107692999999987],[113.5519275834427,22.106998214191588],[113.55152,22.106149999999992],[113.54982399999939,22.105589457626934],[113.54916400000002,22.105372999999997],[113.546804,22.10537300000001],[113.54371200000001,22.107692999999987],[113.54241000000272,22.110479999994183],[113.54111106196784,22.113267720853646],[113.54260942857057,22.113620468846616],[113.54526,22.11424],[113.54233,22.14073],[113.54232812436861,22.140731875631417],[113.54232800000001,22.140733],[113.542247,22.140815000000003],[113.53673394905806,22.146217627336206],[113.53411,22.148789999999995],[113.53224,22.15252999999998],[113.53330120249815,22.156731198931055],[113.53443400000002,22.161200000000004],[113.541433,22.162340000000015],[113.54199541528163,22.16287258471688],[113.54298,22.1638],[113.55168799054447,22.165588952740247],[113.552908,22.16583899999999],[113.55518922379362,22.16471440793321],[113.5586,22.163029999999985],[113.56943,22.160749999999993],[113.574067,22.160750000000004],[113.574067,22.156114000000013],[113.57178800000001,22.152899],[113.57125701675977,22.152583754189944],[113.56788000000002,22.15058000000002],[113.563243,22.150579999999994],[113.56324,22.150579999999994],[113.56023,22.141550000000024],[113.56023269781554,22.14154909344661],[113.560232,22.14154700000002],[113.56282229805454,22.14067890389261],[113.56764,22.13906000000001],[113.56989156222461,22.13825718887893],[113.57252,22.137314999999997],[113.57564369665874,22.138643988859037],[113.57797,22.139630000000004],[113.57797,22.138090000000005],[113.57488,22.135040000000018],[113.57488184064485,22.135038815650667],[113.57488,22.135037000000004],[113.57672721240203,22.133851424806892],[113.57976000000001,22.1319],[113.58594922269133,22.131939994976996],[113.58616098917996,22.131246336942628],[113.58668,22.12953999999999],[113.58749,22.12722],[113.58749,22.124862000000004],[113.585948,22.124090999999964],[113.58464800000029,22.123665194915343],[113.58359,22.12332000000001],[113.58166662864907,22.12436825312581],[113.577485,22.126653999999984],[113.57748559985347,22.126646948034033],[113.57748,22.126649999999984],[113.57797,22.12092],[113.57540821686774,22.119901855421784],[113.574067,22.119370999999997],[113.570974,22.120143999999986],[113.56701065618836,22.123153968575284],[113.56674,22.123360000000016],[113.56666,22.117380000000008],[113.56606162220332,22.115429124443704],[113.56519600000001,22.112616],[113.566335,22.107692999999987],[113.56370500000088,22.10703550000024]],[[113.89715159130435,22.158432999999985],[113.89959,22.163029999999985],[113.91057,22.166160000000005],[113.91057,22.158432999999985],[113.903331,22.158432999999977],[113.89715159130435,22.158432999999985]],[[113.91057,22.17638],[113.903331,22.178699679557997],[113.903331,22.186508921270715],[113.91057,22.178700000000003],[113.91057,22.17638]],[[113.99007758631988,22.18971736946777],[113.98992222755145,22.189204504104946],[113.98910636757255,22.186511213418644],[113.98447,22.188060000000018],[113.97755179559334,22.193428606598815],[113.98373388236357,22.19896000000002],[113.98764,22.198960000000007],[113.99073000000001,22.19188],[113.99007758631988,22.18971736946777]],[[113.52005946892619,22.184398666665324],[113.520193,22.184881999999998],[113.5210485118512,22.18734165132845],[113.52215,22.190500000000007],[113.5234195344696,22.191712689642614],[113.524832,22.193061000000004],[113.525401,22.193629999999995],[113.52598365337555,22.19455656441308],[113.53037,22.201520000000013],[113.53461038088975,22.206759650976448],[113.535248,22.207546],[113.53524753888719,22.207546958911838],[113.53525,22.207549999999998],[113.53430042739248,22.20951653423877],[113.533702,22.210761],[113.532074,22.21076099999999],[113.53207451291745,22.210759999999997],[113.53207,22.210759999999997],[113.53288794539185,22.209173983935298],[113.53173899490783,22.20883598404589],[113.530286897114,22.20840880384922],[113.52735135520122,22.207550396286283],[113.52434307432594,22.212550876452575],[113.52890000000001,22.213850000000022],[113.52890000000001,22.213852714348402],[113.528901,22.213853000000007],[113.528901,22.214626000000006],[113.535248,22.214625999999996],[113.53524999999999,22.214630000000003],[113.53626666666666,22.216663333333344],[113.536469,22.21706799999999],[113.53726468508681,22.218275055254633],[113.53891,22.22077000000001],[113.53999014784247,22.22017611088376],[113.544526,22.217678000000014],[113.544526,22.216132],[113.54453,22.216130525873222],[113.54453,22.216130000000003],[113.55071,22.213850000000008],[113.5538,22.211489999999994],[113.55559,22.207550000000012],[113.55681,22.203560000000007],[113.55634149999958,22.203635278828042],[113.551524,22.204413000000002],[113.5515200574064,22.204409990775915],[113.55152,22.204409999999996],[113.55141263558563,22.204327999994206],[113.548432,22.20205300000001],[113.5484323745096,22.20205181354132],[113.54843,22.202050000000018],[113.54916,22.199729999999988],[113.55071,22.198960000000007],[113.55714000000002,22.202460000000006],[113.5538,22.196640000000002],[113.5538,22.19587100000001],[113.552257,22.197413999999995],[113.55105451867782,22.196212295976675],[113.55071,22.195869999999985],[113.55071065336374,22.1958686529414],[113.55071,22.195868],[113.5508688771082,22.195542438554693],[113.55152,22.19419999999999],[113.55152,22.19188],[113.55152,22.19111000000001],[113.55152,22.189559999999986],[113.54843,22.188059999999993],[113.54361064052465,22.18463781262946],[113.542979,22.18419],[113.539887,22.182644],[113.535981,22.182644],[113.5333262538296,22.179256258928376],[113.53289,22.178699999999996],[113.52890000000001,22.178699999999996],[113.52595269914461,22.175158894058274],[113.524832,22.17381400000001],[113.52475,22.173732999999984],[113.522695181945,22.17792806065746],[113.51987,22.183699999999988],[113.52005946892619,22.184398666665324]],[[114.03312162287749,22.201007803268784],[114.03142000017547,22.1958700005298],[114.026785,22.198961],[114.02678169572715,22.198958870733446],[114.02678,22.198960000000007],[114.02137130870979,22.19547242856696],[114.01680177524617,22.192527830685613],[114.01579972554825,22.19188211193971],[114.01556799760296,22.193665286738202],[114.014985,22.19818800000001],[114.022146,22.202826000000016],[114.022146,22.202827411436537],[114.02215,22.202829999999995],[114.02215,22.20677],[114.02472211135341,22.205914481320896],[114.026785,22.205227000000015],[114.034516,22.205227000000004],[114.03312162287749,22.201007803268784]],[[114.023692,22.255967999999996],[114.042247,22.25596799999999],[114.04297885133032,22.241200000000003],[114.03834,22.241200000000003],[114.03670520356074,22.24321750890045],[114.031423,22.24974200000002],[114.02052402151172,22.255190989520226],[114.02255945257474,22.255691821138264],[114.023692,22.255967999999996]],[[114.0429804362292,22.25674100000003],[114.04534,22.262150000000013],[114.05022,22.262150000000002],[114.05115000000046,22.261687999999797],[114.051768,22.26137899999999],[114.04981499998547,22.259059999982757],[114.04786084267242,22.25674100000003],[114.0429804362292,22.25674100000003]],[[114.00078015918588,22.323188401369055],[114.00113888211024,22.323455385579994],[114.0173422818766,22.335514977001242],[114.01910808554985,22.331627987783403],[114.020518,22.328518],[114.04379088664842,22.34576943344126],[114.04800342561596,22.343077666664172],[114.049327,22.34223099999999],[114.05305410459128,22.338256723853796],[114.05486,22.336330000000004],[114.0534606330507,22.332793088713903],[114.051768,22.328518],[114.05099500000001,22.324225000000006],[114.05022056541523,22.319933133494708],[114.04761899908914,22.321988684180003],[114.04675871803249,22.322668409812135],[114.04615,22.32314999999999],[114.04087989999685,22.32410820000058],[114.03834100000002,22.32457100000003],[114.031423,22.32457099999999],[114.03142288513861,22.32457],[114.03142,22.32457],[114.02963,22.308989999999987],[114.01271,22.311350000000008],[114.01271,22.311346442311095],[114.012706,22.31134700000001],[114.012706,22.298082],[114.01271,22.29808362076272],[114.01271,22.29808000000002],[114.01954599999698,22.300853504236052],[114.022146,22.301907000000025],[114.017589,22.289049000000006],[114.01819418801867,22.277681970048654],[114.01888978740801,22.264594],[114.004161,22.264594],[113.99736176149554,22.267049430994806],[113.99537,22.267770000000002],[114.00725,22.2521],[113.99244,22.241200000000013],[113.9924432820811,22.241197943966945],[113.992442,22.241196999999996],[114.00612063391165,22.23262987795776],[114.00612063406719,22.232629877860326],[114.01498,22.22708],[114.0001722880107,22.216131691675688],[113.99763897884327,22.215034651653344],[113.99728785076405,22.21488259695713],[113.98194336442306,22.208241456132633],[113.980642,22.215317999999993],[113.980642,22.23724999999999],[113.98064,22.237249999999996],[113.96909,22.237249999999996],[113.969086,22.237249999999996],[113.959565,22.237249999999996],[113.95956,22.237249999999996],[113.94565,22.237249999999996],[113.945649,22.237249999999996],[113.94072593611378,22.233464893499637],[113.9284,22.22399000000001],[113.92148,22.22399000000001],[113.9183,22.21922],[113.9229985934305,22.21814537120551],[113.928396,22.216905000000004],[113.928396,22.210761],[113.91911900000001,22.205023999999998],[113.91268999999912,22.204514999999923],[113.90626,22.20401],[113.89840960823228,22.21128173881186],[113.894054,22.215318000000007],[113.89326614124325,22.21892371428428],[113.89251,22.222399999999997],[113.88396,22.220000000000013],[113.8750864171986,22.214009249464805],[113.87370900000002,22.21308000000001],[113.859141,22.201402000000005],[113.8464497466726,22.19709027289476],[113.84241559562909,22.20143602732921],[113.839203,22.20490100000001],[113.837901,22.217963],[113.837332,22.22862400000001],[113.839203,22.23419799999999],[113.849213,22.23419799999999],[113.849213,22.244127000000006],[113.856781,22.245998],[113.856781,22.252264999999998],[113.85166330654494,22.25600230653997],[113.8506,22.256780000000006],[113.85075431578966,22.25688609210539],[113.851085,22.257107],[113.85860492382741,22.262537533227054],[113.85987,22.263449999999995],[113.8609006666637,22.264256482106905],[113.866954,22.268988],[113.86729789333337,22.26991244444456],[113.86760953313289,22.27073876209476],[113.86818109612129,22.2708348513053],[113.86974472287291,22.27109772287535],[113.8768,22.27227999999999],[113.88396,22.279360000000022],[113.89251,22.29271000000001],[113.91131,22.29271000000001],[113.9127319049701,22.29259115838499],[113.921479,22.29185600000001],[113.928396,22.28485699999999],[113.93180435302324,22.286142029528747],[113.93865,22.288720000000005],[113.96192,22.301170000000006],[113.97674,22.298079999999995],[113.9797652301138,22.30281909438429],[113.983735,22.309026999999997],[113.98822589510499,22.309824911419277],[113.99244,22.31057],[113.99492200002892,22.314664598917762],[113.99624119444343,22.31684052439412],[113.99952143558653,22.322251069036657],[114.00078015918588,22.323188401369055]],[[114.03452,22.279365096537873],[114.03452,22.288720000000005],[114.03525,22.288720000000005],[114.04069963251021,22.291079840866793],[114.040327967014,22.290221230576392],[114.03988599999451,22.28920021185175],[114.03834,22.285630000000005],[114.042979,22.28563000000002],[114.042979,22.281683999999995],[114.03452,22.279365096537873]],[[113.92368,22.31366748037026],[113.929942,22.315985000000005],[113.93303249534296,22.322246925093502],[113.93473338471476,22.320150990448276],[113.936127,22.318426999999993],[113.9375264737239,22.319259631356964],[113.94255420106671,22.322246554910553],[113.9419626968316,22.320456164180765],[113.94067616049087,22.31656202006273],[113.93946,22.312889999999996],[113.93893569739295,22.312403484968225],[113.936127,22.309801000000014],[113.933767,22.30040099999999],[113.931488,22.292710999999997],[113.929942,22.292711000000008],[113.929942,22.301174],[113.92723011821045,22.305576804571494],[113.92368,22.31135],[113.92368,22.312889999999996],[113.92368,22.31366748037026]],[[114.0634383435607,22.34652595092263],[114.06267,22.34577000000001],[114.06220117650399,22.34244609409013],[114.06177800000002,22.339464],[114.05640920716114,22.339464],[114.05499365465911,22.34660569068757],[114.054861,22.347275999999987],[114.05769297196142,22.35152487384508],[114.05795,22.351910000000004],[114.06576569640345,22.348821700526],[114.0634383435607,22.34652595092263]],[[113.8839597184525,22.379219352509924],[113.8798916770131,22.3698638567181],[113.87884216414001,22.373716644822835],[113.87759740125489,22.37828620062338],[113.87607116551504,22.38389571627457],[113.8839597184525,22.379219352509924]],[[113.610441,22.413337000000006],[113.61076671834297,22.417395568996458],[113.61182000000001,22.430469999999996],[113.62338,22.439869999999978],[113.63488,22.438039999999983],[113.64314415970183,22.43833755466318],[113.649595,22.438566],[113.65560496524704,22.433813951346064],[113.6578699837499,22.432020012870396],[113.6578698371532,22.43199306513872],[113.65782,22.423749999999995],[113.65329,22.413730000000005],[113.64436769731186,22.411833908076407],[113.642422,22.411420999999997],[113.64242199615488,22.41142042420587],[113.64242,22.41142000000002],[113.64239205616975,22.40693701123399],[113.642347,22.400190000000002],[113.631449,22.39610199999999],[113.62118968976645,22.391420227458212],[113.61690791995268,22.394559551962935],[113.612272,22.397961999999993],[113.610441,22.413337000000006]],[[113.56243,22.655679999999997],[113.56242916970149,22.655680615450372],[113.562427,22.655683000000014],[113.525331,22.683182000000006],[113.491368,22.705774000000027],[113.47651100000002,22.719514000000007],[113.47652496401028,22.725375892030783],[113.47653999537954,22.731268188779545],[113.4886743867665,22.733569547061464],[113.50208,22.736109999999993],[113.5255,22.744869999999988],[113.54676,22.741880000000013],[113.5595,22.73499999999999],[113.56244724063767,22.724709159768715],[113.563707,22.720303],[113.56691640401839,22.713677711405666],[113.5732,22.700699999999998],[113.57532,22.69873000000001],[113.60394000000001,22.684950000000015],[113.63568794979764,22.656471839047665],[113.64510952347648,22.625116585883255],[113.64183046793104,22.601623352554782],[113.628015,22.595785000000003],[113.60261,22.611520999999996],[113.57163239196629,22.645566071945474],[113.56243,22.655679999999997]],[[113.587657,22.794623000000016],[113.593516,22.784817],[113.602875,22.772447000000025],[113.60283006448313,22.767007028660895],[113.60279,22.762639999999987],[113.59457000000002,22.75609000000001],[113.5798427283802,22.753730437133548],[113.56744007145136,22.756117111818458],[113.56187333332483,22.757188333334973],[113.55828,22.757879999999986],[113.55507760795115,22.76043348012673],[113.54460722588553,22.768784819830184],[113.53566000000001,22.784329999999994],[113.52858,22.802149999999997],[113.52857738989297,22.802144984085825],[113.528575,22.802151000000002],[113.52116964439529,22.78791023919494],[113.5164737486653,22.791068899470158],[113.506114,22.798041000000005],[113.495291,22.81387],[113.480805,22.849311],[113.473969,22.849311],[113.473155,22.825385000000026],[113.46402972127328,22.828225938560237],[113.4559,22.830760000000012],[113.43409,22.849069999999983],[113.40211,22.88288],[113.39617023959245,22.89809938609477],[113.40512100000001,22.90810799999998],[113.4155348328958,22.90956949868107],[113.41553483304908,22.90956949870255],[113.43295,22.91200999999999],[113.4756,22.900700000000004],[113.4878,22.89281000000001],[113.4997608791521,22.87873012747275],[113.52702900000001,22.84662499999999],[113.546723,22.834866000000005],[113.55920431033147,22.83258587931935],[113.57301,22.830060000000007],[113.57400174730361,22.828279494606967],[113.57642700000001,22.823919999999998],[113.587657,22.794623000000016]],[[113.52919,22.948589999999996],[113.54514,22.93776],[113.54923634454858,22.92493834472268],[113.54923634459449,22.924938344578976],[113.553599,22.91128099999999],[113.55357995524146,22.902770999999948],[113.55354,22.885809999999985],[113.54501281595007,22.87996193122013],[113.54173549694279,22.882539445411414],[113.53327161934416,22.889196034097242],[113.52376,22.89668],[113.50996,22.921219999999998],[113.50943217348413,22.92503013012291],[113.505754,22.951608999999994],[113.51087281961333,22.96097789754834],[113.51537896193878,22.969218101738534],[113.52078162025555,22.965755620269956],[113.52920999184742,22.960350005228754],[113.529186,22.948594],[113.52919000218148,22.94859128271093],[113.52919,22.948589999999996]],[[114.29859184119515,22.06712070764796],[114.30421,22.069280000000003],[114.30945179236838,22.068662792366176],[114.310069,22.06859000000002],[114.309337,22.06256699999999],[114.30880120837337,22.0614263988004],[114.30681,22.057199999999998],[114.3055542052327,22.051247876856305],[114.305349,22.050279000000014],[114.30490766344234,22.049440336569482],[114.3025,22.044870000000017],[114.26147146018029,22.032983609842432],[114.26147145990821,22.03298360976361],[114.222423,22.021674000000026],[114.20672329993474,22.025782089849642],[114.21681,22.032169999999994],[114.27166,22.050520000000013],[114.27874968926363,22.05179877684331],[114.28297,22.052558000000005],[114.292979,22.057807000000007],[114.29542007181846,22.062810097645922],[114.29625453426857,22.063944650693234],[114.29859184119515,22.06712070764796]],[[114.256114,22.171658000000008],[114.266368,22.178697],[114.26946,22.17165800000002],[114.26946,22.164579999999997],[114.26501589059819,22.162726218797026],[114.264089,22.16234],[114.26295844444503,22.161238222222792],[114.25611154305717,22.15457150245041],[114.250662,22.162340000000015],[114.256114,22.171658000000008]],[[114.24899197282004,22.177140216308068],[114.24858097268793,22.177034758392196],[114.24285,22.175564256588512],[114.24285,22.18419],[114.24285,22.184959999999997],[114.24838,22.184960000000007],[114.2518683714583,22.185966885616462],[114.25375051111213,22.18650899510156],[114.25611,22.18187],[114.25455783828049,22.180287666670388],[114.251475,22.177151000000002],[114.24903400000001,22.177151000000002],[114.24903010270953,22.177149999999983],[114.24903000000002,22.17715],[114.24899197282004,22.177140216308068]],[[114.107436403589,22.216021596403465],[114.10426,22.215969999999977],[114.10448365273965,22.21665155787484],[114.106375,22.222398],[114.1067,22.235784999999986],[114.1100827503514,22.234532376576492],[114.11329,22.23334000000001],[114.11744,22.221870000000003],[114.12174361044504,22.21750416868105],[114.125743,22.21344600000002],[114.13180300000099,22.215745033898674],[114.13282,22.216129999999996],[114.13282,22.209949999999996],[114.12574,22.205230000000007],[114.12574831108144,22.205230540720958],[114.125743,22.205227000000004],[114.13585324250562,22.205887969994365],[114.13819,22.206039999999994],[114.14967,22.206039999999994],[114.15463,22.203600000000005],[114.14969349603251,22.20039875197261],[114.143077,22.196112],[114.14001709215604,22.192271769619115],[114.13909,22.19111000000001],[114.13909053952787,22.191108932130646],[114.139089,22.191107000000024],[114.14535445694978,22.17870005556943],[114.13738,22.178780000000007],[114.11085038500043,22.177070024815343],[114.11088722303863,22.177168082332887],[114.11127628755212,22.178203715667735],[114.11411,22.185740000000003],[114.11411,22.216130000000003],[114.114106,22.216129935025364],[114.114106,22.216132],[114.107436403589,22.216021596403465]],[[114.142182,22.241196999999996],[114.142182,22.241888999999997],[114.15634,22.238837431073456],[114.15634,22.231760000000012],[114.15434057142943,22.231384203786735],[114.152192,22.230984000000017],[114.14721387928194,22.234520577483757],[114.14446,22.23648000000001],[114.14280941526206,22.23989699998379],[114.142182,22.241196999999996]],[[114.21948979613789,22.19188037008813],[114.207693,22.189560999999998],[114.20709250212307,22.19533950106875],[114.20607,22.205230000000007],[114.20641582120072,22.20547686313406],[114.209321,22.207546],[114.20931908672347,22.207549348061068],[114.20932,22.207549999999998],[114.20846027816522,22.20905218544416],[114.206554,22.21238800000002],[114.2065517409475,22.212386958055617],[114.20655,22.212390000000006],[114.19606,22.207549999999998],[114.19142,22.209950000000006],[114.19606,22.215319999999995],[114.19154248366313,22.217836901959107],[114.19072525516722,22.21829298061392],[114.18906121260098,22.21922164903282],[114.1937,22.22552999999999],[114.19142,22.230980000000002],[114.1914185650144,22.230980255364816],[114.191417,22.230984000000007],[114.18313424889605,22.23245450220564],[114.18271,22.23253],[114.18385,22.241029999999995],[114.1838483272997,22.241028981891862],[114.183849,22.241034000000006],[114.171153,22.233302999999992],[114.17115150850437,22.233300918168414],[114.17115,22.233300000000007],[114.17042356625915,22.2322848554134],[114.167247,22.227850999999987],[114.16488958165138,22.227850999999987],[114.16261,22.233300000000007],[114.1618979110214,22.236392999980666],[114.160981,22.240383],[114.152192,22.245022000000006],[114.13599700000002,22.245754],[114.1327600850817,22.247220134803992],[114.12908,22.24888999999999],[114.12702104890062,22.252861195609405],[114.125011,22.25674100000003],[114.12466886753424,22.25782414701449],[114.12355,22.261380000000003],[114.11883,22.269190000000012],[114.11882640453126,22.269191330380764],[114.118826,22.269192],[114.1125600772003,22.271510601399793],[114.11276845717387,22.273133907119938],[114.113373,22.277817999999993],[114.1147475873833,22.278750475688707],[114.11565,22.27936],[114.12045,22.28168000000001],[114.12908,22.285630000000005],[114.13909,22.288720000000005],[114.14991,22.285630000000005],[114.15707,22.28168000000001],[114.1657,22.279360000000022],[114.17888,22.27936],[114.17998261152908,22.28028914031868],[114.188162,22.287176999999993],[114.196788,22.291856],[114.20129486586397,22.290156597595168],[114.20639,22.288230000000002],[114.2155872082722,22.285630788966568],[114.21696824073042,22.284231446942997],[114.21715277571273,22.28404446541767],[114.22177,22.27936],[114.22812,22.280909999999995],[114.2299036686624,22.280196994027584],[114.23585,22.277817999999993],[114.23726004113298,22.275431415596746],[114.24366,22.26459000000001],[114.24861480667172,22.26108615333829],[114.251475,22.25906],[114.251475,22.248887000000003],[114.24804477987584,22.24500525995653],[114.24529,22.24189],[114.24903000000002,22.23253],[114.25375,22.22399000000001],[114.24903000000002,22.222399999999997],[114.25611,22.203600000000016],[114.24366260903464,22.201280486181552],[114.24217695100883,22.20312796325398],[114.24049,22.205229999999993],[114.2348140760269,22.20982654386437],[114.23275998942809,22.211491387562205],[114.23268,22.221989999999984],[114.23100597302253,22.22809651350275],[114.229503,22.233587999999997],[114.22913025698342,22.23387420949298],[114.22267,22.238840000000003],[114.2213269999893,22.23780410238082],[114.216807,22.23432],[114.222667,22.23253],[114.222667,22.22475942105262],[114.21868,22.22399000000001],[114.21176,22.216130000000003],[114.21709479898959,22.20832053269297],[114.218679,22.205999999999992],[114.215587,22.198961],[114.21718139830602,22.196070999998263],[114.21948979613789,22.19188037008813]],[[114.29851000000001,22.242660000000022],[114.29727557674258,22.240654525578798],[114.29517700000001,22.237249999999996],[114.28825972253581,22.232530492970366],[114.28517000000001,22.238020000000013],[114.28516850900596,22.23802031922067],[114.285167,22.238023],[114.28333756408874,22.23841232309327],[114.28134235386312,22.238839496039766],[114.281667138163,22.241130422812123],[114.28213833300876,22.244454083738987],[114.282888,22.249725935483895],[114.282888,22.248887000000003],[114.29183818093783,22.252667361876814],[114.29599000000002,22.254419999999996],[114.29599000000002,22.248114],[114.29599000000002,22.248110000000004],[114.29851000000001,22.242660000000022]],[[114.34620459439333,22.26788281121713],[114.34669,22.269190000000012],[114.34847696296123,22.266668518520977],[114.349946,22.264594],[114.34669,22.25906],[114.344412,22.26304800000002],[114.34620459439333,22.26788281121713]],[[114.2650372896719,22.272450881604637],[114.26564,22.27936],[114.27255,22.276189999999993],[114.26933347259059,22.27359763702967],[114.264822,22.269964999999978],[114.2650372896719,22.272450881604637]],[[114.07410496213585,22.282818146983466],[114.07374181754538,22.281216659052074],[114.0734976802635,22.28014000000001],[114.06967200000001,22.28014],[114.06967200000001,22.285630000000005],[114.07195,22.285630000000005],[114.07439,22.284080000000014],[114.07410496213585,22.282818146983466]],[[114.36630241471948,22.318425627566768],[114.3676146546664,22.316049499990253],[114.37020900000002,22.311346999999998],[114.37020900000002,22.305161999999996],[114.368663,22.305162000000013],[114.363943,22.312893],[114.36630241471948,22.318425627566768]],[[114.13234853315959,22.31464506631996],[114.129812,22.315212000000002],[114.12948056971537,22.31556199400276],[114.1290827551868,22.315987056101765],[114.13249454844954,22.318533160848983],[114.13437,22.31993],[114.13569899509224,22.319181965619507],[114.141368,22.315985000000005],[114.145356,22.316799],[114.14681931245794,22.31366960892102],[114.14425427599315,22.312210597353904],[114.141368,22.310574000000003],[114.13968257848059,22.311697372135807],[114.13673000000001,22.31366999999999],[114.13234853315959,22.31464506631996]],[[114.35604820012821,22.32225],[114.352306,22.312892999999992],[114.34669070918962,22.3098013904584],[114.35304,22.32225],[114.35604820012821,22.32225]],[[114.33122746532311,22.326119498255082],[114.31951,22.323800000000013],[114.31634,22.336330000000004],[114.3235,22.33946],[114.32886873953396,22.337140544558885],[114.33122746532311,22.326119498255082]],[[114.09376,22.355780000000003],[114.10255,22.35346000000001],[114.10564,22.34727999999999],[114.10873,22.34023999999999],[114.10548180190615,22.328479857157653],[114.10482874498821,22.32611969240687],[114.09553725438298,22.323842423968472],[114.08904100000001,22.322251999999995],[114.086843,22.339463999999982],[114.08024556512478,22.348144520961185],[114.07911200000001,22.349637366106077],[114.07911200000001,22.355779999999985],[114.07995684467845,22.35621915531791],[114.0853,22.358990000000002],[114.09376,22.355780000000003]],[[114.328868,22.342560000000002],[114.30779,22.342560000000002],[114.30654499999763,22.344253411020176],[114.305431,22.345770999999996],[114.3051526834512,22.350792088733037],[114.3047,22.358990000000002],[114.30427390798047,22.360702615020426],[114.303152,22.365220000000004],[114.310883,22.376125000000002],[114.316335,22.37612499999999],[114.319509,22.358994999999993],[114.31950909072829,22.35899491637757],[114.31951,22.358990000000002],[114.32502500216621,22.35391101296231],[114.328868,22.350369000000004],[114.328868,22.342560000000002]],[[114.29599000000002,22.362087000000002],[114.29599000000002,22.348822],[114.289724,22.353460999999978],[114.288992,22.365220000000004],[114.288992,22.369085999999974],[114.292817,22.371404999999992],[114.29599000000002,22.362087000000002]],[[114.36216892688289,22.469974170610932],[114.35914,22.46581000000001],[114.35304,22.48066000000001],[114.35833,22.48688],[114.3631291691426,22.4861101332834],[114.365408,22.47443300000001],[114.36216892688289,22.469974170610932]],[[114.312429,22.512802999999998],[114.30699274999165,22.509995662485583],[114.30006000000002,22.50642000000002],[114.29577485316753,22.510671825317456],[114.29363185108419,22.51280116072084],[114.29511252011633,22.513729613023767],[114.298513,22.515855000000006],[114.303152,22.514267999999998],[114.30852275621258,22.526027466218604],[114.31706647812366,22.518173237654736],[114.312429,22.512802999999998]],[[114.28742948426903,22.544050170735975],[114.28598136766313,22.547064234757638],[114.2871057085955,22.550545582760826],[114.28899083836833,22.55637940515313],[114.29438952664782,22.5525488777631],[114.297699,22.550198000000005],[114.3026770320621,22.551975540088687],[114.30852,22.554059999999986],[114.31633087698862,22.551742706571147],[114.30847634043174,22.549278661932885],[114.30388,22.547839999999997],[114.29851000000001,22.547839999999997],[114.29518,22.547839999999997],[114.2951808918919,22.547838],[114.29517700000001,22.547838],[114.29802404225802,22.541462450694148],[114.30078721560201,22.535266243801562],[114.29335515524616,22.53875175414133],[114.29107866667447,22.539819388696905],[114.28899134175057,22.540799370059478],[114.28742948426903,22.544050170735975]],[[114.4225403956466,22.54389100000001],[114.42563,22.55170000000001],[114.42674615686639,22.550187313720556],[114.427908,22.548611000000008],[114.43021239406134,22.54661600000557],[114.43335884533897,22.543891000000002],[114.4225403956466,22.54389100000001]],[[117.01743000000002,23.441879999999987],[117.02686,23.44385],[117.03757999999999,23.44689999999999],[117.04435,23.46447],[117.04594217997688,23.467704851919247],[117.04594218005184,23.46770485207155],[117.04908121949902,23.474080383721667],[117.063,23.478460000000005],[117.06512830461233,23.477607043093908],[117.06609030942398,23.47722123138437],[117.07081059943175,23.475328160647752],[117.07154,23.473089999999996],[117.07857026614552,23.468596466396612],[117.090328,23.461076999999996],[117.09393466667213,23.463187296675507],[117.10215,23.46798999999999],[117.10571513202969,23.475498304569143],[117.10894313410981,23.482290074136237],[117.12585,23.482690000000005],[117.1240814362267,23.47343200000388],[117.122569,23.46552199999999],[117.12257027522699,23.465521440746222],[117.12257,23.46552000000002],[117.13104327538494,23.461805586745342],[117.13104327554285,23.46180558667612],[117.13409058082247,23.460469183831282],[117.14179,23.449650000000002],[117.13963365143374,23.434970242452774],[117.13736700000001,23.419565000000002],[117.13064876326153,23.403762355093125],[117.12878,23.399369999999994],[117.12192149412625,23.400682662754235],[117.106944,23.403550999999997],[117.082877,23.411143999999993],[117.04889902595573,23.404710383607956],[117.02394000000001,23.414540000000002],[117.01545,23.416249999999998],[117.00401000000001,23.41976000000002],[117.00138060115337,23.4196348988438],[116.992445,23.419213000000006],[116.98251890034842,23.419098269757274],[116.96934000000002,23.418950000000006],[116.9481,23.421810000000008],[116.94321763993804,23.429692479552106],[116.9429901368434,23.430060162670586],[116.94820382787485,23.436257860606165],[116.95311000000001,23.442087000000015],[116.96763500000002,23.453148000000006],[116.98218800000001,23.459459000000017],[116.9845011248503,23.458116812112806],[116.98878,23.45563],[116.99125660169226,23.452096135597017],[116.99390700000001,23.44830999999999],[116.99967143945706,23.44217597534147],[117.00025,23.441560000000006],[117.00025040224007,23.44155989254387],[117.000255,23.441554999999997],[117.00792642856867,23.43950928571502],[117.01002,23.438950000000006],[117.01743000000002,23.441879999999987]],[[116.97438,23.559389999999997],[116.97853000000002,23.55927],[116.98585,23.560449999999985],[116.99562,23.563540000000007],[117.00514,23.56293],[117.00528600000558,23.562651016856805],[117.00928800000001,23.554999],[117.00753596765706,23.552256593541973],[117.00367000000001,23.546210000000006],[116.99586,23.538520000000013],[116.99293,23.53388],[116.98780000000001,23.52412],[116.9786715452205,23.518975757965688],[116.970958,23.514635],[116.95093858298365,23.517400919453905],[116.93727,23.526270000000007],[116.93605000000001,23.53555],[116.93678418541116,23.53582365728864],[116.946544,23.539454999999993],[116.957774,23.544907999999992],[116.96754,23.554348000000005],[116.96906804705911,23.555475929411962],[116.97438,23.559389999999997]],[[116.93710000000002,23.566350000000018],[116.93710029751288,23.566350273027627],[116.937104,23.566352000000013],[116.945974,23.574490000000004],[116.94601518459228,23.578270444222095],[116.94606,23.58202],[116.94899000000001,23.591049999999992],[116.95370999999999,23.595729999999993],[116.95800611160709,23.59737911071493],[116.96697,23.600816000000016],[116.970795,23.59984],[116.97107442988809,23.595956817083472],[116.97119999999998,23.594179999999998],[116.96892000000001,23.585759999999997],[116.96062,23.57412],[116.96068434923593,23.566772831358392],[116.960785,23.554714000000004],[116.95913069775024,23.549882938909757],[116.95826,23.54734999999999],[116.95247999999998,23.543769999999988],[116.94256,23.543570000000017],[116.92945000000002,23.53954000000001],[116.92822964474398,23.54037644736354],[116.92375814428696,23.543442215449403],[116.91953000000001,23.54849000000001],[116.91922933333377,23.551455666662243],[116.91887500000001,23.554999000000013],[116.924978,23.560695999999997],[116.93659172180467,23.566113055131698],[116.93710000000002,23.566350000000018]],[[117.38074899998757,23.687287312560645],[117.37549999999999,23.689399999999996],[117.37311540012658,23.68982700015035],[117.36394299999999,23.691473999999992],[117.35798808556335,23.689892475943154],[117.35613,23.689400000000006],[117.35281055524854,23.687808861193517],[117.35170941433402,23.68728137330603],[117.34644838221021,23.684761141168227],[117.34050999999998,23.68895],[117.34246000000002,23.699649999999995],[117.37209,23.724939999999986]],[[117.42212760555078,23.647623699816418],[117.42114900000001,23.646464000000005],[117.417766,23.62746599999999],[117.41537500000001,23.608221999999994],[117.42383900000002,23.601996000000003],[117.43155900000001,23.582629999999988],[117.37446,23.572654000000004],[117.34721217113669,23.573341543637326],[117.32048597217184,23.57401984842767],[117.33170533816303,23.58854690821101],[117.33781999999998,23.59646],[117.36913,23.622360000000008],[117.39268201699444,23.67676898885337],[117.39372800000001,23.679184999999997],[117.39372787847049,23.67918509892181],[117.39373000000002,23.679189999999995],[117.3877924794319,23.684016356004644],[117.38672899999999,23.684882],[117.38074899998757,23.687287312560645]],[[111.52600968478788,29.811147007766223],[112.2,30.099999999999998]],[[112.2,30.099999999999998],[111.15,29.649999999999995]],[[110.9,29.999999999999986],[110.95,30.599999999999987]],[[110.95,30.599999999999987],[111.55,31.0]],[[121.06789643917351,27.451074280403336],[121.06945000000002,27.446759999999998],[121.07203218720937,27.443743187220726],[121.07651593869258,27.438499241246024],[121.06726331770642,27.436770619830682],[121.05915899999998,27.444132999999997],[121.05732122647754,27.446548585239558],[121.05009,27.456059999999994],[121.04610999999998,27.46520000000001],[121.04634933425127,27.46546658355561],[121.053403,27.47332000000001],[121.0577014363198,27.474606254744174],[121.07399999999998,27.47947999999999],[121.08314,27.473019999999998],[121.09434000000002,27.466529999999995],[121.10197413606922,27.46113431958347],[121.103479,27.460070000000005],[121.10345999999981,27.458704999987088],[121.10336000724324,27.45188049435166],[121.09312400000002,27.452894000000008],[121.074716,27.456722000000006],[121.06648700000001,27.45498399999999],[121.06789643917351,27.451074280403336]],[[121.14918000000002,27.845769999999998],[121.15674999999999,27.84878],[121.15674823596686,27.848781696022215],[121.15674900000002,27.848782],[121.15531233333837,27.850162238549384],[121.15259999999999,27.85277000000001],[121.15366000000002,27.856430000000014],[121.15757407058513,27.857757988234262],[121.158702,27.858140000000002],[121.16797899999999,27.85968699999998],[121.17899051921937,27.86368503842925],[121.18165,27.864650000000005],[121.18848767855461,27.86371031902905],[121.18970800000001,27.855292],[121.18941505488039,27.850254351616318],[121.1893001067339,27.848291822286043],[121.187511,27.845933000000006],[121.1870859999997,27.845507999999676],[121.18539000000001,27.84382000000001],[121.18147775560098,27.842616829599507],[121.180349,27.842271000000004],[121.17970566666504,27.84244417706405],[121.17506,27.84369999999999],[121.17302000000001,27.841009999999997],[121.17395310273976,27.833161569177868],[121.174815,27.825872999999994],[121.17248041525427,27.82125600000006],[121.17123147583999,27.81879291057025],[121.1647440569165,27.818628284589206],[121.16,27.818509999999996],[121.14747,27.824370000000002],[121.13844000000002,27.82486],[121.13491471864907,27.8230258440704],[121.130056,27.820502],[121.12502673260785,27.819513950540127],[121.11638,27.817819999999994],[121.09799122276391,27.817820000000015],[121.0978146399993,27.818728772845404],[121.09714015957012,27.822199946830874],[121.09604034578066,27.8278682178997],[121.10060060962847,27.83199514891927],[121.11402082989217,27.84414013112732],[121.13307,27.847149999999978],[121.14918000000002,27.845769999999998]],[[121.03236738836733,27.84849817908657],[121.032367,27.848498000000006],[121.03214573265309,27.848343633666435],[121.02659,27.844469999999994],[121.02402093913037,27.841842373912982],[121.02000784423804,27.83774088486005],[121.01504000000001,27.83977999999999],[121.01313000000002,27.844529999999995],[121.01545,27.84994],[121.02086,27.85703],[121.02086499334813,27.86041049667405],[121.020874,27.863799999999998],[121.02174347008578,27.867113162394304],[121.02203000000002,27.868199999999987],[121.0266107594823,27.868401075862057],[121.029319,27.86851699999999],[121.032384,27.870208],[121.03731145267815,27.873569698210822],[121.04081999999998,27.875960000000028],[121.04697,27.875219999999988],[121.05154999999999,27.868769999999998],[121.0554397452555,27.8650540981079],[121.056917,27.863640999999998],[121.0569189660221,27.863640987766615],[121.05692,27.863640000000007],[121.06186862195132,27.863610189024396],[121.06189900000001,27.86361000000001],[121.06189901845727,27.863610005912903],[121.06190000000001,27.86361000000001],[121.06953,27.866049999999994],[121.07423524999759,27.866384333333126],[121.079104,27.86672599999999],[121.08369654184861,27.865697550476114],[121.08082000000222,27.863660000001573],[121.077941,27.861623000000005],[121.07616942401543,27.859872455898152],[121.07179000000001,27.85554999999999],[121.06603999999999,27.851489999999995],[121.06604042209327,27.851487709440512],[121.066038,27.851486000000023],[121.0664366113735,27.849337722279753],[121.06679000000001,27.84742000000001],[121.06257096897852,27.845740385754496],[121.05914000000001,27.847770999999995],[121.05892304502245,27.84829607503954],[121.05648000000001,27.854219999999987],[121.05303999999998,27.855920000000005],[121.04694000000002,27.85521999999998],[121.03237000000001,27.84849999999999],[121.03236738836733,27.84849817908657]],[[121.07379348412091,27.981907855149615],[121.07569000000001,27.98139000000002],[121.07804168771008,27.981055354380427],[121.08082100000001,27.980657999999995],[121.10084083295958,27.982713250562373],[121.11134,27.983789999999992],[121.12745,27.977480000000007],[121.13409365213222,27.971108405694654],[121.139659,27.965766],[121.1394639713277,27.962253485653953],[121.13917,27.956980000000005],[121.12582043353628,27.951360182507408],[121.103282,27.946194000000002],[121.09392637130902,27.947593497044632],[121.09295000000002,27.94773999999998],[121.08782735032696,27.95147137853395],[121.083344,27.954738999999996],[121.08334024900428,27.95473981862334],[121.08334,27.954740000000005],[121.0812152631094,27.955203578957956],[121.071788,27.957261],[121.04932700000002,27.95087300000001],[121.04468860992125,27.951971855506926],[121.04421518309164,27.952603795783965],[121.040212,27.957953000000014],[121.04056836860902,27.958636452546894],[121.04518,27.96747000000001],[121.06479000000002,27.981430000000003],[121.06608623305097,27.981784834745795],[121.07016,27.982896000000004],[121.07379348412091,27.981907855149615]],[[121.13063,28.103460000000002],[121.13233,28.11431000000002],[121.13232882628759,28.114312892953148],[121.132329,28.114314],[121.13137524999591,28.116663257052288],[121.12736,28.12656000000002],[121.12109485135238,28.134743234213573],[121.12037199999999,28.135688000000002],[121.1240225594786,28.139145762092905],[121.12501000000002,28.140080000000005],[121.13494000000001,28.143049999999995],[121.16528000000001,28.150529999999996],[121.18753,28.168900000000004],[121.1908099388638,28.173026694543868],[121.20407,28.18970700000001],[121.2051611275884,28.19202559052368],[121.20898000000001,28.200129999999998],[121.21095000000001,28.208970000000004],[121.23059,28.21972999999999],[121.24729604166642,28.216538958333384],[121.25347178809385,28.215358353699667],[121.25640096452122,28.214798389118254],[121.26889,28.19393999999999],[121.27024,28.182290000000005],[121.26184,28.168810000000008],[121.25553,28.140000000000004],[121.2599394467376,28.130990242570558],[121.264536,28.121594999999992],[121.26453888638473,28.12159227543365],[121.26454,28.121589999999998],[121.2721760265504,28.11438329353917],[121.27702214885947,28.109808857660468],[121.2853494137142,28.101948441291775],[121.27914,28.08544000000001],[121.26783124931639,28.08454009941511],[121.25709100000002,28.085150000000016],[121.25645917070432,28.0853197154958],[121.24724000000002,28.087799999999998],[121.24125728137236,28.09116240607832],[121.238129,28.092922000000023],[121.23568799999998,28.085517],[121.23555455733344,28.085314180261616],[121.23365,28.082420000000003],[121.23377783985103,28.08071717318447],[121.233897,28.079088000000002],[121.23720202962684,28.072923088876628],[121.2381282369291,28.071193292732872],[121.23145766654004,28.065010544665093],[121.21925,28.067859999999996],[121.21924975005368,28.067856825005922],[121.219249,28.06785699999999],[121.21902628703835,28.065018240757535],[121.21851020352909,28.05846258536958],[121.202442,28.05475400000001],[121.1864,28.04369999999999],[121.166899,28.043082],[121.15157300000001,28.041231999999994],[121.14673400000001,28.057811000000004],[121.15076208754877,28.06423480695195],[121.15524,28.071369999999995],[121.1532662214104,28.075945888079673],[121.15235100000001,28.078073999999997],[121.1462195714295,28.080956410118606],[121.14275,28.082590000000007],[121.14228541134999,28.083607879480848],[121.13746200000001,28.094184000000002],[121.1333444250987,28.099771879221677],[121.13063,28.103460000000002]],[[121.62533599999999,28.52305700000001],[121.62557382278479,28.51873427848139],[121.62557989755807,28.518621895175706],[121.62208046153425,28.515041076918784],[121.62029,28.513209999999983],[121.6200511844184,28.51256388935113],[121.61882600000001,28.509263000000004],[121.61825600000002,28.504461999999986],[121.6151957172796,28.502663696336313],[121.61362000000001,28.501739999999998],[121.61092178965397,28.50249072955618],[121.60751399999998,28.503445],[121.60376999999998,28.506212000000005],[121.601573,28.508937999999993],[121.60157064806832,28.508939195806143],[121.60157,28.50893999999999],[121.59693474576395,28.511296254236665],[121.596772,28.511378999999998],[121.5961961751825,28.512377956204368],[121.59539000000001,28.513779999999993],[121.59881,28.516100000000005],[121.59742998578922,28.523666608529886],[121.59734100000001,28.524156],[121.5999379260776,28.531946000011004],[121.60067904720063,28.53416714445458],[121.607677,28.541814999999993],[121.6151638,28.541814999999996],[121.61801000000001,28.53807000000001],[121.62208,28.526719999999994],[121.62213345769386,28.52665998307992],[121.62533599999999,28.52305700000001]],[[120.63011,30.134972],[120.63011024123828,30.134970191934112],[120.63011,30.134969999999978],[120.63040230259145,30.132781210356924],[120.631789,30.122387999999994],[120.63767620150445,30.116963102653838],[120.65332,30.102539999999998],[120.66767329842148,30.093859085723107],[120.68246500000001,30.084906000000007],[120.70102000000001,30.080755999999994],[120.723399,30.07973899999998],[120.754975,30.08685899999999],[120.76498499999998,30.086615000000005],[120.77198299999999,30.083196999999988],[120.77920999981912,30.076288000172944],[120.77921000116528,30.07628799888599],[120.78403,30.071679999999994],[120.78494650096681,30.07105450481462],[120.792247,30.066067],[120.79224452155269,30.066073738940336],[120.79225000000001,30.066069999999993],[120.78682844131427,30.080800153013968],[120.783702,30.089300999999995],[120.77899122337425,30.09111278007704],[120.76465999999999,30.096629999999987],[120.71412000000001,30.09332999999999],[120.688,30.097809999999985],[120.66456,30.109609999999993],[120.64625102966268,30.126939025447605],[120.662852,30.141180999999996],[120.66906450839362,30.14823558191179],[120.70105000000001,30.18455],[120.75142507589386,30.22562598486941],[120.76012987632691,30.223890551016837],[120.79334300312843,30.21726901097759],[120.81348843964176,30.21325031126709],[120.82862,30.184989999999978],[120.853215,30.174436000000007],[120.892812,30.16979600000001],[120.923504,30.185866],[120.94802400000798,30.19073644379435],[120.94802400014765,30.19073644382207],[120.95419000000001,30.191959999999995],[120.95419276151684,30.191961753998264],[120.954194,30.191961999999965],[120.960216,30.195787],[120.99439500000001,30.211086000000005],[121.03904509837139,30.23898443177831],[121.10914000000001,30.282779999999974],[121.11577247673827,30.289145691777815],[121.12877900000001,30.301626999999993],[121.13343065467397,30.306992035886058],[121.14970000000001,30.325750000000017],[121.18539000000001,30.337559999999986],[121.2541,30.348389999999995],[121.31322,30.338189999999994],[121.37738,30.325059999999993],[121.4139157310218,30.302610924129876],[121.429592,30.29297600000001],[121.506847,30.220026000000022],[121.554596,30.160890999999992],[121.567123637977,30.14182070480096],[121.58703000000001,30.111510000000013],[121.62332000000002,30.059869999999975],[121.64319,30.036489999999997],[121.65186308182967,30.026107540931402],[121.65830600000001,30.01838899999999],[121.677756,30.000641000000005],[121.69670121477387,29.99049665291592],[121.70676,29.985110000000013],[121.70676215820103,29.985109450747107],[121.70676299999998,29.98510900000001],[121.70818508076458,29.9847473230736],[121.73234000000001,29.97860000000001],[121.72193000000001,29.960519999999995],[121.7219362648458,29.960520934870406],[121.721934,29.96051700000001],[121.7314577731362,29.96194178009979],[121.73225000000001,29.962060000000005],[121.7356356206838,29.96404094827243],[121.75011,29.972505],[121.767482,29.973177],[121.79664100000001,29.963039000000013],[121.80245340080562,29.95964419841772],[121.81643000000001,29.951480000000014],[121.84981000000002,29.94038],[121.85779334645764,29.93763934647655],[121.873231,29.932337000000008],[121.89866931514953,29.92334531516619],[121.89924999999998,29.923139999999997],[121.89925087045411,29.92313975273089],[121.899253,29.923139],[121.91487600000002,29.918695999999994],[121.93555700000002,29.887355999999976],[121.94262695384332,29.887143407686928],[121.94959,29.886929999999996],[121.95496884019606,29.88758871911918],[121.962413,29.888495000000013],[121.9817,29.890286000000017],[122.05624399999999,29.887355999999976],[122.06290827630924,29.888641010975192],[122.06764,29.889550000000018],[122.08147794525777,29.896679739652242],[122.086681,29.89935899999999],[122.09148249999518,29.901257499998092],[122.10588999999999,29.90694999999999],[122.11751500000362,29.905364999999513],[122.12914103202239,29.90377726876064],[122.13640999999998,29.884539999999998],[122.12486299999945,29.877611799999688],[122.11475500000002,29.871554000000007],[122.0827848755794,29.857692957997582],[122.06861000000002,29.851549999999985],[122.05625650332139,29.846799830035803],[122.028168,29.836005000000007],[122.00110180173307,29.82831078436113],[121.98304,29.823180000000008],[121.96605,29.811249999999998],[121.96058367836848,29.807597070341224],[121.936778,29.791693],[121.92441000000001,29.773472999999985],[121.91090753316668,29.76076286731918],[121.90217000000001,29.75254],[121.90102494630825,29.753133932894112],[121.885325,29.761284000000014],[121.8804107457716,29.758274745768155],[121.87315,29.753830000000004],[121.87314924557805,29.753828150380237],[121.87314900000001,29.753828],[121.866107,29.736565000000013],[121.86244800000001,29.708002000000004],[121.84619466668181,29.69579536733635],[121.8346,29.687089999999973],[121.81942133278012,29.678089334954937],[121.776465,29.652625000000018],[121.71772700000001,29.588654],[121.70910823938121,29.57811651272419],[121.70411,29.572009999999995],[121.68795422581184,29.56298744353215],[121.68734955253997,29.56264986675145],[121.66700000000002,29.556589999999996],[121.6482,29.55670999999998],[121.64000000000622,29.55513666666786],[121.63589800000001,29.554351000000004],[121.62990469647376,29.554389869017633],[121.62387,29.554429999999996],[121.61605766667698,29.549810487220395],[121.60914100000001,29.545721999999998],[121.6038468663412,29.545047198071053],[121.59254000000001,29.543610000000008],[121.57920607803237,29.54985639021412],[121.574311,29.552151000000006],[121.53082199999999,29.510015000000006],[121.52255000000001,29.512922000000003],[121.52176963937563,29.51778199993954],[121.52012000000002,29.528060000000004],[121.51684,29.546089999999996],[121.51104,29.548990000000014],[121.50519526198336,29.549124190413654],[121.49927799999999,29.549261999999995],[121.48438600000001,29.544664],[121.475434,29.538764000000004],[121.47543000000002,29.538760000000007],[121.47164975014874,29.53497975014874],[121.46787,29.531200000000002],[121.46257555556461,29.527872222227902],[121.458344,29.52521400000001],[121.45003417936948,29.524671813893676],[121.44337,29.524239999999992],[121.44337,29.524237],[121.44337,29.518012000000017],[121.44337,29.518010000000007],[121.44608092604913,29.515843481231226],[121.44728372966053,29.514881336872],[121.44825225458476,29.514106596271134],[121.45271779013763,29.507365012380628],[121.45271779032615,29.50736501209601],[121.457019,29.500871],[121.45668850627386,29.498625592477726],[121.45532,29.489359999999998],[121.44116000000001,29.481530000000017],[121.43066469072488,29.470829827330622],[121.427836,29.467947000000006],[121.44270999461308,29.439768904659047],[121.44259,29.41537000000002],[121.44259300840926,29.415370738719723],[121.442593,29.415369000000013],[121.46507400000002,29.420886],[121.473461,29.448933],[121.47406974578767,29.45143393222503],[121.47974975506567,29.474758994172657],[121.487616348435,29.47759767500593],[121.49231999999999,29.479295000000004],[121.50489,29.48383],[121.50009,29.475900000000006],[121.49179000000001,29.455959999999997],[121.49179131642339,29.455959760048895],[121.491791,29.455959],[121.4974161636398,29.454934490958284],[121.51368,29.451970000000003],[121.51222819730597,29.441248995490263],[121.51172930764764,29.437569269157233],[121.49716,29.422189999999997],[121.48998706815274,29.418995630721515],[121.48096800000002,29.414984000000004],[121.47918813349322,29.413790310685563],[121.47763000000002,29.41275000000001],[121.47665,29.407780000000024],[121.47885000000001,29.402900000000013],[121.48486000000001,29.39054],[121.48486360427745,29.390540813495548],[121.484864,29.390540000000016],[121.48861066667111,29.391386536011712],[121.49731,29.393349999999998],[121.50383264651775,29.396156646522268],[121.50893000000002,29.39834899999999],[121.51072666666882,29.399786666668366],[121.51971,29.406970000000012],[121.53132999999998,29.41704000000001],[121.53797000000002,29.42422000000001],[121.54880000000001,29.4386],[121.55348673571221,29.449376685709492],[121.553809,29.45011699999999],[121.55417270791351,29.450922917517993],[121.55966,29.463070000000002],[121.56963999999999,29.47457000000001],[121.581259397415,29.47813981486846],[121.58166441751692,29.478236958758263],[121.60199,29.483110000000007],[121.61870290053307,29.488085251363202],[121.64267199999999,29.495218],[121.65492541159256,29.500907882630834],[121.67555,29.510479999999994],[121.67448139534926,29.518900604647875],[121.67430023892243,29.520330114657142],[121.68176,29.523909999999997],[121.69701020363966,29.53271859877635],[121.69979900000001,29.534329],[121.70181857521932,29.53511027436731],[121.71095,29.538639999999997],[121.72002682624189,29.538533760629207],[121.72462000000002,29.538479],[121.7247210132329,29.538063493382268],[121.72534999999999,29.535470000000007],[121.72534999999999,29.529040000000016],[121.72656999999998,29.52228],[121.73129,29.518010000000007],[121.73393619454026,29.518418389078647],[121.737641,29.51898799999999],[121.74586000000001,29.523097999999994],[121.75646056250781,29.52757631250331],[121.76399931400174,29.53075971032268],[121.76415743130103,29.530110286224172],[121.76522999998913,29.52570500004459],[121.76646000000001,29.520650000000003],[121.75722,29.499050000000018],[121.7595845793134,29.49149728966241],[121.761289,29.486047],[121.764567,29.476650000000003],[121.76882607122337,29.474421803407335],[121.77837999999998,29.469419999999996],[121.78390720330206,29.47237092527759],[121.790326,29.475795000000012],[121.811988,29.490118000000013],[121.81198834574585,29.490118906328757],[121.81198999999998,29.490119999999994],[121.82133,29.514600000000005],[121.83058000000001,29.528060000000004],[121.83668532441651,29.52667506298867],[121.84742300000002,29.524236999999992],[121.84559681817888,29.53262663637716],[121.84482,29.536199999999994],[121.83651999999998,29.54238999999999],[121.82959638804232,29.544897368115706],[121.825531,29.546372999999992],[121.81744500000657,29.55041599999674],[121.81397999999999,29.552150000000015],[121.81397844167277,29.55214927916362],[121.813975,29.552151000000006],[121.79981499999998,29.545599999999986],[121.782725,29.54344299999999],[121.765717,29.545721999999998],[121.758274,29.548099000000022],[121.75827351891964,29.54809887583508],[121.75826999999998,29.548100000000005],[121.75457872460271,29.54714526410778],[121.74497107242179,29.54466556726792],[121.7473545194599,29.557038766239696],[121.748422,29.562567000000016],[121.774322,29.575436],[121.79313697174662,29.597148570615936],[121.79612,29.60058999999999],[121.81837,29.606629999999974],[121.83453,29.615570000000012],[121.85401,29.615910000000014],[121.85401239683269,29.615911954313987],[121.854015,29.615912000000026],[121.85863078200629,29.619677663489313],[121.86793000000002,29.627260000000025],[121.88014,29.623520000000003],[121.88539770135469,29.624601199099086],[121.899644,29.627527000000025],[121.915782,29.640855000000006],[121.927257,29.634467],[121.94086082804947,29.613953796440367],[121.94264,29.611269999999998],[121.95065725618348,29.607531534457266],[121.953624,29.606147000000004],[121.9578382721439,29.604931018994634],[121.96632,29.60248],[121.97120000000001,29.593329999999998],[121.97107818287134,29.58094018287221],[121.97101606621041,29.574724952708554],[121.97095802623984,29.568917625490197],[121.96760849151285,29.564888005673616],[121.96654502348308,29.56360943607492],[121.96371674745603,29.560209100903904],[121.95828543928297,29.558707732144658],[121.949718,29.556342000000015],[121.941173,29.55117399999998],[121.94117405277093,29.55117245062288],[121.94117,29.55117000000001],[121.94784067479853,29.5413610934886],[121.94979857671132,29.538479622959667],[121.94625254173972,29.537540250486163],[121.92213,29.531154999999995],[121.910411,29.52456300000001],[121.91041141937922,29.524560798098047],[121.91041,29.524559999999987],[121.91236000000002,29.51430999999999],[121.92221,29.50922],[121.9352179895795,29.504503994789157],[121.93555700000002,29.504381000000006],[121.94409957196635,29.497708896395157],[121.93995000000001,29.487010000000012],[121.94179666668315,29.482149999956636],[121.94271900000001,29.479722],[121.94271940806765,29.479721557829173],[121.94272,29.479720000000004],[121.97095788443772,29.449122292358567],[121.96933,29.439153999999988],[121.963227,29.431952],[121.95993096054512,29.42659057143501],[121.95777000000001,29.42308],[121.95753099254237,29.415645872203505],[121.95728619727096,29.408155036572527],[121.94751999999998,29.42109000000001],[121.93629000000001,29.42772000000001],[121.930056,29.425314999999987],[121.92270711110827,29.41829044207136],[121.92255999999999,29.418150000000022],[121.92256007371823,29.41814989393146],[121.922556,29.418145999999986],[121.92909923630842,29.40873897328164],[121.92542192303489,29.4037951385482],[121.921577,29.39863399999999],[121.91572900000001,29.390703999999996],[121.91573078470162,29.39070106370668],[121.91573000000001,29.3907],[121.92144000000002,29.381300000000007],[121.91936729893023,29.373966140222667],[121.91634800000001,29.363294000000028],[121.91624600000002,29.348937000000006],[121.92469160587531,29.340835744545384],[121.92701000000001,29.33861],[121.92701153202519,29.33861040812147],[121.92701299999999,29.338609000000016],[121.92945025292991,29.339259000678958],[121.9310852477632,29.332799168151162],[121.931488,29.331203999999996],[121.931407,29.323879],[121.9282031504613,29.321455924758148],[121.92506,29.31907999999999],[121.9187400600613,29.31896623323511],[121.908946,29.318792999999992],[121.91053604013823,29.31655297323787],[121.91163,29.315010000000004],[121.91577994504948,29.305120130954332],[121.91278586124632,29.3038539225612],[121.9102015300106,29.302760999945647],[121.91020152968812,29.30276099980928],[121.90048000000002,29.298650000000016],[121.90585,29.284610000000015],[121.92221,29.270490000000017],[121.93232590854436,29.26687473167018],[121.939952,29.264146],[121.94955500000002,29.267279000000016],[121.95825338451887,29.276680451928858],[121.96266,29.281440000000003],[121.97437724842116,29.284609255758976],[121.975597,29.280951000000012],[121.98251952147774,29.26905517381094],[121.98585,29.26333],[121.98763719818585,29.261415599096317],[121.99146600000002,29.257309999999993],[121.966563,29.255764000000006],[121.953217,29.249661000000003],[121.9521548514159,29.244384777960928],[121.95069000000001,29.237130000000008],[121.95326164285747,29.229044910713235],[121.95503599707703,29.2234591402696],[121.95728378902045,29.21638296029242],[121.94822479422997,29.220700680768253],[121.942963,29.223212],[121.94296223811445,29.223208933264374],[121.94296,29.223209999999998],[121.94115344067941,29.215928176276964],[121.93970799999998,29.210109999999997],[121.93982875510206,29.207230188775448],[121.93995000000001,29.204290000000007],[121.94296,29.195870000000014],[121.92213,29.19578999999999],[121.89381,29.187080000000023],[121.86586540019857,29.17344900017201],[121.86586539985068,29.173449000002314],[121.84058907451428,29.161120011882115],[121.83577554124827,29.161181811881264],[121.81255099999998,29.16148499999998],[121.79955152794415,29.164638819863576],[121.78535,29.168089999999985],[121.78804,29.201940000000004],[121.78955135422692,29.213899791541195],[121.78977000000002,29.215625000000006],[121.794901,29.24370500000002],[121.79535956771392,29.254284270854587],[121.79586999999998,29.266039999999997],[121.79697359859962,29.270979299278657],[121.801821,29.292668000000006],[121.799653,29.305120999999996],[121.80098589881985,29.30609975765218],[121.80868999999998,29.311750000000014],[121.81837,29.31623000000002],[121.828868,29.318549000000008],[121.83166344906108,29.318607203735056],[121.84058999999999,29.318790000000007],[121.83066,29.33389],[121.8215469629389,29.332750037061107],[121.816987,29.33217999999999],[121.81309022370326,29.329442065770102],[121.80494,29.32371999999999],[121.79986605929965,29.318991355831233],[121.799653,29.318792999999992],[121.79193435753709,29.32536208603863],[121.78818000000001,29.328560000000014],[121.78809545259156,29.333308182458445],[121.787934,29.34259700000001],[121.799653,29.373969000000013],[121.7996496768348,29.373969135009176],[121.79965,29.37397000000001],[121.78663000000002,29.374500000000005],[121.77589000000002,29.372630000000015],[121.7719476527699,29.370495107646157],[121.76685600000002,29.367743],[121.758637,29.359768],[121.76804406692335,29.342834971286408],[121.77084000000002,29.337800000000016],[121.77788,29.296380000000028],[121.77431,29.25389],[121.76105672479743,29.233177000018465],[121.758637,29.229397000000017],[121.74569814668382,29.201608462711707],[121.73877999999999,29.195869999999978],[121.73553803151383,29.19276488969904],[121.724328,29.182035],[121.70445999999998,29.174182000000002],[121.68809751439052,29.174938685835997],[121.6706,29.17575],[121.65245999999999,29.183020000000013],[121.64292299995766,29.200308078974096],[121.64193989807431,29.202090558567555],[121.640505076016,29.209953590641657],[121.63917099999999,29.217271],[121.64161200000001,29.267564000000018],[121.645763,29.281195000000004],[121.654552,29.299994000000005],[121.64518988653761,29.30437920574791],[121.64039000000001,29.306629999999984],[121.62485000000001,29.301460000000027],[121.62485007490275,29.301459689898845],[121.624848,29.301459000000023],[121.62891700000002,29.284613],[121.62659271417787,29.276698000107206],[121.62289,29.26411],[121.63233,29.21064],[121.63025299999781,29.19710599998573],[121.62891722276957,29.188423448002204],[121.61476,29.206000000000014],[121.60645999999998,29.22736],[121.58872,29.291489999999992],[121.58659439095018,29.295255878189742],[121.58399500000002,29.299872000000004],[121.574311,29.305120999999996],[121.57257015274388,29.304975916478327],[121.56308000000001,29.30419000000002],[121.56202000000002,29.29583999999999],[121.56582306409678,29.288153576787145],[121.567231,29.285305],[121.57430876928542,29.277779371867126],[121.56275000000001,29.271880000000003],[121.55082438490503,29.27144012075472],[121.55060372848544,29.271432040684278],[121.55054975099763,29.271430064118608],[121.52589,29.27778],[121.52589,29.27777700000001],[121.52589,29.270982000000007],[121.52589,29.270979999999998],[121.52872073960036,29.267558848997304],[121.53638800000002,29.258287000000006],[121.53052808884372,29.238227304130568],[121.53004199997471,29.237541629103397],[121.516938,29.219062],[121.5097899571756,29.213049217111102],[121.50489,29.208930000000002],[121.50489,29.20209],[121.50913743601247,29.194135372029315],[121.51172812476561,29.18927764112853],[121.50570636475318,29.181702823789262],[121.50351,29.178941000000002],[121.49097896385454,29.175971465383242],[121.48439,29.185289999999974],[121.48024000000001,29.19721000000001],[121.4802362047665,29.197207539815455],[121.480235,29.197211000000017],[121.47120199999999,29.191352],[121.47120120921039,29.191350783846534],[121.47119999999998,29.19135],[121.46789573259731,29.186267299418805],[121.461518,29.176459000000023],[121.45867152346919,29.167942333336708],[121.45639,29.161120000000007],[121.43141,29.172190000000015],[121.4266059666932,29.171884588947858],[121.41977000000001,29.171454000000004],[121.40875960018363,29.16132200088127],[121.40854,29.161120000000007],[121.4085400607218,29.1611199760983],[121.408539,29.161119000000017],[121.44336542999984,29.14740779921369],[121.44087307877889,29.146207551451266],[121.43930100000001,29.145452999999993],[121.438487,29.144843],[121.43819548096872,29.144143211072347],[121.43808,29.143869999999996],[121.43736779301322,29.142726258730594],[121.43604600000002,29.140610999999986],[121.43605062269938,29.140611000000018],[121.43605000000001,29.140610000000002],[121.45639,29.140610000000002],[121.45639,29.13378000000002],[121.44246896873881,29.131265052109303],[121.441498,29.13109000000003],[121.42831500000001,29.127143000000014],[121.42703786779656,29.126408007456032],[121.41538,29.119700000000023],[121.41537711204234,29.119697215485257],[121.41537500000001,29.119696],[121.401703,29.106512999999993],[121.4017031089827,29.106512997622954],[121.4017,29.106510000000007],[121.45854133566705,29.10527327974742],[121.49683700000001,29.104438000000002],[121.528656,29.115058],[121.62143,29.113266999999993],[121.6230457181549,29.108631999989015],[121.62452,29.104399999999995],[121.62460000000002,29.088279999999997],[121.62143,29.070869999999996],[121.61990754712083,29.067943786220262],[121.614757,29.058051000000017],[121.6082774243404,29.054794121163898],[121.59921,29.050239999999995],[121.58505,29.053620000000002],[121.57114,29.060859999999995],[121.55641,29.06489000000001],[121.54980579461801,29.06363543768728],[121.536876,29.061184000000004],[121.53140681318102,29.052878999991226],[121.53028,29.051169999999995],[121.53207000000002,29.020490000000006],[121.53809999999999,29.018050000000002],[121.54490036859904,29.020241157851732],[121.54859500000002,29.021429999999988],[121.55274500000002,29.028712999999982],[121.53956355394878,29.037582281547376],[121.54711217756001,29.04242831152001],[121.55738400000001,29.049017999999986],[121.57211600208723,29.046801993691833],[121.61744,29.03998000000001],[121.62969000001301,29.045620000005968],[121.641938,29.05125600000001],[121.67134837849896,29.033152302758868],[121.68173000000002,29.026760000000007],[121.68502987485508,29.022796874863875],[121.68978647848431,29.01707903107721],[121.67649598969352,29.013422237106774],[121.67587300000001,29.013251],[121.67587261610345,29.013250719804315],[121.67586999999999,29.013250000000003],[121.66171000000001,29.002919999999996],[121.65648423322678,28.99342884184279],[121.653819,28.988592999999998],[121.65382003744185,28.98859006800274],[121.65382000000001,28.988589999999995],[121.65943,28.972720000000002],[121.6620066829284,28.97108029268192],[121.66382900000002,28.96991600000001],[121.66895600000001,28.96897999999999],[121.6689594529602,28.968980100237303],[121.66896,28.968980000000006],[121.66928600000027,28.968989579697254],[121.680186,28.96930600000001],[121.68465951761908,28.96751599328513],[121.68417,28.96345],[121.68287,28.95889],[121.68417,28.955630000000003],[121.68810540555522,28.954510529998704],[121.69214900000001,28.953354999999984],[121.709483,28.951158000000003],[121.71777901353862,28.94879941766642],[121.69752,28.93684],[121.68946,28.927800000000012],[121.68417044493533,28.9147011018248],[121.62851,28.931952000000003],[121.6053190916557,28.942571042237574],[121.60092891457626,28.94760834759676],[121.587413,28.963120999999997],[121.58741265504236,28.963116953594636],[121.58741,28.963120000000032],[121.58637020591496,28.950888867682103],[121.585297,28.938300000000016],[121.57443250002572,28.9321350000146],[121.57081037470992,28.930080212568363],[121.5696161899797,28.930486177546854],[121.56940599998379,28.93055763196677],[121.55429,28.935699999999994],[121.54648,28.952220000000004],[121.54163082595306,28.953670607620865],[121.53712,28.955024000000012],[121.52731468258814,28.955673365178008],[121.51686,28.956370000000003],[121.50289226584685,28.95144279929086],[121.49781300000001,28.94965200000003],[121.49781270396201,28.94965095383858],[121.49780999999999,28.94964999999999],[121.49179000000001,28.92837],[121.49303220034314,28.92901859926312],[121.50489108405377,28.935206000350416],[121.50766,28.924990000000026],[121.51174941238307,28.917057525377466],[121.51174941245593,28.91705752523613],[121.51181099999998,28.916938],[121.51767,28.912787000000012],[121.52589,28.914700000000003],[121.535167,28.90371299999999],[121.5351677048517,28.90371271806895],[121.53517000000001,28.903709999999997],[121.54982,28.89785],[121.56111130895037,28.89476301828697],[121.566173,28.89337800000001],[121.580577,28.886786000000004],[121.58672750213825,28.890014919154478],[121.59033999999998,28.891910000000024],[121.60165,28.893620000000006],[121.61085,28.89118],[121.61694999999999,28.88028],[121.6169517053368,28.88028009949252],[121.616954,28.880276000000002],[121.62672,28.880844999999987],[121.62891700000002,28.877143000000004],[121.62777807326236,28.870836405676545],[121.6272041751585,28.86976580044188],[121.62265100000002,28.861274000000012],[121.62265001511587,28.861270028198632],[121.62265,28.861269999999987],[121.62143,28.85634999999999],[121.62354600000002,28.842270999999986],[121.62354997850379,28.84227014276731],[121.62355000000001,28.842269999999992],[121.62827,28.841249999999988],[121.63502,28.845200000000002],[121.64194,28.845850000000002],[121.6565,28.838039999999992],[121.66236,28.83344000000001],[121.6699287698234,28.825341316305202],[121.66638324022304,28.822395619987955],[121.66157267411675,28.818398906249683],[121.65382000000001,28.81196000000001],[121.65169899999842,28.810677813558357],[121.646739,28.80768499999999],[121.64098148716637,28.806191903871927],[121.63575,28.80484],[121.63575,28.798040000000007],[121.66260799999999,28.798040000000032],[121.66260799999999,28.79059499999999],[121.65413214972106,28.78861085028329],[121.65113000000001,28.787910000000014],[121.64728707949786,28.78615053639773],[121.642589,28.784003000000006],[121.635509,28.77850999999999],[121.62891722294316,28.770697264237675],[121.62880390523807,28.770585631554226],[121.626231,28.768051999999997],[121.622325,28.765529999999995],[121.61825600000002,28.761949000000016],[121.61492003583457,28.756672856618646],[121.61476,28.75641999999999],[121.61476007919256,28.75641987003479],[121.614757,28.75641499999999],[121.61972100000001,28.748277000000005],[121.62240599999998,28.741888999999993],[121.62154087480668,28.736586562595882],[121.62143,28.735910000000004],[121.60556,28.72468000000002],[121.56736615102511,28.715649930627656],[121.50277800000002,28.70038500000001],[121.38327759781603,28.709428793463974],[121.35117000000001,28.71186],[121.33424000000001,28.717030000000012],[121.32016,28.724840000000004],[121.30616000000002,28.735909999999997],[121.30444279995517,28.737627200044834],[121.30306903991928,28.739000960080705],[121.29843199999999,28.743638000000008],[121.294932,28.748114000000015],[121.290294,28.751614],[121.28398079322194,28.75427437968415],[121.2789,28.75641999999999],[121.26889,28.758290000000006],[121.24642999999999,28.76008],[121.2423023305076,28.76190486440717],[121.237885,28.763861000000013],[121.23471100000002,28.769965],[121.23143349306726,28.77956123957755],[121.22739,28.791410000000006],[121.22438000000001,28.798040000000007],[121.21445,28.807320000000008],[121.20802,28.809560000000012],[121.20102,28.809519999999992],[121.19434796629672,28.8108252659201],[121.190033,28.81167200000001],[121.17791992207768,28.816229694789488],[121.1735915124759,28.81785943052156],[121.162852,28.825344000000012],[121.16057379666648,28.82807411142603],[121.15773,28.83149000000001],[121.15634132173822,28.835783566462403],[121.155772,28.837551000000005],[121.15421077116156,28.839667313477328],[121.15211,28.842520000000015],[121.1465006367601,28.84443189146254],[121.142345,28.845851999999997],[121.142345,28.84584829580348],[121.14234000000002,28.845850000000002],[121.14234000000002,28.839589999999994],[121.15968000000001,28.813540000000017],[121.17135009639021,28.807241397607587],[121.171886,28.806951999999985],[121.17188635979691,28.806951964696033],[121.17189000000002,28.806950000000008],[121.17818070751409,28.806334350980766],[121.193451,28.804836000000016],[121.20606500000001,28.799058],[121.21326355254041,28.79123553752369],[121.21826999999999,28.78578999999997],[121.22260586759948,28.778634867612688],[121.227387,28.770738000000016],[121.23004265056755,28.763393130103484],[121.23121000000002,28.760160000000003],[121.24080999999998,28.752750000000002],[121.26700993657715,28.74433627009012],[121.26700993671744,28.744336270045068],[121.285899,28.738266999999986],[121.29932699999999,28.722886],[121.29867599999999,28.701239000000015],[121.286469,28.692694000000007],[121.27778366047974,28.68986464810143],[121.27035999999998,28.68744999999999],[121.25839,28.67512],[121.25839901921113,28.675122203364893],[121.258393,28.675116000000006],[121.29711023093196,28.684579230542436],[121.32765,28.692040000000016],[121.36500000000001,28.69602999999999],[121.38136000000002,28.68195000000002],[121.41383,28.696600000000007],[121.45484,28.68952],[121.47782519405595,28.67396119401218],[121.490001,28.665717000000008],[121.510128,28.657058999999997],[121.52555600000001,28.624654999999986],[121.53037,28.599478999999995],[121.53145475680624,28.59570757651627],[121.53842999999999,28.57144999999999],[121.54347498514142,28.562084014869185],[121.54943900000002,28.551009999999984],[121.55452263264918,28.5454645306509],[121.57316,28.525130000000008],[121.5784336285978,28.51238851435714],[121.581619,28.50468999999999],[121.55087299999998,28.502143],[121.53492299999999,28.503404],[121.52100700000001,28.501044000000014],[121.51156700000001,28.48948799999999],[121.521251,28.490709],[121.52598600000687,28.491062000000507],[121.54493,28.492469999999983],[121.5846,28.48909999999998],[121.60774,28.477200000000003],[121.60036,28.46543000000001],[121.59239999999302,28.45981999999508],[121.58443900000002,28.454215000000016],[121.583777,28.442946],[121.59166662790884,28.432677428554396],[121.59287000000002,28.431110000000004],[121.59287214618165,28.43110841279645],[121.59287400000001,28.431106000000003],[121.59959785693059,28.4261344293159],[121.60746,28.420320000000007],[121.61445322480361,28.401148775182513],[121.615888,28.397214000000005],[121.61588889523135,28.39721302861249],[121.61589,28.39721],[121.62752450378255,28.384587593941475],[121.63225985824168,28.379449409023618],[121.63069501621685,28.37292573784773],[121.62852499999998,28.363901999999996],[121.63026078088012,28.35924996870209],[121.63153000000001,28.355839999999997],[121.63404000000001,28.347239999999996],[121.63404230132414,28.347240820940172],[121.634044,28.34723500000001],[121.64088000000001,28.349676999999986],[121.64771600000002,28.348456000000006],[121.65397218111897,28.341816150922302],[121.65634,28.339299999999984],[121.64380336143779,28.324358722914948],[121.641694,28.321844999999986],[121.64169362102056,28.32184431556447],[121.64169000000001,28.32184],[121.63418817427893,28.308289504572677],[121.62134900000001,28.285102000000002],[121.60792100000002,28.270452999999993],[121.58554099999999,28.256822000000014],[121.58009877108347,28.25939355421728],[121.57814000000002,28.260320000000004],[121.58058,28.30085],[121.56749000000002,28.3045],[121.54149000000001,28.321789999999993],[121.52196,28.326870000000007],[121.51592608576256,28.32846293138723],[121.49998600000002,28.332673000000018],[121.473086,28.330603],[121.456391,28.318834],[121.44776499999999,28.315904000000003],[121.441254,28.311713000000005],[121.44125352027592,28.311712265738286],[121.44125000000001,28.311710000000012],[121.43974273235905,28.309399866178428],[121.43726600000001,28.305609000000004],[121.43604671730952,28.29711],[121.42978,28.29711],[121.42066,28.30419],[121.40895,28.30492000000002],[121.40894680781105,28.304917949473012],[121.40894600000001,28.304918000000008],[121.39893599999999,28.298489000000004],[121.395518,28.284083999999996],[121.39552022929166,28.284080966109027],[121.39552,28.28408000000001],[121.39701799998663,28.28204261776563],[121.40137799999998,28.276109000000005],[121.40588119032994,28.275128570988528],[121.41147,28.27391],[121.41879,28.269719999999978],[121.41768765862129,28.26430814286897],[121.41602600000002,28.25617099999999],[121.40805100000001,28.246283000000002],[121.39893599999999,28.243841999999997],[121.38803100000001,28.242662],[121.374522,28.236273999999987],[121.36968000000002,28.231045000000005],[121.36484000000002,28.225819999999988],[121.36483901705363,28.22581709834228],[121.364838,28.225816],[121.3644561594542,28.224686902708818],[121.36109000000002,28.214749999999988],[121.35955805090879,28.20598501273373],[121.358897,28.202215999999993],[121.35747447468867,28.19804254034532],[121.35401000000002,28.18788999999998],[121.36866,28.192040000000002],[121.37044226687807,28.19301933435962],[121.37452055324293,28.195257206123227],[121.37647846153828,28.18536976923172],[121.37671989306573,28.184149540460847],[121.37403000000002,28.172590000000028],[121.36816999999999,28.162010000000006],[121.36604312350052,28.159610000015597],[121.36085000000001,28.153754000000006],[121.35141000000002,28.14655200000001],[121.34735592663901,28.145552741312294],[121.3458,28.145169999999982],[121.34009999999999,28.146430000000006],[121.33009000000001,28.147530000000003],[121.32816415770534,28.149633157697735],[121.326182,28.15180100000001],[121.315412554261,28.166550889144823],[121.30933999999999,28.174869999999984],[121.3093382973172,28.174870223187607],[121.30933700000001,28.174871999999993],[121.301467011979,28.175901991010182],[121.29720999999999,28.176459999999988],[121.29631035838493,28.176885791918245],[121.28785199999999,28.180893999999988],[121.27518400000001,28.208199],[121.261695,28.225790999999997],[121.22517072043658,28.238860952982552],[121.24425800849356,28.26410932769086],[121.24887100000001,28.27020900000001],[121.24702492416553,28.275709981038116],[121.24702492411849,28.275709981178345],[121.23683,28.306099999999997],[121.21363236305267,28.323830458634426],[121.21115632934475,28.325723403344142],[121.20314080077338,28.331851329775912],[121.21029909048981,28.343738489654182],[121.21157420703621,28.345257080753058],[121.21754000000001,28.352360000000022],[121.22864651144556,28.348695022884637],[121.230479,28.348090000000003],[121.23047981604576,28.34809006070207],[121.23048,28.348090000000003],[121.2308029358878,28.348114096167198],[121.24415100000002,28.34910700000001],[121.25180215800931,28.352958305189734],[121.2562,28.355170000000008],[121.26466000000002,28.366030000000002],[121.26465509593243,28.366028988326804],[121.264659,28.366034000000006],[121.24647584269813,28.362278741666735],[121.23097000000001,28.35908],[121.2198946255917,28.360065938374646],[121.214122,28.360582000000008],[121.18409299999999,28.382148000000004],[121.18409271372778,28.382148050778923],[121.18409000000001,28.38215],[121.1781808161411,28.383196702758884],[121.168956,28.38483299999999],[121.16382899999715,28.379705999997135],[121.16163,28.377509999999997],[121.16344417016177,28.373119361709435],[121.168956,28.359767999999985],[121.14429800000002,28.343573000000013],[121.13024999999999,28.305554000000004],[121.098692456567,28.296221717056063],[121.08847,28.293200000000002],[121.08378792631277,28.292767852612005],[121.07211300000002,28.291692999999988],[121.06666100000001,28.311428000000006],[121.0666605521783,28.311428000000006],[121.06666,28.311429999999994],[121.05909,28.311430000000005],[121.04746899998943,28.30986258336639],[121.034923,28.308172999999993],[121.024994,28.304591999999996],[121.02499433174506,28.30459156169661],[121.02499000000002,28.304589999999994],[121.03564274398879,28.29052282125297],[121.03956099999999,28.28534600000002],[121.05008130894464,28.282277505685347],[121.05812,28.27992999999999],[121.07894999999999,28.27814],[121.1218,28.28436000000001],[121.1252619293289,28.27667284849015],[121.130095,28.265929000000018],[121.12680129428469,28.2471797867658],[121.12475,28.235520000000008],[121.12139764472437,28.2249930965019],[121.119467,28.218936000000003],[121.11720575059107,28.21478350037279],[121.10894,28.199609999999986],[121.10589568482214,28.194281543469938],[121.100527,28.184893999999993],[121.085836,28.166503999999993],[121.053385,28.148163],[121.0533845996989,28.148162598844024],[121.05338,28.148160000000004],[121.03872889412773,28.133475596159823],[121.03872889392247,28.13347559595409],[121.031376,28.12610700000001],[121.00937799999998,28.103133000000003],[121.002017,28.08564199999999],[121.000886,28.05063599999999],[120.99682687481652,28.036953104056767],[120.99350999999999,28.025780000000015],[120.98658409970012,28.01462803324824],[120.98093599999999,28.005537000000025],[120.965228,27.987145],[120.93930527777579,27.98391050003777],[120.9214,27.98168],[120.9021431779667,27.99089306779632],[120.898448,27.992661999999992],[120.87997500000002,27.998725000000004],[120.855805,27.996731],[120.85580027100958,27.99673002231315],[120.8558,27.996729999999996],[120.8554809841325,27.996664011907026],[120.819591,27.989244],[120.80079199999999,27.993394000000006],[120.7898296146828,27.99839982569093],[120.7811,28.00239000000001],[120.76271,28.014310000000016],[120.74757000000001,28.027090000000012],[120.7382165000029,28.03203852239553],[120.731049,28.03583399999999],[120.7209368560309,28.038143295686805],[120.70753,28.041210000000007],[120.6681302350726,28.04405452987954],[120.661957,28.044501000000004],[120.62094200000001,28.03994399999999],[120.606049,28.042222],[120.59728612387397,28.048940628383985],[120.59018,28.054389999999994],[120.58977289302159,28.057604660478344],[120.584972,28.095526000000003],[120.58438281133648,28.097010864759916],[120.577,28.115630000000007],[120.55958,28.112780000000008],[120.55958113867833,28.112779022679046],[120.55958100000001,28.112779000000018],[120.55995955958015,28.112454226230092],[120.57446999999999,28.1],[120.57960964100636,28.09079373075885],[120.58016999817366,28.089789003274657],[120.58016985158076,28.089709000201267],[120.5801698515804,28.08970899999972],[120.580089,28.046128999999997],[120.58084758050886,28.041545666664362],[120.58204,28.03433000000002],[120.58456768452689,28.031535666671864],[120.58895900000002,28.02667900000001],[120.593456499992,28.025889438890303],[120.60426000000001,28.023989999999987],[120.65894999999999,28.023990000000023],[120.67358999999999,28.021709999999995],[120.70530172762462,28.010417990163376],[120.70530172775815,28.010417990115823],[120.70728600000001,28.009711],[120.73853600000001,27.983100000000007],[120.74522908635214,27.978916543170136],[120.75058,27.97557],[120.79644232271939,27.964954323081617],[120.79644232296596,27.964954323024546],[120.835297,27.95595900000002],[120.84407483793588,27.950824225288375],[120.84726000000002,27.948959999999992],[120.84864711778228,27.946122353336808],[120.85425900000001,27.934638000000007],[120.86375996526925,27.918109539742044],[120.86261,27.90287],[120.86836,27.882560000000023],[120.85227110718027,27.85819167694118],[120.84360853225247,27.85505720161408],[120.82700000000001,27.84905],[120.80749000000002,27.834829999999993],[120.80748995360467,27.83482988083646],[120.807486,27.83482699999999],[120.796018,27.80536999999999],[120.77724652980423,27.782235735097906],[120.76963,27.772849999999988],[120.76246250001272,27.762937500017607],[120.74096,27.733203000000007],[120.7328290338835,27.725538724569226],[120.72261000000002,27.715909999999987],[120.704253133595,27.71284052397258],[120.69969718864908,27.71656058214491],[120.69446393661666,27.720833680749525],[120.68727,27.726710000000022],[120.66395336729303,27.744593500020713],[120.65268000000002,27.753241],[120.635265,27.76333199999999],[120.63526543055475,27.76332685451796],[120.63526000000002,27.763329999999986],[120.63642824683595,27.749430246829334],[120.63672899999999,27.745836000000025],[120.64097734057952,27.740090672470803],[120.64527,27.734279999999995],[120.6653308233745,27.71746550332089],[120.67245500000001,27.711493000000008],[120.67299699971021,27.708049400086878],[120.67358999999999,27.704249999999995],[120.68018,27.686380000000003],[120.67530849998663,27.68205135124782],[120.66986100000001,27.677213000000016],[120.66986032301467,27.67721028701981],[120.66986,27.677210000000024],[120.6696837137116,27.67650253528996],[120.66757699999998,27.66806000000002],[120.67310600000002,27.65961300000001],[120.67310801525427,27.6596130327489],[120.67311000000001,27.659610000000004],[120.67562792461922,27.659649967057447],[120.67276489993185,27.64891292007246],[120.66648,27.62536],[120.63559,27.608709999999984],[120.61832999999999,27.593729999999997],[120.60687,27.581490000000006],[120.59657,27.57027999999999],[120.60578000000001,27.549960000000006],[120.61385000000001,27.52963000000002],[120.61415899996457,27.528744557585277],[120.61415900001583,27.528744557438383],[120.61845899999999,27.516420999999994],[120.61845982716181,27.516420495269497],[120.61846,27.516419999999997],[120.63338999999999,27.507310000000025],[120.65211,27.50336000000001],[120.66195869916292,27.503240015847755],[120.66264852078622,27.502840472349295],[120.66387417963365,27.502130572851684],[120.67685000000002,27.49461],[120.6798259572365,27.487056985727286],[120.681977,27.481594000000005],[120.67926470986532,27.47108300773974],[120.67807,27.46646],[120.66562,27.451729999999998],[120.65601999999998,27.44628],[120.65203883426335,27.446157834264408],[120.65048300000001,27.446112000000007],[120.64649500000002,27.44448500000002],[120.6464934334777,27.444481402648787],[120.64648999999999,27.44447999999999],[120.64326874420547,27.437076248071335],[120.637706,27.424301999999987],[120.63643021445708,27.417073999995786],[120.63624,27.416000000000015],[120.63941000000001,27.408269999999987],[120.64893575359265,27.400213591400128],[120.64451967983574,27.392890729045927],[120.63941000000001,27.38443],[120.63526000000002,27.37971000000001],[120.62256999999998,27.38036000000002],[120.55958,27.402089999999987],[120.54591000000002,27.403269999999992],[120.54590977941758,27.403265932730225],[120.545909,27.403266000000002],[120.54563935790706,27.398279691204912],[120.54492999999998,27.38520000000001],[120.53964,27.365219999999983],[120.52734999999998,27.349800000000013],[120.50489,27.344959999999997],[120.50489,27.338770000000014],[120.50965972157023,27.3381723294371],[120.517182,27.33722600000001],[120.53418999999998,27.333197],[120.547455,27.327582000000003],[120.54932700000002,27.321030999999998],[120.54795989804181,27.31864740131169],[120.54615,27.31550000000001],[120.54556273390823,27.310881053210746],[120.545258,27.308498000000018],[120.545909,27.29401299999998],[120.54395613295307,27.285956548491022],[120.5394,27.281890000000004],[120.53468,27.279610000000016],[120.53383285100595,27.27880671632603],[120.53158599999999,27.276679000000005],[120.52752836063318,27.27376747212664],[120.52597,27.272650000000006],[120.52149,27.268300000000004],[120.51783,27.263009999999994],[120.51783359491387,27.263007859392207],[120.517833,27.26300700000001],[120.51826211411978,27.262752695683208],[120.52003,27.2617],[120.52088365548104,27.259196155485032],[120.52271600000002,27.253811],[120.52569628536989,27.240100771696287],[120.52597,27.238840000000003],[120.52366464923482,27.23452676308449],[120.521007,27.22956000000001],[120.51818255523744,27.22768555559269],[120.51205,27.223620000000004],[120.50874877118497,27.217178371466055],[120.50814899999999,27.216009999999983],[120.51553510172184,27.205023898265054],[120.51553510184775,27.205023898077755],[120.51783,27.20161000000001],[120.49928577233486,27.197269861610295],[120.49903400000001,27.197211],[120.49903383377776,27.197210897267134],[120.49903000000002,27.197210000000005],[120.48146000000001,27.18635],[120.46835248704085,27.182200787278386],[120.46339,27.197902999999993],[120.46297506406616,27.20045650418262],[120.45973,27.22045],[120.452762000006,27.222546305082943],[120.450287,27.223293000000005],[120.442328,27.220998000000012],[120.43702000000002,27.21947],[120.43210929961887,27.220304498103985],[120.42172300000001,27.22207300000001],[120.42172218221103,27.222069629166754],[120.42172,27.222070000000027],[120.41871,27.209660000000014],[120.41909952941158,27.207044588236485],[120.4192,27.206366],[120.41955029276697,27.20393804939654],[120.42042,27.1979],[120.42920956289468,27.17365120589351],[120.4067495713694,27.184230730862904],[120.40339208241687,27.18995562355918],[120.376231,27.236274],[120.36096772724872,27.243197817973076],[120.34726,27.249420000000004],[120.3349433438088,27.247554906348192],[120.333263,27.247301000000004],[120.317882,27.243232],[120.303071,27.242255000000032],[120.29495784066704,27.24750421702052],[120.29200235859571,27.249418472345884],[120.29027770404204,27.25606629594041],[120.28809999999999,27.264470000000017],[120.29526000000001,27.27627000000001],[120.3036259998852,27.282052481731515],[120.30362600000738,27.282052481815963],[120.30762800000001,27.28481699999998],[120.31301681700785,27.287361731915833],[120.31935,27.290350000000004],[120.31113,27.293890000000008],[120.31064880790872,27.29453461582041],[120.31006899999998,27.29531499999998],[120.31007009973749,27.29530986638942],[120.31007,27.295309999999997],[120.31031,27.29418000000001],[120.30782209746025,27.291736752121206],[120.30640799441443,27.290351973792937],[120.29884186607845,27.297798163502716],[120.30078738958557,27.29858796110399],[120.30576,27.300599999999978],[120.30848470217788,27.3033328844667],[120.309093,27.303941],[120.31124138902456,27.314619277649033],[120.31186,27.317689999999985],[120.31185911873219,27.317689619777333],[120.31186,27.317694],[120.30456608676587,27.314543043823306],[120.29151000000002,27.308909999999994],[120.28754749999777,27.305853749998267],[120.28551944505095,27.30429405178619],[120.28516789887689,27.304023691291274],[120.28414711498614,27.30581702299025],[120.280772,27.31175399999998],[120.276134,27.316718000000012],[120.27376967773928,27.31822538705241],[120.26401,27.32444999999999],[120.26401055500179,27.32444737104413],[120.26400799999999,27.324449000000005],[120.26571699999998,27.316351999999984],[120.2659089926292,27.312861511052358],[120.26596,27.311919999999997],[120.26596092982687,27.311917275770394],[120.265961,27.311915999999986],[120.26710000000001,27.308579999999978],[120.2714889311385,27.304021110252492],[120.25855599999998,27.299994000000012],[120.24830200000001,27.303534],[120.237885,27.309149000000005],[120.2378804814601,27.30914974032574],[120.23788000000002,27.30915000000001],[120.22372,27.311469999999996],[120.22573801963911,27.30723721786007],[120.22730600000001,27.30394099999997],[120.22964320949231,27.300101494061046],[120.23072,27.298330000000014],[120.23072338596819,27.29832700871526],[120.230724,27.29832600000001],[120.235606,27.29401299999998],[120.23560724437513,27.294012434417066],[120.23561,27.294009999999993],[120.24365999999999,27.290350000000004],[120.24365999999999,27.283512515763146],[120.22567800000002,27.268622],[120.21924959216433,27.27094078640083],[120.21710507759839,27.275075903004083],[120.212983,27.283026],[120.2129813290216,27.283027437341143],[120.21298,27.283030000000004],[120.19581,27.297799999999995],[120.19215000000001,27.28767],[120.19215017762035,27.287668258233047],[120.192149,27.287665],[120.19312599999999,27.27806199999999],[120.19556700000001,27.269760999999995],[120.19575449769539,27.26457100231717],[120.19581,27.263010000000005],[120.19339561987283,27.259182190048943],[120.19141700000002,27.256049],[120.18767020785376,27.25204665491085],[120.1753,27.238840000000003],[120.17546493881734,27.23231502038646],[120.175548,27.228949000000007],[120.17663947760781,27.224787636831678],[120.1775,27.221499999999995],[120.18238,27.21686000000001],[120.18886016524765,27.215837156734136],[120.192393,27.215277000000004],[120.201915,27.21784100000001],[120.20541400000002,27.223863000000005],[120.206635,27.23045500000001],[120.20948172744235,27.23509092762556],[120.21597630238355,27.23857847305766],[120.23935,27.251125],[120.25111644788791,27.255065791554408],[120.25660000000002,27.25690000000001],[120.2640097335151,27.252830146368925],[120.27003000000002,27.239447000000002],[120.28631482926923,27.231977512194693],[120.29762,27.22679],[120.29807625915048,27.226192554855313],[120.306407,27.215277000000004],[120.31910200000002,27.225897999999997],[120.32538399761722,27.2298855029746],[120.333588,27.235088731539005],[120.333588,27.228909000000005],[120.339854,27.228909000000005],[120.34112978554272,27.232523000001528],[120.34132,27.233060000000005],[120.34142427427308,27.23325783543592],[120.34278399999998,27.235826],[120.34726,27.24258000000001],[120.36483808828407,27.225081903016434],[120.365489,27.209621000000013],[120.35702917208326,27.196100311727115],[120.34726,27.180490000000006],[120.34726232781546,27.18049072036727],[120.34726,27.18048700000001],[120.369884,27.187486000000003],[120.3793600912525,27.182865847909838],[120.38624000000002,27.179510000000008],[120.39079334511435,27.17534993805293],[120.40186599999998,27.16522900000001],[120.40923192326628,27.160746088045872],[120.42172,27.15314],[120.42172,27.146959999999996],[120.40828931421952,27.146489526539074],[120.40724416673308,27.146453001268533],[120.40658926636208,27.146430114151126],[120.38461000000001,27.14985000000001],[120.37387,27.146959999999982],[120.37387260967357,27.146959432912585],[120.37387100000001,27.146958999999995],[120.38092660362484,27.145426585546634],[120.40797,27.139550000000007],[120.40797,27.132720000000003],[120.38556270160538,27.126412947577005],[120.38389620190775,27.12594409580953],[120.3813595608669,27.12523043913312],[120.37387,27.13271999999999],[120.37094770365462,27.12951531484232],[120.367035,27.12523000000001],[120.38135800000002,27.119045000000003],[120.38135800000002,27.112249999999992],[120.37387100000001,27.112249999999992],[120.37387,27.112249999999992],[120.37387,27.106019999999976],[120.39502060059093,27.106020000000004],[120.38541022306117,27.10193022054715],[120.37753,27.098580000000002],[120.37185692912016,27.09851924809358],[120.35792100000002,27.098375],[120.28272969144489,27.11229013178699],[120.27491049766623,27.115629787441787],[120.262055,27.12995000000001],[120.25513800000002,27.133042999999997],[120.2494265499432,27.132880740068092],[120.24365999999999,27.13271999999999],[120.24716,27.12165000000001],[120.25245,27.113959999999988],[120.25530201818557,27.11065996363202],[120.25583383572844,27.110044358642575],[120.25766894999282,27.107920123531276]],[[120.25766894999282,27.107920123531276],[119.05,27.250000000000014]],[[120.69281,30.26033],[120.69571817156684,30.256111172880086],[120.698686,30.251796],[120.72551799999998,30.24263600000001],[120.73087726741096,30.236347623975643],[120.73439889382011,30.232211299263064],[120.70699599275386,30.210083499619262],[120.70078032223391,30.205064355420454],[120.69135,30.197449999999996],[120.68692964460217,30.192016392596823],[120.665956,30.166242],[120.643813,30.145873000000005],[120.63011,30.134972]],[[121.83725,29.099799999999995],[121.82667,29.10797999999999],[121.82417534667589,29.109491911105522],[121.814464,29.11538300000001],[121.80605310663051,29.117671511068927],[121.8025,29.11864],[121.79274,29.118559999999995],[121.78581999999999,29.119700000000016],[121.78273000000002,29.124660000000006],[121.78354000000002,29.132879999999997],[121.78575640131402,29.142744802569716],[121.78598015728424,29.14374025091559],[121.78980863137647,29.14984781663452],[121.79033095642437,29.149811418808817],[121.79537856127938,29.149459680284163],[121.79622999999998,29.149399999999975],[121.84392000000001,29.141909999999996],[121.85677999999999,29.13426000000001],[121.86215,29.129580000000008],[121.86459,29.123849999999997],[121.86735999999999,29.115789999999983],[121.86101000000001,29.106839999999995],[121.85734659725262,29.102295029746564],[121.853526,29.097560999999995],[121.84853448587926,29.09646342372959],[121.84204999999999,29.095040000000008],[121.83725,29.099799999999995]],[[121.87647500000001,30.081610000000023],[121.88184700000001,30.07636099999999],[121.88294064578282,30.0715048671603],[121.88526000000002,30.06118000000003],[121.89143885795171,30.0572609289718],[121.893077,30.05621999999999],[121.89472661099437,30.05572948133168],[121.90211,30.053529999999988],[121.90777400000303,30.046697999996365],[121.90919000000001,30.04498899999999],[121.90923632183873,30.044246356327506],[121.91049000000001,30.024119999999996],[121.90332999999998,30.001780000000007],[121.89649500001194,29.99286500001557],[121.889659,29.983954000000004],[121.872385844781,29.97702886642028],[121.87159261250281,29.976711046736035],[121.86011800000001,29.978095],[121.84742300000002,29.98212300000001],[121.83619200000001,29.988674000000017],[121.82886952797321,29.997502157836788],[121.82842105084974,29.999552338972656],[121.82740300000002,30.004218000000016],[121.82911200000001,30.009100999999998],[121.832205,30.01365799999998],[121.835134,30.019435999999992],[121.83567666666669,30.023613333333476],[121.83595,30.025700000000004],[121.83540411636416,30.030475553440123],[121.83448299999999,30.038559999999993],[121.83460579572164,30.041795465961183],[121.83473000000001,30.04499],[121.83627764846212,30.051284540386916],[121.837413,30.055894000000013],[121.84196698235203,30.06800197940934],[121.84766959644469,30.083158927392468],[121.84779668338886,30.083253266555836],[121.84833338114113,30.083651667959373],[121.85304,30.08714],[121.86475999999999,30.085920000000023],[121.87192503783173,30.08328507567792],[121.87647500000001,30.081610000000023]],[[120.9098495336688,30.404232533662327],[120.901703,30.403551000000007],[120.89478600000001,30.401271999999985],[120.904552,30.38861699999999],[120.909028,30.384425999999994],[120.91226674301812,30.38248264805302],[120.91513000000002,30.380759999999995],[120.91513000000002,30.374580000000012],[120.91152999999703,30.374334999999807],[120.90072700000002,30.373603000000024],[120.89474626873306,30.371195055375974],[120.88819000000001,30.368560000000006],[120.85058,30.330219999999994],[120.83179,30.30525],[120.81073,30.296569999999992],[120.78743000000001,30.293629999999993],[120.76962000000002,30.306030000000007],[120.76065,30.318100000000005]],[[120.93013850953686,30.462438730701255],[120.92982263236252,30.46022282126778],[120.92973281742393,30.459592760643428],[120.9288,30.45307000000001],[120.93238000000001,30.439400000000003],[120.93650021128016,30.43355348088399],[120.93848700000001,30.430732000000017],[120.939545,30.421941999999998],[120.93320705220337,30.413779723904447],[120.9288,30.408109999999986],[120.92164000000001,30.405220000000003],[120.9098495336688,30.404232533662327]],[[121.97190645745819,30.902055593078],[121.96007567717746,30.874258591061814],[121.9074,30.85709000000001],[121.83089900029339,30.854032811275832],[121.83089900001156,30.85403281126457],[121.81080899999999,30.853231000000022],[121.79207785260618,30.851570098249656],[121.79207785220396,30.851570098214015],[121.73283,30.846320000000006],[121.63113000000001,30.836559999999995],[121.592374181192,30.82774007389186],[121.54293700000001,30.816494999999993],[121.49203699999998,30.797734000000016],[121.45881202649119,30.784254158933376],[121.45881202621904,30.784254158823003],[121.45641,30.783279999999998],[121.41060000000002,30.76739000000001],[121.35060000000001,30.713450000000012],[121.34129200001614,30.707796574614832],[121.33350700000001,30.70307],[121.32580581102202,30.701517972387425],[121.32580581083114,30.70151797234897],[121.26466000000002,30.68919999999998],[121.23748027456925,30.68016129421082],[121.221934,30.674994],[121.2152017005031,30.671498634504783],[121.20289,30.66511],[121.17774000000001,30.645660000000017],[121.16951026311891,30.641735655005085],[121.158946,30.63670499999998],[121.14852900000001,30.627834000000007],[121.14161200000001,30.61774300000001],[121.14161181181073,30.617742641787604],[121.14161,30.61773999999998],[121.1409859781096,30.6165513868754],[121.13656700000001,30.60813999999999],[121.13264738915896,30.602373073886294],[121.13087,30.599759999999996],[121.1280321815957,30.59774491046083],[121.121349,30.593003999999993],[121.10923118230683,30.59048163809541],[121.10239000000001,30.589060000000003],[121.07515000000001,30.585940000000008]],[[121.4739,31.410579999999996],[121.53149978087251,31.3751744109278],[121.546235,31.366115999999995],[121.59445971498907,31.34896814165317],[121.6316,31.33576],[121.64834800000783,31.32584140881352],[121.669932,31.313056000000014],[121.72516100855339,31.28156870549071],[121.77749999999999,31.214390000000005],[121.87702,31.09914000000001],[121.95082000000001,30.982079999999993],[121.97738,30.914919999999995],[121.97190645745819,30.902055593078]],[[121.82341838005047,31.302392928003098],[121.81854000549629,31.31121042228571],[121.813243,31.32078699999999],[121.7942003228977,31.368800185863055],[121.7986535381356,31.371363499999994],[121.80445231645456,31.374700031312834],[121.82086153188821,31.374921844077814],[121.82086153224715,31.374921844082667],[121.83773800000002,31.375149000000004],[121.84396297996955,31.37431146994795],[121.85377,31.372989999999998],[121.8589062176439,31.3705130882243],[121.86784900000002,31.366196999999982],[121.87794,31.354314999999996],[121.88184700000001,31.336615],[121.8800736650382,31.329768999022324],[121.87745,31.319650000000003],[121.86622,31.30418999999999],[121.85108097326352,31.293930659556406],[121.84701809391643,31.29358716022048],[121.83473000000001,31.292549999999995],[121.82622050151542,31.299953489397705],[121.82414473829418,31.301760583415895],[121.82341838005047,31.302392928003098]],[[121.61817,31.443789999999996],[121.66482850710354,31.428077549810926],[121.69125400000001,31.419175999999997],[121.72559700000001,31.402736999999988],[121.745942,31.388494999999985],[121.76238000000001,31.373765],[121.77418082599014,31.35919821479549],[121.77453746015968,31.358427424816192],[121.782237,31.341782999999992],[121.78004000000001,31.325181],[121.766368,31.320624000000002],[121.751638,31.33051199999998],[121.72047,31.357733000000014],[121.59880600000001,31.429144999999977],[121.584483,31.441392],[121.58459805174606,31.44146917242849],[121.5911568391814,31.445867880169548],[121.59356651478956,31.445523791858644],[121.59936057605972,31.444696432047653],[121.60255,31.444239999999986],[121.61817,31.443789999999996]],[[121.98135463816925,31.48823585089855],[121.9813546381252,31.488235850767],[121.9778502522238,31.477770753212326],[121.91289,31.45633199999999],[121.88299219373879,31.447995354723975],[121.8829921935241,31.447995354664126],[121.85137,31.439179999999986],[121.81733000000001,31.446650000000027],[121.78335,31.465690000000027],[121.73024,31.48477],[121.71016999999999,31.49508000000002],[121.68463,31.506810000000005],[121.64081481286063,31.516062935574045],[121.61468900000001,31.521581999999974],[121.57154399999999,31.529364000000022],[121.55241867164723,31.544828014955577],[121.54134,31.553790000000003],[121.51746,31.568390000000015],[121.51745828657096,31.568390601635254],[121.517456,31.568392000000006],[121.51631770752698,31.56879109242892],[121.50772000000002,31.571809999999985]],[[121.50772000000002,31.571809999999985],[121.54014999224057,31.7263799630165]],[[121.54014999224057,31.7263799630165],[121.54045979743785,31.726253522126026],[121.54065739764572,31.72617287549239],[121.57109,31.713749999999973],[121.60524,31.691820000000014],[121.62004259487414,31.680200758862245],[121.62570199999999,31.675755999999996],[121.63447032663483,31.66990930653156],[121.64105000000002,31.66552000000003],[121.66322,31.65234999999997],[121.72123000000002,31.630310000000016],[121.76859722146465,31.621688664452975],[121.844075,31.607946999999992],[121.90227611298228,31.58503367776943],[121.91897,31.578459999999993],[121.92335457140423,31.575722512356272],[121.980086,31.540296000000016],[121.986598,31.50389700000001],[121.98135463816925,31.48823585089855]],[[121.84747881317736,31.90496879431795],[121.8474788133511,31.90496879414044],[121.84783,31.90461000000001],[121.87495997857783,31.86372003228721],[121.87468699999998,31.825903000000014],[121.901776,31.786487000000015],[121.922057,31.75437799999998],[121.9258992057061,31.74161187236923],[121.93037998160217,31.726710061186022],[121.91484199999998,31.706433999999994],[121.87199800000002,31.690682000000013],[121.83583569347893,31.69085854018578],[121.83583569323659,31.690858540186976],[121.81731,31.690950000000004],[121.78516188614111,31.700689569214802],[121.749045,31.71163400000002],[121.70290999999999,31.720554999999997],[121.67555400000002,31.723572999999984],[121.65505999999999,31.73237999999999],[121.60719400000002,31.748551000000006],[121.574311,31.76553],[121.57138568495668,31.766588936989255],[121.55161,31.77374999999999],[121.55016000000002,31.774100000000004]],[[121.61416962369101,32.07919820634467],[121.63394783729173,32.07138963713247],[121.63433526968217,32.07123667626872],[121.65537,32.06293],[121.65759070279941,32.06130548588007],[121.683116,32.042629],[121.7039621971633,32.03237727462105],[121.71778,32.02557999999999],[121.72154758671427,32.022025896688234],[121.727306,32.01658799999999],[121.764366,31.99528700000001],[121.77902000453665,31.984679754519995],[121.79863999999999,31.970469999999995],[121.81046160304578,31.96135149194494],[121.82194500000001,31.952485999999993],[121.82520600000001,31.92771999999999],[121.84747881317736,31.90496879431795]],[[121.90088947166458,29.07182817002056],[121.888682,29.072332999999986],[121.89228486628318,29.079053012815542],[121.90016,29.093740000000015],[121.88844000000002,29.110300000000006],[121.88141545037311,29.11709943052905],[121.87159300000002,29.126614000000004],[121.868175,29.14740600000002],[121.881358,29.160304999999997],[121.90027725061249,29.16570016790325],[121.90332999999998,29.16657000000001],[121.92661,29.16673000000001],[121.93603589999628,29.163544500061494],[121.943207,29.161119000000017],[121.94754497451481,29.15672025000395],[121.95191,29.152289999999997],[121.95541000000001,29.14350000000001],[121.95753,29.11953],[121.95883,29.108059999999984],[121.95833999999999,29.101869999999998],[121.93531178396022,29.06289301948631],[121.9309017677906,29.062963687264073],[121.92514,29.06306],[121.91228000000001,29.071359999999995],[121.90088947166458,29.07182817002056]],[[122.24175265843643,29.687924664613913],[122.24171748504133,29.687902804437723],[122.24032959835178,29.687040236366528],[122.20818039867589,29.705959765382644],[122.2080981882123,29.706064405229903],[122.20788156485064,29.706340129687465],[122.2046,29.71052],[122.20439385805027,29.71222700000477],[122.20403099999999,29.715237000000005],[122.20450332935911,29.71844535320381],[122.2046,29.71910000000001],[122.20973000000001,29.719790000000025],[122.21697,29.718530000000015],[122.21981308597053,29.71630151581782],[122.22339900000001,29.713486999999994],[122.22877,29.70661],[122.25172,29.696275000000014],[122.26433400000002,29.693955999999993],[122.27214600000002,29.69074100000001],[122.2739713940312,29.68590934626511],[122.27491,29.683419999999998],[122.27336500000003,29.68303000000001],[122.271821,29.682644000000014],[122.249034,29.69244999999999],[122.24903236322189,29.692448982746548],[122.24903,29.69244999999998],[122.24175265843643,29.687924664613913]],[[122.0451,29.716990000000003],[122.04004999999998,29.716379999999994],[122.03840271699357,29.716881547060606],[122.036469,29.717474999999993],[122.0358298610728,29.718710916561108],[122.03338,29.723460000000006],[122.03289,29.73093999999999],[122.03465212969186,29.737468546071508],[122.03533,29.73997600000001],[122.03641606451546,29.74203780645034],[122.03932,29.747539999999987],[122.04202014177942,29.749797041589996],[122.043224,29.750800000000027],[122.048595,29.75609000000002],[122.056651,29.767808000000002],[122.06804995359424,29.779367738419076],[122.06820706071908,29.779527020036976],[122.084483,29.784898000000002],[122.09493593857506,29.78640918432429],[122.09799000000001,29.786850000000005],[122.09929199998533,29.78723204872451],[122.10743200000002,29.78961799999999],[122.114757,29.788520000000005],[122.1182789823586,29.783803986757107],[122.12208,29.77871000000001],[122.12378989092106,29.770900498190922],[122.12377363798555,29.770825727839437],[122.12353555485903,29.76973044514142],[122.12094000000002,29.75779999999999],[122.12208,29.750800000000027],[122.12326845574108,29.749249605465067],[122.12647499999999,29.74506300000001],[122.14030999999999,29.734605000000013],[122.14177500000052,29.733994999999787],[122.14323999999999,29.73337999999999],[122.17701,29.696839999999995],[122.1849083006929,29.678052468504134],[122.18638737548639,29.674531949055527],[122.18685905338442,29.673409253150773],[122.16293678416177,29.65453535248536],[122.16577390822236,29.663046724667122],[122.16806000000061,29.669905000001812],[122.16976999999999,29.67503000000001],[122.16976806943269,29.675029208298056],[122.16976999999999,29.675035000000015],[122.16521200000001,29.673162999999974],[122.1550669543842,29.670391378935776],[122.14942500000001,29.66885136478785],[122.14942500000001,29.68183000000001],[122.14942,29.681825600590603],[122.14942,29.681830000000016],[122.14482297325122,29.67778076004206],[122.138927,29.672593000000003],[122.132579,29.668890999999984],[122.12745200000002,29.66901299999999],[122.125011,29.673244999999998],[122.12431612349071,29.677947685239925],[122.12306,29.686470000000003],[122.12206281690315,29.689141026152257],[122.121104,29.69171800000003],[122.11524500000002,29.698391000000008],[122.108735,29.704005999999996],[122.10689725925752,29.70637729012569],[122.10369,29.71052],[122.1030240080856,29.713407012119525],[122.101573,29.719713000000006],[122.0954747335465,29.723919131669273],[122.09278000000002,29.72578],[122.08030899999811,29.72488827065664],[122.07390400000001,29.724433000000005],[122.05681400000002,29.719793999999983],[122.05681005925365,29.71979001608759],[122.05681,29.71979],[122.05307010799679,29.71601010915185],[122.05286399576326,29.71603533050842],[122.0451,29.716990000000003]],[[122.005626,29.776923000000014],[121.99382600000001,29.769232000000002],[121.97437599999999,29.77114500000002],[121.96827200000001,29.773830000000004],[121.96788609596912,29.775052952015898],[121.96730000000001,29.77692],[121.96908999999998,29.779729999999986],[121.96852,29.79461999999999],[121.97595669238875,29.803585576634024],[121.977468,29.805406000000005],[122.00048079919142,29.816573065584418],[122.01612,29.824159999999996],[122.02434000000001,29.82464999999998],[122.0302,29.81607000000001],[122.02898,29.806099999999983],[122.0205737439568,29.795594880028254],[122.005626,29.776923000000014]],[[121.97217900000001,29.944769999999995],[121.98682700000002,29.929876999999994],[121.9935,29.918850000000003],[121.99244000839778,29.908270083819467],[121.99195200000118,29.908045589295998],[121.97413000000002,29.899849999999997],[121.94614,29.90395999999998],[121.94003473676993,29.912416811986148],[121.933604,29.92133200000001],[121.93914411767007,29.9337040470781],[121.94092999999998,29.937690000000014],[121.94190215821561,29.93860903481585],[121.95191500000001,29.948065000000003],[121.9593119949805,29.952772011699768],[121.95997,29.953190000000024],[121.9639569999974,29.95229583410197],[121.96433320269986,29.95221123183524],[121.96648143657545,29.951728126705596],[121.96755142855855,29.95033285715967],[121.970225,29.94684499999999],[121.97217900000001,29.944769999999995]],[[122.04045853856945,29.966497463710823],[122.04905800760636,29.9635000025408],[122.05201,29.962470000000003],[122.05388000000002,29.953270000000018],[122.03826000000001,29.93452],[122.03180699999989,29.940685539170612],[122.03174900000002,29.940741000000017],[122.02670300000001,29.943670999999995],[122.02578126473517,29.949969000000674],[122.02524,29.953680000000002],[122.02778499443846,29.957476027849186],[122.029389,29.959865999999984],[122.033214,29.95949899999999],[122.033702,29.961329999999997],[122.03402061031227,29.961902024154266],[122.03509,29.963809999999988],[122.03891,29.963810000000002],[122.04045853856945,29.966497463710823]],[[122.18191447282845,29.970412130174417],[122.18400847755844,29.967518485688952],[122.17652055763234,29.96007055465434],[122.14625100000002,29.973741],[122.14343556405295,29.973970651245864],[122.13478171878957,29.974679859140185],[122.13727597526122,29.97592687633263],[122.14601,29.980290000000014],[122.15426784187062,29.985444474388853],[122.161469,29.989935999999993],[122.16851610748226,29.984305938105383],[122.17644,29.97797],[122.18146541689141,29.971032667567332],[122.18191447282845,29.970412130174417]],[[122.00961300000002,30.00433999999999],[122.01120000000189,30.007422500003642],[122.01173000000001,30.00845],[122.01222,30.011419999999983],[122.0116653230295,30.013491548685693],[122.01124099999998,30.01508199999999],[122.01216153725272,30.019420925479913],[122.01352,30.02581999999999],[122.01351957507703,30.02582199713798],[122.01352,30.025823999999997],[122.01318181818122,30.02740945454822],[122.01222,30.03193],[122.01055168231863,30.03264220579379],[122.00880000000001,30.033393000000004],[122.00242951555529,30.03490746371042],[121.99545000000002,30.036569999999994],[121.99327062653103,30.037444080268298],[121.99170999999998,30.038071999999993],[121.98845150658015,30.041481679812996],[121.97682000000002,30.05366],[121.97376942364608,30.059279482757216],[121.97352760993014,30.05972568495335],[121.9733996324576,30.059961832969556],[121.97325235140184,30.06069633784758],[121.971853,30.06769400000001],[121.97250336518462,30.069320079465715],[121.97381,30.072580000000006],[121.97730999999999,30.077340000000003],[121.98032000000002,30.084619999999997],[121.9805118064518,30.086797802421625],[121.980805,30.09007400000002],[121.97867095208129,30.1031914148903],[121.97804000000001,30.107080000000003],[121.96551000000001,30.129710000000014],[121.96315000000001,30.142399999999995],[121.96928268248368,30.14540485401555],[121.97461999999999,30.148016999999996],[122.08741299999998,30.147528000000012],[122.09092921895284,30.14668068628926],[122.10328000000001,30.143700000000003],[122.11744000000002,30.135929999999995],[122.12933441771006,30.126216358673304],[122.13233500000001,30.123764999999985],[122.1366467180089,30.122521362559397],[122.1408,30.121319999999994],[122.16400950276406,30.12053700552941],[122.164806,30.120509999999996],[122.16651663847858,30.11938829809673],[122.16976999999999,30.117250000000002],[122.17359,30.102240000000002],[122.17658103752863,30.1010072075051],[122.18246499999998,30.098577999999986],[122.19369600000002,30.09979899999999],[122.19554289921699,30.099754697659368],[122.20387,30.099550000000008],[122.22934,30.091620000000006],[122.23878000000002,30.086615],[122.245372,30.080146000000003],[122.249685,30.073432],[122.2512913515943,30.072120483509327],[122.25611000000002,30.068179999999998],[122.26383034952605,30.066967048585255],[122.269542,30.066067000000007],[122.28956099999999,30.067328],[122.29713,30.06256699999999],[122.29798233009492,30.058650980560245],[122.30014,30.048730000000006],[122.30298779852377,30.044006992620286],[122.30421000000001,30.041978000000004],[122.32251999999998,30.031928000000004],[122.32338272201724,30.030634177615205],[122.32748000000001,30.02448],[122.32667,30.01081],[122.32096999999999,30.005929999999978],[122.31324,30.003489999999992],[122.30823199999688,29.99847399999689],[122.306977,29.997219000000005],[122.30298899999998,29.986314000000018],[122.301036,29.975897999999987],[122.3003227920272,29.95722071679748],[122.30014,29.952460000000002],[122.29695792018182,29.943329239477166],[122.29363000000001,29.933783000000005],[122.28382753322286,29.93759793354525],[122.27784000000001,29.939929999999993],[122.24562000000002,29.969879999999996],[122.23331139696286,29.97645357266828],[122.229177,29.978664000000002],[122.184744,29.994452000000006],[122.14421600000001,30.00039299999996],[122.09896900000001,30.014472],[122.09158444677968,30.015558829821057],[122.07739999999998,30.017649999999993],[122.06528,30.015939999999997],[122.05808635599918,30.012198780036073],[122.048839,30.007391999999996],[122.034679,30.002020999999985],[122.03340306255964,30.00119537533973],[122.03053,29.999339999999982],[122.02687570551848,29.99775647239133],[122.02572700000002,29.997260000000008],[122.02561194827588,29.997259293103443],[122.01905121717428,29.99722000728847],[122.01050960201437,30.000311782091238],[122.01036946927464,30.000939265359097],[122.00961300000002,30.00433999999999]],[[121.9101091452158,30.09103346576042],[121.90821400000002,30.093004],[121.908132,30.098456000000006],[121.9120614664183,30.10313286752484],[121.91391000000002,30.10532999999999],[121.93100000000001,30.114649999999994],[121.94125000000001,30.11411999999999],[121.94914082788435,30.111881206972363],[121.95199600000001,30.111069999999998],[121.95638952715362,30.108507858909032],[121.95610599524771,30.107224000953053],[121.955496,30.10447799999999],[121.95256600000002,30.100531000000004],[121.949718,30.087998999999993],[121.94564991926633,30.08204215155759],[121.94060027211773,30.074650398330235],[121.93173300000001,30.069444000000008],[121.92963117798736,30.072731084778965],[121.92791,30.07543],[121.92661,30.083810000000007],[121.92365090612009,30.08540188733766],[121.920421,30.087144000000034],[121.91464300000001,30.088649999999998],[121.9136339336895,30.088994419097297],[121.91131000000001,30.089789999999994],[121.9101091452158,30.09103346576042]],[[122.18743112205053,30.19480315256301],[122.188569,30.194077999999966],[122.188975,30.190701000000015],[122.1906102330515,30.189713499999602],[122.19093,30.18952000000001],[122.19678899998961,30.191934190357152],[122.19922900000002,30.192938999999985],[122.20411200000001,30.191595999999993],[122.206228,30.188218],[122.204926,30.185817999999994],[122.20102,30.183009999999985],[122.20102,30.17731400000001],[122.19393999999998,30.177109999999995],[122.18864999999998,30.174343000000004],[122.18763857142874,30.173140000000213],[122.18629,30.171540000000007],[122.1848309006533,30.171517621175663],[122.183035,30.171495],[122.18303528913667,30.171490081121735],[122.18303,30.171490000000006],[122.18324843936394,30.16786390655897],[122.183279,30.16734399999999],[122.18276107229082,30.16475595181553],[122.18230003623353,30.162460180428262],[122.18197151862891,30.1621557850913],[122.18179970593305,30.161996588193734],[122.16236,30.143990000000002],[122.15691000000001,30.145659999999996],[122.14714999999998,30.15754000000001],[122.14511694890334,30.16265252555196],[122.145112,30.16266499999999],[122.1450047852004,30.17976740493274],[122.14495001872837,30.188666956638837],[122.14528930406328,30.188985563183586],[122.14674153642615,30.190349284770353],[122.14894,30.19240999999998],[122.16904000000001,30.20208999999999],[122.17320721897828,30.20185356204379],[122.173269,30.20185000000001],[122.17352924866715,30.201574149201438],[122.1753,30.199690000000007],[122.17852733333044,30.19775179702224],[122.178884,30.197536999999993],[122.18125749206982,30.19702604759299],[122.18531000000002,30.196149999999996],[122.18743112205053,30.19480315256301]],[[122.017833,30.185491999999986],[122.01384952336544,30.185370138377777],[122.01075674063013,30.18626804304288],[122.01603616630966,30.190562912640935],[122.02214948034975,30.19553615939313],[122.02646000000001,30.199039999999993],[122.03175000000002,30.197330000000008],[122.03589999999998,30.194400000000005],[122.03706353714065,30.19587549999722],[122.03728300000002,30.196152999999985],[122.03710730900205,30.198368000004873],[122.03696000000001,30.200260000000004],[122.04054,30.20249999999998],[122.04786,30.202130000000004],[122.05322999999999,30.198839999999997],[122.05560039756638,30.19419146585039],[122.05657,30.19228800000002],[122.056895,30.18781200000001],[122.05404699999998,30.186103000000003],[122.051687,30.182685000000014],[122.035655,30.170762000000003],[122.02809284654901,30.167620102302475],[122.02361000000002,30.165760000000002],[122.02351347485958,30.16592300000131],[122.021495,30.169338000000003],[122.02369200000001,30.172187000000008],[122.02483006677153,30.1726221552744],[122.02646000000001,30.17324],[122.02825,30.17532],[122.02645900000002,30.177965000000007],[122.017833,30.185491999999986]],[[122.16603,30.33169],[122.18161365914247,30.3354335605761],[122.19467200000001,30.338567999999988],[122.211436,30.34662499999999],[122.22387599360901,30.33362997449358],[122.22510755264508,30.332342558354174],[122.22198057232303,30.329255484351055],[122.22158523646216,30.32886519374065],[122.21876000000002,30.326079999999987],[122.21880766211365,30.32593032423962],[122.22047,30.320704999999997],[122.227875,30.31635199999998],[122.2278782086171,30.31635105403907],[122.22788,30.316349999999968],[122.22950578673107,30.31587121326544],[122.23592999265556,30.31397723600297],[122.23877672944904,30.3131379642202],[122.20650304236709,30.293048957623544],[122.20386800000001,30.291408999999998],[122.20386800000001,30.28514199999999],[122.20387,30.28514137145151],[122.20387,30.28513999999999],[122.2079956004918,30.28384480145042],[122.223806,30.278876000000007],[122.23193665406313,30.277738028142323],[122.22089900000888,30.27123321827524],[122.219574,30.270452999999996],[122.21957374861644,30.270452209168447],[122.21957,30.270450000000004],[122.21705,30.262520000000002],[122.21753978521045,30.254583480467495],[122.214529,30.24730099999999],[122.20923417986504,30.244970880088076],[122.20232,30.24193],[122.18800000000002,30.243640000000006],[122.18186933333223,30.2455558333337],[122.174083,30.247992000000014],[122.137706,30.254625000000008],[122.114024,30.265082000000007],[122.0870600000111,30.282633333326064],[122.08705999976563,30.28263333348589],[122.07357999999999,30.29140999999999],[122.07469712625559,30.29259366019205],[122.08399500000002,30.30243600000001],[122.087901,30.30564999999997],[122.09571400000002,30.310695999999997],[122.10010433663697,30.312489900991466],[122.10418,30.31415000000001],[122.12208,30.31928],[122.13598704081696,30.320496520469085],[122.13598704095811,30.32049652048143],[122.14722700000002,30.321478999999993],[122.152843,30.322698999999997],[122.15800816370984,30.326222501269992],[122.16603,30.33169]],[[121.96420000000002,30.3002],[121.96058406812338,30.299373340612973],[121.957774,30.298732999999995],[121.95777302048587,30.298730690530984],[121.95777000000001,30.298730000000003],[121.9569527107393,30.296796588841406],[121.95549805536066,30.29336684606766],[121.95135000000002,30.307969999999994],[121.95672,30.318870000000015],[121.9602320000012,30.323822000001687],[121.96111100000002,30.325059000000014],[121.96111100000002,30.33128109868422],[121.96566965595854,30.33628962200706],[121.973155,30.33458100000001],[121.97315501088936,30.33458113903597],[121.97316,30.33457999999998],[121.97389000000001,30.343940000000003],[121.98235,30.34474999999998],[121.98287451585067,30.343226406338548],[121.98381599999999,30.340480999999997],[121.98145600000001,30.335353999999988],[121.9774906162588,30.331470151230377],[121.97747,30.331450000000004],[121.977468,30.331448],[121.97331999999999,30.327299999999994],[121.97331997715376,30.32729897763015],[121.973318,30.327297],[121.973237,30.323716999999995],[121.96981899999999,30.318263999999996],[121.970225,30.307359],[121.96618523162898,30.305261299430096],[121.96599000000002,30.305160000000015],[121.96420000000002,30.3002]],[[122.26824276923078,30.516994769231342],[122.26824000000002,30.516831999999976],[122.26254300000001,30.514471999999998],[122.252452,30.51634299999999],[122.25313751082916,30.5176918777294],[122.2575,30.526270000000007],[122.264498,30.52976899999998],[122.269216,30.525051000000015],[122.26836488387048,30.521762553546463],[122.26832,30.521590000000007],[122.26824276923078,30.516994769231342]],[[122.07154400000002,30.597234999999994],[122.07708595276738,30.596245404182064],[122.0818,30.59540000000001],[122.08533578181728,30.59618250909071],[122.08789681335061,30.5967460787039],[122.08456000000001,30.59264],[122.07724000000002,30.589830000000013],[122.081147,30.58356399999998],[122.07323417294457,30.576727481173073],[122.07187,30.575549999999993],[122.06479,30.58682000000002],[122.05942000000002,30.58723],[122.05586435399434,30.588082943984002],[122.052501,30.588894000000003],[122.05030468347191,30.591660139204944],[122.05493293717181,30.591797702888194],[122.06544,30.592108],[122.06934700000001,30.594915999999998],[122.07154400000002,30.597234999999994]],[[122.2505245391539,29.778912633428632],[122.25130987521446,29.77834924168793],[122.25001031401347,29.77045190823555],[122.24945812041167,29.76957307854887],[122.24601999999999,29.76410999999999],[122.24724,29.760439999999996],[122.24929527780628,29.759264788930626],[122.251069,29.75824599999998],[122.26621704067072,29.75312764881601],[122.27792,29.74916999999999],[122.28145786440679,29.749045864406778],[122.28476000000002,29.748928000000006],[122.28723466874361,29.75044333126177],[122.28875,29.751369999999998],[122.29208000000001,29.751450000000002],[122.2941880904122,29.75075429520392],[122.29810600000002,29.749457000000003],[122.29935131969194,29.748336693095666],[122.30094999999999,29.746890000000008],[122.30127483132529,29.743129831325344],[122.30127999999999,29.743069],[122.30510500000001,29.740220000000004],[122.30697663491878,29.737128603008067],[122.30385433051508,29.73583239830781],[122.303152,29.73554100000001],[122.299753273037,29.735626092158057],[122.29013,29.735870000000013],[122.28517,29.7329],[122.28213472636199,29.732251915459788],[122.27865600000001,29.731513000000025],[122.267914,29.736802],[122.26478711733344,29.736850178643977],[122.25733000000001,29.736969999999985],[122.24779871553312,29.74168265602155],[122.24501608292313,29.743059240742152],[122.24203685658557,29.744533081536208],[122.24009560373455,29.746436120748434],[122.22934,29.756985],[122.22345573158326,29.766213657942462],[122.22161000000001,29.769110000000012],[122.21656255029977,29.77240833346748],[122.21607551221128,29.774935544931353],[122.21591242420241,29.775781798839112],[122.21766072575616,29.777079096957163],[122.22250400000001,29.780665999999993],[122.228445,29.78294500000001],[122.23121200000001,29.785385999999992],[122.23324847363925,29.786230936905987],[122.23504000000001,29.78697],[122.24008000000002,29.786400000000018],[122.24979452295078,29.779436339291735],[122.2505245391539,29.778912633428632]],[[122.247732,29.846095999999996],[122.271169,29.846829],[122.27854453146587,29.84457006293789],[122.28419000000001,29.842840000000024],[122.29343963649401,29.838256727012126],[122.3120193760708,29.82904830046274],[122.31038999999998,29.824610000000007],[122.30680386060477,29.82009738873991],[122.304698,29.81745],[122.31218500000001,29.795152],[122.31470788344151,29.78367753012623],[122.3131219374083,29.781826843495338],[122.30836000000001,29.776271999999995],[122.29558400000002,29.779119999999985],[122.27247200000001,29.792141000000004],[122.265391,29.797999999999995],[122.2558565686416,29.80348443139226],[122.25131261475234,29.806098495774577],[122.24633980227543,29.812497999979982],[122.23756,29.823799999999995],[122.23268000000002,29.827829999999995],[122.23170010862427,29.836249066718022],[122.247732,29.846095999999996]],[[122.31866519999721,29.88239919999962],[122.334402,29.884548],[122.339041,29.882716999999985],[122.34094295623868,29.881222435441234],[122.34302724181626,29.879582170600724],[122.3425164909206,29.878349794795376],[122.34164,29.87624999999999],[122.33654490343544,29.873042289704365],[122.335623,29.872463000000007],[122.33562270406108,29.872461702390616],[122.33562,29.87246],[122.33489,29.86924999999999],[122.33489016329595,29.869249716007054],[122.33489,29.869248999999993],[122.33512235036484,29.868845912408997],[122.33627000000001,29.86685],[122.33204541353388,29.864402869172952],[122.329519,29.86294200000001],[122.31916418378843,29.8599190405344],[122.30429,29.855579999999993],[122.29542000000001,29.857289999999985],[122.29143360544094,29.85938294782582],[122.284434,29.863064000000016],[122.2841703003,29.867715117122422],[122.28403004663042,29.870229164149702],[122.28486300000806,29.871923921804083],[122.28760999999999,29.877509999999987],[122.29233,29.88304],[122.29787437555062,29.88424024889714],[122.29949000000002,29.884589000000002],[122.3007283008499,29.88423516525357],[122.30462,29.883119999999995],[122.31749934122323,29.882284317554223],[122.31771899999998,29.882270000000005],[122.3177193221216,29.88227004398447],[122.31772,29.882269999999973],[122.31866519999721,29.88239919999962]],[[122.330089,29.958238000000005],[122.33546000000001,29.96133000000001],[122.34180699999999,29.963039000000013],[122.34644599999999,29.949407999999988],[122.35914099999998,29.946274999999993],[122.388927,29.948798000000007],[122.400645,29.952947999999996],[122.40282847872453,29.952860718085052],[122.40674999999999,29.95269999999999],[122.40943,29.945710000000002],[122.40916238429145,29.93966188498632],[122.40902800000002,29.936671999999998],[122.40799666666669,29.93263],[122.40748,29.93061000000001],[122.40317,29.926259999999992],[122.39947709091085,29.92431636363729],[122.39519300000002,29.922065000000007],[122.39519568033991,29.92206298965256],[122.39519000000001,29.922059999999973],[122.40832152343161,29.91221815428107],[122.409679,29.911200000000004],[122.40896722033929,29.906236779663235],[122.40804999999999,29.899849999999997],[122.39519000000001,29.883610000000004],[122.39226,29.876410000000003],[122.38985350619065,29.87391212034979],[122.38672900000002,29.870673000000007],[122.3842346371571,29.86687909071947],[122.38282,29.864729999999994],[122.38425516731563,29.861095785991107],[122.38591600000001,29.856879000000006],[122.39346500946313,29.848536871454694],[122.39405000000001,29.847889999999985],[122.39482735593131,29.84513488135909],[122.39551800000001,29.842678],[122.39539169270478,29.83904073853541],[122.39519000000001,29.83332000000001],[122.38872448768265,29.83448143208776],[122.38477910553306,29.83519044191632],[122.38329486863657,29.835923737291836],[122.377208,29.838935000000006],[122.37187371429061,29.84382762493499],[122.36540999999998,29.849759999999986],[122.35711000000002,29.86172000000002],[122.35812418120334,29.86559407606579],[122.359223,29.869778000000025],[122.365489,29.876287999999995],[122.36792966703057,29.88116933406114],[122.3679939310652,29.881297862130413],[122.36915000000002,29.883610000000004],[122.369151,29.883612000000014],[122.36736099999999,29.895901000000006],[122.36458500000592,29.900406096398708],[122.36207000000002,29.90449000000001],[122.35642439097651,29.908679563873882],[122.35385200000002,29.910589999999978],[122.34571399998845,29.914594000005682],[122.33351,29.920600000000004],[122.32520999999998,29.927880000000016],[122.32057000000002,29.93724],[122.3215224575531,29.94454000001315],[122.322032,29.948432000000004],[122.3226982203343,29.949502669483998],[122.32545,29.953919999999986],[122.32927190340877,29.95747832386335],[122.330089,29.958238000000005]],[[122.40219200000001,30.032537999999988],[122.40511842895286,30.03001721466435],[122.40093765746526,30.02260505521446],[122.40032,30.021510999999986],[122.40032003954882,30.021510070116722],[122.40032,30.021509999999996],[122.40056,30.015770000000007],[122.40349,30.012519999999995],[122.40908111538462,30.009037814102555],[122.413748,30.006129999999988],[122.41222271666429,30.003637358329417],[122.41163116825598,30.002671906681904],[122.41049915931343,30.002544900166427],[122.40948925893854,30.002431593704987],[122.40292,30.001699999999996],[122.39527,30.002430000000007],[122.39121716476222,29.99657172539873],[122.390961,29.996202000000004],[122.3909610076131,29.996201456480208],[122.39095999999999,29.99619999999999],[122.39112,29.984559999999988],[122.39347999999998,29.976830000000003],[122.39312742120808,29.976325072347368],[122.391856,29.974513999999992],[122.383393,29.975491],[122.37887321345697,29.977944689087042],[122.37199999999999,29.981680000000008],[122.3710189626621,29.983875481328685],[122.369314,29.987698000000023],[122.37517300000002,29.990831000000007],[122.37549763129421,29.993353646455276],[122.37591,29.99652999999998],[122.37436012639986,30.00429936636974],[122.378754,30.01703500000001],[122.37821476459439,30.020946666671872],[122.37778016567283,30.02411879075911],[122.37813441340958,30.02473886033825],[122.37908,30.026389999999996],[122.38657000000002,30.025859999999973],[122.39730987165535,30.030452979683595],[122.40219200000001,30.032537999999988]],[[122.78141957209581,30.13239036768376],[122.772878,30.12832299999998],[122.76327864003424,30.12771216799216],[122.75910710953316,30.134362221878686],[122.75704129372804,30.137657615119146],[122.75473137429964,30.14134240291655],[122.75636,30.14418999999999],[122.76730533929751,30.141901495524312],[122.77069169586841,30.141192970404987],[122.77133089462771,30.1410592312763],[122.78141957209581,30.13239036768376]],[[122.68279,30.190990000000014],[122.67555000000002,30.194079999999985],[122.67106828814617,30.201607999982222],[122.66993200000002,30.203517999999992],[122.6715286566269,30.205540388129723],[122.67481994721994,30.209699933296378],[122.67520888704644,30.209458835632024],[122.67770423951117,30.207912005994096],[122.67770423970477,30.207912005874086],[122.68466000000001,30.2036],[122.68599350391185,30.20143612402032],[122.68791799999998,30.19830999999999],[122.68482718210174,30.181882597662728],[122.68279,30.190990000000014]],[[122.632253,30.210598],[122.64166920000625,30.21430040000245],[122.64177000000001,30.214339999999996],[122.6461696974304,30.208560397466435],[122.64644078387282,30.207160117210627],[122.64661917464089,30.20623865072883],[122.64861,30.195949999999996],[122.64804034773582,30.186225935911168],[122.63883814285784,30.199429858854465],[122.63803,30.200589999999995],[122.63298999999999,30.207299999999982],[122.63255944786522,30.209220029790263],[122.632253,30.210598]],[[122.37501100000001,30.262151999999986],[122.36152949991258,30.251256666595992],[122.36152949967241,30.251256666401915],[122.35719,30.247749999999993],[122.34571000000001,30.241929999999986],[122.33376397458855,30.239879025757652],[122.33376397428117,30.23987902570488],[122.329112,30.23908100000003],[122.315684,30.240302000000007],[122.30883051540683,30.240193909241547],[122.30535,30.240139999999975],[122.301079234494,30.238759468995216],[122.29477000000001,30.236720999999996],[122.29223081666895,30.23639452083729],[122.28338000000001,30.23526000000001],[122.27866737592507,30.23548829320777],[122.27768801604368,30.2355366085213],[122.27760013538523,30.235540943987402],[122.27792420916249,30.237800581694646],[122.278331,30.240627000000007],[122.28415353515213,30.245201985930827],[122.28745000000002,30.24778999999999],[122.30249999999998,30.252100000000002],[122.30488839562881,30.253887884727856],[122.312999,30.259954999999994],[122.318614,30.268378],[122.32111672740152,30.270141232263523],[122.32399,30.27216000000001],[122.32888305904507,30.273096440957904],[122.331879,30.27366800000001],[122.342052,30.27362700000001],[122.38257900000002,30.277167000000013],[122.38976604339652,30.27610432593601],[122.39991000000002,30.274599999999996],[122.40351979825596,30.270602448478687],[122.407725,30.265936999999997],[122.41065500000002,30.254705999999988],[122.40853900000002,30.243963999999995],[122.40223877164897,30.24172231969584],[122.3958406027544,30.239450214048997],[122.38453200000001,30.250149],[122.38420666666748,30.253946666657093],[122.38356,30.261539999999982],[122.38063,30.26374000000002],[122.38062612749737,30.26373890439871],[122.380626,30.263739],[122.37501100000001,30.262151999999986]],[[122.3685000901792,30.463201914573975],[122.3685,30.463200000000008],[122.37181329727417,30.460063340544988],[122.374685,30.457343000000005],[122.37468706201041,30.457342781360108],[122.37468999999999,30.45733999999999],[122.38542999999999,30.45619999999999],[122.39461084536563,30.456397072180305],[122.398936,30.45648799999999],[122.40365044569586,30.454784223983882],[122.41098,30.452130000000015],[122.41651000000002,30.441599999999994],[122.42027997756252,30.426371575482296],[122.423106,30.414944000000006],[122.41222428571771,30.417059999999346],[122.40405999999999,30.418650000000014],[122.36378,30.433420000000016],[122.35282690158466,30.435195803162966],[122.34799199999999,30.43598100000001],[122.30600000000001,30.423162999999978],[122.285411,30.422065],[122.27626192744799,30.432158427432523],[122.2728,30.43598000000001],[122.27735000000001,30.43670999999999],[122.27889289760225,30.43757857080988],[122.28712000000002,30.442206000000002],[122.28711579530987,30.442207632978942],[122.28712000000002,30.44220999999999],[122.27801,30.445749999999983],[122.2753486000839,30.449271333379528],[122.27377400000002,30.451360999999988],[122.27324483882202,30.455658742013586],[122.2728,30.459299999999974],[122.2728,30.469469999999998],[122.27590572780215,30.477868473349808],[122.27662074681263,30.479800613609203],[122.28004000000001,30.482610000000008],[122.28712000000002,30.483139999999974],[122.29078000000001,30.47166999999999],[122.29078073222871,30.47166997225769],[122.290782,30.471666000000003],[122.29949000000002,30.471339999999994],[122.31129000000001,30.47264000000002],[122.33741,30.458479999999977],[122.34715795597334,30.460326981131782],[122.34880600000001,30.46063900000003],[122.34880639398251,30.460639316754598],[122.34881,30.460640000000005],[122.35523058689846,30.465804247869162],[122.36914976481955,30.476995006937987],[122.36854781355937,30.464215118645352],[122.3685,30.463201999999995],[122.3685000901792,30.463201914573975]],[[122.574799,30.65827099999999],[122.57396381877646,30.658316543676552],[122.56959000000002,30.65856],[122.5691734743896,30.65787203073339],[122.56869602292403,30.657091037498077],[122.56478999999999,30.658110000000004],[122.5647901368143,30.658107704084927],[122.56478900000002,30.658108000000006],[122.56485041880867,30.65709609686721],[122.56511000000002,30.65274],[122.56728479660474,30.648787067806513],[122.56810831087462,30.647287929353006],[122.56828886597415,30.64695924398276],[122.56658,30.64582],[122.56203601694594,30.64889898305303],[122.559255,30.650783999999998],[122.556163,30.65233000000001],[122.55616114117805,30.652329429410976],[122.55616000000002,30.652329999999985],[122.55152,30.650909999999982],[122.54648000000002,30.653469999999988],[122.54492542424327,30.654056151514833],[122.54282082348878,30.65485155496765],[122.54460999999999,30.658230000000025],[122.54705,30.66079000000002],[122.54672780351194,30.661478229232955],[122.545584,30.663926000000018],[122.549653,30.667628999999994],[122.55233800000002,30.66990799999998],[122.55233800598967,30.669908309909456],[122.55234,30.66991000000002],[122.55242000000001,30.674099999999985],[122.55264236679291,30.674750346716277],[122.553884,30.67837099999999],[122.5565468867684,30.68067482598196],[122.55689515193082,30.680975810112397],[122.55788128469132,30.67974331244377],[122.55836,30.679140000000007],[122.56110652942267,30.67763892649377],[122.56340599999999,30.676378000000017],[122.567638,30.671697999999985],[122.57133816547051,30.668224280572847],[122.57162999999998,30.667949999999987],[122.57287358703721,30.667142101228702],[122.57593800000001,30.665147000000008],[122.57726681991304,30.665716420196787],[122.58106649504738,30.667338503733664],[122.58152441133188,30.665655058866708],[122.5822,30.663150000000012],[122.5810797791144,30.662411259740274],[122.58107977899827,30.662411259663696],[122.574799,30.65827099999999]],[[122.50961300000002,30.721176999999994],[122.52458700000001,30.723578000000003],[122.52930699999999,30.720771],[122.526378,30.71417900000001],[122.531098,30.704413000000017],[122.52606731372353,30.70234937254821],[122.52475,30.701810000000012],[122.51043563754523,30.702399254945885],[122.51043563740461,30.702399254951672],[122.493175,30.70311100000001],[122.49317029622654,30.70310998780574],[122.49317,30.703109999999988],[122.49278433349009,30.703026933367077],[122.49278433335122,30.703026933337167],[122.487316038546,30.701850223482328],[122.48554020292994,30.70195040586253],[122.47437600000002,30.702582],[122.466563,30.699122999999997],[122.46623607322987,30.698864560604154],[122.46306,30.696359999999995],[122.46070000000002,30.694039999999983],[122.45525,30.69400000000002],[122.44966058302516,30.695528918815715],[122.44516000000002,30.696762999999972],[122.431977,30.697984000000023],[122.42726037197959,30.703920755735048],[122.43263,30.714830000000013],[122.43329515341519,30.718704282214492],[122.434744,30.727118],[122.4292103375203,30.738022334900798],[122.42933312442416,30.738871751153575],[122.429942,30.743069000000002],[122.43168530709134,30.74274124409359],[122.44077000000001,30.74103],[122.4465027694402,30.737583691646673],[122.458018,30.730657999999977],[122.4679466666778,30.721706666656576],[122.47291,30.717230000000004],[122.47565468187874,30.716617945504396],[122.484386,30.714667000000006],[122.48940303683479,30.715554407000127],[122.49635,30.716780000000007],[122.50018850592907,30.718285296442783],[122.50196399999999,30.71898],[122.50961300000002,30.721176999999994]],[[122.66684000000001,30.84768300000002],[122.6663789406786,30.848864567795015],[122.66489118594338,30.852686953037843],[122.66928100000001,30.851588999999976],[122.669851,30.859239000000002],[122.67114738558466,30.85929484324796],[122.67742,30.859560000000016],[122.68216906774408,30.855008152677172],[122.683442,30.853786999999997],[122.689789,30.853826999999995],[122.69152019535944,30.853819047793465],[122.69294999999998,30.846849999999996],[122.69150645121904,30.84444583512116],[122.69019600000001,30.842271],[122.68779096686958,30.84179816178689],[122.68295000000002,30.840850000000007],[122.67612,30.843979999999984],[122.67347255470402,30.845035554697763],[122.66684000000001,30.84768300000002]],[[106.41694915254237,25.364406779661007],[106.41694915254236,25.364406779661014]],[[106.41694915254236,25.364406779661014],[105.4,26.000000000000004],[105.22769230769231,27.550769230769227],[106.8,28.00000000000001]],[[106.8,28.00000000000001],[108.28,29.480000000000004],[108.28000000000002,29.480000000000004]],[[108.28000000000002,29.480000000000004],[108.35,29.484374999999996]],[[108.35,27.800000000000004],[109.45000000000002,26.2]],[[107.0,25.500000000000004],[106.41694915254237,25.364406779661007]],[[111.09894431116535,32.6737451315769],[111.116722,32.66305199999998],[111.13422572388052,32.670110076933526]],[[111.13483244789262,32.6700475659747],[111.120843,32.63361499999998],[111.119371,32.62066299999999],[111.124375,32.6083],[111.132323,32.596524999999986],[111.137327,32.584456],[111.133206,32.571799],[111.121432,32.56532299999999],[111.109952,32.569444],[111.09906,32.57621400000001],[111.08905200000001,32.576803],[111.080221,32.566500000000005],[111.082281,32.55384299999999],[111.091701,32.542068],[111.105536,32.533530999999996],[111.139388,32.53411999999997],[111.157344,32.56031899999999],[111.174123,32.62949400000001],[111.193257,32.65039399999998],[111.213862,32.64068000000001],[111.248008,32.60241299999999],[111.271557,32.592699],[111.284509,32.59093200000002],[111.284509,32.58534],[111.268614,32.56443999999999],[111.25625,32.54118500000001],[111.250363,32.51792999999999],[111.254779,32.50792199999999],[111.274501,32.52499499999999],[111.292752,32.54825],[111.303937,32.559141],[111.316301,32.56414500000001],[111.32984200000001,32.56208500000001],[111.337201,32.55472600000001],[111.343088,32.545599999999986],[111.351919,32.53941900000003],[111.366637,32.53882999999999],[111.386654,32.542657000000005],[111.406965,32.54972100000001],[111.423155,32.55825800000001],[111.43493,32.562674000000015],[111.445821,32.560319],[111.456124,32.557081],[111.465838,32.557669],[111.476435,32.56679500000001],[111.482028,32.57945200000002],[111.490859,32.60712300000001],[111.505283,32.627139],[111.51181606652099,32.631206829509956]],[[114.25999332211025,32.96023116044168],[114.26488620768555,32.95792868356489]],[[112.25,32.49999999999999],[111.6,31.550000000000004]],[[111.416385,32.61271500000001],[111.420211,32.60358999999998],[111.421683,32.595054000000005],[111.411086,32.589755],[111.39313,32.591816000000016],[111.23181634481622,32.66005528568561]],[[111.48144204772014,32.63433627387127],[111.481733,32.618897],[111.478201,32.60476800000001],[111.469959,32.595937000000006],[111.457007,32.597407999999994],[111.43228,32.61624799999999],[111.419623,32.618603],[111.416385,32.61271500000001]]]},"properties":{"id":"boundaries-approximate","accuracyLevel":"approximate","sourceRefs":["continuous-method"]}}]}
