{"type":"FeatureCollection","features":[{"type":"Feature","geometry":{"type":"MultiPolygon","coordinates":[[[[111.13422572388052,32.67011007693352],[111.134972,32.670411],[111.13483244789262,32.6700475659747],[111.13422572388052,32.67011007693352]]],[[[114.268479,32.956238],[114.27238100710461,32.96282393171957],[114.33194408646226,32.97529062274791],[114.32976708742252,32.972674338050574],[114.27019562160055,32.95913536854558],[114.268479,32.956238]]],[[[119.489187,34.752753],[119.48586646368375,34.750686959039705],[119.48186,34.7482],[119.47555477796281,34.749651776309705],[119.467052,34.751614],[119.451834,34.763373],[119.44475818578496,34.76846727322265],[119.4437,34.76923],[119.44142017922259,34.77415961247045],[119.444998,34.778225],[119.44806046006462,34.777804936102136],[119.45004,34.77753],[119.45269971254463,34.77371389069685],[119.453949,34.771918],[119.45879900000944,34.7702108940953],[119.46632,34.76756],[119.47029741496355,34.76700489343018],[119.474132,34.766466],[119.48609199999271,34.7636005283314],[119.48772,34.76321],[119.49042400001153,34.76224999999591],[119.494477,34.76081],[119.492849,34.755032],[119.489187,34.752753]]],[[[120.18190570792643,35.75149127723893],[120.18034931840575,35.74839963248784],[120.17926150000402,35.747813086336905],[120.170909,35.743313],[120.159434,35.743313],[120.153331,35.753689],[120.157319,35.767646],[120.164968,35.778957],[120.16895876208214,35.78229928622853],[120.17147972395482,35.784409768902265],[120.17352571051073,35.78375665789971],[120.1753,35.78319],[120.17473,35.78014],[120.17482378813574,35.77746979660606],[120.174897,35.775295],[120.18031590382057,35.76427790384624],[120.1823,35.76024],[120.18344,35.75454],[120.18190570792643,35.75149127723893]]],[[[117.0,39.2],[117.60858802239127,38.84499115360239],[117.59878212701979,38.83167361961223],[117.58399,38.81159],[117.57838,38.79267],[117.57626,38.77375],[117.57322,38.71375],[117.56522498752096,38.70112075937348],[117.558778,38.690941],[117.557246,38.672349],[117.55931197487415,38.662584435766796],[117.56047,38.6571],[117.55295,38.64345],[117.5471888452526,38.629886770791515],[117.543549,38.621324],[117.54355131275327,38.62132309055635],[117.54355,38.62132],[117.55656412448,38.61620606437695],[117.565971,38.612507],[117.580438,38.58481],[117.668045,38.446157],[117.70285228675264,38.397141163880555],[117.71608,38.37851],[117.80389,38.29402],[117.83717,38.2709],[117.88586121886176,38.251776000085094],[117.900157,38.246161],[117.90015880605014,38.24616046893665],[117.90016,38.24616],[117.90120035926473,38.245854203499704],[117.941698,38.233946],[117.963346,38.210694],[117.96677791560559,38.20686107383027],[117.97754,38.19484],[117.97754101737635,38.19484033113558],[117.977544,38.194837],[117.988995,38.198566],[118.007197,38.19701],[118.02940465026002,38.18534933743599],[118.03822,38.18072],[118.05372761751151,38.17325114746544],[118.05494500000245,38.16959899999265],[118.05778,38.16108],[118.05338836560895,38.155011857135655],[118.052408,38.153659],[118.05667666666417,38.15013333333539],[118.06521,38.14308],[118.0818,38.14069],[118.08269959887643,38.140107203385696],[118.084809,38.138739],[118.08802536743724,38.13978740813697],[118.0958,38.14232],[118.10199714286605,38.145590714290414],[118.107677,38.148586],[118.11923286045507,38.152288955284284],[118.14609,38.14248],[118.21583,38.14496],[118.26653484174501,38.135956582836],[118.312022,38.127875],[118.424005,38.111569],[118.448928,38.107787],[118.46327234066433,38.104193766087135],[118.4725,38.10188],[118.48378882446525,38.0976773244716],[118.494151,38.093817],[118.512299,38.08808],[118.52908013574134,38.07634553094117],[118.53395,38.07294],[118.53529469317289,38.07225648486561],[118.542979,38.068345],[118.547044555558,38.06923198199037],[118.55063,38.07001],[118.5569,38.07392],[118.55839818632003,38.07461893789444],[118.561534,38.076077],[118.57030879237496,38.079001166103865],[118.57301,38.0799],[118.58351,38.08918],[118.59937895698168,38.11082857710481],[118.60207380629603,38.11317722512014],[118.61578,38.12512],[118.65487,38.14569],[118.76035,38.15513],[118.80543,38.1518],[118.82507,38.15164],[118.8401,38.15257],[118.86908859414439,38.13797849268089],[118.898245,38.123299],[118.94368065236175,38.10045747851902],[118.95003676236644,38.09726162788141],[118.924815,38.057766],[118.93713975904782,38.05175003620203],[118.94199,38.04938],[118.94314949999632,38.04808784534309],[118.956147,38.033596],[118.973399,37.996487],[118.98395235200265,37.98130535203414],[118.99659,37.96312],[119.0368461422799,37.95135628654473],[119.04840106385893,37.94797915040886],[119.09249,37.91277],[119.11694,37.85327],[119.1557,37.82396],[119.18178191724513,37.813188586386055],[119.206836,37.802839],[119.22480698810408,37.78630085201015],[119.24308,37.76948],[119.2510026795418,37.743760066354334],[119.259597,37.715847],[119.25806243246501,37.69868699995199],[119.25566,37.67187],[119.21774,37.67525],[119.20577690430842,37.68597176145696],[119.189313,37.700735],[119.1327364430039,37.73081205040215],[119.12014,37.73751],[119.0880601053615,37.73948531618852],[119.069472,37.740631],[119.0694702308414,37.740629985785965],[119.06947,37.74063],[119.053299999608,37.73135999977527],[119.037128,37.722089],[119.027527,37.703943],[119.02569025427903,37.69183049999622],[119.0254001290532,37.68992084944874],[119.02342558933047,37.68504529461318],[119.01075048689115,37.653751202106015],[119.00827688129483,37.65099728786394],[118.99244,37.63337],[118.97665,37.61091],[118.96998,37.59345],[118.96778,37.57323],[118.96239125423637,37.55050709321643],[118.957856,37.531399],[118.94747367973771,37.411429000014756],[118.94459,37.37812],[118.94947,37.33617],[118.96119,37.29564],[118.9724192501034,37.28067099963954],[118.972423,37.280666],[118.990489,37.274726],[119.00463773104273,37.271877117327875],[119.01474,37.26984],[119.02908275138533,37.25861199436415],[119.0301204944009,37.25779939590633],[119.03042092526157,37.257432308436336],[119.042735,37.242377],[119.05723114585898,37.22888477778454],[119.0586,37.22761],[119.05860156807067,37.22760926350723],[119.058604,37.227607],[119.115001,37.201117],[119.145518,37.17886],[119.16365041542956,37.17353483066586],[119.28712,37.13727],[119.44117,37.12055],[119.44117273941062,37.1205510282879],[119.441173,37.120551],[119.475108,37.133287],[119.49170516447485,37.135228342085426],[119.52451,37.13906],[119.53858,37.1376],[119.53858191095308,37.13760032143289],[119.538585,37.1376],[119.54751357950401,37.139102677564104],[119.56349,37.14179],[119.64816699994044,37.13814170560668],[119.660737,37.1376],[119.66073813172453,37.13760008049434],[119.66074,37.1376],[119.66672200000406,37.13802568539354],[119.716807,37.141588],[119.73921856224408,37.14586008297084],[119.7706,37.15184],[119.77493050280633,37.15978099430271],[119.778901,37.16706],[119.79184,37.180569],[119.84060084990793,37.21090527468866],[119.87745,37.23383],[119.8797945718736,37.235670477115285],[119.897309,37.249416],[119.89730821882827,37.249418601789166],[119.89731,37.24942],[119.88761525001566,37.28170223458872],[119.886729,37.284654],[119.88240176149282,37.2916080306834],[119.86354,37.32193],[119.84628347360184,37.343695618753635],[119.85258999999999,37.351935],[119.8589,37.36017],[119.88233,37.37075],[119.92897,37.38459],[119.93699939708007,37.38847340192561],[119.988292,37.413275],[119.997813,37.42182],[120.009044,37.422349],[120.059825,37.440416],[120.187592,37.511786],[120.297618,37.597886],[120.30709562687876,37.61101888061515],[120.32252,37.63239],[120.32251941549083,37.632391190062116],[120.32252,37.632392],[120.31933183456381,37.638881112744066],[120.30641,37.66519],[120.30210556878397,37.66693633025563],[120.293793,37.670315],[120.278575,37.672431],[120.247569,37.672593],[120.235362,37.67475],[120.22855865152374,37.67730665147541],[120.22291,37.67943],[120.21567085303101,37.68406945330609],[120.219981,37.686265],[120.31186,37.686265],[120.3685,37.694729],[120.385997,37.704535],[120.38907394576434,37.70579362033965],[120.39137,37.70673],[120.41098,37.7121],[120.41977,37.71923],[121.0,37.55],[122.45334418385038,37.1536315862299],[122.44987889205392,37.14989931354664],[122.4476,37.14745],[122.44615058262623,37.14258441736991],[122.444347,37.136542],[122.4426441737807,37.123828000013276],[122.44174,37.11709],[122.43629,37.09919],[122.43629000827926,37.099189027187016],[122.43629,37.099189],[122.4362906893617,37.099109000000006],[122.43637,37.08979],[122.43677129458075,37.08931811625203],[122.440522,37.084906],[122.4458706397272,37.0828844006747],[122.44752,37.08226],[122.45411,37.07746],[122.4570396048219,37.065901559132726],[122.45127188720241,37.06002381951534],[122.4485,37.0572],[122.41122,37.03653],[122.40235,37.02147],[122.40919,37.00629],[122.41741198684358,37.00485631140905],[122.424327,37.003648],[122.42511774792382,37.00414474790803],[122.43702,37.01162],[122.43701993143047,37.01162170052446],[122.437022,37.011623],[122.436371,37.027737],[122.461192,37.030829],[122.46768281111594,37.0295349446964],[122.51303,37.02049],[122.52800887547109,37.024509128318485],[122.54004944600443,37.02773685149007],[122.5254,36.94448],[122.5281335772204,36.93756214768918],[122.532725,36.92593],[122.526459,36.914252],[122.52093450806515,36.90751883603112],[122.51734202065711,36.903142461568024],[122.51136039727872,36.90005375343418],[122.50742,36.89802],[122.49855,36.9042],[122.4997261230387,36.91289872818881],[122.50009157656238,36.91559187954421],[122.50214878987569,36.91804444558365],[122.509044,36.926256],[122.51141706265079,36.93168773433615],[122.51271,36.93464],[122.49855,36.93891],[122.49854927372813,36.93890901233287],[122.498546,36.93891],[122.493907,36.932603],[122.477306,36.925971],[122.4646595032826,36.92270949963715],[122.45663,36.92064],[122.45339501059757,36.920213322740686],[122.439952,36.918443],[122.430512,36.920111],[122.420909,36.923082],[122.412201,36.92475],[122.41220067524567,36.92474987053269],[122.4122,36.92475],[122.40577,36.92219],[122.40219,36.9145],[122.40341,36.90664],[122.40718038786001,36.90091493931822],[122.407481,36.900458],[122.412608,36.898017],[122.421397,36.895168],[122.42662779609142,36.89059811372874],[122.42945,36.88813],[122.43471358004075,36.8799021933047],[122.4351500800588,36.87921943893207],[122.43636976888912,36.8706716196705],[122.431,36.864651],[122.4296862072732,36.864159551264464],[122.42066,36.86079],[122.40286152000776,36.85710587989237],[122.402354,36.857001],[122.39722991806475,36.85692004610167],[122.39332,36.85912],[122.3899,36.86197],[122.38559,36.86323],[122.37973,36.8614],[122.3788403907104,36.859447421661805],[122.377778,36.857123],[122.377208,36.852484],[122.37590306069944,36.849875012142434],[122.37574213772454,36.84955426090675],[122.371186,36.845649],[122.36682737205666,36.84037597156552],[122.36109,36.83344],[122.35750447976618,36.8307738439287],[122.35523698821972,36.82908947691475],[122.3429591194134,36.82695705971173],[122.319835,36.822943],[122.21403139085899,36.84048164658838],[122.20029,36.84276],[122.1947357138521,36.84541478563544],[122.185313,36.849921],[122.180675,36.8664],[122.18301189320098,36.876848446588966],[122.18483,36.88496],[122.187006264203,36.8873206321006],[122.196869,36.898017],[122.26588,36.898017],[122.26587510713385,36.89802],[122.26588,36.89802],[122.25617500001148,36.90396749999296],[122.25294,36.905951],[122.211192,36.918443],[122.1823875870895,36.93630947730381],[122.17465,36.94111],[122.16269101949587,36.945789601066835],[122.16767464795213,36.95850446434165],[122.17856,36.98627],[122.1797,37.0058],[122.17969778731647,37.00580135300957],[122.179698,37.005805],[122.17399466666872,37.00928869168381],[122.16611,37.01411],[122.14999,37.00532],[122.14804839691686,36.98589440462141],[122.14796,36.985012],[122.14796006960435,36.98501069638637],[122.14796,36.98501],[122.14917993491365,36.96214122010252],[122.14859233085492,36.96060756132026],[122.14291,36.94579],[122.13666140045416,36.94571663936998],[122.128429,36.945624],[122.11300593786,36.950901751481034],[122.11012,36.95189],[122.11011830705039,36.95188989492776],[122.110118,36.95189],[122.09433,36.950914],[122.087657,36.929023],[122.08324492768368,36.92088869077837],[122.0809,36.91657],[122.07902844634671,36.91539580869523],[122.065196,36.906724],[122.05285099999433,36.902417071543624],[122.04689,36.90034],[122.03305140623016,36.89802023572644],[122.035411,36.916815],[122.03476,36.94184],[122.03761,36.96369],[122.04982,36.97309],[122.0511123012039,36.97379134939709],[122.053803,36.975246],[122.05379937257284,36.97524965948677],[122.0538,36.97525],[122.04932259829118,36.97976599999941],[122.049164,36.979926],[122.04916393332552,36.97992603276651],[122.04916,36.97993],[122.03964,36.98461],[122.03177921949528,36.98624607725897],[122.029307,36.986762],[122.01246492342115,36.98627105741938],[122.00416,36.98603],[121.96144,36.99287],[121.92628,36.9936],[121.91489,36.98583],[121.91489071508414,36.985828534331084],[121.914887,36.985826],[121.92195679159785,36.97134558317888],[121.92335,36.96849],[121.94031353176527,36.94951906353055],[121.949799,36.93891],[121.915131,36.920233],[121.785981,36.891181],[121.776866,36.886461],[121.75587,36.872301],[121.75464417986939,36.87068264026993],[121.7518,36.86693],[121.75001,36.85741],[121.74488,36.84724],[121.73715,36.83918],[121.73436913015178,36.83818486984575],[121.728038,36.835924],[121.708507,36.832831],[121.671479,36.819281],[121.66629477136395,36.81852548576964],[121.649425,36.8160707275612],[121.649425,36.822252],[121.674083,36.833238],[121.679004673353,36.83454804009773],[121.68417,36.83592],[121.68417,36.83592293528887],[121.684174,36.835924],[121.684174,36.84276],[121.68417,36.84275959861325],[121.68417,36.84276],[121.65821,36.84016],[121.63746,36.83137],[121.62801977778993,36.81925237319093],[121.624522,36.814765],[121.6245216585832,36.81476212898508],[121.62452,36.81476],[121.62221137640738,36.795334688217444],[121.62143,36.788764],[121.62143036369775,36.78876306023995],[121.62143,36.78876],[121.6310855870719,36.763814890435285],[121.63209010210478,36.76121932007501],[121.63251461317299,36.758392462279865],[121.63428791424221,36.74656857180966],[121.62525452387699,36.74038309765472],[121.61818507058739,36.74183307058841],[121.61256,36.74299],[121.60353,36.74966],[121.59767,36.75849],[121.59425,36.76765],[121.58948961901798,36.76561104786077],[121.583018,36.762844],[121.57745953095413,36.763273283302276],[121.57301,36.76362],[121.56007,36.76765],[121.55038,36.76435],[121.54444967600443,36.760508259191404],[121.53712,36.755764],[121.52589,36.753974],[121.50351,36.760443],[121.49643049011351,36.77448102814922],[121.49803979872881,36.777857],[121.50318362190002,36.78864120730001],[121.522227,36.794989],[121.53712,36.79564],[121.54737,36.79816],[121.55519,36.80341],[121.56286032215554,36.81189976029887],[121.5632408938701,36.81232067063131],[121.56690337478412,36.81506846849208],[121.573009,36.819648],[121.58199869703489,36.82234822723775],[121.59523,36.82632],[121.60164973057415,36.8304941735561],[121.604747,36.832506],[121.60474746047373,36.83250834877441],[121.60475,36.83251],[121.60719,36.84496],[121.58815,36.84618],[121.56284,36.84138],[121.5566074829552,36.839299954580405],[121.546479,36.835924],[121.538097,36.828843],[121.530528,36.819892],[121.522227,36.812161],[121.51156800713794,36.80858033832654],[121.49814,36.81086],[121.49662939262319,36.813185794477846],[121.494233,36.816881],[121.49273586350029,36.822274215875886],[121.49228,36.82392],[121.48439,36.82909],[121.46768927666926,36.82881511856421],[121.459483,36.828681],[121.45948249198598,36.82868004101623],[121.45948,36.82868],[121.45297,36.81639],[121.4557385607992,36.808473560803854],[121.458018,36.801947],[121.467296,36.794989],[121.46944704980754,36.791608868778155],[121.47071,36.78962],[121.46860265481003,36.78403900889248],[121.466156,36.777574],[121.45338,36.757392],[121.4515385444224,36.75655003780672],[121.44483,36.75349],[121.43721141136494,36.75303387090696],[121.432465,36.752753],[121.408946,36.753974],[121.390147,36.746812],[121.377778,36.731513],[121.379405,36.716986],[121.4016975554596,36.71238912270144],[121.38526,36.70649],[121.37867521715465,36.706599485700515],[121.368419,36.706773],[121.34979513263397,36.709768331555345],[121.33351,36.71239],[121.31422,36.71182],[121.15773,36.66861],[121.12802,36.65095],[121.08969,36.6164],[121.08586763922062,36.613834360779386],[121.08017,36.610012],[121.062755,36.610053],[121.042491,36.627672],[121.032481,36.624254],[121.03248004955834,36.624250016932024],[121.03248,36.62425],[121.03077,36.61709],[121.032458437349,36.60659682800896],[121.034028,36.596829],[121.03260376053261,36.59008526755097],[121.03248082246344,36.58950388945612],[121.02352909946286,36.583930061930964],[121.01466,36.58454],[121.01401656568594,36.584772539418765],[121.006114,36.587633],[120.998383,36.589504],[120.944672,36.591213],[120.928803,36.59634],[120.936534,36.611965],[120.9347002037996,36.61676094904208],[120.93336,36.62027],[120.927745,36.621975],[120.92213,36.623684],[120.905528,36.624254],[120.90037808689387,36.62594860898678],[120.89267,36.62849],[120.87531454129478,36.63981986232924],[120.864757,36.646715],[120.85830366667138,36.64864325235264],[120.8506,36.65095],[120.82407,36.64399],[120.81355501279323,36.638692010954614],[120.770844,36.617174],[120.75740654872756,36.61695782307961],[120.75058,36.61685],[120.75020319679395,36.6158494425636],[120.747325,36.608222],[120.746918,36.603176],[120.74954939946569,36.60033786594971],[120.75001,36.59984],[120.753795,36.59809],[120.757579,36.59634],[120.747325,36.577297],[120.742279,36.555854],[120.7422803432007,36.55585145775352],[120.74228,36.55585],[120.75025,36.54076],[120.75025391996786,36.5407600441531],[120.750255,36.540758],[120.76170319168658,36.54088900462301],[120.77866,36.54108],[120.79158079797516,36.54952591486941],[120.793793,36.550971],[120.813569,36.583686],[120.8200683721581,36.59008225566096],[120.82643,36.59634],[120.8407820000272,36.601272000009345],[120.85035083400702,36.604559599395515],[120.86459,36.59772],[120.88569436200378,36.5724716357882],[120.894786,36.561591],[120.89596417271197,36.561084064760905],[120.90528,36.55707],[120.91407,36.55703],[120.91919348550738,36.55393438840103],[120.920258,36.55329],[120.922618,36.537665],[120.92546411059163,36.534889998458574],[120.9275,36.5329],[120.93701384164775,36.53417255206754],[120.938487,36.534369],[120.93848871615208,36.53436982827512],[120.93849,36.53437],[120.93998243764779,36.53509075060465],[120.950206,36.540025],[120.9510720567008,36.541062113409595],[120.95679916476553,36.547919],[120.96362986711165,36.547919],[120.96251704274974,36.53954486964189],[120.961436,36.53144],[120.95474399756237,36.5233457766966],[120.95191,36.51992],[120.94117,36.50971],[120.93629,36.49702],[120.93629046442831,36.497017207437516],[120.93629,36.497016],[120.937836,36.487698],[120.94471485756215,36.47151685757029],[120.94995852742221,36.45917346638981],[120.934337,36.456773],[120.9252480211513,36.45659810573412],[120.91953,36.45649],[120.90626,36.45238],[120.8977975993049,36.442264959587625],[120.894786,36.438666],[120.9001178162446,36.42919545298896],[120.90097,36.42768],[120.90111340072569,36.42464759928833],[120.901378,36.419013],[120.898285,36.411607],[120.89468177877788,36.40536640707515],[120.89039,36.39794],[120.88266,36.38874],[120.88053405690073,36.38667494309927],[120.874278,36.380601],[120.867442,36.377183],[120.85907710909247,36.38140387274698],[120.84970023943129,36.38613987906965],[120.844005,36.422675],[120.82643006920962,36.432520280662914],[120.82970348175871,36.44579481461863],[120.832042,36.455268],[120.83203970210924,36.455268791975946],[120.83204,36.45527],[120.82485714284391,36.45774428571884],[120.806895,36.463935],[120.78230714286184,36.46364428571434],[120.77247,36.46353],[120.76426601684383,36.46189594944902],[120.75058,36.459174],[120.747813,36.455634],[120.74781264828526,36.4556333844512],[120.74781,36.45563],[120.74049,36.44282],[120.73707,36.43867],[120.73453992418229,36.43751568235505],[120.7317,36.436225],[120.7232588219943,36.43365441361402],[120.719,36.43236],[120.71412,36.4287],[120.68653,36.38715],[120.69068,36.37084],[120.70956,36.34935],[120.72217874733559,36.33055186609278],[120.70728838815508,36.32266026567569],[120.6937,36.3249],[120.66904,36.33462],[120.66903880235375,36.33462028926201],[120.669037,36.334621],[120.66708699999998,36.33509169915254],[120.66196,36.33633],[120.66195883970163,36.336329555925126],[120.661957,36.33633],[120.65184669388798,36.33245938775909],[120.64772,36.33088],[120.64771972039942,36.33087942431133],[120.647716,36.330878],[120.643647,36.322496],[120.64630265094821,36.31718417171093],[120.64869,36.3124],[120.65836771163158,36.30445071162138],[120.661957,36.3015],[120.65910986185457,36.29641513815351],[120.65455,36.28828],[120.6545523123529,36.28827555784837],[120.654552,36.288275],[120.660248,36.27733],[120.66299224447219,36.27422374077486],[120.67042,36.26581],[120.67340175202075,36.25712800803168],[120.675629,36.250637],[120.68157,36.219265],[120.68751,36.18789],[120.69337,36.17487],[120.70484,36.15624],[120.6974524948397,36.144998144321285],[120.69678907287424,36.143989630949946],[120.68017199994915,36.13737506794093],[120.627778,36.116523],[120.623871,36.117662],[120.6216527777804,36.120129644441526],[120.62062,36.12128],[120.62061750243444,36.12128132862823],[120.620616,36.121283],[120.61942993944834,36.12191307568989],[120.61671,36.12336],[120.5936,36.10977],[120.5652,36.11579],[120.56519767692869,36.1157896444453],[120.565196,36.11579],[120.551606,36.113715],[120.54590971764472,36.09975975814769],[120.53622,36.09146],[120.51417,36.08857],[120.47466062445427,36.08924262445415],[120.473643,36.08926],[120.4736428381836,36.089259951681555],[120.47364,36.08926],[120.46192,36.08576],[120.43564,36.06851],[120.42172,36.06196],[120.39866790504206,36.05613961078684],[120.369477,36.048774],[120.35352913234193,36.04084055821787],[120.34340599998275,36.04735339266647],[120.339366,36.049954],[120.33514418111848,36.0520412755557],[120.32472,36.0572],[120.31149613132243,36.0608465050544],[120.309093,36.06151],[120.308642999999,36.06152177004098],[120.292003,36.061959921006434],[120.292003,36.068101],[120.308442,36.079535],[120.30994102205693,36.08414496322949],[120.31227,36.09129],[120.31349,36.10448],[120.31594371980701,36.10857217995862],[120.322765,36.11994],[120.334972,36.136135],[120.361583,36.191636],[120.348481,36.213365],[120.339203,36.222602],[120.33121506347956,36.22444080957497],[120.32276415303627,36.226389042578624],[120.31689687798533,36.24746626829866],[120.31178,36.26586],[120.30641,36.27424],[120.29674255193594,36.269188103870235],[120.286469,36.263821],[120.273529,36.23428],[120.275157,36.204088],[120.29883720642367,36.191636943062775],[120.29381429694101,36.186140505102344],[120.284516,36.175971],[120.264252,36.180854],[120.25299742360453,36.18654849130393],[120.24399,36.19111],[120.22999,36.19164],[120.2270581672351,36.19346958361799],[120.226085,36.194078],[120.22493116923977,36.19535997582419],[120.22389,36.19652],[120.22275267055801,36.197334868220885],[120.221283,36.198391],[120.2163203406057,36.19912280231197],[120.21909,36.22191],[120.21908595669214,36.22190964334796],[120.219086,36.22191],[120.186778,36.219062],[120.16033130033011,36.21269202472436],[120.14454,36.20889],[120.13571848976606,36.2091391769215],[120.117279,36.209662],[120.11239994705726,36.21747028362181],[120.11167929857878,36.221330900470804],[120.11142,36.222724],[120.108165,36.225531],[120.10537002697862,36.22574852247708],[120.09718,36.22639],[120.09560681648271,36.225229275270316],[120.092865,36.223212],[120.087901,36.216213],[120.08790028203201,36.216210397228174],[120.0879,36.21621],[120.08778790254485,36.21580300000898],[120.085948,36.209133],[120.08595035737376,36.20913129754168],[120.08595,36.20913],[120.09034,36.20596],[120.10531771914214,36.20087077500445],[120.10712623442792,36.19527530464377],[120.10922,36.18879],[120.10761942054384,36.182930592292415],[120.105235,36.174221],[120.089366,36.147691],[120.086436,36.130032],[120.08847432135752,36.11856894644426],[120.08969,36.11172],[120.09492470265108,36.103932756627614],[120.10019,36.096096],[120.11038615575174,36.09087293461161],[120.11679,36.08759],[120.13575,36.0834],[120.15406,36.07705],[120.16193677246534,36.068801526960314],[120.168468,36.061957],[120.171886,36.046129],[120.170746,36.008694],[120.17280224060237,36.001901819546],[120.1753,35.99364],[120.18605,35.98452],[120.19262518013043,35.98495797100784],[120.197765,35.985297],[120.21505702485011,35.99313545028891],[120.22999,35.9999],[120.2295,35.97281],[120.22950309326902,35.97281017948886],[120.229503,35.972805],[120.242768,35.973578],[120.274913,35.993638],[120.280772,35.998236],[120.281993,36.006659],[120.28492108792982,36.01092921150992],[120.29542,36.00332],[120.29944850000386,35.99843840587767],[120.303071,35.994045],[120.305268,35.987006],[120.303477,35.980536],[120.298839,35.973131],[120.28945261321314,35.96626372264167],[120.28443212457142,35.962591553989085],[120.244395,35.95307],[120.226817,35.94184],[120.185151,35.903754],[120.1815719192343,35.89876974748247],[120.17530308990129,35.890044300766164],[120.170502,35.907457],[120.179454,35.920071],[120.189708,35.931545],[120.18970786068547,35.931547606303035],[120.18971,35.93155],[120.18898,35.94526],[120.1867016297481,35.94450017296329],[120.168468,35.938422],[120.162852,35.933295],[120.145518,35.913804],[120.14185856152957,35.90794909830741],[120.13575,35.90412],[120.10719,35.904],[120.10478429149039,35.903235748945],[120.097179,35.900824],[120.06258893295505,35.87140373194308],[120.05226,35.86262],[120.05225767247121,35.86261657196431],[120.052257,35.862616],[120.038829,35.842841],[120.019786,35.759752],[120.00453049195431,35.730788631020715],[120.00294,35.72777],[119.96998,35.73237],[119.94972,35.75381],[119.93775,35.76114],[119.92903571428779,35.75805428571502],[119.925548,35.756822],[119.91734172759155,35.75115846954988],[119.90821,35.74486],[119.90480996164546,35.74123188453844],[119.900157,35.736274],[119.90016081993929,35.73627087494142],[119.90016,35.73627],[119.93124,35.71084],[119.93563790627817,35.70502276942297],[119.930756,35.69953],[119.908295,35.680894],[119.90417131163397,35.67511107242181],[119.90162,35.67154],[119.90048,35.66055],[119.90292,35.65241],[119.9053976901962,35.647279952152516],[119.906749,35.644477],[119.908458,35.633979],[119.9069111824413,35.63025649998677],[119.90455,35.62458],[119.8956,35.62031],[119.88526,35.61762],[119.87745,35.61319],[119.8602,35.60611],[119.84665879949068,35.613852399346136],[119.843272,35.61579],[119.8399458053609,35.62285436575645],[119.83408,35.63532],[119.8401,35.6579],[119.8400977193958,35.65789919842528],[119.840099,35.657904],[119.811615,35.647895],[119.771007,35.593329],[119.74391115914199,35.575916672747525],[119.74806,35.5998],[119.74821908168975,35.60453268027022],[119.748383,35.60932],[119.74634551833948,35.61276541972485],[119.74391,35.61689],[119.73251,35.62084],[119.72524216009965,35.620147573071314],[119.718761,35.619534],[119.707123,35.614163],[119.70712172054756,35.61416079375776],[119.70712,35.61416],[119.70240086887748,35.60602149844549],[119.696788,35.599433],[119.683849,35.59398],[119.6809496180439,35.593267078713275],[119.66896,35.59032],[119.66658345125751,35.59002584125093],[119.657725,35.588935],[119.64796,35.58393],[119.641368,35.572008],[119.634125,35.548041],[119.604096,35.488023],[119.60155125286333,35.47669490659081],[119.59986,35.46918],[119.59840752543099,35.46649850848797],[119.595958,35.461982],[119.57493110220933,35.440273265155014],[119.56959,35.43476],[119.5686732964193,35.43293204940755],[119.564545,35.424709],[119.562266,35.400621],[119.55970028966381,35.39270313791635],[119.55893,35.39033],[119.55152,35.38003],[119.52231,35.35273],[119.52230988969525,35.352729831468395],[119.522309,35.352729],[119.51352,35.339301],[119.50766,35.332343],[119.48543279255222,35.3260027074591],[119.46957,35.32148],[119.4358,35.32258],[119.42872,35.32148],[119.42588222474545,35.3167385505122],[119.42392,35.313463],[119.421886,35.300523],[119.421886,35.277411],[119.4199887542248,35.273762956217375],[119.41871,35.27131],[119.40455,35.25373],[119.39893666667996,35.23761666670483],[119.387706,35.20539],[119.370616,35.117418],[119.35859448874751,35.09806674060713],[119.35800182119917,35.0971129309473],[119.34180533332004,35.09085786366597],[119.33619,35.08869],[119.3143,35.08625],[119.28028,35.07661],[119.2621189650809,35.071469048879514],[119.250499,35.068183],[119.23889103854599,35.067057077093],[119.2291,35.06611],[119.22460267208649,35.06492589341011],[119.221202,35.064032],[119.212657,35.05801],[119.207286,35.048407],[119.203949,35.02497],[119.20213659885437,35.02172620053689],[119.19931,35.01667],[119.19288,35.00043],[119.19288,34.97403],[119.19703,34.9477],[119.2006830909865,34.93845509099949],[119.20337960862773,34.931627990884564],[119.20082912702777,34.91853505536875],[119.188698,34.856274],[119.193126,34.809882],[119.19661708917612,34.799990646869546],[119.20191,34.78498],[119.19103370050959,34.769380762676406],[119.189057,34.766547],[119.1927836010833,34.76248140073325],[119.19532,34.75971],[119.19335199287636,34.75562560426324],[119.190278,34.749254],[119.18921828302568,34.73816019495856],[119.18873,34.73306],[119.19223,34.71821],[119.19223033811706,34.718209808653036],[119.192231,34.718207],[119.20338,34.7119],[119.20981,34.71857],[119.22095899677842,34.749417224270324],[119.22604538647315,34.755664466206284],[119.22934,34.75971],[119.24179,34.76166],[119.26515383832589,34.75780845522352],[119.291352,34.753485],[119.30575675498483,34.75460417879961],[119.31178,34.75507],[119.31661124372012,34.75687713441124],[119.324962,34.759996],[119.335053,34.7685],[119.34669,34.780829],[119.34854391567325,34.779808789156114],[119.358,34.7746],[119.37558,34.75934],[119.38066252867944,34.75688882170035],[119.387706,34.753485],[119.401459,34.751125],[119.428233,34.749945],[119.442231,34.746039],[119.463227,34.732367],[119.47224914802679,34.71833200002024],[119.47421,34.71528],[119.47325908231281,34.70412300001264],[119.47274812181952,34.69814842441525],[119.45655,34.68456],[119.45655419246846,34.684556161531354],[119.456554,34.684556],[119.49278900982262,34.65137996806626],[119.45,34.65],[119.15,33.72],[118.58075960321231,33.59903641568262],[118.576792,33.603545],[118.558247,33.602073],[118.56384,33.606783],[118.578558,33.622679],[118.575026,33.62886],[118.575026,33.64299],[118.572377,33.650055],[118.564723,33.658297],[118.562074,33.657414],[118.558541,33.652704],[118.548239,33.650055],[118.469055,33.639457],[118.46199,33.630332],[118.461696,33.618852],[118.46726217995021,33.57491821323942],[117.55,33.38],[116.0,33.38],[114.45,33.0],[114.27238100710461,32.96282393171957],[114.273188,32.964186],[114.280548,33.023059],[114.269362,33.055733],[114.245518,33.070452],[114.213727,33.053967],[114.204307,33.037483],[114.215493,33.019232],[114.232566,33.00157],[114.241691,32.988324],[114.25847,32.960948],[114.25999332211025,32.96023116044168],[112.3,32.55],[111.51181606652098,32.631206829509956],[111.520884,32.636853],[111.604189,32.648922],[111.623617,32.649511],[111.669832,32.642152],[111.683962,32.642741],[111.692204,32.648922],[111.689849,32.658047],[111.679252,32.66629],[111.657469,32.679242],[111.652759,32.68925],[111.650993,32.701025],[111.648049,32.709856],[111.640984,32.709856],[111.623028,32.702496],[111.626855,32.713977],[111.639513,32.733699],[111.64746,32.750772],[111.644517,32.775499],[111.630387,32.79581],[111.610076,32.810234],[111.558268,32.826424],[111.549437,32.836432],[111.547965,32.851739],[111.541195,32.875583],[111.529126,32.894422],[111.505577,32.920032],[111.500278,32.938577],[111.504105,32.942992],[111.510581,32.947113],[111.511759,32.953295],[111.471136,32.992445],[111.463483,32.996566],[111.458773,32.991268],[111.459362,32.96919],[111.454063,32.960065],[111.439345,32.957121],[111.421389,32.961831],[111.38842,32.974195],[111.344854,32.984203],[111.324837,32.991268],[111.303643,33.003337],[111.241827,33.049552],[111.225048,33.0575],[111.25625,33.00422],[111.317773,32.968602],[111.445232,32.920032],[111.486149,32.894716],[111.50646,32.878821],[111.517351,32.864397],[111.516763,32.836727],[111.490859,32.778148],[111.484088,32.753421],[111.493214,32.717803],[111.489093,32.711622],[111.465249,32.72634],[111.454063,32.730167],[111.447882,32.723102],[111.445527,32.711033],[111.446115,32.699553],[111.451414,32.685423],[111.471725,32.660402],[111.479084,32.646567],[111.481439,32.634498],[111.48144204772014,32.634336273871256],[111.23181634481621,32.6600552856856],[111.180893,32.681597],[111.172062,32.688367],[111.169413,32.693666],[111.167647,32.707795],[111.165881,32.711916],[111.153223,32.718687],[111.123787,32.724868],[111.108185,32.730167],[111.091701,32.731639],[111.078749,32.723985],[111.066386,32.713977],[111.052551,32.709267],[111.03901,32.712505],[111.034006,32.719864],[111.030768,32.728401],[111.023114,32.736054],[110.999859,32.740764],[111.006041,32.723985],[111.028118,32.701319],[111.053434,32.688661],[111.077571,32.686601],[111.09894431116535,32.6737451315769],[110.65,32.72],[109.0,33.28],[107.0,32.98],[105.7,32.65],[103.9,33.3],[104.4,35.0],[103.4,36.4],[104.2,38.4],[106.0,39.3],[108.6,39.6],[111.0,39.7],[113.3,39.4],[115.4,39.15],[117.0,39.2]],[[112.548509,33.35569],[112.54586,33.350392],[112.534968,33.334496],[112.515246,33.346565],[112.499939,33.3604],[112.488459,33.37659],[112.480217,33.396607],[112.474329,33.3813],[112.47639,33.366876],[112.484043,33.354513],[112.495818,33.344799],[112.510536,33.33744],[112.523782,33.329198],[112.53438,33.318895],[112.541739,33.306826],[112.563227,33.313302],[112.576768,33.300056],[112.589131,33.281805],[112.607087,33.27268],[112.629459,33.282983],[112.634463,33.306826],[112.633286,33.334496],[112.637996,33.35569],[112.626516,33.349803],[112.62004,33.340384],[112.617685,33.328315],[112.617979,33.313596],[112.61062,33.313596],[112.604144,33.317423],[112.588837,33.323016],[112.582655,33.327137],[112.576179,33.333908],[112.571175,33.340972],[112.567054,33.349509],[112.562933,33.361872],[112.561755,33.354513],[112.559989,33.350392],[112.557929,33.347154],[112.555868,33.341561],[112.548509,33.341561],[112.548509,33.35569]],[[117.169143,34.536091],[117.180329,34.524022],[117.195047,34.527554],[117.201523,34.512836],[117.196519,34.486343],[117.201817,34.472508],[117.229193,34.49017],[117.2445,34.49694],[117.260101,34.499589],[117.261867,34.505477],[117.306316,34.559051],[117.318385,34.569943],[117.340463,34.579951],[117.342818,34.591431],[117.338991,34.612331],[117.327511,34.627344],[117.256569,34.68445],[117.234197,34.69858],[117.185333,34.718302],[117.160312,34.732432],[117.156191,34.732137],[117.147654,34.734492],[117.142356,34.740379],[117.140295,34.749799],[117.134996,34.755981],[117.124694,34.748916],[117.117923,34.738024],[117.122928,34.732432],[117.134113,34.723601],[117.134113,34.702701],[117.126166,34.660018],[117.129109,34.637352],[117.169143,34.536091]],[[116.196269,36.110939],[116.187733,36.116532],[116.177724,36.064135],[116.165655,36.036465],[116.145933,36.020863],[116.156236,35.997903],[116.143872,35.980241],[116.122678,35.972588],[116.105605,35.979947],[116.109432,35.944623],[116.13563,35.931671],[116.170071,35.926667],[116.225411,35.904589],[116.244839,35.920779],[116.24896,35.95051],[116.229238,35.979947],[116.240718,35.989366],[116.23277,36.000847],[116.208044,36.020863],[116.204511,36.034698],[116.207749,36.082974],[116.200979,36.102991],[116.196269,36.110939]],[[117.329277,38.739905],[117.32545,38.68633],[117.389916,38.70723],[117.393743,38.714001],[117.427594,38.754917],[117.413759,38.760216],[117.401985,38.762276],[117.376375,38.762571],[117.364601,38.759038],[117.356064,38.752562],[117.34635,38.749324],[117.33222,38.754917],[117.329277,38.739905]],[[118.195002,34.026546],[118.2212,34.018304],[118.23739,34.023308],[118.247693,34.040381],[118.263589,34.082181],[118.26771,34.090718],[118.26506,34.098077],[118.250048,34.108674],[118.238568,34.112795],[118.214724,34.113678],[118.202361,34.116033],[118.190881,34.123392],[118.182638,34.132517],[118.173513,34.138405],[118.160855,34.136639],[118.155851,34.129868],[118.14025,34.094839],[118.136718,34.092484],[118.134363,34.090129],[118.131419,34.088363],[118.126709,34.088068],[118.139956,34.066285],[118.156146,34.050095],[118.174396,34.037438],[118.195002,34.026546]]],[[[122.47071,37.1103],[122.46445,37.1103],[122.46545388254877,37.13566622063475],[122.465831,37.145168],[122.4654007267328,37.147242887128094],[122.46472,37.15053],[122.48950612959248,37.143771055423755],[122.482677,37.13996],[122.4783060077568,37.129121853806744],[122.47071,37.1103]]]]},"properties":{"id":"later-jin-943","dynastyId":"later-jin","name":"后晋","validFromYear":943,"validToYearExclusive":944,"boundaryKind":"controlled","accuracyLevel":"reconstructed","verificationStatus":"reviewed","sourceRefs":["atlas-1935-936-946","user-943-crosscheck","natural-earth-land-10m"],"disputedNote":null,"labelLongitude":113.5,"labelLatitude":35.8,"snapshotId":"snapshot-943"}},{"type":"Feature","geometry":{"type":"MultiPolygon","coordinates":[[[[117.71371035179625,38.96643976329393],[117.7315,38.95447],[117.73150259739725,38.95446927090603],[117.731503,38.954469],[117.76911866977275,38.943907215847695],[117.76213,38.92928],[117.76213322281261,38.929279558793546],[117.762132,38.929277],[117.77497925652192,38.92752092318928],[117.7782,38.92708],[117.77820041049809,38.927080627333766],[117.778205,38.92708],[117.785638,38.938446],[117.814789,38.930446],[117.81086575181645,38.91466802355131],[117.79248686003866,38.9061173250597],[117.78928926415304,38.904630122857604],[117.78842922901953,38.9047737150278],[117.760962,38.909365],[117.71836830494766,38.92135106997189],[117.69711078767152,38.93476950279624],[117.71371035179625,38.96643976329393]]],[[[117.73323,38.96429],[117.73004900000453,38.966691928791576],[117.72045358309843,38.97394104852775],[117.72995,38.97672],[117.75294,38.97312],[117.80885,38.96423],[117.81926,38.9584],[117.8794,38.94655],[117.8800047583243,38.93164503329923],[117.88004983716205,38.93053002772646],[117.83565,38.93809],[117.82915924316292,38.94001981763248],[117.796125,38.949843],[117.758541,38.958932],[117.744546,38.961893565389175],[117.73323,38.96429]]],[[[118.62871,39.04855],[118.62870849851514,39.048552038263026],[118.628711,39.048554],[118.62148171126836,39.05836238910976],[118.61464,39.06765],[118.6236900000507,39.07111500001941],[118.63274009532087,39.07457988792468],[118.64867,39.05585],[118.64869340000006,39.052105999991184],[118.648736,39.044651],[118.61643773759103,39.00164560985795],[118.59432,38.9722],[118.51431,38.91945],[118.5027,38.91903],[118.48028,38.93482],[118.48571970247305,38.939107223135544],[118.4909,38.943187],[118.49089859986789,38.94318889650605],[118.4909,38.94319],[118.4707,38.97055],[118.46948,39.00632],[118.4734473107356,39.022427281586495],[118.478483,39.042858],[118.48819040487577,39.05048995971386],[118.52638,39.04669],[118.54007367317365,39.02879868615943],[118.559718,39.003125],[118.577812,39.008619],[118.58638256911335,39.01534519237945],[118.6102,39.03403],[118.62871,39.04855]]],[[[117.780519,39.031915],[117.77704885320617,39.03949617437369],[117.77335131177624,39.047577133119425],[117.79097207327193,39.049365293012706],[117.79625,39.0499],[117.8108,39.02719],[117.82684,38.98372],[117.82057467828004,38.978182999992576],[117.81969936155589,38.97741008528094],[117.8032309085929,38.97960987863362],[117.79795826483975,38.98385460274768],[117.79122375476155,38.98927697680731],[117.780519,39.031915]]],[[[124.23784,39.80097],[124.23783761246986,39.80096761246986],[124.237835,39.800967],[124.23697666666565,39.800106666665656],[124.23526,39.79839],[124.23136399999862,39.79828599999996],[124.23039,39.798261],[124.227397,39.79464],[124.226015,39.791423],[124.22467428501828,39.79148657247259],[124.22319,39.79156],[124.22163145014187,39.79334567521434],[124.221201,39.79384],[124.216098,39.794711],[124.21511407518952,39.79480992481187],[124.21166110442205,39.795159888065335],[124.211533,39.795573],[124.21144066746405,39.79724604853157],[124.21132,39.79951],[124.21259,39.80405],[124.21465,39.80724],[124.21814261954543,39.810021999984244],[124.219273,39.810922],[124.21757631969689,39.81486093625139],[124.2200472500003,39.81522700000005],[124.220272,39.81526],[124.22277275862069,39.8166035862069],[124.22312,39.81679],[124.22220456519001,39.81772692389003],[124.22099560742997,39.81897234408958],[124.22254262779997,39.819619049326214],[124.223426,39.819987],[124.227065,39.821298],[124.22866828358464,39.82122956716407],[124.23001885673268,39.821170050381276],[124.231896,39.819199],[124.23443006233141,39.817629819108134],[124.23586,39.81348],[124.23988675131574,39.81262069326761],[124.239586,39.809831],[124.2395661504102,39.8081048796706],[124.23956,39.80766],[124.2395610332479,39.807659891237066],[124.239561,39.807657],[124.24209649999645,39.807393000000374],[124.24278798914871,39.807320211668554],[124.24276290112641,39.80549760075085],[124.24275000817173,39.80463054954885],[124.24162847396757,39.8018596416441],[124.23784,39.80097]]],[[[124.341156,39.885199],[124.35076528327241,39.876850856649874],[124.35263,39.87523],[124.34650600002176,39.86542359480608],[124.344981,39.862982],[124.334565,39.86579],[124.332612,39.883205],[124.341156,39.885199]]],[[[124.3353,39.88862],[124.32455959937158,39.89204739747016],[124.32357939466678,39.892360554430205],[124.32253235370435,39.89331954876625],[124.319184,39.896389],[124.32051105984462,39.90009120511634],[124.32073,39.9007],[124.33025,39.90082],[124.34034,39.89281],[124.3353,39.88862]]],[[[124.30551,39.92862],[124.2920083353503,39.91946565150324],[124.30437003936947,39.93255986393358],[124.30551,39.92862]]],[[[120.821056,40.511257],[120.825369,40.504706],[120.82593791092873,40.49229794266146],[120.81827336559296,40.484749820799145],[120.818044,40.484524],[120.81118400000625,40.48378001560536],[120.80266,40.48286],[120.79685511792576,40.480290058174766],[120.794281,40.479153],[120.791026,40.474758],[120.78508796262706,40.47069102910781],[120.77727221745367,40.47463887993069],[120.774343,40.485419],[120.781912,40.491278],[120.790294,40.492987],[120.79145018018006,40.495927477477174],[120.79217,40.49775],[120.79062,40.50385],[120.79120449658663,40.50537352388976],[120.79184,40.507025],[120.799978,40.507066],[120.80217604818752,40.50885428915236],[120.80478,40.51097],[120.80454,40.51561],[120.80665,40.51626],[120.81167085676589,40.51451785677797],[120.821056,40.511257]]],[[[134.0,47.2],[135.2,44.5],[133.1296322857064,42.688422],[133.062022,42.688422],[133.03769,42.691392],[133.024425,42.699368],[133.013438,42.710354],[132.99635024955734,42.72256010741727],[133.00864,42.72785],[133.02687,42.73965],[133.03121171196008,42.740905525363345],[133.038422,42.742987],[133.05185,42.741197],[133.05925541677638,42.73921936129514],[133.06617,42.73737],[133.07667,42.7381],[133.0766709377507,42.73810499565357],[133.076671,42.738105],[133.07672242522645,42.73837928347911],[133.07887,42.74982],[133.07886788686892,42.74982239659988],[133.078868,42.749823],[133.067393,42.762844],[133.043224,42.779608],[133.03986147857597,42.781388504411005],[132.99635,42.80443],[132.99650553433725,42.80459797708423],[133.006602,42.815497],[133.00903287406052,42.81752220989686],[133.01051,42.81875],[133.01050769527245,42.818750913005324],[133.010509,42.818752],[132.989757,42.826972],[132.9786110000137,42.82659598530012],[132.96323,42.82608],[132.9322700000365,42.82168200000518],[132.911632,42.818752],[132.90677296012942,42.817369119606305],[132.90048,42.81558],[132.89039,42.8085],[132.88746,42.80146],[132.8874621464598,42.80145935197356],[132.887462,42.801459],[132.89796,42.798285],[132.900157,42.793931],[132.8877073927123,42.76349840443267],[132.87534,42.75593],[132.87533617403412,42.755927106474545],[132.875336,42.755927],[132.865001,42.748114],[132.8572736086932,42.7471236521736],[132.85231,42.74649],[132.84108775882706,42.74842727646998],[132.833018,42.749823],[132.82801816730517,42.75175166154394],[132.81593,42.75642],[132.80737446420153,42.76390011928749],[132.80518842876063,42.76581287486271],[132.802157547429,42.7713584128547],[132.791515,42.790839],[132.798432,42.808417],[132.79705718773968,42.810685515314816],[132.79111,42.8205],[132.7911088846485,42.820500540281664],[132.791108,42.820502],[132.775401,42.828111],[132.757335,42.832424],[132.7616669855528,42.84171285510595],[132.76637,42.85179],[132.7700299999823,42.86342999994382],[132.773692,42.875067],[132.774425,42.895901],[132.76705715103944,42.90411447174561],[132.76344,42.90815],[132.75629621551238,42.907854353513606],[132.739757,42.907172],[132.703705,42.87873],[132.69594825517422,42.87684058160859],[132.68165,42.87336],[132.68165184244364,42.87335820520574],[132.681651,42.873358],[132.68322376637806,42.87182693447653],[132.68629,42.86884],[132.69117,42.86274],[132.69202299997048,42.862113096407235],[132.69531925360175,42.85968975427978],[132.6832,42.8557],[132.63722,42.85969],[132.61891,42.8592],[132.60816,42.85684],[132.60170499333773,42.852662287613605],[132.600108,42.85163],[132.589122,42.842353],[132.58133583547468,42.840998341867824],[132.57789,42.8404],[132.56471,42.84626],[132.54444,42.85969],[132.53493932795672,42.8619250322056],[132.517833,42.865953],[132.51434043582069,42.86855287164195],[132.51051,42.87141],[132.50343,42.88703],[132.50343,42.90009],[132.50587,42.91364],[132.50586977562827,42.91364075451181],[132.50587,42.913642],[132.5053980684822,42.91522699999353],[132.5027,42.9243],[132.50269630972312,42.92430095978303],[132.502696,42.924302],[132.49834226623884,42.925433378076356],[132.48609,42.92862],[132.44723099995994,42.93356984839555],[132.428315,42.935981],[132.42074977762195,42.93857077760851],[132.41334,42.94111],[132.40439,42.94229],[132.39706,42.93936],[132.39527,42.93277],[132.39558833610405,42.92601741597456],[132.39559987594905,42.92576966329027],[132.39413,42.92178],[132.3663,42.91568],[132.3597762177685,42.913052064466555],[132.354259,42.910834],[132.345795,42.900702],[132.34785038196696,42.898799076399634],[132.35019,42.89663],[132.35183899749356,42.89370166332041],[132.355317,42.887519],[132.35869067567057,42.88280105406119],[132.36011714566334,42.88080399607132],[132.355235,42.875067],[132.353526,42.870266],[132.355235,42.865465],[132.36011662358825,42.85968862869284],[132.3484,42.85493],[132.32569,42.85147],[132.31837,42.84545],[132.31153101961257,42.84545],[132.30763086098025,42.851993039678796],[132.28932,42.88272],[132.2876903055361,42.8904485510466],[132.28989142371847,42.894418355913565],[132.29453,42.90278],[132.29500726638895,42.909018251827334],[132.295665,42.917548],[132.29224564088432,42.94124039940266],[132.29111,42.94912],[132.29662193786137,42.980406436891634],[132.299571,42.997138],[132.30110609996976,43.021187600111304],[132.30128,43.02391],[132.30127988702384,43.02391023006252],[132.30128,43.023912],[132.29465924861648,43.03739237572787],[132.29111,43.04462],[132.29737991581968,43.04904308417973],[132.303233,43.053168],[132.304942,43.064032],[132.3033355787036,43.06762741337549],[132.29982,43.07551],[132.2911107202609,43.08563916231427],[132.307465,43.086615],[132.3109960897203,43.08865490368593],[132.32057,43.09418],[132.32320654685654,43.10040575224519],[132.325694,43.106269],[132.31931653389915,43.11859899999831],[132.31837042976247,43.1204291686562],[132.32026539064648,43.12117282806052],[132.3248,43.12295],[132.33375,43.13019],[132.33826199293728,43.13313896466719],[132.33961,43.134019],[132.33960922149188,43.134019491179856],[132.33961,43.13402],[132.33837169915253,43.13480027436441],[132.332774,43.138332],[132.33019327163439,43.13928448356735],[132.32594,43.14086],[132.3262349795913,43.14241726238782],[132.327485,43.148993],[132.32758607025585,43.162473401345885],[132.32765,43.1706],[132.3288446443118,43.174192115430714],[132.32911063855747,43.17498991660165],[132.33937,43.17365],[132.34816,43.17145],[132.35210245520534,43.17122417917678],[132.356537,43.170966],[132.36212522742008,43.17312683133802],[132.36695,43.17499],[132.36695342717692,43.174993778503286],[132.366954,43.174994],[132.381684,43.19123],[132.3775364521542,43.20120849044502],[132.37607,43.20474],[132.36677900000353,43.210600560559506],[132.358979,43.215522],[132.3250639999719,43.22835505332166],[132.31715,43.23135],[132.30771,43.23819],[132.3078725345395,43.240155999978256],[132.308442,43.247016],[132.316742,43.251899],[132.32611075811877,43.255674931394275],[132.34067,43.26154],[132.3458,43.26716],[132.34794962924144,43.27474989327478],[132.34921292590263,43.279201738881646],[132.35039817301038,43.27990613840831],[132.354828,43.282538],[132.3548284326601,43.28253906852042],[132.35483,43.28254],[132.35517147445213,43.28338626277271],[132.356212,43.285956],[132.35620953037457,43.28595883614564],[132.35621,43.28596],[132.3458,43.29792],[132.32201069599432,43.31159981371348],[132.314952,43.31566],[132.3129369104614,43.316374731369805],[132.30543,43.31904],[132.28956,43.31257],[132.28199,43.27851],[132.26051,43.27058],[132.254,43.26651],[132.24252,43.24551],[132.23593,43.23652],[132.22890321213964,43.23143163637697],[132.226654,43.229804],[132.19591729767006,43.21674612732735],[132.13681,43.19164],[132.11647,43.18867],[132.09596,43.18098],[132.08176086390216,43.16855315977787],[132.07545,43.163031],[132.0442,43.127265],[132.029633,43.116523],[131.991303,43.095852],[131.9913004970783,43.09585026805657],[131.9913,43.09585],[131.97202,43.08251],[131.95224,43.07197],[131.92994,43.06957],[131.90724,43.07441],[131.88649,43.08564],[131.89625,43.09536],[131.90797,43.10106],[131.917247,43.107856],[131.91724761164377,43.107858249911395],[131.91725,43.10786],[131.9181577855591,43.11120629456831],[131.920665,43.120429],[131.92065869252116,43.12042518034921],[131.92066,43.12043],[131.87094,43.09032],[131.85914,43.08564],[131.85316,43.087775],[131.84718014933455,43.089910589537105],[131.84785202646503,43.092563],[131.849864,43.100491],[131.86616614812056,43.12085751022436],[131.87941,43.1374],[131.90016,43.18183],[131.90438480487538,43.187591097557316],[131.911713,43.197577],[131.91837900000377,43.20329071428894],[131.92368,43.20783],[131.94335599410394,43.220286014600326],[131.958588,43.229926],[131.97190400001742,43.233770182010176],[131.97804,43.23554],[131.99684,43.23871],[132.0005,43.24453],[132.00099667942646,43.24713246411816],[132.001964,43.252183],[132.006602,43.260321],[132.0112386666447,43.26348102198694],[132.04493,43.28644],[132.0453328728417,43.28714181793973],[132.051524,43.297919],[132.052013,43.314765],[132.044444,43.324368],[132.04444146027546,43.324368146202495],[132.04444,43.32437],[132.0350877161378,43.32490660645111],[132.031016,43.325141],[132.014008,43.315619],[132.01042958564994,43.31012662141148],[132.00351,43.29951],[132.0026185520509,43.295751791843045],[131.999848,43.284084],[131.99203612955318,43.2730995882851],[131.96835659118165,43.27058070113034],[131.97677658592644,43.289106414094164],[131.97812,43.29206],[131.97400630466672,43.294720781362386],[131.956798,43.305854],[131.895274,43.31863],[131.89527112573128,43.31862976618161],[131.89527,43.31863],[131.88478,43.31778],[131.85694,43.30732],[131.84604,43.30537],[131.83668800502113,43.308382678382486],[131.832042,43.309882],[131.82708063311745,43.31651994967995],[131.82602018732211,43.31793974919995],[131.8261315900497,43.31838530746252],[131.82814,43.3264],[131.8340568976117,43.32995916338703],[131.838634,43.332709],[131.8347312385106,43.33442141286115],[131.82667,43.33796],[131.81568,43.33674],[131.80818484442452,43.331358385189276],[131.807628,43.330959],[131.804535,43.322089],[131.799327,43.315863],[131.7804674999928,43.30551749999604],[131.77418,43.30207],[131.76730785788973,43.294886431510115],[131.764252,43.291693],[131.76425163564943,43.291691709772515],[131.76425,43.29169],[131.761081217102,43.28046471711039],[131.756358,43.263739],[131.756847,43.242499],[131.75074688455592,43.225959115465756],[131.7505,43.22529],[131.74212093082323,43.220620242079356],[131.722667,43.209784],[131.722667,43.202338],[131.73058567845533,43.20198246410338],[131.74171,43.20148],[131.75831,43.19538],[131.75939502919707,43.19354201459854],[131.763927,43.185858],[131.749848,43.174994],[131.73152063808277,43.17417557461424],[131.73072378543614,43.17414016819763],[131.72564018272024,43.178125228427376],[131.71754,43.18448],[131.71405920567943,43.188423411347614],[131.706635,43.196845],[131.69621422670508,43.20162986230118],[131.69467,43.20234],[131.68385,43.19929],[131.68271048807904,43.19780413990814],[131.679535,43.193671],[131.677826,43.187323],[131.6756279999993,43.18402599999896],[131.67416,43.18183],[131.6578839999568,43.17320082238266],[131.651134,43.169623],[131.64780395975976,43.169002879280725],[131.64698,43.16885],[131.6510480677966,43.157172466101706],[131.651459,43.155992],[131.6514592972093,43.15599201738577],[131.65146,43.15599],[131.65775899999105,43.15636052941124],[131.666759,43.156887],[131.684093,43.165229],[131.6908226351705,43.17144082412703],[131.69467,43.17499],[131.69331012600745,43.17180493704131],[131.68336,43.148505],[131.664887,43.12519],[131.586762,43.049954],[131.5757709043089,43.044571078161304],[131.563,43.03832],[131.5630001725864,43.038316574277694],[131.562999,43.038316],[131.5633985021944,43.03041000438764],[131.56373,43.02383],[131.56564684214356,43.01584887721297],[131.567638,43.007554],[131.56576561565183,42.99969709605801],[131.56495065650378,42.99628275048232],[131.55371950002436,42.994196870396564],[131.54786028695378,42.99311005322665],[131.53297,43.002265],[131.51767,43.009345],[131.50862341390402,43.0046796374657],[131.49952,42.99999],[131.49195,42.98432],[131.49488,42.97061],[131.49895538983338,42.958320152533695],[131.49935986774307,42.957099399164136],[131.49610009861485,42.94229044800168],[131.491954,42.944892],[131.477306,42.941962],[131.455089,42.93476],[131.45455628562885,42.93474067858953],[131.43824,42.93415],[131.4372874769925,42.93425213800924],[131.429942,42.935045],[131.41202725416562,42.946480381301015],[131.40553,42.95063],[131.40541540203216,42.95057467005332],[131.393891,42.945014],[131.38795,42.930121],[131.38771451330402,42.92794002666839],[131.38624,42.91429],[131.40634,42.91006],[131.40781372316667,42.90700872317085],[131.410737,42.900946],[131.40596432204302,42.888207161041294],[131.4004,42.87336],[131.40040188257393,42.87336035569369],[131.400401,42.873358],[131.458995,42.884426],[131.47192995855903,42.8839381524247],[131.47169,42.87324],[131.45615,42.86384],[131.43637,42.85578],[131.4320487027004,42.85318153154332],[131.409028,42.839342],[131.378917,42.831122],[131.36763901345682,42.82054033331772],[131.36573,42.81875],[131.36036,42.80663],[131.35963,42.79426],[131.35963015053454,42.79425954386905],[131.35963,42.794257],[131.363617,42.782172],[131.35201997251716,42.774330010036614],[131.30013,42.79328],[131.28233015935413,42.78276490895178],[131.273127,42.777331],[131.257069,42.751561],[131.246896,42.732534],[131.236447,42.706644],[131.23645036696445,42.706640909158864],[131.23645,42.70664],[131.24685951727938,42.69708540885459],[131.249600417057,42.69456928910737],[131.2518,42.69082],[131.25567697214774,42.689666935007786],[131.261078,42.688056],[131.263276,42.685004],[131.26229923526557,42.681098940580675],[131.2613601603987,42.67979799998496],[131.258067,42.675238],[131.2572533890781,42.67198188907695],[131.25709031868266,42.67133127147876],[131.25618099999522,42.67035895221332],[131.25416,42.6682],[131.25256500000455,42.66799724576329],[131.247081,42.667304],[131.232677,42.667914],[131.2266020673485,42.66265728842868],[131.22421,42.66059],[131.21656,42.64419],[131.21563402940265,42.6432198186049],[131.209017,42.636295],[131.20932008871029,42.63088840321475],[131.20977995979243,42.6226107237364],[131.203483,42.619063],[131.20348219463023,42.61906123665671],[131.20348,42.61906],[131.20152094399063,42.614767112049066],[131.201182,42.614025],[131.20118220598587,42.61402483398647],[131.20118,42.61402],[131.20801,42.60852],[131.21364739543205,42.60727762740325],[131.224301,42.604926],[131.228736,42.597125],[131.2280821864006,42.59247404660171],[131.22797,42.59168],[131.22797052798342,42.5916797558508],[131.22797,42.591676],[131.23103,42.590264999999995],[131.23408989329258,42.58885004934347],[131.234047,42.587262],[131.21805,42.586132],[131.21494500275938,42.584846991706236],[131.21275,42.58394],[131.21507600004549,42.58127599994791],[131.224376,42.570624],[131.22156,42.566304],[131.219547,42.554712],[131.21327506058904,42.551393032062336],[131.21313415663556,42.551479526094646],[131.203751,42.557244],[131.19839584423403,42.55824790962733],[131.19456,42.55897],[131.18535,42.55955],[131.18063700093566,42.56322300277345],[131.17963739671134,42.56400269056656],[131.1793565044941,42.5642929999795],[131.17099,42.572943],[131.167003,42.575629],[131.167003,42.58538991325301],[131.17115,42.58527],[131.17115265977117,42.585273010001906],[131.171153,42.585273],[131.1717018075391,42.58589446791071],[131.1792,42.59438],[131.1804029491101,42.60336478542214],[131.18065,42.605205],[131.18064931440554,42.605204879318535],[131.18065,42.60521],[131.15849,42.60131],[131.14357,42.6127],[131.12690305482022,42.61725916436832],[131.127415,42.64681],[131.1229974999906,42.65954750002715],[131.12035,42.66719],[131.1057,42.66835],[131.09825954089405,42.660532000033854],[131.092886,42.654888],[131.08702897161677,42.64037988378123],[131.07637888418117,42.639176305126796],[131.073578,42.638861],[131.04782280585454,42.643037731362035],[131.03443,42.64521],[131.0152240000027,42.64301502857174],[130.994884,42.640692],[130.98294305663828,42.63706105660536],[130.95248,42.6278],[130.93116,42.60692],[130.91432,42.60151],[130.88966,42.5996],[130.87257,42.60395],[130.8583946235291,42.61167108623551],[130.832506,42.625775],[130.81548115885118,42.634170442278986],[130.83859,42.64299],[130.85123206595307,42.64186059353157],[130.862876,42.640816],[130.88084236506438,42.63932763809051],[130.88948,42.63861],[130.90584961756326,42.62242614750212],[130.911513,42.616826],[130.92210379693606,42.617610541509585],[130.93214,42.61835],[130.94449917482763,42.63107647560562],[130.944591,42.631171],[130.949714,42.653123],[130.93464132302458,42.656809430670506],[130.93178,42.65751],[130.91035748763008,42.655602243796366],[130.899445,42.654631],[130.88620499998976,42.65785012277035],[130.88152,42.65899],[130.84783,42.66132],[130.81111706989861,42.652908860123205],[130.803441,42.651151],[130.78698354803754,42.653763595502916],[130.79595,42.66285],[130.80541338735085,42.66578944505966],[130.832042,42.674058],[130.8361111663607,42.688419667264164],[130.83701,42.69159],[130.83700952365666,42.691590318799484],[130.83701,42.691592],[130.8255018369578,42.699292000027356],[130.82546,42.69932],[130.82545999059937,42.69931999901903],[130.825457,42.699322],[130.81751687469753,42.69849112296168],[130.80179,42.69685],[130.7913117142994,42.69339405938489],[130.781866,42.690282],[130.773753681038,42.68466895689899],[130.7693,42.68159],[130.74535,42.6811],[130.73467,42.69169],[130.72877245700397,42.69522174213925],[130.720758,42.700025],[130.693526,42.68545],[130.65667,42.66408],[130.660789,42.643185],[130.66078901430973,42.64318500022488],[130.66079,42.64318],[130.68344,42.64354],[130.70238987522288,42.632820375758115],[130.732921,42.615546],[130.736908,42.607245],[130.73563037676638,42.60240090143053],[130.7295,42.57917],[130.72950402683497,42.5791728932369],[130.729503,42.579169],[130.754649,42.597235],[130.763031,42.599595],[130.77418062156764,42.59682909387838],[130.77481259349753,42.595907804875736],[130.778087,42.591132],[130.77883376506907,42.58783400000208],[130.77955,42.58466],[130.78221000000133,42.58099999999818],[130.783539,42.579169],[130.83978980804653,42.559363999999995],[130.84213,42.55854],[130.8447359649227,42.555651654977325],[130.851817,42.547797],[130.85404672706255,42.54179415886916],[130.85499,42.53925],[130.86275933794067,42.53724535171223],[130.86964,42.535468],[130.87036209897667,42.533734740612964],[130.87289,42.52766],[130.87065666666712,42.51958500000166],[130.870209,42.517971],[130.86779711095434,42.51767375561539],[130.86459233936978,42.517280287218],[130.859711,42.521064],[130.85849,42.524563],[130.85399679870275,42.52196886363722],[130.8506,42.52001],[130.84645,42.5207],[130.84456320339402,42.52018140678081],[130.843028,42.519761],[130.838145,42.51024],[130.83838138251102,42.50643182950615],[130.83839,42.50629],[130.84376,42.49396],[130.8449797914096,42.48631130796427],[130.83871535977386,42.47235780136667],[130.8342998706633,42.47026565300336],[130.823253,42.465033],[130.81252984213316,42.46352107021622],[130.80421,42.46235],[130.78663,42.46186],[130.78077,42.45344],[130.76303,42.40038],[130.75275,42.38078],[130.74319,42.35369],[130.73829279562466,42.344287133842556],[130.734805,42.337598],[130.715800087576,42.31179865779301],[130.70360067563442,42.29524091700974],[130.699962,42.295111],[130.69996131285436,42.29511004688766],[130.69996,42.29511],[130.6988344353519,42.293547],[130.695557,42.289001],[130.667129,42.283092],[130.64944056647494,42.27876591624943],[130.63158,42.2744],[130.61662,42.27232],[130.60382,42.26326],[130.59754401582768,42.26278030694224],[130.598481,42.280951],[130.59827394675568,42.28374571006784],[130.59767,42.29194],[130.59598238116442,42.29584222645253],[130.594981,42.298163],[130.582042,42.307929],[130.58146843838227,42.30826066666599],[130.56937,42.31526],[130.55309620667782,42.31701308268902],[130.540501,42.318371],[130.519053,42.327603],[130.51019,42.33578],[130.480684,42.339752],[130.465653,42.334752],[130.46565326938827,42.334751087620845],[130.46565,42.33475],[130.46785215132712,42.327303792312584],[130.469396,42.322075],[130.4578685479669,42.31289117805713],[130.45646,42.31177],[130.4401,42.30913],[130.43583313695953,42.31377395868448],[130.431839,42.318125],[130.42367899999084,42.3221618832853],[130.41916,42.3244],[130.40745,42.32458],[130.40699,42.31574],[130.40585037082187,42.307112807186584],[130.393999,42.299952],[130.384157,42.291195],[130.38555755049495,42.282435898983145],[130.38632,42.27766],[130.38624,42.27066],[130.3862410188949,42.27065863242587],[130.386241,42.270657],[130.38891557480375,42.26706880840891],[130.39112,42.26411],[130.39112111439306,42.26410987131088],[130.391124,42.264106],[130.39876332203576,42.26322735593199],[130.39926,42.26317],[130.40585,42.26081],[130.405934847017,42.255205105877124],[130.406016,42.249579],[130.40181854448613,42.243781499992544],[130.40089,42.2425],[130.39332,42.24409],[130.38859826171006,42.2483813552754],[130.378182,42.257855],[130.3723532500007,42.25661488910712],[130.36799,42.25569],[130.36549887094162,42.25160155762996],[130.360655,42.243664],[130.369837,42.232011],[130.358829,42.229272],[130.351505,42.216083],[130.33745742995598,42.21430314007954],[130.33506,42.214],[130.33505987506018,42.21399936427684],[130.335057,42.213999],[130.33354795910282,42.20630638014082],[130.33064,42.19151],[130.31877,42.18473],[130.30703035879327,42.183154584933426],[130.30816,42.19759],[130.31564,42.21888],[130.30742,42.2363],[130.3008,42.236670000000004],[130.294182,42.237045],[130.26242047994685,42.2134910798298],[130.25136,42.20529],[130.2456966156726,42.19950762637293],[130.228986,42.182452],[130.21493951768448,42.174629958887074],[130.2058738536126,42.17385719509878],[130.202274,42.173551],[130.2022740941849,42.17355034899129],[130.20227,42.17355],[130.20337656529205,42.1659300380137],[130.204286,42.159644],[130.19996626054103,42.108987999992934],[130.19931033807913,42.101303960549366],[130.19485567706207,42.101038461772454],[130.19386,42.10098],[130.1854529863959,42.103860999983624],[130.185313,42.103909],[130.1853129645893,42.10390898406472],[130.18531,42.10391],[130.17915673405437,42.101138599271195],[130.17392,42.098782],[130.160248,42.08511],[130.16085002656183,42.08481629330457],[130.16358,42.08348],[130.16580741869512,42.07876701805895],[130.166596,42.077094],[130.16182000000842,42.074256666671666],[130.15943,42.07284],[130.15581547256826,42.07332865928798],[130.150108,42.074103],[130.1427355000256,42.07873141275743],[130.1332,42.08472],[130.12329519639468,42.088763392789375],[130.120069,42.090081],[130.092772,42.089811],[130.09277026647285,42.089810002635446],[130.09277,42.08981],[130.07304,42.07846],[130.07216250909113,42.075169409091764],[130.067955,42.059414],[130.0674682247965,42.055522387601776],[130.06701,42.0519],[130.06345143347866,42.05152946636627],[130.052222,42.050365],[130.0522204611262,42.05036004801449],[130.05222,42.05036],[130.04971,42.04229],[130.04491,42.03598],[130.04490912730046,42.035977481165794],[130.044908,42.035976],[130.03647,42.011624],[130.033879,41.995514],[130.02681946312435,41.992700981482855],[130.0199548424283,42.005250456554826],[130.01495,42.014404],[130.002884,42.010912],[130.00288393303202,42.01091113722301],[130.00288,42.01091],[130.00195033083816,41.998883140716536],[130.00129722224804,41.99046886331658],[129.99182119673034,41.98659118045167],[129.982188,41.982652],[129.98219064894369,41.98265026555414],[129.98219,41.98265],[129.98446666666666,41.98116],[129.989024,41.978176],[129.99414949956102,41.97305050043898],[129.99415,41.97305],[129.99439422445028,41.972740934672274],[130.00269402490068,41.96222850163835],[129.99835797542562,41.96114116067479],[129.992931,41.959784],[129.985606,41.955268],[129.98288881873535,41.95181979528954],[129.97486,41.94164],[129.97487417301434,41.941648909935914],[129.974864,41.941636],[129.97756063739206,41.94333776912074],[129.97828,41.94379],[129.97698000001537,41.93889000005787],[129.975678,41.933987],[129.971039,41.922065],[129.968598,41.917467],[129.96710048642385,41.91029074318519],[129.96469,41.89875],[129.95444,41.89204],[129.94679,41.89494],[129.93915441268368,41.90221817684619],[129.937394,41.903898],[129.93739119498773,41.90389886094787],[129.93739,41.9039],[129.91362,41.9112],[129.90306999999814,41.90686249999923],[129.89674,41.904263],[129.8923593969544,41.88959360303161],[129.89039,41.883],[129.88339,41.85741],[129.88453,41.82416],[129.86965,41.79146],[129.85857466135917,41.78406369304856],[129.855171,41.781792],[129.85517076016635,41.78179050765254],[129.85517,41.78179],[129.85358566034438,41.771927339487],[129.85246,41.764923],[129.842813,41.758783],[129.8358414285497,41.76721000002627],[129.82655,41.77845],[129.81885912668446,41.77803176519734],[129.813315,41.777733],[129.80666615916334,41.77457439103193],[129.77476,41.75942],[129.7722157640654,41.75338355049773],[129.762787,41.731024],[129.749766,41.696275],[129.74813719625774,41.69389971773126],[129.74136,41.68402],[129.71502,41.67534],[129.69082,41.64972],[129.68318,41.61772],[129.67103740591614,41.58089540094826],[129.669409,41.575959],[129.648798,41.549403],[129.660655,41.525946],[129.65896920566604,41.516340077101745],[129.65772,41.50924],[129.6541474410486,41.49841493159415],[129.65273,41.494124],[129.65273053709922,41.49412162744291],[129.65273,41.49412],[129.6594,41.46465],[129.65940297228317,41.46464712243501],[129.659403,41.464647],[129.66038919316594,41.463692329596526],[129.68168,41.44308],[129.68947655744185,41.43745977024828],[129.70167,41.428666],[129.714603,41.419646],[129.736056,41.421286],[129.7417151799252,41.41127285187537],[129.74415,41.40696],[129.75818,41.39259],[129.7643001017095,41.389062135615305],[129.769298,41.386176],[129.77279080493162,41.38579518685793],[129.77565,41.38548],[129.79111,41.38776],[129.79329546511508,41.38713558139569],[129.796641,41.386176],[129.79939965492252,41.38324061965185],[129.80616,41.37604],[129.80612439513695,41.37591538297933],[129.80607749963045,41.37575914462347],[129.0,41.1],[126.0,40.45],[124.40141,39.85053],[124.39972247351716,39.8575525317313],[124.399181,39.859809],[124.39895689863195,39.86030253917407],[124.39658,39.86555],[124.38966,39.86787],[124.36643233332286,39.871178442559916],[124.36255938735212,39.87173094474157],[124.34889,39.89281],[124.34181,39.89997],[124.33481,39.90559],[124.32797,39.90974],[124.321545946119,39.912667290493204],[124.332123,39.925116],[124.3426503249644,39.92908727474744],[124.34571,39.93024],[124.3591542712091,39.93348313559869],[124.359386,39.933539],[124.35938609473925,39.93353905794149],[124.35939,39.93354],[124.36997,39.94001],[124.37607,39.95409],[124.38307,40.00267],[124.3945339510653,40.015351048953725],[124.405772,40.027777],[124.41861573870823,40.0263194322514],[124.43409,40.02456],[124.45031402917034,40.01982160206651],[124.465831,40.015286],[124.499604,40.022528],[124.49959937926184,40.02252986691904],[124.4996,40.02253],[124.47926,40.03075],[124.45631117078352,40.03175422770661],[124.432872,40.032782],[124.41287441141962,40.03580320570048],[124.41025,40.0362],[124.39145,40.04829],[124.38437,40.06489],[124.38230004395407,40.07411401466081],[124.380382,40.082668],[124.37848733881847,40.08550990083145],[124.36997,40.09829],[124.3699680328872,40.098288450814756],[124.369965,40.098293],[124.358246,40.089057],[124.35761264191152,40.08286157095634],[124.35694,40.07632],[124.36147716397375,40.05247163277857],[124.362559,40.04678],[124.36284873100941,40.041661946216834],[124.36402,40.0209],[124.36134,40.01118],[124.35794949858544,40.00659550140955],[124.352306,39.998969],[124.33911134463243,39.98771966099632],[124.30787,39.96109],[124.30299,39.95409],[124.30298972658274,39.95408904129143],[124.302989,39.954088],[124.30264340378712,39.9528746971666],[124.29908,39.94038],[124.29541494085801,39.93542315771779],[124.2942,39.933783],[124.29088441289245,39.931818978519836],[124.28671,39.92935],[124.28028,39.9287],[124.2738281280327,39.92889580795045],[124.273692,39.9289],[124.27369179563406,39.92889994550428],[124.27369,39.9289],[124.26637,39.92695],[124.20216,39.87861],[124.18345552800837,39.8717426959793],[124.15504,39.861314],[124.137218,39.842353],[124.12916606140963,39.83846466164591],[124.11817010525867,39.83316005077833],[124.088145,39.851874],[124.066905,39.836168],[124.055431,39.829901],[124.041026,39.82453],[123.998057,39.815904],[123.98776937422953,39.811199754599585],[123.98569,39.81025],[123.97511,39.81501],[123.9729529862418,39.81663732415865],[123.967784,39.820543],[123.95534305958245,39.83373186754018],[123.95493,39.83417],[123.9549295706748,39.8341702146626],[123.954926,39.834174],[123.942149,39.840562],[123.93674827896258,39.838819027191775],[123.93067,39.83686],[123.92635840710379,39.83380750819932],[123.920258,39.829495],[123.910655,39.82453],[123.887543,39.822903],[123.87051753847119,39.82384569230715],[123.86036,39.82441],[123.83408,39.82917],[123.82579427286318,39.83272585231866],[123.814464,39.837592],[123.807628,39.837592],[123.80333532911236,39.835203211247745],[122.4,40.8],[122.10839,40.69976],[122.07970269656047,40.72430837386956],[122.067149,40.735053],[122.049083,40.74608],[121.96435887046614,40.780526194601784],[121.89718,40.80784],[121.87201,40.81506],[121.85983275379847,40.82506710151296],[121.851085,40.832261],[121.843761,40.859687],[121.84303224633513,40.87211231886634],[121.84059,40.9138],[121.83619,40.91975],[121.82838,40.93391],[121.8259401337878,40.94818921701241],[121.837494,40.954779],[121.84412268097068,40.95690943968007],[121.84889,40.95844],[121.8589,40.96747],[121.87477,40.98957],[121.87176064652,40.992306575825374],[121.867931,40.995795],[121.84578749299389,40.98429343706865],[121.82602,40.97403],[121.80738,40.96003],[121.78797447257264,40.943639621930245],[121.777709,40.934972],[121.780056,40.90791],[121.77345058065436,40.89637090324185],[121.7692,40.88895],[121.76191306615584,40.87751740074034],[121.75839,40.871992],[121.75145414071395,40.863555788946734],[121.73955,40.84908],[121.7278631372263,40.84889354883233],[121.694423,40.848363],[121.594962,40.845924],[121.58357695917704,40.84339424495796],[121.57504,40.8415],[121.56764,40.84553],[121.52889,40.86727],[121.51043,40.87936],[121.48,40.88449],[121.46844040940964,40.88504877175059],[121.45020662090509,40.88593196992494],[121.4490859231457,40.8865853077351],[121.440929,40.891343],[121.43686,40.899075],[121.434581,40.907213],[121.429779,40.913804],[121.418468,40.918891],[121.394542,40.924221],[121.39073754718625,40.926709515725406],[121.38478,40.93061],[121.37322525344162,40.93506133794463],[121.361339,40.939643],[121.34604781701873,40.93235891495247],[121.33725,40.92817],[121.31868336850921,40.91276473696369],[121.315522,40.910142],[121.299327,40.899604],[121.29129972065107,40.89938852227026],[121.28566,40.89924],[121.27549903431735,40.90251717152563],[121.27393856164645,40.90302117264],[121.2649009545909,40.910389221754976],[121.258393,40.92064],[121.25839119446177,40.920638119319044],[121.25839,40.92064],[121.24472002168669,40.90640002259096],[121.2445487939047,40.90657899999949],[121.22495,40.92707],[121.21246404870627,40.92892314605576],[121.200287,40.930732],[121.18455171713853,40.92532116972679],[121.17579,40.92231],[121.16621036689048,40.914846142861286],[121.155365,40.906399],[121.142426,40.900702],[121.13178600002654,40.894024949169186],[121.13063,40.8933],[121.13062692919397,40.893297583108584],[121.130626,40.893297],[121.119965,40.884914],[121.11197800000316,40.87692700000316],[121.11109275229657,40.87604274919714],[121.10977342857609,40.87530857143116],[121.10605,40.87324],[121.09622366014686,40.86981871871543],[121.083588,40.865424],[121.079926,40.862982],[121.080089,40.857082],[121.081147,40.850246],[121.08040951469754,40.8462226666713],[121.08017,40.84492],[121.08017002343904,40.8449161278711],[121.08017,40.844916],[121.08017083299636,40.84478238900137],[121.08027,40.8284],[121.06572,40.8184],[121.06835,40.80339],[121.05781158407356,40.79997783181625],[121.04985,40.797401],[121.041924,40.814401],[121.029633,40.826483],[121.01707092241335,40.829841310302996],[121.00497,40.83308],[120.99781270511919,40.83215911860004],[120.990977,40.831285],[120.98478707682013,40.828217791303764],[120.98194,40.82681],[120.97047,40.81794],[120.96621701376975,40.81127268042634],[120.963227,40.806586],[120.96548939959818,40.799149359438445],[120.96705,40.79401],[120.96755972123614,40.79040034145019],[120.96851591548686,40.78359660134789],[120.95786,40.77473],[120.94386,40.76586],[120.93859820949845,40.758700628511775],[120.93629,40.755561],[120.93629016740499,40.75556022777695],[120.93629,40.75556],[120.93640616091923,40.75502516092093],[120.939545,40.740546],[120.95534109502552,40.737466475076886],[120.95604,40.73733],[120.97585,40.73934],[120.9944,40.73627],[121.01026,40.73086],[121.0183625954484,40.72194559870992],[121.020738,40.71933],[121.0138234370778,40.718224562880906],[120.99565,40.71532],[120.97588721255823,40.71170989372088],[120.962637,40.70929],[120.95744922860993,40.70511888570705],[120.94019,40.69125],[120.92981325170986,40.69002244760903],[120.92303,40.689223],[120.895305,40.685181],[120.89530409522231,40.68518059663535],[120.8953,40.68518],[120.88478,40.68049],[120.86769,40.67866],[120.84776,40.6831],[120.83339826134491,40.677295143957146],[120.825321,40.674033],[120.8253029999919,40.67397926699155],[120.81959,40.65693],[120.81863431101532,40.65183801673458],[120.816417,40.640041],[120.81198068646195,40.62772686564705],[120.8086,40.61835],[120.79843,40.59968],[120.78858080269382,40.59174064704456],[120.77003,40.585761],[120.700113,40.537244],[120.69118900042255,40.53082960067887],[120.67879,40.52192],[120.67878811850638,40.5219160851801],[120.678788,40.521916],[120.669619,40.502841],[120.66841893548387,40.499151016129034],[120.6657,40.4908],[120.65911,40.48376],[120.63331,40.47517],[120.625428942271,40.47469853817951],[120.620942,40.474433],[120.61413118987,40.47068191983936],[120.6041,40.46516],[120.60409823830224,40.46515623275367],[120.604096,40.465155],[120.597016,40.450019],[120.59819262915025,40.435410325860985],[120.59848,40.43183],[120.59827448460595,40.430071909219976],[120.597376,40.422423],[120.584076,40.413723],[120.562104,40.411322],[120.56210038870029,40.411320042442256],[120.5621,40.41132],[120.54566,40.40241],[120.53907,40.38288],[120.5421434951444,40.3804386421548],[120.547526,40.376159],[120.567316,40.380237],[120.58295600001289,40.38326632258314],[120.58839612158229,40.38431924933851],[120.59004767687111,40.37412237805585],[120.59115,40.3673],[120.57700048593085,40.36023601124098],[120.564868,40.354182],[120.54872212703316,40.34878493646667],[120.53458,40.34406],[120.51005399031814,40.331244001643995],[120.501758,40.32691],[120.500987,40.307847],[120.50115327021982,40.29971199998111],[120.50131,40.2919],[120.5066,40.27334],[120.50489,40.24909],[120.49252,40.23127],[120.48226999999154,40.22278499999301],[120.472016,40.214301],[120.46373514580469,40.20916517709977],[120.45069,40.20108],[120.44463204519516,40.1983489548011],[120.436046,40.194485],[120.394352,40.194312],[120.371792,40.192752349931226],[120.358,40.1918],[120.33359,40.187],[120.30903,40.17967],[120.30902791282286,40.17966827242342],[120.309027,40.179668],[120.289474,40.163484],[120.261322,40.146715],[120.246357,40.144123],[120.23324675614377,40.1383637316342],[120.22547,40.13495],[120.21266057566665,40.1315780297505],[120.19394,40.126654],[120.19129768240356,40.12639429184551],[120.18898,40.12617],[120.1832,40.12324],[120.17043078825695,40.11786372777532],[120.154964,40.111355],[120.13870400210908,40.106317004211704],[120.11843,40.10004],[120.01238574821727,40.072581381370085],[119.950277,40.056502],[119.91531,40.036153],[119.911798,40.011106],[119.91199797213272,39.998089813880675],[119.8755,39.99474],[119.86917418759178,39.99263306208608],[119.85019,39.986314],[119.811046,39.973049],[119.8074953518609,39.971211388893565],[119.79249,39.96345],[119.77442,39.95051],[119.74965,39.9524],[119.73756928429083,39.94730586281826],[119.708217,39.934935],[119.660899,39.932685],[119.62061945779551,39.911039858126244],[119.60926749151112,39.90806949152169],[119.603038,39.90644],[119.6020680616476,39.90637329223624],[119.57186,39.9043],[119.56038270340439,39.900988269044],[119.5537,39.899063],[119.54683127389738,39.895938541368054],[119.53559,39.89083],[119.52491,39.87173],[119.52295103772414,39.866509987427605],[119.519867,39.858303],[119.524899,39.841649],[119.530699,39.814702],[119.51913077719173,39.81421986738772],[119.49552,39.81324],[119.4668,39.81485],[119.46679605924892,39.81484794056496],[119.466795,39.814848],[119.45770937788343,39.810099244285695],[119.42941,39.79531],[119.42719243150295,39.793165647250746],[119.411538,39.778029],[119.385869,39.75963],[119.367866,39.748348],[119.36575684021167,39.74615105327744],[119.3558,39.73579],[119.34986,39.73176],[119.34142134855551,39.718422814302386],[119.33961,39.715562],[119.314057,39.641181],[119.302338,39.617825],[119.29431145359978,39.60751009282589],[119.28492,39.59545],[119.28102,39.59675],[119.26759,39.59797],[119.24537,39.59447],[119.23509371403308,39.5899146287693],[119.223237,39.584662],[119.21263037867577,39.573731727932916],[119.20859,39.56957],[119.20859003920638,39.56956810143078],[119.208588,39.569566],[119.20870837817999,39.563837536634196],[119.20899,39.5502],[119.20899488846143,39.550203307810754],[119.208995,39.550198],[119.22619216124336,39.56183995967628],[119.23268,39.56623],[119.23455279203596,39.56704220796912],[119.24300501138903,39.57070197396864],[119.2394447813805,39.56497402326943],[119.238048,39.56273],[119.23579536398202,39.55792087867266],[119.23414,39.55439],[119.23121,39.54548],[119.22934,39.53596],[119.22934092092324,39.53596068431151],[119.22934,39.535956],[119.23379896515573,39.53927332841535],[119.24269,39.54588],[119.2624,39.57751],[119.26549924109803,39.57876331067659],[119.270142,39.580636],[119.27577000000001,39.577825],[119.28139682649555,39.575011586752225],[119.261981,39.535084],[119.26198064646634,39.53508132921738],[119.26198,39.53508],[119.25642,39.49311],[119.27076,39.48906],[119.2971,39.45522],[119.29910983865364,39.449618645155766],[119.305075,39.432978],[119.296128,39.411639],[119.28784402412722,39.39793092734341],[119.27943,39.38401],[119.26476318425678,39.3726011054652],[119.25566,39.365522],[119.24373599999153,39.3624199999978],[119.22585,39.35777],[119.20334,39.36344],[119.1909353526267,39.35766588420541],[119.184804,39.354814],[119.18480059641995,39.35481027762159],[119.1848,39.35481],[119.1824221018666,39.352208999952786],[119.129266,39.294074],[119.093767,39.260808],[119.08725691736409,39.25472808260541],[119.06235,39.23147],[119.03932,39.21288],[119.03912983366527,39.2126943308421],[119.015636,39.189765],[118.9935,39.179633],[118.940196,39.138861],[118.926036,39.130601],[118.910411,39.125434],[118.90228984315411,39.12492091505808],[118.8943,39.12442],[118.8943,39.13182],[118.9319,39.15225],[118.93515432864552,39.154469007044725],[118.941987,39.159125],[118.94198993489418,39.15912995560673],[118.94199,39.15913],[118.94203940130454,39.15921348027932],[118.947602,39.168606],[118.950694,39.179023],[118.956309,39.188056],[118.96231471905445,39.19036173576045],[118.96998,39.1933],[118.96996624458482,39.19329933505162],[118.969981,39.193305],[118.945567,39.192125],[118.90268,39.176663],[118.89019606965991,39.174474604484686],[118.88063,39.1728],[118.88551,39.18525],[118.87143,39.2001],[118.87379,39.21381],[118.87378944291814,39.213809763023924],[118.87379,39.213813],[118.86703173020298,39.21093511143003],[118.85898,39.20751],[118.85514138712155,39.20087361287608],[118.840535,39.17563],[118.83251718732782,39.171687812672175],[118.8162,39.16367],[118.79599,39.15178],[118.77469,39.14817],[118.737162,39.147434],[118.72777988657397,39.14725001738566],[118.72612775360165,39.14750325215864],[118.687204,39.153473],[118.649082,39.159732],[118.61936,39.161042],[118.590151,39.148312],[118.560493,39.147043],[118.5432689985511,39.14817499709969],[118.52711,39.14924],[118.52169035398649,39.142305938024116],[118.519379,39.13935],[118.529146,39.124653],[118.512146,39.11598],[118.48709928790686,39.1020198325651],[118.48328399999728,39.10112274152243],[118.469106,39.097793],[118.409959,39.0629],[118.380115,39.050422],[118.36765561617298,39.045079922558685],[118.36035,39.04195],[118.34427,39.03071],[118.33811259594994,39.030784553048484],[118.326096,39.030932],[118.300126,39.040564],[118.267855,39.043004],[118.23772500000598,39.05234180227018],[118.2352841489473,39.053098713405966],[118.22161215698603,39.06455943798153],[118.20712,39.07671],[118.20512616347355,39.07998432701219],[118.186804,39.11008],[118.17819165370932,39.12374154326207],[118.17094,39.13525],[118.14053,39.17284],[118.1151404329135,39.18984117170646],[118.096404,39.202392],[118.04538,39.218972],[118.0367,39.219384999999996],[118.02802,39.2198],[117.9983673120462,39.217795849635536],[117.973725,39.216132],[117.931163,39.212104],[117.90737040493148,39.20636794483537],[117.88559,39.20112],[117.8467450428711,39.1749232178777],[117.811816,39.15137],[117.79558654143162,39.14037093062315],[117.75733,39.11445],[117.74187762901029,39.1081502473355],[117.737559,39.106391],[117.73313199998006,39.10739200000451],[117.71542,39.1114],[117.71827,39.093],[117.72665,39.08829],[117.72686896523638,39.088095930542515],[117.737817,39.078387],[117.74714150158917,39.07123851122587],[117.75147881274472,39.06791091086642],[117.75293964911452,39.06235846786775],[117.75748,39.04509],[117.76512727799886,39.027627639020714],[117.76577036324859,39.02615873857876],[117.76676860988374,39.02269221586869],[117.773615,38.998904],[117.77451914914919,38.989119011694235],[117.77526,38.98106],[117.74326,38.98225],[117.73234177293085,38.98392423394738],[117.729503,38.984361],[117.71065359105197,38.99183981797684],[117.70191,38.99531],[117.70320707668103,38.99046052147011],[117.704356,38.986151],[117.705577,38.984361],[117.70652767336833,38.983361505031475],[117.70874890457434,38.98102115417088],[117.60858802239127,38.84499115360239],[117.0,39.2],[115.4,39.15],[113.3,39.4],[111.0,39.7],[108.6,39.6],[106.0,39.3],[102.0,40.4],[98.2,43.4],[96.8,47.8],[100.5,49.0],[106.0,49.7],[113.0,50.5],[120.0,51.0],[126.0,50.2],[130.8,49.0],[134.0,47.2]],[[108.836283,40.934389],[108.8145,40.94116],[108.800371,40.939099],[108.782414,40.926736],[108.766813,40.91084],[108.751801,40.899654],[108.747974,40.91084],[108.74032,40.917905],[108.729723,40.921437],[108.717654,40.920554],[108.728251,40.895239],[108.731489,40.88317],[108.732078,40.872278],[108.730018,40.861976],[108.727368,40.855205],[108.717654,40.838721],[108.708235,40.811934],[108.714122,40.801042],[108.729723,40.80428],[108.768874,40.837249],[108.816855,40.86021],[108.838638,40.876105],[108.852179,40.891412],[108.8772,40.90613],[108.876317,40.908191],[108.883087,40.912018],[108.897511,40.92703],[108.903398,40.934389],[108.926358,40.952934],[108.944903,40.971774],[108.951085,40.994145],[108.944903,41.023582],[108.932834,41.030646],[108.921354,41.033001],[108.897805,41.030352],[108.896628,41.026525],[108.888974,41.018577],[108.880143,41.013868],[108.876022,41.020049],[108.873962,41.023582],[108.869841,41.029175],[108.863953,41.034473],[108.858655,41.036828],[108.829218,41.027114],[108.821859,41.00592],[108.831279,40.98502],[108.852179,40.975306],[108.858949,40.967064],[108.861598,40.948813],[108.861598,40.93174],[108.836283,40.934389]],[[115.800644,40.411893],[115.796523,40.42043],[115.731468,40.355081],[115.713806,40.345072],[115.646397,40.330943],[115.581343,40.303567],[115.570746,40.293559],[115.578693,40.246755],[115.578105,40.227915],[115.58723,40.237924],[115.60813,40.273836],[115.612251,40.286199],[115.619316,40.301506],[115.636094,40.311809],[115.722343,40.342717],[115.757961,40.350371],[115.772091,40.362145],[115.783571,40.375981],[115.796523,40.386283],[115.796523,40.395409],[115.800055,40.403651],[115.800644,40.411893]],[[116.575999,43.318739],[116.58012,43.317561],[116.58483,43.316973],[116.5916,43.319033],[116.582769,43.301371],[116.566285,43.290774],[116.530961,43.278116],[116.510945,43.268108],[116.495049,43.257217],[116.481508,43.244559],[116.46885,43.228958],[116.573055,43.223953],[116.674317,43.236611],[116.719943,43.246914],[116.740843,43.2581],[116.756739,43.278116],[116.762331,43.299899],[116.75615,43.315795],[116.741726,43.326687],[116.728774,43.332574],[116.705814,43.34582],[116.701987,43.353474],[116.736427,43.37349],[116.697277,43.385559],[116.667252,43.38762],[116.660776,43.387326],[116.653711,43.385559],[116.642231,43.38085],[116.616327,43.37349],[116.599254,43.357889],[116.570995,43.319033],[116.575999,43.318739]],[[117.515315,45.408724],[117.518259,45.418144],[117.522968,45.426386],[117.53386,45.429918],[117.545929,45.430801],[117.557703,45.433156],[117.568595,45.437277],[117.578603,45.44287],[117.609511,45.47054],[117.622463,45.487908],[117.627173,45.504392],[117.620403,45.516167],[117.621286,45.528236],[117.630411,45.536772],[117.647484,45.539127],[117.63571,45.56356],[117.616282,45.568269],[117.596854,45.57033],[117.585374,45.587109],[117.573893,45.572685],[117.577426,45.559733],[117.598914,45.532357],[117.507661,45.532063],[117.464684,45.526175],[117.427594,45.512046],[117.384912,45.478783],[117.366367,45.470835],[117.326628,45.463476],[117.319857,45.456411],[117.338991,45.44287],[117.359008,45.446991],[117.380496,45.439044],[117.427889,45.405192],[117.435837,45.401659],[117.501185,45.401071],[117.509722,45.401954],[117.515315,45.408724]],[[117.598914,47.335043],[117.592438,47.335043],[117.580075,47.343285],[117.564474,47.339458],[117.549167,47.330039],[117.537687,47.320619],[117.548578,47.321208],[117.55947,47.320619],[117.569478,47.318558],[117.578603,47.314437],[117.580958,47.304135],[117.593321,47.305606],[117.60333,47.316498],[117.598914,47.335043]],[[117.255391,47.484285],[117.2445,47.473688],[117.238024,47.45426],[117.235963,47.433949],[117.24656,47.431594],[117.266872,47.435127],[117.278646,47.448667],[117.27011,47.478104],[117.255391,47.484285]],[[117.709007,49.027637],[117.746391,49.070908],[117.769646,49.091514],[117.787896,49.092102],[117.826163,49.061783],[117.834111,49.059134],[117.840587,49.060605],[117.844708,49.060017],[117.84618,49.051186],[117.842942,49.045593],[117.836172,49.041766],[117.829696,49.04],[117.826163,49.041177],[117.836761,49.024987],[117.856483,49.024104],[117.904464,49.033818],[117.983354,49.023516],[118.010435,49.027637],[118.026037,49.035879],[118.041638,49.050303],[118.053413,49.067964],[118.058417,49.085332],[118.056062,49.112708],[118.048114,49.126543],[118.033396,49.130958],[118.010435,49.130075],[117.879149,49.10005],[117.831756,49.102699],[117.79084,49.11418],[117.784069,49.119478],[117.786424,49.130664],[117.796138,49.14862],[117.798493,49.154213],[117.787896,49.172464],[117.764347,49.183355],[117.739032,49.183944],[117.725491,49.16746],[117.726668,49.165693],[117.729612,49.157157],[117.71666,49.170403],[117.710184,49.188654],[117.70047,49.205433],[117.678098,49.212497],[117.666912,49.221917],[117.667796,49.243406],[117.674566,49.266366],[117.681631,49.280201],[117.692522,49.295508],[117.706652,49.310815],[117.722547,49.314936],[117.722547,49.322295],[117.702531,49.331126],[117.699587,49.34084],[117.70518,49.35232],[117.709007,49.36645],[117.701059,49.377636],[117.683102,49.368805],[117.653666,49.342901],[117.644835,49.337013],[117.63571,49.332598],[117.624818,49.329949],[117.583313,49.328477],[117.570361,49.325533],[117.565062,49.318468],[117.557409,49.303161],[117.339285,49.096223],[117.33222,49.078562],[117.325744,49.054129],[117.308966,49.038234],[117.286888,49.027637],[117.263928,49.020572],[117.146771,48.959344],[117.126166,48.951691],[117.118512,48.946686],[117.11233,48.937561],[117.118512,48.934323],[117.121161,48.931085],[117.122928,48.927847],[117.126166,48.923726],[117.107032,48.920194],[117.057873,48.896645],[117.038445,48.896939],[117.019017,48.899294],[117.005182,48.895467],[117.002533,48.876628],[116.993996,48.874862],[116.984576,48.867208],[116.977512,48.855728],[116.97604,48.841893],[116.993113,48.822465],[116.995174,48.812162],[116.97604,48.807747],[116.97604,48.800976],[116.99223,48.796855],[117.018428,48.793323],[117.030497,48.788024],[117.035207,48.782431],[117.032852,48.772717],[117.036679,48.767419],[117.04551,48.763003],[117.061994,48.76212],[117.071414,48.76006],[117.08466,48.753289],[117.098495,48.743575],[117.109092,48.731801],[117.11233,48.718849],[117.106738,48.70884],[117.084955,48.690884],[117.078479,48.677932],[117.089664,48.678521],[117.099378,48.675871],[117.11233,48.670573],[117.133525,48.657621],[117.138823,48.657327],[117.147949,48.662919],[117.153247,48.664391],[117.170615,48.657032],[117.169731,48.641431],[117.153541,48.629068],[117.126166,48.629656],[117.133525,48.615821],[117.12175,48.613172],[117.114391,48.607285],[117.113214,48.599042],[117.119984,48.58874],[117.107621,48.574905],[117.091136,48.569017],[117.051103,48.568134],[117.069353,48.543702],[117.102028,48.550178],[117.136763,48.566368],[117.160901,48.571667],[117.189159,48.566074],[117.215947,48.572844],[117.241851,48.583147],[117.266872,48.58874],[117.291893,48.597865],[117.312498,48.619942],[117.328394,48.647024],[117.338991,48.670573],[117.348116,48.698243],[117.346939,48.715611],[117.333398,48.722381],[117.304256,48.718849],[117.304256,48.725913],[117.457914,48.788319],[117.509428,48.819816],[117.599503,48.893995],[117.61952,48.917544],[117.640125,48.947275],[117.653077,48.962288],[117.667207,48.972296],[117.68428,48.975534],[117.743741,48.972296],[117.735205,49.013507],[117.727551,49.026754],[117.709007,49.027637]],[[116.150348,49.395297],[116.118852,49.401185],[116.087649,49.398535],[116.077935,49.383817],[116.095302,49.36851],[116.123561,49.367922],[116.151232,49.376458],[116.160357,49.383817],[116.150348,49.395297]],[[115.80241,49.502152],[115.817128,49.495676],[115.835084,49.49597],[115.85098,49.502446],[115.840972,49.515692],[115.822427,49.524229],[115.804765,49.525701],[115.796523,49.517164],[115.80241,49.502152]],[[115.622554,49.571916],[115.597238,49.580158],[115.56427,49.570444],[115.532184,49.552193],[115.509223,49.534532],[115.529535,49.536003],[115.536305,49.53306],[115.537188,49.499208],[115.536011,49.493026],[115.537777,49.487728],[115.547196,49.476248],[115.565447,49.467417],[115.590174,49.469477],[115.615194,49.478014],[115.633739,49.488316],[115.640804,49.505095],[115.640804,49.528056],[115.634328,49.552193],[115.622554,49.571916]],[[116.317842,50.478852],[116.317253,50.47944],[116.317253,50.473553],[116.317842,50.478852]],[[116.326378,50.467372],[116.346984,50.464428],[116.370238,50.469138],[116.386134,50.47944],[116.367295,50.489449],[116.340213,50.494159],[116.318725,50.489743],[116.317842,50.478852],[116.326378,50.467372]],[[125.029548,40.551716],[125.021306,40.557014],[125.01689,40.544062],[125.010414,40.535232],[125.002172,40.526989],[124.993341,40.515215],[124.988926,40.529933],[124.981567,40.535232],[124.973619,40.537881],[124.965965,40.543179],[124.955957,40.564374],[124.949775,40.57291],[124.938295,40.578209],[124.934468,40.566434],[124.925049,40.559075],[124.915335,40.554365],[124.911508,40.550833],[124.957429,40.524046],[124.976268,40.499025],[124.9798,40.492254],[124.985982,40.486367],[125.01689,40.474593],[125.027487,40.468117],[124.987748,40.469588],[124.970381,40.465762],[124.959195,40.453987],[125.033669,40.446628],[125.064577,40.451632],[125.061634,40.474298],[125.071348,40.480774],[125.07017,40.485778],[125.055452,40.496081],[125.050448,40.504029],[125.047504,40.511682],[125.041323,40.516098],[125.027487,40.515215],[125.027487,40.522868],[125.098724,40.541708],[125.109909,40.547006],[125.119035,40.55466],[125.164367,40.574088],[125.19086,40.580858],[125.214114,40.594104],[125.2253,40.59852],[125.2671,40.60529],[125.268866,40.607056],[125.296536,40.618831],[125.301246,40.619125],[125.305662,40.625896],[125.305662,40.631783],[125.300069,40.636198],[125.287705,40.639436],[125.298597,40.645324],[125.306545,40.642086],[125.314492,40.635904],[125.325384,40.632666],[125.331566,40.636493],[125.342163,40.654155],[125.349522,40.660631],[125.353937,40.665046],[125.358647,40.668284],[125.363357,40.673583],[125.342457,40.6727],[125.299774,40.657098],[125.277403,40.653272],[125.262979,40.64915],[125.257091,40.639436],[125.253559,40.628251],[125.246494,40.619125],[125.236486,40.614121],[125.204989,40.612355],[125.13493,40.599403],[125.123745,40.595282],[125.115208,40.577326],[125.09578,40.567317],[125.07282,40.567023],[125.055452,40.578209],[125.050153,40.5682],[125.051037,40.564962],[125.055452,40.557014],[125.046621,40.55201],[125.038085,40.550244],[125.029548,40.551716]],[[126.796027,43.670209],[126.78543,43.678452],[126.784253,43.694347],[126.798971,43.712892],[126.842242,43.745272],[126.83871,43.742917],[126.844008,43.748216],[126.84813,43.755575],[126.851073,43.7647],[126.833706,43.761168],[126.827818,43.757636],[126.823109,43.75116],[126.80162,43.751748],[126.757171,43.717602],[126.737449,43.719957],[126.726852,43.723489],[126.682403,43.71613],[126.679165,43.71407],[126.67887,43.708477],[126.679165,43.696408],[126.677987,43.687871],[126.67887,43.685516],[126.682403,43.684045],[126.689173,43.678452],[126.69506,43.652548],[126.701536,43.645483],[126.713311,43.661084],[126.715077,43.673742],[126.708012,43.694642],[126.713311,43.703178],[126.725674,43.706711],[126.738332,43.703767],[126.748929,43.696702],[126.755405,43.689049],[126.754522,43.676097],[126.745985,43.667855],[126.742159,43.661379],[126.755405,43.654903],[126.74363,43.643422],[126.71125,43.618696],[126.707129,43.606332],[126.718021,43.600445],[126.735977,43.60957],[126.767768,43.633708],[126.770123,43.615163],[126.782781,43.610159],[126.800148,43.610159],[126.816338,43.606332],[126.821048,43.632825],[126.84077,43.641067],[126.858727,43.634003],[126.857255,43.613692],[126.883748,43.620756],[126.892579,43.617813],[126.898171,43.606332],[126.893756,43.603389],[126.877272,43.558645],[126.889046,43.562472],[126.892579,43.565122],[126.898171,43.572775],[126.899643,43.540689],[126.904942,43.510664],[126.920543,43.523911],[126.924959,43.545105],[126.920838,43.568065],[126.911418,43.58661],[126.933495,43.587493],[126.952923,43.598385],[126.987069,43.627527],[126.969408,43.626055],[126.939088,43.61693],[126.925547,43.620756],[126.94056,43.633708],[126.948802,43.639007],[126.959694,43.641067],[126.959694,43.648132],[126.943209,43.646955],[126.929668,43.65137],[126.922309,43.660495],[126.925547,43.674625],[126.909063,43.676391],[126.896405,43.673447],[126.889929,43.664617],[126.890812,43.648132],[126.883748,43.650781],[126.870207,43.658729],[126.863437,43.661084],[126.843125,43.660495],[126.807507,43.666088],[126.796027,43.670209]],[[132.022757,45.14203],[132.030704,45.134377],[132.041302,45.112888],[132.030116,45.101702],[132.012454,45.090516],[132.003329,45.069322],[132.012454,45.045479],[132.034531,45.035765],[132.061613,45.031644],[132.086045,45.024579],[132.114304,44.991316],[132.114598,44.949222],[132.1093,44.905656],[132.120191,44.867683],[132.104001,44.859735],[132.037475,44.816758],[132.039241,44.795858],[132.044245,44.775841],[132.065439,44.72992],[132.107533,44.693714],[132.232049,44.663688],[132.284446,44.634252],[132.224985,44.643672],[132.216448,44.638079],[132.218509,44.629248],[132.224102,44.625127],[132.231755,44.622183],[132.239997,44.617179],[132.247356,44.609525],[132.247356,44.606582],[132.244707,44.602755],[132.24353,44.593335],[132.24088,44.592158],[132.235287,44.590392],[132.232344,44.585093],[132.236171,44.573319],[132.242647,44.567137],[132.260014,44.560661],[132.282386,44.548298],[132.320653,44.54241],[132.353622,44.527987],[132.370695,44.532108],[132.385413,44.54241],[132.394244,44.552419],[132.401603,44.566254],[132.410434,44.591569],[132.418382,44.603933],[132.429862,44.610703],[132.475783,44.620417],[132.491384,44.626304],[132.60442,44.683411],[132.631207,44.710492],[132.640921,44.751703],[132.638566,44.7623],[132.629147,44.785261],[132.627086,44.795564],[132.629441,44.806455],[132.638566,44.827061],[132.640921,44.836775],[132.648575,44.854731],[132.667414,44.869743],[132.709214,44.895059],[132.742477,44.924495],[132.819012,45.024579],[132.838145,45.066967],[132.836085,45.10759],[132.820483,45.148212],[132.7987,45.189717],[132.781039,45.207968],[132.754251,45.232106],[132.722166,45.250356],[132.57204,45.307757],[132.50934,45.315116],[132.420148,45.337194],[132.195843,45.333956],[132.151099,45.32483],[132.109005,45.308935],[132.030704,45.26478],[132.013926,45.251828],[131.992731,45.230928],[131.983017,45.2115],[132.000091,45.202964],[132.001562,45.171761],[132.003329,45.161753],[132.008921,45.152627],[132.015397,45.147034],[132.022757,45.14203]],[[124.241535,45.209145],[124.238297,45.205613],[124.232116,45.202964],[124.251249,45.187068],[124.283629,45.178826],[124.345446,45.175588],[124.369584,45.177943],[124.39431,45.185007],[124.414327,45.197665],[124.424924,45.216504],[124.433461,45.232106],[124.420214,45.240642],[124.376354,45.244469],[124.363402,45.249767],[124.351039,45.257421],[124.340147,45.266546],[124.321897,45.285091],[124.311005,45.290095],[124.299525,45.293628],[124.241535,45.323947],[124.188844,45.339843],[124.134387,45.34102],[124.081401,45.32012],[124.102007,45.308935],[124.174715,45.313644],[124.190905,45.295983],[124.194437,45.26949],[124.205034,45.247707],[124.222402,45.230339],[124.246834,45.216504],[124.243596,45.212972],[124.241535,45.209145]],[[124.252721,45.344553],[124.261846,45.3525],[124.272443,45.357799],[124.294521,45.354267],[124.289222,45.359271],[124.286867,45.367219],[124.270089,45.386058],[124.250366,45.374283],[124.236237,45.3525],[124.235942,45.340432],[124.252721,45.344553]],[[124.041368,45.709859],[124.005161,45.733113],[123.942167,45.744593],[123.882411,45.740767],[123.855624,45.717218],[123.8412,45.723694],[123.831192,45.721044],[123.814707,45.703677],[123.850325,45.688076],[123.869165,45.682777],[123.88977,45.683071],[123.906549,45.689547],[123.930687,45.70927],[123.945111,45.717218],[123.953058,45.710742],[123.95924,45.703088],[123.963067,45.694257],[123.965422,45.683071],[123.990443,45.699556],[123.999568,45.703677],[124.010459,45.705443],[124.030771,45.705737],[124.041368,45.709859]],[[124.33426,46.165829],[124.334849,46.156115],[124.339264,46.14905],[124.346329,46.145812],[124.354571,46.146106],[124.362813,46.149344],[124.385479,46.134037],[124.410795,46.13757],[124.427279,46.15376],[124.424924,46.17672],[124.382536,46.151405],[124.376354,46.152877],[124.382536,46.167006],[124.393427,46.181135],[124.395193,46.192321],[124.383419,46.197031],[124.368995,46.202918],[124.360458,46.196442],[124.349273,46.16995],[124.344857,46.167595],[124.338675,46.167889],[124.33426,46.165829]],[[117.685163,47.954679],[117.533566,47.812207],[117.512371,47.785714],[117.50354,47.759516],[117.507956,47.755395],[117.530328,47.718305],[117.54063,47.709768],[117.55476,47.702115],[117.572422,47.697405],[117.592438,47.697405],[117.580664,47.677683],[117.571833,47.656489],[117.604802,47.654722],[117.640125,47.66267],[117.673388,47.677094],[117.698704,47.694167],[117.729612,47.71389],[117.802614,47.747447],[117.868846,47.809558],[117.882093,47.83399],[117.881504,47.869314],[117.872967,47.889036],[117.861487,47.897278],[117.847358,47.901694],[117.831756,47.91023],[117.820865,47.923477],[117.798788,47.970869],[117.773472,47.980289],[117.739326,47.977345],[117.706357,47.967043],[117.685163,47.954679]]],[[[124.35889795476034,39.96213759484385],[124.36063483898333,39.95048544067606],[124.36084972696604,39.949041834228154],[124.352875,39.944199999999995],[124.34490133852148,39.93936081234408],[124.34609954438136,39.941878341712915],[124.35174,39.95372],[124.35889795476034,39.96213759484385]]],[[[130.26157,42.16185],[130.26266594801262,42.16478984158835],[130.263682,42.167507],[130.27232382029828,42.175941545733],[130.2738555434489,42.17743565289267],[130.27929355312745,42.17396233089778],[130.285,42.17031],[130.28777,42.15693],[130.2777972938164,42.14927200002387],[130.27393943856612,42.14631063950649],[130.271495,42.149095],[130.269054,42.151882],[130.2671,42.156602],[130.26699754237268,42.15718479661126],[130.26645,42.16031],[130.26490400000125,42.160586379888045],[130.264659,42.160631],[130.26228931146895,42.16156600000255],[130.26157,42.16185]]],[[[130.91456,42.45588],[130.91375,42.45645],[130.91114333333334,42.456203333333335],[130.909841,42.456081],[130.9072159470474,42.459018632400124],[130.90642328246946,42.45990632401811],[130.90919,42.46308],[130.910004,42.471788],[130.918061,42.473497],[130.9242864005962,42.47454090208441],[130.93116,42.47569],[130.93488581567553,42.470458611749706],[130.935069,42.470201],[130.93311924518875,42.467519463173026],[130.93020419836628,42.46544626176912],[130.923839,42.460924],[130.9178906958591,42.45768891240624],[130.91456,42.45588]]],[[[131.4265907001872,42.643492625228596],[131.43588,42.64366],[131.4459726638415,42.64785257977382],[131.455089,42.651638],[131.45508938325108,42.65163974379716],[131.45509,42.65164],[131.45916,42.67015],[131.46396,42.67263],[131.47201544642544,42.67076105647449],[131.46522980644616,42.659195451603594],[131.46306,42.6555],[131.46379496864114,42.64905677491268],[131.463959,42.64761],[131.462738,42.642401],[131.46214867796567,42.639256338980736],[131.46176055182067,42.637192933658824],[131.460867,42.637152],[131.439138,42.639635],[131.42641908330134,42.64216741689468],[131.4203490984226,42.64337818515507],[131.4265907001872,42.643492625228596]]],[[[132.315603,42.749701],[132.311371,42.759548],[132.32781,42.772935],[132.3364209918501,42.776084463316046],[132.34205,42.77814],[132.35564,42.7722],[132.36215,42.75841],[132.36227563094687,42.750228912740695],[132.362397,42.742133],[132.36552896465122,42.73365502355162],[132.3661396956405,42.732000824374786],[132.36549915428571,42.73163121142857],[132.36402,42.73078],[132.35976988914976,42.7300223325594],[132.345063,42.727403],[132.34086892054702,42.740706104711364],[132.33774,42.75064],[132.33090100000834,42.74835800000278],[132.327973,42.747382],[132.315603,42.749701]]],[[[132.413259,42.864447],[132.41330133321102,42.86457233361113],[132.41847,42.87987],[132.42539540564115,42.8921639371459],[132.42750036823213,42.89589987872218],[132.42996233756216,42.89508902534215],[132.43922,42.892035],[132.447276,42.876776],[132.4515067300918,42.86619984123704],[132.45362,42.86091],[132.45157609727298,42.85406314658827],[132.448985,42.845404],[132.44987049236101,42.82829470458238],[132.44988,42.82811],[132.45877320345323,42.819424203453245],[132.467459,42.81094],[132.47087666666667,42.808593333333334],[132.47771,42.8039],[132.47661244033972,42.80199617613433],[132.47559759402517,42.80023902852021],[132.46713087089867,42.796820351649764],[132.4662510000025,42.796965674182225],[132.45826,42.79829],[132.45450189453496,42.80035387759147],[132.45338,42.800971],[132.45252795423693,42.8018569656714],[132.44728,42.80732],[132.4433699999919,42.812425000010606],[132.439464,42.817532],[132.429861,42.826483],[132.417491,42.830024],[132.406423,42.828762],[132.4033487963718,42.830786490918605],[132.4015406085628,42.83197959844832],[132.4013515786928,42.83323442130538],[132.40008,42.8417],[132.39967002199654,42.852119440965716],[132.404633,42.859117],[132.413259,42.864447]]],[[[131.64389,42.86827],[131.64763,42.87075],[131.6500821798932,42.872423493241875],[131.651215,42.873196],[131.65121564134589,42.87319702543103],[131.65122,42.8732],[131.65902896905456,42.8856883512793],[131.67530059070234,42.89158676414006],[131.67714353817763,42.88149112105212],[131.678477,42.874172],[131.67295076864653,42.874613231348405],[131.66114,42.87556],[131.65699,42.87275],[131.65927,42.86465],[131.65907414704773,42.864539711784296],[131.650157,42.859524],[131.63950148535812,42.865420964298565],[131.64389,42.86827]]],[[[131.74488,42.91983],[131.74228,42.91682],[131.74228083921523,42.916817126570535],[131.742279,42.916815],[131.7445905357475,42.90890884523998],[131.74537,42.90624],[131.73325,42.90282],[131.73324633050666,42.90281809316112],[131.733246,42.902818],[131.73305371266574,42.90271800000018],[131.72307098480326,42.89753051174943],[131.72255495421962,42.8979603807206],[131.72088,42.89936],[131.7147723055941,42.90159915474128],[131.71366238343873,42.905043242788224],[131.71201,42.91018],[131.71209,42.91885],[131.71844,42.92434],[131.72983,42.92369],[131.73296816635707,42.923031750471445],[131.740082,42.921536],[131.74431133942963,42.92210464228154],[131.74488,42.91983]]],[[[131.72988291958129,42.93806445982352],[131.72673864527164,42.932200932973316],[131.7249688273688,42.93341976983092],[131.723562,42.934394],[131.72273431638845,42.93839399997932],[131.7221,42.94147],[131.72160011788722,42.94235629405274],[131.72047,42.944363],[131.71792919696367,42.946740500005646],[131.7173,42.94733],[131.71729867509484,42.94733049683944],[131.717296,42.947333],[131.71273884776983,42.949041682132815],[131.71087,42.95177],[131.71166360064382,42.95266132012608],[131.713552,42.954779],[131.71506269760218,42.957444969060894],[131.71632,42.95966],[131.71617016271313,42.9600769999965],[131.714203,42.965562],[131.710541,42.969509],[131.71035745581244,42.971371499986766],[131.70973,42.97777],[131.71550634142704,42.98403603127121],[131.724213,42.984239],[131.727224,42.995347],[131.730398,42.993516],[131.734386,42.987087],[131.739268,42.981879],[131.745779,42.97134],[131.7525855625548,42.965331249951625],[131.75619604340724,42.96214349334486],[131.75643968069235,42.959299727000776],[131.75261021580837,42.9560256403113],[131.749197,42.953111],[131.7407647770961,42.95149560327199],[131.73666,42.95071],[131.72988291958129,42.93806445982352]]],[[[131.84949117495964,43.03953329159818],[131.859386,43.037258],[131.859386,43.03726091861068],[131.85939,43.03726],[131.85939,43.04462],[131.859386,43.044622499999996],[131.859386,43.044623],[131.8265115278423,43.06516979507172],[131.83723643712437,43.063731271425034],[131.854991,43.061347],[131.86538101077306,43.05617202161959],[131.87574,43.05101],[131.89226,43.03583],[131.90779775447066,43.02950100891195],[131.920909,43.024156],[131.920095,43.019517],[131.922537,43.008938],[131.9239994457946,43.005848283577414],[131.92223716415825,43.00039034336387],[131.920909,42.996283],[131.91505,42.98428],[131.883311,42.960761],[131.87172651256049,42.96085305015963],[131.83725,42.96113],[131.81837745774214,42.96655216906659],[131.790538,42.974555],[131.76963897047884,42.98421820661716],[131.75701281974622,42.99005869566764],[131.76943700001326,42.99232143768527],[131.79119,42.99628],[131.7911856211453,42.9962823846293],[131.791189,42.996283],[131.78614954869846,42.99902492046782],[131.77459,43.00532],[131.769380467368,43.015369098455245],[131.773448,43.021186],[131.78104660993108,43.01854860994139],[131.78435,43.0174],[131.79119,43.0174],[131.79053787291076,43.02028945083662],[131.787364,43.034369],[131.783865,43.040107],[131.77752079606674,43.0446202994585],[131.79604011927836,43.05158676156718],[131.798839,43.052639],[131.80578333333753,43.05151333333265],[131.81967,43.04926],[131.8401,43.04169],[131.84949117495964,43.03953329159818]]]]},"properties":{"id":"liao-943","dynastyId":"liao","name":"辽（契丹）","validFromYear":943,"validToYearExclusive":944,"boundaryKind":"controlled","accuracyLevel":"reconstructed","verificationStatus":"reviewed","sourceRefs":["atlas-1935-936-946","user-943-crosscheck","natural-earth-land-10m"],"disputedNote":null,"labelLongitude":116.0,"labelLatitude":44.7,"snapshotId":"snapshot-943"}},{"type":"Feature","geometry":{"type":"MultiPolygon","coordinates":[[[[118.585917,33.403377],[118.595337,33.393369],[118.603873,33.380417],[118.615354,33.370409],[118.633899,33.368937],[118.618886,33.353924],[118.595926,33.350981],[118.575026,33.357751],[118.556775,33.387776],[118.537347,33.391603],[118.518214,33.385127],[118.510266,33.368937],[118.489955,33.373058],[118.487305,33.380123],[118.492604,33.390425],[118.496725,33.403377],[118.494664,33.433991],[118.488777,33.445766],[118.476708,33.444588],[118.472293,33.435758],[118.470527,33.422217],[118.4667,33.407793],[118.456397,33.396607],[118.445506,33.394252],[118.436086,33.396901],[118.426078,33.401317],[118.411654,33.403377],[118.396641,33.389542],[118.409004,33.327432],[118.397819,33.313596],[118.380451,33.308298],[118.36014,33.285337],[118.330704,33.275918],[118.320401,33.265615],[118.3048,33.238534],[118.276541,33.253252],[118.255052,33.269147],[118.241511,33.291225],[118.231208,33.348331],[118.210014,33.394547],[118.209131,33.423394],[118.197945,33.405144],[118.199123,33.389248],[118.205599,33.372469],[118.209131,33.352158],[118.207954,33.322722],[118.209131,33.313596],[118.213252,33.304765],[118.225321,33.288281],[118.229148,33.280039],[118.228265,33.2612],[118.223555,33.242655],[118.222378,33.224404],[118.23268,33.20792],[118.248576,33.201149],[118.287138,33.195262],[118.313925,33.178778],[118.393697,33.1567],[118.404883,33.155817],[118.413714,33.158172],[118.421073,33.162882],[118.427255,33.167886],[118.43167,33.170241],[118.467583,33.171713],[118.48289,33.16612],[118.490543,33.149636],[118.485245,33.137567],[118.442562,33.10136],[118.469643,33.10607],[118.472293,33.095767],[118.456986,33.081343],[118.410182,33.069569],[118.382806,33.058971],[118.356902,33.045431],[118.338946,33.032479],[118.368971,33.025708],[118.403117,33.031301],[118.43432,33.044548],[118.456397,33.060149],[118.43903,33.039838],[118.415186,33.000099],[118.394286,32.985086],[118.369854,32.979199],[118.343067,32.979493],[118.315691,32.983909],[118.291259,32.991268],[118.260056,33.018349],[118.237685,33.064859],[118.228559,33.11755],[118.236507,33.163176],[118.21914,33.194379],[118.210603,33.206154],[118.195002,33.217928],[118.173219,33.226759],[118.154379,33.227936],[118.116406,33.22411],[118.100216,33.218222],[118.071369,33.190847],[118.051058,33.183782],[118.031041,33.185254],[117.988358,33.195262],[117.965692,33.197323],[117.940671,33.196734],[117.92036,33.193201],[117.902109,33.184076],[117.884153,33.166709],[117.877972,33.147575],[117.882093,33.125792],[117.89004,33.104598],[117.893867,33.087525],[117.877088,33.050435],[117.837644,33.045431],[117.757282,33.060149],[117.767585,33.046608],[117.78613,33.033656],[117.807324,33.023648],[117.826163,33.019232],[117.84412,33.021293],[117.871496,33.028063],[117.896811,33.038072],[117.907408,33.050435],[117.902992,33.121082],[117.907408,33.136095],[117.923598,33.140805],[118.042521,33.134329],[118.062243,33.1358],[118.085204,33.142276],[118.11729,33.156112],[118.135246,33.16141],[118.157617,33.163176],[118.18411,33.16141],[118.198534,33.15464],[118.205304,33.139922],[118.21649,33.073984],[118.230914,33.026297],[118.255052,32.988618],[118.291259,32.977727],[118.291259,32.970957],[118.242689,32.972428],[118.17263,33.034245],[118.126709,33.046608],[118.100216,33.0366],[118.083732,33.017172],[118.069603,32.993623],[118.051058,32.970957],[117.990419,32.91856],[117.975406,32.895894],[117.982765,32.903253],[117.9757,32.895305],[117.976584,32.886768],[117.98041,32.877054],[117.982765,32.864985],[117.985709,32.860276],[117.992774,32.871756],[118.003076,32.895894],[118.014851,32.904725],[118.041638,32.917382],[118.05459,32.926508],[118.081966,32.960948],[118.093446,32.967424],[118.104926,32.968602],[118.116112,32.97184],[118.126709,32.985086],[118.129064,33.017172],[118.134951,33.029535],[118.150847,33.022765],[118.204716,32.971545],[118.229148,32.95771],[118.220611,32.952706],[118.210603,32.950057],[118.200006,32.949468],[118.18882,32.950351],[118.191175,32.934161],[118.180872,32.92533],[118.167626,32.917971],[118.160855,32.906196],[118.16321,32.895894],[118.168803,32.887652],[118.173513,32.877643],[118.174691,32.861747],[118.190881,32.871167],[118.206188,32.900898],[118.222966,32.909434],[118.224732,32.899132],[118.229442,32.887063],[118.237979,32.879409],[118.250048,32.882059],[118.253286,32.89089],[118.255935,32.922386],[118.260645,32.933278],[118.266238,32.936516],[118.270065,32.93475],[118.27448,32.931806],[118.280956,32.93004],[118.288315,32.932984],[118.290376,32.940048],[118.291259,32.947113],[118.294791,32.950351],[118.315397,32.955944],[118.323344,32.953],[118.319223,32.93681],[118.333647,32.937988],[118.409593,32.970957],[118.426078,32.975666],[118.469643,32.979493],[118.481124,32.98538],[118.499963,33.009224],[118.513798,33.044842],[118.52469,33.056617],[118.544412,33.046608],[118.550299,33.058971],[118.548827,33.069274],[118.545001,33.078399],[118.544412,33.087525],[118.549416,33.09665],[118.556775,33.101949],[118.562662,33.10813],[118.565312,33.118727],[118.564429,33.127558],[118.55913,33.142571],[118.558247,33.152874],[118.573848,33.1776],[118.578558,33.183782],[118.593276,33.185548],[118.603579,33.177895],[118.614176,33.172596],[118.652149,33.190552],[118.668634,33.180838],[118.695715,33.149636],[118.695715,33.142276],[118.669222,33.132562],[118.660686,33.105775],[118.668045,33.076633],[118.688356,33.060149],[118.685707,33.079871],[118.701014,33.084581],[118.72368,33.083992],[118.743696,33.087525],[118.738104,33.109602],[118.744285,33.129619],[118.75812,33.148458],[118.774605,33.166709],[118.778137,33.174362],[118.78373,33.199383],[118.784613,33.20792],[118.78844,33.214984],[118.815816,33.235001],[118.821114,33.249131],[118.830828,33.296523],[118.836127,33.306826],[118.846135,33.313302],[118.861442,33.328609],[118.874983,33.345976],[118.88087,33.358928],[118.876749,33.367465],[118.867035,33.373352],[118.845841,33.382478],[118.82759,33.393369],[118.819937,33.399551],[118.811989,33.409853],[118.793738,33.43929],[118.781669,33.44606],[118.668045,33.4649],[118.633016,33.477557],[118.618003,33.474025],[118.613293,33.451359],[118.606523,33.451359],[118.610055,33.474908],[118.619475,33.49463],[118.622124,33.507877],[118.606523,33.512881],[118.612999,33.537019],[118.615648,33.563217],[118.606817,33.577935],[118.578558,33.567338],[118.582385,33.583234],[118.583268,33.596186],[118.58075960321231,33.59903641568262],[119.15,33.72],[120.63879,33.45727],[120.644751370572,33.44422838299789],[120.65211,33.428127],[120.65288443682694,33.42496031047333],[120.65577,33.41315],[120.65837989425734,33.38148131540079],[120.661957,33.338039],[120.667247,33.3251],[120.67272285713175,33.31777571430059],[120.68002,33.30801],[120.68859223800376,33.2995572951955],[120.695079,33.293158],[120.707286,33.286811],[120.70728883395705,33.28681060641874],[120.70729,33.28681],[120.72047,33.28498],[120.73788,33.27928],[120.75025,33.2696],[120.7483078673132,33.25959946601574],[120.747569,33.255805],[120.742686,33.252672],[120.737071,33.250922],[120.73544333333041,33.250026666665065],[120.73219,33.24824],[120.7321888774437,33.248236482656935],[120.732188,33.248236],[120.730235,33.242133],[120.73146694680764,33.23942747399198],[120.73251,33.23713],[120.74252,33.22777],[120.7431745166216,33.22649578147074],[120.744395,33.224107],[120.7435,33.208645],[120.740082,33.205512],[120.730235,33.204901],[120.785248,33.165025],[120.806977,33.137763],[120.792247,33.10871],[120.807445,33.1065125],[120.81251,33.10578],[120.81894,33.09219],[120.81959,33.0541],[120.82244039048989,33.04336278102081],[120.825938,33.030178],[120.83114666666602,33.02714000000038],[120.83375,33.02562],[120.84645,33.02985],[120.85482719956218,33.03085973391579],[120.867442,33.032375],[120.890147,33.026109],[120.89394017072972,33.01764460976053],[120.89576,33.01358],[120.88852,32.97773],[120.88852001011897,32.977729050082104],[120.88852,32.977729],[120.88852084046692,32.977651101167304],[120.88868,32.96271],[120.89739292869218,32.9085969284935],[120.907807,32.843899],[120.904796,32.812649],[120.880308,32.772032],[120.85465780680325,32.75731122725602],[120.85239,32.75601],[120.85239006051955,32.75600975644732],[120.852387,32.756008],[120.86029600950906,32.72419334600673],[120.86141994230788,32.71967023217404],[120.86140360788346,32.71916970591261],[120.86044024582833,32.689767502781116],[120.85019,32.696601],[120.84311,32.703925],[120.841401,32.711086],[120.846934,32.717678],[120.840099,32.724514],[120.83281081879953,32.71343308717876],[120.83017,32.70942],[120.83017002665942,32.70941804053284],[120.83017,32.709418],[120.8301714717833,32.709311823927386],[120.83033,32.69766],[120.83964805401992,32.69027001082499],[120.863868,32.671058],[120.89397779474659,32.66306459825985],[120.90661,32.65971],[120.91039943945633,32.63528091208868],[120.911199,32.630121],[120.91119995807462,32.63012027027705],[120.9112,32.63012],[120.94389,32.60522],[120.95612141414175,32.601251568171165],[120.975021,32.595115],[121.020706,32.568522],[121.02070987608816,32.56852007213952],[121.02071,32.56852],[121.04278,32.55754],[121.06625,32.54401],[121.08206439950547,32.537688998793456],[121.08619152063717,32.53603819174032],[121.09872,32.52114],[121.10084,32.49795],[121.10768,32.49795],[121.12021,32.50739],[121.12916774014312,32.504539480262146],[121.157256,32.495596],[121.1738,32.487625],[121.18746528542181,32.480700905528636],[121.19151,32.47865],[121.2151,32.47266],[121.27171,32.44773],[121.35414,32.41482],[121.37223627043822,32.399494352197635],[121.389409,32.384948],[121.401117,32.352132],[121.416026,32.268948],[121.417735,32.255276],[121.41896237992863,32.25133504659395],[121.41927959319226,32.25031131287955],[121.415782,32.248603],[121.41104960921346,32.24728973550657],[121.4017,32.2447],[121.39056900356246,32.24330919358518],[121.377208,32.241645],[121.36832247805292,32.23937156582684],[121.36671,32.23896],[121.36573333333449,32.23773833333478],[121.36085,32.231635],[121.3608527063976,32.23163338530621],[121.36085,32.23163],[121.36801,32.22736],[121.39869,32.16893],[121.415267255917,32.1658715119518],[121.4251404235823,32.16404910639613],[121.43116,32.15135],[121.43209077326468,32.13473854653144],[121.43214,32.133857],[121.44337,32.114325],[121.449474,32.112738],[121.456147,32.115546],[121.462413,32.119696],[121.46528397672918,32.12091659137616],[121.4673,32.12177],[121.47299,32.11961],[121.48194,32.11026],[121.48194026035898,32.11025990966267],[121.481944,32.110256],[121.488048,32.10814],[121.48804916707297,32.108140289002506],[121.48805,32.10814],[121.48885744593224,32.108340443252494],[121.496593,32.110256],[121.530812,32.108519],[121.554238,32.102498],[121.57482930307516,32.09455451538414],[121.59425,32.08706],[121.6056620699514,32.082557044687846],[121.614169623691,32.07919820634466],[121.55016,31.7741],[121.54362729774701,31.775678994383426],[121.529063,31.779202],[121.51742753471093,31.78343244200722],[121.51626979316104,31.784579250006267],[121.507904,31.792873],[121.500730557,31.80189962280542],[121.5005,31.80219],[121.50049948182195,31.802190393704677],[121.500499,31.802191],[121.494884,31.806464],[121.48161332198498,31.81055599621775],[121.48024,31.81098],[121.45594540167647,31.82220220505024],[121.416026,31.840644],[121.37578202036993,31.858027878049658],[121.3174,31.88325],[121.28642,31.89059],[121.28270221325971,31.889022511020872],[121.227864,31.865904],[121.21691764505837,31.858429171854418],[121.18515,31.83674],[121.15822504566123,31.82120991999958],[121.115087,31.796334],[121.10044101949164,31.799165120569057],[121.08662,31.80184],[121.07551336650296,31.807189167557844],[121.062413,31.813501],[121.039935,31.819332],[121.01759525637762,31.820267076917027],[121.00537,31.82078],[121.00536559498916,31.82077897509548],[121.005365,31.820779],[121.00435731017701,31.820544379609245],[120.97782,31.81437],[120.95063,31.82524],[120.9443365086373,31.837370751474673],[120.940564,31.844647],[120.9419705800232,31.857416572505695],[120.94313,31.86791],[120.94313,31.87531],[120.94390741141845,31.879553751743124],[120.944835,31.884589],[120.94216484867057,31.890787844587194],[120.94142,31.89252],[120.94141859182817,31.892520304518285],[120.941417,31.892524],[120.925792,31.895901],[120.92048600910938,31.898719018199927],[120.91928071658225,31.89935961914369],[120.91633364660629,31.9057976766872],[120.9109,31.91767],[120.90553,31.92597],[120.89473758724095,31.938027666609802],[120.846934,31.991441],[120.810802,32.02261],[120.743644,32.036045],[120.65486296862488,32.06932935544059],[120.63438,32.07701],[120.63437604592927,32.077009982780936],[120.634376,32.07701],[120.565488,32.076713],[120.522361,32.082601],[120.490758,32.082453],[120.43451903243566,32.056071967548476],[120.42782,32.05293],[120.36158,32.02558],[120.3003,31.97167],[120.2671,31.94868],[120.22372,31.93684],[120.18945834964472,31.93671827626833],[120.175873,31.936672],[120.131358,31.943183],[120.090099,31.955024],[120.052338,31.970933],[120.02003,31.99079],[119.99204,32.01586],[119.9214,32.10855],[119.91639015191747,32.116810803849134],[119.912201,32.123725],[119.9101032338583,32.132207978445315],[119.90846,32.13886],[119.91010631187073,32.1514621253915],[119.910981,32.158149],[119.921153,32.196479],[119.92207347099647,32.21622154834291],[119.92213,32.21743],[119.92212980544394,32.21742982710123],[119.92213,32.217434],[119.91213836690228,32.20855059950115],[119.90048077729938,32.1981906907732],[119.887543,32.213853],[119.87752555763117,32.25257100001885],[119.87428,32.26512],[119.8742781403422,32.26512245756921],[119.874278,32.265123],[119.862153,32.281155],[119.842133,32.299058],[119.84213054149261,32.29905951557778],[119.84213,32.29906],[119.81837,32.31371],[119.79518,32.31977],[119.79423834720177,32.319874231469704],[119.781993,32.321234],[119.758067,32.326972],[119.75347200000603,32.32705117937842],[119.74391,32.32722],[119.69239238222622,32.31977034447953],[119.68682679554749,32.32287379553431],[119.67685,32.32844],[119.6609,32.34577],[119.66089980038689,32.34577013021715],[119.660899,32.345771],[119.64088,32.358832],[119.62061212669286,32.35573914932066],[119.61288,32.35456],[119.6250700741397,32.34833004235306],[119.649018,32.336086],[119.660737,32.327216],[119.678559,32.30622],[119.68025998231383,32.30278767846156],[119.68539,32.29243],[119.68093942951425,32.28846892786001],[119.678477,32.286282],[119.676036,32.278062],[119.66260368364202,32.25099354420023],[119.65455,32.23477],[119.65135960355852,32.22598919822074],[119.649018,32.21955],[119.635753,32.211005],[119.62182942355228,32.20564930583925],[119.61988,32.2049],[119.60605,32.19693],[119.60605370418276,32.19692871166299],[119.606049,32.196926],[119.627696,32.189399],[119.6276995227852,32.18940016597817],[119.6277,32.1894],[119.62892452363644,32.18980561909869],[119.645274,32.195217],[119.65518696862945,32.20390504706057],[119.65976,32.20791],[119.67132304860804,32.22042690278615],[119.67164026765472,32.22077020743242],[119.67354202246584,32.222244067411026],[119.69044,32.235338],[119.701427,32.233466],[119.71084650498476,32.22393951497352],[119.71217,32.2226],[119.7157948167673,32.22019281675664],[119.730235,32.210598],[119.755138,32.205878],[119.778575,32.204657],[119.7885790319166,32.198638590389436],[119.76376,32.1625],[119.76441,32.14374],[119.77247,32.12678],[119.77247019167321,32.12677980832679],[119.772472,32.126776],[119.784923,32.114325],[119.82847544371003,32.09746644697806],[119.85556,32.08698],[119.86695,32.07709],[119.90716,32.04538],[119.9385,32.01804],[119.95607342859296,31.996831223062546],[119.961222,31.990616],[119.97868,31.968957],[119.9943465481264,31.95841390375041],[120.0064,31.9503],[120.03883,31.94306],[120.08489000012284,31.927679999958983],[120.130951,31.912299],[120.14160844288851,31.910477082191786],[120.17831,31.9042],[120.22999,31.90888],[120.34117,31.95632],[120.41822,31.96967],[120.41925445399376,31.9700763926404],[120.432221,31.975165],[120.455781,31.982519],[120.45542759355855,31.987016445151177],[120.45416,32.00319],[120.45486047914466,32.01341139167887],[120.455412,32.021428],[120.46291905187857,32.0234032593715],[120.46949,32.02513],[120.51783,32.01874],[120.60426,31.99144],[120.62029178051161,31.993246775567926],[120.670014,31.998847],[120.689952,31.998236],[120.7503514984282,31.978336824166064],[120.77343270510177,31.929417510666553],[120.779818,31.915883],[120.807447,31.87377],[120.824799,31.828702],[120.81256426687013,31.815093577704257],[120.80775111153466,31.809741236052623],[120.75147751149741,31.82469233273079],[120.73854,31.83682],[120.73213261184003,31.844942289482347],[120.727631,31.850653],[120.717133,31.86107],[120.71713342754273,31.86106659857188],[120.71713,31.86107],[120.71842487058129,31.850792185277133],[120.720795,31.831936],[120.731456,31.81387],[120.73829021019883,31.809171202912868],[120.74838,31.80223],[120.78190596768127,31.792411451514802],[120.831899,31.777766],[120.88653497918993,31.76532947921061],[120.89536,31.76332],[120.92193000006293,31.76059999999356],[120.948497,31.75788],[120.980724,31.751207],[120.99020971429518,31.748860548942663],[121.01376,31.74303],[121.04039499998758,31.733560000004413],[121.067026,31.724086],[121.144402,31.684658],[121.1539263389637,31.676584983485444],[121.21168,31.62763],[121.24181099995165,31.60280657933766],[121.24472039986254,31.60040949445949],[121.32032,31.50483],[121.34091,31.49095],[121.36085,31.47748],[121.3832236982552,31.467769917210042],[121.417735,31.452786],[121.448009,31.4265],[121.45176658822709,31.42419003922073],[121.4739,31.41058],[121.35,30.82],[121.07515,30.58594],[121.0474,30.58276],[121.03315043271517,30.5766290672963],[121.020226,30.571071],[120.998146,30.557924],[120.98097154160222,30.545619583491526],[120.97776,30.54332],[120.94889,30.50682],[120.93165,30.47305],[120.93094641212346,30.468106246774752],[120.93013850953687,30.46243873070124],[120.76065,30.3181],[120.75562557062112,30.324859592677885],[120.75398971036657,30.327061044027495],[120.75310685552817,30.330243427747266],[120.744963,30.359614],[120.73464564869285,30.36899929737826],[120.72712,30.37585],[120.69815,30.39395],[120.69814934684555,30.3939501583087],[120.698148,30.393951],[120.667002,30.4015],[120.66464536262752,30.40172654950666],[120.61919,30.4061],[120.54787304995826,30.40478619970648],[120.479145,30.403524],[120.430315,30.38984],[120.42317,30.378774999999997],[120.41602,30.36771],[120.40723,30.35424],[120.39748,30.32158],[120.3888308278262,30.290842941893324],[120.378967,30.273524],[120.37152110887946,30.270999154738682],[120.36455,30.26864],[120.34228,30.27425],[120.32356049722651,30.286238248606765],[120.316254,30.29092],[120.285167,30.298814],[120.257904,30.298082],[120.25790006378502,30.298080001707483],[120.2579,30.29808],[120.25736863303086,30.297810211031116],[120.239778,30.28888],[120.195767,30.232888],[120.19331112022141,30.2311726229977],[120.14709,30.19889],[120.17897,30.20067],[120.19654499892899,30.21504649983852],[120.199962,30.217841],[120.230243,30.236035],[120.250011,30.270087],[120.274387,30.277618],[120.295523,30.278726],[120.31244662056523,30.265206474278077],[120.31457,30.26351],[120.31522620536187,30.26295261604084],[120.331368,30.249238],[120.3405280000155,30.24513169319284],[120.35034,30.24073],[120.36812,30.24085],[120.37129849976661,30.242523499274704],[120.38472,30.249588],[120.39503,30.264716],[120.404633,30.279934],[120.40624206597798,30.282446323440226],[120.42096,30.30542],[120.43572499997377,30.337139999943656],[120.450494,30.36886],[120.45607527914787,30.370094883415202],[120.47713,30.37475],[120.52491,30.37787],[120.62161,30.37256],[120.65167,30.35927],[120.65355589133057,30.351640108666068],[120.657347,30.336294],[120.67044104333813,30.305680967533785],[120.68494,30.27178],[120.69281,30.26033],[119.8,29.5],[118.45,28.3],[116.8,27.75],[114.85,27.0],[114.28753068646539,27.0],[113.83520292992883,28.10304029355562],[113.7,28.25],[113.7,29.9],[113.46630878264438,29.93115882898075],[113.466336,29.931353],[113.453384,29.956079],[113.436311,29.949014],[113.419532,29.952252],[113.402165,29.959317],[113.381559,29.963144],[113.368019,29.957257],[113.35613581218463,29.94584855837538],[112.2,30.1],[112.1,30.8],[111.55,31.0],[111.6,31.55],[112.25,32.5],[114.26488620768555,32.957928683564894],[114.268479,32.956238],[114.27019562160055,32.95913536854558],[114.32976708742252,32.972674338050574],[114.33194408646226,32.97529062274791],[114.45,33.0],[116.0,33.38],[117.55,33.38],[118.46726217995021,33.57491821323942],[118.469938,33.553798],[118.479652,33.520829],[118.496725,33.48786],[118.518214,33.458129],[118.54088,33.433991],[118.542351,33.427515],[118.539996,33.419273],[118.542057,33.412503],[118.579736,33.406027],[118.585917,33.403377]],[[114.000313,29.997585],[113.995897,29.991697],[113.99001,29.986104],[113.985006,29.983455],[113.954981,29.987282],[113.938202,29.991697],[113.926427,29.99729],[113.929077,29.986987],[113.932904,29.976979],[113.940557,29.970503],[113.953803,29.969914],[113.949094,29.95343],[113.947033,29.94872],[113.960279,29.952841],[113.976764,29.972269],[113.992071,29.976685],[114.000019,29.969914],[114.015031,29.928998],[114.002962,29.916929],[113.988538,29.910747],[113.953803,29.901622],[113.957336,29.898089],[113.958808,29.894557],[113.959102,29.891025],[113.960574,29.887492],[113.960574,29.884843],[113.961751,29.877484],[113.964106,29.871597],[113.967933,29.866887],[113.980002,29.876306],[113.989421,29.878661],[113.998252,29.878367],[114.008261,29.879839],[114.014148,29.883077],[114.026511,29.892202],[114.032104,29.893968],[114.039758,29.89544],[114.040641,29.898678],[114.039463,29.903094],[114.042113,29.907803],[114.060658,29.921639],[114.070077,29.934296],[114.069194,29.951075],[114.056242,29.976685],[114.075081,29.969914],[114.084795,29.95549],[114.097159,29.921933],[114.105107,29.914279],[114.111583,29.911336],[114.115998,29.905743],[114.117764,29.89073],[114.115998,29.87925],[114.113054,29.869242],[114.11276,29.858939],[114.117764,29.846281],[114.125123,29.849814],[114.130716,29.855701],[114.135132,29.863354],[114.138075,29.873657],[114.160741,29.85158],[114.165746,29.861588],[114.157798,29.886904],[114.131305,29.926937],[114.128067,29.942538],[114.127773,29.958728],[114.12424,29.976685],[114.117764,29.99052],[114.099514,30.009948],[114.090388,30.024372],[114.098042,30.035852],[114.088328,30.034674],[114.06625,30.024372],[114.058597,30.019662],[114.039463,29.996701],[114.028277,29.989637],[114.024745,29.993758],[114.015325,30.001411],[114.006495,30.005827],[114.002079,30.000528],[114.000313,29.997585]],[[114.234627,30.116213],[114.249934,30.126516],[114.261708,30.140645],[114.229623,30.154481],[114.201658,30.144767],[114.177814,30.122689],[114.158681,30.099435],[114.15191,30.113858],[114.147495,30.104733],[114.145434,30.092958],[114.145729,30.066171],[114.147201,30.059401],[114.151616,30.049393],[114.15191,30.044977],[114.148672,30.039384],[114.143963,30.03438],[114.139841,30.031436],[114.138075,30.032025],[114.137192,30.008182],[114.140136,29.980511],[114.147201,29.953136],[114.158681,29.928998],[114.15191,29.935179],[114.162802,29.92105],[114.179581,29.90957],[114.199597,29.900739],[114.220792,29.893968],[114.242869,29.890436],[114.25641,29.893968],[114.265829,29.904565],[114.275838,29.921933],[114.2517,29.931353],[114.218142,29.940478],[114.201364,29.951958],[114.227562,29.969914],[114.238159,29.965499],[114.244929,29.968442],[114.246401,29.975507],[114.241691,29.983455],[114.275543,29.983749],[114.28879,29.989342],[114.296443,30.004061],[114.302036,30.004061],[114.306452,30.012303],[114.30969,30.024666],[114.309984,30.038207],[114.305274,30.036441],[114.294088,30.033791],[114.289673,30.032025],[114.294088,30.040562],[114.294971,30.045272],[114.2935,30.050276],[114.289673,30.058812],[114.28408,30.047921],[114.278193,30.038501],[114.270834,30.030553],[114.261708,30.024372],[114.25641,30.039384],[114.255527,30.044977],[114.250817,30.034674],[114.248756,30.052336],[114.243163,30.075297],[114.227562,30.079712],[114.22403,30.102673],[114.234627,30.116213]],[[114.435972,30.067054],[114.433617,30.066171],[114.435677,30.066466],[114.436855,30.067054],[114.435972,30.067054]],[[114.440093,30.067349],[114.440976,30.068526],[114.436855,30.067054],[114.440093,30.067349]],[[114.464819,30.087954],[114.476888,30.119451],[114.481598,30.185389],[114.471295,30.219535],[114.472767,30.232487],[114.491901,30.220124],[114.504559,30.213648],[114.515744,30.218652],[114.529285,30.226894],[114.550185,30.229838],[114.546358,30.219829],[114.543415,30.195692],[114.540177,30.187449],[114.531346,30.168904],[114.529874,30.16184],[114.537822,30.133875],[114.548713,30.134758],[114.577561,30.17538],[114.612885,30.113858],[114.62201,30.078829],[114.631724,30.064405],[114.643204,30.061756],[114.652624,30.079712],[114.653507,30.098551],[114.650269,30.121217],[114.643793,30.140057],[114.635256,30.148005],[114.62201,30.158013],[114.617006,30.200696],[114.597578,30.209527],[114.597578,30.216297],[114.613179,30.215414],[114.627014,30.210704],[114.652624,30.195692],[114.643793,30.221596],[114.639083,30.229838],[114.632313,30.238374],[114.614651,30.25427],[114.604642,30.268105],[114.604348,30.278408],[114.613179,30.285767],[114.631724,30.29136],[114.631724,30.298719],[114.608764,30.315203],[114.594045,30.322857],[114.543415,30.332277],[114.539294,30.339636],[114.538116,30.354648],[114.536056,30.360241],[114.529285,30.368483],[114.526636,30.372604],[114.522809,30.374371],[114.494256,30.375548],[114.485131,30.374665],[114.481598,30.371133],[114.47836,30.366717],[114.47159,30.368778],[114.464525,30.372899],[114.46011,30.374665],[114.458049,30.369955],[114.453928,30.3467],[114.448335,30.358475],[114.438327,30.366423],[114.42773,30.366128],[114.419782,30.354059],[114.421254,30.342579],[114.429496,30.334043],[114.44127,30.328155],[114.453928,30.326095],[114.487486,30.330216],[114.502498,30.329922],[114.513978,30.315792],[114.527225,30.310494],[114.542826,30.306961],[114.556367,30.305784],[114.546064,30.294304],[114.515156,30.299602],[114.501615,30.278702],[114.485719,30.282529],[114.453928,30.298719],[114.447158,30.29136],[114.433617,30.305784],[114.435972,30.29342],[114.443037,30.282823],[114.453928,30.27517],[114.467469,30.271343],[114.467469,30.264867],[114.453339,30.266339],[114.447452,30.267811],[114.440387,30.271343],[114.428613,30.264278],[114.41154,30.270166],[114.371506,30.29136],[114.382692,30.28459],[114.389462,30.274876],[114.391228,30.263395],[114.385636,30.250443],[114.39535,30.247794],[114.401531,30.242495],[114.406241,30.236314],[114.412423,30.229838],[114.412423,30.223656],[114.399471,30.229838],[114.3927,30.214825],[114.383281,30.205994],[114.373272,30.207466],[114.364736,30.223656],[114.357965,30.223656],[114.351784,30.212765],[114.342953,30.208349],[114.334711,30.202756],[114.330589,30.188921],[114.345602,30.191276],[114.366796,30.188627],[114.382692,30.182151],[114.382103,30.171848],[114.36974,30.159485],[114.362381,30.147121],[114.36032,30.134464],[114.364736,30.120629],[114.364736,30.12681],[114.365619,30.122395],[114.367091,30.118274],[114.367385,30.113564],[114.364736,30.107088],[114.371506,30.107088],[114.401531,30.165078],[114.412423,30.17538],[114.42979,30.173026],[114.439504,30.158602],[114.438915,30.140351],[114.426258,30.12681],[114.440093,30.114741],[114.422137,30.082067],[114.440387,30.072942],[114.440976,30.069409],[114.440976,30.068526],[114.464819,30.087954]],[[114.110994,30.208938],[114.110699,30.209232],[114.110699,30.204817],[114.111288,30.208349],[114.110994,30.208938]],[[114.132482,30.188921],[114.172222,30.177147],[114.214021,30.173026],[114.241691,30.17538],[114.23551,30.181562],[114.232566,30.185094],[114.229328,30.187155],[114.220792,30.188921],[114.220792,30.195692],[114.234038,30.195986],[114.244341,30.20099],[114.261708,30.216297],[114.261708,30.223656],[114.253172,30.223067],[114.235804,30.224245],[114.227562,30.223656],[114.227562,30.229838],[114.241691,30.229838],[114.23551,30.239257],[114.228151,30.243673],[114.219614,30.247205],[114.210195,30.25427],[114.206957,30.262512],[114.210783,30.271049],[114.216671,30.278702],[114.220792,30.285178],[114.225501,30.30284],[114.226679,30.317558],[114.219909,30.322857],[114.200186,30.313143],[114.19371,30.306078],[114.181641,30.286944],[114.179581,30.281352],[114.176048,30.277819],[114.160741,30.254859],[114.158681,30.250443],[114.126595,30.234842],[114.115409,30.225717],[114.111288,30.208349],[114.132482,30.188921]],[[114.646442,30.243084],[114.645265,30.244262],[114.652624,30.236608],[114.650269,30.241024],[114.646442,30.243084]],[[114.657334,30.236608],[114.665576,30.229838],[114.679411,30.233076],[114.70973,30.205111],[114.727687,30.195692],[114.728864,30.2057],[114.732985,30.213648],[114.739756,30.219535],[114.748881,30.223656],[114.753885,30.214237],[114.755063,30.209527],[114.761833,30.223656],[114.766543,30.218652],[114.772724,30.214237],[114.775668,30.209527],[114.789209,30.216297],[114.789209,30.223656],[114.774196,30.230132],[114.763893,30.238374],[114.752708,30.243967],[114.734751,30.244262],[114.741816,30.265456],[114.739756,30.27988],[114.720916,30.313143],[114.733574,30.309316],[114.750353,30.289594],[114.765365,30.285178],[114.773019,30.278702],[114.776257,30.266045],[114.781555,30.258097],[114.796568,30.264867],[114.788031,30.272226],[114.783027,30.282529],[114.785088,30.292537],[114.796568,30.298719],[114.793919,30.295775],[114.798334,30.29136],[114.806282,30.286944],[114.813641,30.285178],[114.822178,30.285178],[114.82777,30.284295],[114.830125,30.280174],[114.830714,30.271343],[114.837779,30.271343],[114.838368,30.291654],[114.849259,30.297542],[114.859267,30.301074],[114.857501,30.313143],[114.853674,30.313732],[114.830714,30.326095],[114.826887,30.332865],[114.82571,30.341402],[114.821883,30.345817],[114.809814,30.339636],[114.797745,30.350821],[114.785088,30.352882],[114.778023,30.346406],[114.783027,30.332277],[114.771547,30.336986],[114.759184,30.346112],[114.750058,30.355531],[114.748881,30.360241],[114.739461,30.354059],[114.717384,30.322563],[114.707376,30.317853],[114.673229,30.309316],[114.668814,30.313143],[114.662043,30.301663],[114.662338,30.29136],[114.679411,30.298719],[114.68677,30.29136],[114.68206,30.287239],[114.676762,30.280763],[114.673229,30.277819],[114.673229,30.271343],[114.700605,30.271343],[114.700605,30.264867],[114.683238,30.260746],[114.663221,30.258685],[114.649091,30.253681],[114.650269,30.241024],[114.657334,30.236608]],[[114.949932,30.256919],[114.947577,30.257802],[114.953758,30.250443],[114.952875,30.252209],[114.951992,30.253976],[114.949932,30.256919]],[[114.979368,30.246911],[115.009982,30.245439],[115.033531,30.257214],[115.043245,30.288416],[115.048838,30.322857],[115.046777,30.339636],[115.025878,30.351116],[115.006449,30.372604],[114.995264,30.380847],[114.996441,30.364951],[114.999385,30.348761],[115.005566,30.334926],[115.015575,30.326095],[115.007627,30.307256],[115.007038,30.291949],[115.004683,30.281646],[114.991731,30.277819],[114.954641,30.278997],[114.935213,30.277525],[114.919612,30.271343],[114.93698,30.26575],[114.944044,30.262218],[114.949932,30.256919],[114.979368,30.246911]],[[114.378571,30.374665],[114.37916,30.382318],[114.385636,30.401158],[114.39064,30.396742],[114.401826,30.390561],[114.405652,30.387617],[114.41154,30.41882],[114.412423,30.456498],[114.410362,30.458853],[114.405947,30.462974],[114.401531,30.46474],[114.399471,30.460031],[114.38799,30.435893],[114.362381,30.441486],[114.334416,30.460619],[114.316166,30.477104],[114.309101,30.454143],[114.303214,30.380847],[114.309984,30.387617],[114.316754,30.377903],[114.330884,30.392032],[114.34413,30.387617],[114.357965,30.422352],[114.362086,30.409694],[114.364441,30.396742],[114.368857,30.384379],[114.378571,30.374665]],[[114.756829,30.421469],[114.752708,30.432949],[114.755063,30.449728],[114.748292,30.449139],[114.734457,30.450022],[114.727687,30.449728],[114.735634,30.460914],[114.747703,30.463563],[114.761833,30.464152],[114.775668,30.46945],[114.778612,30.476809],[114.767131,30.478576],[114.741522,30.477104],[114.746232,30.481519],[114.750941,30.48829],[114.753296,30.49506],[114.751825,30.501242],[114.743582,30.509778],[114.740639,30.510072],[114.738872,30.50654],[114.734751,30.504774],[114.700311,30.503891],[114.688536,30.508601],[114.68677,30.524202],[114.678822,30.520964],[114.671169,30.520375],[114.662927,30.521553],[114.652624,30.524202],[114.657334,30.509778],[114.666459,30.500358],[114.679117,30.494471],[114.69354,30.490644],[114.69354,30.483285],[114.679411,30.463269],[114.673229,30.463269],[114.667342,30.468861],[114.648797,30.48093],[114.642027,30.483285],[114.635845,30.487406],[114.627603,30.49712],[114.6173,30.506834],[114.604348,30.51125],[114.604348,30.504774],[114.60788,30.495649],[114.601993,30.473866],[114.607586,30.46945],[114.621421,30.468567],[114.631724,30.466212],[114.652624,30.456498],[114.652624,30.449728],[114.648503,30.445312],[114.646737,30.442074],[114.645265,30.428534],[114.658805,30.435893],[114.64762,30.41882],[114.638789,30.412344],[114.628192,30.415876],[114.611118,30.428534],[114.614356,30.409989],[114.613473,30.387911],[114.606409,30.369072],[114.590513,30.360241],[114.588158,30.405279],[114.580505,30.425296],[114.563726,30.435893],[114.558427,30.42088],[114.54577,30.426767],[114.52222,30.449728],[114.522809,30.439131],[114.52222,30.435893],[114.506914,30.444724],[114.501909,30.449728],[114.493078,30.440014],[114.476005,30.431772],[114.467469,30.422352],[114.478655,30.417053],[114.487191,30.417348],[114.495728,30.420586],[114.505147,30.422352],[114.515744,30.419114],[114.523692,30.411755],[114.536056,30.394976],[114.551363,30.390266],[114.55725,30.385851],[114.553423,30.377609],[114.550479,30.368778],[114.557544,30.361713],[114.568436,30.356709],[114.577561,30.354059],[114.586098,30.348761],[114.597578,30.3467],[114.624659,30.3467],[114.622893,30.342579],[114.622304,30.341991],[114.621127,30.341991],[114.617889,30.339636],[114.63349,30.333748],[114.648797,30.338753],[114.662338,30.349644],[114.673229,30.360241],[114.669108,30.365834],[114.66587,30.372604],[114.664104,30.379964],[114.665576,30.387617],[114.670874,30.394976],[114.68677,30.408222],[114.696484,30.429122],[114.69354,30.428534],[114.696484,30.433243],[114.701783,30.444135],[114.707376,30.449728],[114.717678,30.434127],[114.721799,30.423824],[114.727392,30.417936],[114.741522,30.414993],[114.756534,30.415582],[114.756829,30.421469]],[[114.313222,30.502125],[114.310867,30.504185],[114.309984,30.504774],[114.309984,30.497415],[114.310867,30.498887],[114.313222,30.502125]],[[114.324408,30.493882],[114.347368,30.48093],[114.357965,30.46945],[114.371506,30.483285],[114.362969,30.498298],[114.361498,30.514488],[114.368857,30.530678],[114.385636,30.545691],[114.387696,30.549517],[114.386519,30.553344],[114.386519,30.556876],[114.391817,30.559526],[114.399176,30.558937],[114.40212,30.554521],[114.403297,30.549517],[114.405652,30.545691],[114.42979,30.529206],[114.440387,30.524202],[114.405652,30.576304],[114.40418,30.596321],[114.398882,30.602503],[114.390345,30.599854],[114.378571,30.593083],[114.345602,30.563941],[114.319109,30.553344],[114.320287,30.539215],[114.328529,30.523024],[114.33736,30.51125],[114.328529,30.512133],[114.322053,30.510956],[114.317049,30.507423],[114.313222,30.502125],[114.324408,30.493882]],[[114.590513,30.641653],[114.597578,30.634],[114.595517,30.636355],[114.590513,30.641653]],[[114.631724,30.6131],[114.675584,30.609273],[114.717678,30.621636],[114.748881,30.648129],[114.761833,30.643419],[114.776257,30.644597],[114.803633,30.655783],[114.783616,30.670207],[114.773019,30.714656],[114.758595,30.724075],[114.741522,30.729668],[114.730042,30.743798],[114.723271,30.76352],[114.720916,30.784714],[114.710025,30.778238],[114.709142,30.767641],[114.714146,30.755278],[114.720916,30.743798],[114.709142,30.740854],[114.697956,30.73585],[114.694718,30.729668],[114.707376,30.724075],[114.697367,30.709651],[114.688831,30.712889],[114.680883,30.723486],[114.673229,30.730257],[114.664398,30.729079],[114.644382,30.719365],[114.628192,30.717305],[114.642027,30.672561],[114.649091,30.660787],[114.654684,30.648129],[114.662043,30.638121],[114.673229,30.634],[114.673229,30.627818],[114.640849,30.627818],[114.625542,30.629584],[114.611118,30.634],[114.613473,30.649307],[114.604642,30.664319],[114.589041,30.672856],[114.570202,30.668735],[114.595517,30.636355],[114.631724,30.6131]],[[114.538411,30.788835],[114.543415,30.792368],[114.533406,30.797372],[114.523104,30.797961],[114.517805,30.797077],[114.525753,30.799432],[114.554601,30.803259],[114.579327,30.810324],[114.590513,30.827103],[114.583743,30.830046],[114.577855,30.830929],[114.572851,30.828869],[114.566964,30.823276],[114.560782,30.819449],[114.555778,30.82151],[114.550185,30.825336],[114.543415,30.827103],[114.52487,30.828574],[114.514861,30.827103],[114.501909,30.819449],[114.496905,30.834462],[114.495728,30.840055],[114.488369,30.840055],[114.486897,30.834462],[114.482776,30.825042],[114.481598,30.819449],[114.473356,30.82357],[114.467174,30.829752],[114.462759,30.8377],[114.46011,30.846825],[114.453634,30.82622],[114.461287,30.805908],[114.473356,30.787363],[114.481598,30.771762],[114.459815,30.776766],[114.450984,30.780887],[114.447158,30.788541],[114.443037,30.802376],[114.434794,30.808852],[114.429201,30.806203],[114.433617,30.792368],[114.426258,30.784714],[114.437738,30.757044],[114.44598,30.747624],[114.46011,30.743798],[114.453928,30.743798],[114.488957,30.728785],[114.522809,30.734084],[114.590513,30.764403],[114.576383,30.771173],[114.563726,30.769113],[114.551068,30.763226],[114.536056,30.758221],[114.536056,30.764403],[114.542237,30.767641],[114.550774,30.775],[114.556367,30.778533],[114.556367,30.784714],[114.542237,30.783537],[114.536644,30.782065],[114.529874,30.778533],[114.533406,30.782654],[114.535761,30.785892],[114.538411,30.788835]],[[116.201568,28.43245],[116.194503,28.434805],[116.171248,28.49515],[116.160651,28.512812],[116.160357,28.523703],[116.167127,28.531062],[116.189793,28.544014],[116.194503,28.554612],[116.202451,28.560793],[116.219524,28.548724],[116.243073,28.523703],[116.244839,28.561971],[116.243073,28.571979],[116.235714,28.578161],[116.226,28.579927],[116.216286,28.582871],[116.208044,28.592585],[116.190676,28.580516],[116.169482,28.56933],[116.147699,28.561088],[116.129743,28.55785],[116.105605,28.549313],[116.094419,28.528413],[116.091181,28.501332],[116.091476,28.475133],[116.097952,28.497211],[116.109432,28.522232],[116.12209,28.535478],[116.132981,28.523703],[116.130332,28.500743],[116.107077,28.451584],[116.112081,28.428624],[116.11738,28.42568],[116.133275,28.413611],[116.139751,28.406841],[116.136808,28.423914],[116.129449,28.443048],[116.12886,28.45806],[116.145933,28.462181],[116.154175,28.454822],[116.187733,28.406841],[116.201273,28.413317],[116.215697,28.408901],[116.231299,28.402131],[116.24896,28.400659],[116.235714,28.43039],[116.23277,28.434805],[116.201568,28.43245]],[[116.362879,28.403897],[116.372593,28.406841],[116.364646,28.412139],[116.354932,28.419793],[116.347278,28.429801],[116.344629,28.441576],[116.349339,28.455116],[116.359347,28.464536],[116.372299,28.467774],[116.386134,28.462181],[116.389667,28.477194],[116.377598,28.488085],[116.36023,28.494267],[116.347867,28.496327],[116.342568,28.505158],[116.342863,28.521348],[116.352282,28.530179],[116.372593,28.516933],[116.388195,28.523703],[116.404679,28.522526],[116.417042,28.513401],[116.420869,28.496327],[116.425285,28.498388],[116.43647,28.501332],[116.440886,28.503098],[116.439414,28.489851],[116.442358,28.479254],[116.449422,28.47219],[116.461197,28.468952],[116.45531,28.501332],[116.434704,28.5343],[116.410272,28.553434],[116.393199,28.544014],[116.386134,28.544014],[116.388489,28.565209],[116.393199,28.585225],[116.382013,28.578161],[116.37436,28.57139],[116.369061,28.563442],[116.365823,28.551668],[116.35817,28.558144],[116.351399,28.565209],[116.344923,28.560499],[116.338447,28.55785],[116.336092,28.607597],[116.326084,28.621727],[116.30018,28.626731],[116.27928,28.620549],[116.271626,28.604948],[116.269566,28.55785],[116.277219,28.563442],[116.280163,28.566386],[116.283107,28.571979],[116.289288,28.571979],[116.275748,28.528413],[116.27251,28.508102],[116.276336,28.489557],[116.280457,28.492206],[116.283107,28.496327],[116.289583,28.479549],[116.30018,28.46954],[116.314309,28.464242],[116.331088,28.462181],[116.314898,28.435688],[116.313721,28.421265],[116.331088,28.414494],[116.331088,28.406841],[116.353165,28.403603],[116.362879,28.403897]],[[116.641053,29.257847],[116.626335,29.264029],[116.630751,29.246367],[116.629573,29.232238],[116.618976,29.202213],[116.605435,29.236948],[116.618976,29.236948],[116.606613,29.24725],[116.588362,29.245484],[116.570406,29.248133],[116.558043,29.271094],[116.558337,29.259025],[116.555394,29.252255],[116.550389,29.251371],[116.543325,29.257259],[116.537143,29.257259],[116.541264,29.246073],[116.541853,29.229294],[116.536554,29.213987],[116.523308,29.208983],[116.516243,29.216636],[116.514477,29.231355],[116.510356,29.24519],[116.495638,29.250488],[116.50594,29.223112],[116.500053,29.204568],[116.488573,29.202507],[116.477093,29.249311],[116.463552,29.269622],[116.445596,29.280808],[116.427345,29.277864],[116.432055,29.273449],[116.437059,29.266973],[116.440886,29.264029],[116.43647,29.254609],[116.435587,29.244307],[116.438237,29.234593],[116.444713,29.226351],[116.447068,29.221346],[116.445596,29.215165],[116.442358,29.207806],[116.440886,29.198975],[116.434999,29.183962],[116.422047,29.176014],[116.407917,29.176603],[116.399381,29.188378],[116.393199,29.188378],[116.394671,29.175131],[116.39732,29.163357],[116.397909,29.152171],[116.393199,29.140691],[116.379658,29.15482],[116.372888,29.15011],[116.365823,29.147461],[116.364646,29.166889],[116.33933,29.139807],[116.324906,29.140691],[116.324023,29.156881],[116.338153,29.171304],[116.365823,29.188378],[116.369944,29.196325],[116.378775,29.221641],[116.379658,29.229294],[116.372299,29.238714],[116.366412,29.232827],[116.359053,29.216342],[116.347867,29.221641],[116.346395,29.228411],[116.346101,29.23577],[116.338447,29.243129],[116.331971,29.241657],[116.325495,29.236065],[116.316664,29.232238],[116.303712,29.236948],[116.305478,29.228705],[116.305478,29.22429],[116.306656,29.220758],[116.310483,29.216342],[116.296059,29.209572],[116.280752,29.210455],[116.266328,29.215753],[116.255142,29.223112],[116.246017,29.234593],[116.236008,29.258436],[116.229238,29.264029],[116.22394,29.262852],[116.217169,29.258436],[116.204806,29.246662],[116.196858,29.242246],[116.189205,29.244601],[116.181845,29.248722],[116.174192,29.250488],[116.140046,29.244012],[116.12415,29.24725],[116.126211,29.264029],[116.130626,29.264029],[116.166244,29.273743],[116.161829,29.27963],[116.145933,29.290816],[116.123561,29.312305],[116.120323,29.324962],[116.132981,29.339386],[116.145639,29.342036],[116.187733,29.339386],[116.198035,29.347923],[116.206572,29.356459],[116.214225,29.358226],[116.221879,29.346157],[116.225706,29.363819],[116.223056,29.380892],[116.208044,29.415038],[116.184789,29.387956],[116.150643,29.373533],[116.114142,29.367645],[116.081467,29.366468],[116.061745,29.383835],[116.08029,29.418276],[116.115614,29.443886],[116.145933,29.43476],[116.150937,29.443591],[116.152998,29.452422],[116.151232,29.460959],[116.145933,29.469495],[116.152115,29.477737],[116.168893,29.495694],[116.17066,29.500698],[116.166244,29.506585],[116.162417,29.514533],[116.157119,29.521303],[116.14976,29.524247],[116.145639,29.533667],[116.152115,29.554272],[116.167127,29.585769],[116.179491,29.574878],[116.186261,29.564869],[116.195681,29.556627],[116.215697,29.552212],[116.207161,29.562809],[116.195386,29.581059],[116.187733,29.598427],[116.190971,29.60608],[116.205689,29.613439],[116.205983,29.630807],[116.202451,29.650235],[116.204806,29.664953],[116.217758,29.670252],[116.232182,29.651412],[116.243073,29.661421],[116.244839,29.673784],[116.243073,29.683792],[116.247783,29.691151],[116.269566,29.695567],[116.256908,29.709696],[116.238658,29.708225],[116.204806,29.695567],[116.188027,29.702632],[116.193326,29.718527],[116.210399,29.735012],[116.229238,29.743843],[116.187733,29.750907],[116.173603,29.73354],[116.150054,29.727947],[116.102073,29.730302],[116.092947,29.724415],[116.060862,29.692035],[116.069398,29.688797],[116.092653,29.694389],[116.105605,29.695567],[116.100895,29.685853],[116.098246,29.681732],[116.116497,29.674667],[116.126211,29.66878],[116.12886,29.65936],[116.116497,29.593717],[116.112081,29.579587],[116.090298,29.56222],[116.092653,29.553683],[116.097069,29.544558],[116.098246,29.538376],[116.086471,29.528957],[116.070576,29.51836],[116.063217,29.509529],[116.077935,29.503642],[116.077935,29.49746],[116.070576,29.485391],[116.060862,29.463314],[116.046144,29.448007],[116.023183,29.455955],[116.01082,29.447712],[116.001695,29.440059],[115.991392,29.433583],[115.975202,29.428579],[115.975202,29.42122],[115.990509,29.42122],[115.998751,29.417393],[116.00405,29.410328],[116.02701,29.361169],[116.029954,29.352927],[116.028187,29.338798],[116.024066,29.327906],[116.01759,29.319075],[116.009642,29.311127],[115.984916,29.299353],[115.97844,29.294643],[115.927809,29.273449],[115.924277,29.262852],[115.922216,29.250194],[115.907498,29.216931],[115.929281,29.203979],[115.975202,29.195737],[115.980795,29.215459],[115.974907,29.232827],[115.967548,29.249017],[115.967843,29.264029],[115.980795,29.280219],[115.98992,29.272271],[115.997573,29.254315],[116.005816,29.239891],[116.077641,29.223996],[116.088238,29.219874],[116.102661,29.223996],[116.123856,29.220758],[116.14505,29.212515],[116.158885,29.203096],[116.140046,29.197208],[116.077935,29.202213],[116.084117,29.186906],[116.074991,29.183668],[116.040256,29.188378],[116.035841,29.181313],[116.042317,29.165417],[116.057329,29.140691],[116.08235,29.125678],[116.093536,29.114492],[116.10325,29.078285],[116.115908,29.077108],[116.131509,29.082701],[116.145933,29.085939],[116.142989,29.066216],[116.155647,29.047083],[116.174192,29.038841],[116.187733,29.051204],[116.194503,29.051204],[116.19833,29.037957],[116.206572,29.033248],[116.252198,29.031481],[116.255142,29.027655],[116.256614,29.019118],[116.259558,29.012642],[116.264267,29.007932],[116.269566,29.004106],[116.260735,28.985855],[116.2678,28.980262],[116.329911,28.982911],[116.344334,28.980851],[116.359053,28.976141],[116.338742,28.941112],[116.333149,28.925216],[116.331088,28.911381],[116.335209,28.908143],[116.344334,28.907554],[116.353754,28.904611],[116.359053,28.894308],[116.354637,28.883122],[116.333737,28.863988],[116.331088,28.853391],[116.342274,28.841322],[116.358464,28.850153],[116.373182,28.87017],[116.379658,28.890481],[116.381424,28.894013],[116.39055,28.898723],[116.393199,28.900489],[116.39261,28.906082],[116.3879,28.919623],[116.386134,28.921389],[116.393199,28.938462],[116.397614,28.940523],[116.40674,28.935224],[116.4088,28.948765],[116.413804,28.961423],[116.420575,28.966133],[116.427345,28.95583],[116.427934,28.943172],[116.424696,28.929926],[116.419103,28.917563],[116.39261,28.877823],[116.371416,28.83308],[116.365823,28.825427],[116.372593,28.818362],[116.388489,28.840145],[116.404973,28.874291],[116.426168,28.899606],[116.454721,28.894308],[116.432349,28.882828],[116.424107,28.874291],[116.420869,28.862811],[116.423224,28.850153],[116.429994,28.842794],[116.438531,28.836024],[116.448245,28.825427],[116.453249,28.814535],[116.456487,28.803055],[116.46208,28.794224],[116.472088,28.790692],[116.481508,28.79128],[116.509178,28.798051],[116.513005,28.794518],[116.515654,28.792752],[116.518892,28.791575],[116.523308,28.790692],[116.516537,28.776856],[116.526546,28.782449],[116.535082,28.796579],[116.54097,28.812769],[116.543325,28.825427],[116.541264,28.830725],[116.533022,28.845738],[116.530961,28.856335],[116.533905,28.861045],[116.541264,28.866049],[116.558043,28.873702],[116.550684,28.880473],[116.558043,28.886654],[116.544796,28.898135],[116.535377,28.895485],[116.52478,28.890481],[116.509178,28.894308],[116.518009,28.909026],[116.522425,28.924627],[116.52213,28.940523],[116.516537,28.95583],[116.504174,28.970254],[116.48975,28.983794],[116.480036,28.998807],[116.482391,29.017058],[116.468556,29.017058],[116.461197,29.024417],[116.459725,29.036486],[116.461197,29.051204],[116.485629,29.0462],[116.512416,29.069749],[116.537143,29.072398],[116.537143,29.07858],[116.53155,29.079757],[116.516537,29.085939],[116.523308,29.099774],[116.508295,29.103601],[116.492694,29.112137],[116.483274,29.124501],[116.488573,29.140691],[116.47621,29.152171],[116.48769,29.159824],[116.506823,29.160707],[116.516537,29.151288],[116.518598,29.142457],[116.523308,29.132154],[116.529784,29.123617],[116.537143,29.119496],[116.543325,29.12244],[116.556865,29.137158],[116.564519,29.140691],[116.576588,29.13392],[116.593072,29.12244],[116.607202,29.117436],[116.615444,29.135686],[116.619271,29.130682],[116.623686,29.120968],[116.626335,29.113315],[116.627513,29.103601],[116.62663,29.094475],[116.623686,29.086233],[116.618976,29.07858],[116.622803,29.075636],[116.625747,29.074164],[116.6334,29.072398],[116.637227,29.091826],[116.645763,29.112726],[116.656655,29.12715],[116.684325,29.127739],[116.689918,29.112137],[116.690801,29.091826],[116.688446,29.07858],[116.70758,29.082995],[116.715233,29.097125],[116.715233,29.137158],[116.688446,29.168066],[116.677555,29.173365],[116.674611,29.172776],[116.67255,29.169833],[116.664014,29.168066],[116.638404,29.152465],[116.623686,29.150405],[116.618976,29.168066],[116.643703,29.192204],[116.648413,29.200741],[116.651356,29.207511],[116.65636,29.209277],[116.667546,29.202213],[116.678438,29.2081],[116.684031,29.212221],[116.688446,29.216342],[116.660776,29.229294],[116.665191,29.239303],[116.65636,29.249017],[116.641053,29.257847]],[[116.365823,29.989637],[116.376126,29.986987],[116.395259,29.96491],[116.40674,29.956079],[116.442358,29.948131],[116.477976,29.950781],[116.509178,29.96285],[116.530961,29.983455],[116.517126,30.003177],[116.50859,30.023194],[116.494755,30.038795],[116.436765,30.050864],[116.443241,30.0647],[116.459725,30.08089],[116.461197,30.093547],[116.470911,30.097668],[116.481508,30.099729],[116.4924,30.100318],[116.503585,30.099435],[116.503585,30.093547],[116.493577,30.090604],[116.486807,30.084716],[116.48298,30.076474],[116.482391,30.066171],[116.495932,30.072059],[116.52007,30.08972],[116.533905,30.093547],[116.551272,30.095902],[116.555394,30.102378],[116.549801,30.111209],[116.537143,30.120629],[116.52478,30.123867],[116.514183,30.122689],[116.506529,30.125044],[116.503585,30.137407],[116.508295,30.144472],[116.519481,30.150065],[116.532727,30.153892],[116.543325,30.154775],[116.540087,30.158896],[116.538026,30.162428],[116.535671,30.165372],[116.530961,30.16861],[116.536849,30.183034],[116.542736,30.220418],[116.543325,30.236608],[116.527135,30.226894],[116.50388,30.195692],[116.485629,30.188921],[116.478859,30.192159],[116.476504,30.199224],[116.475621,30.209527],[116.470911,30.209232],[116.464435,30.207761],[116.46002,30.205406],[116.461197,30.203345],[116.454427,30.203934],[116.445596,30.203934],[116.436176,30.204817],[116.427345,30.209527],[116.430877,30.201284],[116.432938,30.193337],[116.434704,30.17538],[116.418809,30.181268],[116.413216,30.194514],[116.411744,30.21041],[116.40674,30.223656],[116.39732,30.210704],[116.387606,30.212176],[116.377892,30.219535],[116.369061,30.223656],[116.372593,30.271343],[116.365234,30.266339],[116.360524,30.261629],[116.358464,30.255153],[116.359053,30.244262],[116.344629,30.250443],[116.346689,30.239552],[116.348161,30.235431],[116.351399,30.229838],[116.344629,30.223656],[116.33727,30.237491],[116.325789,30.240729],[116.31166,30.235431],[116.296942,30.223656],[116.316075,30.223656],[116.321668,30.214531],[116.317253,30.192454],[116.317547,30.182151],[116.319608,30.177441],[116.338447,30.16861],[116.354932,30.175675],[116.371122,30.17538],[116.384662,30.168021],[116.393199,30.154775],[116.379658,30.16184],[116.375831,30.15919],[116.373182,30.15713],[116.370238,30.155364],[116.365823,30.154775],[116.374654,30.147121],[116.383779,30.141234],[116.394376,30.137113],[116.40674,30.134464],[116.40674,30.12681],[116.396437,30.122984],[116.384074,30.112975],[116.394082,30.11327],[116.398497,30.10856],[116.393199,30.099435],[116.393199,30.093547],[116.425579,30.115036],[116.445596,30.124161],[116.454721,30.117391],[116.444124,30.101201],[116.424107,30.087954],[116.410861,30.076474],[116.420869,30.066171],[116.420869,30.058812],[116.407328,30.058224],[116.401147,30.050864],[116.399381,30.038207],[116.387606,30.039973],[116.38113,30.044683],[116.380836,30.051453],[116.386134,30.058812],[116.351399,30.072942],[116.345512,30.07824],[116.339625,30.085305],[116.33462,30.086188],[116.331088,30.072942],[116.320491,30.081184],[116.315487,30.095313],[116.310483,30.12681],[116.291938,30.117391],[116.289288,30.099435],[116.303712,30.058812],[116.286639,30.059695],[116.278397,30.078535],[116.269566,30.120629],[116.264856,30.126516],[116.255731,30.135053],[116.2469,30.139174],[116.243073,30.130637],[116.245134,30.120629],[116.254259,30.105616],[116.255142,30.093547],[116.251021,30.097963],[116.245722,30.102378],[116.243073,30.107088],[116.236597,30.091192],[116.234831,30.072059],[116.240424,30.05999],[116.255142,30.066171],[116.25632,30.042622],[116.247194,30.036441],[116.215697,30.044977],[116.222468,30.032614],[116.228944,30.023194],[116.234242,30.01348],[116.236008,30.000528],[116.230416,29.987576],[116.218052,29.990814],[116.2051,30.000823],[116.198035,30.007887],[116.193031,30.016129],[116.189793,30.027315],[116.185967,30.062639],[116.180962,30.067643],[116.173309,30.069998],[116.163889,30.076474],[116.141223,30.085011],[116.133275,30.06205],[116.132981,30.01142],[116.125328,30.006121],[116.113553,30.002],[116.10796,29.996996],[116.11944,29.989637],[116.132392,29.989931],[116.143284,29.99523],[116.152703,29.996113],[116.160357,29.983455],[116.148288,29.979334],[116.13563,29.977273],[116.108843,29.976685],[116.097952,29.981983],[116.092653,29.991697],[116.085883,29.996996],[116.071459,29.989637],[116.077052,29.988459],[116.091476,29.983455],[116.081467,29.973741],[116.070576,29.969914],[116.061156,29.973741],[116.057329,29.986693],[116.054091,29.993758],[116.029954,30.017601],[116.026421,30.025255],[116.024655,30.03438],[116.021123,30.041739],[116.01288,30.044977],[116.003755,30.043505],[115.998751,30.038795],[115.996396,30.031436],[115.995807,30.021134],[115.999634,30.011714],[116.014941,29.996113],[116.016413,29.989637],[116.007288,29.983455],[115.995807,29.983455],[115.985799,29.987576],[115.981678,29.993463],[115.97373,29.996701],[115.939878,30.035557],[115.933991,30.044977],[115.933991,30.000528],[115.936346,29.993169],[115.942233,29.989048],[115.949003,29.986399],[115.954302,29.983455],[115.961661,29.969914],[115.983444,29.9602],[115.992275,29.953136],[115.995807,29.939006],[115.995807,29.915457],[115.997573,29.904565],[116.001989,29.893968],[116.029365,29.870125],[116.040256,29.866887],[116.051148,29.871597],[116.091476,29.901622],[116.11738,29.90486],[116.158885,29.893674],[116.180962,29.901622],[116.200685,29.89338],[116.218052,29.901622],[116.233065,29.915163],[116.246017,29.921933],[116.263384,29.927526],[116.266328,29.941655],[116.265445,29.961672],[116.269566,29.983455],[116.264562,29.983161],[116.254259,29.983749],[116.24896,29.983455],[116.252493,29.999645],[116.257203,30.010831],[116.258674,30.014952],[116.270155,30.0229],[116.289288,30.017601],[116.284284,30.014952],[116.276042,30.007887],[116.269566,30.004061],[116.27457,29.995818],[116.281635,29.989637],[116.291349,29.986693],[116.303712,29.989637],[116.302829,29.973152],[116.309011,29.963733],[116.331088,29.94872],[116.349339,29.958434],[116.353754,29.970503],[116.354932,29.981983],[116.365823,29.989637]],[[114.892825,30.107088],[114.895474,30.093842],[114.905188,30.087071],[114.919023,30.085011],[114.933153,30.086482],[114.943161,30.084128],[114.967593,30.072942],[114.974069,30.075002],[114.983195,30.084128],[114.988493,30.086482],[114.994381,30.085894],[115.005272,30.08089],[115.009099,30.079712],[115.041479,30.086188],[115.050604,30.086482],[115.060318,30.082361],[115.0665,30.075591],[115.072976,30.072942],[115.08475,30.079712],[115.095642,30.070881],[115.11507,30.06676],[115.136558,30.067054],[115.153043,30.072942],[115.161874,30.082067],[115.17306,30.100318],[115.181007,30.107088],[115.190721,30.109443],[115.214271,30.108265],[115.220452,30.107088],[115.2075,30.137996],[115.176592,30.146238],[115.14068,30.141823],[115.112126,30.134464],[115.081512,30.133581],[115.046483,30.137996],[115.012925,30.135347],[114.988493,30.113858],[114.98555,30.119157],[114.977896,30.128871],[114.974953,30.134464],[114.965827,30.114741],[114.954936,30.108854],[114.947282,30.117391],[114.947577,30.140645],[114.919612,30.140645],[114.917846,30.125044],[114.908721,30.117391],[114.898418,30.112681],[114.892825,30.107088]],[[116.644291,30.309022],[116.6334,30.313143],[116.637815,30.322563],[116.640759,30.326095],[116.63811,30.329922],[116.635755,30.332277],[116.633989,30.334926],[116.6334,30.339636],[116.626335,30.339636],[116.613972,30.324623],[116.5707,30.326095],[116.558043,30.313143],[116.558043,30.319325],[116.550095,30.314909],[116.545974,30.308433],[116.545974,30.30078],[116.550684,30.29136],[116.568051,30.297542],[116.603964,30.295481],[116.613383,30.298719],[116.639876,30.262218],[116.64959,30.255447],[116.637815,30.250443],[116.621331,30.249266],[116.5916,30.250443],[116.5916,30.244262],[116.605141,30.239552],[116.633989,30.235431],[116.646941,30.229838],[116.657244,30.237786],[116.668724,30.241907],[116.694628,30.244262],[116.716411,30.243379],[116.723475,30.244262],[116.73054,30.2475],[116.735839,30.251326],[116.739665,30.255447],[116.743198,30.257802],[116.763803,30.2684],[116.774695,30.271049],[116.790885,30.271343],[116.812079,30.26104],[116.82562,30.25898],[116.832096,30.268105],[116.834451,30.27723],[116.839161,30.281352],[116.840927,30.285473],[116.825031,30.311082],[116.821204,30.313143],[116.812668,30.31697],[116.801776,30.324917],[116.790296,30.330805],[116.780876,30.329333],[116.769102,30.320502],[116.749379,30.309905],[116.739665,30.302251],[116.72583,30.280763],[116.719943,30.277525],[116.715233,30.29136],[116.708463,30.29136],[116.701398,30.271343],[116.686386,30.290182],[116.677849,30.298425],[116.674317,30.295187],[116.669312,30.29607],[116.644291,30.309022]],[[116.973096,30.369955],[116.974274,30.351999],[116.979867,30.335515],[116.988992,30.326095],[116.984576,30.320502],[116.985165,30.316675],[116.98752,30.312554],[116.988992,30.313143],[117.004004,30.308433],[117.009892,30.320208],[117.008714,30.338753],[117.002533,30.354059],[117.018428,30.367011],[117.051103,30.379669],[117.057873,30.394976],[117.064643,30.394976],[117.064055,30.379964],[117.069942,30.371721],[117.081128,30.368483],[117.095552,30.367895],[117.103205,30.36554],[117.113508,30.361124],[117.124399,30.358181],[117.133525,30.360241],[117.126166,30.367895],[117.133819,30.376137],[117.141178,30.382318],[117.14942,30.385851],[117.160312,30.387617],[117.160312,30.394976],[117.11233,30.394976],[117.119101,30.403513],[117.127049,30.410577],[117.146771,30.422352],[117.146771,30.428534],[117.13588,30.432949],[117.133819,30.442369],[117.135291,30.451788],[117.133525,30.456498],[117.12175,30.455321],[117.112919,30.449728],[117.09879,30.435893],[117.082894,30.426767],[117.066115,30.419997],[117.046982,30.41617],[117.036679,30.408222],[117.004888,30.398508],[116.989875,30.392032],[116.978983,30.384085],[116.973096,30.369955]],[[117.432304,31.653971],[117.439369,31.673988],[117.438192,31.690178],[117.396097,31.70107],[117.360479,31.720498],[117.338991,31.72403],[117.306316,31.704308],[117.288949,31.661036],[117.288066,31.611583],[117.304256,31.573021],[117.317797,31.563602],[117.338402,31.554771],[117.359596,31.548295],[117.376375,31.54594],[117.383734,31.542996],[117.416409,31.517387],[117.43407,31.497958],[117.442018,31.484123],[117.455559,31.476176],[117.471455,31.469994],[117.500008,31.452921],[117.547989,31.438497],[117.557998,31.439969],[117.562413,31.443501],[117.595971,31.443501],[117.606273,31.442324],[117.612749,31.443501],[117.617459,31.446445],[117.625113,31.455276],[117.647484,31.46234],[117.661025,31.475881],[117.685163,31.508556],[117.70047,31.522391],[117.734322,31.545057],[117.749923,31.559481],[117.768174,31.591272],[117.778476,31.591272],[117.798493,31.586856],[117.820865,31.588917],[117.834994,31.588034],[117.84618,31.583324],[117.875322,31.563602],[117.911529,31.548589],[117.928602,31.538875],[117.928602,31.531516],[117.925659,31.524157],[117.932429,31.515032],[117.955389,31.497958],[117.95274,31.526806],[117.936256,31.548295],[117.913295,31.561541],[117.890335,31.566251],[117.880621,31.571844],[117.857072,31.598631],[117.84618,31.607756],[117.706652,31.659859],[117.678098,31.663097],[117.645424,31.657504],[117.622758,31.642786],[117.585374,31.600397],[117.563296,31.583324],[117.545929,31.580086],[117.474693,31.588917],[117.452027,31.596865],[117.434954,31.611583],[117.427594,31.635132],[117.432304,31.653971]],[[116.438531,32.360445],[116.430877,32.371631],[116.414687,32.378402],[116.400852,32.37222],[116.379658,32.347199],[116.36494,32.333953],[116.360524,32.32571],[116.355815,32.295097],[116.347867,32.287737],[116.336681,32.289209],[116.324906,32.300101],[116.326084,32.284205],[116.32108,32.275963],[116.30018,32.262128],[116.295764,32.250353],[116.298708,32.235929],[116.310483,32.217384],[116.317842,32.208259],[116.328733,32.201783],[116.337858,32.193247],[116.338447,32.176468],[116.34875,32.187654],[116.356992,32.203549],[116.356698,32.217973],[116.341685,32.224155],[116.33462,32.228865],[116.342568,32.239167],[116.354048,32.248881],[116.359053,32.252119],[116.37642,32.271253],[116.41351,32.333953],[116.424696,32.344844],[116.434704,32.352792],[116.438531,32.360445]],[[116.841515,32.488199],[116.858294,32.504389],[116.867125,32.507627],[116.889791,32.481429],[116.858589,32.423439],[116.862121,32.404894],[116.870363,32.391942],[116.892735,32.374869],[116.87625,32.341017],[116.873012,32.322767],[116.879783,32.306871],[116.851818,32.270959],[116.845342,32.259478],[116.845048,32.259184],[116.837689,32.250648],[116.830918,32.24005],[116.826209,32.229748],[116.824442,32.220622],[116.828563,32.210614],[116.837983,32.217679],[116.863887,32.253886],[116.870657,32.257712],[116.893618,32.259184],[116.898622,32.261539],[116.900094,32.268309],[116.900388,32.296568],[116.90186,32.306871],[116.905981,32.315996],[116.913929,32.327182],[116.920994,32.331009],[116.929825,32.332186],[116.937773,32.335424],[116.941305,32.344255],[116.936301,32.354264],[116.926881,32.358974],[116.921288,32.364272],[116.92747,32.374869],[116.934535,32.377518],[116.968386,32.381934],[116.968386,32.388704],[116.947192,32.393414],[116.929236,32.400185],[116.915401,32.411076],[116.90657,32.429621],[116.905098,32.443162],[116.907747,32.452876],[116.911868,32.460235],[116.913929,32.467594],[116.912457,32.482606],[116.908336,32.490554],[116.892735,32.505273],[116.878605,32.523817],[116.868597,32.533826],[116.858589,32.533237],[116.816494,32.489377],[116.777344,32.464356],[116.794417,32.464945],[116.811785,32.469654],[116.827975,32.477897],[116.841515,32.488199]],[[119.055428,29.635811],[119.065142,29.640815],[119.113418,29.698805],[119.123426,29.707047],[119.16817,29.72677],[119.18171,29.730302],[119.160222,29.737367],[119.123721,29.737367],[119.095756,29.746198],[119.099288,29.778578],[119.113418,29.792707],[119.130197,29.803304],[119.135789,29.810075],[119.11695,29.812135],[119.103409,29.807425],[119.089574,29.795062],[119.078683,29.779461],[119.071912,29.764448],[119.089574,29.731479],[119.093107,29.715878],[119.085748,29.702337],[119.074856,29.699394],[119.06367,29.704987],[119.038355,29.723532],[119.043653,29.71264],[119.05896,29.688502],[119.065142,29.674961],[119.053662,29.672607],[119.037766,29.674373],[119.023931,29.679083],[119.018044,29.685264],[119.011862,29.686736],[119.001854,29.680554],[119.000088,29.67084],[119.018044,29.661421],[118.98272,29.631396],[118.960643,29.621976],[118.93886,29.630807],[118.935033,29.640226],[118.933561,29.652884],[118.929735,29.66407],[118.918843,29.66878],[118.908835,29.667602],[118.891467,29.662304],[118.88087,29.661421],[118.847901,29.669369],[118.806102,29.687913],[118.779314,29.710285],[118.791383,29.730302],[118.77696,29.730891],[118.769012,29.725592],[118.763713,29.71941],[118.757237,29.715878],[118.746346,29.717939],[118.729273,29.727653],[118.716321,29.730302],[118.751056,29.697039],[118.771661,29.681437],[118.813755,29.669663],[118.833772,29.656711],[118.845252,29.641993],[118.840542,29.630218],[118.884402,29.644053],[118.904419,29.644348],[118.921787,29.634045],[118.925908,29.622859],[118.92738,29.60608],[118.927085,29.590773],[118.925025,29.582531],[118.861736,29.565752],[118.814638,29.537788],[118.788145,29.531606],[118.785202,29.528662],[118.757237,29.510706],[118.731628,29.500992],[118.726329,29.494516],[118.729861,29.483919],[118.71426,29.472145],[118.70955,29.469495],[118.698364,29.475971],[118.687179,29.480387],[118.67511,29.482742],[118.661569,29.483919],[118.661569,29.477149],[118.680408,29.471556],[118.699836,29.461547],[118.709845,29.446829],[118.701897,29.428579],[118.684235,29.42122],[118.646851,29.4327],[118.626245,29.428579],[118.626245,29.42122],[118.639492,29.422397],[118.651855,29.421808],[118.661863,29.417687],[118.668045,29.408268],[118.668045,29.415038],[118.682174,29.403558],[118.712788,29.417982],[118.743402,29.443886],[118.757237,29.466257],[118.761358,29.468907],[118.780492,29.475677],[118.788145,29.477149],[118.796093,29.472733],[118.803158,29.463314],[118.808457,29.453894],[118.811989,29.449184],[118.830828,29.450067],[118.830828,29.461547],[118.825235,29.476854],[118.826118,29.490101],[118.837304,29.49275],[118.900593,29.489512],[118.907069,29.488335],[118.912956,29.488335],[118.921787,29.490101],[118.930029,29.495105],[118.935916,29.501875],[118.942687,29.508057],[118.968296,29.514827],[118.989196,29.531312],[119.004503,29.531606],[119.017455,29.52513],[119.022459,29.516888],[119.027169,29.507468],[119.038355,29.49746],[119.046008,29.501287],[119.060138,29.504525],[119.073384,29.503347],[119.079566,29.493927],[119.083981,29.482153],[119.09399,29.484802],[119.11018,29.49746],[119.123426,29.496282],[119.139911,29.490689],[119.147858,29.490101],[119.153157,29.498343],[119.158455,29.50217],[119.169347,29.49952],[119.195545,29.49746],[119.186714,29.511589],[119.183182,29.519832],[119.18171,29.528074],[119.184065,29.536022],[119.188775,29.541026],[119.193485,29.544558],[119.195545,29.548385],[119.188186,29.558688],[119.171702,29.554272],[119.140794,29.538376],[119.108708,29.53926],[119.108119,29.556627],[119.134023,29.60608],[119.115478,29.60137],[119.078683,29.580765],[119.071912,29.589007],[119.067203,29.601959],[119.045125,29.609613],[119.038355,29.620504],[119.039532,29.630807],[119.046008,29.634339],[119.055428,29.635811]],[[118.826118,29.627274],[118.834361,29.628452],[118.839954,29.630218],[118.826118,29.627274]],[[118.889995,31.087909],[118.915605,31.079667],[118.928557,31.064949],[118.944453,31.060828],[118.962115,31.065243],[118.995672,31.088792],[119.011862,31.103805],[119.020987,31.120584],[119.014806,31.138246],[118.987724,31.167682],[118.9733,31.173864],[118.955933,31.169742],[118.942098,31.154436],[118.933856,31.117934],[118.921787,31.107043],[118.923259,31.134713],[118.921787,31.141778],[118.91796,31.146782],[118.910895,31.153847],[118.904419,31.157379],[118.901181,31.151786],[118.894705,31.144427],[118.879693,31.142367],[118.853494,31.141778],[118.834361,31.119995],[118.853494,31.101744],[118.889995,31.087909]],[[120.326492,31.049053],[120.330908,31.057884],[120.351808,31.081728],[120.357695,31.086437],[120.370058,31.090853],[120.384482,31.109987],[120.398612,31.114402],[120.403027,31.111458],[120.421278,31.107337],[120.434818,31.109103],[120.425693,31.124705],[120.427754,31.143838],[120.474558,31.192703],[120.470436,31.216841],[120.446887,31.223317],[120.380361,31.217429],[120.353868,31.223611],[120.38772,31.244217],[120.376829,31.254519],[120.364465,31.257463],[120.351808,31.259229],[120.340033,31.265411],[120.32973,31.281601],[120.336206,31.29102],[120.345037,31.299557],[120.340033,31.313098],[120.35534,31.314275],[120.361227,31.321634],[120.357401,31.329582],[120.34386,31.333409],[120.331497,31.330465],[120.292346,31.306327],[120.295584,31.315453],[120.31619,31.350776],[120.326492,31.361374],[120.342094,31.364023],[120.362405,31.364317],[120.380067,31.369027],[120.38772,31.384628],[120.391547,31.402879],[120.404499,31.430843],[120.402144,31.443501],[120.390075,31.450566],[120.36947,31.457336],[120.34857,31.461457],[120.336795,31.460574],[120.317367,31.44409],[120.285281,31.42319],[120.251135,31.406411],[120.224054,31.40229],[120.208747,31.412887],[120.207864,31.428489],[120.219344,31.473232],[120.224054,31.485595],[120.225231,31.499725],[120.216695,31.518564],[120.23259,31.51356],[120.243776,31.502374],[120.251724,31.487361],[120.257611,31.471466],[120.264382,31.471466],[120.26291,31.484712],[120.263793,31.496487],[120.268503,31.506201],[120.278511,31.512382],[120.278511,31.518564],[120.237594,31.518564],[120.240538,31.53446],[120.229058,31.538286],[120.21169,31.535637],[120.196089,31.531516],[120.200505,31.538875],[120.203448,31.54594],[120.182548,31.54123],[120.169891,31.52975],[120.160471,31.515915],[120.148991,31.504729],[120.133389,31.499725],[120.117494,31.496781],[120.105425,31.490599],[120.100421,31.474409],[120.09159,31.468816],[120.071573,31.468228],[120.042431,31.471466],[120.027713,31.468816],[120.014466,31.460869],[120.009168,31.447622],[120.018587,31.429077],[119.998571,31.415831],[119.984441,31.396992],[119.963836,31.354014],[119.917032,31.290726],[119.90879,31.271298],[119.898193,31.248043],[119.89937,31.230381],[119.905257,31.211542],[119.90879,31.186521],[119.912911,31.172097],[119.93175,31.15002],[119.935871,31.138246],[119.936754,31.112636],[119.93852,31.098506],[119.942642,31.086437],[119.96207,31.067598],[120.025358,31.022266],[120.050968,30.994596],[120.128385,30.943082],[120.213162,30.920416],[120.304121,30.93013],[120.389192,30.959861],[120.520773,31.039634],[120.542556,31.056412],[120.589654,31.077018],[120.601428,31.086437],[120.576996,31.172686],[120.562867,31.173275],[120.552564,31.153847],[120.546971,31.127648],[120.546088,31.107043],[120.523716,31.113519],[120.491336,31.116168],[120.462489,31.111458],[120.449831,31.097035],[120.444238,31.069659],[120.414802,31.029625],[120.402144,31.004604],[120.393607,31.011963],[120.385071,31.016084],[120.37624,31.016379],[120.367409,31.011375],[120.344154,31.027565],[120.331791,31.038456],[120.326492,31.049053]],[[120.719174,31.393165],[120.716525,31.394342],[120.724178,31.406117],[120.737425,31.422307],[120.749199,31.445267],[120.748905,31.464107],[120.737425,31.470877],[120.717408,31.457042],[120.712109,31.447917],[120.706222,31.427605],[120.700335,31.419069],[120.69121,31.410238],[120.685322,31.401701],[120.684439,31.392282],[120.690326,31.38139],[120.682084,31.379035],[120.662362,31.367555],[120.657063,31.364612],[120.650587,31.362257],[120.641462,31.361374],[120.641462,31.354014],[120.680318,31.361962],[120.717408,31.375209],[120.747727,31.396992],[120.764506,31.406117],[120.785112,31.408766],[120.775986,31.399641],[120.764506,31.39552],[120.754792,31.389927],[120.750965,31.378152],[120.757441,31.375797],[120.807483,31.381979],[120.820141,31.380802],[120.826617,31.38139],[120.843396,31.387278],[120.850755,31.388161],[120.862824,31.392282],[120.865473,31.40229],[120.860763,31.429077],[120.848106,31.413182],[120.84163,31.407294],[120.833387,31.40229],[120.836331,31.426722],[120.829561,31.459102],[120.833387,31.477353],[120.823379,31.468522],[120.816903,31.459397],[120.805423,31.436436],[120.802185,31.447328],[120.802774,31.457336],[120.8066,31.467345],[120.813076,31.477353],[120.79041,31.48324],[120.777458,31.48324],[120.765389,31.477353],[120.783345,31.463224],[120.775692,31.443795],[120.719174,31.393165]],[[118.903242,31.547706],[118.839954,31.538875],[118.834361,31.540347],[118.829062,31.544174],[118.82288,31.54594],[118.815816,31.542407],[118.806396,31.534165],[118.801981,31.532105],[118.794621,31.531516],[118.785791,31.532693],[118.750172,31.542113],[118.733688,31.556243],[118.722502,31.559481],[118.688356,31.538875],[118.706018,31.534754],[118.724268,31.527689],[118.74193,31.517681],[118.757237,31.504729],[118.736043,31.504729],[118.736043,31.497958],[118.732216,31.488539],[118.738104,31.472938],[118.74664,31.456159],[118.750467,31.443501],[118.751056,31.434376],[118.758415,31.423779],[118.777843,31.408766],[118.773427,31.39287],[118.784024,31.389338],[118.794916,31.400818],[118.791383,31.429077],[118.764302,31.484418],[118.771661,31.471466],[118.82288,31.401996],[118.857615,31.381685],[118.894411,31.40229],[118.906185,31.436436],[118.907952,31.439969],[118.912956,31.442912],[118.945925,31.443501],[118.956522,31.448211],[118.965941,31.459691],[118.973006,31.473526],[118.976538,31.484418],[118.975361,31.494132],[118.971534,31.501196],[118.96653,31.506789],[118.963292,31.512382],[118.951812,31.552416],[118.939154,31.565662],[118.903242,31.547706]],[[119.600002,31.648967],[119.579396,31.662802],[119.544367,31.663097],[119.511692,31.651911],[119.496974,31.631894],[119.481373,31.547412],[119.491087,31.525334],[119.500212,31.512088],[119.506394,31.514737],[119.510221,31.526806],[119.511398,31.542407],[119.517874,31.555654],[119.532004,31.559186],[119.545839,31.559481],[119.552315,31.563013],[119.562617,31.587151],[119.583223,31.603635],[119.600885,31.621297],[119.600002,31.648967]],[[119.796637,31.507672],[119.798992,31.512382],[119.804585,31.515915],[119.819597,31.521213],[119.826073,31.525334],[119.844913,31.542407],[119.84609,31.550944],[119.832844,31.559481],[119.848445,31.580675],[119.85757,31.597748],[119.861397,31.617765],[119.86022,31.648967],[119.858159,31.678404],[119.853155,31.703425],[119.839908,31.715199],[119.812533,31.704013],[119.798697,31.686646],[119.770733,31.607756],[119.74218,31.563307],[119.732171,31.540936],[119.730405,31.512382],[119.723635,31.486184],[119.72599,31.477942],[119.736587,31.471466],[119.751305,31.469994],[119.766612,31.474704],[119.780741,31.482652],[119.791927,31.491188],[119.794282,31.495309],[119.796637,31.507672]],[[119.268548,33.169358],[119.257951,33.221755],[119.244999,33.227642],[119.23499,33.220872],[119.237051,33.211158],[119.237051,33.204976],[119.225865,33.197323],[119.156984,33.165826],[119.152863,33.158172],[119.139027,33.094001],[119.134023,33.080754],[119.122249,33.069274],[119.108414,33.065742],[119.094578,33.063681],[119.08251,33.057205],[119.052484,33.046608],[118.945925,33.073984],[118.914722,33.067508],[118.900298,33.069569],[118.888818,33.09665],[118.874394,33.10136],[118.839954,33.10136],[118.862031,33.087525],[118.896766,33.049846],[118.921787,33.039838],[118.933561,33.040132],[118.95711,33.045431],[118.970357,33.046608],[118.981837,33.044253],[119.014806,33.032479],[119.030996,33.030418],[119.061021,33.021293],[119.075739,33.019232],[119.087808,33.02247],[119.109885,33.0366],[119.11695,33.039838],[119.135789,33.044842],[119.158455,33.0575],[119.179944,33.073101],[119.195545,33.087525],[119.183771,33.087525],[119.173174,33.08517],[119.16346,33.080754],[119.154629,33.073984],[119.154923,33.106658],[119.158455,33.134329],[119.170524,33.155817],[119.195545,33.170241],[119.220566,33.176423],[119.236462,33.176128],[119.243232,33.166709],[119.240877,33.158467],[119.230575,33.146692],[119.229692,33.142276],[119.234107,33.136978],[119.238228,33.136978],[119.243527,33.137861],[119.250886,33.136095],[119.292097,33.11755],[119.298573,33.111957],[119.300928,33.096944],[119.323888,33.047786],[119.328304,33.034245],[119.327126,33.023648],[119.31594,33.019232],[119.307404,33.023648],[119.284443,33.044842],[119.277967,33.053967],[119.267959,33.046019],[119.267076,33.037483],[119.268253,33.028358],[119.264427,33.019232],[119.255007,33.012462],[119.22351,32.998921],[119.270314,32.960065],[119.276496,32.951234],[119.275024,32.941815],[119.264427,32.93004],[119.261483,32.932395],[119.253241,32.935633],[119.243527,32.937988],[119.237051,32.93681],[119.235285,32.930629],[119.238228,32.92327],[119.242055,32.915616],[119.243232,32.909434],[119.237345,32.887946],[119.239406,32.877349],[119.250886,32.868518],[119.259128,32.872933],[119.266487,32.875288],[119.284738,32.875877],[119.226454,32.851445],[119.21203,32.864102],[119.201138,32.868518],[119.189952,32.870284],[119.16081,32.88147],[119.156101,32.885297],[119.153451,32.900309],[119.150213,32.90708],[119.144915,32.910023],[119.137556,32.906196],[119.129019,32.894716],[119.12166,32.878821],[119.116361,32.862042],[119.113418,32.847912],[119.09605,32.861159],[119.081921,32.874994],[119.066614,32.883825],[119.044831,32.882059],[119.044831,32.875877],[119.06367,32.864691],[119.082215,32.832311],[119.099288,32.820831],[119.113123,32.81877],[119.122543,32.819948],[119.129019,32.818182],[119.134023,32.806996],[119.133435,32.801108],[119.129608,32.79581],[119.124604,32.790806],[119.120777,32.785802],[119.126075,32.773144],[119.131668,32.756071],[119.141971,32.738115],[119.156101,32.724574],[119.17494,32.717803],[119.17494,32.711327],[119.169641,32.709267],[119.166403,32.707206],[119.162282,32.70544],[119.154629,32.703968],[119.172585,32.692488],[119.174646,32.676298],[119.177,32.667173],[119.195545,32.676592],[119.207614,32.690428],[119.213796,32.707795],[119.216445,32.748712],[119.227337,32.759309],[119.250297,32.746945],[119.272669,32.727517],[119.2815,32.717803],[119.293569,32.724574],[119.306521,32.741058],[119.316529,32.761369],[119.319178,32.779031],[119.33213,32.7702],[119.351853,32.740764],[119.367454,32.731344],[119.380406,32.732227],[119.391592,32.740175],[119.401012,32.752538],[119.408371,32.766079],[119.415141,32.793455],[119.411903,32.819653],[119.405133,32.847324],[119.38806,33.002159],[119.379523,33.02041],[119.358623,33.010696],[119.331542,32.994211],[119.305343,32.991268],[119.326243,33.003925],[119.341844,33.019232],[119.349498,33.037777],[119.346849,33.060149],[119.342139,33.068097],[119.335074,33.076633],[119.328598,33.086347],[119.31859,33.131974],[119.31594,33.139038],[119.296218,33.152874],[119.279734,33.15935],[119.268548,33.169358]]],[[[121.18663,31.77412],[121.17891707277784,31.78172849687292],[121.17629031569378,31.784320714755253],[121.17899795728326,31.790451025616093],[121.181443,31.79598],[121.18697038991208,31.799712610101015],[121.19516,31.80524],[121.2193,31.82947],[121.23673338056349,31.8339919291408],[121.264065,31.841077],[121.29479507087136,31.834906716534388],[121.32256,31.82933],[121.34183910160567,31.823614060945648],[121.362089,31.817608],[121.386133,31.811736],[121.423885,31.795639],[121.45671962958352,31.779758403272865],[121.4753,31.77077],[121.4863940423859,31.761936255303162],[121.500966,31.750329],[121.535176,31.72841],[121.54014999224057,31.726379963016505],[121.50772,31.57181],[121.48882987998088,31.578428495927007],[121.48463,31.579901],[121.404614,31.613715],[121.375523,31.634134],[121.344737,31.641303],[121.33452537066366,31.646120576394203],[121.3144605468829,31.65558974191028],[121.302908,31.671454],[121.30234936043813,31.672524476761716],[121.2859,31.70405],[121.22451,31.73767],[121.20558,31.75662],[121.18663,31.77412]]],[[[120.56547776937565,32.050910000006354],[120.56536,32.05231],[120.56878,32.05809],[120.57475049952396,32.06055825119985],[120.579519,32.062527],[120.600108,32.060818],[120.627208,32.046536],[120.631358,32.036078],[120.63110258983075,32.0357645576274],[120.62688,32.03059],[120.60165,32.03181],[120.58583399999394,32.03297800000045],[120.581879,32.033271],[120.566254,32.041734],[120.56547776937565,32.050910000006354]]],[[[119.819347,32.203762],[119.789317,32.211493],[119.749848,32.228013],[119.719493,32.249579],[119.71810300531021,32.25918899924724],[119.71616,32.27265],[119.72833471908162,32.27984032024237],[119.750824,32.293118],[119.76391654811509,32.29257731487092],[119.78533,32.29169],[119.8143,32.27558],[119.82137072043128,32.266650167731186],[119.832856,32.252143],[119.8677045779994,32.172018137610856],[119.87501,32.15522],[119.87622218405873,32.14883370398532],[119.880707,32.12519],[119.89884648176127,32.08769740853127],[119.90137805236914,32.0824640262345],[119.901866,32.073391],[119.89031,32.075385],[119.858735,32.101549],[119.8526128898119,32.10420034557131],[119.84352,32.10814],[119.8152,32.11522],[119.80486,32.12031],[119.79747489829604,32.12049310169514],[119.79517742109842,32.12055098938992],[119.79503190285246,32.12060681714466],[119.792003,32.121772],[119.78712081580794,32.12958269484096],[119.78804093972383,32.13262212056314],[119.78834059412293,32.133610661037785],[119.78924116548741,32.13461266194162],[119.79127,32.136868],[119.792003,32.142279],[119.79158001356981,32.15232070651158],[119.79103,32.16547],[119.79791823050077,32.177138538991706],[119.798839,32.178697],[119.80115989404122,32.18088158057535],[119.80991,32.18911],[119.81935,32.20376],[119.81934632127525,32.20376094693781],[119.819347,32.203762]]]]},"properties":{"id":"southern-tang-943","dynastyId":"southern-tang","name":"南唐","validFromYear":943,"validToYearExclusive":944,"boundaryKind":"controlled","accuracyLevel":"reconstructed","verificationStatus":"reviewed","sourceRefs":["atlas-1935-936-946","user-943-crosscheck","natural-earth-land-10m"],"disputedNote":null,"labelLongitude":116.9,"labelLatitude":30.3,"snapshotId":"snapshot-943"}},{"type":"Feature","geometry":{"type":"MultiPolygon","coordinates":[[[[121.103479,27.46007],[121.10345999999981,27.45870499998707],[121.10336000724324,27.45188049435166],[121.093124,27.452894],[121.074716,27.456722],[121.066487,27.454984],[121.06789643917351,27.45107428040332],[121.06945,27.44676],[121.07203218720939,27.443743187220715],[121.0765159386926,27.438499241246024],[121.0672633177064,27.43677061983068],[121.059159,27.444133],[121.05732122647755,27.446548585239558],[121.05009,27.45606],[121.04611,27.4652],[121.04634933425127,27.465466583555607],[121.053403,27.47332],[121.05770143631982,27.47460625474418],[121.074,27.47948],[121.08314,27.47302],[121.09434,27.46653],[121.10197413606922,27.46113431958347],[121.103479,27.46007]]],[[[121.09714015957013,27.82219994683089],[121.09604034578066,27.82786821789969],[121.11402082989217,27.84414013112732],[121.13307,27.84715],[121.14918,27.84577],[121.15675,27.84878],[121.15674823596686,27.848781696022225],[121.156749,27.848782],[121.15531233333837,27.85016223854938],[121.1526,27.85277],[121.15366,27.85643],[121.15757407058513,27.85775798823424],[121.158702,27.85814],[121.167979,27.859687],[121.17899051921935,27.863685038429264],[121.18165,27.86465],[121.18848767855461,27.863710319029046],[121.189708,27.855292],[121.18941505488039,27.850254351616318],[121.1893001067339,27.848291822286036],[121.187511,27.845933],[121.1870859999997,27.8455079999997],[121.18539,27.84382],[121.18147775560098,27.842616829599507],[121.180349,27.842271],[121.17970566666506,27.842444177064074],[121.17506,27.8437],[121.17302,27.84101],[121.17395310273974,27.833161569177875],[121.174815,27.825873],[121.17248041525427,27.821256000000066],[121.17123147583999,27.81879291057024],[121.1647440569165,27.81862828458919],[121.16,27.81851],[121.14747,27.82437],[121.13844,27.82486],[121.13491471864907,27.823025844070397],[121.130056,27.820502],[121.12502673260784,27.81951395054013],[121.11638,27.81782],[121.09799122276391,27.81782],[121.09714015957013,27.82219994683089]]],[[[121.05914,27.847771],[121.05892304502245,27.848296075039546],[121.05648,27.85422],[121.05304,27.85592],[121.04694,27.85522],[121.03237,27.8485],[121.03236738836732,27.848498179086562],[121.032367,27.848498],[121.0321457326531,27.848343633666442],[121.02659,27.84447],[121.02402093913037,27.84184237391298],[121.02000784423805,27.837740884860036],[121.01504,27.83978],[121.01313,27.84453],[121.01545,27.84994],[121.02086,27.85703],[121.02086499334811,27.86041049667406],[121.020874,27.8638],[121.02174347008578,27.86711316239433],[121.02203,27.8682],[121.0266107594823,27.86840107586205],[121.029319,27.868517],[121.032384,27.870208],[121.03731145267814,27.873569698210815],[121.04082,27.87596],[121.04697,27.87522],[121.05155,27.86877],[121.05543974525548,27.865054098107894],[121.056917,27.863641],[121.05691896602208,27.863640987766622],[121.05692,27.86364],[121.06186862195132,27.863610189024392],[121.061899,27.86361],[121.06189901845727,27.86361000591291],[121.0619,27.86361],[121.06953,27.86605],[121.07423524999759,27.866384333333162],[121.079104,27.866726],[121.08369654184862,27.865697550476117],[121.08082000000223,27.86366000000158],[121.077941,27.861623],[121.07616942401543,27.85987245589816],[121.07179,27.85555],[121.06604,27.85149],[121.06604042209327,27.85148770944052],[121.066038,27.851486],[121.0664366113735,27.849337722279746],[121.06679,27.84742],[121.06257096897852,27.845740385754485],[121.05914,27.847771]]],[[[121.04421518309162,27.95260379578395],[121.040212,27.957953],[121.04056836860903,27.958636452546873],[121.04518,27.96747],[121.06479,27.98143],[121.06608623305097,27.981784834745795],[121.07016,27.982896],[121.07379348412093,27.981907855149622],[121.07569,27.98139],[121.07804168771008,27.981055354380437],[121.080821,27.980658],[121.10084083295958,27.98271325056237],[121.11134,27.98379],[121.12745,27.97748],[121.13409365213222,27.97110840569465],[121.139659,27.965766],[121.1394639713277,27.962253485653946],[121.13917,27.95698],[121.12582043353628,27.951360182507404],[121.103282,27.946194],[121.09392637130902,27.94759349704463],[121.09295,27.94774],[121.08782735032696,27.951471378533952],[121.083344,27.954739],[121.08334024900427,27.954739818623334],[121.08334,27.95474],[121.0812152631094,27.95520357895795],[121.071788,27.957261],[121.049327,27.950873],[121.04468860992125,27.95197185550691],[121.04421518309162,27.95260379578395]]],[[[121.1532662214104,28.075945888079687],[121.152351,28.078074],[121.14621957142951,28.080956410118606],[121.14275,28.08259],[121.14228541134999,28.083607879480855],[121.137462,28.094184],[121.1333444250987,28.099771879221674],[121.13063,28.10346],[121.13233,28.11431],[121.13232882628759,28.114312892953127],[121.132329,28.114314],[121.13137524999591,28.116663257052302],[121.12736,28.12656],[121.12109485135238,28.134743234213555],[121.120372,28.135688],[121.1240225594786,28.13914576209291],[121.12501,28.14008],[121.13494,28.14305],[121.16528,28.15053],[121.18753,28.1689],[121.1908099388638,28.17302669454387],[121.20407,28.189707],[121.20516112758841,28.192025590523684],[121.20898,28.20013],[121.21095,28.20897],[121.23059,28.21973],[121.24729604166642,28.21653895833338],[121.25640096452123,28.21479838911825],[121.26889,28.19394],[121.27024,28.18229],[121.26184,28.16881],[121.25553,28.14],[121.2599394467376,28.130990242570537],[121.264536,28.121595],[121.26453888638473,28.121592275433635],[121.26454,28.12159],[121.2721760265504,28.114383293539166],[121.28534941371421,28.101948441291764],[121.27914,28.08544],[121.2678312493164,28.0845400994151],[121.257091,28.08515],[121.25645917070432,28.085319715495793],[121.24724,28.0878],[121.24125728137234,28.09116240607833],[121.238129,28.092922],[121.235688,28.085517],[121.23555455733344,28.085314180261605],[121.23365,28.08242],[121.23377783985102,28.080717173184464],[121.233897,28.079088],[121.23720202962683,28.072923088876614],[121.2381282369291,28.07119329273288],[121.23145766654005,28.0650105446651],[121.21925,28.06786],[121.21924975005366,28.067856825005915],[121.219249,28.067857],[121.21902628703836,28.065018240757528],[121.21851020352909,28.058462585369593],[121.202442,28.054754],[121.1864,28.0437],[121.166899,28.043082],[121.151573,28.041232],[121.146734,28.057811],[121.15076208754877,28.064234806951973],[121.15524,28.07137],[121.1532662214104,28.075945888079687]]],[[[121.60067904720063,28.53416714445457],[121.607677,28.541815],[121.6151638,28.541815],[121.61801,28.53807],[121.62208,28.52672],[121.62213345769386,28.5266599830799],[121.625336,28.523057],[121.62557382278479,28.518734278481393],[121.62557989755807,28.518621895175702],[121.62208046153425,28.515041076918774],[121.62029,28.51321],[121.62005118441839,28.51256388935114],[121.618826,28.509263],[121.618256,28.504462],[121.6151957172796,28.502663696336317],[121.61362,28.50174],[121.61092178965396,28.502490729556182],[121.607514,28.503445],[121.60377,28.506212],[121.601573,28.508938],[121.6015706480683,28.50893919580614],[121.60157,28.50894],[121.59693474576395,28.511296254236658],[121.596772,28.511379],[121.59619617518248,28.51237795620438],[121.59539,28.51378],[121.59881,28.5161],[121.59742998578922,28.523666608529886],[121.597341,28.524156],[121.59993792607759,28.53194600001098],[121.60067904720063,28.53416714445457]]],[[[120.63011024123828,30.134970191934112],[120.63011,30.13497],[120.63040230259143,30.13278121035695],[120.631789,30.122388],[120.63767620150443,30.116963102653827],[120.65332,30.10254],[120.66767329842149,30.09385908572312],[120.682465,30.084906],[120.70102,30.080756],[120.723399,30.079739],[120.754975,30.086859],[120.764985,30.086615],[120.771983,30.083197],[120.77920999981912,30.07628800017293],[120.78403,30.07168],[120.78494650096681,30.071054504814622],[120.792247,30.066067],[120.79224452155269,30.066073738940318],[120.79225,30.06607],[120.78682844131427,30.080800153013985],[120.783702,30.089301],[120.77899122337423,30.09111278007704],[120.76466,30.09663],[120.71412,30.09333],[120.688,30.09781],[120.66456,30.10961],[120.64625102966268,30.12693902544761],[120.662852,30.141181],[120.6690645083936,30.148235581911784],[120.70105,30.18455],[120.75142507589388,30.225625984869403],[120.79334300312843,30.2172690109776],[120.81348843964176,30.21325031126708],[120.82862,30.18499],[120.853215,30.174436],[120.892812,30.169796],[120.923504,30.185866],[120.94802400000796,30.19073644379435],[120.95419,30.19196],[120.95419276151684,30.19196175399826],[120.954194,30.191962],[120.960216,30.195787],[120.994395,30.211086],[121.0390450983714,30.238984431778327],[121.10914,30.28278],[121.11577247673827,30.289145691777826],[121.128779,30.301627],[121.13343065467397,30.30699203588605],[121.1497,30.32575],[121.18539,30.33756],[121.2541,30.34839],[121.31322,30.33819],[121.37738,30.32506],[121.4139157310218,30.30261092412988],[121.429592,30.292976],[121.506847,30.220026],[121.554596,30.160891],[121.567123637977,30.141820704800967],[121.58703,30.11151],[121.62332,30.05987],[121.64319,30.03649],[121.65186308182967,30.02610754093141],[121.658306,30.018389],[121.677756,30.000641],[121.69670121477388,29.99049665291592],[121.70676,29.98511],[121.70676215820102,29.98510945074712],[121.706763,29.985109],[121.70818508076458,29.984747323073595],[121.73234,29.9786],[121.72193,29.96052],[121.7219362648458,29.9605209348704],[121.721934,29.960517],[121.7314577731362,29.96194178009978],[121.73225,29.96206],[121.7356356206838,29.96404094827244],[121.75011,29.972505],[121.767482,29.973177],[121.796641,29.963039],[121.80245340080563,29.959644198417728],[121.81643,29.95148],[121.84981,29.94038],[121.85779334645764,29.937639346476544],[121.873231,29.932337],[121.89866931514953,29.923345315166188],[121.89925,29.92314],[121.89925087045411,29.923139752730886],[121.899253,29.923139],[121.914876,29.918696],[121.935557,29.887356],[121.94262695384332,29.887143407686914],[121.94959,29.88693],[121.95496884019606,29.887588719119176],[121.962413,29.888495],[121.9817,29.890286],[122.056244,29.887356],[122.06290827630926,29.8886410109752],[122.06764,29.88955],[122.08147794525777,29.896679739652242],[122.086681,29.899359],[122.09148249999517,29.901257499998092],[122.10589,29.90695],[122.11751500000362,29.905364999999506],[122.12914103202237,29.90377726876062],[122.13641,29.88454],[122.12486299999945,29.877611799999674],[122.114755,29.871554],[122.0827848755794,29.857692957997575],[122.06861,29.85155],[122.0562565033214,29.846799830035803],[122.028168,29.836005],[122.00110180173309,29.828310784361136],[121.98304,29.82318],[121.96605,29.81125],[121.9605836783685,29.807597070341227],[121.936778,29.791693],[121.92441,29.773473],[121.91090753316668,29.76076286731918],[121.90217,29.75254],[121.90102494630825,29.753133932894112],[121.885325,29.761284],[121.8804107457716,29.75827474576816],[121.87315,29.75383],[121.87314924557803,29.75382815038024],[121.873149,29.753828],[121.866107,29.736565],[121.862448,29.708002],[121.84619466668181,29.695795367336327],[121.8346,29.68709],[121.81942133278011,29.678089334954937],[121.776465,29.652625],[121.717727,29.588654],[121.70910823938122,29.578116512724193],[121.70411,29.57201],[121.68795422581184,29.56298744353215],[121.68734955253996,29.56264986675146],[121.667,29.55659],[121.6482,29.55671],[121.64000000000621,29.555136666667856],[121.635898,29.554351],[121.62990469647376,29.55438986901763],[121.62387,29.55443],[121.61605766667698,29.549810487220398],[121.609141,29.545722],[121.60384686634119,29.545047198071078],[121.59254,29.54361],[121.57920607803239,29.54985639021412],[121.574311,29.552151],[121.530822,29.510015],[121.52255,29.512922],[121.52176963937562,29.517781999939547],[121.52012,29.52806],[121.51684,29.54609],[121.51104,29.54899],[121.50519526198336,29.549124190413647],[121.499278,29.549262],[121.484386,29.544664],[121.475434,29.538764],[121.47543000000002,29.538760000000007],[121.47543,29.53876],[121.47164975014873,29.53497975014872],[121.46786999999999,29.53119999999999],[121.46257555556461,29.527872222227913],[121.458344,29.525214],[121.45003417936948,29.52467181389368],[121.44337,29.52424],[121.44337,29.524237],[121.44337,29.518012],[121.44337,29.51801],[121.44608092604912,29.515843481231233],[121.44825225458476,29.514106596271127],[121.45271779032613,29.507365012096006],[121.457019,29.500871],[121.45668850627386,29.49862559247772],[121.45532,29.48936],[121.44116,29.48153],[121.43066469072488,29.470829827330615],[121.427836,29.467947],[121.44270999461308,29.439768904659054],[121.44259,29.41537],[121.44259300840925,29.41537073871971],[121.442593,29.415369],[121.465074,29.420886],[121.473461,29.448933],[121.47406974578767,29.451433932225044],[121.47974975506565,29.474758994172664],[121.49231999999999,29.479295],[121.50489,29.48383],[121.50009,29.4759],[121.49179,29.45596],[121.4917913164234,29.45595976004891],[121.491791,29.455959],[121.49741616363981,29.454934490958298],[121.51368,29.45197],[121.51222819730597,29.44124899549026],[121.51172930764763,29.43756926915721],[121.49716,29.42219],[121.48998706815276,29.41899563072152],[121.480968,29.414984],[121.47918813349321,29.41379031068558],[121.47763,29.41275],[121.47665,29.40778],[121.47885,29.4029],[121.48486,29.39054],[121.48486360427744,29.39054081349555],[121.484864,29.39054],[121.48861066667111,29.391386536011712],[121.49731,29.39335],[121.50383264651774,29.396156646522265],[121.50893,29.398349],[121.5107266666688,29.39978666666837],[121.51971,29.40697],[121.53133,29.41704],[121.53797,29.42422],[121.5488,29.4386],[121.5534867357122,29.449376685709478],[121.553809,29.450117],[121.55417270791352,29.45092291751798],[121.55966,29.46307],[121.56964,29.47457],[121.58125939741501,29.478139814868467],[121.58166441751692,29.478236958758274],[121.60199,29.48311],[121.61870290053307,29.48808525136321],[121.642672,29.495218],[121.65492541159256,29.50090788263085],[121.67555,29.51048],[121.67448139534926,29.518900604647882],[121.67430023892241,29.520330114657135],[121.68176,29.52391],[121.69701020363966,29.53271859877635],[121.699799,29.534329],[121.70181857521932,29.53511027436729],[121.71095,29.53864],[121.72002682624188,29.53853376062921],[121.72462,29.538479],[121.72472101323288,29.538063493382264],[121.72535,29.53547],[121.72535,29.52904],[121.72657,29.52228],[121.73129,29.51801],[121.73393619454026,29.518418389078654],[121.737641,29.518988],[121.74586,29.523098],[121.75646056250783,29.527576312503307],[121.76399931400174,29.530759710322677],[121.76522999998915,29.52570500004459],[121.76646,29.52065],[121.75722,29.49905],[121.75958457931338,29.491497289662405],[121.761289,29.486047],[121.764567,29.47665],[121.76882607122337,29.47442180340732],[121.77838,29.46942],[121.78390720330206,29.47237092527759],[121.790326,29.475795],[121.811988,29.490118],[121.81198834574585,29.49011890632875],[121.81199,29.49012],[121.82133,29.5146],[121.83058,29.52806],[121.83668532441651,29.526675062988655],[121.847423,29.524237],[121.84559681817888,29.532626636377156],[121.84482,29.5362],[121.83652,29.54239],[121.82959638804232,29.544897368115706],[121.825531,29.546373],[121.81744500000657,29.550415999996716],[121.81398,29.55215],[121.81397844167277,29.552149279163608],[121.813975,29.552151],[121.799815,29.5456],[121.782725,29.543443],[121.765717,29.545722],[121.758274,29.548099],[121.75827351891964,29.54809887583507],[121.75827,29.5481],[121.75457872460271,29.547145264107773],[121.74497107242179,29.54466556726793],[121.7473545194599,29.557038766239685],[121.748422,29.562567],[121.774322,29.575436],[121.79313697174662,29.597148570615936],[121.79612,29.60059],[121.81837,29.60663],[121.83453,29.61557],[121.85401,29.61591],[121.85401239683267,29.615911954313994],[121.854015,29.615912],[121.85863078200629,29.619677663489313],[121.86793,29.62726],[121.88014,29.62352],[121.88539770135468,29.62460119909909],[121.899644,29.627527],[121.915782,29.640855],[121.927257,29.634467],[121.94086082804945,29.613953796440363],[121.94264,29.61127],[121.95065725618346,29.607531534457255],[121.953624,29.606147],[121.9578382721439,29.604931018994634],[121.96632,29.60248],[121.9712,29.59333],[121.97107818287134,29.580940182872208],[121.97095802623984,29.56891762549019],[121.96760849151285,29.564888005673613],[121.96371674745602,29.56020910090392],[121.95828543928297,29.558707732144654],[121.949718,29.556342],[121.941173,29.551174],[121.94117405277093,29.551172450622893],[121.94117,29.55117],[121.94784067479851,29.541361093488614],[121.9497985767113,29.538479622959663],[121.94625254173971,29.53754025048616],[121.92213,29.531155],[121.910411,29.524563],[121.91041141937922,29.524560798098044],[121.91041,29.52456],[121.91236,29.51431],[121.92221,29.50922],[121.93521798957951,29.50450399478915],[121.935557,29.504381],[121.94409957196635,29.497708896395153],[121.93995,29.48701],[121.94179666668313,29.48214999995664],[121.942719,29.479722],[121.94271940806765,29.47972155782917],[121.94272,29.47972],[121.97095788443772,29.44912229235856],[121.96933,29.439154],[121.963227,29.431952],[121.95993096054511,29.42659057143501],[121.95777,29.42308],[121.95753099254237,29.4156458722035],[121.95728619727096,29.408155036572538],[121.94752,29.42109],[121.93629,29.42772],[121.930056,29.425315],[121.92270711110827,29.418290442071356],[121.92256,29.41815],[121.92256007371822,29.41814989393145],[121.922556,29.418146],[121.9290992363084,29.40873897328164],[121.92542192303488,29.403795138548205],[121.921577,29.398634],[121.915729,29.390704],[121.91573078470164,29.39070106370667],[121.91573,29.3907],[121.92144,29.3813],[121.91936729893023,29.373966140222667],[121.916348,29.363294],[121.916246,29.348937],[121.9246916058753,29.340835744545373],[121.92701,29.33861],[121.92701153202519,29.338610408121465],[121.927013,29.338609],[121.9294502529299,29.339259000678965],[121.93108524776322,29.33279916815117],[121.931488,29.331204],[121.931407,29.323879],[121.9282031504613,29.321455924758148],[121.92506,29.31908],[121.91874006006128,29.31896623323512],[121.908946,29.318793],[121.91053604013823,29.316552973237886],[121.91163,29.31501],[121.9157799450495,29.30512013095433],[121.91020153001058,29.302760999945647],[121.90048,29.29865],[121.90585,29.28461],[121.92221,29.27049],[121.93232590854434,29.266874731670175],[121.939952,29.264146],[121.949555,29.267279],[121.95825338451887,29.27668045192885],[121.96266,29.28144],[121.97437724842116,29.28460925575897],[121.975597,29.280951],[121.98251952147774,29.26905517381094],[121.98585,29.26333],[121.98763719818584,29.261415599096317],[121.991466,29.25731],[121.966563,29.255764],[121.953217,29.249661],[121.9521548514159,29.24438477796093],[121.95069,29.23713],[121.95326164285747,29.229044910713228],[121.95728378902045,29.21638296029242],[121.94822479422996,29.220700680768275],[121.942963,29.223212],[121.94296223811445,29.223208933264363],[121.94296,29.22321],[121.9411534406794,29.21592817627695],[121.939708,29.21011],[121.93982875510204,29.207230188775405],[121.93995,29.20429],[121.94296,29.19587],[121.92213,29.19579],[121.89381,29.18708],[121.86586539985066,29.17344900000231],[121.84058907451428,29.16112001188213],[121.83577554124827,29.161181811881264],[121.812551,29.161485],[121.79955152794415,29.164638819863573],[121.78535,29.16809],[121.78804,29.20194],[121.7895513542269,29.213899791541206],[121.78977,29.215625],[121.794901,29.243705],[121.79535956771392,29.25428427085459],[121.79587,29.26604],[121.79697359859962,29.270979299278654],[121.801821,29.292668],[121.799653,29.305121],[121.80098589881986,29.306099757652177],[121.80869,29.31175],[121.81837,29.31623],[121.828868,29.318549],[121.83166344906107,29.318607203735038],[121.84059,29.31879],[121.83066,29.33389],[121.82154696293888,29.332750037061118],[121.816987,29.33218],[121.81309022370326,29.32944206577009],[121.80494,29.32372],[121.79986605929965,29.318991355831233],[121.799653,29.318793],[121.79193435753707,29.3253620860386],[121.78818,29.32856],[121.78809545259155,29.33330818245843],[121.787934,29.342597],[121.799653,29.373969],[121.79964967683479,29.37396913500917],[121.79965,29.37397],[121.78663,29.3745],[121.77589,29.37263],[121.77194765276988,29.37049510764615],[121.766856,29.367743],[121.758637,29.359768],[121.76804406692335,29.3428349712864],[121.77084,29.3378],[121.77788,29.29638],[121.77431,29.25389],[121.76105672479744,29.23317700001846],[121.758637,29.229397],[121.74569814668381,29.201608462711715],[121.73878,29.19587],[121.73553803151381,29.19276488969904],[121.724328,29.182035],[121.70446,29.174182],[121.68809751439052,29.174938685835997],[121.6706,29.17575],[121.65246,29.18302],[121.64292299995765,29.20030807897411],[121.64193989807431,29.202090558567548],[121.64050507601598,29.209953590641664],[121.639171,29.217271],[121.641612,29.267564],[121.645763,29.281195],[121.654552,29.299994],[121.64518988653761,29.3043792057479],[121.64039,29.30663],[121.62485,29.30146],[121.62485007490277,29.30145968989883],[121.624848,29.301459],[121.628917,29.284613],[121.62659271417787,29.2766980001072],[121.62289,29.26411],[121.63233,29.21064],[121.63025299999781,29.197105999985727],[121.62891722276957,29.188423448002183],[121.61476,29.206],[121.60646,29.22736],[121.58872,29.29149],[121.58659439095018,29.295255878189735],[121.583995,29.299872],[121.574311,29.305121],[121.57257015274386,29.30497591647834],[121.56308,29.30419],[121.56202,29.29584],[121.56582306409676,29.288153576787145],[121.567231,29.285305],[121.57430876928542,29.27777937186713],[121.56275,29.27188],[121.55082438490501,29.271440120754693],[121.55054975099763,29.271430064118615],[121.52589,29.27778],[121.52589,29.277777],[121.52589,29.270982],[121.52589,29.27098],[121.52872073960035,29.267558848997297],[121.536388,29.258287],[121.53052808884372,29.238227304130557],[121.53004199997471,29.237541629103408],[121.516938,29.219062],[121.50978995717558,29.213049217111095],[121.50489,29.20893],[121.50489,29.20209],[121.50913743601245,29.19413537202931],[121.51172812476561,29.189277641128513],[121.50570636475318,29.181702823789273],[121.50351,29.178941],[121.49097896385456,29.17597146538323],[121.48439,29.18529],[121.48024,29.19721],[121.48023620476648,29.197207539815444],[121.480235,29.197211],[121.471202,29.191352],[121.47120120921038,29.19135078384655],[121.4712,29.19135],[121.46789573259731,29.186267299418805],[121.461518,29.176459],[121.45867152346918,29.167942333336704],[121.45639,29.16112],[121.43141,29.17219],[121.42660596669319,29.171884588947847],[121.41977,29.171454],[121.40875960018361,29.161322000881274],[121.40854,29.16112],[121.40854006072182,29.161119976098302],[121.408539,29.161119],[121.44336542999986,29.14740779921369],[121.44087307877889,29.14620755145126],[121.439301,29.145453],[121.438487,29.144843],[121.43819548096872,29.144143211072322],[121.43808,29.14387],[121.43736779301322,29.14272625873059],[121.436046,29.140611],[121.43605062269938,29.140611],[121.43605,29.14061],[121.45639,29.14061],[121.45639,29.13378],[121.44246896873881,29.131265052109296],[121.441498,29.13109],[121.428315,29.127143],[121.42703786779656,29.12640800745603],[121.41538,29.1197],[121.41537711204232,29.11969721548526],[121.415375,29.119696],[121.401703,29.106513],[121.4017031089827,29.10651299762294],[121.4017,29.10651],[121.45854133566704,29.10527327974742],[121.496837,29.104438],[121.528656,29.115058],[121.62143,29.113267],[121.6230457181549,29.108631999989022],[121.62452,29.1044],[121.6246,29.08828],[121.62143,29.07087],[121.61990754712083,29.067943786220255],[121.614757,29.058051],[121.6082774243404,29.054794121163894],[121.59921,29.05024],[121.58505,29.05362],[121.57114,29.06086],[121.55641,29.06489],[121.54980579461801,29.063635437687292],[121.536876,29.061184],[121.53140681318102,29.05287899999121],[121.53028,29.05117],[121.53207,29.02049],[121.5381,29.01805],[121.54490036859904,29.02024115785174],[121.548595,29.02143],[121.552745,29.028713],[121.53956355394878,29.037582281547365],[121.54711217756001,29.04242831152001],[121.557384,29.049018],[121.57211600208723,29.04680199369183],[121.61744,29.03998],[121.62969000001301,29.045620000005986],[121.641938,29.051256],[121.67134837849896,29.03315230275887],[121.68173,29.02676],[121.68502987485508,29.02279687486387],[121.68978647848431,29.017079031077216],[121.67649598969354,29.013422237106766],[121.675873,29.013251],[121.67587261610345,29.013250719804326],[121.67587,29.01325],[121.66171,29.00292],[121.65648423322676,28.993428841842793],[121.653819,28.988593],[121.65382003744185,28.988590068002743],[121.65382,28.98859],[121.65943,28.97272],[121.6620066829284,28.971080292681922],[121.663829,28.969916],[121.668956,28.96898],[121.6689594529602,28.96898010023731],[121.66896,28.96898],[121.66928600000026,28.968989579697247],[121.680186,28.969306],[121.68465951761908,28.967515993285122],[121.68417,28.96345],[121.68287,28.95889],[121.68417,28.95563],[121.68810540555523,28.9545105299987],[121.692149,28.953355],[121.709483,28.951158],[121.7177790135386,28.948799417666415],[121.69752,28.93684],[121.68946,28.9278],[121.68417044493535,28.914701101824793],[121.62851,28.931952],[121.60531909165572,28.94257104223758],[121.60092891457626,28.94760834759676],[121.587413,28.963121],[121.58741265504236,28.96311695359463],[121.58741,28.96312],[121.58637020591496,28.9508888676821],[121.585297,28.9383],[121.57443250002574,28.9321350000146],[121.57081037470991,28.930080212568356],[121.56940599998379,28.930557631966774],[121.55429,28.9357],[121.54648,28.95222],[121.54163082595306,28.95367060762088],[121.53712,28.955024],[121.52731468258813,28.955673365177987],[121.51686,28.95637],[121.50289226584684,28.951442799290852],[121.497813,28.949652],[121.49781270396201,28.949650953838567],[121.49781,28.94965],[121.49179,28.92837],[121.49303220034314,28.929018599263134],[121.50489108405375,28.935206000350437],[121.50766,28.92499],[121.51174941245591,28.91705752523612],[121.511811,28.916938],[121.51767,28.912787],[121.52589,28.9147],[121.535167,28.903713],[121.53516770485169,28.903712718068945],[121.53517,28.90371],[121.54982,28.89785],[121.56111130895037,28.894763018286962],[121.566173,28.893378],[121.580577,28.886786],[121.58672750213823,28.89001491915448],[121.59034,28.89191],[121.60165,28.89362],[121.61085,28.89118],[121.61695,28.88028],[121.61695170533679,28.880280099492524],[121.616954,28.880276],[121.62672,28.880845],[121.628917,28.877143],[121.62777807326235,28.87083640567654],[121.6272041751585,28.869765800441883],[121.622651,28.861274],[121.62265001511587,28.861270028198625],[121.62265,28.86127],[121.62143,28.85635],[121.623546,28.842271],[121.62354997850377,28.8422701427673],[121.62355,28.84227],[121.62827,28.84125],[121.63502,28.8452],[121.64194,28.84585],[121.6565,28.83804],[121.66236,28.83344],[121.6699287698234,28.82534131630521],[121.66157267411675,28.818398906249673],[121.65382,28.81196],[121.65169899999842,28.810677813558367],[121.646739,28.807685],[121.64098148716639,28.80619190387193],[121.63575,28.80484],[121.63575,28.79804],[121.662608,28.79804],[121.662608,28.790595],[121.65413214972106,28.788610850283316],[121.65113,28.78791],[121.64728707949786,28.78615053639773],[121.642589,28.784003],[121.635509,28.77851],[121.62891722294314,28.770697264237683],[121.62880390523807,28.770585631554244],[121.626231,28.768052],[121.622325,28.76553],[121.618256,28.761949],[121.61492003583459,28.75667285661864],[121.61476,28.75642],[121.61476007919256,28.75641987003478],[121.614757,28.756415],[121.619721,28.748277],[121.622406,28.741889],[121.62154087480668,28.736586562595885],[121.62143,28.73591],[121.60556,28.72468],[121.56736615102511,28.715649930627652],[121.502778,28.700385],[121.38327759781603,28.709428793463967],[121.35117,28.71186],[121.33424,28.71703],[121.32016,28.72484],[121.30616,28.73591],[121.30306903991928,28.73900096008072],[121.298432,28.743638],[121.294932,28.748114],[121.290294,28.751614],[121.28398079322193,28.754274379684155],[121.2789,28.75642],[121.26889,28.75829],[121.24643,28.76008],[121.2423023305076,28.761904864407168],[121.237885,28.763861],[121.234711,28.769965],[121.23143349306724,28.77956123957755],[121.22739,28.79141],[121.22438,28.79804],[121.21445,28.80732],[121.20802,28.80956],[121.20102,28.80952],[121.19434796629672,28.810825265920112],[121.190033,28.811672],[121.17791992207768,28.816229694789484],[121.17359151247591,28.81785943052154],[121.162852,28.825344],[121.16057379666647,28.82807411142603],[121.15773,28.83149],[121.15634132173822,28.835783566462414],[121.155772,28.837551],[121.15421077116156,28.83966731347733],[121.15211,28.84252],[121.1465006367601,28.844431891462527],[121.142345,28.845852],[121.142345,28.845848295803478],[121.14234,28.84585],[121.14234,28.83959],[121.15968,28.81354],[121.17135009639021,28.80724139760758],[121.171886,28.806952],[121.1718863597969,28.806951964696022],[121.17189,28.80695],[121.17818070751407,28.806334350980766],[121.193451,28.804836],[121.206065,28.799058],[121.2132635525404,28.79123553752368],[121.21827,28.78579],[121.22260586759948,28.778634867612706],[121.227387,28.770738],[121.23004265056755,28.763393130103488],[121.23121,28.76016],[121.24081,28.75275],[121.26700993671743,28.744336270045054],[121.285899,28.738267],[121.299327,28.722886],[121.298676,28.701239],[121.286469,28.692694],[121.27778366047974,28.68986464810142],[121.27036,28.68745],[121.25839,28.67512],[121.25839901921114,28.675122203364893],[121.258393,28.675116],[121.29711023093196,28.684579230542433],[121.32765,28.69204],[121.365,28.69603],[121.38136,28.68195],[121.41383,28.6966],[121.45484,28.68952],[121.47782519405594,28.673961194012193],[121.490001,28.665717],[121.510128,28.657059],[121.525556,28.624655],[121.53037,28.599479],[121.53145475680624,28.59570757651626],[121.53843,28.57145],[121.5434749851414,28.562084014869203],[121.549439,28.55101],[121.55452263264918,28.545464530650897],[121.57316,28.52513],[121.57843362859778,28.512388514357145],[121.581619,28.50469],[121.550873,28.502143],[121.534923,28.503404],[121.521007,28.501044],[121.511567,28.489488],[121.521251,28.490709],[121.52598600000687,28.49106200000051],[121.54493,28.49247],[121.5846,28.4891],[121.60774,28.4772],[121.60036,28.46543],[121.59239999999302,28.45981999999508],[121.584439,28.454215],[121.583777,28.442946],[121.59166662790884,28.432677428554396],[121.59287,28.43111],[121.59287214618165,28.43110841279644],[121.592874,28.431106],[121.5995978569306,28.42613442931589],[121.60746,28.42032],[121.61445322480361,28.40114877518251],[121.615888,28.397214],[121.61588889523136,28.39721302861247],[121.61589,28.39721],[121.62752450378257,28.384587593941458],[121.63225985824168,28.379449409023618],[121.63069501621685,28.37292573784772],[121.628525,28.363902],[121.63026078088012,28.359249968702088],[121.63153,28.35584],[121.63404,28.34724],[121.63404230132414,28.347240820940193],[121.634044,28.347235],[121.64088,28.349677],[121.647716,28.348456],[121.65397218111897,28.341816150922305],[121.65634,28.3393],[121.64380336143779,28.324358722914944],[121.641694,28.321845],[121.64169362102058,28.321844315564455],[121.64169,28.32184],[121.63418817427893,28.308289504572674],[121.621349,28.285102],[121.607921,28.270453],[121.585541,28.256822],[121.58009877108347,28.259393554217276],[121.57814,28.26032],[121.58058,28.30085],[121.56749,28.3045],[121.54149,28.32179],[121.52196,28.32687],[121.51592608576254,28.328462931387225],[121.499986,28.332673],[121.473086,28.330603],[121.456391,28.318834],[121.447765,28.315904],[121.441254,28.311713],[121.44125352027592,28.31171226573827],[121.44125,28.31171],[121.43974273235904,28.30939986617842],[121.437266,28.305609],[121.43604671730951,28.29711],[121.42978,28.29711],[121.42066,28.30419],[121.40895,28.30492],[121.40894680781106,28.304917949473037],[121.408946,28.304918],[121.398936,28.298489],[121.395518,28.284084],[121.39552022929166,28.284080966109027],[121.39552,28.28408],[121.39701799998663,28.282042617765622],[121.401378,28.276109],[121.40588119032994,28.275128570988517],[121.41147,28.27391],[121.41879,28.26972],[121.41768765862129,28.264308142868973],[121.416026,28.256171],[121.408051,28.246283],[121.398936,28.243842],[121.388031,28.242662],[121.374522,28.236274],[121.36968,28.231045],[121.36484,28.22582],[121.36483901705363,28.225817098342286],[121.364838,28.225816],[121.3644561594542,28.22468690270881],[121.36109,28.21475],[121.35955805090877,28.20598501273373],[121.358897,28.202216],[121.35747447468867,28.19804254034532],[121.35401,28.18789],[121.36866,28.19204],[121.37044226687809,28.19301933435963],[121.37452055324293,28.19525720612323],[121.37647846153828,28.185369769231723],[121.37671989306573,28.18414954046085],[121.37403,28.17259],[121.36817,28.16201],[121.36604312350052,28.159610000015608],[121.36085,28.153754],[121.35141,28.146552],[121.34735592663901,28.14555274131227],[121.3458,28.14517],[121.3401,28.14643],[121.33009,28.14753],[121.32816415770534,28.149633157697732],[121.326182,28.151801],[121.31541255426099,28.166550889144826],[121.30934,28.17487],[121.30933829731718,28.174870223187607],[121.309337,28.174872],[121.301467011979,28.17590199101017],[121.29721,28.17646],[121.29631035838493,28.176885791918245],[121.287852,28.180894],[121.275184,28.208199],[121.261695,28.225791],[121.22517072043658,28.238860952982563],[121.24425800849357,28.26410932769086],[121.248871,28.270209],[121.24702492416553,28.27570998103811],[121.23683,28.3061],[121.21363236305267,28.32383045863443],[121.20314080077338,28.331851329775905],[121.21029909048981,28.343738489654175],[121.21157420703621,28.345257080753054],[121.21754,28.35236],[121.22864651144558,28.348695022884648],[121.230479,28.34809],[121.23047981604576,28.348090060702056],[121.23048,28.34809],[121.23080293588778,28.34811409616719],[121.244151,28.349107],[121.2518021580093,28.352958305189734],[121.2562,28.35517],[121.26466,28.36603],[121.26465509593241,28.366028988326807],[121.264659,28.366034],[121.24647584269815,28.362278741666728],[121.23097,28.35908],[121.2198946255917,28.360065938374625],[121.214122,28.360582],[121.184093,28.382148],[121.18409271372778,28.382148050778948],[121.18409,28.38215],[121.17818081614108,28.383196702758884],[121.168956,28.384833],[121.16382899999714,28.37970599999714],[121.16163,28.37751],[121.16344417016177,28.37311936170944],[121.168956,28.359768],[121.144298,28.343573],[121.13025,28.305554],[121.098692456567,28.296221717056063],[121.08847,28.2932],[121.08378792631278,28.292767852612],[121.072113,28.291693],[121.066661,28.311428],[121.06666055217832,28.311428],[121.06666,28.31143],[121.05909,28.31143],[121.04746899998943,28.309862583366385],[121.034923,28.308173],[121.024994,28.304592],[121.02499433174506,28.30459156169661],[121.02499,28.30459],[121.03564274398879,28.290522821252956],[121.039561,28.285346],[121.05008130894464,28.28227750568535],[121.05812,28.27993],[121.07895,28.27814],[121.1218,28.28436],[121.1252619293289,28.276672848490154],[121.130095,28.265929],[121.12680129428468,28.247179786765784],[121.12475,28.23552],[121.12139764472437,28.224993096501887],[121.119467,28.218936],[121.11720575059108,28.2147835003728],[121.10894,28.19961],[121.10589568482216,28.194281543469927],[121.100527,28.184894],[121.085836,28.166504],[121.053385,28.148163],[121.05338459969889,28.148162598844035],[121.05338,28.14816],[121.03872889392245,28.13347559595409],[121.031376,28.126107],[121.009378,28.103133],[121.002017,28.085642],[121.000886,28.050636],[120.99682687481653,28.036953104056764],[120.99351,28.02578],[120.98658409970012,28.01462803324824],[120.980936,28.005537],[120.965228,27.987145],[120.93930527777577,27.983910500037776],[120.9214,27.98168],[120.9021431779667,27.99089306779632],[120.898448,27.992662],[120.879975,27.998725],[120.855805,27.996731],[120.85580027100958,27.99673002231316],[120.8558,27.99673],[120.8554809841325,27.996664011906997],[120.819591,27.989244],[120.800792,27.993394],[120.7898296146828,27.998399825690946],[120.7811,28.00239],[120.76271,28.01431],[120.74757,28.02709],[120.7382165000029,28.032038522395553],[120.731049,28.035834],[120.7209368560309,28.038143295686808],[120.70753,28.04121],[120.6681302350726,28.04405452987955],[120.661957,28.044501],[120.620942,28.039944],[120.606049,28.042222],[120.59728612387397,28.04894062838398],[120.59018,28.05439],[120.58977289302159,28.057604660478333],[120.584972,28.095526],[120.58438281133648,28.097010864759923],[120.577,28.11563],[120.55958,28.11278],[120.55958113867831,28.11277902267906],[120.559581,28.112779],[120.55995955958014,28.112454226230074],[120.57447,28.1],[120.57960964100634,28.09079373075882],[120.58016999817366,28.089789003274653],[120.5801698515804,28.08970899999972],[120.580089,28.046129],[120.58084758050886,28.041545666664355],[120.58204,28.03433],[120.58456768452689,28.031535666671868],[120.588959,28.026679],[120.59345649999202,28.025889438890292],[120.60426,28.02399],[120.65895,28.02399],[120.67359,28.02171],[120.70530172775814,28.010417990115794],[120.707286,28.009711],[120.738536,27.9831],[120.74522908635214,27.97891654317013],[120.75058,27.97557],[120.79644232296594,27.96495432302453],[120.835297,27.955959],[120.84407483793588,27.950824225288372],[120.84726,27.94896],[120.84864711778229,27.946122353336797],[120.854259,27.934638],[120.86375996526925,27.91810953974205],[120.86261,27.90287],[120.86836,27.88256],[120.85227110718027,27.85819167694116],[120.84360853225246,27.85505720161407],[120.827,27.84905],[120.80749,27.83483],[120.80748995360469,27.834829880836455],[120.807486,27.834827],[120.796018,27.80537],[120.77724652980423,27.78223573509789],[120.76963,27.77285],[120.76246250001273,27.762937500017607],[120.74096,27.733203],[120.73282903388349,27.725538724569233],[120.72261,27.71591],[120.704253133595,27.712840523972584],[120.69446393661664,27.720833680749536],[120.68727,27.72671],[120.66395336729302,27.74459350002071],[120.65268,27.753241],[120.635265,27.763332],[120.63526543055474,27.76332685451795],[120.63526,27.76333],[120.63642824683596,27.749430246829338],[120.636729,27.745836],[120.64097734057952,27.740090672470803],[120.64527,27.73428],[120.6653308233745,27.717465503320888],[120.672455,27.711493],[120.67299699971021,27.708049400086857],[120.67359,27.70425],[120.68018,27.68638],[120.67530849998661,27.682051351247804],[120.669861,27.677213],[120.66986032301466,27.677210287019815],[120.66986,27.67721],[120.66968371371159,27.676502535289956],[120.667577,27.66806],[120.673106,27.659613],[120.67310801525427,27.65961303274888],[120.67311,27.65961],[120.6756279246192,27.659649967057447],[120.67276489993185,27.648912920072462],[120.66648,27.62536],[120.63559,27.60871],[120.61833,27.59373],[120.60687,27.58149],[120.59657,27.57028],[120.60578,27.54996],[120.61385,27.52963],[120.61415900001583,27.528744557438376],[120.618459,27.516421],[120.61845982716181,27.516420495269497],[120.61846,27.51642],[120.63339,27.50731],[120.65211,27.50336],[120.66195869916291,27.503240015847762],[120.66387417963365,27.502130572851684],[120.67685,27.49461],[120.67982595723649,27.48705698572728],[120.681977,27.481594],[120.67926470986532,27.471083007739733],[120.67807,27.46646],[120.66562,27.45173],[120.65602,27.44628],[120.65203883426335,27.4461578342644],[120.650483,27.446112],[120.646495,27.444485],[120.64649343347769,27.444481402648776],[120.64649,27.44448],[120.64326874420547,27.43707624807134],[120.637706,27.424302],[120.63643021445708,27.417073999995775],[120.63624,27.416],[120.63941,27.40827],[120.64893575359265,27.400213591400128],[120.64451967983572,27.39289072904593],[120.63941,27.38443],[120.63526,27.37971],[120.62257,27.38036],[120.55958,27.40209],[120.54591,27.40327],[120.54590977941758,27.403265932730196],[120.545909,27.403266],[120.54563935790708,27.398279691204916],[120.54493,27.3852],[120.53964,27.36522],[120.52735,27.3498],[120.50489,27.34496],[120.50489,27.33877],[120.50965972157024,27.33817232943709],[120.517182,27.337226],[120.53419,27.333197],[120.547455,27.327582],[120.549327,27.321031],[120.5479598980418,27.31864740131167],[120.54615,27.3155],[120.54556273390823,27.310881053210736],[120.545258,27.308498],[120.545909,27.294013],[120.54395613295307,27.28595654849101],[120.5394,27.28189],[120.53468,27.27961],[120.53383285100595,27.278806716326034],[120.531586,27.276679],[120.52752836063317,27.273767472126632],[120.52597,27.27265],[120.52149,27.2683],[120.51783,27.26301],[120.51783359491385,27.26300785939221],[120.517833,27.263007],[120.51826211411979,27.26275269568322],[120.52003,27.2617],[120.52088365548103,27.25919615548504],[120.522716,27.253811],[120.52569628536988,27.240100771696277],[120.52597,27.23884],[120.52366464923482,27.23452676308449],[120.521007,27.22956],[120.51818255523744,27.227685555592682],[120.51205,27.22362],[120.50874877118497,27.21717837146605],[120.508149,27.21601],[120.51553510172182,27.20502389826506],[120.51783,27.20161],[120.49928577233487,27.197269861610287],[120.499034,27.197211],[120.49903383377776,27.197210897267134],[120.49903,27.19721],[120.48146,27.18635],[120.46835248704083,27.182200787278372],[120.46339,27.197903],[120.46297506406616,27.200456504182615],[120.45973,27.22045],[120.45276200000599,27.222546305082943],[120.450287,27.223293],[120.442328,27.220998],[120.43702,27.21947],[120.43210929961887,27.22030449810398],[120.421723,27.222073],[120.42172218221103,27.22206962916675],[120.42172,27.22207],[120.41871,27.20966],[120.4190995294116,27.20704458823648],[120.4192,27.206366],[120.41955029276697,27.20393804939653],[120.42042,27.1979],[120.42920956289468,27.173651205893517],[120.40674957136942,27.184230730862904],[120.40339208241687,27.18995562355917],[120.376231,27.236274],[120.3609677272487,27.243197817973062],[120.34726,27.24942],[120.33494334380879,27.24755490634819],[120.333263,27.247301],[120.317882,27.243232],[120.303071,27.242255],[120.29495784066704,27.247504217020534],[120.29200235859571,27.249418472345873],[120.29027770404203,27.256066295940396],[120.2881,27.26447],[120.29526,27.27627],[120.30362600000738,27.28205248181594],[120.307628,27.284817],[120.31301681700785,27.28736173191582],[120.31935,27.29035],[120.31113,27.29389],[120.31064880790872,27.2945346158204],[120.310069,27.295315],[120.31007009973747,27.29530986638942],[120.31007,27.29531],[120.31031,27.29418],[120.30782209746025,27.29173675212121],[120.30640799441443,27.290351973792937],[120.29884186607845,27.297798163502716],[120.30078738958557,27.298587961103983],[120.30576,27.3006],[120.30848470217788,27.303332884466705],[120.309093,27.303941],[120.31124138902456,27.314619277649022],[120.31186,27.31769],[120.31185911873219,27.31768961977733],[120.31186,27.317694],[120.30456608676586,27.314543043823306],[120.29151,27.30891],[120.28754749999776,27.305853749998278],[120.28516789887689,27.30402369129127],[120.28414711498614,27.305817022990254],[120.280772,27.311754],[120.276134,27.316718],[120.27376967773928,27.318225387052415],[120.26401,27.32445],[120.26401055500179,27.324447371044137],[120.264008,27.324449],[120.265717,27.316352],[120.26590899262922,27.31286151105235],[120.26596,27.31192],[120.26596092982687,27.311917275770387],[120.265961,27.311916],[120.2671,27.30858],[120.2714889311385,27.304021110252492],[120.258556,27.299994],[120.248302,27.303534],[120.237885,27.309149],[120.23788048146008,27.30914974032575],[120.23788,27.30915],[120.22372,27.31147],[120.2257380196391,27.307237217860077],[120.227306,27.303941],[120.22964320949231,27.300101494061042],[120.23072,27.29833],[120.23072338596818,27.29832700871524],[120.230724,27.298326],[120.235606,27.294013],[120.23560724437512,27.29401243441707],[120.23561,27.29401],[120.24366,27.29035],[120.24366,27.283512515763142],[120.225678,27.268622],[120.21924959216433,27.27094078640083],[120.21710507759839,27.27507590300407],[120.212983,27.283026],[120.2129813290216,27.28302743734113],[120.21298,27.28303],[120.19581,27.2978],[120.19215,27.28767],[120.19215017762035,27.287668258233047],[120.192149,27.287665],[120.193126,27.278062],[120.195567,27.269761],[120.19575449769539,27.264571002317172],[120.19581,27.26301],[120.19339561987282,27.259182190048946],[120.191417,27.256049],[120.18767020785374,27.25204665491086],[120.1753,27.23884],[120.17546493881733,27.23231502038645],[120.175548,27.228949],[120.17663947760781,27.22478763683169],[120.1775,27.2215],[120.18238,27.21686],[120.18886016524766,27.215837156734136],[120.192393,27.215277],[120.201915,27.217841],[120.205414,27.223863],[120.206635,27.230455],[120.20948172744235,27.235090927625553],[120.21597630238355,27.238578473057657],[120.23935,27.251125],[120.2511164478879,27.255065791554383],[120.2566,27.2569],[120.2640097335151,27.252830146368904],[120.27003,27.239447],[120.28631482926923,27.231977512194693],[120.29762,27.22679],[120.29807625915046,27.226192554855313],[120.306407,27.215277],[120.319102,27.225898],[120.32538399761721,27.229885502974614],[120.333588,27.235088731538994],[120.333588,27.228909],[120.339854,27.228909],[120.3411297855427,27.232523000001525],[120.34132,27.23306],[120.34142427427308,27.233257835435925],[120.342784,27.235826],[120.34726,27.24258],[120.36483808828406,27.225081903016438],[120.365489,27.209621],[120.35702917208324,27.196100311727104],[120.34726,27.18049],[120.34726232781546,27.180490720367292],[120.34726,27.180487],[120.369884,27.187486],[120.37936009125248,27.182865847909852],[120.38624,27.17951],[120.39079334511435,27.17534993805293],[120.401866,27.165229],[120.40923192326628,27.16074608804588],[120.42172,27.15314],[120.42172,27.14696],[120.40828931421952,27.146489526539085],[120.40658926636208,27.14643011415112],[120.38461,27.14985],[120.37387,27.14696],[120.37387260967355,27.146959432912578],[120.373871,27.146959],[120.38092660362483,27.145426585546627],[120.40797,27.13955],[120.40797,27.13272],[120.38556270160538,27.12641294757701],[120.38135956086688,27.12523043913311],[120.37387,27.13272],[120.37094770365461,27.12951531484232],[120.367035,27.12523],[120.381358,27.119045],[120.381358,27.11225],[120.373871,27.11225],[120.37387,27.11225],[120.37387,27.10602],[120.39502060059093,27.10602],[120.38541022306116,27.101930220547143],[120.37753,27.09858],[120.37185692912014,27.098519248093584],[120.357921,27.098375],[120.28272969144489,27.112290131786967],[120.27491049766623,27.11562978744179],[120.262055,27.12995],[120.255138,27.133043],[120.24942654994318,27.132880740068103],[120.24366,27.13272],[120.24716,27.12165],[120.25245,27.11396],[120.25530201818557,27.110659963632013],[120.25766894999282,27.10792012353128],[119.05,27.25],[118.45,28.3],[119.8,29.5],[120.69281,30.26033],[120.69571817156685,30.256111172880065],[120.698686,30.251796],[120.725518,30.242636],[120.73087726741096,30.236347623975636],[120.73439889382013,30.232211299263057],[120.7007803222339,30.20506435542045],[120.69135,30.19745],[120.68692964460216,30.19201639259683],[120.665956,30.166242],[120.643813,30.145873],[120.63011,30.134972],[120.63011024123828,30.134970191934112]]],[[[121.86101,29.10684],[121.85734659725262,29.102295029746557],[121.853526,29.097561],[121.84853448587924,29.09646342372959],[121.84205,29.09504],[121.83725,29.0998],[121.82667,29.10798],[121.82417534667587,29.10949191110553],[121.814464,29.115383],[121.80605310663051,29.117671511068938],[121.8025,29.11864],[121.79274,29.11856],[121.78582,29.1197],[121.78273,29.12466],[121.78354,29.13288],[121.785756401314,29.14274480256972],[121.78598015728424,29.14374025091559],[121.78980863137647,29.14984781663452],[121.79537856127938,29.149459680284156],[121.79623,29.1494],[121.84392,29.14191],[121.85678,29.13426],[121.86215,29.12958],[121.86459,29.12385],[121.86736,29.11579],[121.86101,29.10684]]],[[[121.84196698235203,30.068001979409345],[121.84766959644469,30.08315892739247],[121.84833338114115,30.083651667959366],[121.85304,30.08714],[121.86476,30.08592],[121.87192503783173,30.083285075677924],[121.876475,30.08161],[121.881847,30.076361],[121.88294064578282,30.071504867160307],[121.88526,30.06118],[121.8914388579517,30.057260928971814],[121.893077,30.05622],[121.89472661099437,30.055729481331685],[121.90211,30.05353],[121.90777400000302,30.046697999996358],[121.90919,30.044989],[121.90923632183872,30.04424635632749],[121.91049,30.02412],[121.90333,30.00178],[121.89649500001194,29.99286500001557],[121.889659,29.983954],[121.87238584478098,29.977028866420273],[121.87159261250281,29.976711046736046],[121.860118,29.978095],[121.847423,29.982123],[121.836192,29.988674],[121.8288695279732,29.99750215783679],[121.82842105084973,29.99955233897264],[121.827403,30.004218],[121.829112,30.009101],[121.832205,30.013658],[121.835134,30.019436],[121.83567666666669,30.023613333333476],[121.83595,30.0257],[121.83540411636416,30.030475553440116],[121.834483,30.03856],[121.83460579572166,30.041795465961176],[121.83473,30.04499],[121.8362776484621,30.051284540386924],[121.837413,30.055894],[121.84196698235203,30.068001979409345]]],[[[120.901703,30.403551],[120.894786,30.401272],[120.904552,30.388617],[120.909028,30.384426],[120.91226674301812,30.38248264805303],[120.91513,30.38076],[120.91513,30.37458],[120.91152999999701,30.374334999999796],[120.900727,30.373603],[120.89474626873306,30.371195055375967],[120.88819,30.36856],[120.85058,30.33022],[120.83179,30.30525],[120.81073,30.29657],[120.78743,30.29363],[120.76962,30.30603],[120.76065,30.3181],[120.93013850953687,30.46243873070124],[120.92973281742393,30.459592760643428],[120.9288,30.45307],[120.93238,30.4394],[120.93650021128015,30.433553480883987],[120.938487,30.430732],[120.939545,30.421942],[120.93320705220339,30.41377972390445],[120.9288,30.40811],[120.92164,30.40522],[120.9098495336688,30.40423253366233],[120.901703,30.403551]]],[[[121.97190645745818,30.902055593078003],[121.96007567717744,30.87425859106182],[121.9074,30.85709],[121.83089900001154,30.854032811264567],[121.810809,30.853231],[121.79207785260617,30.85157009824966],[121.73283,30.84632],[121.63113,30.83656],[121.59237418119199,30.82774007389186],[121.542937,30.816495],[121.492037,30.797734],[121.45881202649117,30.78425415893341],[121.45641,30.78328],[121.4106,30.76739],[121.3506,30.71345],[121.34129200001613,30.70779657461483],[121.333507,30.70307],[121.32580581102202,30.701517972387443],[121.26466,30.6892],[121.23748027456925,30.680161294210833],[121.221934,30.674994],[121.2152017005031,30.67149863450476],[121.20289,30.66511],[121.17774,30.64566],[121.16951026311891,30.641735655005075],[121.158946,30.636705],[121.148529,30.627834],[121.141612,30.617743],[121.14161181181073,30.61774264178762],[121.14161,30.61774],[121.1409859781096,30.616551386875415],[121.136567,30.60814],[121.13264738915895,30.6023730738863],[121.13087,30.59976],[121.12803218159571,30.597744910460822],[121.121349,30.593004],[121.10923118230684,30.59048163809541],[121.10239,30.58906],[121.07515,30.58594],[121.35,30.82],[121.4739,31.41058],[121.53149978087251,31.375174410927805],[121.546235,31.366116],[121.59445971498907,31.348968141653177],[121.6316,31.33576],[121.64834800000783,31.32584140881352],[121.669932,31.313056],[121.72516100855339,31.281568705490702],[121.7775,31.21439],[121.87702,31.09914],[121.95082,30.98208],[121.97738,30.91492],[121.97190645745818,30.902055593078003]]],[[[121.86622,31.30419],[121.85108097326352,31.29393065955639],[121.84701809391642,31.29358716022047],[121.83473,31.29255],[121.82622050151542,31.299953489397716],[121.82341838005046,31.30239292800311],[121.81854000549627,31.311210422285708],[121.813243,31.320787],[121.7942003228977,31.368800185863062],[121.7986535381356,31.3713635],[121.80445231645456,31.374700031312845],[121.82086153224715,31.374921844082646],[121.837738,31.375149],[121.84396297996955,31.37431146994796],[121.85377,31.37299],[121.8589062176439,31.37051308822428],[121.867849,31.366197],[121.87794,31.354315],[121.881847,31.336615],[121.8800736650382,31.329768999022335],[121.87745,31.31965],[121.86622,31.30419]]],[[[121.584483,31.441392],[121.58459805174604,31.441469172428484],[121.5911568391814,31.44586788016955],[121.59936057605974,31.44469643204764],[121.60255,31.44424],[121.61817,31.44379],[121.66482850710354,31.428077549810922],[121.691254,31.419176],[121.725597,31.402737],[121.745942,31.388495],[121.76238,31.373765],[121.77418082599016,31.35919821479547],[121.77453746015968,31.358427424816195],[121.782237,31.341783],[121.78004,31.325181],[121.766368,31.320624],[121.751638,31.330512],[121.72047,31.357733],[121.598806,31.429145],[121.584483,31.441392]]],[[[121.98135463816925,31.48823585089857],[121.9778502522238,31.47777075321233],[121.91289,31.456332],[121.88299219373879,31.447995354723997],[121.85137,31.43918],[121.81733,31.44665],[121.78335,31.46569],[121.73024,31.48477],[121.71017,31.49508],[121.68463,31.50681],[121.64081481286063,31.51606293557404],[121.614689,31.521582],[121.571544,31.529364],[121.55241867164723,31.544828014955563],[121.54134,31.55379],[121.51746,31.56839],[121.51745828657096,31.56839060163525],[121.517456,31.568392],[121.51631770752698,31.568791092428928],[121.50772,31.57181],[121.54014999224057,31.726379963016505],[121.54065739764572,31.726172875492388],[121.57109,31.71375],[121.60524,31.69182],[121.62004259487414,31.680200758862235],[121.625702,31.675756],[121.63447032663484,31.66990930653155],[121.64105,31.66552],[121.66322,31.65235],[121.72123,31.63031],[121.76859722146466,31.621688664452996],[121.844075,31.607947],[121.90227611298226,31.585033677769438],[121.91897,31.57846],[121.92335457140423,31.57572251235626],[121.980086,31.540296],[121.986598,31.503897],[121.98135463816925,31.48823585089857]]],[[[121.84783,31.90461],[121.87495997857785,31.863720032287194],[121.874687,31.825903],[121.901776,31.786487],[121.922057,31.754378],[121.9258992057061,31.741611872369237],[121.93037998160217,31.726710061186026],[121.914842,31.706434],[121.871998,31.690682],[121.83583569347893,31.690858540185786],[121.81731,31.69095],[121.78516188614113,31.70068956921479],[121.749045,31.711634],[121.70291,31.720555],[121.675554,31.723573],[121.65506,31.73238],[121.607194,31.748551],[121.574311,31.76553],[121.57138568495667,31.766588936989255],[121.55161,31.77375],[121.55016,31.7741],[121.614169623691,32.07919820634466],[121.63433526968217,32.07123667626872],[121.65537,32.06293],[121.6575907027994,32.061305485880084],[121.683116,32.042629],[121.70396219716329,32.03237727462106],[121.71778,32.02558],[121.72154758671427,32.02202589668823],[121.727306,32.016588],[121.764366,31.995287],[121.77902000453665,31.984679754520005],[121.79864,31.97047],[121.8104616030458,31.961351491944946],[121.821945,31.952486],[121.825206,31.92772],[121.84747881317736,31.90496879431792],[121.84783,31.90461]]],[[[121.95883,29.10806],[121.95834,29.10187],[121.93531178396022,29.062893019486282],[121.9309017677906,29.06296368726407],[121.92514,29.06306],[121.91228,29.07136],[121.90088947166457,29.071828170020567],[121.888682,29.072333],[121.89228486628316,29.079053012815557],[121.90016,29.09374],[121.88844,29.1103],[121.88141545037311,29.117099430529052],[121.871593,29.126614],[121.868175,29.147406],[121.881358,29.160305],[121.9002772506125,29.165700167903246],[121.90333,29.16657],[121.92661,29.16673],[121.93603589999628,29.163544500061494],[121.943207,29.161119],[121.9475449745148,29.15672025000395],[121.95191,29.15229],[121.95541,29.1435],[121.95753,29.11953],[121.95883,29.10806]]],[[[122.2739713940312,29.685909346265117],[122.27491,29.68342],[122.27336500000001,29.68303],[122.271821,29.682644],[122.249034,29.69245],[122.24903236322187,29.692448982746534],[122.24903,29.69245],[122.24175265843643,29.687924664613913],[122.24032959835178,29.687040236366542],[122.20818039867589,29.705959765382648],[122.20788156485062,29.706340129687472],[122.2046,29.71052],[122.20439385805027,29.71222700000477],[122.204031,29.715237],[122.20450332935911,29.7184453532038],[122.2046,29.7191],[122.20973,29.71979],[122.21697,29.71853],[122.21981308597051,29.716301515817822],[122.223399,29.713487],[122.22877,29.70661],[122.25172,29.696275],[122.264334,29.693956],[122.272146,29.690741],[122.2739713940312,29.685909346265117]]],[[[122.08030899999811,29.724888270656646],[122.073904,29.724433],[122.056814,29.719794],[122.05681005925366,29.719790016087597],[122.05681,29.71979],[122.0530701079968,29.716010109151846],[122.05286399576326,29.716035330508408],[122.0451,29.71699],[122.04005,29.71638],[122.03840271699357,29.716881547060616],[122.036469,29.717475],[122.03582986107281,29.71871091656111],[122.03338,29.72346],[122.03289,29.73094],[122.03465212969186,29.73746854607149],[122.03533,29.739976],[122.03641606451545,29.74203780645033],[122.03932,29.74754],[122.04202014177943,29.749797041589986],[122.043224,29.7508],[122.048595,29.75609],[122.056651,29.767808],[122.06804995359425,29.77936773841909],[122.06820706071908,29.779527020036998],[122.084483,29.784898],[122.09493593857505,29.786409184324306],[122.09799,29.78685],[122.09929199998534,29.787232048724515],[122.107432,29.789618],[122.114757,29.78852],[122.1182789823586,29.783803986757114],[122.12208,29.77871],[122.12378989092106,29.770900498190933],[122.12353555485902,29.769730445141438],[122.12094,29.7578],[122.12208,29.7508],[122.12326845574107,29.749249605465067],[122.126475,29.745063],[122.14031,29.734605],[122.14177500000052,29.73399499999978],[122.14324,29.73338],[122.17701,29.69684],[122.18490830069288,29.67805246850413],[122.18685905338442,29.673409253150776],[122.16293678416179,29.654535352485357],[122.16806000000061,29.669905000001823],[122.16977,29.67503],[122.16976806943268,29.675029208298053],[122.16977,29.675035],[122.165212,29.673163],[122.1550669543842,29.670391378935772],[122.149425,29.668851364787837],[122.149425,29.68183],[122.14942,29.681825600590603],[122.14942,29.68183],[122.14482297325122,29.67778076004207],[122.138927,29.672593],[122.132579,29.668891],[122.127452,29.669013],[122.125011,29.673245],[122.12431612349071,29.677947685239925],[122.12306,29.68647],[122.12206281690315,29.68914102615226],[122.121104,29.691718],[122.115245,29.698391],[122.108735,29.704006],[122.10689725925754,29.706377290125683],[122.10369,29.71052],[122.1030240080856,29.713407012119525],[122.101573,29.719713],[122.09547473354648,29.72391913166927],[122.09278,29.72578],[122.08030899999811,29.724888270656646]]],[[[122.00048079919141,29.816573065584443],[122.01612,29.82416],[122.02434,29.82465],[122.0302,29.81607],[122.02898,29.8061],[122.0205737439568,29.79559488002825],[122.005626,29.776923],[121.993826,29.769232],[121.974376,29.771145],[121.968272,29.77383],[121.96788609596912,29.775052952015898],[121.9673,29.77692],[121.96909,29.77973],[121.96852,29.79462],[121.97595669238873,29.803585576634013],[121.977468,29.805406],[122.00048079919141,29.816573065584443]]],[[[121.9593119949805,29.952772011699764],[121.95997,29.95319],[121.96395699999741,29.952295834101967],[121.96648143657546,29.95172812670561],[121.96755142855855,29.950332857159665],[121.970225,29.946845],[121.972179,29.94477],[121.986827,29.929877],[121.9935,29.91885],[121.99244000839779,29.908270083819477],[121.99195200000116,29.908045589296],[121.97413,29.89985],[121.94614,29.90396],[121.94003473676993,29.912416811986144],[121.933604,29.921332],[121.93914411767007,29.933704047078088],[121.94093,29.93769],[121.9419021582156,29.938609034815848],[121.951915,29.948065],[121.9593119949805,29.952772011699764]]],[[[122.02778499443848,29.957476027849186],[122.029389,29.959866],[122.033214,29.959499],[122.033702,29.96133],[122.03402061031227,29.961902024154274],[122.03509,29.96381],[122.03891,29.96381],[122.04045853856944,29.96649746371083],[122.04905800760636,29.96350000254081],[122.05201,29.96247],[122.05388,29.95327],[122.03826,29.93452],[122.03180699999987,29.940685539170627],[122.031749,29.940741],[122.026703,29.943671],[122.02578126473517,29.949969000000653],[122.02524,29.95368],[122.02778499443848,29.957476027849186]]],[[[122.15426784187062,29.985444474388842],[122.161469,29.989936],[122.16851610748226,29.984305938105365],[122.17644,29.97797],[122.18146541689141,29.971032667567332],[122.18400847755842,29.967518485688952],[122.17652055763234,29.960070554654337],[122.146251,29.973741],[122.14343556405296,29.973970651245878],[122.13478171878955,29.974679859140178],[122.1372759752612,29.975926876332622],[122.14601,29.98029],[122.15426784187062,29.985444474388842]]],[[[122.02687570551846,29.99775647239134],[122.025727,29.99726],[122.02561194827587,29.99725929310345],[122.01905121717428,29.99722000728847],[122.01050960201437,30.000311782091234],[122.01036946927464,30.0009392653591],[122.009613,30.00434],[122.01120000000188,30.00742250000365],[122.01173,30.00845],[122.01222,30.01142],[122.01166532302952,30.01349154868569],[122.011241,30.015082],[122.01216153725272,30.019420925479917],[122.01352,30.02582],[122.01351957507703,30.02582199713797],[122.01352,30.025824],[122.01318181818122,30.027409454548216],[122.01222,30.03193],[122.01055168231863,30.032642205793795],[122.0088,30.033393],[122.00242951555529,30.034907463710425],[121.99545,30.03657],[121.99327062653103,30.037444080268305],[121.99171,30.038072],[121.98845150658015,30.041481679813],[121.97682,30.05366],[121.97376942364608,30.059279482757233],[121.97339963245759,30.059961832969574],[121.97325235140184,30.06069633784758],[121.971853,30.067694],[121.97250336518462,30.069320079465705],[121.97381,30.07258],[121.97731,30.07734],[121.98032,30.08462],[121.98051180645182,30.086797802421636],[121.980805,30.090074],[121.97867095208129,30.10319141489031],[121.97804,30.10708],[121.96551,30.12971],[121.96315,30.1424],[121.9692826824837,30.14540485401555],[121.97462,30.148017],[122.087413,30.147528],[122.09092921895285,30.146680686289262],[122.10328,30.1437],[122.11744,30.13593],[122.12933441771006,30.126216358673318],[122.132335,30.123765],[122.1366467180089,30.122521362559407],[122.1408,30.12132],[122.16400950276405,30.12053700552941],[122.164806,30.12051],[122.1665166384786,30.119388298096727],[122.16977,30.11725],[122.17359,30.10224],[122.17658103752863,30.101007207505088],[122.182465,30.098578],[122.193696,30.099799],[122.19554289921699,30.099754697659364],[122.20387,30.09955],[122.22934,30.09162],[122.23878,30.086615],[122.245372,30.080146],[122.249685,30.073432],[122.2512913515943,30.07212048350933],[122.25611,30.06818],[122.26383034952605,30.066967048585262],[122.269542,30.066067],[122.289561,30.067328],[122.29713,30.062567],[122.29798233009491,30.058650980560238],[122.30014,30.04873],[122.30298779852377,30.044006992620282],[122.30421,30.041978],[122.32252,30.031928],[122.32338272201726,30.030634177615195],[122.32748,30.02448],[122.32667,30.01081],[122.32097,30.00593],[122.31324,30.00349],[122.30823199999688,29.998473999996882],[122.306977,29.997219],[122.302989,29.986314],[122.301036,29.975898],[122.3003227920272,29.95722071679748],[122.30014,29.95246],[122.29695792018181,29.943329239477166],[122.29363,29.933783],[122.28382753322285,29.937597933545245],[122.27784,29.93993],[122.24562,29.96988],[122.23331139696285,29.976453572668262],[122.229177,29.978664],[122.184744,29.994452],[122.144216,30.000393],[122.098969,30.014472],[122.09158444677969,30.015558829821074],[122.0774,30.01765],[122.06528,30.01594],[122.05808635599918,30.012198780036073],[122.048839,30.007392],[122.034679,30.002021],[122.03340306255964,30.001195375339723],[122.03053,29.99934],[122.02687570551846,29.99775647239134]]],[[[121.92661,30.08381],[121.92365090612007,30.08540188733766],[121.920421,30.087144],[121.914643,30.08865],[121.9136339336895,30.08899441909729],[121.91131,30.08979],[121.9101091452158,30.09103346576041],[121.908214,30.093004],[121.908132,30.098456],[121.9120614664183,30.10313286752486],[121.91391,30.10533],[121.931,30.11465],[121.94125,30.11412],[121.94914082788434,30.111881206972352],[121.951996,30.11107],[121.95638952715362,30.108507858909054],[121.9561059952477,30.107224000953046],[121.955496,30.104478],[121.952566,30.100531],[121.949718,30.087999],[121.94564991926632,30.08204215155759],[121.94060027211773,30.07465039833024],[121.931733,30.069444],[121.92963117798736,30.072731084778976],[121.92791,30.07543],[121.92661,30.08381]]],[[[122.17352924866717,30.20157414920145],[122.1753,30.19969],[122.17852733333044,30.197751797022228],[122.178884,30.197537],[122.18125749206982,30.197026047592995],[122.18531,30.19615],[122.18743112205053,30.19480315256301],[122.188569,30.194078],[122.188975,30.190701],[122.19061023305152,30.1897134999996],[122.19093,30.18952],[122.1967889999896,30.191934190357156],[122.199229,30.192939],[122.204112,30.191596],[122.206228,30.188218],[122.204926,30.185818],[122.20102,30.18301],[122.20102,30.177314],[122.19394,30.17711],[122.18865,30.174343],[122.18763857142874,30.173140000000203],[122.18629,30.17154],[122.1848309006533,30.171517621175663],[122.183035,30.171495],[122.18303528913667,30.17149008112173],[122.18303,30.17149],[122.18324843936392,30.167863906558964],[122.183279,30.167344],[122.18276107229082,30.164755951815515],[122.18230003623354,30.16246018042824],[122.18179970593303,30.161996588193734],[122.16236,30.14399],[122.15691,30.14566],[122.14715,30.15754],[122.14511694890332,30.16265252555196],[122.145112,30.162665],[122.14500478520041,30.17976740493274],[122.14495001872837,30.188666956638837],[122.14674153642613,30.190349284770363],[122.14894,30.19241],[122.16904,30.20209],[122.17320721897828,30.201853562043787],[122.173269,30.20185],[122.17352924866717,30.20157414920145]]],[[[122.02351347485957,30.1659230000013],[122.021495,30.169338],[122.023692,30.172187],[122.02483006677153,30.172622155274404],[122.02646,30.17324],[122.02825,30.17532],[122.026459,30.177965],[122.017833,30.185492],[122.01384952336544,30.185370138377777],[122.01075674063013,30.186268043042865],[122.02214948034974,30.19553615939314],[122.02646,30.19904],[122.03175,30.19733],[122.0359,30.1944],[122.03706353714065,30.195875499997218],[122.037283,30.196153],[122.03710730900205,30.19836800000487],[122.03696,30.20026],[122.04054,30.2025],[122.04786,30.20213],[122.05323,30.19884],[122.05560039756637,30.19419146585039],[122.05657,30.192288],[122.056895,30.187812],[122.054047,30.186103],[122.051687,30.182685],[122.035655,30.170762],[122.028092846549,30.16762010230249],[122.02361,30.16576],[122.02351347485957,30.1659230000013]]],[[[122.13598704095811,30.320496520481427],[122.147227,30.321479],[122.152843,30.322699],[122.15800816370982,30.326222501269996],[122.16603,30.33169],[122.18161365914247,30.33543356057612],[122.194672,30.338568],[122.211436,30.346625],[122.22387599360901,30.333629974493572],[122.22510755264508,30.332342558354192],[122.22158523646216,30.32886519374065],[122.21876,30.32608],[122.21880766211365,30.325930324239614],[122.22047,30.320705],[122.227875,30.316352],[122.22787820861708,30.316351054039067],[122.22788,30.31635],[122.22950578673108,30.315871213265435],[122.23877672944904,30.313137964220207],[122.2065030423671,30.293048957623526],[122.203868,30.291409],[122.203868,30.285142],[122.20387,30.285141371451502],[122.20387,30.28514],[122.2079956004918,30.283844801450417],[122.223806,30.278876],[122.23193665406313,30.277738028142306],[122.22089900000887,30.27123321827523],[122.219574,30.270453],[122.21957374861644,30.270452209168454],[122.21957,30.27045],[122.21705,30.26252],[122.21753978521045,30.254583480467506],[122.214529,30.247301],[122.20923417986504,30.24497088008806],[122.20232,30.24193],[122.188,30.24364],[122.18186933333222,30.245555833333686],[122.174083,30.247992],[122.137706,30.254625],[122.114024,30.265082],[122.08706000001112,30.282633333326093],[122.07358,30.29141],[122.0746971262556,30.29259366019205],[122.083995,30.302436],[122.087901,30.30565],[122.095714,30.310696],[122.10010433663696,30.312489900991444],[122.10418,30.31415],[122.12208,30.31928],[122.13598704095811,30.320496520481427]]],[[[121.973318,30.327297],[121.973237,30.323717],[121.969819,30.318264],[121.970225,30.307359],[121.96618523162897,30.30526129943013],[121.96599,30.30516],[121.9642,30.3002],[121.96058406812338,30.299373340612966],[121.957774,30.298733],[121.95777302048586,30.298730690530984],[121.95777,30.29873],[121.95695271073929,30.2967965888414],[121.95549805536066,30.293366846067656],[121.95135,30.30797],[121.95672,30.31887],[121.9602320000012,30.32382200000169],[121.961111,30.325059],[121.961111,30.331281098684208],[121.96566965595852,30.33628962200706],[121.973155,30.334581],[121.97315501088934,30.33458113903594],[121.97316,30.33458],[121.97389,30.34394],[121.98235,30.34475],[121.98287451585065,30.34322640633855],[121.983816,30.340481],[121.981456,30.335354],[121.97749061625879,30.331470151230402],[121.97747,30.33145],[121.97332,30.3273],[121.97331997715375,30.327298977630164],[121.973318,30.327297]]],[[[122.252452,30.516343],[122.25313751082915,30.517691877729412],[122.2575,30.52627],[122.264498,30.529768999999998],[122.269216,30.525051],[122.26836488387046,30.521762553546456],[122.26832,30.52159],[122.26824276923078,30.516994769231342],[122.26824,30.516832],[122.262543,30.514472],[122.252452,30.516343]]],[[[122.05586435399434,30.588082943984016],[122.052501,30.588894],[122.05030468347192,30.59166013920491],[122.05493293717181,30.5917977028882],[122.06544,30.592108],[122.069347,30.594916],[122.071544,30.597235],[122.07708595276739,30.596245404182067],[122.0818,30.5954],[122.08533578181728,30.59618250909071],[122.08789681335061,30.596746078703895],[122.08456,30.59264],[122.07724,30.58983],[122.081147,30.583564],[122.07323417294458,30.576727481173066],[122.07187,30.57555],[122.06479,30.58682],[122.05942,30.58723],[122.05586435399434,30.588082943984016]]],[[[122.231212,29.785386],[122.23324847363924,29.786230936906],[122.23504,29.78697],[122.24008,29.7864],[122.24979452295078,29.779436339291745],[122.25130987521447,29.778349241687916],[122.25001031401345,29.770451908235543],[122.24945812041167,29.769573078548877],[122.24602,29.76411],[122.24724,29.76044],[122.24929527780627,29.759264788930622],[122.251069,29.758246],[122.26621704067072,29.753127648816005],[122.27792,29.74917],[122.28145786440678,29.74904586440678],[122.28476,29.748928],[122.28723466874361,29.750443331261764],[122.28875,29.75137],[122.29208,29.75145],[122.2941880904122,29.75075429520393],[122.298106,29.749457],[122.29935131969192,29.74833669309569],[122.30095,29.74689],[122.3012748313253,29.743129831325344],[122.30128,29.743069],[122.305105,29.74022],[122.3069766349188,29.737128603008067],[122.30385433051508,29.735832398307824],[122.303152,29.735541],[122.299753273037,29.73562609215805],[122.29013,29.73587],[122.28517,29.7329],[122.28213472636199,29.73225191545978],[122.278656,29.731513],[122.267914,29.736802],[122.26478711733343,29.73685017864398],[122.25733,29.73697],[122.24779871553314,29.741682656021553],[122.24203685658557,29.7445330815362],[122.24009560373453,29.746436120748427],[122.22934,29.756985],[122.22345573158324,29.76621365794246],[122.22161,29.76911],[122.21656255029978,29.77240833346747],[122.21591242420241,29.775781798839123],[122.21766072575615,29.77707909695715],[122.222504,29.780666],[122.228445,29.782945],[122.231212,29.785386]]],[[[122.265391,29.798],[122.2558565686416,29.80348443139226],[122.25131261475234,29.806098495774584],[122.24633980227543,29.81249799997999],[122.23756,29.8238],[122.23268,29.82783],[122.23170010862427,29.83624906671801],[122.247732,29.846096],[122.271169,29.846829],[122.27854453146587,29.84457006293788],[122.28419,29.84284],[122.293439636494,29.838256727012133],[122.3120193760708,29.82904830046276],[122.31039,29.82461],[122.30680386060476,29.82009738873991],[122.304698,29.81745],[122.312185,29.795152],[122.31470788344151,29.78367753012624],[122.31312193740828,29.781826843495327],[122.30836,29.776272],[122.295584,29.77912],[122.272472,29.792141],[122.265391,29.798]]],[[[122.30072830084988,29.884235165253543],[122.30462,29.88312],[122.31749934122323,29.882284317554216],[122.317719,29.88227],[122.3177193221216,29.882270043984473],[122.31772,29.88227],[122.31866519999721,29.882399199999618],[122.334402,29.884548],[122.339041,29.882717],[122.34094295623869,29.881222435441227],[122.34302724181626,29.87958217060074],[122.34251649092059,29.878349794795383],[122.34164,29.87625],[122.33654490343544,29.873042289704372],[122.335623,29.872463],[122.33562270406108,29.87246170239061],[122.33562,29.87246],[122.33489,29.86925],[122.33489016329595,29.86924971600705],[122.33489,29.869249],[122.33512235036483,29.868845912409],[122.33627,29.86685],[122.33204541353388,29.864402869172956],[122.329519,29.862942],[122.31916418378842,29.859919040534393],[122.30429,29.85558],[122.29542,29.85729],[122.29143360544093,29.859382947825825],[122.284434,29.863064],[122.2841703003,29.86771511712241],[122.28403004663042,29.87022916414971],[122.28486300000806,29.871923921804097],[122.28761,29.87751],[122.29233,29.88304],[122.29787437555062,29.884240248897132],[122.29949,29.884589],[122.30072830084988,29.884235165253543]]],[[[122.367361,29.895901],[122.36458500000592,29.90040609639871],[122.36207,29.90449],[122.3564243909765,29.908679563873882],[122.353852,29.91059],[122.34571399998843,29.91459400000569],[122.33351,29.9206],[122.32521,29.92788],[122.32057,29.93724],[122.3215224575531,29.944540000013134],[122.322032,29.948432],[122.3226982203343,29.949502669484012],[122.32545,29.95392],[122.32927190340877,29.957478323863338],[122.330089,29.958238],[122.33546,29.96133],[122.341807,29.963039],[122.346446,29.949408],[122.359141,29.946275],[122.388927,29.948798],[122.400645,29.952948],[122.40282847872452,29.952860718085063],[122.40675,29.9527],[122.40943,29.94571],[122.40916238429143,29.939661884986332],[122.409028,29.936672],[122.40799666666668,29.93263],[122.40748,29.93061],[122.40317,29.92626],[122.39947709091085,29.92431636363729],[122.395193,29.922065],[122.3951956803399,29.922062989652574],[122.39519,29.92206],[122.40832152343161,29.91221815428107],[122.409679,29.9112],[122.40896722033929,29.906236779663228],[122.40805,29.89985],[122.39519,29.88361],[122.39226,29.87641],[122.38985350619063,29.873912120349782],[122.386729,29.870673],[122.38423463715709,29.866879090719472],[122.38282,29.86473],[122.38425516731562,29.86109578599111],[122.385916,29.856879],[122.39346500946311,29.848536871454684],[122.39405,29.84789],[122.39482735593131,29.84513488135908],[122.395518,29.842678],[122.39539169270478,29.83904073853541],[122.39519,29.83332],[122.38872448768267,29.834481432087745],[122.38477910553306,29.8351904419163],[122.38329486863658,29.83592373729184],[122.377208,29.838935],[122.37187371429061,29.843827624934967],[122.36541,29.84976],[122.35711,29.86172],[122.35812418120332,29.86559407606579],[122.359223,29.869778],[122.365489,29.876288],[122.36792966703057,29.881169334061138],[122.36915,29.88361],[122.36915,29.883610000000004],[122.369151,29.883612],[122.367361,29.895901]]],[[[122.37821476459439,30.020946666671875],[122.37778016567283,30.02411879075912],[122.37813441340958,30.024738860338257],[122.37908,30.02639],[122.38657,30.02586],[122.39730987165534,30.03045297968359],[122.402192,30.032538],[122.40511842895286,30.03001721466436],[122.40093765746526,30.022605055214466],[122.40032,30.021511],[122.4003200395488,30.02151007011674],[122.40032,30.02151],[122.40056,30.01577],[122.40349,30.01252],[122.40908111538461,30.009037814102562],[122.413748,30.00613],[122.41222271666427,30.003637358329428],[122.41163116825598,30.00267190668191],[122.40948925893852,30.002431593704976],[122.40292,30.0017],[122.39527,30.00243],[122.39121716476222,29.996571725398745],[122.390961,29.996202],[122.39096100761311,29.996201456480197],[122.39096,29.9962],[122.39112,29.98456],[122.39348,29.97683],[122.39312742120808,29.976325072347368],[122.391856,29.974514],[122.383393,29.975491],[122.37887321345697,29.97794468908704],[122.372,29.98168],[122.3710189626621,29.983875481328667],[122.369314,29.987698],[122.375173,29.990831],[122.3754976312942,29.99335364645527],[122.37591,29.99653],[122.37436012639985,30.004299366369736],[122.378754,30.017035],[122.37821476459439,30.020946666671875]]],[[[122.75636,30.14419],[122.76730533929751,30.1419014955243],[122.7713308946277,30.141059231276305],[122.78141957209581,30.132390367683772],[122.772878,30.128323],[122.76327864003424,30.12771216799218],[122.75910710953318,30.134362221878693],[122.75473137429962,30.14134240291654],[122.75636,30.14419]]],[[[122.68466,30.2036],[122.68599350391186,30.201436124020326],[122.687918,30.19831],[122.68482718210176,30.18188259766273],[122.68279,30.19099],[122.67555,30.19408],[122.67106828814617,30.201607999982222],[122.669932,30.203518],[122.67152865662689,30.205540388129705],[122.67481994721994,30.209699933296378],[122.67770423951116,30.2079120059941],[122.68466,30.2036]]],[[[122.6480403477358,30.18622593591117],[122.63883814285782,30.199429858854455],[122.63803,30.20059],[122.63299,30.2073],[122.63255944786522,30.209220029790274],[122.632253,30.210598],[122.64166920000625,30.214300400002458],[122.64177,30.21434],[122.6461696974304,30.208560397466435],[122.64661917464089,30.20623865072884],[122.64861,30.19595],[122.6480403477358,30.18622593591117]]],[[[122.3958406027544,30.239450214049004],[122.384532,30.250149],[122.38420666666748,30.25394666665707],[122.38356,30.26154],[122.38063,30.26374],[122.38062612749738,30.263738904398725],[122.380626,30.263739],[122.375011,30.262152],[122.36152949991256,30.25125666659601],[122.35719,30.24775],[122.34571,30.24193],[122.33376397428115,30.239879025704898],[122.329112,30.239081],[122.315684,30.240302],[122.30883051540683,30.24019390924154],[122.30535,30.24014],[122.301079234494,30.23875946899522],[122.29477,30.236721],[122.29223081666895,30.236394520837283],[122.28338,30.23526],[122.27866737592508,30.235488293207784],[122.27760013538523,30.235540943987402],[122.27792420916249,30.237800581694664],[122.278331,30.240627],[122.28415353515213,30.245201985930834],[122.28745,30.24779],[122.3025,30.2521],[122.30488839562881,30.25388788472785],[122.312999,30.259955],[122.318614,30.268378],[122.3211167274015,30.270141232263505],[122.32399,30.27216],[122.32888305904508,30.27309644095793],[122.331879,30.273668],[122.342052,30.273627],[122.382579,30.277167],[122.3897660433965,30.276104325936007],[122.39991,30.2746],[122.40351979825597,30.27060244847868],[122.407725,30.265937],[122.410655,30.254706],[122.408539,30.243964],[122.40223877164895,30.24172231969581],[122.3958406027544,30.239450214049004]]],[[[122.348806,30.460639],[122.34880639398251,30.46063931675458],[122.34881,30.46064],[122.35523058689846,30.46580424786916],[122.36914976481955,30.476995006937983],[122.36854781355937,30.464215118645345],[122.3685,30.463202],[122.36850009017921,30.463201914573972],[122.3685,30.4632],[122.37181329727416,30.46006334054498],[122.374685,30.457343],[122.37468706201041,30.457342781360097],[122.37469,30.45734],[122.38543,30.4562],[122.39461084536563,30.456397072180312],[122.398936,30.456488],[122.40365044569586,30.45478422398389],[122.41098,30.45213],[122.41651,30.4416],[122.42027997756252,30.426371575482314],[122.423106,30.414944],[122.41222428571771,30.41705999999933],[122.40406,30.41865],[122.36378,30.43342],[122.35282690158465,30.435195803162973],[122.347992,30.435981],[122.306,30.423163],[122.285411,30.422065],[122.27626192744798,30.432158427432533],[122.2728,30.43598],[122.27735,30.43671],[122.27889289760225,30.437578570809862],[122.28712,30.442206],[122.28711579530987,30.442207632978942],[122.28712,30.44221],[122.27801,30.44575],[122.2753486000839,30.44927133337955],[122.273774,30.451361],[122.27324483882202,30.455658742013586],[122.2728,30.4593],[122.2728,30.46947],[122.27590572780215,30.477868473349815],[122.27662074681263,30.479800613609203],[122.28004,30.48261],[122.28712,30.48314],[122.29078,30.47167],[122.29078073222871,30.471669972257693],[122.290782,30.471666],[122.29949,30.47134],[122.31129,30.47264],[122.33741,30.45848],[122.34715795597333,30.46032698113179],[122.348806,30.460639]]],[[[122.57726681991304,30.665716420196794],[122.58106649504738,30.667338503733678],[122.58152441133188,30.6656550588667],[122.5822,30.66315],[122.58107977899826,30.662411259663717],[122.574799,30.658271],[122.57396381877646,30.658316543676552],[122.56959,30.65856],[122.5691734743896,30.657872030733376],[122.56869602292403,30.65709103749808],[122.56479,30.65811],[122.56479013681431,30.658107704084937],[122.564789,30.658108],[122.56485041880866,30.657096096867203],[122.56511,30.65274],[122.56728479660472,30.648787067806527],[122.56828886597415,30.646959243982767],[122.56658,30.64582],[122.56203601694592,30.64889898305303],[122.559255,30.650784],[122.556163,30.65233],[122.55616114117804,30.65232942941098],[122.55616,30.65233],[122.55152,30.65091],[122.54648,30.65347],[122.54492542424326,30.654056151514837],[122.54282082348878,30.654851554967646],[122.54461,30.65823],[122.54705,30.66079],[122.54672780351196,30.661478229232962],[122.545584,30.663926],[122.549653,30.667629],[122.552338,30.669908],[122.55233800598967,30.66990830990946],[122.55234,30.66991],[122.55242,30.6741],[122.55264236679292,30.674750346716287],[122.553884,30.678371],[122.5565468867684,30.68067482598196],[122.55689515193082,30.6809758101124],[122.55788128469133,30.679743312443787],[122.55836,30.67914],[122.56110652942266,30.677638926493753],[122.563406,30.676378],[122.567638,30.671698],[122.5713381654705,30.66822428057284],[122.57163,30.66795],[122.57287358703722,30.667142101228716],[122.575938,30.665147],[122.57726681991304,30.665716420196794]]],[[[122.47291,30.71723],[122.47565468187875,30.71661794550439],[122.484386,30.714667],[122.48940303683479,30.715554407000116],[122.49635,30.71678],[122.50018850592907,30.718285296442772],[122.501964,30.71898],[122.509613,30.721177],[122.524587,30.723578],[122.529307,30.720771],[122.526378,30.714179],[122.531098,30.704413],[122.52606731372354,30.702349372548223],[122.52475,30.70181],[122.51043563740461,30.702399254951676],[122.493175,30.703111],[122.49317029622654,30.703109987805746],[122.49317,30.70311],[122.49278433335121,30.70302693333718],[122.48731603854598,30.701850223482335],[122.48554020292994,30.70195040586253],[122.474376,30.702582],[122.466563,30.699123],[122.46623607322988,30.698864560604132],[122.46306,30.69636],[122.4607,30.69404],[122.45525,30.694],[122.44966058302515,30.695528918815718],[122.44516,30.696763],[122.431977,30.697984],[122.42726037197957,30.70392075573503],[122.43263,30.71483],[122.43329515341519,30.718704282214475],[122.434744,30.727118],[122.42921033752032,30.73802233490079],[122.42933312442418,30.738871751153578],[122.429942,30.743069],[122.43168530709136,30.742741244093594],[122.44077,30.74103],[122.4465027694402,30.73758369164667],[122.458018,30.730658],[122.46794666667782,30.721706666656612],[122.47291,30.71723]]],[[[122.69295,30.84685],[122.69150645121904,30.844445835121167],[122.690196,30.842271],[122.68779096686958,30.84179816178687],[122.68295,30.84085],[122.67612,30.84398],[122.67347255470402,30.84503555469775],[122.66684,30.847683],[122.66637894067858,30.848864567795022],[122.66489118594336,30.852686953037836],[122.669281,30.851589],[122.669851,30.859239],[122.67114738558465,30.859294843247962],[122.67742,30.85956],[122.6821690677441,30.855008152677165],[122.683442,30.853787],[122.689789,30.853827],[122.69152019535944,30.85381904779348],[122.69295,30.84685]]]]},"properties":{"id":"wuyue-943","dynastyId":"wuyue","name":"吴越","validFromYear":943,"validToYearExclusive":944,"boundaryKind":"controlled","accuracyLevel":"reconstructed","verificationStatus":"reviewed","sourceRefs":["atlas-1935-936-946","user-943-crosscheck","natural-earth-land-10m"],"disputedNote":null,"labelLongitude":120.4,"labelLatitude":29.6,"snapshotId":"snapshot-943"}},{"type":"Feature","geometry":{"type":"Polygon","coordinates":[[[116.45,25.15],[116.9,26.9],[118.45,28.3],[119.05,27.25],[119.11404105956944,27.242465695311115],[118.65,26.5],[118.65,25.2],[118.1,25.5],[117.2,25.15],[116.67032722844223,24.80949607542715],[116.45,25.15]]]},"properties":{"id":"yin-snapshot-943","dynastyId":"yin","name":"殷","snapshotId":"snapshot-943","validFromYear":943,"validToYearExclusive":944,"boundaryKind":"controlled","accuracyLevel":"approximate","verificationStatus":"reviewed","sourceRefs":["chronology-south","continuous-method"],"disputedNote":"沿用本年原轮廓，按地方控制关系拆分；内部界为概括。","labelLongitude":117.81178571428572,"labelLatitude":26.7}},{"type":"Feature","geometry":{"type":"MultiPolygon","coordinates":[[[[117.434825,23.750718],[117.44278534971079,23.745516771270243],[117.44778,23.74225],[117.46161023694175,23.74934847388488],[117.46890085012906,23.753089923088154],[117.50416,23.7499],[117.51944724998924,23.743248347671347],[117.52665905419894,23.740107847331497],[117.51619,23.71628],[117.49948260927638,23.71948121856828],[117.495942,23.72016],[117.49594161149142,23.720159691230286],[117.49594,23.72016],[117.49352970599085,23.718242813678636],[117.484156,23.710793],[117.478909163425,23.696071119522053],[117.47654,23.68943],[117.47780140757169,23.679204953774875],[117.4798349861153,23.66267811284055],[117.47950358532744,23.66255337799567],[117.467219,23.657934],[117.444835,23.664944],[117.43994268437058,23.663002758113997],[117.43267,23.66012],[117.42935461940216,23.656188097013953],[117.42212760555078,23.64762369981641],[117.37209,23.72494],[117.37215904788255,23.72499899090835],[117.376689,23.728865],[117.37668877955298,23.728868957313747],[117.37669,23.72887],[117.37629504099716,23.735937081963367],[117.37566207150059,23.74729971647059],[117.37924,23.74681],[117.37923922321153,23.746812379287586],[117.379242,23.746812],[117.372732,23.76675],[117.385916,23.774156],[117.404307,23.774156],[117.40870044068593,23.77298069068954],[117.41358,23.77167],[117.41944499872642,23.755211998727304],[117.41977,23.754299],[117.434825,23.750718]]],[[[119.6112574083986,23.743558654185936],[119.60613000000797,23.740896000004135],[119.602712,23.739122],[119.60271041675965,23.739120216422553],[119.60271,23.73912],[119.60219447584316,23.738538990342157],[119.595307,23.73078],[119.59408768146551,23.72748853899287],[119.59368,23.72899],[119.59367921275484,23.728989212754826],[119.593679,23.72899],[119.5934396861584,23.728750686158403],[119.59085480046018,23.734402075408997],[119.589203,23.738023],[119.59018,23.739569],[119.59017972079772,23.739569558404558],[119.59018,23.73957],[119.58847136362621,23.742987272747584],[119.594981,23.74787],[119.59905,23.755235],[119.601329,23.758328],[119.602875,23.756008],[119.60317516939902,23.75488466666625],[119.6032,23.75479],[119.60320054032093,23.75478972027135],[119.603201,23.754788],[119.60537316165875,23.753664936099586],[119.6128,23.74982],[119.61189047368484,23.746122834589027],[119.6112574083986,23.743558654185936]]],[[[118.2448,24.41515],[118.24016,24.41283],[118.22023,24.40754],[118.20899554820853,24.411607990995666],[118.2227605538638,24.436490969238424],[118.22804,24.44603],[118.23061801694624,24.448444333330603],[118.23308391062567,24.45075091639975],[118.24106,24.45262],[118.24444318367468,24.452709142857174],[118.249034,24.452826],[118.256358,24.448106],[118.262706,24.441799],[118.26261384354083,24.43567992418742],[118.26254,24.43098],[118.257332783642,24.423773852218595],[118.25400824574159,24.423552180048627],[118.25123,24.42337],[118.247,24.4193],[118.2448,24.41515]]],[[[118.28297,24.47004],[118.28292094890496,24.470438948906416],[118.282074,24.477362],[118.28227053060685,24.47746720407875],[118.28785,24.48045],[118.3166573284916,24.49334880380221],[118.34205193241796,24.47818139869449],[118.35481,24.47056],[118.38141,24.47351],[118.3814100741698,24.47351056484596],[118.381414,24.473511],[118.385393,24.503817],[118.38977261471301,24.513185791578067],[118.39422,24.52269],[118.40975304380184,24.525579868614297],[118.422597,24.527968],[118.44959,24.505528],[118.4524779304317,24.498424000007574],[118.46735,24.46183],[118.46517572668324,24.445313151821864],[118.463356,24.431523],[118.448785,24.415513],[118.422901,24.430304],[118.403624,24.43601],[118.4036209425141,24.436009720863304],[118.40362,24.43601],[118.39712827650204,24.43541696544118],[118.372856,24.433201],[118.35205329448063,24.421207352759684],[118.34576,24.41758],[118.33099014618186,24.396480208831235],[118.318218,24.390544],[118.303233,24.39704],[118.2955424999909,24.39749750000054],[118.29298,24.39765],[118.28843740832112,24.39947106111601],[118.28394967699286,24.401270525620703],[118.28210527026684,24.404271878383963],[118.279552,24.408433],[118.27987959107375,24.40898498884032],[118.2811,24.41104],[118.2894,24.4206],[118.29099558659836,24.423294086602606],[118.292003,24.424994],[118.29223924576219,24.42727899999496],[118.29274,24.43207],[118.29233,24.44062],[118.29078707048426,24.448980784126842],[118.289561,24.455634],[118.28458018312865,24.466519098803673],[118.28297,24.47004]]],[[[118.0815504229685,24.47260007399281],[118.08606370439101,24.473389613552],[118.093435,24.474677],[118.103038,24.479885],[118.10303899244725,24.47988945319273],[118.10304,24.47989],[118.10382993243529,24.483438466207776],[118.106212,24.494127],[118.10620900313874,24.494125521986003],[118.10621,24.49413],[118.08229,24.48233],[118.07835731566846,24.483171604837132],[118.07471928019739,24.483953724777862],[118.07369669813107,24.489245301864486],[118.072032,24.49787],[118.07301689178377,24.50230170272708],[118.07521,24.51215],[118.08937,24.5384],[118.09254,24.55622],[118.11207,24.5456],[118.11399936541306,24.544921730841224],[118.137869,24.536526],[118.163097,24.531968],[118.16990450000326,24.533133194156758],[118.18140717842027,24.535099517665508],[118.18193346188144,24.527777415253926],[118.1823,24.52265],[118.1893,24.50308],[118.18873,24.49413],[118.18093240951137,24.48359485239431],[118.18083993602843,24.48346996516331],[118.17312525424546,24.47926881780106],[118.171641,24.478461],[118.16391,24.47191],[118.160818,24.456936],[118.1538192301892,24.437079653074306],[118.13649,24.42927],[118.11402144322058,24.43060991393344],[118.092052,24.438463],[118.08754267120388,24.441235003885406],[118.08107,24.44522],[118.07350122562345,24.452620579390413],[118.07341993138269,24.452700151880997],[118.07,24.46027],[118.07168258609755,24.46623779305538],[118.07203069342226,24.467470373661367],[118.08119097680812,24.4724065347716],[118.0815504229685,24.47260007399281]]],[[[118.32811721945204,24.5444363122135],[118.32650886174797,24.54324064063333],[118.30128,24.55744],[118.29770036800743,24.561429589846476],[118.300954892122,24.56521187462826],[118.3069,24.56749],[118.31961499999703,24.56873248390843],[118.323985,24.569159],[118.32820450734361,24.566752933813913],[118.33383,24.56354],[118.33534984474858,24.55610861187354],[118.33545986994851,24.555569637076538],[118.33269,24.54784],[118.32811721945204,24.5444363122135]]],[[[119.45794,24.98005],[119.46038,24.99079],[119.46949,24.99575],[119.47608,24.9949],[119.47673631860158,24.98962543953113],[119.476899,24.988308],[119.47671832697098,24.987894826973548],[119.47364033659383,24.98086076920981],[119.47149720096107,24.979870401933603],[119.4629,24.9759],[119.45794,24.98005]]],[[[119.15691,25.10065],[119.15614338235041,25.097842999990764],[119.15561,25.095893],[119.15251964257493,25.0925998160126],[119.14737666550694,25.089952427580908],[119.144054,25.088243],[119.14405241136741,25.088241241270595],[119.14405,25.08824],[119.1423362544334,25.086341333330857],[119.136078,25.079413],[119.13637028612744,25.076758285150447],[119.13697,25.07128],[119.13697399597231,25.071275036581763],[119.136974,25.071275],[119.13981972054997,25.06773783330517],[119.13927059246214,25.063480210048965],[119.139089,25.062079],[119.14023430211448,25.059164906345224],[119.14088,25.05752],[119.14169982406287,25.056937894438633],[119.143565,25.055609],[119.124115,25.036607],[119.123627,25.034288],[119.124848,25.030219],[119.12143,25.027452],[119.12013608167672,25.028447204192414],[119.1172,25.03071],[119.1159,25.03628],[119.11232,25.04068],[119.10934500000072,25.042689999999517],[119.106375,25.044704],[119.104991,25.048448],[119.113292,25.053656],[119.11558023317669,25.057351100149948],[119.11826,25.06167],[119.11533,25.06708],[119.11532655735431,25.06708297051143],[119.115326,25.067084],[119.1150901123606,25.06728698876314],[119.11183,25.0701],[119.11142,25.07368],[119.11099625110539,25.074590376657454],[119.109874,25.077012],[119.10906058213398,25.080590439039593],[119.10982714285701,25.081168571428474],[119.11085,25.081936],[119.115164,25.083116],[119.12322,25.089016],[119.135753,25.094346],[119.14503,25.096218],[119.15414383680253,25.102687174340367],[119.15691,25.10065]]],[[[119.47687074555456,25.19933754445951],[119.461192,25.203315],[119.449474,25.214342],[119.444672,25.229071],[119.446544,25.235989],[119.45045000000388,25.237230000001233],[119.45436,25.23847],[119.45606099227149,25.2396500077276],[119.458181,25.241116],[119.46434365739562,25.246703132743285],[119.47039,25.25218],[119.47315351456702,25.251393199719054],[119.4760834563629,25.250556440845628],[119.47797309897393,25.248610600684827],[119.481456,25.245022],[119.48145812226608,25.24502193357731],[119.48146,25.24502],[119.48500558659462,25.244910905027858],[119.4866613379327,25.244859083317394],[119.49171,25.2414],[119.49643,25.23135],[119.50261,25.22101],[119.51123996077686,25.21403964706485],[119.511974,25.213446],[119.522797,25.208441],[119.52279809558745,25.20844088098863],[119.5228,25.20844],[119.53403,25.20722],[119.53746799999922,25.20800666101677],[119.543468,25.209377],[119.551036,25.209459],[119.55325100000088,25.209278879120806],[119.56105,25.20864],[119.56544350000243,25.206115930874173],[119.567556,25.204901],[119.56533053539371,25.20175191340316],[119.56324,25.1988],[119.5534,25.19526],[119.55339960469672,25.19525929588975],[119.553396,25.195258],[119.548188,25.185981],[119.548676,25.172431],[119.542166,25.165351],[119.528982,25.165351],[119.517345,25.171454],[119.51357152827403,25.177830574402083],[119.51092,25.18232],[119.51295,25.19139],[119.51294994340076,25.191391747501697],[119.51295,25.191392],[119.51294617254902,25.191508172549025],[119.51271,25.1988],[119.50492999999565,25.202920762714168],[119.503266,25.203803],[119.4974486946093,25.201947766466596],[119.49293,25.20051],[119.48894,25.19628],[119.47687074555456,25.19933754445951]]],[[[120.216319,27.043931],[120.216319,27.037095],[120.23298593416504,27.0350522633408],[120.24154951183525,27.034000059980606],[120.255626,27.017524],[120.25521906367861,26.997059202392897],[120.24329088974142,26.986898165335287],[120.2373991627488,26.981880841770764],[120.22999,26.98933],[120.21608,26.98408],[120.19538427179413,26.98160954359414],[120.19320727239807,26.98135003247145],[120.14869,26.98188],[120.14869209108944,26.981878998917527],[120.148692,26.981879],[120.187022,26.963528],[120.19292021692425,26.96251288359486],[120.19955,26.96137],[120.21388,26.96381],[120.22592,26.96735],[120.23014487947816,26.96693053908968],[120.235688,26.966376],[120.24340592521315,26.955507999981982],[120.24366,26.95515],[120.23935,26.95234],[120.23731165151631,26.949387909092575],[120.234711,26.945624],[120.229991,26.940904],[120.22999205408483,26.940902054084827],[120.22999,26.9409],[120.23460616345815,26.93238408171754],[120.237397,26.927232],[120.228608,26.923],[120.22735040156006,26.92178819882229],[120.22413,26.91869],[120.22169242359034,26.917113313671532],[120.219086,26.915432],[120.21115037326382,26.91388503621263],[120.20948157474744,26.913560306428483],[120.200776,26.915432],[120.168468,26.927232],[120.147227,26.929023],[120.125743,26.927314],[120.113617,26.918769],[120.12069684256265,26.8998884198552],[120.11969338836475,26.899386239524908],[120.10963,26.894355],[120.10341214894059,26.890468388300633],[120.10279189894793,26.89008118545434],[120.095551,26.887274],[120.08772649259863,26.88665252219859],[120.08326,26.8863],[120.08279856799115,26.886530160062243],[120.079112,26.888373],[120.07404282212221,26.892597164432804],[120.0735,26.89305],[120.07349772242782,26.89305139799827],[120.073497,26.893052],[120.065684,26.897854],[120.05942140084268,26.899137050633158],[120.05576,26.89989],[120.03199,26.89989],[120.0319944342857,26.899888],[120.031993,26.899888],[120.055268,26.88939],[120.05178842809873,26.885398929771718],[120.0442,26.8767],[120.03664596192128,26.870141793621777],[120.025157,26.860175],[120.024506,26.837877],[120.0327320559282,26.830597351985258],[120.0337,26.82974],[120.03370184505478,26.82973913711878],[120.033702,26.829739],[120.047618,26.823228],[120.062999,26.818915],[120.07626178034879,26.817369258694367],[120.07868469914199,26.81636039830948],[120.085053,26.813707],[120.08810669606162,26.811627825505067],[120.09653,26.80589],[120.11085,26.79873],[120.12818,26.79694],[120.11964,26.78417],[120.10694,26.7718],[120.09984710410512,26.76152726394332],[120.097748,26.75849],[120.10019,26.742906],[120.10693575559293,26.738948733202182],[120.1124,26.73574],[120.12875,26.73505],[120.14283,26.73281],[120.14869,26.72118],[120.14662132148858,26.716707290796588],[120.143565,26.71011],[120.131928,26.707221],[120.12897715555444,26.70703311111104],[120.1185,26.70637],[120.11173582036501,26.70321296606685],[120.107677,26.701321],[120.102061,26.689154],[120.10206116476064,26.689152522266397],[120.10206,26.68915],[120.10269001722172,26.683512362022473],[120.103608,26.675279],[120.10603990902439,26.67006796966218],[120.11044,26.66063],[120.12031256650975,26.646610185765393],[120.120697,26.646064],[120.12069713245515,26.646064072137282],[120.1207,26.64606],[120.134369,26.653509455010976],[120.134369,26.646064],[120.098969,26.628363],[120.09429244651601,26.6250320534888],[120.09034,26.62222],[120.08041088970373,26.617420430068268],[120.07960300847243,26.618051626061003],[120.07521,26.62149],[120.07651,26.63011],[120.08284905293387,26.635794578442162],[120.086681,26.639228],[120.08667945379901,26.639229510191445],[120.08668,26.63923],[120.085653295103,26.64023177063522],[120.079682,26.646064],[120.027843,26.615302],[120.014903,26.611274],[119.959972,26.611274],[119.95467208055126,26.60885456388446],[119.94874,26.60615],[119.94117,26.59333],[119.93702,26.57673],[119.9361234061849,26.566152791804534],[119.935639,26.560452],[119.88428938792508,26.523180007422088],[119.84718,26.52363],[119.83934273160087,26.528934492636004],[119.835704,26.531399],[119.832612,26.550482],[119.83398239743528,26.55501219871589],[119.83595,26.56151],[119.84164,26.5624],[119.84518191551582,26.56149822396376],[119.848155,26.560736],[119.84927479486986,26.561409671784567],[119.85377,26.56411],[119.85483,26.57193],[119.8528337511756,26.58568033486272],[119.852061,26.59101],[119.85306353989161,26.595282380357258],[119.85377,26.59829],[119.8685,26.61005],[119.88844,26.61713],[119.91327699045925,26.622344971349822],[119.928966,26.625637],[119.944835,26.632025],[119.968516,26.647935],[119.984141,26.65351],[119.9837532639273,26.65436045278546],[119.98203,26.65815],[119.97931045621341,26.66771845620617],[119.97877,26.669623],[119.97827217647078,26.670743294117223],[119.97682008114231,26.674019816909688],[119.97739543923997,26.674359098123553],[119.98634,26.67963],[119.99067362412644,26.688378250573],[120.000255,26.707709],[120.0081196025643,26.717140920510786],[120.01148578805532,26.72117495241151],[120.012299,26.719062],[120.01229927440242,26.719061899094882],[120.0123,26.71906],[120.01485773118362,26.7181210860212],[120.017833,26.717027],[120.0227971493089,26.716050020832675],[120.02817,26.71499],[120.03232,26.71662],[120.03224404379587,26.71749004379265],[120.031993,26.720404],[120.03093959006559,26.723651954043536],[120.03053,26.72492],[120.03136432639566,26.727011530553504],[120.031993,26.728583],[120.03957306003682,26.7380480300635],[120.07765,26.78559],[120.07896208350584,26.792926033394767],[120.079682,26.796942],[120.067475,26.800482],[120.05946401416195,26.798888549514785],[120.0149,26.79003],[119.96678519295165,26.794876549806183],[119.9463,26.796942],[119.925141,26.792182],[119.92514075505507,26.792180169851704],[119.92514,26.79218],[119.92488524684475,26.79027109622031],[119.923676,26.781236],[119.935639,26.759019],[119.9340088329878,26.75527649992786],[119.92408,26.73249],[119.91298505765936,26.72131013464279],[119.901866,26.71011],[119.888031,26.687242],[119.88803109453438,26.687241808670628],[119.88803,26.68724],[119.89901955364415,26.665002124708277],[119.90161957189991,26.659739914263067],[119.88364450413886,26.65613999172558],[119.879649,26.655341],[119.86216059133815,26.653930681732668],[119.85694397029079,26.653510319930962],[119.85377,26.68769],[119.8506,26.68952],[119.8452731114238,26.695857031855947],[119.829194,26.714993],[119.819591,26.711371],[119.81959009322749,26.71137003515453],[119.81959,26.71137],[119.81906100003029,26.710807056932953],[119.803071,26.693793],[119.79175999216953,26.687690535290898],[119.7917182339428,26.69054512766946],[119.791515,26.704779],[119.79817297286918,26.743214506755166],[119.80226,26.76679],[119.81153,26.77578],[119.82033647043374,26.78017244675117],[119.840099,26.790025],[119.84009439710331,26.79002720541555],[119.8401,26.79003],[119.82838,26.79564],[119.815766,26.797593],[119.803233,26.795722],[119.8020622650823,26.795140713889996],[119.79176007242957,26.790030035930627],[119.797374,26.816392],[119.815033,26.825629],[119.834809,26.832506],[119.846283,26.8522],[119.8462797930402,26.85219964472201],[119.84628,26.8522],[119.81983,26.84927],[119.79835,26.84138],[119.78199,26.82852],[119.77410972601385,26.816073456627677],[119.7706,26.810533],[119.765229,26.794094],[119.76574552436405,26.786087475641015],[119.76588,26.784],[119.76727999510777,26.779412985312426],[119.768809,26.7744],[119.7705999165325,26.75901971681387],[119.76965503840603,26.75581396162814],[119.766449,26.74494],[119.75619876602076,26.737739942931967],[119.74301,26.73713],[119.73024,26.74291],[119.73024,26.74909],[119.73268,26.76341],[119.73053420096402,26.770926799047274],[119.726085,26.786526],[119.7213367662079,26.793744300152884],[119.71201,26.80793],[119.6949752200131,26.816126142868313],[119.692393,26.817369],[119.69239265786179,26.817368721191883],[119.69239,26.81737],[119.6858,26.812],[119.68308101697355,26.80600466666002],[119.680186,26.799628],[119.67628,26.785875],[119.675059,26.776435],[119.67506003735672,26.77643028905518],[119.67506,26.77643],[119.67528400000467,26.775413208169937],[119.677989,26.763129],[119.683849,26.754218],[119.710297,26.729885],[119.7186059062474,26.72538992189214],[119.7202284098429,26.72451086153526],[119.727387,26.717922],[119.730235,26.704739],[119.724946,26.697821],[119.72424227064164,26.697942353211108],[119.71315,26.69986],[119.69614,26.7082],[119.68043049036648,26.72182957455792],[119.6800275584712,26.722283837675864],[119.66383,26.74055],[119.64872880745575,26.751371673893942],[119.646007,26.753323],[119.62655942611673,26.749091527883085],[119.62304694555677,26.758443010860162],[119.620372,26.76557],[119.622651,26.777167],[119.62248874311757,26.779081192680614],[119.62184,26.78677],[119.61255942141949,26.792747421416323],[119.606049,26.796942],[119.6037084228579,26.79698796001375],[119.59775,26.79711],[119.58862361006179,26.795387125781186],[119.584565,26.794623],[119.58456119879659,26.794620226308073],[119.58456,26.79462],[119.57818677833873,26.789968889175217],[119.575531,26.788031],[119.57553107307338,26.788030783117776],[119.57553,26.78803],[119.57869371240191,26.778644050163113],[119.579438,26.776435],[119.57561861364987,26.771650848463374],[119.57154,26.76655],[119.55763,26.75878],[119.55209,26.74909],[119.5503,26.73721],[119.55152,26.72517],[119.55327540962638,26.719462158636244],[119.554698,26.71483],[119.55893,26.708197],[119.5637368888631,26.706205222045867],[119.57081,26.70327],[119.58375,26.70392],[119.59596,26.70331],[119.5995608331481,26.700176668479646],[119.606049,26.694525],[119.608246,26.683539],[119.606456,26.669908],[119.60287225396077,26.656945190449143],[119.59986150826144,26.64606545030835],[119.58263394209753,26.656092699339354],[119.56813,26.66454],[119.56081341941487,26.66615441941172],[119.55893,26.666571],[119.544444,26.662502],[119.54444344285302,26.662500967040156],[119.54444,26.6625],[119.54149499560253,26.65703449634344],[119.541108,26.656317],[119.54519808606466,26.637216971382287],[119.54542,26.63618],[119.54542029368997,26.636179298351593],[119.545421,26.636176],[119.55421,26.61518],[119.592377,26.590888],[119.59598944326837,26.580992983765487],[119.59986,26.57038],[119.599864,26.57038],[119.606049,26.57038],[119.60605,26.57038],[119.61890709421716,26.58783605482361],[119.62600366666716,26.591965448093507],[119.63779,26.59882],[119.65797,26.60765],[119.67506,26.6188],[119.68751,26.61127],[119.69605628097456,26.609564561949977],[119.700938,26.608588],[119.70942240099217,26.60936586466413],[119.73024,26.61127],[119.7301913708116,26.61127],[119.730235,26.611274],[119.72282114285716,26.611274],[119.72840202394923,26.611587784479074],[119.735199,26.611965],[119.742198,26.608629],[119.74266322864644,26.604264228647224],[119.74292996194474,26.601750358657824],[119.7421324811227,26.60048940564554],[119.73642,26.59146],[119.73642160614996,26.591459539596656],[119.73642,26.591457],[119.748627,26.587958],[119.771739,26.583889],[119.78491950899378,26.57782760542861],[119.7836151008388,26.57146618207579],[119.782237,26.564765],[119.782725,26.559638],[119.78406941296855,26.55403770648774],[119.78491864647906,26.5504856613022],[119.77859651914673,26.555802557440735],[119.77418,26.55952],[119.77273222120473,26.56137623035482],[119.7706,26.564114],[119.76413842989906,26.554363009250217],[119.76173,26.55073],[119.76173027350193,26.550728921809288],[119.761729,26.550727],[119.76588,26.534369],[119.77008497011182,26.530035011958628],[119.77914,26.5207],[119.77914277068774,26.520699297712568],[119.779145,26.520697],[119.78395928571923,26.519478453542632],[119.79859,26.51577],[119.79763100660837,26.514574858085503],[119.795258,26.511623],[119.79373425000179,26.508713403634708],[119.79347,26.50821],[119.79243440344571,26.507112631019663],[119.790619,26.505194],[119.7856517360705,26.502426947955],[119.78492,26.50202],[119.79085830654975,26.498923959833036],[119.794281,26.497138],[119.802257,26.489447],[119.812266,26.474799],[119.81695492794658,26.463917213247004],[119.81771930290562,26.46214161930549],[119.818858,26.453192],[119.8177442049783,26.448737346281312],[119.81674,26.44473],[119.8153297946846,26.44127547020055],[119.812266,26.433783],[119.808849,26.433051],[119.795746,26.434272],[119.791759,26.433783],[119.791108,26.429918],[119.79197552087543,26.42159720143706],[119.79249,26.41665],[119.7919526258044,26.414198690313196],[119.79175986771295,26.413319955680482],[119.77970894237114,26.409282589829928],[119.772065,26.406724],[119.76583535925445,26.407176514782133],[119.76197284554951,26.40745979130757],[119.75748643887553,26.41830732530115],[119.75205,26.43146],[119.75040938092214,26.43285014288277],[119.737641,26.443671],[119.718761,26.45185],[119.699229,26.454901],[119.69678899999191,26.456079127122553],[119.68979,26.45946],[119.68100335585336,26.47083771162388],[119.664561,26.492133],[119.653656,26.498033],[119.65070444920123,26.49626905805702],[119.64698,26.49405],[119.64190261339259,26.48402173974051],[119.640961,26.482164],[119.6383896386907,26.480818083922973],[119.63575,26.47944],[119.63021903798874,26.474847952515525],[119.625499,26.470933],[119.620372,26.467963],[119.605724,26.474351],[119.601894,26.47464380546075],[119.59986,26.4748],[119.5923394075412,26.473348592472163],[119.5796,26.470893],[119.57648750000092,26.468955000000573],[119.5713,26.46573],[119.5693711478036,26.461449371047756],[119.566417,26.454901],[119.5715536206372,26.441746540226383],[119.57309,26.43781],[119.58805659879327,26.434795299385925],[119.594086,26.43358],[119.59408815665728,26.43358037130189],[119.59409,26.43358],[119.6163,26.4374],[119.62656,26.44432],[119.62926519165181,26.44708168057261],[119.63087,26.448717],[119.63413662667395,26.447170952005326],[119.63998,26.4444],[119.64435862838464,26.44080714672099],[119.648448,26.437445],[119.654307,26.429023],[119.655528,26.355618],[119.66328787774798,26.343331394468887],[119.66529,26.34016],[119.66529090479315,26.340159900796998],[119.665294,26.340155],[119.6813193503839,26.338402515764223],[119.68873,26.33759],[119.68868106997829,26.337485414977266],[119.686615,26.333075],[119.683849,26.321682],[119.681895,26.317125],[119.68190207827145,26.317124859957836],[119.6819,26.31712],[119.6963,26.31684],[119.73569,26.32221],[119.74708,26.32762],[119.74708010715635,26.327622575873797],[119.747081,26.327623],[119.748383,26.358873],[119.75042616159702,26.36334576641205],[119.75440764060937,26.372054839077574],[119.7706,26.364936],[119.780121,26.374986],[119.78382515633685,26.38424476549928],[119.78468,26.38638],[119.78503379901866,26.38783612058804],[119.787364,26.397406],[119.79112575695044,26.405172594441005],[119.79176,26.40648],[119.7977,26.41132],[119.81925442536252,26.42331770898918],[119.825776,26.426947],[119.834809,26.412095],[119.8419591855294,26.406060278310385],[119.84628,26.40241],[119.84947267507324,26.396340756296407],[119.8513287691771,26.39280843927711],[119.8401,26.37857],[119.84010130413184,26.37856992191822],[119.840099,26.378567],[119.85112349210729,26.377909994740072],[119.8558,26.37763],[119.88014,26.3631],[119.89165033158521,26.35965082896525],[119.894786,26.35871],[119.89478878374715,26.35871036446075],[119.89479,26.35871],[119.90846,26.3605],[119.93483,26.37055],[119.94996,26.3723],[119.94996,26.36494],[119.89782018180281,26.32601872726126],[119.888194,26.318834],[119.87753261540414,26.31342192308683],[119.87745198682913,26.313381008214034],[119.86109028950413,26.32358500002737],[119.85475,26.32754],[119.85474853464983,26.327540042913824],[119.854747,26.327541],[119.85038463086873,26.32766784295313],[119.82675,26.32836],[119.8103039002749,26.321436339600712],[119.801117,26.317572],[119.79365459798055,26.307915668376083],[119.78492,26.29662],[119.7849246738417,26.29661916594744],[119.784923,26.296617],[119.79086267651225,26.295559057617854],[119.80542823962948,26.290430619814742],[119.792735,26.284084],[119.79045117862964,26.284937598081697],[119.78468,26.2871],[119.77831446295741,26.29198077157856],[119.776622,26.29328],[119.773557634712,26.294117698612766],[119.76441,26.29662],[119.7539528231457,26.294524755092944],[119.753429,26.29442],[119.732677,26.285061],[119.72963790524265,26.284579189517753],[119.71933,26.28295],[119.69459,26.28295],[119.68200160156529,26.28148135351595],[119.673595,26.280504],[119.66569407328633,26.277186823282495],[119.65431,26.27241],[119.65058830840808,26.269212074717352],[119.634125,26.255072],[119.63413050379954,26.255070432898123],[119.63413,26.25507],[119.63784999309124,26.254011379313823],[119.651703,26.250067],[119.65735855679718,26.247309227131645],[119.66822,26.24201],[119.66687666880729,26.237920915606928],[119.664806,26.231635],[119.66588684694418,26.22843103825675],[119.66821937528304,26.22150185583073],[119.66032999999311,26.219549999998296],[119.65244,26.2176],[119.63697,26.21166],[119.62501,26.20295],[119.62037,26.1905],[119.61447143588808,26.18333190598405],[119.6135388981241,26.18219951921126],[119.60011,26.17634],[119.5985310290088,26.174450941934627],[119.591807,26.166409],[119.59571000242914,26.156434714283733],[119.59986,26.14582],[119.56113,26.12499],[119.53736,26.09683],[119.51832,26.06489],[119.49374,26.03286],[119.48744667755031,26.021936896117445],[119.473155,25.997138],[119.45850789539647,25.9824898954576],[119.43897700000241,25.981519733333453],[119.43555986226251,25.981350142053028],[119.43184574692047,25.985180626544157],[119.431733,25.985297],[119.42865500001092,25.990426999981793],[119.42148,26.00239],[119.41777861188217,26.006344671286083],[119.41505,26.009263],[119.40595866345976,26.013372108956258],[119.40488,26.01386],[119.40487849308296,26.013860325155264],[119.404877,26.013861],[119.382823,26.018622],[119.373383,26.022284],[119.343354,26.04206],[119.326915,26.048041],[119.27711,26.052924],[119.261241,26.060533],[119.23414897196362,26.086839556073794],[119.23316,26.0878],[119.2290687576023,26.090699045392018],[119.215831,26.100084],[119.200938,26.104682],[119.161143,26.11164],[119.15258881234692,26.115295812368487],[119.15162132969591,26.115709431527055],[119.120209,26.135932],[119.103608,26.143134],[119.09728490919231,26.144816272970534],[119.09352,26.14582],[119.09352,26.145817935790724],[119.093516,26.145819],[119.093516,26.139594],[119.09352,26.13959107973821],[119.09352,26.13959],[119.09685578246875,26.137155740219814],[119.115977,26.123196],[119.136485,26.102932],[119.157319,26.090766],[119.181488,26.098619],[119.18923337116752,26.09237205676827],[119.19516,26.08759],[119.20069,26.07591],[119.20899,26.0434],[119.21373133301309,26.03523970813959],[119.217377,26.028957],[119.237315,26.006252],[119.24055955782057,25.99985628570736],[119.24301,25.99502],[119.24470616584523,25.982712833201308],[119.246837,25.967231],[119.2473776922688,25.966968759598807],[119.25497,25.96328],[119.28183116950802,25.959170593300133],[119.296153,25.956977],[119.30939966108689,25.951985322178587],[119.32984,25.94428],[119.33492224502605,25.94310369402958],[119.34669,25.940375],[119.36903432980573,25.941111769555892],[119.37753,25.94139],[119.3850251971192,25.943359727570577],[119.40976,25.949856],[119.42650054846682,25.957352160767147],[119.44093,25.96381],[119.46939765232703,25.981446369079723],[119.490001,25.994208],[119.496837,26.001776],[119.4968374394402,26.001777166164068],[119.49684,26.00178],[119.49848900331453,26.006160002494724],[119.500011,26.010199],[119.501801,26.029202],[119.504242,26.035956],[119.5190524012385,26.04450007767911],[119.55302858075385,26.04559919358852],[119.554291,26.04564],[119.566417,26.050238],[119.59749471136345,26.034556010157438],[119.6194,26.0235],[119.63641824218793,26.01878410156238],[119.648448,26.015448],[119.65533624943909,26.017217496567795],[119.67506,26.02228],[119.6954,26.00263],[119.70069,25.99518],[119.7024,25.98505],[119.70140293211394,25.981397983021424],[119.698985,25.972561],[119.675059,25.926093],[119.665538,25.915351],[119.65430928409626,25.90692971302134],[119.65103991877743,25.905619148475434],[119.640391,25.901353],[119.623546,25.8994],[119.61679599999512,25.89296080508008],[119.61647,25.89265],[119.61646990622957,25.89264972636645],[119.616466,25.892646],[119.6081649999795,25.868414999940125],[119.59986246328941,25.844187188178058],[119.59087403555613,25.862835272191486],[119.58408,25.87694],[119.57845933364906,25.88148788942304],[119.574229,25.884914],[119.566417,25.872056],[119.57441083063556,25.865309245958272],[119.57789,25.86237],[119.57911,25.84125],[119.58113349250532,25.830366611921544],[119.583018,25.820217],[119.59434371428577,25.814784390894793],[119.60304,25.81061],[119.60792,25.80516],[119.60817421109388,25.798680211096805],[119.608409,25.79267],[119.606049,25.769029],[119.609874,25.767157],[119.61671,25.764716],[119.6200299999994,25.761200000000624],[119.62085966682723,25.76032035324342],[119.61671,25.752265],[119.596446,25.731513],[119.59432250016812,25.723885799858976],[119.59376,25.72187],[119.59351867097428,25.71238543870153],[119.593028,25.693183],[119.589936,25.687161],[119.58862915030137,25.68646908283032],[119.58717,25.6857],[119.58544984363641,25.683828952727314],[119.584321,25.682603],[119.57992749764671,25.679999887342895],[119.57865639399859,25.679942661667056],[119.572602,25.679674],[119.56763941675509,25.68195134984527],[119.56653363287043,25.684510544284883],[119.564301,25.689683],[119.54372700001741,25.701216261672478],[119.53541,25.70588],[119.5228,25.7058],[119.52279895640395,25.705797012562925],[119.522797,25.705797],[119.52109513259285,25.700919582861918],[119.51734065437815,25.690171873247294],[119.50058,25.689683],[119.487071,25.687323],[119.477061,25.679674],[119.469493,25.68358],[119.463634,25.685289],[119.46363297589535,25.685289131607327],[119.46363,25.68529],[119.45720016596245,25.686115809728722],[119.449067,25.687161],[119.45187981685139,25.67751693894634],[119.4559,25.66372],[119.45792678385406,25.647399891890508],[119.459727,25.63288],[119.46492467964241,25.619424928139345],[119.46705,25.61392],[119.46705095859012,25.613920695865417],[119.467052,25.613918],[119.47988602039096,25.62323799998752],[119.48324583422823,25.625676975958267],[119.47950491156459,25.602567727891003],[119.47934,25.60155],[119.47934005403972,25.601549333826053],[119.47934,25.601549],[119.481049,25.580471],[119.48157999319749,25.57973899094535],[119.49244,25.56476],[119.51734,25.55679],[119.51734045551872,25.55679045551872],[119.517345,25.556789],[119.522065,25.56151],[119.526703,25.57099],[119.53288442216929,25.57489426651825],[119.53443,25.57587],[119.54884,25.56704],[119.55525355293827,25.564868745099027],[119.558442,25.563788],[119.568126,25.569037],[119.56812735581447,25.56903856739174],[119.56813,25.56904],[119.56932813717654,25.57042673284322],[119.575694,25.577786],[119.57818999999782,25.58236999999601],[119.57943430249,25.584649562161673],[119.56837,25.547431],[119.5683701439499,25.547430484124217],[119.56837,25.54743],[119.56868698754661,25.546295006226977],[119.572276,25.533433],[119.57227933880104,25.53343236746435],[119.57228,25.53343],[119.57976214240342,25.53201475078879],[119.5931073641206,25.529486499367184],[119.58741,25.52192],[119.58429030963387,25.518651076153937],[119.583018,25.51732],[119.58238495490984,25.51711316862039],[119.57691,25.51533],[119.57232958673163,25.515539589930295],[119.566417,25.515815],[119.56642963751835,25.51580955900774],[119.56642,25.51581],[119.58163,25.50926],[119.58985,25.50788],[119.58985309858912,25.50788015167919],[119.589854,25.50788],[119.5998569780305,25.50836765767022],[119.5916962469138,25.502042271704262],[119.587413,25.498725],[119.58307131586228,25.496798368271183],[119.58163067356132,25.496160298324735],[119.58125170124961,25.49609883541799],[119.5726,25.4947],[119.5726,25.48786],[119.572602,25.487860377125195],[119.572602,25.48786],[119.57566282211866,25.48843753369162],[119.59848,25.49274],[119.60062134907776,25.49208048118073],[119.603608,25.491156],[119.60296700387974,25.489421338490796],[119.59986,25.48102],[119.59986,25.47484],[119.60076143404059,25.474783075532038],[119.61142,25.474107],[119.622406,25.469428],[119.62615000000272,25.46405666666277],[119.62802,25.46137],[119.62703276969597,25.458933948489168],[119.623546,25.450344],[119.61817833694894,25.44382974729909],[119.61402,25.43879],[119.61671,25.43724],[119.61977978886718,25.437531683299085],[119.625336,25.438056],[119.63263445214402,25.434068382842693],[119.63412584456218,25.433252273908522],[119.6397196711503,25.421819774793185],[119.64527,25.41047],[119.64569926486374,25.400080630122122],[119.646007,25.392564],[119.63841734343583,25.3798677979823],[119.6373,25.378],[119.62037,25.36498],[119.62037652325394,25.364979479487772],[119.620372,25.364976],[119.63050386798267,25.364171384816537],[119.63779,25.36359],[119.64189735861893,25.362522402305192],[119.6456,25.361558],[119.65207699273068,25.359084992721904],[119.65455,25.35814],[119.60288,25.34614],[119.57944,25.34447],[119.58302,25.35301],[119.58538200449185,25.35677565470217],[119.587901,25.360785],[119.59127269387959,25.364517714287974],[119.5936,25.36709],[119.59781754237743,25.36983207627414],[119.599864,25.371161],[119.5939669860756,25.387109225298076],[119.58872,25.40131],[119.58083935874099,25.41405098093781],[119.577973,25.418687],[119.58071389092972,25.422847957527267],[119.58253,25.4256],[119.5868872561756,25.429308429777866],[119.589854,25.43183],[119.59311,25.439439],[119.59310971043293,25.439439324047413],[119.59311,25.43944],[119.59263750363708,25.439967759095424],[119.589692,25.443264],[119.576264,25.462836],[119.57602,25.467353],[119.56837,25.466254],[119.561534,25.463284],[119.556,25.45893],[119.55209246691085,25.453763261874446],[119.55001321484109,25.455474679028647],[119.54819,25.45698],[119.5470022885037,25.457691769344347],[119.545421,25.458645],[119.53877146927695,25.461099178761593],[119.53858,25.46117],[119.53603143183778,25.450490738633714],[119.535899,25.449937],[119.53565985371036,25.447300024462205],[119.53443,25.43378],[119.53598,25.41913],[119.542,25.41279],[119.54200018241691,25.412789970112485],[119.542003,25.412787],[119.55616055696206,25.410468400099226],[119.55694397269566,25.40821800000167],[119.558197,25.404608],[119.55587119397481,25.398606940278754],[119.55209,25.38886],[119.54444171555156,25.37718261929963],[119.52589,25.374091],[119.51827686581375,25.374036149360307],[119.50327,25.37393],[119.49361266666666,25.372593795537796],[119.48325113040563,25.37116170908254],[119.48697570296811,25.376792963709633],[119.491222,25.383205],[119.497813,25.3994],[119.502533,25.416205],[119.504242,25.429877],[119.50411599895453,25.430112714290814],[119.50205,25.43399],[119.49839481090525,25.43592633817687],[119.496837,25.436754],[119.49590384684157,25.43748237844075],[119.4922,25.44038],[119.49132251052193,25.444289902096187],[119.490733,25.446926],[119.493663,25.45425],[119.50294,25.46247],[119.505463,25.472317],[119.507335,25.474433],[119.504893,25.474921],[119.466156,25.47484],[119.458263,25.466295],[119.45826220012567,25.46629238114868],[119.45826,25.46629],[119.45695644642538,25.46201724106098],[119.453217,25.449774],[119.4493396151636,25.442886861792623],[119.44703,25.43879],[119.43556,25.44693],[119.43312,25.45954],[119.44557,25.49014],[119.44907,25.50528],[119.44191,25.50951],[119.36598,25.5207],[119.35814700000641,25.525861150419498],[119.35653964075728,25.52692125833106],[119.35288,25.53974],[119.35604925252264,25.550727408587953],[119.38087,25.590888],[119.3808682111043,25.59088710547738],[119.38087,25.59089],[119.36891,25.58491],[119.36680450000424,25.583524936147366],[119.364757,25.58218],[119.36304575531562,25.580278746804595],[119.36036,25.5773],[119.35288,25.58466],[119.35526700000256,25.59542600001155],[119.356293,25.600043],[119.34833400000223,25.60553599999846],[119.34303,25.6092],[119.3226,25.61103],[119.3132017581143,25.607537373635818],[119.305186,25.60456],[119.32137951664475,25.587349576505748],[119.31056,25.57787],[119.28181395417023,25.571359969449922],[119.277843,25.570461],[119.27784283820824,25.570460642760487],[119.27784,25.57046],[119.27198,25.55752],[119.26982284996113,25.536697037479723],[119.268809,25.526923],[119.26414178691935,25.518342303259992],[119.26075,25.51211],[119.2378,25.48176],[119.22934,25.47484],[119.215099,25.470282],[119.18336,25.464993],[119.171641,25.457465],[119.161388,25.44892],[119.15166497458172,25.443296605106546],[119.12867,25.43],[119.11671,25.42642],[119.11266428571531,25.42467428571473],[119.10255,25.420315],[119.10255213716493,25.420310922180633],[119.10255,25.42031],[119.10648333333239,25.412810000001777],[119.10963,25.406806],[119.15699187158266,25.36261705282102],[119.16529,25.34955],[119.16756345922488,25.338382882675248],[119.168468,25.33393],[119.173188,25.325141],[119.1731891884291,25.325141511378845],[119.17319,25.32514],[119.18312,25.32941],[119.18816112594266,25.336272892060013],[119.192393,25.342027],[119.195323,25.35814],[119.20338,25.35814],[119.22315436673736,25.31659733037993],[119.21544576773579,25.312944202169476],[119.201508,25.306342],[119.19725263992007,25.303381200108213],[119.19174,25.29955],[119.18604656570487,25.29382879285466],[119.181488,25.289252],[119.193207,25.27497],[119.196788,25.263332],[119.19678984358207,25.263330508576697],[119.19679,25.26333],[119.20126,25.25971],[119.20126292316716,25.259711871137547],[119.201264,25.259711],[119.20452656453956,25.26180094835069],[119.21632,25.26935],[119.22439903339477,25.27812491652331],[119.225841,25.27969],[119.234711,25.294867],[119.241222,25.312567],[119.243012,25.330227],[119.24859699247699,25.326517030111702],[119.25416,25.32282],[119.26515,25.31757],[119.2729060757455,25.318496369702626],[119.273692,25.31859],[119.277843,25.330227],[119.288666,25.325426],[119.29286275817596,25.32229675090955],[119.2933,25.32197],[119.29515536050249,25.319997072099326],[119.29834624278533,25.3166],[119.29135,25.3166],[119.29135239148935,25.316596],[119.291352,25.316596],[119.296967,25.307196],[119.31541946490864,25.283735719366987],[119.31886,25.27936],[119.32423,25.27509],[119.33579,25.27228],[119.34537901787479,25.268586876975636],[119.34750034233254,25.26776940950817],[119.34944984332229,25.264406701481256],[119.352875,25.25849],[119.34518293424398,25.244121549324497],[119.34425,25.24238],[119.33175169823726,25.239698745599412],[119.323741,25.237982],[119.281261,25.241441],[119.28126008605881,25.241439992990504],[119.28126,25.24144],[119.27247,25.23176],[119.28882864207671,25.18911354006288],[119.28354500628309,25.182323984289507],[119.28126,25.17939],[119.25563,25.1759],[119.24322678067783,25.189468428590793],[119.242753,25.189987],[119.24275266945705,25.189987079763224],[119.24275,25.18999],[119.22938,25.19322],[119.22357340075186,25.190789007491805],[119.212657,25.186225],[119.19881099468188,25.18348940744486],[119.19288,25.18232],[119.17756149537651,25.177151669744422],[119.17562980319688,25.176500270851413],[119.17186150001004,25.181686419620885],[119.164679,25.191574],[119.153359,25.206955],[119.141975,25.220978],[119.14197224547236,25.220977234066968],[119.14197,25.22098],[119.12848187270666,25.21722605657085],[119.116096,25.213782],[119.10329032271805,25.198428080685865],[119.10179,25.19663],[119.10401485259193,25.18389527888804],[119.10418,25.182948],[119.114251,25.173056],[119.11505980432206,25.171283608636344],[119.11988,25.16071],[119.12485,25.1555],[119.12924,25.14867],[119.1338,25.13841],[119.14658,25.14374],[119.1479253458155,25.142909233459562],[119.153087,25.139716],[119.15221280508055,25.137474601684158],[119.14991,25.13158],[119.13991065043308,25.12733446610567],[119.1338,25.124742],[119.11671,25.126614],[119.11144439030397,25.129262780605586],[119.10353,25.13325],[119.09327,25.13565],[119.08746465648449,25.12754035880228],[119.08546,25.124742],[119.08546094629999,25.124741321912012],[119.08546,25.12474],[119.09034,25.12124],[119.09273775182129,25.118496002428333],[119.09311,25.118069],[119.09342996219296,25.11765897164443],[119.09571,25.11473],[119.09912806555381,25.111152024946588],[119.089447,25.113674],[119.06479056969103,25.124741295427846],[119.07399,25.14566],[119.07535187727935,25.14734401363581],[119.079194,25.152086],[119.07918943192506,25.152089297553484],[119.07919,25.15209],[119.07315379512869,25.156446239012787],[119.064708,25.162543],[119.05610175000284,25.158850750001214],[119.05323,25.15762],[119.04884281843842,25.148887590798875],[119.045909,25.143052],[119.04556895357487,25.138801999970024],[119.04444045288047,25.124745640980635],[119.029063,25.14053],[119.03262766574534,25.15355879945227],[119.03402970045678,25.158678906094703],[119.04864648283383,25.175063310429127],[119.0586,25.18622],[119.05860095266861,25.186221584151813],[119.058604,25.186225],[119.069102,25.203681],[119.06897831076923,25.21030192230791],[119.06886,25.21674],[119.06885801062269,25.21674143138123],[119.068858,25.216742],[119.057384,25.225002],[119.04124283355107,25.226976125157538],[119.03476,25.22777],[118.98732,25.22224],[118.96933203723246,25.226389530043647],[118.979991,25.244859],[119.000011,25.254055],[119.024946,25.259289],[119.02494602054162,25.25928916549449],[119.02495,25.25929],[119.0273,25.27824],[118.98365,25.28303],[118.9253342318982,25.266353014461224],[118.918468,25.26439],[118.907807,25.25849],[118.896495,25.257514],[118.87558,25.243842],[118.864838,25.227973],[118.8648411781438,25.227971740888464],[118.86484,25.22797],[118.88404,25.22036],[118.91114,25.21723],[118.91274015731915,25.21214994665223],[118.91382880863526,25.208686608790693],[118.90927,25.19571],[118.91529,25.17939],[118.91529232623813,25.179393534888543],[118.915294,25.179389],[118.91844886864179,25.184190131352466],[118.92091,25.18793],[118.9262801849,25.190891630210622],[118.932953,25.194566],[118.94825126041476,25.197169703929415],[118.96018933583254,25.194365458025914],[118.963145,25.193671],[118.96958936234257,25.18743274493234],[118.97461943066551,25.18256055146522],[118.972179,25.172065],[118.95656135028807,25.15327057622004],[118.95558,25.15209],[118.95557964372178,25.15208918147918],[118.955577,25.152086],[118.948985,25.136949],[118.949067,25.118964],[118.947276,25.113186],[118.94712598259585,25.11303455650876],[118.94296061562066,25.10883062132085],[118.94260534217598,25.108625197594584],[118.93515,25.10432],[118.9214,25.10139],[118.91194442047517,25.1019553637785],[118.903168,25.102484],[118.89360126616066,25.104477568440863],[118.88559,25.10615],[118.86769,25.10041],[118.85768,25.09805],[118.8576797276667,25.098049642621167],[118.857677,25.098049],[118.85381650363675,25.092979992717343],[118.84897,25.08662],[118.84897004527312,25.08661637249114],[118.848969,25.086615],[118.84902601232666,25.082132012326092],[118.84913,25.0738],[118.85048087436905,25.07167965579015],[118.860118,25.056545],[118.87794,25.040717],[118.88374314013922,25.038372040381383],[118.89576,25.03351],[118.9198448853156,25.026698483817825],[118.9351473028193,25.022367046508272],[118.92831,25.01488],[118.94068,25.00666],[118.94103931881392,25.006559070847356],[118.953705,25.002997],[118.95993334304985,25.003718436903807],[118.96705,25.00454],[118.97082826881966,25.006656881680257],[118.979991,25.011786],[118.98949047558439,25.0374865244378],[118.99048993662214,25.040189828577976],[118.99051362118813,25.04023606822363],[118.99733,25.05353],[119.0008234613937,25.051847205273024],[119.00415989053239,25.050238534933477],[119.00380652134544,25.045509196636974],[119.003429,25.040473],[119.00077303310337,25.029325688720043],[118.99952,25.02407],[118.99949448147616,25.02400582718759],[118.993419,25.008734],[118.99005193819107,25.005327061811386],[118.98666,25.0019],[118.98512630188131,24.9988415990595],[118.983246,24.995103],[118.987315,24.979722],[118.997325,24.953437],[119.013194,24.958197],[119.01595903754391,24.959479443686586],[119.0176671100002,24.960268664665275],[119.01335533346725,24.953800500007667],[119.00904053492476,24.947330802077232],[119.00086500007961,24.9421450000505],[118.99269,24.93696],[118.97706,24.93403],[118.97120100000734,24.941908203379974],[118.969981,24.943549],[118.96926256530605,24.944794623127198],[118.96372,24.95441],[118.96371640916239,24.954410556792165],[118.963715,24.954413],[118.948497,24.956773],[118.92980645894873,24.955081649262254],[118.91163,24.95344],[118.90113,24.93781],[118.90992,24.90717],[118.93417,24.88605],[118.96998,24.89887],[118.9732372404083,24.893784308687675],[118.973888,24.891913],[118.97288930353926,24.890621333334746],[118.9725,24.89012],[118.96998,24.8852],[118.96998120968212,24.885199409225017],[118.969981,24.885199],[118.97026168644155,24.885062432202968],[118.97299,24.88373],[118.97413661514696,24.883806051004644],[118.974946,24.883857],[118.97584012521028,24.882718114257294],[118.97589755881064,24.881853129427526],[118.976166,24.877753],[118.951996,24.870754],[118.9244097649479,24.869940052075815],[118.89796,24.8758],[118.87721,24.88862],[118.86671,24.89102],[118.85246905425232,24.88589227908707],[118.837657,24.880561],[118.825938,24.877753],[118.812755,24.881659],[118.802745,24.888088],[118.80274163323286,24.888088950880395],[118.80274,24.88809],[118.79400716079117,24.890555839213754],[118.792084,24.891099],[118.79208381229621,24.89109892354488],[118.79208,24.8911],[118.7776,24.8852],[118.77760008114328,24.88519944036903],[118.777599,24.885199],[118.77860517081699,24.87826751238122],[118.780119400846,24.867824132260466],[118.77074325349011,24.86273640850373],[118.76197,24.85798],[118.73634,24.85139],[118.72776748018778,24.84808115967761],[118.716075,24.843573],[118.71423375000145,24.844134388111446],[118.70607,24.84663],[118.6998,24.85155],[118.69879760048511,24.856222002417365],[118.69809050327807,24.859521651467134],[118.69917000967108,24.86306396616113],[118.701752,24.871527],[118.70659585395178,24.87614241580461],[118.70777,24.87726],[118.72150633414002,24.881628501213303],[118.72519,24.882799],[118.72807610001026,24.884319000005398],[118.72975,24.8852],[118.72962433724467,24.892910666666815],[118.729503,24.900539],[118.72411468231252,24.910296788191275],[118.72047,24.9169],[118.70753,24.93122],[118.69557,24.94042],[118.69557038294992,24.940413399514547],[118.695567,24.940416],[118.69751981204081,24.906809234668767],[118.69706621983983,24.904962300270906],[118.695567,24.898871],[118.69277444751141,24.897575609572588],[118.68881156439289,24.895740724341675],[118.6879545207264,24.89736713017618],[118.68483,24.90331],[118.68434,24.91547],[118.68808,24.92617],[118.6880789346554,24.92617095424722],[118.68808,24.926174],[118.68566490516996,24.928333241365454],[118.68271,24.93098],[118.67846002346836,24.93598639437306],[118.67725710801801,24.93740487262513],[118.66774,24.95344],[118.66773694907272,24.953433718385423],[118.667735,24.953437],[118.66244296283386,24.942533825278225],[118.66163099071883,24.94086203981062],[118.65769540913473,24.93711788627603],[118.64405,24.92414],[118.64120361092178,24.917490648464824],[118.640391,24.915595],[118.6403917985596,24.91559420155317],[118.64039,24.91559],[118.64747,24.90851],[118.66212,24.89838],[118.67343,24.88662],[118.67115,24.87466],[118.66813100715022,24.873483001784102],[118.65121776235696,24.866890076789964],[118.64592333333074,24.867071767527765],[118.624115,24.867825],[118.59579602270757,24.874741750209452],[118.57203,24.8852],[118.6128,24.85578],[118.61988,24.84357],[118.62025936190804,24.83624934047717],[118.620616,24.829291],[118.61871329801116,24.82069888299281],[118.61801,24.81753],[118.61793,24.80532],[118.62728341893387,24.787398466247524],[118.632579,24.777248],[118.63659207768484,24.77341723304968],[118.63795,24.77212],[118.64039,24.77875],[118.64381,24.78221],[118.64844528571172,24.78240585714275],[118.651622,24.782538],[118.660655,24.781887],[118.66462300000116,24.782046728813604],[118.66774,24.78217],[118.68557025132246,24.792247555563833],[118.686534,24.792792],[118.68972554291632,24.795369114255486],[118.69752,24.80166],[118.70175,24.81004],[118.70761681765437,24.80677784708011],[118.711029,24.804877],[118.715099,24.798326],[118.716319,24.789944],[118.716075,24.778754],[118.71810897015024,24.77385966168917],[118.71998,24.76935],[118.72546802065676,24.769431165265686],[118.72877,24.769477],[118.743419,24.775336],[118.75953104124501,24.76776845031079],[118.76295,24.76268],[118.76297466409066,24.762403661514913],[118.763927,24.751695],[118.748546,24.725165],[118.74683706134525,24.720689160667817],[118.73203,24.71646],[118.73202709307829,24.716457312329165],[118.732026,24.716457],[118.720225,24.705552],[118.69961125713029,24.677207623807753],[118.69874043346135,24.676010595832878],[118.69774712133258,24.675301969669373],[118.68539210125616,24.66649149842387],[118.675792,24.671454],[118.666515,24.68301],[118.6553661909399,24.692336786378007],[118.65406,24.69343],[118.6421,24.6787],[118.64082389282305,24.675574583405975],[118.635997,24.663764],[118.63413779611578,24.64928399999436],[118.63388,24.64728],[118.63381843093941,24.64354737570194],[118.633556,24.627875],[118.640229,24.616929],[118.653819,24.6164],[118.655886,24.615569999999998],[118.66415,24.61225],[118.66189560322158,24.593802641287027],[118.66146907910836,24.590318646184144],[118.65915498325738,24.586916661081535],[118.646576,24.568427],[118.64397185613424,24.56613926514661],[118.62045,24.54548],[118.5989107811151,24.53281243777937],[118.590831,24.528062],[118.565196,24.522691],[118.56323141440792,24.5216880855938],[118.56129,24.5207],[118.55722,24.51724],[118.55582763157801,24.517587021052865],[118.55396977111913,24.518051058089142],[118.55161,24.52896],[118.55119595839429,24.533464101251298],[118.550873,24.537014],[118.551362,24.545966],[118.554454,24.553209],[118.561534,24.55622],[118.578136,24.560207],[118.57813463691359,24.560208711696884],[118.57814,24.56021],[118.57114,24.569],[118.50750362914222,24.60462762917141],[118.501231,24.60814],[118.50041341285343,24.608285087148236],[118.48609,24.61083],[118.47486,24.61433],[118.46438201313383,24.619522881777957],[118.445323,24.628974],[118.42807136863449,24.631333949572372],[118.43271,24.64472],[118.43352300076667,24.65067366715285],[118.434662,24.659003],[118.43474233790272,24.669091333357816],[118.43491,24.68964],[118.43357647537255,24.69329175000163],[118.431244,24.699693],[118.43124004813248,24.699689868193087],[118.43124,24.69969],[118.42262,24.69286],[118.41982900029655,24.689671001235705],[118.411469,24.680121],[118.40475350777035,24.67516198446942],[118.40089,24.67231],[118.40089033166278,24.672309244914413],[118.40089,24.672309],[118.421886,24.624498],[118.404796,24.606635],[118.38971906191053,24.596707214962407],[118.37989,24.59024],[118.36093997055161,24.58493882320672],[118.351654,24.582343],[118.33056785343845,24.58866226717629],[118.32504,24.59032],[118.31871300000445,24.587557623531353],[118.317393,24.586982],[118.30714,24.588324],[118.29772697941995,24.59218540741258],[118.28403,24.59781],[118.28402834152385,24.597804859900158],[118.284028,24.597805],[118.279796,24.584703],[118.27420092993911,24.576276837583844],[118.27296,24.57441],[118.26319204126393,24.570380841995263],[118.2590787144727,24.57214902390755],[118.24985,24.57612],[118.24984913137823,24.57611651365826],[118.249848,24.576117],[118.24581402449135,24.559921016413824],[118.24179,24.54377],[118.21900287683526,24.541450292859054],[118.19434753490602,24.556463674279584],[118.19114744938923,24.56123347573978],[118.181163,24.576117],[118.181651,24.597805],[118.191661,24.600898],[118.205089,24.5987],[118.20508924961052,24.598700122923074],[118.20509,24.5987],[118.21046,24.601345],[118.215831,24.60399],[118.21518,24.614814],[118.2105573553427,24.617518297480125],[118.20371,24.62153],[118.18863409564217,24.624503382523],[118.187836,24.624661],[118.1831382278208,24.6246043165397],[118.17433,24.6245],[118.18364834488482,24.642383000109803],[118.183849,24.642768],[118.1838490407803,24.64276815914455],[118.18385,24.64277],[118.18433378820359,24.644659878517178],[118.187592,24.657375],[118.18758999587781,24.657379983897037],[118.18759,24.65738],[118.18141,24.67276],[118.16049,24.69343],[118.15748,24.66267],[118.15089,24.65864],[118.14527,24.65864],[118.14145,24.65697],[118.14144970912385,24.656968309419007],[118.141449,24.656968],[118.140705288068,24.652641711853846],[118.13746,24.63378],[118.13152590745017,24.621273740432617],[118.130951,24.620063],[118.1292618621993,24.61771696459972],[118.12216,24.60786],[118.1128,24.59781],[118.11036038460993,24.584052168947782],[118.103363,24.584784],[118.09852833100226,24.590472282734215],[118.0923,24.59781],[118.06141342660344,24.61062024826414],[118.044444,24.617662],[118.0444428069557,24.617658835811312],[118.04444,24.61766],[118.03887219862648,24.60288448432295],[118.036957,24.597805],[118.04476897297369,24.575997866945343],[118.03736151278869,24.56061314194572],[118.02281150179373,24.555593584822542],[118.02109,24.555],[118.00294152043148,24.56244937591104],[118.00845584566035,24.578320000033834],[118.00929,24.58072],[117.99244,24.57148],[117.97486,24.55272],[117.97814020783412,24.544188103919964],[117.97877,24.542548],[118.020763,24.536566],[118.044037,24.528266],[118.058116,24.515855],[118.044281,24.498033],[118.04028634963389,24.494252650380268],[118.03671013259904,24.490870125417324],[118.02711,24.487942],[118.02266166563986,24.4878319979518],[118.01393,24.48762],[118.01099266523694,24.486280163090534],[118.009369,24.485541],[118.006928,24.480455],[118.00005702028032,24.47154573477612],[117.99952,24.47085],[118.00248079799321,24.468969195319445],[118.007579,24.465725],[118.0192974615309,24.455508384621986],[118.02027,24.45466],[118.02126817535938,24.448609835066534],[118.02173832931666,24.445750079494292],[117.9961,24.44697],[117.91188,24.47895],[117.86769,24.48957],[117.86673873415351,24.48936220252647],[117.825938,24.480455],[117.82594926957849,24.48045202487559],[117.82594,24.48045],[117.84628,24.47508],[117.8601517480637,24.4740364883603],[117.866222,24.473578],[117.87083557096727,24.472359250811767],[117.88486,24.46865],[117.90112610228223,24.453193703670355],[117.86618257141083,24.46073161010163],[117.81568,24.47163],[117.80269796924087,24.469417576896436],[117.79127,24.467475],[117.79127,24.46747],[117.79127,24.46064],[117.79127,24.460639],[117.83118161680663,24.42982859583379],[117.8746,24.39631],[117.87460256841055,24.396309105138133],[117.874604,24.396308],[117.87926281135252,24.394685426362507],[117.90732,24.38491],[117.98935,24.39476],[117.99381768198492,24.396452954021445],[118.019542,24.406195],[118.030121,24.412828],[118.0340006031461,24.41097419056388],[118.04298,24.40668],[118.04475664098639,24.40366208975302],[118.047455,24.399075],[118.046886,24.389635],[118.04288112027852,24.373883172943437],[118.04078,24.36563],[118.03707297944764,24.362246608226023],[118.035737,24.361029],[118.03004,24.35814],[118.02394,24.35078],[118.02393990146564,24.35077970745321],[118.023936,24.350775],[118.01588,24.32685],[118.02418,24.32355],[118.03736,24.33128],[118.03736369339778,24.331284820197094],[118.037364,24.331285],[118.044444,24.340522],[118.04931206062102,24.34416122425361],[118.05299,24.34691],[118.07179,24.34886],[118.0782941430988,24.346299858567495],[118.090587,24.341457],[118.0967587287134,24.325763691458768],[118.09913,24.31973],[118.09971209658869,24.318732381632607],[118.102306,24.314276],[118.116466,24.304511],[118.11880743235525,24.300638858086735],[118.11964,24.29926],[118.1196628222381,24.29880052779844],[118.120616,24.279527],[118.1224416578907,24.271642131596398],[118.12265,24.27074],[118.12274102691481,24.27053299101096],[118.126475,24.26203],[118.108735,24.261054],[118.08472729569685,24.249091147343446],[118.0836962017759,24.249528605274367],[118.071788,24.254584],[118.059337,24.24551],[118.03946877614796,24.221560444014507],[118.03834024046525,24.22020028981786],[118.023936,24.206732],[118.016205,24.203111],[117.99643,24.197414],[117.989268,24.193101],[117.98642,24.187161],[117.98625303312512,24.186392208590718],[117.98251,24.16918],[117.97877,24.1621],[117.96787,24.15982],[117.96266,24.17381],[117.95851,24.20307],[117.95409654706603,24.20588987059942],[117.943614,24.212592],[117.93214,24.207953],[117.920909,24.196682],[117.91553899999394,24.192565790282334],[117.90732,24.18627],[117.90732390198627,24.18626875746806],[117.907319,24.186265],[117.92754093219995,24.179830932204485],[117.93238,24.17829],[117.93775,24.16169],[117.93051,24.1411],[117.91095045308847,24.11257650007546],[117.901378,24.098619],[117.90012674272134,24.095944005810686],[117.89576,24.08662],[117.89458154130953,24.079186215559254],[117.893647,24.07331],[117.89550219953742,24.061598399848005],[117.8956,24.06098],[117.89869,24.05052],[117.89942,24.04019],[117.89595215526423,24.0328756723684],[117.893647,24.028022],[117.862315,24.035224],[117.84795806348743,24.028045222233587],[117.83912,24.02363],[117.81884682585292,24.002165449366835],[117.798106,23.980211],[117.78150777196947,23.96668931831269],[117.77198,23.95893],[117.76547,23.94733],[117.7645673182463,23.939918941583898],[117.763276,23.929348],[117.758637,23.915473],[117.74805968736383,23.907540015522876],[117.73658175707175,23.908109912758633],[117.73286475106686,23.91383006222358],[117.72926,23.91938],[117.73021072659193,23.92281342445555],[117.737885,23.950507],[117.79072882671423,24.000937288927624],[117.79135,24.00153],[117.79135004468561,24.001530133990745],[117.791352,24.001532],[117.79360333334867,24.00828666671267],[117.79811,24.0218],[117.79064271268422,24.02586723381289],[117.786469,24.028144],[117.76775900000037,24.018081135812647],[117.76173,24.01484],[117.75726867462306,24.024503000008238],[117.757091,24.024888],[117.769786,24.031317],[117.76978823555716,24.03131910666398],[117.76979,24.03132],[117.77067067577198,24.032150668945814],[117.776134,24.037299],[117.774181,24.045396],[117.77418094087426,24.04539609175311],[117.77418,24.0454],[117.77292961049807,24.04733794383165],[117.770274,24.051459],[117.7672411924461,24.059606149071993],[117.76328,24.07026],[117.75709,24.07026],[117.75001,24.0373],[117.72413,24.03376],[117.69223,24.04654],[117.67800120669612,24.05569960889025],[117.667084,24.06273],[117.66708482335603,24.062726895024483],[117.66708,24.06273],[117.67099,24.048],[117.679698,24.039049],[117.68311101955442,24.03800736593029],[117.69223,24.03522],[117.70320266666944,24.035386051251052],[117.70874891642113,24.035467969225593],[117.70293428933427,24.02457056594383],[117.688487,23.997504],[117.687266,23.979071],[117.6950789861547,23.95355904520946],[117.67156,23.93141],[117.65373620598803,23.914169190964436],[117.648633,23.909234],[117.64863219608729,23.909232124257134],[117.64863,23.90923],[117.6336,23.87416],[117.63286283497895,23.871049456282158],[117.625536,23.840153],[117.626008,23.812233],[117.62600999542506,23.812230271770467],[117.62601,23.81223],[117.63926872938704,23.794101737270957],[117.619395,23.774807],[117.612559,23.762681],[117.59166948282045,23.73706459207331],[117.59147264449189,23.73881233332549],[117.589525,23.756154],[117.587462,23.77778],[117.602012,23.798949],[117.60107309017229,23.81621872745607],[117.60011,23.83397],[117.59816,23.85244],[117.59368147351462,23.86604416555951],[117.592052,23.870998],[117.59001018859487,23.874858362275596],[117.58237,23.88931],[117.57106,23.90327],[117.5640520104649,23.908140870604992],[117.556733,23.913235],[117.537364,23.919379],[117.53736307598311,23.919379023371395],[117.53736,23.91938],[117.47462,23.92097],[117.46684250832713,23.922790514987128],[117.454845,23.925605],[117.43260721658905,23.94197018332287],[117.43019,23.94375],[117.43018814436883,23.94375042192055],[117.430186,23.943752],[117.416596,23.946845],[117.41000103354304,23.937291233217046],[117.40707,23.93305],[117.40906826894779,23.91800556137009],[117.409679,23.913398],[117.427094,23.910386],[117.449799,23.913479],[117.45520115848335,23.913032788693954],[117.46851835058219,23.911930136570387],[117.499596,23.874072],[117.49407300626154,23.850007568708417],[117.49007,23.83258],[117.47012099514565,23.799351665099692],[117.46347839155577,23.78828931744579],[117.44823643038039,23.78182128795216],[117.434331,23.775922],[117.382416,23.795233],[117.37026887128214,23.792891514828536],[117.36891,23.79263],[117.36890934421943,23.79262945187264],[117.368907,23.792629],[117.36723237527848,23.79122777482549],[117.36093,23.78596],[117.35458,23.77741],[117.34560531341582,23.768594333333144],[117.345551,23.768541],[117.34480904301482,23.7683469337433],[117.34413,23.76817],[116.45,25.15],[116.67032722844223,24.80949607542715],[117.2,25.15],[118.1,25.5],[118.65,25.2],[118.65,26.5],[119.11404105956944,27.242465695311115],[120.25766894999282,27.10792012353128],[120.2577897600009,27.107780279998956],[120.25839,27.10708],[120.26156774761442,27.10227379809206],[120.264008,27.098578],[120.27748701754732,27.065837999967084],[120.27833,27.06379],[120.27149422872742,27.05756385160407],[120.257823,27.072659],[120.25782162706427,27.072658202730757],[120.25782,27.07266],[120.25309804167819,27.069915197898577],[120.245209,27.065334],[120.23550434046992,27.054416723846355],[120.23219,27.05069],[120.22126617550977,27.04603687753283],[120.216319,27.043931]]],[[[119.331716,25.571275],[119.34327016026693,25.573309676024852],[119.34457717274893,25.570667586375627],[119.346528,25.566718],[119.345958,25.561103],[119.3459600082121,25.561100080968437],[119.34596,25.5611],[119.35206,25.55223],[119.34913,25.54401],[119.34636499999999,25.529690000000002],[119.343598,25.515367],[119.334727,25.489691],[119.330577,25.467353],[119.334809,25.449897],[119.33486380438906,25.44588821024107],[119.33496995854769,25.437973090787498],[119.33041497531569,25.435944413604076],[119.32602,25.43399],[119.31373,25.42992],[119.30258,25.42292],[119.29689,25.42292],[119.29041272941106,25.438639691780192],[119.288341,25.443671],[119.2878264764559,25.44579115881833],[119.28566,25.45474],[119.28159,25.46381],[119.2815499952682,25.472295448111346],[119.281505,25.482896],[119.303722,25.537746],[119.305024,25.543362],[119.30585565167776,25.54454014481838],[119.30747,25.54682],[119.30967340678295,25.54823980084958],[119.310313,25.548651],[119.31215940042676,25.550621133113083],[119.31821,25.55707],[119.3213,25.56122],[119.32978457786496,25.569411444656563],[119.331716,25.571275]]],[[[119.57187,25.64024],[119.57680399999727,25.64881135153108],[119.577729,25.650417],[119.585623,25.655137],[119.587738,25.660305],[119.593435,25.661526],[119.59343629838722,25.661529207724982],[119.59344,25.66153],[119.59548125183585,25.66658135870974],[119.5962012277019,25.66836009200223],[119.60434,25.66897],[119.60824541809747,25.66969914455528],[119.6075579696049,25.663963015197826],[119.60694,25.65884],[119.59685,25.64635],[119.59132,25.64212],[119.58868900000007,25.64060444700465],[119.584809,25.638373],[119.57920300000085,25.632992665255045],[119.57773,25.63158],[119.57545,25.63158],[119.57470465007844,25.6321666625189],[119.573904,25.632799],[119.5713,25.63467],[119.5678,25.635281],[119.56608230988796,25.635949077469615],[119.56341,25.63699],[119.56147689958117,25.639974671248535],[119.559094069251,25.643661345673106],[119.56414,25.64533],[119.56544,25.64903],[119.56580500847531,25.648223008472954],[119.566905,25.645779],[119.57002757780778,25.642297866722757],[119.57187,25.64024]]],[[[119.24334,26.05707],[119.25758,26.04755],[119.26783500000832,26.04370699999688],[119.272227,26.04206],[119.305431,26.035956],[119.369802,26.014228],[119.401215,25.996039],[119.404959,25.977932],[119.39428283540083,25.969773004140016],[119.39064,25.96699],[119.38111,25.96699],[119.3784906365759,25.96825290736519],[119.371593,25.971584],[119.35850638229077,25.974035411673093],[119.34596,25.97639],[119.32429112662307,25.98301068995047],[119.312022,25.986762],[119.30337330757179,25.991156769676284],[119.30201,25.99185],[119.29054,25.99527],[119.27329,25.99714],[119.26036055041543,26.000687162807736],[119.2575794530584,26.001450875586347],[119.2558700000187,26.004187499970055],[119.250743,26.012397],[119.2493279025411,26.017527000004623],[119.24684,26.02656],[119.24034240000027,26.034275899999685],[119.237559,26.037584],[119.22673621290765,26.047674801492096],[119.22643759998364,26.048053400020745],[119.217784,26.059027],[119.21179649352749,26.086740501286613],[119.20924071079175,26.098576708218516],[119.21279638433143,26.095891896792963],[119.2212,26.08954],[119.24227518226502,26.05863163648848],[119.243337,26.057074],[119.24333750087546,26.057073665156913],[119.24334,26.05707]]],[[[119.638927,26.088568],[119.6420932868219,26.082311387596512],[119.64405,26.07844],[119.64152272316825,26.074581042683835],[119.638845,26.070502],[119.63155420338764,26.068012796609423],[119.62037,26.0642],[119.56995806369397,26.07908840449626],[119.56527960911946,26.08047052463012],[119.55397,26.09565],[119.57488,26.11953],[119.59937646985526,26.128118762288025],[119.61119880424602,26.122137536178013],[119.61313,26.12116],[119.61589600023065,26.118507999778853],[119.62696025119168,26.10789959435796],[119.63012634821008,26.10278675765239],[119.638927,26.088568]]],[[[119.7079944787867,25.464929270300665],[119.70899,25.46564],[119.70899061419428,25.465640866967373],[119.708995,25.465644],[119.711762,25.46955],[119.71225,25.473578],[119.71225,25.47358],[119.71225,25.48021],[119.71225,25.480211],[119.71216034957591,25.4810403008508],[119.7116,25.48623],[119.71159924241296,25.486230757587037],[119.711599,25.486233],[119.709972,25.48786],[119.70997070822399,25.487859291776005],[119.70997,25.48786],[119.69988,25.48233],[119.6958824999994,25.481624999999898],[119.68922,25.480455],[119.68291922345972,25.48155292922679],[119.67848,25.48233],[119.66847,25.48786],[119.6705106843104,25.490798849573224],[119.677745,25.501207],[119.686209,25.507717],[119.68949643378005,25.508260509921186],[119.69606,25.50934],[119.74314600000955,25.503284932366846],[119.748546,25.50259],[119.74854753973763,25.50259031637971],[119.74855,25.50259],[119.76637,25.50625],[119.77568131884013,25.518543120776386],[119.778331,25.52204],[119.77476987357115,25.52362774711701],[119.7588,25.53075],[119.74624617049652,25.52857714746506],[119.726329,25.525133],[119.72183557613494,25.530075192040332],[119.71616,25.53632],[119.71727539331896,25.542882485349246],[119.717621,25.544908],[119.72573900797174,25.567694992045105],[119.73048,25.581],[119.72786663371744,25.588557366238142],[119.727061,25.590888],[119.72706068683227,25.590888013809565],[119.72706,25.59089],[119.7243543333321,25.59100735421692],[119.718761,25.591254],[119.71202161850601,25.587250855520903],[119.70924,25.5856],[119.70602531769727,25.581551158859984],[119.70264973752502,25.577300447238347],[119.69490921190264,25.590489741652295],[119.69272048200068,25.59422147322467],[119.69573,25.60342],[119.698741,25.612616],[119.713634,25.630601],[119.71889414439214,25.63545488450171],[119.73048,25.64614],[119.74545,25.64907],[119.7505,25.65298],[119.76352,25.65949],[119.76715304547167,25.6594262273971],[119.78174735291036,25.659166029365522],[119.77703,25.65209],[119.77702980546074,25.652087208191123],[119.777029,25.652086],[119.77607444034135,25.63837688068803],[119.77589,25.63573],[119.77589010791816,25.635729549890353],[119.77589,25.635728],[119.776416752049,25.6335329999961],[119.78028,25.61742],[119.792,25.60456],[119.79200202621433,25.60456106843042],[119.792003,25.60456],[119.7953569712788,25.606330143558278],[119.80372,25.61074],[119.81348938255664,25.608830120707967],[119.822927,25.601386],[119.832856,25.590888],[119.816905,25.57982],[119.830089,25.572008],[119.84312700874827,25.56843080525985],[119.85515,25.56513],[119.87358190759487,25.557193907623066],[119.87451989363008,25.556789907235533],[119.8685000000136,25.55154000001185],[119.862478,25.546291],[119.84652807567034,25.536322047295137],[119.84606426751452,25.53681549298456],[119.834483,25.54914],[119.83448049510298,25.54913947325973],[119.83448,25.54914],[119.83089123627337,25.54838470883132],[119.818614,25.545803],[119.81861107116677,25.545800225437745],[119.81861,25.5458],[119.81451930551462,25.541923986102272],[119.804698,25.53262],[119.798839,25.515815],[119.79884042843878,25.515811229019775],[119.79884,25.51581],[119.80009111289186,25.512509507998622],[119.806407,25.495836],[119.82567781683176,25.486177143542008],[119.83969,25.47915],[119.84333030833082,25.46958088541108],[119.84652695086763,25.461170760188086],[119.82106,25.46752],[119.79461,25.46304],[119.79460870759827,25.46303928897916],[119.794607,25.463039],[119.79118539020885,25.461155934958022],[119.77198,25.45059],[119.75859299998227,25.434196597435918],[119.757823,25.433254],[119.75782298594008,25.43325365651137],[119.75782,25.43325],[119.75733,25.42133],[119.76001983605167,25.410630652136458],[119.75966646842969,25.409880881059188],[119.7573321106973,25.404934472481287],[119.739919,25.407782],[119.722179,25.413804],[119.70817828718418,25.42127114878266],[119.70387,25.42357],[119.6997294549989,25.42895309082322],[119.693044,25.437649],[119.697765,25.45661],[119.70102,25.459947],[119.7079944787867,25.464929270300665]]],[[[119.677094,25.655666],[119.67724755284448,25.65551567074314],[119.681,25.65184],[119.69180900365552,25.655464989020672],[119.717051483248,25.66392582679377],[119.71941,25.65729],[119.71876,25.64558],[119.7166450000006,25.642910000000757],[119.714529,25.640245],[119.68960210651888,25.638570226817613],[119.68303,25.63813],[119.6796278837437,25.637245025833643],[119.67660740986413,25.63646136578836],[119.673356000004,25.63817584641427],[119.67074746829174,25.639552225263127],[119.66538,25.64427],[119.66985,25.65257],[119.67263743231372,25.653763513835987],[119.677094,25.655666]]],[[[119.9894301862185,25.96145225181135],[119.981863,25.954495],[119.97905655461886,25.95326699156952],[119.97535,25.95165],[119.96954764225306,25.948851138015133],[119.966563,25.947414],[119.97584003647376,25.9667399927748],[119.98528,25.96487],[119.9852802024841,25.964871158066973],[119.985281,25.964871],[119.98585,25.968126],[119.99007961419869,25.969305334771846],[119.9894301862185,25.96145225181135]]],[[[119.94508,25.97232],[119.94190761766353,25.969262529313493],[119.93734873078205,25.964871703842075],[119.92856,25.97667],[119.94199,25.9809],[119.9524,25.97606],[119.94508,25.97232]]],[[[119.953461,26.149685],[119.93291317480237,26.140052682960683],[119.93263,26.13992],[119.93142155612274,26.13974111224494],[119.92628,26.138983],[119.91667991667755,26.14480023262037],[119.91375,26.15298],[119.91562,26.16238],[119.91960900599165,26.169338266090666],[119.92358987310095,26.169866319927383],[119.92343,26.16523],[119.92457,26.1625],[119.92903038915848,26.1610735270949],[119.932953,26.159817],[119.93686,26.158108],[119.953624,26.166856],[119.96404007539073,26.166937992721707],[119.96428,26.16055],[119.95777761918974,26.154017571219267],[119.953461,26.149685]]],[[[120.01189,26.21275],[120.01272805423828,26.211065339949567],[120.013845,26.208808],[120.013540920026,26.205990815994706],[120.01352,26.2058],[120.00864,26.20962],[120.0071461555057,26.21157224442939],[120.003103,26.216864],[120.00011118229114,26.218647638014993],[119.99887,26.21939],[119.99495693295066,26.21750123467563],[119.989919,26.215074],[119.98823384518674,26.215678638769493],[119.98618,26.21642],[119.98129,26.21524],[119.97755003699818,26.211493370397466],[119.975678,26.209621],[119.97103936586485,26.19237036061661],[119.96689,26.19473],[119.9651,26.20002],[119.96681,26.21463],[119.96800341101584,26.21798991101382],[119.968761,26.22012],[119.973074,26.22248],[119.983002,26.225409],[119.98434499999668,26.22693499999624],[119.98569,26.22846],[119.9913642542472,26.231574745768153],[119.99407,26.233059],[120.003591,26.231798],[120.008637,26.225002],[120.00863952049573,26.225000645669105],[120.00864,26.225],[120.01189,26.22325],[120.01417,26.22036],[120.01412408802815,26.220124771996094],[120.013357,26.216213],[120.011892,26.212755],[120.01189206686509,26.212754864866124],[120.01189,26.21275]]],[[[120.483816,26.366604],[120.48273111110949,26.36716444444528],[120.48137,26.36787],[120.479135,26.368985],[120.47690131412287,26.37010184293857],[120.48105,26.37592],[120.4791,26.38068],[120.4826,26.38251],[120.49077820975975,26.3885324878018],[120.491059,26.388739],[120.49610702166585,26.386152956668766],[120.50098806994221,26.383650989324686],[120.503347,26.379218],[120.50629013780309,26.376968850405984],[120.50765819058891,26.375921385395955],[120.50549470821394,26.375186513687325],[120.50335,26.37446],[120.50123,26.37499],[120.49966786286599,26.37556515049025],[120.499034,26.3758],[120.49903236096954,26.375799130733945],[120.49903,26.3758],[120.49635,26.37438],[120.49374,26.37124],[120.4895924553673,26.364124212581963],[120.488373,26.365871],[120.483816,26.366604]]],[[[120.03086462725857,26.493970645310185],[120.027924,26.496365],[120.028901,26.502712],[120.031993,26.508938],[120.03267046866593,26.51198698747076],[120.03289,26.51297],[120.03208358412289,26.514944896025586],[120.031912,26.515367],[120.03207394099928,26.51870278465817],[120.03541,26.52106],[120.0407,26.52216],[120.05307,26.52204],[120.05307001428423,26.522040009721692],[120.053071,26.52204],[120.05714,26.524807],[120.06067999999895,26.52453250000008],[120.06186,26.52444],[120.06543963815332,26.516870765133877],[120.06351682573101,26.51030882571595],[120.06080104650079,26.50104357028177],[120.05714586440693,26.49939627118651],[120.0550203385859,26.49844015230508],[120.05476642857126,26.49845071428572],[120.04721,26.49877],[120.03549,26.49307],[120.03142,26.49352],[120.03086462725857,26.493970645310185]]],[[[120.117361,26.564765],[120.116384,26.569729],[120.12237254901719,26.574014250536788],[120.13413,26.58242],[120.14387356943404,26.59676849205829],[120.149832,26.605536],[120.15190702090078,26.60547616720636],[120.15406,26.60541],[120.15837843633554,26.604051181670282],[120.1587013755604,26.603949197198542],[120.16163,26.60224],[120.16358,26.59903],[120.16435424008289,26.59606897495018],[120.164887,26.594021],[120.16464111151322,26.59042997213022],[120.16456,26.58926],[120.16436447457431,26.588841016944976],[120.163015,26.585964],[120.16138487429883,26.579050792380393],[120.16098,26.57734],[120.16006148148064,26.57693585185148],[120.157725,26.575914],[120.153331,26.575181],[120.147309,26.57156],[120.132009,26.55626],[120.1319448724204,26.556256191369616],[120.12859,26.55606],[120.12546724999835,26.558479227516862],[120.117361,26.564765]]],[[[119.78671,26.60936],[119.7754,26.60391],[119.77312,26.60619],[119.76977499999505,26.607264306570936],[119.764903,26.608832],[119.76266499999622,26.6125550000063],[119.76043,26.61628],[119.7671,26.62466],[119.76844991101326,26.625690999997182],[119.77019182749902,26.627020105366203],[119.78077,26.62763],[119.78696,26.62885],[119.79328699999974,26.631612376470475],[119.794607,26.632188],[119.79724528864114,26.63181132216007],[119.79802,26.6317],[119.79957,26.6295],[119.80231861159213,26.628863892745823],[119.80657,26.627875],[119.81099500000079,26.625204999999525],[119.81364868648404,26.62360079404637],[119.80927958440101,26.616263207829093],[119.80730125083896,26.612942099833585],[119.80363999999713,26.613430000000385],[119.79998,26.61392],[119.79274,26.61514],[119.79274306169812,26.61513764098669],[119.792735,26.615139],[119.793956,26.614203],[119.79263975162982,26.61299341539679],[119.79094,26.61144],[119.78671,26.60936]]],[[[119.74240348558982,26.66006198557796],[119.722341,26.650092],[119.71550515079836,26.64166918580672],[119.69663,26.6385],[119.68605,26.63915],[119.67921,26.6433],[119.67637799999933,26.643858000000133],[119.67449,26.644232],[119.67127756106008,26.64127821948284],[119.6699312380467,26.640041137591158],[119.66554599436888,26.640833011257506],[119.66407263325162,26.641099523678037],[119.65731952219812,26.650742254356135],[119.65662431438278,26.654022371230322],[119.655121,26.661119],[119.657644,26.668077],[119.664968,26.670356],[119.69834373896752,26.669051738966385],[119.71599,26.66836],[119.72055,26.66307],[119.72242830764094,26.662953153490456],[119.72698,26.662665],[119.731944,26.674099],[119.73335503035743,26.67554698265582],[119.73504,26.67727],[119.73933153889185,26.678954826379766],[119.741791,26.679918],[119.750743,26.679348],[119.75078667852573,26.679319607348106],[119.75481,26.6767],[119.7564397501678,26.674870280486452],[119.75570700937105,26.669827064497856],[119.75534699995879,26.669473691203795],[119.74919805066892,26.66343903114036],[119.74240348558982,26.66006198557796]]],[[[119.92516415838358,26.675561199103466],[119.923595,26.679145],[119.91695631141138,26.68038413926059],[119.91074,26.68155],[119.90670515870198,26.684529476110022],[119.9044708078995,26.68618340197132],[119.90593978892684,26.692369111195344],[119.90849625875272,26.69242847053616],[119.91993,26.69269],[119.92521387570582,26.69243987570623],[119.926687,26.692369],[119.92668982680556,26.692370008198555],[119.92669,26.69237],[119.92685255701839,26.69242804698543],[119.939464,26.696926],[119.94317200000066,26.69568999999978],[119.9441,26.69538],[119.94289717911154,26.692524104414566],[119.942231,26.690945],[119.94127985179819,26.689043037449725],[119.93938,26.68525],[119.93792278260993,26.682705652176075],[119.93686,26.680854],[119.935557,26.677476],[119.9389341632987,26.672439163297714],[119.94052,26.67007],[119.9423886206591,26.663075163308164],[119.93546415784253,26.66807687711091],[119.93214,26.67048],[119.92944403486639,26.669784724781334],[119.926443,26.669013],[119.92626014492744,26.671060347827208],[119.92604,26.67357],[119.92516415838358,26.675561199103466]]],[[[120.31290460248226,26.93283619786951],[120.31202,26.93106],[120.30427533333491,26.929966120527528],[120.297862,26.929063],[120.29047141647051,26.93200949880655],[120.28541314212326,26.934028745674485],[120.292003,26.939399],[120.302664,26.941799],[120.309093,26.940497],[120.31100252270436,26.93948259661763],[120.313,26.93842],[120.31316646631493,26.93817513342062],[120.314545,26.936143],[120.31290460248226,26.93283619786951]]],[[[120.33708752963972,26.970038129681402],[120.34145256892523,26.971106902259564],[120.3449,26.97195],[120.34650836024957,26.97174427950296],[120.350922,26.971177],[120.355317,26.968858],[120.35638954459014,26.96748766196426],[120.35751,26.96605],[120.36085263143369,26.964233877145237],[120.363048,26.963039],[120.36739112343344,26.95758025943611],[120.36890804258235,26.955672461803427],[120.3713214625979,26.949796921737352],[120.37387,26.94359],[120.37429150264434,26.94317840211754],[120.377696,26.939846],[120.3817454655292,26.938681724240414],[120.38420892417493,26.93797031068374],[120.3856695212801,26.935169835223217],[120.37058926196792,26.929979166257077],[120.35255,26.923774],[120.326834,26.939683],[120.318533,26.948594],[120.320242,26.958197],[120.32219288485798,26.962099768632946],[120.32500671566197,26.961874097992023],[120.326182,26.961778],[120.33630543098666,26.969445999995397],[120.33708752963972,26.970038129681402]]]]},"properties":{"id":"min-943","dynastyId":"min","name":"闽","validFromYear":943,"validToYearExclusive":944,"boundaryKind":"controlled","accuracyLevel":"reconstructed","verificationStatus":"reviewed","sourceRefs":["atlas-1935-936-946","user-943-crosscheck","natural-earth-land-10m"],"disputedNote":null,"labelLongitude":118.94693252651041,"labelLatitude":25.4897806692454,"snapshotId":"snapshot-943"}},{"type":"Feature","geometry":{"type":"Polygon","coordinates":[[[113.2,24.7],[111.4,24.4],[110.25,25.25],[109.45,26.2],[108.35,27.8],[108.35,29.55],[109.9,30.1],[110.9,30.0],[111.15,29.65],[111.52600968478788,29.81114700776623],[111.92262943939303,29.787958119317167],[111.8,29.65],[112.2,30.1],[113.35613581218463,29.94584855837538],[113.353301,29.943127],[113.345647,29.925171],[113.35124,29.907803],[113.340937,29.894557],[113.337699,29.880722],[113.342409,29.870125],[113.357127,29.866887],[113.35124,29.846281],[113.343587,29.846281],[113.335344,29.861294],[113.305614,29.87454],[113.2959,29.887492],[113.30944,29.887492],[113.295311,29.906626],[113.271173,29.91634],[113.245563,29.916634],[113.227018,29.907803],[113.218187,29.886021],[113.22172,29.861294],[113.231139,29.839805],[113.241148,29.82597],[113.246152,29.810663],[113.269995,29.799772],[113.275294,29.788292],[113.273822,29.767392],[113.279415,29.760621],[113.320037,29.736484],[113.327396,29.739722],[113.339465,29.753851],[113.347413,29.757089],[113.356244,29.763271],[113.368607,29.79153],[113.392157,29.803304],[113.394512,29.815079],[113.390685,29.839805],[113.38833,29.846281],[113.39039,29.851286],[113.409524,29.854524],[113.415706,29.859528],[113.42277,29.860705],[113.445731,29.872185],[113.461921,29.899856],[113.46630878264438,29.93115882898075],[113.7,29.9],[113.7,28.25],[113.83520292992883,28.103040293555633],[114.28753068646539,27.0],[114.85,27.0],[114.8,25.8],[113.2,24.7]],[[112.691276,28.882533],[112.675969,28.891658],[112.665666,28.894308],[112.65448,28.89313],[112.634463,28.886654],[112.624161,28.886654],[112.612975,28.89313],[112.597079,28.911087],[112.586482,28.914619],[112.525843,28.912853],[112.503177,28.906965],[112.483455,28.896368],[112.472857,28.880473],[112.473741,28.870759],[112.479333,28.849859],[112.476684,28.845738],[112.466381,28.844855],[112.433118,28.837495],[112.428997,28.834552],[112.425465,28.835729],[112.418106,28.845738],[112.415162,28.854569],[112.413985,28.873114],[112.411335,28.880473],[112.394262,28.89578],[112.351874,28.913441],[112.333329,28.924922],[112.319199,28.924627],[112.307425,28.908732],[112.303892,28.889598],[112.31655,28.880473],[112.31655,28.873702],[112.294178,28.860162],[112.282993,28.865754],[112.26798,28.951709],[112.26798,28.963189],[112.269746,28.973492],[112.281521,29.004106],[112.268274,29.024122],[112.263859,29.052087],[112.252673,29.076814],[112.220293,29.085939],[112.194389,29.072398],[112.1938,29.042667],[112.201159,29.007049],[112.199099,28.976141],[112.187913,28.967604],[112.172017,28.963483],[112.157593,28.956124],[112.151412,28.938168],[112.142287,28.934636],[112.089301,28.948765],[112.049562,28.949943],[112.029545,28.954358],[112.013649,28.975258],[111.996871,28.983794],[111.978326,28.987916],[111.966257,28.982911],[111.96243,28.950826],[112.001875,28.931398],[112.089301,28.914619],[112.123742,28.896663],[112.149351,28.89313],[112.159065,28.890187],[112.167602,28.884888],[112.17555,28.877235],[112.181143,28.873114],[112.185852,28.872819],[112.189385,28.871936],[112.192917,28.866343],[112.193212,28.861339],[112.186441,28.858395],[112.185264,28.853391],[112.188796,28.824249],[112.192917,28.811591],[112.202042,28.823366],[112.214111,28.835141],[112.227358,28.840145],[112.240604,28.832197],[112.233539,28.817773],[112.230301,28.804527],[112.233245,28.790692],[112.240604,28.790692],[112.248552,28.807765],[112.26121,28.825427],[112.266508,28.815418],[112.26798,28.811591],[112.27475,28.811591],[112.283287,28.825721],[112.287408,28.824543],[112.288291,28.816007],[112.288291,28.808353],[112.283581,28.795401],[112.27269,28.785099],[112.26327,28.773324],[112.26121,28.756545],[112.26798,28.756545],[112.272395,28.770969],[112.280343,28.773618],[112.29094,28.769792],[112.302715,28.763904],[112.296828,28.772147],[112.295062,28.780683],[112.296828,28.789514],[112.302715,28.798051],[112.312723,28.785982],[112.322437,28.770675],[112.329208,28.770675],[112.324204,28.783921],[112.302715,28.811591],[112.307719,28.828076],[112.312429,28.836024],[112.319494,28.839556],[112.32332,28.835141],[112.32597,28.825427],[112.331563,28.815713],[112.343043,28.811591],[112.338333,28.832197],[112.34216,28.867521],[112.336861,28.886654],[112.360116,28.881356],[112.380721,28.863694],[112.411335,28.825427],[112.456079,28.787454],[112.473446,28.781272],[112.504354,28.791575],[112.517306,28.787454],[112.536734,28.793047],[112.558223,28.820717],[112.575591,28.838379],[112.582655,28.815124],[112.585893,28.811591],[112.593252,28.811591],[112.600317,28.81012],[112.603849,28.801289],[112.603261,28.785982],[112.605321,28.780683],[112.61062,28.776856],[112.619156,28.781272],[112.650653,28.804527],[112.658307,28.811591],[112.659484,28.822483],[112.658012,28.836318],[112.659779,28.848093],[112.669198,28.853391],[112.688038,28.847798],[112.696869,28.848093],[112.700695,28.856335],[112.711292,28.867226],[112.78194,28.886654],[112.823151,28.90932],[112.842284,28.908732],[112.850232,28.883711],[112.842579,28.866638],[112.824328,28.861045],[112.801662,28.859278],[112.78194,28.853391],[112.775758,28.848976],[112.768988,28.841911],[112.766338,28.832786],[112.771343,28.821894],[112.781351,28.817184],[112.792537,28.818656],[112.804017,28.823072],[112.831099,28.830136],[112.846994,28.8425],[112.858769,28.860162],[112.864362,28.880473],[112.863184,28.891953],[112.859358,28.904316],[112.857297,28.915796],[112.878197,28.966133],[112.883201,28.987916],[112.903807,29.013525],[112.90469,29.031481],[112.885262,29.016175],[112.877314,28.997924],[112.871426,28.977318],[112.857591,28.95583],[112.847289,28.947882],[112.816086,28.935224],[112.78194,28.907849],[112.745733,28.889304],[112.725127,28.882828],[112.703345,28.880473],[112.691276,28.882533]],[[112.459905,29.140691],[112.479628,29.130977],[112.497878,29.125972],[112.505532,29.114198],[112.494052,29.085939],[112.509653,29.091826],[112.519661,29.103306],[112.523194,29.118025],[112.520544,29.13392],[112.505237,29.155114],[112.500822,29.168655],[112.511125,29.174837],[112.54115,29.172776],[112.547037,29.179252],[112.548509,29.198975],[112.557046,29.235181],[112.557929,29.255493],[112.548509,29.271094],[112.522311,29.271683],[112.491402,29.254609],[112.462555,29.233415],[112.442244,29.223112],[112.411335,29.171304],[112.417811,29.160119],[112.432235,29.153348],[112.44872,29.147755],[112.459905,29.140691]],[[112.92294,29.427401],[112.912343,29.431817],[112.844051,29.483919],[112.826389,29.493044],[112.811376,29.495105],[112.795481,29.491278],[112.774286,29.483919],[112.774286,29.477149],[112.787827,29.478621],[112.791359,29.480092],[112.795775,29.483919],[112.804311,29.479798],[112.826094,29.475088],[112.83728,29.469495],[112.846994,29.459781],[112.852293,29.45095],[112.858769,29.444474],[112.870543,29.442414],[112.864362,29.4327],[112.853765,29.423869],[112.842284,29.417393],[112.833453,29.415038],[112.827861,29.409445],[112.827272,29.396199],[112.829627,29.370295],[112.83522,29.359403],[112.845522,29.367057],[112.852293,29.380303],[112.846994,29.387662],[112.851704,29.390606],[112.854942,29.394727],[112.861124,29.394727],[112.87437,29.383835],[112.886145,29.365585],[112.88379,29.3491],[112.832865,29.271977],[112.822268,29.250194],[112.816086,29.229294],[112.816086,29.202213],[112.83522,29.215459],[112.898802,29.284635],[112.944429,29.31937],[112.970922,29.333499],[112.997414,29.339386],[113.008011,29.334088],[113.015665,29.322019],[113.02008,29.307301],[113.021552,29.294643],[113.016254,29.278159],[113.004479,29.269033],[112.992704,29.262557],[112.987406,29.254021],[112.986228,29.170421],[112.993588,29.147461],[113.000358,29.1663],[113.008895,29.205156],[113.017725,29.219874],[113.029206,29.232827],[113.049222,29.267856],[113.055698,29.284635],[113.063058,29.36323],[113.065118,29.369411],[113.069239,29.377948],[113.071594,29.386485],[113.069239,29.393844],[113.061586,29.396493],[113.05246,29.393255],[113.045101,29.387956],[113.042158,29.383835],[113.033915,29.361169],[113.015076,29.357637],[112.994176,29.364407],[112.979752,29.374121],[112.92294,29.427401]]]},"properties":{"id":"chu-943","dynastyId":"chu","name":"楚","validFromYear":943,"validToYearExclusive":944,"boundaryKind":"controlled","accuracyLevel":"reconstructed","verificationStatus":"reviewed","sourceRefs":["atlas-1935-936-946","user-943-crosscheck","natural-earth-land-10m"],"disputedNote":null,"labelLongitude":111.5,"labelLatitude":27.8,"snapshotId":"snapshot-943"}},{"type":"Feature","geometry":{"type":"MultiPolygon","coordinates":[[[[107.46339,20.72626],[107.46339,20.726264],[107.46339,20.729438],[107.46564991516993,20.730971389884893],[107.46795,20.73253],[107.46976893708656,20.735496531462932],[107.471121,20.737698],[107.474376,20.734687],[107.473888,20.730048],[107.466319,20.720404],[107.45265798425083,20.714468772268138],[107.46339,20.72626]]],[[[107.14633,20.74311],[107.14682,20.74059],[107.14226,20.73823],[107.13722,20.73827],[107.1325,20.74323],[107.13163718720907,20.744912650232113],[107.129893,20.748318],[107.13151470943241,20.75151958115217],[107.13152,20.75153],[107.1323154197858,20.752398740604043],[107.135102,20.755439],[107.13790084957768,20.760370150426198],[107.13852,20.76146],[107.14124511308516,20.76352477826887],[107.14405066291836,20.765649472766686],[107.14638708782627,20.763791263483203],[107.14746968207514,20.762927848643407],[107.14584,20.7519],[107.14519,20.74592],[107.14633,20.74311]]],[[[107.47584169868452,20.76211124458073],[107.48089,20.76581],[107.48190761393468,20.768340094919783],[107.482351,20.769436],[107.49171,20.774197],[107.49479944870545,20.77675788519794],[107.49189722711544,20.765624772869085],[107.49114,20.762722],[107.48552051176397,20.758408496094773],[107.48186229577288,20.755601761411956],[107.47584169868452,20.76211124458073]]],[[[107.12899880409329,20.805078974099626],[107.131358,20.802069],[107.13147155972429,20.79824210696019],[107.13152,20.79658],[107.13152088971574,20.796579716512138],[107.131521,20.796576],[107.133556,20.795925],[107.13747488889025,20.792505651404433],[107.1377061233556,20.79230339089619],[107.139008,20.785875],[107.138276,20.784084],[107.134044,20.782864],[107.1340434167023,20.782860983107735],[107.13404,20.78286],[107.13382568421048,20.78173484210503],[107.1338,20.781602],[107.13380030561002,20.781601604452668],[107.1338,20.7816],[107.13518,20.77981],[107.13233,20.77656],[107.13323,20.77497],[107.13379960902836,20.772529675004822],[107.13174016086103,20.770817758715737],[107.128998,20.768541],[107.126394,20.769192],[107.119884,20.783271],[107.118744,20.788072],[107.119721,20.793687],[107.11943166666764,20.79547766666068],[107.11907,20.79772],[107.1172,20.80077],[107.11655022312769,20.804308784812267],[107.11774523711107,20.804970525771903],[107.1188270978398,20.80556839617462],[107.12069935148567,20.804538633663075],[107.12289,20.80333],[107.1255,20.80101],[107.1259763879299,20.801766999998186],[107.126964,20.803331],[107.12815651063654,20.804356418438207],[107.12899880409329,20.805078974099626]]],[[[107.41622109582867,20.77222480835467],[107.41391,20.7683],[107.41196,20.7685],[107.41032833478288,20.77101333694849],[107.409109,20.772895],[107.405772,20.775133],[107.403901,20.77794],[107.40348634301873,20.78026284304864],[107.40195,20.78889],[107.40210389513108,20.792391114231915],[107.402273,20.796169],[107.40466009261235,20.801379543179007],[107.40561,20.80345],[107.40820818193272,20.80473163676912],[107.410818,20.806016],[107.41757008689159,20.796619662319525],[107.4189379933239,20.79130366666344],[107.420909,20.783637],[107.42068998653718,20.782777493234708],[107.41928,20.77725],[107.41713236871298,20.77374731563903],[107.416759,20.773139],[107.41622109582867,20.77222480835467]]],[[[107.05983,20.73896],[107.05982972180452,20.738959],[107.059825,20.738959],[107.05751993272213,20.73065624464983],[107.05502,20.72167],[107.046153,20.70425589177002],[107.046153,20.725979],[107.04615,20.72597796654833],[107.04615,20.72598],[107.03883,20.72346],[107.0359,20.72167],[107.03236053749454,20.718849074995653],[107.031912,20.718492],[107.031912,20.725979],[107.03191,20.725976610658996],[107.03191,20.72598],[107.0300427248942,20.72374583218173],[107.02564662229034,20.718493938102405],[107.02143345848883,20.72340610408006],[107.021251,20.723619],[107.02125056581521,20.723619340310904],[107.02125,20.72362],[107.01824,20.72598],[107.01824,20.73216],[107.03932,20.73216],[107.03932,20.73896],[107.03533,20.7412],[107.03509235756391,20.741456125736676],[107.034434,20.742174],[107.03419,20.743354],[107.03274726666415,20.745286300003375],[107.03191,20.74641],[107.02565,20.74641],[107.02565,20.746405],[107.025645,20.746405],[107.025645,20.73896],[107.01824,20.73896],[107.01624519453097,20.741666402741608],[107.014822,20.743598],[107.01482055857802,20.743599242163157],[107.01482,20.7436],[107.00864,20.74893],[107.00514,20.75324],[107.00513881126825,20.75324],[107.005138,20.753241],[106.997813,20.753241],[106.99781341668218,20.75324],[106.99781,20.75324],[107.00097689059996,20.74564794530279],[107.002289,20.742499],[107.005138,20.738959],[107.005138,20.732164],[106.99840549999126,20.73657005470102],[106.98512,20.74527],[106.97086547554923,20.763911980457408],[106.962413,20.77497],[106.949962,20.787421],[106.921072,20.804592],[106.909923,20.818549],[106.912852,20.8369],[106.91868709323157,20.838834906758073],[106.93629,20.84467],[106.94313,20.84886],[106.94666774961176,20.85531687634061],[106.946788,20.855536],[106.94678798901664,20.855536329680664],[106.94679,20.85554],[106.94670304541425,20.85808603027042],[106.946544,20.86286],[106.94809,20.870266],[106.95736376020176,20.876773726518635],[106.94996,20.86933],[106.96276255525993,20.856948889499908],[106.963634,20.856106],[106.98477596065439,20.85312146228677],[106.9944790444486,20.851750135047133],[107.005138,20.842027],[107.011404,20.842027],[107.01246197900818,20.858790667384824],[107.02271791244097,20.862249296008354],[107.035981,20.857367],[107.03884855508697,20.8549696653107],[107.04615,20.84886],[107.04615,20.84203],[107.04298,20.83137],[107.04298016102085,20.831369899698554],[107.042979,20.831366],[107.05240248297939,20.825500643963508],[107.05494,20.82392],[107.06814696927502,20.820937515360228],[107.070974,20.820299],[107.080333,20.821519],[107.087169,20.821519],[107.0878824784909,20.820259174188887],[107.09099,20.81476],[107.0944462178345,20.8103394356715],[107.09547,20.809027],[107.100841,20.804267],[107.10688405297,20.800885683790185],[107.10767604773879,20.80044221303515],[107.086762,20.805121],[107.08343704089086,20.806530836449138],[107.08033,20.80785],[107.08033,20.80044],[107.08235344470204,20.79909517478904],[107.085216,20.797187],[107.088145,20.79442],[107.09084902109485,20.791190402108718],[107.09399822753299,20.78742212090068],[107.082205,20.789374],[107.07520546503359,20.795895627594366],[107.07504281468064,20.79604737401303],[107.066091,20.814114],[107.06492699999568,20.81134868714057],[107.06251,20.80561],[107.06257090901897,20.80425892721554],[107.062836,20.798285],[107.06595044941301,20.793282339295807],[107.06666,20.79214],[107.07084660169832,20.789250999997645],[107.073497,20.787421],[107.073497,20.780588944655044],[107.06031,20.77595],[107.05047,20.77595],[107.04505106101459,20.77842616270516],[107.041759,20.779934],[107.031912,20.787421],[107.0319127198035,20.78741793184485],[107.03191,20.78742],[107.03383631806692,20.779218613622543],[107.036876,20.766262],[107.03821131661522,20.765539142888116],[107.06739,20.74974],[107.07164472464461,20.737498091775375],[107.073497,20.732164],[107.066091,20.732164],[107.066091,20.738959],[107.06609,20.738959],[107.06609,20.73896],[107.05983,20.73896]]],[[[107.380219,20.797553],[107.375255,20.803941],[107.37276765628425,20.805216410175603],[107.36891,20.8072],[107.36513996994098,20.806587253178996],[107.36085,20.805894],[107.350271,20.81094],[107.342133,20.828437],[107.34176567002069,20.83335325000676],[107.34108023060016,20.842596890192215],[107.344981,20.842515],[107.357107,20.829332],[107.35710854929624,20.8293315774759],[107.35711,20.82933],[107.36964,20.82591],[107.37368810181837,20.8234622290908],[107.381196,20.818915],[107.38368091463482,20.814255880486535],[107.38445,20.81281],[107.38429558401236,20.81046600000793],[107.383556,20.799302],[107.380219,20.797553]]],[[[106.78028,20.81127],[106.7658,20.82498],[106.7637480000017,20.8290779999966],[106.76238,20.831814],[106.76231780597307,20.83250112238913],[106.76149,20.8417],[106.76349598869494,20.843589008792645],[106.766124,20.846055],[106.787527,20.823961],[106.800466,20.817247],[106.80410588068204,20.81742688068183],[106.80787,20.81761],[106.81056539104763,20.81814198507519],[106.812429,20.818508],[106.81494973951001,20.81427979167405],[106.80782141484987,20.808578938872323],[106.80705906311522,20.807969849387856],[106.79493,20.80602],[106.78671,20.80732],[106.78028,20.81127]]],[[[107.11056997528588,20.83333812356994],[107.11320974097725,20.830878241371956],[107.11264030232249,20.82701205261059],[107.1067,20.82746],[107.09767,20.83804],[107.09766723406351,20.838038725876476],[107.097667,20.838039],[107.09740234957538,20.837916707327548],[107.09335,20.83605],[107.09018,20.83572],[107.08700972170698,20.838320946652495],[107.08579,20.84247],[107.08766,20.8452],[107.09042,20.84658],[107.0904216501557,20.846582825502477],[107.090424,20.846584],[107.09254,20.850206],[107.0944854949479,20.852357999998237],[107.09522913263812,20.853179042355094],[107.09536357142703,20.853278013163177],[107.09816,20.85533],[107.1019,20.85651],[107.10344,20.85301],[107.10251350087168,20.8501961878325],[107.101817,20.84809],[107.10198126274904,20.846973255462952],[107.10222,20.84532],[107.10564,20.84125],[107.10784,20.83588],[107.11056997528588,20.83333812356994]]],[[[107.284909000005,20.84693099999249],[107.282563,20.85045],[107.28671038368456,20.855329921573908],[107.28988674804633,20.85468066470751],[107.28956952253206,20.852999447424242],[107.28948,20.85253],[107.28948029526569,20.852526564835657],[107.28948,20.852525],[107.289887,20.847764],[107.2898897422924,20.847762998207926],[107.28989,20.84776],[107.29222124215057,20.84691127354329],[107.294119,20.846218],[107.29766541368173,20.844772345264168],[107.2994071788769,20.844061151914154],[107.294444,20.838935],[107.29016628027337,20.839036373697443],[107.28761,20.8391],[107.28760857642025,20.839096986339953],[107.287608,20.839097],[107.28693145403845,20.837663545976124],[107.2859,20.83548],[107.27833,20.83373],[107.275045647345,20.83235269082209],[107.27336827251277,20.831651531922642],[107.27231059625184,20.832589471248376],[107.27483007359653,20.83649001762506],[107.2758742622232,20.836740082215268],[107.277924,20.837226],[107.27825,20.83983],[107.27988,20.84158],[107.27987613041154,20.841578065205766],[107.279877,20.841579],[107.275564,20.839423],[107.27117099590164,20.839423],[107.27161192513861,20.840751231281768],[107.27198180585184,20.841860419022506],[107.27866,20.84341],[107.28517,20.84654],[107.284909000005,20.84693099999249]]],[[[106.90040038349522,20.86432562815447],[106.90051331372499,20.863038223535288],[106.901296,20.854071],[106.90245441537081,20.848859316922134],[106.90275998883034,20.847480050416465],[106.897065,20.847764],[106.89706213435319,20.84775989515458],[106.89706,20.84776],[106.89584,20.84601],[106.89795861938744,20.84064349711766],[106.89749971428563,20.840476342857112],[106.89706025010605,20.840320088926596],[106.881521,20.847154],[106.88146174405387,20.84925449605376],[106.88136,20.85293],[106.88329841589126,20.852991029585784],[106.888031,20.853135],[106.88802363793117,20.85317552155099],[106.88779,20.85448],[106.88592,20.85655],[106.88901,20.85871],[106.88911269257095,20.860513538277367],[106.889171,20.861518],[106.88913137430137,20.863267812862464],[106.88909003190726,20.865138556196186],[106.893158,20.863389],[106.89315754370199,20.86339105614779],[106.89316,20.86339],[106.89259,20.86595],[106.89250161306565,20.86672176884143],[106.89177616799539,20.873103724797268],[106.89777243700699,20.867003233265198],[106.90040038349522,20.86432562815447]]],[[[106.82450211066849,20.915209111685183],[106.82455000576839,20.915189993533343],[106.83302862107773,20.90568501952865],[106.835948,20.902411],[106.840099,20.879869],[106.8420136018688,20.875010504612103],[106.84555,20.86603],[106.8816,20.82152],[106.88286279372903,20.814963285730073],[106.886485,20.796129],[106.87851119681233,20.792066606413698],[106.87355,20.78954],[106.86441357329555,20.79129457329445],[106.856212,20.792873],[106.847504,20.797309],[106.84398627819476,20.808871278197884],[106.84254,20.81363],[106.82823999999565,20.842108571437244],[106.82252,20.853502],[106.819591,20.876776],[106.8195905872614,20.87677533397775],[106.81959,20.87678],[106.81422,20.86811],[106.81267,20.85932],[106.81353753936784,20.855429351508494],[106.814626,20.850531],[106.81958924847132,20.84203],[106.81219,20.84203],[106.79933,20.84968],[106.79080482265442,20.85115688915877],[106.783865,20.852362],[106.7740992627511,20.856973762751192],[106.77068051242463,20.85858975778411],[106.77027602177778,20.86004800870281],[106.76564,20.87678],[106.77361,20.90497],[106.78541,20.93081],[106.82450211066849,20.915209111685183]]],[[[106.7252156783719,20.872834185953646],[106.72552,20.87478],[106.7271730466933,20.876001817121132],[106.728282,20.876817],[106.73292003733197,20.881779969889173],[106.73821151366307,20.877512027300956],[106.74114,20.875149],[106.747,20.87401],[106.75326699902259,20.87128130664567],[106.75648458946078,20.86582745526885],[106.7614,20.85749],[106.76595812538541,20.847764],[106.764985,20.847764],[106.75884012020501,20.849468584144027],[106.75384,20.85086],[106.74887110768802,20.859038176883697],[106.749034,20.862331],[106.74902992488263,20.86232845539907],[106.74903,20.86233],[106.74773,20.86152],[106.74242168926543,20.86163862146893],[106.742361,20.86164],[106.74181766666796,20.861807108380198],[106.73707,20.86327],[106.7347709999998,20.86568589830531],[106.734711,20.865749],[106.73471093649634,20.865749015885207],[106.73471,20.86575],[106.73424375212856,20.865865880318925],[106.731293,20.866604],[106.72905474589162,20.868129713007132],[106.727712,20.869048631284922],[106.727712,20.872789],[106.72771,20.87278890325139],[106.72771,20.87279],[106.72519046416993,20.87267002210333],[106.7252156783719,20.872834185953646]]],[[[107.33711731002138,20.87643925330738],[107.33546,20.87694],[107.33253050168638,20.883288912727476],[107.33383193843183,20.88825076526545],[107.33408917076643,20.888352316950616],[107.339203,20.890367],[107.346039,20.88817],[107.34715899999603,20.887696170134006],[107.35133,20.88593],[107.35548,20.88711],[107.36598,20.88841],[107.38217,20.88788],[107.39234,20.88467],[107.39519,20.87857],[107.39275,20.87458],[107.3899,20.87177],[107.3899,20.86953],[107.38998,20.86742],[107.38787,20.86498],[107.37452,20.85932],[107.37419901231524,20.859275823071204],[107.367686,20.858385],[107.36322449890214,20.85926633430882],[107.3610912176318,20.85968975831854],[107.35573564815135,20.86359534490842],[107.35418,20.86473],[107.34352,20.87735],[107.34290335741359,20.876937501887586],[107.340587,20.875393],[107.33711731002138,20.87643925330738]]],[[[107.190684,20.882188],[107.1940246916192,20.8834903270952],[107.19548815332465,20.884059282061767],[107.19988,20.882595],[107.20999333430598,20.875758334314146],[107.21005,20.87572],[107.21079484350167,20.87421935941573],[107.212087,20.871609],[107.21117688717143,20.8687139999996],[107.21005,20.86514],[107.20769194793343,20.86510003301582],[107.205903,20.868557],[107.20590068835746,20.86855866943196],[107.2059,20.86856],[107.2054930000025,20.868853095561334],[107.202973,20.870673],[107.2013786016948,20.870847502118657],[107.20037,20.87096],[107.18881382997468,20.87970710101398],[107.190684,20.882188]]],[[[107.300385,20.895209],[107.29534486918999,20.902615492240823],[107.29371289073464,20.90501574840978],[107.29468057142809,20.90582880952341],[107.29575,20.90672],[107.29637344016767,20.9061679594046],[107.302908,20.900377],[107.31002035629811,20.89359426049513],[107.3143,20.88951],[107.32439,20.87031],[107.31593,20.87743],[107.30877,20.88394],[107.3044641549525,20.889723894360596],[107.300385,20.895209]]],[[[107.54957,20.95612],[107.54957004107173,20.95612018224177],[107.549571,20.956122],[107.553233,20.97235699999999],[107.55640797416507,20.969182025834925],[107.55675965395749,20.968469339683818],[107.55795,20.96605],[107.55873399999795,20.962146000010225],[107.559418,20.958726],[107.553477,20.93594],[107.545177,20.919135],[107.52013030969975,20.884255035353565],[107.49781,20.85318],[107.49171,20.84203],[107.48817,20.831875],[107.48463,20.821723],[107.48085569051341,20.818052654749877],[107.47722093290434,20.814520906465763],[107.46388190360358,20.814114119044408],[107.48024,20.84951],[107.481253683664,20.858973035145645],[107.481944,20.865383],[107.470714,20.876776],[107.470714,20.883000150289018],[107.47644362899355,20.88321542536681],[107.491466,20.883775],[107.505626,20.887397],[107.50562972274973,20.88739992912105],[107.50563,20.8874],[107.50587542280854,20.88759324999033],[107.516124,20.895657],[107.525401,20.910305],[107.54920957140496,20.95543687075138],[107.54957,20.95612]]],[[[107.31718967183355,20.907864104230473],[107.31959,20.90347],[107.32085217450677,20.89936252353371],[107.32309,20.892076],[107.32634219872715,20.880854665467098],[107.32431,20.88207],[107.31954999999999,20.887294999999998],[107.314789,20.892524],[107.311371,20.905382],[107.3104317635012,20.90528790316576],[107.3097448633366,20.905220477382734],[107.31186,20.90884],[107.31527974268425,20.91135981039892],[107.31718967183355,20.907864104230473]]],[[[106.99227924597099,20.9175896229855],[106.99106,20.91698],[106.99028525252493,20.917534242424477],[106.989757,20.917914],[106.98709830137005,20.919795369862875],[106.98544,20.92097],[106.98203,20.92292],[106.97989073424165,20.92668261711343],[106.97722464674823,20.931381860042283],[106.9810957201449,20.932931408208294],[106.991059,20.936916],[106.99724,20.936916],[106.99724,20.92923],[106.99504000000138,20.92446333333633],[106.994721,20.923774],[106.99227924597099,20.9175896229855]]],[[[107.40055004543314,20.910047670496674],[107.381847,20.903103],[107.353282,20.901435],[107.35085749549427,20.904602327328924],[107.35076,20.90473],[107.35509431517723,20.90557910893944],[107.37322,20.909125],[107.406098,20.918118],[107.41391,20.92239],[107.420584,20.931993],[107.42335,20.942369],[107.425955,20.94595],[107.42987596518708,20.948446776105822],[107.43279,20.9503],[107.4352310000052,20.953048468515846],[107.439301,20.957628],[107.44809,20.964138],[107.45181002919574,20.961666000000886],[107.45427,20.96003],[107.44475,20.94131],[107.43336,20.92825],[107.43076719037174,20.9266797855484],[107.428722,20.925442],[107.42860679108735,20.925330746579473],[107.42042,20.91743],[107.40055004543314,20.910047670496674]]],[[[106.93686,20.95205],[106.94395972945493,20.947061106181145],[106.95508744823222,20.939237091064108],[106.95130566207973,20.934925972479693],[106.94866,20.931912],[106.932221,20.939032],[106.93320343826994,20.941789561697107],[106.93686,20.95205]]],[[[107.384695,20.958808],[107.387869,20.961046],[107.39030976112247,20.959377163329215],[107.39029521212117,20.959204393938993],[107.390066,20.956529],[107.38884220108451,20.952940111117968],[107.38705,20.9477],[107.36679,20.92931],[107.35940168597982,20.926536314005716],[107.354747,20.924791],[107.34962,20.924343],[107.326589,20.929104],[107.318044,20.934394],[107.3161110009919,20.939870335643537],[107.31609105500318,20.93992700270889],[107.32602,20.940416],[107.33303730085004,20.94266139830591],[107.33416,20.94302],[107.33462790128158,20.943059802566488],[107.339447,20.943468],[107.347016,20.935981],[107.34757682792262,20.934935165583386],[107.34791,20.93431],[107.34822902068353,20.934817937959828],[107.351492,20.940009],[107.355968,20.941799],[107.360739883122,20.942503753247507],[107.36451,20.94306],[107.36451060696905,20.943060646576352],[107.364513,20.943061],[107.37314966664819,20.95226344150574],[107.37631,20.95563],[107.38013894161779,20.956279820379],[107.380789,20.952704],[107.38078925747719,20.952704089587204],[107.38079,20.9527],[107.38165977987457,20.953006981132198],[107.38266,20.953355],[107.384695,20.958808]]],[[[107.03704,20.97455],[107.03866926296408,20.976509113748218],[107.043793,20.978258],[107.051199,20.976589],[107.058197,20.966051],[107.061615,20.961859],[107.0621848566679,20.958116941214136],[107.05274,20.9525],[107.03834,20.94754],[107.02996,20.94807],[107.02288,20.95043],[107.01938,20.95421],[107.02780517887324,20.96849308943662],[107.03126041860413,20.97435001448457],[107.03704,20.97455]]],[[[107.489024,20.97606],[107.492442,20.991441],[107.504731,21.020168],[107.50591890253578,21.019405902546605],[107.50904,21.0174],[107.51979,21.01337],[107.52162363413521,21.019122704276302],[107.522634,21.022284],[107.52452883926136,21.025722351175794],[107.532725,21.040580935643565],[107.532725,21.020168],[107.53273,21.02017338692218],[107.53273,21.02017],[107.5463994260086,21.034899381500118],[107.54664414285558,21.035038736469122],[107.55226,21.03823],[107.55467621808785,21.03684760637269],[107.55835875818605,21.034735712165958],[107.55757180817817,21.032018468552383],[107.554535,21.021552],[107.54478080125924,20.999142324546096],[107.53907,20.98603],[107.532890008598,20.96485523921581],[107.528819,20.950914],[107.522227,20.936428],[107.51737834747975,20.93067732629742],[107.51173,20.92398],[107.49757,20.91633],[107.49092572479898,20.91476688373607],[107.481456,20.912543],[107.47184431790487,20.911661909456505],[107.45704,20.91031],[107.42412771341715,20.902375003034454],[107.41212,20.899482],[107.39503,20.897284],[107.39503,20.90351],[107.42433,20.91535],[107.43930403030001,20.92352018785457],[107.451182,20.929999],[107.47333426443953,20.94602852883726],[107.47429,20.94672],[107.47429032930259,20.946720343858452],[107.474294,20.946723],[107.48370929537171,20.956555647692962],[107.49171,20.96491],[107.49170980729609,20.9649107987541],[107.49171,20.964911],[107.489024,20.97606]]],[[[106.74448,20.99514],[106.74991846810546,20.991426797846767],[106.753591,20.988918],[106.762787,20.979071],[106.763845,20.972683],[106.758962,20.973131],[106.75851575401131,20.97308131550809],[106.7575,20.97297],[106.75750148719622,20.972968388260238],[106.757498,20.972968],[106.75865365077276,20.97171973807879],[106.75953,20.97077],[106.76376,20.96894],[106.76501256930021,20.964996426977383],[106.76531,20.964057],[106.765636,20.959621],[106.764659,20.952704],[106.7622045995941,20.94963613414264],[106.7601,20.94701],[106.75291333334148,20.94811999999874],[106.738536,20.950344],[106.73202053518162,20.95222003171507],[106.72779,20.95344],[106.71677917647342,20.95275182352959],[106.71339,20.952541],[106.702322,20.954942],[106.69630000001327,20.95876666665824],[106.69329,20.96068],[106.68564,20.97419],[106.68666629128944,20.980659000013013],[106.68686,20.981879],[106.692556,20.985256],[106.6957291049657,20.983422324117335],[106.69882,20.98163],[106.70086501699106,20.978859683649436],[106.702566,20.976549],[106.70989,20.972846],[106.7174855555578,20.970983333332782],[106.72698,20.96865],[106.73020655112435,20.97063353552727],[106.733084,20.972398],[106.73030456174138,20.977022000003284],[106.72812,20.98066],[106.72817110312981,20.982752034376286],[106.728282,20.987209],[106.733084,20.992987],[106.73653083756949,20.99480182909545],[106.73927,20.99624],[106.74448,20.99514]]],[[[107.41830468719681,21.196680055469784],[107.42506,21.19676],[107.43238,21.18854],[107.43351431013224,21.18882648105729],[107.435313,21.189276],[107.436371,21.19774],[107.43963329239428,21.201499584779246],[107.44117,21.20327],[107.44583302636883,21.204239744421837],[107.450206,21.205146],[107.4502042219417,21.20514879836841],[107.45021,21.20515],[107.44716346289515,21.20993444804421],[107.445811,21.212063],[107.444835,21.227484],[107.446544,21.25316],[107.44818006820168,21.261049181823864],[107.44907,21.26533],[107.45054186440318,21.26880586439829],[107.451671,21.27147],[107.45533195346196,21.275700790565544],[107.45685390488912,21.27631672391074],[107.459158,21.277248],[107.46187837988687,21.27736152327741],[107.46306,21.27741],[107.46452569821214,21.277089491054348],[107.467133,21.276516],[107.46868444602767,21.275770338085948],[107.47136,21.27448],[107.48161956622789,21.2667903251177],[107.48244369891802,21.265808048239233],[107.50473,21.23924],[107.5114,21.23481],[107.51140344093342,21.23480937156605],[107.511404,21.234809],[107.518077,21.233588],[107.52046372922239,21.23231898812947],[107.5232,21.23086],[107.5254,21.22215],[107.52544487002748,21.220690826706484],[107.525645,21.214016],[107.52631034540657,21.209914966183895],[107.52662,21.20799],[107.52898,21.20331],[107.53106455436456,21.200869681690556],[107.532725,21.19892],[107.53273,21.19892],[107.53907,21.19892],[107.539073,21.19892],[107.54089786440767,21.199930135593718],[107.54591,21.2027],[107.58058,21.21198],[107.58979301744338,21.214965473822282],[107.603201,21.219306],[107.60437941910712,21.218573352850036],[107.60621,21.21743],[107.60157,21.20515],[107.59034,21.19306],[107.55738,21.17178],[107.55128264717283,21.162821352821748],[107.54713,21.156724],[107.539073,21.156724],[107.524181,21.15998],[107.5241808221638,21.159979819996373],[107.52418,21.15998],[107.50416,21.13972],[107.47071119594587,21.09589156706449],[107.46518000003128,21.093065000015983],[107.45965,21.09024],[107.43531,21.08145],[107.42843725731956,21.077762456136114],[107.422862,21.074774],[107.388682,21.047512],[107.37367909574557,21.05895780850322],[107.37289504520626,21.059556149795096],[107.379649,21.081936],[107.38875732659298,21.097419346905475],[107.3943,21.10684],[107.40252,21.12661],[107.40438405213246,21.13762224644401],[107.40447,21.138129],[107.413422,21.166327],[107.41830468719681,21.196680055469784]]],[[[110.862641,19.60871],[110.847667,19.622463],[110.826427,19.621772],[110.80747511137301,19.613254445557125],[110.80633,19.61274],[110.8063296080534,19.612739621568803],[110.806326,19.612738],[110.794444,19.601264],[110.7944440601963,19.60126392018954],[110.79444,19.60126],[110.80173600000462,19.59159599999387],[110.803559,19.589179],[110.812999,19.563381],[110.81325099588706,19.563115012305804],[110.8217872975746,19.554102853072546],[110.81622004935048,19.545012592659955],[110.80738,19.53059],[110.8025,19.5174],[110.80156499999289,19.506414999916494],[110.800629,19.495429],[110.80028714978276,19.494586900147628],[110.79623,19.48461],[110.78549,19.47191],[110.77231,19.46166],[110.76365328779887,19.458966002427033],[110.760265,19.457913],[110.760265,19.457911556016597],[110.76026,19.45791],[110.76026,19.45165],[110.76258615193915,19.445708437381832],[110.764496,19.440823],[110.757579,19.430894],[110.745128,19.422675],[110.7366170702948,19.41882912699128],[110.73243,19.41694],[110.72758713286414,19.41635043356607],[110.724376,19.415961],[110.71246091783797,19.417483541080767],[110.70623,19.41828],[110.70622913573483,19.418279854872765],[110.706228,19.41828],[110.70528479611295,19.4181212815528],[110.69825,19.41694],[110.69624023305069,19.41376766016925],[110.694998,19.411811],[110.6884725273312,19.398499631818833],[110.68580010364211,19.393050211339762],[110.681488,19.388983],[110.669688,19.381741],[110.66996595371188,19.376994734109097],[110.67066,19.36506],[110.6732149388254,19.356364659871165],[110.676036,19.346747],[110.67790793105073,19.334377455610362],[110.67673189083165,19.332931163724787],[110.666026,19.31977],[110.66079193996923,19.318215150063857],[110.64137,19.31245],[110.64136859318904,19.31244517621501],[110.641368,19.312445],[110.6378198030372,19.300276803086643],[110.63673,19.29654],[110.63672987178181,19.296538989691033],[110.636729,19.296536],[110.63266,19.264472],[110.63097841754308,19.259334109948647],[110.62159,19.23066],[110.60629,19.19986],[110.59199326360933,19.18066507740243],[110.589041,19.176703],[110.58857739126364,19.17555702181326],[110.58033,19.15518],[110.57586,19.15705],[110.57354752647664,19.158970150429052],[110.568614,19.163072],[110.5686102247047,19.16306981341762],[110.56861,19.16307],[110.54908,19.15176],[110.5444427134503,19.150051],[110.510102,19.150051],[110.502208,19.153144],[110.50093466667704,19.154769726514786],[110.49692,19.1599],[110.49049,19.16657],[110.49048995256527,19.166570011282],[110.490489,19.166571],[110.48856269734843,19.167028394706694],[110.47918,19.16926],[110.47918,19.169256287659127],[110.479177,19.169257],[110.479177,19.163072],[110.489757,19.152981],[110.497569,19.141547],[110.50256591940406,19.13677930647071],[110.50733,19.13223],[110.52418,19.12832],[110.53566,19.13223],[110.5376780952335,19.13443438094737],[110.541515,19.138617],[110.5462314655019,19.13987805497106],[110.55494,19.12832],[110.55681,19.12002],[110.55494,19.08735],[110.5549423922166,19.087354845772087],[110.554942,19.087348],[110.55864500000108,19.0948550000022],[110.56235,19.10236],[110.57545,19.15005],[110.58228575000508,19.15005],[110.569998,19.100898],[110.56825236864913,19.078616122991875],[110.56723,19.06558],[110.56324,19.05565],[110.55137135264823,19.04396278420011],[110.547537,19.040188],[110.54263433288666,19.0338100000154],[110.53077,19.01838],[110.52114316523831,18.999490466070444],[110.518077,18.993476],[110.509939,18.964342],[110.50803746091636,18.941629691359328],[110.50709,18.93032],[110.50740609613406,18.927697692275647],[110.508067,18.922187],[110.51238,18.91352],[110.513357,18.906399],[110.509125,18.897773],[110.50320831360146,18.89645190533015],[110.50001,18.89574],[110.4909,18.89566],[110.49061318029646,18.895448868829348],[110.486583,18.892483],[110.48658235812209,18.892481735839873],[110.48658,18.89248],[110.48592038563645,18.891178000006263],[110.483897,18.887193],[110.47856374787919,18.885508951270506],[110.47771,18.88524],[110.477112577704,18.88515913344612],[110.47047,18.884263],[110.465587,18.881903],[110.463145,18.875149],[110.46206713755643,18.864131298646093],[110.46127,18.85602],[110.45901237710413,18.849130666639198],[110.458751,18.848334],[110.454356,18.844468],[110.441091,18.836493],[110.4366143333285,18.832296210952986],[110.43458,18.83039],[110.4334152373091,18.82703141243499],[110.431488,18.821479],[110.43309673953199,18.818747424415438],[110.4358,18.81415],[110.44115727167993,18.80897685713394],[110.441905,18.808254],[110.445079,18.803656],[110.450938,18.804999],[110.45860080231233,18.804733395374075],[110.46502,18.80451],[110.4808,18.80097],[110.48822670811286,18.796131854050955],[110.492849,18.793118],[110.500824,18.802924],[110.502452,18.811225],[110.50151063926076,18.820181365313115],[110.49969,18.83755],[110.49342,18.86262],[110.49347773724884,18.865848474497334],[110.49366295957205,18.876041775137377],[110.50343,18.8819],[110.50559916641758,18.877522167928102],[110.51002,18.868598],[110.51296214282604,18.85859960711691],[110.53442990350344,18.78563032799344],[110.53266733334945,18.78534118855921],[110.51905,18.78311],[110.51585699756988,18.78321750849933],[110.507172,18.783515],[110.498546,18.781643],[110.492849,18.77204],[110.486583,18.77204],[110.48021469916971,18.77389745126618],[110.469,18.77717],[110.45037,18.75654],[110.42457,18.70376],[110.431,18.69245],[110.426768,18.680894],[110.416026,18.670559],[110.41336273451567,18.66890731636258],[110.40349021264113,18.662790131756104],[110.388682,18.675035],[110.36102345064896,18.66851484546856],[110.34449069491511,18.6646201637037],[110.34360742044315,18.665449262992464],[110.33522061900405,18.67332941838994],[110.33684180216883,18.67452920868334],[110.34539,18.68085],[110.36566452493668,18.685284780057053],[110.368663,18.68594],[110.37766141557033,18.686832896099425],[110.4109,18.69013],[110.4109,18.6975],[110.40739003088538,18.70046523706579],[110.403494,18.703762],[110.397227,18.703762],[110.38442280144903,18.69382299281535],[110.38014,18.6905],[110.32732,18.67935],[110.30787,18.66279],[110.30104,18.66279],[110.27084,18.66816],[110.22722,18.64216],[110.15699,18.5808],[110.12255766002451,18.556824960267836],[110.121104,18.555813],[110.12110304989709,18.555812123625753],[110.1211,18.55581],[110.11678031950893,18.55182484022037],[110.103282,18.539374],[110.10328045184384,18.53937041685257],[110.10328,18.53937],[110.10250011154871,18.537564349474646],[110.088145,18.50434],[110.070649,18.502021],[110.05529327258294,18.506202454834103],[110.03419,18.51195],[110.03419,18.511949],[110.03419,18.505764],[110.03419,18.50576],[110.04474922362195,18.497072478224084],[110.046153,18.495917],[110.07114282676974,18.489797115504835],[110.0740672427898,18.489080675477002],[110.0825299179043,18.477769109732563],[110.08245751240858,18.476983925545483],[110.081309,18.464545],[110.07774472499102,18.452878320854797],[110.06983,18.42699],[110.06882623066637,18.415793634655223],[110.068207,18.408922],[110.061371,18.408922],[110.06072,18.429592],[110.053233,18.440619],[110.05323076492081,18.44061887355453],[110.05323,18.44062],[110.04892000000655,18.440375000000373],[110.044607,18.440131],[110.0425705956405,18.43344528571049],[110.04029,18.42597],[110.04444,18.41136],[110.05036965234156,18.400956478227094],[110.051117,18.399644],[110.05181473728774,18.395148000002575],[110.05257961911161,18.390202462730432],[110.04628869947591,18.386140601045074],[110.04029,18.38227],[110.03706211958142,18.38188687560064],[110.026215,18.380601],[109.99922343685498,18.38208485438977],[109.99513,18.38231],[109.9686,18.38984],[109.9686,18.4055],[109.97592,18.40664],[109.98331711508827,18.40488857544098],[109.987071,18.403998],[109.99410822291328,18.4034802216688],[110.00034,18.40302],[110.01368,18.40892],[110.01368114858583,18.408921623606805],[110.013682,18.408922],[110.01469147403303,18.410349789626657],[110.01987,18.41767],[110.02345,18.42939],[110.02394,18.44123],[110.02052,18.45051],[110.0205181086724,18.45050670504564],[110.020518,18.450507],[110.020269958368,18.4500743928801],[110.01734,18.44497],[110.01344008258758,18.440043023592004],[110.009288,18.434801],[110.00619808738378,18.429392653596693],[110.00456553037768,18.431657691297207],[110.003184,18.43358],[109.992524,18.443061],[109.99252379151379,18.443056628184735],[109.99252,18.44306],[109.99236,18.43964],[109.99259803669189,18.436302628421966],[109.992849,18.432766],[109.99280691954765,18.43232875173048],[109.99252012083743,18.42939123766817],[109.981944,18.435492],[109.98194105147986,18.435489393759248],[109.98194,18.43549],[109.98108658536383,18.434734118465116],[109.977387,18.431464],[109.9747860280333,18.425640990645068],[109.97364,18.42308],[109.96518,18.41633],[109.9623332242784,18.41555071502593],[109.958018,18.414374],[109.954112,18.414252],[109.9501206775906,18.41497803276745],[109.94874,18.41523],[109.91538,18.41682],[109.90500357143068,18.415259589150196],[109.898285,18.414252],[109.88811943460786,18.41003737692708],[109.88209,18.40754],[109.83546,18.38227],[109.82521,18.38589],[109.823375,18.38878],[109.821544,18.391669],[109.819591,18.397773],[109.81518781176227,18.4014771058844],[109.81446,18.40209],[109.79566,18.40518],[109.77622,18.40404],[109.77621542201533,18.40403902471339],[109.776215,18.404039],[109.77592924188961,18.4039780573525],[109.75904,18.40038],[109.7461,18.3959],[109.75000999759705,18.37360001370483],[109.74996537235693,18.373467069025608],[109.72657,18.30378],[109.73178,18.27302],[109.7177827091076,18.273099984519384],[109.71339,18.279853],[109.71256937969135,18.283581759392472],[109.7116,18.28799],[109.71159910044672,18.287990543587203],[109.711599,18.287991],[109.7046,18.292222],[109.696788,18.289862],[109.68429342229551,18.281879629558457],[109.67042,18.27302],[109.67042,18.26557],[109.670421,18.265570131728943],[109.670421,18.26557],[109.686209,18.267646],[109.694021,18.267157],[109.69911793170118,18.264759130489328],[109.71192,18.25873],[109.71778,18.25845],[109.71778137608648,18.25845012718748],[109.717784,18.25845],[109.734548,18.259996],[109.73722550000043,18.259280109110055],[109.73926903630722,18.258730259298694],[109.741466,18.2508],[109.738536,18.243232],[109.73389106025628,18.237019951792053],[109.73178,18.2342],[109.72921730136585,18.227676767113085],[109.7280385644783,18.22467843585301],[109.719,18.21483],[109.70941628776703,18.20771467803972],[109.708751,18.207221],[109.70745044428166,18.206682667186474],[109.70118,18.20409],[109.69962652816109,18.204841584470635],[109.690684,18.209174],[109.6870571428582,18.216009999998032],[109.68434,18.22114],[109.67726,18.24506],[109.67725818371828,18.24505899976787],[109.677257,18.245063],[109.66893388805168,18.240474783649486],[109.66375,18.23762],[109.6419006886291,18.231154065916773],[109.62908,18.227362],[109.621918,18.220852],[109.6193168971105,18.217485700958676],[109.61915054921606,18.217270709817143],[109.61572985389094,18.215068707803848],[109.60613,18.20889],[109.60206,18.20409],[109.6021911606834,18.203617999989635],[109.603526,18.198798],[109.613048,18.183051],[109.6137489849178,18.181255590957274],[109.61572772155542,18.176175849141305],[109.60226396400758,18.18089246401123],[109.60133,18.18122],[109.58766,18.18159],[109.57602,18.17748],[109.56804,18.16934],[109.56121,18.16934],[109.56163874509765,18.17186299999769],[109.562511,18.176988],[109.568044,18.193183],[109.56675721320403,18.1978025533],[109.56577,18.20136],[109.56121,18.2058],[109.55879421193842,18.20754530451059],[109.556488,18.209215],[109.554454,18.214057],[109.553233,18.217678],[109.55323067403314,18.217678],[109.55323,18.21768],[109.54859438437303,18.21768],[109.54785277880863,18.220089269254274],[109.54762,18.22085],[109.54869191663194,18.22332121666872],[109.549653,18.225531],[109.554454,18.228827],[109.559093,18.230536],[109.56115520338999,18.230773796610187],[109.56121,18.23078],[109.56172164144652,18.23253558486864],[109.563324,18.238023],[109.566254,18.242987],[109.56658,18.248847],[109.56657984692619,18.248847281780087],[109.56658,18.24885],[109.56345741573774,18.254595089853083],[109.561209,18.258734],[109.5522572167666,18.244778337935085],[109.55125916562821,18.244182331223993],[109.538829,18.236762],[109.5348444902838,18.23286467962005],[109.52955,18.22769],[109.53101666666231,18.221910000017175],[109.533946,18.210354],[109.5140933097159,18.21314020734164],[109.51075,18.21361],[109.49829169794351,18.205480627603812],[109.478689,18.192694],[109.47304385441117,18.197398563256225],[109.46502,18.20409],[109.46504153189854,18.2041044042117],[109.478038,18.212795],[109.48194241489645,18.217890106386683],[109.48471,18.2215],[109.49269,18.22809],[109.50829229140135,18.230570506138868],[109.509613,18.23078],[109.510265,18.238593],[109.506521,18.252753],[109.500173,18.259508],[109.50017260979736,18.25950722169604],[109.50017,18.25951],[109.49373974562432,18.246676135949112],[109.492931,18.245063],[109.480724,18.264797],[109.47786859553484,18.26716136888133],[109.46274,18.27969],[109.43995,18.28897],[109.33351,18.30427],[109.21811,18.30565],[109.1906,18.29971],[109.18455303651936,18.295713264846412],[109.173106,18.288153],[109.1666301919447,18.28795252013546],[109.16261,18.28783],[109.14967,18.29971],[109.1476470000001,18.304763999999743],[109.143891,18.314154],[109.142345,18.328681],[109.14091266746391,18.334736111640805],[109.1395,18.34073],[109.12997739847631,18.34694639848016],[109.129161,18.34748],[109.13067998764569,18.350517753087228],[109.136,18.36115],[109.13599608824342,18.361149176620202],[109.135997,18.361151],[109.122081,18.358222],[109.111176,18.361274],[109.101573,18.366034],[109.09292338501308,18.368267844966404],[109.09164,18.3686],[109.06031692040257,18.3681072386818],[109.000743,18.367174],[108.99211192112902,18.368529097789633],[108.9909,18.36872],[108.98769520062436,18.370364177980772],[108.979015,18.374823],[108.967784,18.384467],[108.96593418251426,18.38701036374319],[108.96095,18.39387],[108.95281,18.40229],[108.94559253261896,18.405385201082552],[108.937348,18.408922],[108.885916,18.426663],[108.87598870651155,18.433171881116913],[108.87496067428046,18.434666945725834],[108.868663,18.443834],[108.85291966414114,18.454243997148435],[108.83107,18.4687],[108.79564508027403,18.486527248980163],[108.795584,18.486558],[108.79558392718954,18.486558023679766],[108.79558,18.48656],[108.781584,18.491111146853147],[108.775564,18.493069],[108.7755617551035,18.493069429284525],[108.77556,18.49307],[108.75514,18.49698],[108.719373282122,18.49913694878292],[108.710704,18.499661],[108.70338981309938,18.502067239890202],[108.695,18.50483],[108.68491,18.5152],[108.67726,18.53242],[108.67536987153969,18.545746000025296],[108.674083,18.554836],[108.679454,18.572252],[108.68331497028032,18.580034869078847],[108.68719,18.58784],[108.69093,18.60472],[108.6928303698456,18.628880527308926],[108.697113,18.683295],[108.693614,18.719875],[108.68336,18.756171],[108.668142,18.788642],[108.649425,18.813625],[108.64942094825655,18.813628734138305],[108.64942,18.81363],[108.64822354466344,18.81473227652293],[108.636974,18.8251],[108.627452,18.835883],[108.623871,18.849189],[108.62520226864574,18.85421304851781],[108.62892,18.86823],[108.64723,18.90323],[108.65324667585327,18.919499675827822],[108.653819,18.921047],[108.65381904420731,18.921047415443763],[108.65382,18.92105],[108.6546085833668,18.92846720830652],[108.656261,18.943996],[108.65601714080915,18.94584319251562],[108.65358,18.96434],[108.65061497752671,18.972955348318635],[108.650401,18.973578],[108.65040055092429,18.973578399201116],[108.6504,18.97358],[108.64840447113086,18.975352793300612],[108.64600800880983,18.97748310322913],[108.64544623436848,18.978358617197664],[108.64259,18.982813440315976],[108.64259,19.01846],[108.63684767949292,19.035922113220252],[108.615245,19.10163],[108.62908,19.110907],[108.63585113506316,19.116809162348062],[108.6443,19.12417],[108.64997163796173,19.131199952525122],[108.656912,19.139797],[108.66109853137552,19.15092430627035],[108.66309835879954,19.156235641141286],[108.67180589071769,19.153935983552973],[108.67897,19.15204],[108.68344,19.15005],[108.68344,19.150051890974083],[108.683442,19.150051],[108.683442,19.156236],[108.68344,19.156237604374827],[108.68344,19.15624],[108.67604,19.16218],[108.67189,19.173],[108.67054166840903,19.187501443845687],[108.669932,19.194078],[108.66391,19.209621],[108.66191079185458,19.210079687773135],[108.65008,19.2128],[108.63701705899967,19.21259317699493],[108.634288,19.212551],[108.63172603700255,19.213635641989907],[108.6220809816405,19.217719584350423],[108.6220266666668,19.21944833332904],[108.62176,19.22809],[108.63071,19.23798],[108.63699115340762,19.247514513252735],[108.63795,19.248969],[108.63794974257955,19.248969609247137],[108.63795,19.24897],[108.63690002921993,19.251454007304982],[108.626964,19.27497],[108.631684,19.286282],[108.641124,19.294908],[108.649425,19.299628],[108.647309,19.303534],[108.6470418588224,19.304257811767773],[108.64479,19.31037],[108.64967,19.31122],[108.660001888558,19.310022331310897],[108.662608,19.309719],[108.66260850294489,19.30972017353807],[108.66261,19.30972],[108.66332499999686,19.311391999992672],[108.664561,19.314276],[108.66452648882746,19.314422766776143],[108.6631,19.3205],[108.66684,19.32518],[108.67726,19.32758],[108.67726,19.33438],[108.66928181121683,19.343737875565218],[108.67047301139655,19.346491977209226],[108.67254,19.35126],[108.67954,19.3581],[108.68344,19.36542],[108.68344011624542,19.36542046874366],[108.683442,19.365424],[108.686534,19.377875],[108.694347,19.380316],[108.70894119033342,19.377138570987757],[108.71453,19.37592],[108.72118197785097,19.376864444636862],[108.729177,19.377997],[108.752208,19.386949],[108.75405264163503,19.387298283288555],[108.76295,19.38898],[108.77068,19.39435],[108.78148883222869,19.410229778506302],[108.79029254830066,19.423160867712504],[108.79690126779367,19.42541117852721],[108.798188,19.425849],[108.79818894609518,19.425849641138736],[108.79819,19.42585],[108.79923260458546,19.42655689544011],[108.817882,19.439195],[108.827485,19.444241],[108.83625150624131,19.447073329166326],[108.8698,19.45791],[108.90333,19.49335],[108.92449,19.50625],[108.93248970393293,19.49739185194363],[108.937348,19.492011],[108.93734909691011,19.492011],[108.93735,19.49201],[108.94483,19.49201],[108.94483,19.492011],[108.944835,19.492011],[108.944835,19.498847],[108.9429898495052,19.50576642772184],[108.94077,19.51411],[108.94633337842424,19.52133745612782],[108.956554,19.534613],[108.992686,19.567776],[108.99268629224417,19.567776596949066],[108.99269,19.56778],[109.00220818265458,19.587226287041133],[109.00847326624384,19.59707184690441],[109.01588,19.60126],[109.06707,19.60871],[109.07109799999284,19.610085664404338],[109.078868,19.612738],[109.103363,19.626288],[109.11377886647324,19.62966610015866],[109.11842,19.63117],[109.12892,19.6402],[109.1323139222505,19.64209169436913],[109.132579,19.642239],[109.13257972747581,19.64223984810127],[109.13258,19.64224],[109.13355898021395,19.64337881371827],[109.1394386219044,19.644984192376704],[109.1565,19.64964],[109.15650490731993,19.649643974694612],[109.156505,19.649644],[109.15688396758227,19.64995099539065],[109.19207,19.67845],[109.20582,19.69843],[109.20581997727345,19.698430514283892],[109.205821,19.698432],[109.20562444254134,19.702855311480427],[109.20493,19.71857],[109.20931280231096,19.72293179846601],[109.211192,19.724799],[109.218516,19.722968],[109.243988,19.729926],[109.25059889283145,19.730680508871973],[109.25896,19.73163],[109.26712349392545,19.73030699190016],[109.272716,19.729397],[109.28177683869174,19.725428459677595],[109.28321,19.7248],[109.2877008629487,19.721243215729512],[109.300466,19.711127],[109.307384,19.711127],[109.2990763307874,19.72527966919145],[109.29819,19.72679],[109.2981893706783,19.726790664958003],[109.298188,19.726793],[109.29530885958766,19.72983428932725],[109.28159,19.74433],[109.27467044592701,19.757229168719864],[109.2942,19.759508],[109.2942,19.75951],[109.2942,19.76569],[109.2942,19.765692],[109.286794,19.765692],[109.286794,19.773179],[109.28913977903947,19.773562888102415],[109.29575,19.77464],[109.30047,19.77684],[109.30474929095102,19.78303908862805],[109.307384,19.786851],[109.297374,19.786851],[109.29330500000475,19.78737999999938],[109.28924,19.78791],[109.28150068360442,19.790189798628152],[109.28101089284448,19.790393892862422],[109.2732,19.79365],[109.26658758352403,19.785552499823694],[109.260997,19.778713],[109.24129529585021,19.766021070781843],[109.23561,19.76236],[109.2103694885305,19.749858616375782],[109.210134,19.749742],[109.20811357574628,19.74911636363287],[109.19752,19.74584],[109.18559862407918,19.73858703194441],[109.181326,19.735989],[109.174815,19.730373],[109.1701778320775,19.7248],[109.16334121767721,19.7248],[109.1643174999997,19.729284999998576],[109.16725,19.74274],[109.16431749999992,19.778387500000946],[109.163341,19.790269],[109.16684,19.805487],[109.17059292825456,19.809169679367855],[109.17555,19.81403],[109.18678,19.82001],[109.19297612130806,19.824521514769934],[109.19752,19.827826],[109.200938,19.832587],[109.20093868255452,19.832588166362438],[109.20094,19.83259],[109.20737,19.84357],[109.21119,19.84829],[109.21804074880261,19.853564251186587],[109.21949050695673,19.8546800811886],[109.22081788996461,19.854892660217793],[109.224864,19.855536],[109.22743117177399,19.85544579758587],[109.2295,19.85537],[109.23561,19.85883],[109.24871,19.86884],[109.25172,19.8747],[109.2527,19.88589],[109.25514,19.89834],[109.26157,19.90082],[109.27052,19.90009],[109.27738788064029,19.90211717905454],[109.28004,19.902899],[109.303722,19.921698],[109.30774002891991,19.92054391325179],[109.31137,19.9195],[109.31364413829645,19.90382041490346],[109.31422,19.899848],[109.3213,19.892035],[109.337901,19.889879],[109.368826,19.889309],[109.37928577389583,19.8816302670754],[109.39576,19.86953],[109.40457578170869,19.865276450724533],[109.412608,19.861396],[109.42093478296881,19.863625160256273],[109.4275,19.86538],[109.44361,19.87299],[109.45193408624604,19.867272517552852],[109.45533134106516,19.864937140402688],[109.45758545368741,19.860130621946215],[109.462657,19.849311],[109.465017,19.834052],[109.46501969069462,19.834052],[109.46502,19.83405],[109.47242,19.83405],[109.47242139782823,19.834052],[109.472423,19.834052],[109.47950028812487,19.844180119107524],[109.48526902777232,19.846564849990074],[109.493988,19.850165],[109.511404,19.855048],[109.527029,19.861965],[109.53297,19.852607],[109.545095,19.853746],[109.561778,19.857408],[109.581716,19.855699],[109.581716,19.855700343029085],[109.58172,19.8557],[109.58172,19.86197],[109.5475770761874,19.870764685584245],[109.529307,19.875474],[109.520193,19.882473],[109.51808976922987,19.892971153850617],[109.51564,19.90522],[109.5254,19.91185],[109.53170699750041,19.911524337478465],[109.554454,19.910346],[109.55583883081573,19.913546150387187],[109.55747,19.9173],[109.55226,19.92748],[109.54461,19.93334],[109.54460735621005,19.933335727138438],[109.544607,19.933336],[109.54355350422622,19.931632504219394],[109.54078,19.92715],[109.53736,19.92447],[109.53094,19.93012],[109.52589042819268,19.940379130048132],[109.52625432660003,19.943889040410816],[109.52703,19.95136],[109.55420999997011,19.968084999981606],[109.581391,19.984809],[109.595714,19.99315],[109.611664,19.99787],[109.61182355343772,19.997870893124574],[109.62631,19.99795],[109.63145789152506,19.995041674576477],[109.636241,19.992336],[109.642589,19.992336],[109.64732268028175,19.997231761971896],[109.65211,20.00218],[109.66814,20.0069],[109.68669826192146,20.007879908226457],[109.7046,20.006578],[109.712901,20.010077],[109.71900488263705,20.010646989040485],[109.71914466101921,20.010560792371475],[109.725597,20.006578],[109.72711212461023,20.001808041537977],[109.72836,19.99787],[109.7199,19.9853],[109.71990113183814,19.98529868150785],[109.7199,19.985297],[109.7247758108256,19.979620108090874],[109.725597,19.97866349473685],[109.725597,19.971829],[109.722179,19.966132],[109.72011494310023,19.96175634140638],[109.71811,19.95751],[109.71811188685369,19.95751],[109.71811,19.957506],[109.725597,19.957506],[109.72559932395939,19.95751],[109.7256,19.95751],[109.73756,19.97809],[109.76368,19.97435],[109.80665790002475,19.951868500078067],[109.807628,19.951361],[109.80762800862078,19.951361041679373],[109.80763,19.95136],[109.81056,19.96552],[109.8117,19.98184],[109.81531494509646,19.98983902744749],[109.815929,19.991197],[109.82626668552254,19.985748342768424],[109.82797,19.98485],[109.83513,19.97333],[109.83855,19.95844],[109.83839336186769,19.943578957197055],[109.83839,19.943264],[109.83546,19.930854],[109.83546108433559,19.93085459269786],[109.83546,19.93085],[109.85467,19.94135],[109.86152291712081,19.946592263351658],[109.870372,19.953355],[109.880382,19.967597],[109.883311,19.984849],[109.8853859384198,19.984905543502872],[109.89527,19.98517],[109.91480796896971,19.99021947509197],[109.91652189305864,19.989762559723676],[109.92091,19.98859],[109.92335274824474,19.986760081578065],[109.926606,19.98432],[109.92660815260518,19.98432138392559],[109.92661,19.98432],[109.92837272542135,19.985455840676433],[109.929454,19.986151],[109.93039,19.988145],[109.93133,19.99014],[109.93219661445913,19.990726631326176],[109.934581,19.992336],[109.94021376990733,19.991340460177728],[109.94263836184237,19.99091029064087],[109.94311493556026,19.988658935563702],[109.94336954241169,19.987452168843248],[109.94299005559766,19.985933555236272],[109.94223,19.9829],[109.94223139416509,19.982897577352457],[109.942231,19.982896],[109.94279810100699,19.981912808086204],[109.94467,19.97866],[109.9572,19.96727],[109.97242,19.94819],[109.97379853299853,19.941292999997927],[109.97559664078646,19.93227980059463],[109.96820921291878,19.931841277479197],[109.951508,19.930854],[109.9515105700203,19.930850033836823],[109.95151,19.93085],[109.95997,19.91779],[109.97177846899234,19.91022200000274],[109.973806,19.908922],[109.97380722957325,19.908921775555285],[109.97381,19.90892],[109.99008,19.90595],[109.99225828192915,19.906544568268504],[110.006196,19.910346],[110.006196,19.910348908188585],[110.0062,19.91035],[110.0062,19.91657],[109.9922,19.92536],[109.99492831355579,19.92762301977108],[110.001231,19.932847],[110.00794499999209,19.936854999995276],[110.01466,19.94086],[110.01434814666784,19.946158324469906],[110.013682,19.957506],[110.050304,19.974066],[110.05948973628108,19.976425158544398],[110.06821,19.97866],[110.07635,19.97915],[110.08961,19.97809],[110.10255,19.97394],[110.10987,19.96499],[110.11223493215776,19.966703932170322],[110.122732,19.974311],[110.136892,19.996731],[110.14486195512936,20.002912973072767],[110.14959,20.00658],[110.14700859871361,20.00563060194774],[110.138845,20.002631],[110.1250745677723,19.991166714274826],[110.1233,19.98969],[110.11549,19.98485],[110.10499,19.98298],[110.06821,19.98485],[110.0744389108323,19.987128999917022],[110.114919,20.001939],[110.11649080533971,20.00308761065332],[110.12973,20.01276],[110.13183829749116,20.015923809947935],[110.137462,20.024359],[110.14386515503664,20.04085812660952],[110.14967,20.05581],[110.15291980084207,20.060942199144044],[110.1569928060972,20.067368694055048],[110.15979800001669,20.06606316948376],[110.171153,20.060777],[110.208669,20.049506],[110.21800899999634,20.04812746854236],[110.22218,20.04751],[110.23044780142972,20.045121700354755],[110.232595,20.044501],[110.245128,20.038316],[110.260997,20.033149],[110.27061203004622,20.03320906009245],[110.28053,20.03327],[110.29518,20.03937],[110.31691,20.05736],[110.32496,20.06122],[110.34473822724556,20.058050284106756],[110.358897,20.049791],[110.368988,20.038642],[110.37044312958848,20.03634469440163],[110.37672,20.02643],[110.37672,20.02021],[110.36817,20.0078],[110.37517,19.99677],[110.39722781485756,19.97866179387713],[110.402517,19.964342],[110.40392200419356,19.954335748970525],[110.4065,19.93594],[110.40961977823184,19.92705572244431],[110.410899,19.923407],[110.417735,19.923407],[110.41773384527518,19.92341],[110.41774,19.92341],[110.41466923785022,19.931371916232674],[110.414399,19.932074],[110.413341,19.934312],[110.41160810309225,19.936709103093516],[110.4109,19.93769],[110.4109,19.943915],[110.417735,19.943915],[110.417735,19.94392],[110.41774,19.94392],[110.41774,19.95136],[110.41580627372527,19.955391636855815],[110.414561,19.957994],[110.409434,19.980048],[110.407074,19.984849],[110.40707006313026,19.984849871599486],[110.40707,19.98485],[110.39715,19.98705],[110.39064,19.99307],[110.38649,20.0019],[110.38299,20.01276],[110.38321657671347,20.013744192599148],[110.383311,20.014146],[110.378184,20.039862],[110.37672,20.04385],[110.375011,20.063625],[110.37544456285343,20.06609547904597],[110.37648,20.07197],[110.38298898836666,20.08103859055078],[110.40137856275686,20.066211512524355],[110.42457,20.04751],[110.43116,20.0506],[110.4507519762674,20.041177598309073],[110.470225,20.031806],[110.48304886251682,20.02766668037671],[110.49594,20.0235],[110.5220622330044,20.020785465995438],[110.527599,20.020209],[110.527599,20.012763],[110.520763,20.012763],[110.520763,20.01276],[110.52076,20.01276],[110.52076,20.00658],[110.520763,20.006578590604022],[110.520763,20.006578],[110.535655,19.999579],[110.550548,19.988471],[110.55054908025488,19.988470686257102],[110.55055,19.98847],[110.56414,19.98452],[110.57545,19.99917],[110.58033,19.97972],[110.59864,19.944],[110.60271,19.92715],[110.6058,19.92316],[110.60892286123348,19.924279351934455],[110.612966,19.925727],[110.6129686094542,19.92572950157563],[110.61297,19.92573],[110.61398729576811,19.92670607394248],[110.619884,19.932359],[110.62294282985157,19.940044585076688],[110.62322,19.94074],[110.62321986622355,19.940740663874617],[110.62322,19.940741],[110.62295127726847,19.94207355451799],[110.62135,19.95002],[110.61842,19.95722],[110.61785,19.96393],[110.62250109994896,19.97077240029736],[110.62322,19.971829],[110.62321963693446,19.97182946588124],[110.62322,19.97183],[110.62128678057128,19.97430968344337],[110.609141,19.989895],[110.60839999043259,19.994791182769212],[110.60646,20.00764],[110.6030941082962,20.01579347773735],[110.600922,20.021064],[110.578868,20.026435],[110.57458224707098,20.02868559211154],[110.57081075578759,20.030669602414466],[110.57021531372473,20.0394530588347],[110.57016005073162,20.04026925073309],[110.57027930638299,20.04085865319149],[110.57228,20.05073],[110.57211381757541,20.05524351465163],[110.572032,20.057522],[110.566173,20.069525],[110.5681679757472,20.075970016166274],[110.56935,20.07978],[110.58009758056527,20.092241946320417],[110.59311,20.107327],[110.604177,20.110826],[110.62309574999985,20.10952056943287],[110.64015,20.10834],[110.65203,20.11701],[110.67075,20.15497],[110.67790891176531,20.163558694422356],[110.685069,20.153306],[110.710948,20.075181],[110.724457,20.06387],[110.74349802296122,20.052872046057715],[110.75277926150966,20.047510426613773],[110.774669,20.020209],[110.77898957280728,20.017110145629893],[110.78834,20.0104],[110.82798764178607,20.003894169155046],[110.869884,19.997016],[110.88318015745516,19.998430722177037],[110.89015,19.99917],[110.89308,20.00165],[110.89381,20.00438],[110.89633,20.00458],[110.90425693607193,19.9992059744174],[110.904307,19.999172],[110.90430702311133,19.999172018166373],[110.90431,19.99917],[110.91290707552243,20.005931981114273],[110.92066196004973,20.01202761048535],[110.93458,19.99506],[110.97706,19.86587],[110.98316,19.80777],[110.99158909018776,19.771662932382878],[110.996837,19.749172],[110.9994939778004,19.726146533277337],[111.00001,19.72167],[110.998556427103,19.71457314409111],[110.994395,19.694281],[110.99569050520059,19.689748500003414],[110.99659,19.68659],[111.01051,19.68378],[111.01199411550994,19.682328808554278],[111.016368,19.678046],[111.03467876511873,19.64223945930827],[111.0328123956526,19.641422271001527],[111.02035606171879,19.63597202700493],[111.00913,19.64175],[111.00620815542172,19.641983155425496],[110.993337,19.643012],[110.977306,19.640774],[110.965831,19.635972],[110.96061059871045,19.63074760192502],[110.91358,19.58369],[110.90046944243078,19.566920446464415],[110.887706,19.550605],[110.876475,19.539781],[110.86963038864758,19.537874555675376],[110.85865,19.53482],[110.85424911694379,19.536239818604145],[110.842784,19.539944],[110.829845,19.552069],[110.82560984864017,19.560325363709673],[110.82179,19.56778],[110.8203260105574,19.578230010530472],[110.818533,19.591051],[110.825694,19.603258],[110.841156,19.607978],[110.862641,19.60871]]],[[[107.745616,20.139716],[107.744965,20.133775],[107.7422796853935,20.127469609373343],[107.73959172752993,20.124132144962797],[107.73822668514703,20.12421922217624],[107.73577,20.12438],[107.73251471428695,20.12537689278925],[107.730479,20.126003],[107.72755186750855,20.129012080208852],[107.72908427401032,20.130719020480754],[107.731944,20.133897],[107.739838,20.138617],[107.745616,20.139716]]],[[[110.44140651948236,20.664483519479077],[110.442638,20.66352],[110.44514943681159,20.660861436820507],[110.44752,20.65835],[110.4627388498423,20.65477027053644],[110.46886614478788,20.64951089658581],[110.47136,20.64737],[110.47482282405925,20.63636839197274],[110.476329,20.631578],[110.478038,20.610785],[110.47651361749433,20.600479979984474],[110.47584037791532,20.595932552646147],[110.47426490086704,20.594799594803284],[110.4712,20.5926],[110.46485,20.59077],[110.45841923647203,20.587444036323493],[110.45728885367366,20.58686047321657],[110.45167062462932,20.5891797421459],[110.44990073161587,20.59267900004459],[110.44809,20.59626],[110.44513333332984,20.607326666679775],[110.43922,20.629462],[110.435802,20.638495],[110.43580186766586,20.63849506324582],[110.4358,20.6385],[110.42661,20.64289],[110.42251562462327,20.64831870306645],[110.417654,20.654771],[110.42119245747111,20.6608002287406],[110.42204881053392,20.66225797520433],[110.42470666666495,20.66217666666672],[110.43002,20.66201],[110.43336,20.66376],[110.43336,20.663764],[110.43336,20.667426],[110.43525306779644,20.667678271186418],[110.43702,20.66791],[110.44140651948236,20.664483519479077]]],[[[110.62452,20.91519],[110.6184233363093,20.9078959955444],[110.609548,20.897284],[110.59480108878473,20.88728552896027],[110.58920110408819,20.883490748175724],[110.575694,20.888821],[110.5688861575428,20.89699018786868],[110.56349,20.90347],[110.54754,20.91771],[110.56012304906537,20.931402235175373],[110.57488,20.947455],[110.58961,20.959377],[110.60206545717175,20.964637914363344],[110.60271,20.96491],[110.59588,20.95873],[110.5958802756643,20.958729868487953],[110.595876,20.958726],[110.60267681305314,20.955487422845867],[110.60613,20.95384],[110.61526326191169,20.95270995233974],[110.617931,20.952379],[110.62794,20.948635],[110.632498,20.936672],[110.6314813830258,20.931432771217594],[110.63038,20.92577],[110.62452,20.91519]]],[[[107.792817,20.986031125719773],[107.7824,20.98994],[107.78136196625104,20.990675539251562],[107.779145,20.992255],[107.77296,20.992255],[107.77296128351905,20.99225],[107.77296,20.99225],[107.77408333553781,20.98787900132317],[107.778005,20.972602],[107.77292465001497,20.96181204375592],[107.77076,20.95722],[107.75611,20.94571],[107.73829344840348,20.937651559715604],[107.75255866663561,20.96286200841969],[107.75717,20.97101],[107.75717027395487,20.971011949617505],[107.757172,20.971015],[107.75864090887268,20.98147781774424],[107.7588,20.98261],[107.75879987880758,20.98261013676462],[107.7588,20.982611],[107.753429,20.988674],[107.74910149999819,20.99101370329768],[107.74342,20.99409],[107.73946865974338,21.000345149368187],[107.737641,21.003241],[107.7401366666478,21.0088833332907],[107.74512899356107,21.020167725098645],[107.758067,21.016588],[107.77842700002269,21.00233131278987],[107.792817,20.992252101294966],[107.792817,20.986031125719773]]],[[[107.82740059552863,20.989080797889333],[107.8254241668609,20.9889146668551],[107.81772,20.98827],[107.81658028539673,21.005845598882185],[107.825694,21.02497],[107.84213239307847,21.035589607913696],[107.85629,21.03327],[107.85279005452567,21.019920207976465],[107.85247029491659,21.019612884734904],[107.84441,21.01187],[107.82740059552863,20.989080797889333]]],[[[110.25069661687589,20.98290892530274],[110.24586092651941,20.9860294021159],[110.261892,20.992987],[110.265391,21.00434],[110.259288,21.016995],[110.24586370361628,21.027571082174802],[110.25737936943248,21.030935891701265],[110.264822,21.033108],[110.275076,21.034329],[110.28587730370835,21.03389916296278],[110.28736,21.03384],[110.28736,21.03384015917969],[110.287364,21.03384],[110.287364,21.040595],[110.276378,21.041164],[110.27333247132971,21.043143566906455],[110.27068055201619,21.04486964070525],[110.269542,21.051581],[110.2731216272042,21.061099349689602],[110.28433545898649,21.056617753956836],[110.290212,21.054267],[110.29876933127832,21.053683446841333],[110.30991,21.05292],[110.32337797938905,21.056500898049325],[110.326915,21.05744],[110.33152666666521,21.06363444444249],[110.33522,21.06859],[110.33521460224583,21.068588122520282],[110.335216,21.06859],[110.322113,21.064032],[110.31741049999907,21.062977922669283],[110.30795,21.06086],[110.29542,21.06306],[110.2925420205723,21.067127020556015],[110.287364,21.074449],[110.30598226789692,21.074517398725646],[110.34262,21.07465],[110.36259432066792,21.079036980975097],[110.371349,21.080959],[110.37359700334572,21.08277633784253],[110.38982,21.09589],[110.4004,21.06391],[110.40821,21.04824],[110.41774,21.04059],[110.42318948160035,21.051418969859036],[110.43214,21.057278],[110.4373958971315,21.058457742835483],[110.4441,21.05996],[110.45875,21.0611],[110.45871245000001,21.0611],[110.458751,21.061103],[110.45202010526314,21.061103],[110.47283,21.06167],[110.4773220000032,21.06414600000176],[110.48406,21.067857],[110.492931,21.075995],[110.50576766666221,21.08163914453664],[110.50709,21.08222],[110.51670478197195,21.08216018798151],[110.526378,21.082099],[110.538829,21.073065],[110.54199434627796,21.06570527703309],[110.54558,21.05736],[110.5466578351342,21.046306690715635],[110.547537,21.037258],[110.54556205235329,21.029617210293118],[110.54379,21.02277],[110.54019495903549,21.015637285745946],[110.526866,20.989203],[110.5234819824653,20.979862157891283],[110.52076,20.97236],[110.52147401228991,20.96761448974655],[110.522227,20.962592],[110.525645,20.951077],[110.52594488174614,20.944091302616254],[110.52605,20.9416],[110.51694,20.93765],[110.50799,20.94038],[110.5027,20.9475],[110.50088989639056,20.954661714280796],[110.500173,20.957506],[110.49999172641488,20.961647432788194],[110.49969,20.96865],[110.49798716653385,20.97102580956655],[110.493012,20.977973],[110.476899,20.990424],[110.46300614816207,20.99822399069918],[110.45769,21.00121],[110.44142,21.00585],[110.36305,21.00585],[110.34640072523834,21.000426801924128],[110.333669,20.996283],[110.30072493044241,20.981572884067173],[110.29868,20.98066],[110.28585200000911,20.977452000002277],[110.266612,20.972642],[110.25069661687589,20.98290892530274]]],[[[109.1291433093907,21.058579453122135],[109.13624,21.05101],[109.13538433755359,21.04912233249526],[109.127696,21.032172],[109.12047567383266,21.029745985671724],[109.11256,21.02709],[109.1089657130231,21.025808430463155],[109.105235,21.024482],[109.10302431215467,21.022792589580757],[109.10092,21.02119],[109.09596,21.02204],[109.09051,21.04194],[109.09425279194171,21.049449601799626],[109.099864,21.060696],[109.122732,21.065416],[109.1291433093907,21.058579453122135]]],[[[107.6320305674421,21.117138743029876],[107.631847,21.111965],[107.595958,21.03913],[107.58961,21.008124],[107.5796,20.98314],[107.55942052394528,20.98602992496522],[107.570079,20.989936],[107.570079878798,20.989939955544106],[107.57008,20.98994],[107.57016132142698,20.990306535707123],[107.571462,20.996161],[107.57007034957597,21.00085808739507],[107.56886,21.00495],[107.56691,21.01675],[107.5700799659603,21.02667989337091],[107.57062969151292,21.027188308487084],[107.58416,21.0397],[107.58546,21.044192],[107.587413,21.05093],[107.589041,21.07331],[107.58934352531574,21.07456873733879],[107.59108,21.08177],[107.59410275093298,21.088721373596634],[107.594249,21.089057],[107.597911,21.09398],[107.60074627746803,21.096657222524406],[107.62127,21.11603],[107.62827,21.12018],[107.63209,21.11884],[107.6320305674421,21.117138743029876]]],[[[107.53526149758487,21.086241256038925],[107.53712,21.087795],[107.537934,21.090806],[107.54086098863648,21.095400842523226],[107.54325151706868,21.097438068288866],[107.546072,21.09984],[107.553152,21.113756],[107.55528926657952,21.114557533593242],[107.55771,21.11546],[107.55946455555623,21.114607787301257],[107.561209,21.113756],[107.56310899999858,21.112182864407966],[107.56357,21.1118],[107.56731,21.11192],[107.57423508804865,21.11606594087123],[107.576427,21.117377],[107.58166296543085,21.117574896291654],[107.5817980051809,21.117579925705062],[107.582286,21.110582],[107.581147,21.102322],[107.5751346761628,21.089401612680216],[107.57268116371375,21.08413249916802],[107.566417,21.082424],[107.562429,21.079495],[107.5616153546133,21.073067801183626],[107.556144406325,21.070478218993838],[107.551117,21.068101],[107.535899,21.056912],[107.53476,21.05211],[107.517996,21.045233],[107.513276,21.043769],[107.51094291484144,21.04195614286201],[107.50725,21.03909],[107.50472995622034,21.038546390556107],[107.500255,21.037584],[107.49769465144914,21.038708036747675],[107.49692,21.03905],[107.49849125636868,21.04066400001309],[107.506114,21.048489],[107.50918045416971,21.050095254986964],[107.51466,21.05296],[107.51897954312378,21.056597827519045],[107.521821,21.058987],[107.530203,21.070705],[107.533376,21.069729],[107.53361089562236,21.067471552193698],[107.5337,21.0666],[107.53370164843759,21.06659937866583],[107.533702,21.066596],[107.535004,21.066107],[107.537771,21.068549],[107.5381250863781,21.069669609090177],[107.53875,21.07164],[107.53061,21.07685],[107.530203,21.081],[107.53074995049565,21.081740749647206],[107.53216,21.08364],[107.53526149758487,21.086241256038925]]],[[[107.56214173534765,21.11927100000253],[107.559174,21.122911],[107.560313,21.127427],[107.56253599999725,21.130390999996344],[107.56349,21.13166],[107.5647714449506,21.132841220205854],[107.567068,21.134955],[107.5713,21.13467],[107.576996,21.135769],[107.57699928175403,21.13576986139113],[107.577,21.13577],[107.57725739051186,21.135837609489293],[107.583507,21.137478],[107.581716,21.129299],[107.57161220116447,21.12133026627598],[107.56593,21.11685],[107.56354192387441,21.117603614187175],[107.56348994452762,21.117620067927987],[107.56214173534765,21.11927100000253]]],[[[110.462169,21.205146],[110.47407517226341,21.206771110074104],[110.4878,21.20864],[110.49984659785541,21.206280666312132],[110.49626792961318,21.195219873208234],[110.4781706460939,21.194111584411125],[110.470958,21.193671],[110.46339,21.190741],[110.46339129259411,21.19074050030393],[110.46339,21.19074],[110.46718589964328,21.18927356631894],[110.479177,21.184638],[110.492931,21.183905],[110.504161,21.18769],[110.5076421755196,21.189749216306378],[110.52638,21.20083],[110.53224,21.20331],[110.53785,21.20449],[110.54252825965686,21.204211221026036],[110.54322368934577,21.204169018852063],[110.54965,21.20246],[110.55511900001424,21.19944410471369],[110.566173,21.193345],[110.56684468456298,21.192830161074426],[110.56861,21.19147],[110.55543,21.17683],[110.55226211349171,21.171880546032675],[110.550059,21.168443],[110.547537,21.156724],[110.54754086006825,21.156724],[110.54754,21.15672],[110.55494,21.15672],[110.55727311113209,21.16029264157715],[110.577322,21.190985],[110.594005,21.202786],[110.61291384851276,21.199600605937064],[110.61695,21.19892],[110.61695,21.191470985997597],[110.599457,21.17829],[110.59228443073472,21.16321971350762],[110.57691,21.13093],[110.56721704520916,21.115773893918],[110.5651981473097,21.112619355182854],[110.54322,21.10497],[110.53337167485661,21.10795420855055],[110.520681,21.111802],[110.51177446595311,21.120855863791103],[110.50587013500954,21.126859862711438],[110.507091,21.143704],[110.498985846309,21.145714461060333],[110.49659,21.14631],[110.4957485431671,21.146730172632545],[110.489024,21.150092],[110.483572,21.155829],[110.48212594907157,21.158560210183595],[110.47918,21.16413],[110.479177,21.16413],[110.472911,21.16413],[110.47291,21.16413],[110.47418526688443,21.16134963344335],[110.479176020671,21.15046013683149],[110.46144,21.15107],[110.44947276652857,21.156238805100024],[110.445323,21.165676],[110.451915,21.178453],[110.44337,21.177883],[110.426117,21.179104],[110.41774,21.17845338833214],[110.41774,21.184638588182146],[110.42621684967315,21.185635774509798],[110.43434,21.18659],[110.44353636701052,21.19290209175174],[110.444835,21.193793],[110.44673847659303,21.195666750000054],[110.45265,21.20148],[110.45774007299289,21.20344224452562],[110.462169,21.205146]]],[[[107.674083,21.206],[107.67887019566136,21.210388782617116],[107.67945,21.21092],[107.67984393989452,21.208907712430634],[107.680186,21.207139],[107.663829,21.145209],[107.65829951044141,21.139435709311616],[107.65782520399463,21.144967148008597],[107.657563,21.148057],[107.66977,21.197496],[107.674083,21.206]]],[[[107.97494672278408,21.244939672814777],[107.97717214218025,21.24393228436012],[107.9809688420686,21.242210525108423],[107.982595,21.2355],[107.97966653681868,21.229439111025897],[107.97551021185932,21.2283722118631],[107.9733185294512,21.22781013578238],[107.96184,21.22887],[107.96047527735871,21.229660277344593],[107.953624,21.233629],[107.9546,21.239569],[107.968842,21.24433],[107.97087666666185,21.244533333332853],[107.97494672278408,21.244939672814777]]],[[[107.639496,21.25259],[107.63852,21.249172],[107.63229443556983,21.24484045154105],[107.61524,21.23298],[107.61118,21.23298],[107.59946,21.23778],[107.60077298525063,21.23915466912147],[107.603933,21.242458],[107.6275105441594,21.25362791167667],[107.63803,21.25861],[107.6386,21.2558],[107.63893678832068,21.254598788322905],[107.639496,21.25259]]],[[[107.57276233943891,21.273178830280546],[107.58334,21.26789],[107.58789998852885,21.26150001607472],[107.58489,21.258572],[107.58337857142703,21.25795571428509],[107.5796,21.25642],[107.57217425505078,21.255682073858722],[107.566824,21.255154],[107.56104644192658,21.252183227235005],[107.55608364966672,21.256684566881244],[107.555349,21.257351],[107.55391524720116,21.257175793998503],[107.54802,21.25646],[107.54375806946396,21.25829679161149],[107.542084,21.259019],[107.5436447345366,21.264074706174583],[107.54412,21.26561],[107.55747,21.2722],[107.56841174464186,21.27290130214186],[107.57276233943891,21.273178830280546]]],[[[107.5410853796576,21.283301189831786],[107.546397,21.281317],[107.54802500000001,21.281175],[107.54965,21.28103],[107.55705682642093,21.281559773009864],[107.55577894611935,21.279134860263657],[107.55388,21.27554],[107.54672,21.27143],[107.53989,21.26655],[107.53691874536885,21.265530490734037],[107.5324,21.263983],[107.53025199999873,21.26720500000191],[107.52524054894288,21.274729175819],[107.530528,21.281317],[107.53052960488472,21.28131950778645],[107.53053,21.28132],[107.53057489406523,21.281390276479033],[107.533132,21.285386],[107.5385456404522,21.284100561797096],[107.53964,21.28384],[107.5410853796576,21.283301189831786]]],[[[107.70011852874896,21.29359382751127],[107.69988,21.291775],[107.66024918929173,21.266832748498782],[107.65984135363932,21.268215410832532],[107.67644229072224,21.287501176012512],[107.69475,21.2969],[107.69869224801592,21.29679087202724],[107.70052987337198,21.296739031782685],[107.70011852874896,21.29359382751127]]],[[[107.79355,21.29125],[107.78085,21.29125],[107.77638288889018,21.290250062719945],[107.772634,21.289415],[107.76513089964307,21.284659199538947],[107.75986,21.28132],[107.7573309329446,21.28132],[107.75649799999806,21.281934400001433],[107.75408095930585,21.283719291589524],[107.75858907494758,21.289788925071218],[107.75936932539084,21.29083909201942],[107.771169,21.294176],[107.775808,21.294338],[107.77996599696314,21.294880798178802],[107.78142,21.29507],[107.78665582118505,21.29564752033883],[107.791026,21.296129],[107.79696467260689,21.293037211686062],[107.79355,21.29125]]],[[[107.8003,21.36245],[107.8123257208231,21.36067212618612],[107.813487,21.3605],[107.8145450000025,21.359299999997155],[107.8156,21.3581],[107.81706254381147,21.355841742697223],[107.818207,21.354071],[107.81934657371794,21.350247430288455],[107.81707,21.34854],[107.81501589449557,21.348170633033487],[107.809337,21.347154],[107.71144976783056,21.30756856768755],[107.7141602857152,21.309946052658038],[107.714366,21.310126],[107.71436771891692,21.31012799918651],[107.71437,21.31013],[107.72584,21.32347],[107.78395,21.35635],[107.8003,21.36245]]],[[[107.86866,21.39008],[107.9983,21.40375],[107.9983,21.39753],[107.95948,21.37385],[107.94418223405302,21.36811083813492],[107.93818312764161,21.374355174476115],[107.93621,21.37641],[107.936209,21.37641],[107.929942,21.37641],[107.92994,21.37641],[107.92237,21.37263],[107.85426,21.35041],[107.84116,21.34854],[107.8436,21.35883],[107.84815695400572,21.37026235829507],[107.853526,21.360256],[107.85459045003205,21.357122230042165],[107.85499,21.35594],[107.85939,21.36408],[107.86351405720261,21.368323901599943],[107.86524441154047,21.37010239516927],[107.87281,21.37421],[107.8728077019758,21.37421012276963],[107.872813,21.374213],[107.852224,21.375312],[107.84731060203615,21.374332387762234],[107.826915,21.370270995653893],[107.826915,21.37641],[107.860118,21.386217],[107.86665455982839,21.38917355982876],[107.86866,21.39008]]],[[[108.14226,21.52928],[108.14334980844217,21.5301953407998],[108.160004,21.544176],[108.172781,21.546169],[108.17448423147472,21.545286743820412],[108.18181,21.54149],[108.18253000000051,21.5362819999963],[108.182709,21.53498],[108.18204929378734,21.534409706216444],[108.17701,21.53006],[108.15407321484639,21.524650785149575],[108.128835,21.518704],[108.12656040580295,21.520410444900246],[108.12956829320166,21.52370812875929],[108.13464600001772,21.52593800000778],[108.14226,21.52928]]],[[[111.847179,21.647406],[111.86793696451694,21.64895175159711],[111.8838,21.65013],[111.89103882806998,21.652400656143165],[111.896007,21.653957],[111.915863,21.662746],[111.928233,21.664455],[111.931407,21.662299],[111.934337,21.657457],[111.9382112857186,21.65289841273159],[111.93849,21.65257],[111.94516,21.65013],[111.94989490170646,21.650932803403517],[111.950938,21.651109],[111.95093872324303,21.651109783525634],[111.95094,21.65111],[111.95269181853843,21.653009000013984],[111.955821,21.656399],[111.96052220818859,21.65723869795177],[111.96266,21.65762],[111.98951,21.65778],[111.99500464786615,21.655771318284906],[111.999848,21.653998],[112.0035792611182,21.648989428577803],[112.00733,21.64395],[112.00733,21.63654],[112.00270588460346,21.6270321263638],[111.999848,21.621161],[111.98768083121807,21.615131662446796],[111.98146,21.61205],[111.96433700987079,21.608724069080036],[111.929047,21.601874],[111.91977,21.601874],[111.909679,21.600531],[111.9069165743583,21.599398376068105],[111.89747,21.59553],[111.89083279408095,21.590809573376546],[111.888194,21.588935],[111.88495828572671,21.585961134342273],[111.8711,21.57323],[111.86622150000208,21.57012550000132],[111.863292,21.568264],[111.8360566666754,21.564086666668004],[111.82244,21.562],[111.80934,21.5655],[111.80998721229021,21.568026787708337],[111.810069,21.568345],[111.816905,21.571357],[111.81690838420623,21.571359288956256],[111.81691,21.57136],[111.82244,21.5751],[111.82706944197915,21.582593038675082],[111.842052,21.606838],[111.845063,21.623969],[111.84128285591956,21.631702309295832],[111.83530048196653,21.643949013351314],[111.847179,21.647406]]],[[[112.53046363054649,21.597088793096656],[112.525401,21.598863],[112.52299153264687,21.601947576180578],[112.5193,21.60668],[112.5182402678245,21.616767450614038],[112.524262,21.626899],[112.53380533783718,21.632664235500215],[112.55983,21.64838],[112.56658069759746,21.658652800691776],[112.567882,21.660631],[112.56228321108706,21.668819281436157],[112.55592164679418,21.678127590393128],[112.57781,21.68301],[112.62013,21.70449],[112.63725886371279,21.710158886722226],[112.645356,21.712836],[112.65148666666737,21.70325999999889],[112.65455,21.69847],[112.65325799884124,21.69432499943702],[112.651378,21.6883],[112.64786832852174,21.6838864476334],[112.64332,21.67817],[112.63795,21.66446],[112.63795130922882,21.664458342665192],[112.63795,21.664455],[112.6456208921389,21.654749522827526],[112.64991,21.64932],[112.6504,21.64045],[112.62379,21.63329],[112.62126273664661,21.628428815844853],[112.61646639838901,21.619208765827267],[112.61536738848861,21.618832165451913],[112.607188,21.616034],[112.59337619086182,21.615786763448774],[112.57993,21.61555],[112.56910081386633,21.617304023106158],[112.567149,21.617621],[112.56173899997933,21.62042427605702],[112.55592,21.62344],[112.55591966513906,21.623439655347802],[112.555919,21.62344],[112.55421,21.621679999999998],[112.54908,21.6164],[112.54589086075707,21.61074122244088],[112.539236,21.598944],[112.53695364573035,21.597135262023254],[112.53492,21.59553],[112.53046363054649,21.597088793096656]]],[[[108.57260016025852,21.75942998589725],[108.569672,21.765774],[108.56956475265306,21.768210422856978],[108.56951,21.76948],[108.56690836690412,21.772316366909045],[108.565522,21.77383],[108.56872469136808,21.776038074126973],[108.57089,21.77753],[108.57245710100919,21.77648370202081],[108.574229,21.775295],[108.57554285477755,21.773577136948063],[108.5774,21.77114],[108.5774,21.76321],[108.57701852785101,21.7617168090168],[108.576345,21.759101],[108.57586687956096,21.759142514598636],[108.57260016025852,21.75942998589725]]],[[[117.29257,23.7895],[117.28008450238507,23.78351975836972],[117.277354,23.782213],[117.27735459608596,23.78221220141042],[117.27735,23.78221],[117.2912038989062,23.76365798317367],[117.292328,23.762152],[117.285737,23.746772],[117.27795858303463,23.732434625474813],[117.27192,23.72131],[117.27623987644975,23.687740960088433],[117.27393896918272,23.68553067693269],[117.26796,23.67979],[117.26489430769574,23.662455679476814],[117.263649,23.655425],[117.26365054580644,23.65542308614917],[117.26365,23.65542],[117.27912,23.63627],[117.25709,23.61562],[117.24110513490618,23.606670944252492],[117.238964,23.605473],[117.235964,23.624311],[117.23568063514378,23.63462654504776],[117.23554,23.63982],[117.24076713700481,23.650659431473123],[117.24409,23.657548],[117.24408946131857,23.65754888294483],[117.24409,23.65755],[117.23561,23.67145],[117.23190699175768,23.6844014379932],[117.229503,23.692816],[117.22950179204376,23.69281373224631],[117.2295,23.69282],[117.22519,23.68472],[117.2232404943308,23.68240817613089],[117.208507,23.664944],[117.2094618351269,23.663575373630074],[117.21718,23.65251],[117.22040992035927,23.640200303522402],[117.22030697957716,23.63930006126495],[117.2192,23.62963],[117.18588,23.62104],[117.17465,23.61636],[117.15083,23.60687],[117.14124285714448,23.592075714288217],[117.12846,23.572354],[117.11058406463194,23.561229935377938],[117.09946,23.55431],[117.08423,23.55061],[117.07841,23.56461],[117.08047,23.57435],[117.08356,23.58895],[117.076003,23.604627],[117.07919,23.622489],[117.07918994469736,23.622489690374593],[117.07919,23.62249],[117.07909284476048,23.623701844743255],[117.077881,23.63883],[117.068413,23.651273],[117.057798,23.653965],[117.05010226877708,23.654945263502334],[117.04444,23.65567],[117.04074509090812,23.657722727273264],[117.034272,23.661322],[117.03020492053406,23.660328150666352],[117.02345,23.65868],[117.02344864909116,23.658677158614758],[117.023448,23.658677],[117.018321,23.647895],[117.009502,23.644542],[116.99595701610345,23.64212201074589],[116.98536,23.64023],[116.98535876778679,23.64022849450146],[116.985356,23.640228],[116.9773673169285,23.630464666666217],[116.96507,23.61544],[116.95983051060372,23.61377620670982],[116.950705,23.610883],[116.927582,23.624742],[116.91984866665358,23.634927441242684],[116.91757261857093,23.637926549555388],[116.940929,23.658677],[116.94092740216445,23.6586776924192],[116.94093,23.65868],[116.9275,23.6645],[116.91651,23.66275],[116.91043958859565,23.65621386920219],[116.908946,23.654608],[116.906098,23.641303],[116.900727,23.634263],[116.877452,23.618354],[116.87745018784385,23.618350128376097],[116.87745,23.61835],[116.87208,23.60688],[116.87261828087098,23.604859000002605],[116.874278,23.598619],[116.87638781655538,23.59643875540888],[116.87916,23.59357],[116.88404,23.58662],[116.88624,23.57307],[116.88331,23.55964],[116.88055140585148,23.555196579463708],[116.875499,23.547065],[116.86188738932991,23.53234563732052],[116.85499,23.52489],[116.8497,23.5113],[116.85198000000385,23.504339999988257],[116.854259,23.497382],[116.85425959513411,23.497381235906413],[116.85426,23.49738],[116.85966563459438,23.49044041354088],[116.87261967127462,23.473808705952543],[116.87028683098934,23.46462533801817],[116.866628,23.450233],[116.80217053123233,23.38067091155358],[116.77322193033969,23.349432083055785],[116.76610771831335,23.34971757746465],[116.75294,23.35025],[116.74657,23.34921],[116.7376467586178,23.350419931034875],[116.73241,23.351132],[116.7203910127643,23.353915038236906],[116.71299,23.35563],[116.70374931869766,23.35760587914471],[116.692882,23.359931],[116.680756,23.357001],[116.657844,23.354452],[116.64032121698274,23.36160968080995],[116.62192,23.36913],[116.56894,23.39102],[116.5633222668599,23.39647026684053],[116.557872,23.40176],[116.5558264046864,23.40757423814732],[116.55348,23.41425],[116.55334611066446,23.414340825514163],[116.543224,23.42121],[116.531749,23.422553],[116.523204,23.418524],[116.52320353298747,23.41852166525608],[116.5232,23.41852],[116.52208762808742,23.412942902465733],[116.521739,23.4112],[116.52203456170945,23.40440288767722],[116.5232,23.37751],[116.53321,23.36188],[116.54490244162301,23.34937123568101],[116.552257,23.341498],[116.573009,23.323676],[116.587983,23.316107],[116.6033024999867,23.31937249999717],[116.60841,23.32046],[116.61371900000087,23.320203112903183],[116.641889,23.318835],[116.64896604749264,23.325652873384737],[116.66098,23.33722],[116.67667284242484,23.338132736373684],[116.69124,23.338977],[116.69878217541967,23.331006131545863],[116.70941,23.31977],[116.71306399999295,23.319014784825917],[116.727074,23.316116],[116.73011111414644,23.33074973169043],[116.74584157847036,23.326961509720423],[116.74863054369425,23.326289074440506],[116.76563,23.29735],[116.76671083027601,23.288207666665386],[116.768528,23.272821],[116.7744174027228,23.250560402758968],[116.77711,23.24038],[116.78618,23.23572],[116.79427,23.23962],[116.80482,23.23612],[116.80279465336722,23.23381710227138],[116.78394861655659,23.212390974772656],[116.77030768526798,23.222002359389904],[116.754161,23.233385],[116.731293,23.257717],[116.73129241585205,23.257717428865806],[116.73129,23.25772],[116.70558,23.2766],[116.66725,23.28132],[116.66725476495199,23.28131604381494],[116.667247,23.281317],[116.67921,23.271389],[116.685219091622,23.26923172512631],[116.69508,23.26569],[116.70899,23.25853],[116.71450365624693,23.245237666691132],[116.715099,23.243801],[116.705502,23.238344],[116.689308,23.229731],[116.671166,23.214639],[116.661748,23.193648],[116.65897957199836,23.187987245164656],[116.64675071064329,23.162991452554895],[116.64240669859008,23.163449773941647],[116.63702,23.16402],[116.6293,23.17397],[116.61522,23.17835],[116.61418419190474,23.187107936032973],[116.613772,23.190607],[116.616754,23.20277],[116.61769506945811,23.215400178257976],[116.61815,23.22148],[116.61151,23.23873],[116.588585,23.244934],[116.569976,23.246973],[116.516856,23.235175],[116.51176557446753,23.23449968085099],[116.50888,23.23412],[116.50900629498413,23.228655431662485],[116.509288,23.216376],[116.526988,23.200621],[116.52698850466837,23.200621331436523],[116.52699,23.20062],[116.54143,23.2101],[116.55316,23.21637],[116.56397709009389,23.222968225011055],[116.574555,23.224107],[116.602949,23.217738],[116.60339475349652,23.215392849289362],[116.6045,23.20956],[116.6029220994475,23.20273295027618],[116.601496,23.196581],[116.569916,23.177692],[116.55662649594161,23.16004930570317],[116.54512,23.14478],[116.54030715384391,23.12982115383919],[116.533648,23.109135],[116.53365057689405,23.109131793049066],[116.53365,23.10913],[116.54661158171778,23.093001790877537],[116.551656,23.086724],[116.548496,23.066402],[116.554846,23.036094],[116.55917415704926,23.027173999988914],[116.5632486154188,23.01877285487456],[116.55399256490989,23.01111758774694],[116.54785,23.00604],[116.53692001516974,23.0028213282804],[116.521936,22.998411],[116.52027301173798,22.98354161766302],[116.51847,22.96746],[116.50261666667468,22.948720000009477],[116.494688,22.939352],[116.45851,22.94742],[116.42629,22.93743],[116.40183086201999,22.933002413968914],[116.379607,22.928984],[116.36928650776694,22.93250793788017],[116.35304,22.93806],[116.33825,22.95186],[116.29849,22.96325],[116.2942197247088,22.970355049768727],[116.289064,22.978943],[116.2776531542803,22.97672673142752],[116.26226,22.97374],[116.25084798691957,22.97650290843],[116.234711,22.980414],[116.213634,22.982815],[116.20938181049492,22.979660073602503],[116.20102,22.97346],[116.20102353477532,22.97345862263851],[116.20102,22.973456],[116.21684213799915,22.967294741500478],[116.23487,22.96027],[116.25229,22.95905],[116.26937937909993,22.966619724972876],[116.2814569723265,22.95785774555037],[116.24618,22.93159],[116.23359500000001,22.9253],[116.221009,22.91901],[116.21868214037437,22.915224070159237],[116.21456,22.90852],[116.20009,22.89656],[116.17099,22.86447],[116.15553774603029,22.854604968228696],[116.14491,22.847823],[116.129651,22.839135],[116.11480499999735,22.833391286512335],[116.11356,22.83291],[116.09569,22.8259],[116.08467213359621,22.84976537849894],[116.091253,22.86841],[116.123721,22.894729],[116.12371940178834,22.894729515092976],[116.12372,22.89473],[116.10580281250807,22.90050391250421],[116.08700731417255,22.90656157645094],[116.07482972188893,22.913709234714045],[116.042105,22.932918],[116.04210498048317,22.93291707669703],[116.0421,22.93292],[116.04188,22.92232],[116.0713,22.89777],[116.08725,22.88969],[116.08237969848282,22.88009018255603],[116.076178,22.867871],[116.06497499999064,22.861549999994725],[116.05377,22.85523],[116.05057450000568,22.85337001353968],[116.047862,22.851793],[116.0412948580577,22.85122871505008],[116.03745,22.8509],[116.03744608340972,22.85089800716702],[116.037446,22.850898],[116.03718091522724,22.85076308473202],[116.02611,22.84513],[116.02321704792494,22.843696664555406],[116.011796,22.838044],[115.996718,22.836684],[115.97021248610129,22.819835962937074],[115.96608,22.81721],[115.96607909652754,22.81720860392792],[115.966075,22.817206],[115.9617263406922,22.810482598318664],[115.95801212325402,22.804743280914206],[115.94957145161479,22.806006693548106],[115.93949,22.80752],[115.936262626689,22.806727402702112],[115.933263,22.805994],[115.92010199647775,22.798586394359603],[115.90374,22.78938],[115.8835,22.79462],[115.88349781184331,22.794618789709283],[115.883497,22.794619],[115.87281097095595,22.788707794207994],[115.85488,22.77879],[115.85137399999253,22.776155242496536],[115.843212,22.770025],[115.825956,22.746644],[115.81003,22.746091],[115.797812,22.75445],[115.79576895472378,22.767946954720166],[115.79546,22.76999],[115.79483105380808,22.77216352690018],[115.790484,22.7872],[115.78833045695234,22.796573417224195],[115.78804,22.79784],[115.79148963424953,22.799047619450338],[115.79501147391447,22.800278117409256],[115.79940853118434,22.79466187607818],[115.80000982276376,22.79225763293078],[115.80136,22.78685],[115.80326726162907,22.783660077041425],[115.806488,22.778266],[115.81163318705073,22.776817122302052],[115.81357,22.77627],[115.81471,22.78612],[115.81408323076754,22.790414648363267],[115.812755,22.799547],[115.81152327248348,22.803346808052876],[115.80991,22.80834],[115.80478,22.81509],[115.79843,22.81953],[115.79038,22.82193],[115.78506,22.82568],[115.77634,22.83235],[115.76324,22.84149],[115.74792050525659,22.84740401048494],[115.73687,22.851673],[115.69704038938858,22.850671110412392],[115.70358,22.86932],[115.70357995432042,22.869320020012907],[115.703581,22.869323],[115.69285385553168,22.87401928442268],[115.68427,22.87778],[115.68247,22.88817],[115.69264,22.90009],[115.69749447159857,22.902914349397737],[115.70517,22.907375],[115.713878,22.904527],[115.721283,22.904527],[115.72755,22.922756],[115.733735,22.931871],[115.73098140995914,22.933772249998952],[115.73032,22.93423],[115.73031870352919,22.934229823777383],[115.730317,22.934231],[115.691987,22.929023],[115.683116,22.924262],[115.666596,22.904527],[115.653331,22.893744],[115.6435856198797,22.890666880120108],[115.63941,22.88935],[115.58399,22.88032],[115.58038569407272,22.878511938338118],[115.577891,22.877265],[115.574067,22.871731],[115.56915353454356,22.86177307927847],[115.56495,22.85326],[115.56272512879342,22.851258122718455],[115.560557,22.849311],[115.53988870971634,22.85293170048946],[115.53297064192235,22.8620491539983],[115.536632,22.874335],[115.54193693462045,22.880965909599215],[115.54689,22.88715],[115.54762,22.89541],[115.54761777477589,22.89541045822895],[115.547618,22.895413],[115.533783,22.898261],[115.505626,22.897773],[115.496349,22.903062],[115.468272,22.9265],[115.450938,22.931871],[115.442393,22.929674],[115.44239141192017,22.929670363301096],[115.44239,22.92967],[115.43832,22.92036],[115.43028560115178,22.918225399567998],[115.4301898303029,22.918200015232653],[115.42384,22.91877],[115.4189697256728,22.92048088200271],[115.406016,22.925035],[115.418549,22.907701],[115.41854967202981,22.907700453609202],[115.41855,22.9077],[115.41955140396671,22.906885999990315],[115.427257,22.900621],[115.42725976009743,22.900620195006915],[115.42726,22.90062],[115.43702,22.89777],[115.44614,22.89997],[115.44850678272961,22.902464440913516],[115.455414,22.909735],[115.46114121393278,22.91122007458787],[115.4642,22.91201],[115.483,22.90184],[115.4961,22.88032],[115.49415,22.86079],[115.46803,22.85676],[115.46803,22.856757308387245],[115.468028,22.856757],[115.468028,22.849311],[115.46803,22.849310653875236],[115.46803,22.84931],[115.47494799999599,22.848113408318273],[115.478608,22.84748],[115.47860943698315,22.847480097383823],[115.47861,22.84748],[115.50563,22.84931],[115.50603754780462,22.849224808809748],[115.515147,22.847317],[115.52763559137357,22.8399369301996],[115.53037,22.83832],[115.53758611563556,22.836776884363054],[115.54005,22.836249],[115.559418,22.836086],[115.565929,22.837958],[115.577891,22.843166],[115.586925,22.849351],[115.593354,22.856391],[115.59512443087657,22.857733672484468],[115.6006,22.86188],[115.6120664557722,22.863589471610325],[115.591319,22.84748],[115.58757990789012,22.843211092129994],[115.55624,22.80744],[115.54711382130002,22.79764270103661],[115.538966,22.788904],[115.527017,22.767042],[115.523936,22.741767],[115.555588,22.71437],[115.55558855853656,22.714371247901994],[115.55559,22.71437],[115.56005356048671,22.724347112072156],[115.565753,22.737081],[115.56732083150737,22.747279903938203],[115.58619,22.7451],[115.58892620426577,22.739578605714332],[115.590099,22.737209],[115.58557827727721,22.730388096587774],[115.58090203703638,22.723333073267938],[115.562511,22.705634],[115.56251123177884,22.705631185562012],[115.56251,22.70563],[115.56422,22.68488],[115.56715164526638,22.68047187157219],[115.57521635463746,22.668339979468005],[115.55298239295918,22.668214749781132],[115.536156,22.668123],[115.522096,22.676503],[115.50823364155896,22.68147502151767],[115.49119,22.68759],[115.48247772397542,22.692030386415254],[115.464818,22.701034],[115.44387825845284,22.700690958250554],[115.43826,22.7006],[115.42126,22.69024],[115.40580993252631,22.689919078717164],[115.394298,22.689683],[115.38540299999644,22.691605757576525],[115.37351,22.69418],[115.36127,22.70414],[115.34821,22.71737],[115.3399415706845,22.730723428453047],[115.338471,22.7331],[115.3403370295949,22.73520862720015],[115.35068,22.74689],[115.35841,22.74868],[115.38893,22.74689],[115.3928216108483,22.74773875039383],[115.397553,22.748765],[115.40976,22.75788],[115.42413,22.76199],[115.42412963455527,22.761992036939112],[115.424133,22.761993],[115.422373,22.771797],[115.41987463718057,22.775482672548023],[115.41121,22.78827],[115.403888379913,22.786695426517134],[115.386241,22.782904],[115.374767,22.773285],[115.363994,22.763645],[115.33057,22.78854],[115.289144,22.791553],[115.25239427833812,22.78810327834123],[115.25108012127252,22.787980011375275],[115.25085100000082,22.787982977388346],[115.23339096403136,22.788209987465958],[115.23323927334371,22.792374431648856],[115.23277,22.80534],[115.25856,22.82046],[115.30304,22.83861],[115.32016,22.85053],[115.3248,22.85956],[115.32479699435238,22.859561094196913],[115.324799,22.859565],[115.313731,22.863593],[115.31062251656981,22.8677573443681],[115.30942,22.86937],[115.31056,22.88247],[115.31715,22.90453],[115.30867667517309,22.90357159397089],[115.303803,22.903022],[115.292247,22.895331],[115.272227,22.873847],[115.26828113902653,22.86754346527579],[115.25595,22.84785],[115.25211863332221,22.843213786691937],[115.245616,22.835354],[115.231456,22.830064],[115.217294,22.834891],[115.21403452720612,22.834432581595223],[115.19601,22.8319],[115.18187463470912,22.825337808310998],[115.172944,22.821194],[115.17294420928067,22.821191954113395],[115.17294,22.82119],[115.17383963315345,22.81243846660252],[115.174407,22.806892],[115.18026993169669,22.784810023626736],[115.15827196067939,22.79241932178318],[115.15497000001167,22.799795714259616],[115.15057,22.80963],[115.15056768388865,22.80963023828845],[115.150566,22.809634],[115.132878,22.811454],[115.11450176763593,22.80339544952941],[115.11166093756711,22.802150410903586],[115.11119022720479,22.802059864009994],[115.10108,22.80012],[115.08503195688101,22.798253738805826],[115.065475,22.795985],[115.050304,22.781684],[115.05030325758185,22.781683068736523],[115.0503,22.78168],[115.04566,22.77586],[115.04379028217004,22.770109507149325],[115.041026,22.761623],[115.03777731416973,22.755787342908903],[115.03663,22.75373],[115.0320167035123,22.75043294474795],[115.02233,22.743513],[115.017828,22.737044],[115.01860786781853,22.735090754760616],[115.02208,22.72639],[115.03079,22.71732],[115.0289,22.70838],[115.01828,22.70687],[115.00851,22.70372],[115.00456815452173,22.703104845469515],[114.998772,22.702201],[114.99877088152259,22.70220013756821],[114.99877,22.7022],[114.99437554978641,22.698810999995285],[114.992521,22.697381],[114.9925203521911,22.697380271609774],[114.99252,22.69738],[114.98534,22.68931],[114.98404948272282,22.689125293195733],[114.98003,22.688554],[114.9765055267432,22.690233870347317],[114.97126,22.69274],[114.96337870791496,22.695079542921917],[114.95983778798343,22.696133170414452],[114.95755292037735,22.69940800000073],[114.95467051137221,22.7035432663566],[114.95492908858945,22.705194911409087],[114.956584,22.71574],[114.95237,22.728833],[114.945811,22.742255],[114.941661,22.753852],[114.93669666667367,22.75629333332989],[114.92677,22.76118],[114.91676,22.74405],[114.90894491544006,22.746838238960212],[114.90311,22.748924],[114.89514403409547,22.75732820458108],[114.88906,22.76375],[114.87672,22.76796],[114.86252,22.76322],[114.86440191256004,22.760856834991394],[114.870379,22.753348],[114.87447881602412,22.75127027002431],[114.88187,22.74752],[114.88530476000312,22.738479079991784],[114.886217,22.736075],[114.88175572518728,22.732517365464624],[114.87814,22.72964],[114.87949680960011,22.725376486756584],[114.880736,22.72147],[114.885885588717,22.71753794353448],[114.89045,22.71405],[114.90286,22.71393],[114.90999624396053,22.723614902517866],[114.926726,22.71693],[114.93394135733632,22.711820238230263],[114.93723,22.70949],[114.93914900001559,22.706820439724613],[114.946689,22.696329],[114.94892347855831,22.693336464278406],[114.9553,22.68479],[114.96203233145145,22.6798581067037],[114.96662741590309,22.676488161745652],[114.96074095704995,22.672300699360008],[114.95045,22.664984],[114.938731,22.657294],[114.924897,22.638658],[114.901938,22.598057],[114.90342663636018,22.589140181838918],[114.90521,22.57844],[114.91041157964833,22.5719782245634],[114.91911659260757,22.561157992361434],[114.90963469451731,22.55557124981495],[114.895966,22.547524],[114.89057343508247,22.549008103870204],[114.88364,22.55092],[114.88330727126888,22.551714474725348],[114.880215,22.559113],[114.889234,22.572894],[114.88682,22.590872],[114.865816,22.601745],[114.84491477351136,22.601951603959694],[114.83223,22.60208],[114.81042307220504,22.593994285199624],[114.80641909530141,22.592510147322816],[114.79471392890386,22.594416238550078],[114.774609,22.597693],[114.75414740042403,22.589714935935465],[114.74378,22.6094],[114.74278429886083,22.621025134079336],[114.742242,22.62738],[114.742483,22.646964],[114.73840074603412,22.66487465608472],[114.73745077468028,22.669046597875262],[114.74371999999721,22.673884999997853],[114.74999,22.67872],[114.75378,22.69339],[114.73888,22.71065],[114.740415,22.72165],[114.74195074899087,22.732651201918376],[114.75255,22.74966],[114.77855,22.76245],[114.79542,22.76992],[114.80201,22.77338],[114.80786899999514,22.77414693944727],[114.813243,22.774848],[114.81639311443166,22.777909954232545],[114.81764,22.77912],[114.819445,22.78484],[114.821252,22.79056],[114.816954,22.800389],[114.807279,22.805383],[114.80444532878296,22.806461100486864],[114.79847,22.80874],[114.79274,22.81094],[114.78869328182847,22.813434969098235],[114.78476,22.815863],[114.775238,22.815823],[114.769786,22.810452],[114.76358861400779,22.79406243565223],[114.7624603686841,22.79108097427162],[114.754893,22.781684],[114.734141,22.775784],[114.716732,22.790803],[114.695481,22.792642],[114.683812,22.781333],[114.67628000908644,22.778581687849318],[114.66422,22.77418],[114.64548,22.76701],[114.64082497718069,22.75978230527144],[114.637787,22.755072],[114.62707194655717,22.752467267255263],[114.6172,22.75007],[114.60649992025485,22.743051039839532],[114.60254820503293,22.74045944609346],[114.59510169062342,22.738161535949825],[114.579378,22.733311],[114.563324,22.732733],[114.56332431900941,22.73273015597917],[114.56332,22.73273],[114.5641443387877,22.725419546439586],[114.564986,22.717916],[114.571096,22.702354],[114.56028533998487,22.697841970078983],[114.55234,22.69453],[114.54225,22.6953],[114.53402877744273,22.698859444362053],[114.532481,22.69953],[114.522065,22.705959],[114.52206520221307,22.705956789805175],[114.52206,22.70596],[114.52377968044304,22.687213483542383],[114.51932666666535,22.68001666666454],[114.5171,22.67642],[114.51307959156779,22.67183810211798],[114.505926,22.663689],[114.499576,22.653114],[114.49958009614521,22.653110160191567],[114.49958,22.65311],[114.50661,22.64652],[114.52225760829302,22.645486041430814],[114.534906,22.644648],[114.5347385472341,22.644661329211033],[114.53491,22.64465],[114.52997083803602,22.64504083803367],[114.52349001585239,22.645556710351897],[114.54822,22.64454],[114.56251,22.64834],[114.56466472475974,22.649565825724576],[114.573253,22.654446],[114.58253,22.65526],[114.59034,22.64387],[114.5818242611184,22.63851494907209],[114.577647,22.635891],[114.56753601919024,22.619546000003307],[114.56088,22.60879],[114.5590506317291,22.608037184124473],[114.546641,22.602932],[114.529145,22.598334],[114.513927,22.587348],[114.502208,22.57392],[114.4998159999966,22.56973399999405],[114.49537,22.56196],[114.49559785220728,22.561581042212133],[114.502045,22.550849],[114.509288,22.549547],[114.51331000000403,22.551022942504297],[114.51816,22.5528],[114.52955,22.55512],[114.52955006771491,22.555120606725545],[114.529552,22.555121],[114.52963176197835,22.55585258732602],[114.5298,22.55736],[114.53248,22.56232],[114.5339993098959,22.563921169265285],[114.53712,22.567206],[114.54150826163587,22.56878545786599],[114.54322,22.5694],[114.54721,22.56708],[114.5518771952569,22.56106258577182],[114.554779,22.557318],[114.559906,22.555121],[114.56308522788622,22.554215616026184],[114.57276,22.55146],[114.58079421134182,22.547715140886016],[114.593272,22.541897],[114.597520509153,22.538838054848277],[114.61158,22.52871],[114.61419857142845,22.52247000000031],[114.6176859518613,22.514146114900292],[114.60751,22.50438],[114.60377830733263,22.50272752752916],[114.587657,22.495592],[114.57180422259566,22.48513055547758],[114.57053127039667,22.48429083803166],[114.542162,22.477993],[114.53777101109729,22.4745814177457],[114.52967,22.46829],[114.52722431671887,22.465526466184134],[114.515816,22.452643],[114.501557,22.452094],[114.50132803758275,22.45238466166036],[114.4922,22.46398],[114.49114,22.46463],[114.48512,22.46833],[114.48447,22.47435],[114.48325,22.48456],[114.48324622585027,22.484563110700524],[114.483246,22.484565],[114.477224,22.489529],[114.47682054661465,22.489891810661025],[114.47698,22.49042],[114.47771482417332,22.49267546978119],[114.480154,22.500149],[114.47756867273337,22.506555004554624],[114.47641117255132,22.50942709056783],[114.4794081135998,22.512214488797852],[114.48455,22.51699],[114.4865476481062,22.521026231624386],[114.48699,22.521918],[114.48698976994488,22.521919535175517],[114.48699,22.52192],[114.48512,22.53441],[114.48393779714193,22.535459898567083],[114.479584,22.539333],[114.479584,22.54621],[114.471202,22.551703],[114.462169,22.561754],[114.45574,22.570502],[114.446951,22.57156],[114.445323,22.571763],[114.4403594689245,22.568671292085927],[114.43678,22.57738],[114.43735,22.57937],[114.43849,22.58295],[114.43767825313166,22.58416018672312],[114.433035,22.591091],[114.42669741965321,22.598791000007928],[114.42433,22.60167],[114.42432707667793,22.60167090683826],[114.424327,22.601671],[114.4142370156309,22.604803684672323],[114.4127118050845,22.60668679661048],[114.408702,22.61164],[114.395763,22.613511],[114.3956,22.613511],[114.38962990710928,22.61228586064272],[114.38014,22.61034],[114.37550133332715,22.609018755096784],[114.360688,22.604804],[114.35009129271434,22.601215219415376],[114.34026,22.59789],[114.32911,22.60501],[114.32896566176443,22.605107705882542],[114.328461,22.605455],[114.32826947058771,22.605129352940292],[114.32805,22.60476],[114.3245502536278,22.598540450732827],[114.317149,22.602362],[114.316905,22.6022],[114.305349,22.594184],[114.30713907183903,22.58543953404822],[114.30477798196873,22.58425422885123],[114.302175,22.582953],[114.29160899999987,22.584990088983076],[114.27622,22.58796],[114.27621688620452,22.58795763634616],[114.276215,22.587958],[114.269623,22.582953],[114.249685,22.570502],[114.238292,22.559923],[114.229828,22.555813],[114.22983766658949,22.555813724548795],[114.22983,22.55581],[114.23346835579189,22.556085858943238],[114.23470905926094,22.556178854533997],[114.22763710522328,22.547567877121004],[114.227224,22.547065],[114.22217930843117,22.541449343339835],[114.21485105316091,22.534491],[114.209972,22.534491],[114.20997193962718,22.53449],[114.20997,22.53449],[114.20932,22.52371],[114.20932113923541,22.523710306260273],[114.209321,22.523708],[114.217947,22.526028],[114.21794724079324,22.526029258243373],[114.21795,22.52603],[114.21868,22.52985],[114.2236246093146,22.53115787447741],[114.230398,22.532945],[114.234304,22.536933],[114.23716350277805,22.541839390421778],[114.24203933355109,22.55019885739314],[114.24448074484475,22.550681890648836],[114.24594,22.55097],[114.24903,22.54784],[114.24903130083987,22.54784073495105],[114.249034,22.547838],[114.25272333333334,22.549926666666668],[114.25456934958007,22.550969632524478],[114.257659315571,22.54783869350455],[114.25576421032231,22.544221157745103],[114.253266,22.539455],[114.259207,22.540798],[114.26494328692766,22.53586027844802],[114.26563596248263,22.535263478669712],[114.265147,22.528469],[114.27003,22.52558],[114.27800712502268,22.52984846163495],[114.279796,22.526028],[114.279796,22.519721],[114.27768,22.511664],[114.27768103437582,22.51166393257975],[114.27768,22.51166],[114.28133564732748,22.51142572620598],[114.285167,22.511176],[114.289236,22.505194],[114.28923785001089,22.505193164234598],[114.28924,22.50519],[114.29851,22.501],[114.30734840925065,22.503448818517455],[114.326589,22.508775],[114.3327710687267,22.511947495737843],[114.33513,22.50642],[114.31792088612185,22.49356124753331],[114.316335,22.492377],[114.31294451866772,22.489466919773587],[114.30543,22.48302],[114.29363,22.47826],[114.28045,22.47289],[114.27676605231345,22.470419366141947],[114.268728,22.465033],[114.26579954572088,22.46064063421555],[114.26409,22.45808],[114.25375,22.45177],[114.245940365694,22.45177],[114.231212,22.469794],[114.217133,22.467353],[114.21322750705491,22.469690042324615],[114.21176,22.47057],[114.20932,22.46581],[114.20952657015724,22.464731526356992],[114.210948,22.457302],[114.2109497881333,22.45730110612607],[114.21095,22.4573],[114.2155873700335,22.454981314983247],[114.2161909062504,22.45223299999817],[114.217129162397,22.44794382904229],[114.209972,22.44949],[114.209321,22.454088],[114.20932022059769,22.4540884388472],[114.20932,22.45409],[114.20224,22.45808],[114.1906,22.45653],[114.18772339416628,22.453019065700385],[114.18669838575012,22.451769689082532],[114.16749,22.44807],[114.16749711437699,22.448066178878367],[114.167491,22.448065],[114.17168537608092,22.445816669546797],[114.17652,22.44322],[114.18751,22.43614],[114.19317000967085,22.432588009679],[114.200206,22.428168],[114.20920861646941,22.42227220548282],[114.21176,22.4206],[114.20997,22.41275],[114.20997246594374,22.41274804442577],[114.209972,22.412746],[114.21176135781056,22.411329394523182],[114.21485,22.40888],[114.20932,22.39867],[114.2093224348637,22.398670648520312],[114.209321,22.398668],[114.215587,22.400336],[114.21558898328813,22.400339729201143],[114.21559,22.40034],[114.21828202447819,22.40540348778289],[114.223399,22.415025],[114.234223,22.42475],[114.23821,22.43537],[114.24383,22.43553],[114.2461299156491,22.434086915671152],[114.251475,22.430732],[114.2514768125,22.430732],[114.25148,22.43073],[114.26718,22.43073],[114.26937890598616,22.425522590823682],[114.26830573760942,22.4208518416119],[114.26718,22.41596],[114.27255,22.40965],[114.27255199129348,22.40965518449302],[114.272553,22.409654],[114.276459,22.419827],[114.28892453293243,22.425977710576408],[114.28899,22.42601],[114.2889899931757,22.426010009798016],[114.288992,22.426011],[114.28377869328328,22.433492155453617],[114.27646149425333,22.443997854619536],[114.28248766253884,22.448478654288632],[114.28899,22.45331],[114.30161,22.45653],[114.30108382829776,22.46198421886472],[114.30079215232591,22.465031408624622],[114.30972261958847,22.470876097874452],[114.32374060636563,22.480047742454133],[114.32504,22.47521],[114.32504202973952,22.475209608295884],[114.325043,22.475206],[114.3307384382961,22.474107301266034],[114.32504,22.46426],[114.3277788166969,22.463612549899043],[114.33570032695486,22.461737869251746],[114.33806,22.44636],[114.33277,22.44001],[114.33741,22.43159],[114.33741049026384,22.43159055691049],[114.337413,22.431586],[114.34278108051392,22.437686682080987],[114.34484326440781,22.431354362722796],[114.347585,22.422919],[114.3478917415995,22.422969224794834],[114.35231,22.42369],[114.35187778433426,22.433794501374614],[114.351573,22.440985],[114.35987365614957,22.46116716396418],[114.36784888054154,22.45498086835186],[114.3676162157599,22.45082913696121],[114.36736,22.44628],[114.36736113969086,22.44627749268014],[114.367361,22.446275],[114.370209,22.440009],[114.385753,22.439236],[114.39312233371201,22.437607554678056],[114.39974914218952,22.43614018994375],[114.39739,22.428412],[114.3973902744924,22.428410899078898],[114.39739,22.42841],[114.39774476097567,22.426989141463185],[114.40129440088533,22.41275241365344],[114.395315,22.415329999999997],[114.389334,22.417914],[114.381765,22.419053],[114.37196968111661,22.40118730805596],[114.37021,22.39798],[114.37021168615645,22.39798089928344],[114.370209,22.397976],[114.37501082413418,22.40053890613409],[114.3755856393519,22.39977595904753],[114.384939,22.387356],[114.38848323941,22.3715556758817],[114.3897393605359,22.365952852276337],[114.38656988964047,22.365220667540644],[114.38620928233819,22.36740190195443],[114.385753,22.370185],[114.376394,22.370632],[114.37639480759493,22.370629768865626],[114.37639,22.37063],[114.37805225557875,22.366050753986297],[114.379487,22.362087],[114.37558,22.353461],[114.370209,22.348822],[114.36085,22.345771],[114.35759548866334,22.332426003744835],[114.35231,22.33946],[114.35231,22.35191],[114.352306,22.35190762475822],[114.352306,22.351915],[114.34197,22.345771],[114.339041,22.352688],[114.33904070636301,22.35268833172967],[114.33904,22.35269],[114.33742999152479,22.354508000000713],[114.332774,22.359768],[114.334321,22.375312],[114.320404,22.380764],[114.318614,22.38939],[114.3186104797874,22.389387686835132],[114.31861,22.38939],[114.31007,22.38378],[114.30006,22.38158],[114.28598,22.39098],[114.27801,22.39098],[114.2780077799043,22.390977],[114.278005,22.390977],[114.268728,22.378445],[114.273367,22.363634],[114.279796,22.355007],[114.27645962814378,22.34805030974661],[114.27159907485027,22.35209902493614],[114.267182,22.35578],[114.2667491435279,22.361189642371755],[114.26637,22.36595],[114.2663683056268,22.365949180415974],[114.266368,22.365953],[114.26260961208655,22.364131065495496],[114.25839,22.36209],[114.25554,22.3559],[114.26328058244127,22.34868752747188],[114.265798,22.34634],[114.26946602223441,22.33241997779734],[114.27255,22.32071],[114.2725518402751,22.320709401117366],[114.272553,22.320705],[114.27654609036506,22.319409548178612],[114.27719,22.3192],[114.27817418604457,22.319015465116642],[114.29127,22.316555],[114.2913343007606,22.315655026332315],[114.29208,22.30516],[114.29599,22.30516],[114.29928892267046,22.305808077330695],[114.30388197358698,22.306707603137255],[114.30610895081304,22.304003005472545],[114.311615,22.297309],[114.3093869804028,22.294851801956018],[114.30567,22.29076],[114.29960950649823,22.286859080092327],[114.297699,22.285631],[114.2940429620375,22.28681496202137],[114.29054,22.28795],[114.29053921074126,22.28794960791663],[114.290538,22.28795],[114.29023000000043,22.287796000000217],[114.28899,22.28718],[114.28972,22.28168],[114.28956,22.27391],[114.30006,22.27704],[114.30315,22.26919],[114.30315,22.262150797635716],[114.30223433656874,22.261600317131464],[114.29672,22.25829],[114.29602929596948,22.258852928252555],[114.288992,22.264594],[114.278331,22.270453],[114.27847425293315,22.271324349411177],[114.2798,22.27936],[114.27337,22.29576],[114.26482214962911,22.301948443718807],[114.26511541484658,22.304778056763],[114.26564,22.3098],[114.26637,22.31599],[114.26056620404547,22.319387605387966],[114.255544,22.322333],[114.25554288840041,22.322328309098925],[114.25554,22.32233],[114.25401613065627,22.31588545895766],[114.251475,22.305162],[114.25250758723496,22.298887714280152],[114.25301999998001,22.295760000122065],[114.238943,22.281684],[114.23266528409583,22.287583568198194],[114.22812,22.29186],[114.22075874359507,22.300278649592677],[114.211762,22.310574],[114.211765315274,22.31056392122393],[114.21176,22.31057],[114.21484868510638,22.301174],[114.212494,22.301174],[114.19553078409177,22.31821899999245],[114.19549,22.31826],[114.19548999067149,22.318259990088446],[114.195486,22.318264],[114.18771189472783,22.30999576314831],[114.18653,22.30874],[114.18919116000961,22.3050448514386],[114.191417,22.301947],[114.191417,22.29890118369987],[114.18369,22.30195],[114.18368887939798,22.30194586366017],[114.183686,22.301947],[114.18213699904722,22.296217599424253],[114.18165,22.29442],[114.17846213965828,22.292344472993893],[114.176524,22.291083],[114.17188701265594,22.28872351527987],[114.16725,22.29418],[114.16762243286433,22.298522490407898],[114.168224,22.305487],[114.165701,22.310574],[114.1653831446985,22.31238507234441],[114.16489,22.31521],[114.16488735101336,22.31521],[114.164887,22.315212],[114.15952,22.315212],[114.15952,22.32225],[114.15219,22.32852],[114.15057608356287,22.329382292496415],[114.138194,22.336005],[114.12436,22.342231],[114.12354627131919,22.337145695578243],[114.11897166381075,22.344133431015997],[114.113373,22.352688],[114.111013,22.365953],[114.10678395211295,22.368623761689058],[114.10483,22.36986],[114.1048285536616,22.36985865034725],[114.104828,22.369859],[114.10085979179631,22.366155194527522],[114.09750332939801,22.363023106832525],[114.079112,22.365953],[114.07911116176196,22.36594981490144],[114.07911,22.36595],[114.0788045981876,22.3647849486416],[114.078298,22.36286],[114.070404,22.36286],[114.0704,22.36286],[114.06861528769055,22.36068118718057],[114.067231,22.358995],[114.057953,22.361314],[114.050222,22.358995],[114.04302505785525,22.356217892571525],[114.03989,22.35501],[114.02052,22.35037],[114.01853552491288,22.351476864263397],[114.014985,22.353461],[114.014985,22.358995],[113.998627,22.358995],[113.991873,22.364081],[113.9888725659794,22.364957377313974],[113.98268,22.36677],[113.97674,22.37922],[113.97405800130431,22.37975920078216],[113.972911,22.379991],[113.970632,22.387071],[113.9706302518806,22.38706921784445],[113.97063,22.38707],[113.96982872984877,22.386252090053297],[113.964366,22.380683],[113.97461580300153,22.372059531061623],[113.95493,22.36986],[113.95492915808039,22.369859352305404],[113.954926,22.369859],[113.95257706867383,22.368049873623338],[113.94483,22.36209],[113.93067,22.36909],[113.92595,22.36909],[113.91440055397949,22.37612966233631],[113.918305,22.387844],[113.910574,22.398668],[113.896983,22.408759],[113.909434,22.418606],[113.930675,22.419827],[113.9364614386626,22.423722698133954],[113.94101,22.42678],[113.94874693653759,22.44019265868462],[113.954112,22.44949],[113.97755,22.458848],[113.98267401291571,22.466069316109902],[113.99863,22.48855],[114.00489,22.48855],[114.0120972763039,22.48630118232973],[114.012706,22.486111],[114.011729,22.480048],[114.0113163036148,22.474853392775355],[114.01116,22.47289],[114.01116033389916,22.47289020278692],[114.01116,22.472886],[114.014985,22.475206],[114.026785,22.478258],[114.029877,22.478258],[114.02987777552045,22.47826],[114.02988,22.47826],[114.03035823039275,22.479499051472104],[114.031423,22.482245],[114.03074522176571,22.486756852157416],[114.03061,22.48766],[114.03061,22.49551],[114.04225,22.501],[114.05296659148986,22.50364160567298],[114.057953,22.504869],[114.061778,22.508775],[114.06340868644506,22.511670000007786],[114.06576742283087,22.515855426978092],[114.06879798706643,22.51676487064987],[114.0735,22.51817],[114.0783,22.51972],[114.08072364621052,22.520834877256835],[114.085297,22.522935],[114.08529563612282,22.522937992616498],[114.0853,22.52294],[114.08237,22.52936],[114.08236905857368,22.529359483081866],[114.082367,22.529364],[114.079112,22.527574],[114.07911239972424,22.527571317639993],[114.07911,22.52757],[114.07968,22.52375],[114.06723,22.52192],[114.06373558674444,22.519960107241193],[114.058442,22.516995],[114.05844051167867,22.51699028698246],[114.05844,22.51699],[114.05807771428947,22.51584142858332],[114.055268,22.506944],[114.042003,22.506781],[114.0407653381023,22.508219805720692],[114.03875,22.51057],[114.0381,22.51138],[114.03582,22.51382],[114.03549,22.51415],[114.03541,22.51423],[114.01857,22.52257],[113.99928,22.53063],[113.98748,22.53185],[113.98439,22.53372],[113.97063,22.53372],[113.96636059409457,22.536464171584903],[113.963796,22.538113],[113.960297,22.528469],[113.951939,22.523841],[113.95025694351298,22.516842028290828],[113.9489,22.5112],[113.9488839497133,22.50902317986683],[113.948816,22.500348],[113.94775840451649,22.49040980123157],[113.9358,22.48892],[113.92506,22.48705],[113.92111036030983,22.487704904431737],[113.915294,22.488674],[113.91481653810284,22.488404152410688],[113.91342,22.48762],[113.91033,22.48583],[113.91013831257033,22.483417687423405],[113.90967915171326,22.477648906087335],[113.89034376977149,22.452714861328904],[113.881479,22.473333],[113.874363,22.478184],[113.867873,22.494829],[113.86721713270914,22.50119068366413],[113.86616,22.51149],[113.87438188701853,22.512883895441],[113.881847,22.514146],[113.88592008904892,22.51651295036977],[113.89389,22.52114],[113.89388738811134,22.521142901062046],[113.893891,22.521145],[113.879893,22.536689],[113.86821777399133,22.54485377390642],[113.84376,22.56196],[113.83383,22.57193],[113.82236,22.58723],[113.81284,22.6044],[113.79916,22.631],[113.79357,22.66161],[113.79356859561987,22.66161073757173],[113.793568,22.661614],[113.772934,22.672448],[113.7665845535012,22.720297889197763],[113.76466,22.73481],[113.75807,22.7534],[113.75806801816287,22.75340112792194],[113.758067,22.753404],[113.75463696093915,22.75535384373763],[113.7444,22.76118],[113.72211058856735,22.762666882860074],[113.712169,22.763332],[113.70752669056196,22.76252814335006],[113.69972,22.76118],[113.69792173791862,22.759742165447864],[113.695079,22.757473],[113.69156100000694,22.752196000010407],[113.6911723660885,22.751613546107045],[113.684581,22.746894],[113.672374,22.746894],[113.65358011518393,22.758730778351097],[113.65596064480012,22.7748171184067],[113.656261,22.776842],[113.65711164940109,22.77968866665814],[113.66261,22.79808],[113.6609145966759,22.802974233879677],[113.655284,22.819241],[113.64684901240024,22.82998932919423],[113.64357,22.83417],[113.63714604257596,22.84522926064266],[113.632579,22.853095],[113.62910202869047,22.861502258303958],[113.6172,22.89029],[113.61719808334986,22.890285798461438],[113.617198,22.890286],[113.61085,22.87637],[113.610118,22.862047],[113.61095486252412,22.857911985749993],[113.61288,22.84837],[113.61608587215792,22.839375747556947],[113.6171964532474,22.8362533486951],[113.60556017755056,22.847239832364203],[113.60544327032312,22.84792672966823],[113.60231,22.86636],[113.60440093362995,22.882869013287227],[113.604991,22.887519],[113.610362,22.904527],[113.61035784931288,22.904523187488273],[113.61036,22.90453],[113.6065230566598,22.901000832863552],[113.602875,22.89765],[113.597992,22.889635],[113.59799142788519,22.889632341848518],[113.59799,22.88963],[113.59714781297713,22.885712750616694],[113.59603918394903,22.880561854661288],[113.5923,22.88906],[113.61134,22.93378],[113.6172,22.95604],[113.61841849961458,22.970637000511008],[113.619151,22.979397],[113.6227657828456,22.993148302911997],[113.62436,22.99921],[113.62706856806876,23.00619978990416],[113.638194,23.034898],[113.63818922499298,23.034898],[113.63819,23.0349],[113.63071,23.0349],[113.63070896373057,23.034898],[113.630707,23.034898],[113.61671,23.00788],[113.61207,22.9947],[113.60914,22.96288],[113.60637742833953,22.950701285862944],[113.601817,22.930609],[113.5973964601098,22.91990899999274],[113.59669,22.9182],[113.59651309987899,22.919378299636367],[113.594981,22.929592],[113.595063,22.94477],[113.597992,22.960517],[113.60176465259447,22.96851410876798],[113.6041,22.97346],[113.60285447457552,22.985559389837764],[113.602631,22.987738],[113.605072,23.00141],[113.61247582390962,23.0218569120143],[113.6172,23.0349],[113.6171973592315,23.034896230409387],[113.617198,23.034898],[113.61000400008024,23.024628000114543],[113.59921,23.00922],[113.58668,22.95356],[113.57618526212957,22.938717442154694],[113.582042,22.957465],[113.583832,22.978461],[113.58343064729199,22.999546809039366],[113.58302,23.02123],[113.57811706648647,23.014882265865992],[113.56422,22.996894],[113.55486082813205,22.988425656271616],[113.55397,22.98762],[113.5420009071612,22.986520083364855],[113.53734363119115,22.99115627660255],[113.53273,22.99575],[113.52882,23.01081],[113.52857717658839,23.024299088293766],[113.528331,23.038031],[113.53151902158373,23.047965028780098],[113.53638956334025,23.063138639636936],[113.53895297428369,23.065827154356374],[113.55641,23.08413],[113.5680219874922,23.090602181282115],[113.582123,23.098456],[113.637218,23.109117],[113.65302995381414,23.115883323313223],[113.69199,23.13255],[113.7089303249696,23.13577729987027],[113.720225,23.137926],[113.731456,23.133857],[113.73762509339134,23.130084664814387],[113.74423,23.12604],[113.75289278681765,23.12324212015355],[113.758067,23.121568],[113.78443092242017,23.131739812598337],[113.80087,23.1284],[113.82391005471551,23.119805318398388],[113.830089,23.117499],[113.83008514812909,23.117501809903935],[113.83009,23.1175],[113.81489579547028,23.12858230110802],[113.813243,23.129788],[113.81324256402235,23.129788129861442],[113.81324,23.12979],[113.81092040215552,23.130479815045256],[113.797944,23.134345],[113.77721313621501,23.1363587043133],[113.76108,23.13793],[113.75107155908462,23.141166338628274],[113.745372,23.143012],[113.719819,23.155341],[113.703136,23.157782],[113.6856016026148,23.153386397369623],[113.67392,23.15046],[113.63474515362873,23.123647030740408],[113.6264790899627,23.117989799139615],[113.61234100243881,23.114869287801156],[113.593272,23.110663],[113.59064464224383,23.108530699146062],[113.58766,23.10611],[113.55087,23.08788],[113.54466900000061,23.086852325817464],[113.542003,23.086412],[113.54200226921,23.086410376069754],[113.542,23.08641],[113.54009700170978,23.082176572162968],[113.536876,23.075019],[113.53264132090081,23.072097012447575],[113.52467,23.0666],[113.51527030232657,23.063914372093304],[113.509125,23.062161],[113.494233,23.062812],[113.44516,23.089342],[113.417491,23.096991],[113.41561000000245,23.095623000001783],[113.39869,23.08332],[113.40394393979847,23.07877287968875],[113.419281,23.065497],[113.43592134532408,23.06385398201771],[113.45143,23.06232],[113.48121,23.0515],[113.50231,23.02042],[113.50384,22.98983],[113.49123,22.95395],[113.48097,22.9357],[113.48097011855518,22.93569976836143],[113.480968,22.935696],[113.48315501960431,22.93143080785003],[113.48422,22.92935],[113.48404274671648,22.92559075327889],[113.483979,22.924262],[113.47991955228066,22.92186172386168],[113.47372,22.9182],[113.47303558824055,22.918294764705156],[113.467865,22.919013],[113.446381,22.928453],[113.429942,22.931342],[113.336518,22.897773],[113.3076291972926,22.89411015180626],[113.30038960859873,22.895479286910543],[113.212983,22.912014],[113.212983,22.91200943264659],[113.21298,22.91201],[113.21298,22.90453],[113.212983,22.904529329830975],[113.212983,22.904527],[113.22004371971109,22.902952037944853],[113.23487,22.89964],[113.25807,22.89777],[113.26008449999377,22.89668024488392],[113.263927,22.894599],[113.283051,22.880439],[113.28435419962541,22.87998920056426],[113.29225,22.87726],[113.30650857606112,22.87988879352159],[113.312592,22.881008],[113.332042,22.887519],[113.350434,22.889716],[113.35664178443996,22.88651116963787],[113.36793,22.88068],[113.42587,22.81582],[113.44003,22.80414],[113.49130014281278,22.776433312122027],[113.49422959925631,22.774849838221176],[113.46339,22.7624],[113.45191,22.75511],[113.44573,22.74728],[113.43954833754876,22.739451226842263],[113.42604,22.74942],[113.39102104960386,22.762399606846472],[113.377533,22.767401],[113.37753590511481,22.767397811297375],[113.37753,22.7674],[113.38658899380523,22.75746098965369],[113.39503,22.748196],[113.41727937189046,22.73966708676603],[113.45362,22.72573],[113.4630637030773,22.71886658429894],[113.466319,22.716498],[113.476329,22.699856],[113.516277,22.671418],[113.534659999982,22.654945000016134],[113.55304,22.63847],[113.56384,22.61444],[113.59917,22.57518],[113.594738,22.52339],[113.562511,22.480414],[113.56139795402356,22.47746335342133],[113.54635,22.43759],[113.55157,22.39584],[113.5515708776279,22.395837979445993],[113.551571,22.395837],[113.558116,22.380764],[113.55811874034728,22.38076290008596],[113.55812,22.38076],[113.58163,22.37132],[113.61035924243434,22.370180030060038],[113.599457,22.350531],[113.59741407714374,22.342169615237328],[113.59726,22.34154],[113.59697500000051,22.333645000014023],[113.59669,22.325751],[113.592296,22.316148],[113.58997504212662,22.31448895789866],[113.58302,22.30952],[113.57358,22.30073],[113.57358007522237,22.300728932111163],[113.573578,22.300727],[113.57414909595559,22.292650869916248],[113.5747,22.28483],[113.57682403556036,22.269437088907093],[113.57721,22.266637],[113.583748,22.263459],[113.589987,22.253415],[113.58923256753614,22.248389871586156],[113.58765018744145,22.237881244803543],[113.561196,22.23373],[113.55285933741975,22.219010127133746],[113.53858,22.22175],[113.52296,22.21304],[113.52296047180405,22.213039262942058],[113.52296,22.213039],[113.52947,22.202867],[113.529877,22.202257],[113.528087,22.199937],[113.52714550656238,22.19870500327778],[113.52149,22.19131],[113.50321544890598,22.176492999999194],[113.49723,22.171641],[113.483745,22.155142],[113.459214,22.158004],[113.425629,22.186225],[113.42488107402771,22.18878725913717],[113.41904,22.20881],[113.41188,22.22553],[113.37437605110281,22.25897240661636],[113.364513,22.267768],[113.36380180946885,22.270098297636643],[113.36232,22.27497],[113.3602,22.29316],[113.35703,22.30191],[113.35157,22.30834],[113.34185855557708,22.315433734020964],[113.303233,22.343655],[113.28787168804448,22.359900638460196],[113.27638,22.37206],[113.25563,22.40388],[113.24269,22.45746],[113.23998230444914,22.46290309775385],[113.231944,22.479071],[113.177582,22.564114],[113.165294,22.575588],[113.16529384222459,22.575586411005837],[113.16529,22.57559],[113.16073666667194,22.529690000053073],[113.158458,22.506741],[113.160167,22.487616],[113.165619,22.478746],[113.18215884887806,22.467425093310617],[113.18922,22.46259],[113.20023055550074,22.451804916625555],[113.227306,22.425279],[113.302989,22.30976],[113.318158,22.289166],[113.328506,22.268476],[113.34910274560723,22.2483556384105],[113.35401,22.24356],[113.36451,22.23013],[113.40196756129968,22.179573291529316],[113.362559,22.171454],[113.3567,22.171495],[113.35084,22.17154],[113.33106419045777,22.180980047721622],[113.32545,22.183661],[113.32246434995851,22.184168399846424],[113.313,22.18578],[113.30867839142158,22.184731188561376],[113.302745,22.183295],[113.30274157309024,22.183290381773364],[113.30274,22.18329],[113.29794,22.17683],[113.29581755767474,22.170978589774027],[113.294688,22.167873],[113.285655,22.153266],[113.282237,22.145413],[113.278168,22.14053],[113.273529,22.138373],[113.263438,22.13703],[113.250987,22.115668],[113.24895095238072,22.110011642856495],[113.24659,22.10346],[113.25396133001202,22.08694599666489],[113.25586986742495,22.08266829714705],[113.25497,22.07111],[113.25123,22.06074],[113.24716,22.05427],[113.23056,22.04316],[113.22625177479715,22.043723423612295],[113.214122,22.045315],[113.20418899999892,22.045867117344372],[113.19469,22.0464],[113.18354286015652,22.042663870711802],[113.178314,22.040914],[113.15746840056183,22.02470108930347],[113.14845329348465,22.03084086234089],[113.13963,22.036852],[113.13455554883616,22.04393273178813],[113.11886,22.06584],[113.11061,22.09919],[113.11533,22.11347],[113.12170181864762,22.12568669690653],[113.124522,22.13109],[113.118244,22.143746],[113.127452,22.160956],[113.12744957610973,22.160959207909716],[113.12745,22.16096],[113.12504851624267,22.164136902609087],[113.119151,22.171942],[113.113292,22.187405],[113.110362,22.204169],[113.1104446875347,22.209298677100925],[113.11061,22.21931],[113.08505,22.20759],[113.07729,22.14727],[113.05789297644,22.121094016659747],[113.026614,22.143212],[113.02661265535944,22.143208122233034],[113.02661,22.14321],[113.02233082415026,22.1308598827653],[113.020638,22.125978],[113.02210981105546,22.101149187412236],[113.01954428571396,22.090115714284313],[113.01762,22.081843],[113.016105,22.057712],[113.01730531218162,22.04528748618555],[113.0183,22.03495],[113.01829499836808,22.028052749579768],[113.018286,22.021158],[113.022729,22.002534],[113.02221049344882,21.996401873379945],[113.02121,21.9846],[113.01985861924297,21.98002702404539],[113.018969,21.97702],[113.01931360192232,21.97627243365549],[113.02119,21.97219],[113.0258641020345,21.965244900880087],[113.028618,21.961148],[113.02700625153624,21.954845622668202],[113.02562,21.94943],[113.02158653752814,21.946316924937822],[113.016676,21.942533],[113.00608505378887,21.939867322728517],[113.00148,21.93871],[112.99750813100351,21.93853960917027],[112.994721,21.938422],[112.98935,21.937323],[112.987071,21.928534],[112.98707095400057,21.928533677923266],[112.98707,21.92853],[112.98593,21.92056],[112.98362987608904,21.914350592909752],[112.980968,21.907172],[112.98044031867668,21.904891227112664],[112.97958,21.90119],[112.97267,21.89208],[112.9679743250106,21.887131318789237],[112.957081,21.875653],[112.93656724648028,21.868147985903565],[112.92878,21.8653],[112.92458282788617,21.86310008605319],[112.91158721423228,21.85629163614077],[112.87941,21.87519],[112.87555906489513,21.88378625104637],[112.871104,21.893744],[112.85978718510573,21.929937274059395],[112.85898,21.93252],[112.858830389744,21.932838805120426],[112.851573,21.94831],[112.840831,21.960924],[112.82602,21.966132],[112.814789,21.961575],[112.809884555556,21.955514408977315],[112.80771,21.95283],[112.80038168683596,21.947171302522715],[112.788585,21.951809],[112.78858384444739,21.951808488285092],[112.78858,21.95181],[112.74671829611358,21.933269111525775],[112.743744,21.931952],[112.7437438389082,21.931951700283605],[112.74374,21.93195],[112.74024,21.92544],[112.73764,21.89688],[112.73048,21.89033],[112.70965955761767,21.891575302985586],[112.706065,21.891791],[112.70401568361403,21.891256316383714],[112.70045,21.89033],[112.6963,21.88581],[112.6909290149003,21.87514902957592],[112.69088837995258,21.875108999990534],[112.685557,21.869859],[112.64617683371824,21.8498909334873],[112.64511,21.84935],[112.64755,21.82266],[112.64126744604673,21.811006035967882],[112.633067,21.795803],[112.608002,21.775092],[112.579112,21.766832],[112.550873,21.772854],[112.4917089900379,21.80339765506031],[112.44321,21.82844],[112.42604,21.84516],[112.41505,21.86848],[112.41451290340036,21.872973204545794],[112.411143,21.90119],[112.4241638450166,21.917791802393467],[112.45281,21.93122],[112.481456,21.944648],[112.48145609677441,21.944648170320427],[112.48146,21.94465],[112.48885039387457,21.957661939379154],[112.493663,21.966132],[112.486176,21.966132],[112.47461999999261,21.959349999995666],[112.46884,21.95596],[112.45939565556077,21.95295986109058],[112.43629,21.945624],[112.4173445668916,21.94395949204893],[112.4048,21.94286],[112.39064,21.95551],[112.38844,21.96312],[112.38539322847116,21.967338842751428],[112.37851,21.976874],[112.376313,21.986558],[112.37682164356302,21.991113627710888],[112.37721,21.99457],[112.37939447136598,22.000517430989696],[112.381684,22.006741],[112.392833,22.056301],[112.397472,22.068508],[112.39746855506151,22.068506197694205],[112.39747,22.06851],[112.37818,22.05842],[112.36898533014117,22.04192611321425],[112.364838,22.034491],[112.36248434414563,22.025128437239037],[112.35751,22.00536],[112.3569549798188,21.990689157272147],[112.356537,21.979722],[112.370128,21.938788],[112.387706,21.908759],[112.390636,21.90119],[112.387787,21.876166],[112.388438,21.86225],[112.39065694152957,21.859886843075433],[112.39405,21.85627],[112.39796,21.85057],[112.40113,21.83747],[112.4029471428599,21.822635714263125],[112.404307,21.81151],[112.4023888231905,21.80269878454194],[112.40211,21.80142],[112.39283,21.78514],[112.38795,21.75609],[112.38144,21.748521],[112.372569,21.742621],[112.363292,21.733344],[112.3505004535365,21.729536371648486],[112.33212,21.72407],[112.28622,21.70881],[112.24488308526827,21.706530170159937],[112.23418902619083,21.72021042108139],[112.22682,21.72964],[112.22519637626667,21.73058100000262],[112.216645,21.735541],[112.20903056734006,21.738157306124812],[112.19687,21.74234],[112.18238401683419,21.7529970448963],[112.18647985519242,21.763920523376186],[112.18898,21.77058],[112.19899,21.78681],[112.20314,21.80671],[112.20094,21.82673],[112.19264,21.84317],[112.18222,21.82315],[112.1727,21.81444],[112.08554,21.79609],[112.04721,21.79499],[112.02817,21.79735],[112.01303072413576,21.804389663281654],[112.007091,21.818671],[112.01079741442007,21.828761],[112.01295,21.83462],[112.0285302808903,21.85240871070923],[112.037364,21.862494],[112.04088306156493,21.882033530778305],[112.04127,21.88418],[112.0412696398008,21.88418],[112.04127,21.884182],[112.034434,21.884182],[112.03443271784352,21.88418],[112.03443,21.88418],[112.02063215973736,21.862652895825818],[112.018809,21.85980900000001],[111.99317326547776,21.834173265477755],[111.96924911945939,21.82404205058775],[111.95167,21.86498],[111.94251451572174,21.878244515618164],[111.934093,21.890448],[111.92937697551781,21.89535400701411],[111.91188,21.91356],[111.89039,21.92512],[111.8899364090125,21.917042352277523],[111.888927,21.899115],[111.890636,21.867377],[111.8935194099428,21.85032849424501],[111.89576,21.83706],[111.90406,21.81525],[111.92066,21.80003],[111.94638,21.78587],[111.97188746193362,21.77727576987409],[111.975108,21.77619],[112.00024953116468,21.77431940689509],[111.99195,21.76382],[111.95478766340186,21.742326445456353],[111.914561,21.719062],[111.91125681294315,21.717868748240022],[111.90577,21.71589],[111.90406,21.70881],[111.90414,21.70173],[111.9026266078875,21.700351035267115],[111.900645,21.698554],[111.89747621859041,21.696810586057733],[111.89576,21.69587],[111.88429,21.68285],[111.87672,21.67813],[111.87220302611607,21.67739515669465],[111.867931,21.676703],[111.85352081611649,21.677409298896848],[111.83888,21.67813],[111.83814797409065,21.680804135464818],[111.836925,21.685289],[111.83977118078451,21.69257693973737],[111.8423,21.69904],[111.85377,21.70742],[111.86988,21.69855],[111.87672,21.69855],[111.87671950493274,21.698554],[111.87672,21.698554],[111.87655384775948,21.69989246194341],[111.87534,21.7097],[111.86948,21.71674],[111.86947758679733,21.71674129502195],[111.869477,21.716742],[111.860606,21.721503],[111.85826171428027,21.722403347667782],[111.84938,21.72582],[111.83619,21.71699],[111.82936,21.72871],[111.82895,21.74921],[111.83181209324052,21.757477226704577],[111.835053,21.766832],[111.83504915965774,21.766827572650744],[111.83505,21.76683],[111.8327419627529,21.764167714279587],[111.822276,21.752102],[111.806895,21.743313],[111.79395853406257,21.74453376087098],[111.79094500000001,21.752265],[111.787934,21.759996],[111.78793185367478,21.759995244386605],[111.78793,21.76],[111.76979,21.75361],[111.76384500000398,21.753465000000094],[111.757904,21.753323],[111.725841,21.766832],[111.72316687656789,21.764416123452463],[111.72120132045022,21.762641192389317],[111.71352132936119,21.764815497012183],[111.70094,21.76838],[111.69272247700081,21.77296844637952],[111.678071,21.781155],[111.67808075840269,21.781143992793957],[111.67807,21.78115],[111.68934426089412,21.768439076146233],[111.695567,21.76142],[111.76059,21.725816],[111.76623068571979,21.716157714276267],[111.77247,21.70547],[111.77963,21.67544],[111.773690629783,21.650132683469334],[111.75702111846604,21.64628189809937],[111.74692,21.64395],[111.74692301427716,21.643949158336607],[111.746918,21.643948],[111.75323143842571,21.642187684728487],[111.76035,21.6402],[111.77163189802492,21.63554575163988],[111.77247045926306,21.635199635938342],[111.78207,21.62759],[111.78792809175744,21.616033764382937],[111.76545952267698,21.615137731737363],[111.74814,21.61445],[111.73005479576125,21.61619634681982],[111.728363,21.61636],[111.712901,21.62344],[111.71290065597182,21.623439699593757],[111.7129,21.62344],[111.69044,21.60383],[111.66578,21.55866],[111.66041360682135,21.55204890173685],[111.651378,21.54092],[111.6479723790102,21.538493124189667],[111.64047,21.53315],[111.63549549999712,21.531510054944107],[111.630463,21.529853],[111.62496157836637,21.531478024282585],[111.61972,21.53303],[111.60646,21.54462],[111.60471465630225,21.547619218773033],[111.600922,21.554145],[111.59848555536227,21.560439610725425],[111.59653,21.5655],[111.59108,21.57575],[111.5878744313741,21.57787543137152],[111.581879,21.581855],[111.58134999999994,21.575099999999324],[111.58082,21.56835],[111.58204,21.55549],[111.58277338101244,21.553536539666858],[111.586436,21.543769],[111.59107786222926,21.53883686223914],[111.59554708069182,21.534083105169735],[111.58768291356957,21.53228761106018],[111.57773,21.53002],[111.55665,21.52237],[111.54547133559898,21.521228349167554],[111.537852,21.520453],[111.527192,21.534084],[111.521007,21.534084],[111.51710559230361,21.52563228152963],[111.51661119073177,21.524562576310537],[111.51221236775217,21.52225958841161],[111.50449,21.51822],[111.48935,21.51472],[111.47608,21.51362],[111.46811,21.51826],[111.46799591480512,21.51956266666396],[111.467133,21.529446],[111.47006654911465,21.542775784249546],[111.47267,21.55459],[111.47266640375267,21.554589290705547],[111.472667,21.554592],[111.455333,21.551174],[111.44719144006808,21.56019996052999],[111.44410073726299,21.563629181986048],[111.432221,21.602973],[111.424327,21.590277],[111.41212,21.576321],[111.4120749218454,21.575949255177466],[111.41114,21.56826],[111.41554,21.55768],[111.43092,21.54401],[111.43799693173702,21.534084303368854],[111.40144940956849,21.5394450239291],[111.38779,21.54145],[111.3628,21.54121],[111.3497,21.52668],[111.34970310710483,21.526681335938708],[111.349701,21.526679],[111.363048,21.532416],[111.37354629856945,21.53263883571105],[111.3764796549669,21.532699992806457],[111.404307,21.526679],[111.393565,21.51968],[111.37031310149237,21.509929789055953],[111.3628,21.50678],[111.35882184096386,21.503335190361447],[111.356456,21.501288],[111.34433,21.487494],[111.30802203863442,21.46167380679137],[111.29249,21.45063],[111.26734,21.43936],[111.25294120117665,21.444729552061204],[111.2568111085661,21.446508162842285],[111.26905,21.45213],[111.26953828570478,21.452703507430652],[111.280284,21.465318],[111.30128,21.499335],[111.30127742781012,21.499335833052374],[111.30128,21.49934],[111.28526096640363,21.504523067201806],[111.279796,21.506293],[111.27265849997609,21.50953721080938],[111.25563,21.51728],[111.24425320383781,21.520813407681768],[111.232188,21.524563],[111.21265821750796,21.52045325620592],[111.20631,21.53205],[111.20630903234388,21.532049940911804],[111.206309,21.53205],[111.20614696438389,21.53204004452057],[111.19239,21.5312],[111.1695252777262,21.5240589260766],[111.15797,21.520453],[111.15797,21.52045],[111.15797,21.51362],[111.15797,21.513617],[111.17163756287425,21.513617],[111.16757,21.50861],[111.16497,21.50601],[111.16497,21.506009999999996],[111.164968,21.506008],[111.171641,21.499335],[111.180898344778,21.504083700995597],[111.18417,21.50576],[111.19485558334016,21.507247958362726],[111.198822,21.507799],[111.20128833333246,21.50744666666679],[111.21363,21.50568],[111.21967769617486,21.502660913878064],[111.22632335506533,21.499337822689668],[111.19977087855096,21.490637514217415],[111.184581,21.485663],[111.17653426376461,21.482410153599034],[111.16163,21.47639],[111.14365,21.46581],[111.13404,21.47163],[111.12766000000049,21.472413983050785],[111.119884,21.473375],[111.08839,21.472642],[111.08839,21.480129],[111.129975,21.493109],[111.129975,21.499335],[111.12672,21.50259],[111.12379,21.506781],[111.11671,21.500963],[111.107677,21.495795],[111.097911,21.492662],[111.09151443709447,21.492962311271796],[111.08839,21.49311],[111.07936,21.49787],[111.07848321167829,21.50275078832419],[111.078461,21.502875],[111.07871514868825,21.504365532362634],[111.07936,21.50812],[111.07545,21.51362],[111.04949920844317,21.52491890631899],[111.034434,21.53148],[111.02896600001165,21.5390319999839],[111.0276,21.54092],[111.0275996875682,21.54091905038129],[111.027599,21.54092],[111.023285,21.527818],[111.02095005479045,21.526477972600404],[111.01173,21.52119],[110.98593,21.51362],[110.98593396121016,21.51361757543124],[110.985932,21.513617],[110.995697,21.507636],[111.002208,21.489936],[111.01056321296858,21.486889509257207],[111.01392612302324,21.485661415824282],[111.00761999999038,21.474269999982635],[111.00131,21.46288],[110.99401097104648,21.456379173761803],[110.992442,21.454983],[110.979747,21.452135],[110.979747,21.444729],[110.995372,21.445299],[111.008149,21.449897],[111.016938,21.458075],[111.01693921564475,21.45807927007668],[111.01694,21.45808],[111.01821116408482,21.462547119212886],[111.02011149872453,21.469222239218603],[111.02686684695652,21.47931528909185],[111.03265768780369,21.481291878029346],[111.04225,21.48456],[111.0586,21.4831],[111.0686087435644,21.47264131291873],[111.06084795252832,21.471626881354098],[111.04371,21.46939],[111.02491,21.45653],[110.99941736572308,21.431292451494446],[110.992931,21.424872],[110.97974882267448,21.42876288656764],[110.96591,21.43285],[110.95324702804754,21.42732722443949],[110.941173,21.422065],[110.917247,21.405911],[110.90609849729239,21.40200487702926],[110.89332,21.39753],[110.89200470507139,21.396796884793886],[110.889659,21.395494],[110.88312233332978,21.390548433034233],[110.87729,21.38614],[110.86988235789144,21.383250919609484],[110.86970551955294,21.38378071135981],[110.8694,21.38471],[110.85231,21.38915],[110.82984378737109,21.39223947917327],[110.82155916707993,21.39551316706638],[110.80616,21.4016],[110.79975863596756,21.402481109645947],[110.790538,21.403754],[110.77354466666716,21.399026542746636],[110.76816,21.39753],[110.7650946666596,21.39563017817795],[110.743988,21.382554],[110.72539844747658,21.366399330745296],[110.70484,21.34854],[110.69003,21.331],[110.67628,21.30964],[110.67383619077316,21.30448847589671],[110.664887,21.285631],[110.66083367558194,21.272542907280364],[110.65707092984543,21.260403],[110.65089021642066,21.260403],[110.6548,21.3146],[110.65946207301062,21.327705926985114],[110.662852,21.337226],[110.677582,21.348538],[110.67757731890681,21.348537941400956],[110.67758,21.34854],[110.67382015595508,21.348490908334284],[110.664561,21.348375],[110.655528,21.34276],[110.648936,21.333319],[110.643321,21.321845],[110.64294631674701,21.32579950679702],[110.64186,21.33731],[110.63831209298179,21.342599923557422],[110.635753,21.346422],[110.6330352710891,21.352649954808353],[110.63185,21.35537],[110.63648947908155,21.370268327223073],[110.64118177755944,21.372706332684483],[110.64479,21.37458],[110.67164,21.38129],[110.67672953396077,21.385673131174883],[110.692393,21.399156],[110.70921965585939,21.401238251018317],[110.72462,21.40314],[110.74307600000984,21.40929600000328],[110.755382,21.413398],[110.76220362013373,21.432852594976325],[110.76637,21.44473],[110.76002,21.44473],[110.75367994228738,21.43972152885068],[110.727306,21.418891],[110.66071602003133,21.391415989947507],[110.63559,21.38105],[110.63181400000536,21.37392000001013],[110.61671,21.345404],[110.61668089566085,21.34408763189083],[110.61573,21.30121],[110.61972,21.29076],[110.61972061068043,21.290759020841215],[110.619721,21.290758],[110.64331951431966,21.252918382250666],[110.64123164265858,21.245963904902315],[110.636485,21.23017],[110.616954,21.229682],[110.58140703334456,21.24419862916807],[110.57521,21.24673],[110.57521022243974,21.246729275644935],[110.575206,21.246731],[110.577159,21.240383],[110.5771591917163,21.240382632103355],[110.57716,21.24038],[110.57769509283743,21.23935425725184],[110.58017,21.234605],[110.584076,21.229682],[110.588715,21.225572],[110.481456,21.21719],[110.463227,21.212144],[110.45183115805996,21.205911841959832],[110.4476,21.2036],[110.43805344427119,21.196556221350946],[110.431163,21.191474],[110.42433073778389,21.191474],[110.4258170578113,21.199532294775494],[110.427013,21.206],[110.43034844616153,21.213926369249027],[110.43556,21.2263],[110.43735,21.23924],[110.43601231851535,21.243362522222487],[110.433442,21.251288],[110.427013,21.261542],[110.42579219257702,21.26923078712756],[110.43735,21.27338],[110.4368506902907,21.275254827424575],[110.435802,21.279202],[110.43375028433952,21.281999238551258],[110.43312,21.28286],[110.43311796215511,21.282861324865213],[110.433116,21.282864],[110.4319888971958,21.28359536448629],[110.42929,21.28535],[110.42433537038983,21.287667488043468],[110.42695949858843,21.288447492938108],[110.42733980962532,21.288559943709814],[110.429942,21.288479],[110.431488,21.289496],[110.43148781074366,21.289498559328088],[110.43149,21.2895],[110.43134891101693,21.29137691101732],[110.43116307394767,21.29389],[110.43735,21.29389],[110.4463,21.28998],[110.45227345363004,21.28869047419216],[110.456635,21.287746],[110.46060010236141,21.28598004724445],[110.46632,21.28343],[110.46916138807394,21.278932999977442],[110.472667,21.273383],[110.4726681044776,21.273383],[110.47267,21.27338],[110.47885,21.27338],[110.47885053132529,21.273383],[110.478852,21.273383],[110.47926760042029,21.27573787992405],[110.48032,21.28168],[110.48218944642036,21.28656855240406],[110.48279380489858,21.287635024543995],[110.48634,21.29389],[110.48634,21.30134],[110.47885,21.30134],[110.47534061848829,21.29772576877705],[110.47315718087529,21.29548024289069],[110.46608,21.29609],[110.4608166631425,21.29795895036644],[110.457042,21.299302],[110.45070849371666,21.30035784380164],[110.444835,21.301339164619165],[110.444835,21.307562543965307],[110.48634,21.32868],[110.48634,21.33552],[110.47973155796275,21.33619676816044],[110.478038,21.336371],[110.47628433359714,21.335892667979856],[110.47267,21.33491],[110.46876,21.33202],[110.465343,21.328682929824566],[110.465343,21.348538],[110.46534,21.348534491561324],[110.46534,21.34854],[110.45118,21.33198],[110.44677121007473,21.323599969958682],[110.441905,21.314358],[110.43393,21.308783],[110.43042472242668,21.316046148303037],[110.42433,21.32868],[110.42392,21.34162],[110.43735,21.39753],[110.43116,21.39753],[110.42362919880071,21.384514599818946],[110.41952825831702,21.37743090087051],[110.40268905555337,21.386140833334462],[110.400971,21.38703],[110.37655137276938,21.415923084878244],[110.36899,21.42487],[110.37255254034837,21.42951455156987],[110.378673,21.437486],[110.38125517465367,21.439786650696796],[110.38315,21.44147],[110.3895,21.44473],[110.3895,21.45213],[110.389496,21.452127885843275],[110.389496,21.452135],[110.36964910123392,21.441638022225863],[110.35849,21.43574],[110.3584913621425,21.435736720433944],[110.35849,21.435736],[110.36495601400945,21.42017208400374],[110.37208,21.40302],[110.38728451239858,21.37641551238598],[110.394379,21.364],[110.38949625787501,21.328682865223765],[110.38707914385628,21.33053357105282],[110.385834,21.331488],[110.38583082948587,21.331489364889567],[110.38583,21.33149],[110.37648,21.33552],[110.37648288961961,21.33551360356049],[110.376475,21.335517],[110.38103816955267,21.325430071281485],[110.38265746454418,21.321845612465303],[110.368175,21.325344],[110.344981,21.338853],[110.328136,21.342271],[110.328136,21.335517],[110.33494710122687,21.33269654172339],[110.3414,21.33002],[110.3540205734909,21.321061867443717],[110.3567,21.319159],[110.3598165922872,21.31492013590929],[110.3663,21.3061],[110.3628,21.29389],[110.3628,21.28767],[110.362804,21.287667423111916],[110.362804,21.287665],[110.37379,21.280585],[110.38139349758815,21.274044260883915],[110.38486,21.27106],[110.3934,21.2604],[110.39698,21.24982],[110.39849784663937,21.246642938651902],[110.399018,21.245551],[110.39986728445332,21.244855761487095],[110.40821,21.23802],[110.40932930053563,21.235438755907627],[110.410655,21.232367],[110.41019645862899,21.22698916165271],[110.40992,21.22378],[110.40748,21.21699],[110.40455,21.21206],[110.4042289953654,21.211227248846484],[110.403168,21.208482],[110.40288426181921,21.203319289685858],[110.40235,21.19367],[110.39942,21.17658],[110.39405004336705,21.162540113384264],[110.386078,21.156724],[110.37988078563546,21.154376535351954],[110.37534,21.15266],[110.34742,21.13321],[110.33375,21.11636],[110.33119986900847,21.1151574206315],[110.315278,21.107652],[110.280284,21.095893],[110.269298,21.089179],[110.25186070926911,21.068442177317277],[110.22177,21.03266],[110.21922700000678,21.02824229694011],[110.218842,21.027574],[110.21058067088165,21.034277111813044],[110.21022,21.03457],[110.20558,21.04938],[110.20387,21.06696],[110.2046,21.08222],[110.20459994906822,21.08221993829529],[110.2046,21.082221],[110.20078127386371,21.077593547737436],[110.19557,21.07128],[110.19556893813237,21.071277348588165],[110.195567,21.071275],[110.1947269584709,21.069174982194202],[110.19068,21.05907],[110.18409,21.03384],[110.18075604698504,21.026517020134875],[110.177826,21.020087],[110.15674970259988,20.98603013532032],[110.15284074935737,20.987808751938346],[110.143077,20.992255],[110.143077,20.986029],[110.154796,20.977281],[110.15505356313459,20.965156512627146],[110.15512,20.96198],[110.15097,20.94318],[110.14926,20.92398],[110.15414,20.90644],[110.17164,20.87702],[110.17438366601061,20.86992650050993],[110.177257,20.862494],[110.1729870000046,20.86697216782735],[110.16725,20.87299],[110.16523050440672,20.875458996225337],[110.164154,20.876776],[110.16415327176782,20.876776],[110.16415,20.87678],[110.15675,20.87678],[110.1567517632469,20.876776],[110.156749,20.876776],[110.160655,20.867906],[110.161876,20.862209],[110.160655,20.856676],[110.156749,20.848863],[110.15675121728012,20.848862434560214],[110.15675,20.84886],[110.15820838163688,20.848490835726004],[110.160737,20.847846],[110.1629334472478,20.847885989936234],[110.16310848044789,20.847682379887157],[110.16391,20.846747],[110.16391930508478,20.84656699999957],[110.16415,20.84203],[110.16415381679012,20.842030544059995],[110.164154,20.842027],[110.168712,20.842678],[110.169444,20.84394],[110.168793,20.846096],[110.17021617779295,20.84851487773532],[110.17042,20.84886],[110.1775,20.84748],[110.18019,20.84601],[110.18196691173425,20.846060448598134],[110.18336,20.846096],[110.18759957247686,20.847537496318935],[110.191498,20.848859321867316],[110.191498,20.835842],[110.1915,20.835842463756627],[110.1915,20.83584],[110.21168,20.84052],[110.24167467410925,20.841120370597892],[110.28712,20.842027],[110.300792,20.852118],[110.31858533331355,20.85948131107938],[110.31967,20.85993],[110.33578560932689,20.85883029961169],[110.341807,20.842027],[110.34454176012643,20.844761760126435],[110.34864,20.84886],[110.35140345827188,20.845012093709315],[110.355235,20.839667],[110.35816500000084,20.83777499999946],[110.36109,20.83588],[110.36123699999865,20.835963777541604],[110.365815,20.838568],[110.36790110406133,20.845336497104128],[110.36899,20.84886],[110.37048664005373,20.84687662657228],[110.386241,20.825995],[110.40268,20.790107],[110.40337390410895,20.78608535616817],[110.40943,20.75096],[110.39698039089755,20.718491019473376],[110.39350456410284,20.717184769230872],[110.38356,20.71345],[110.37142426677383,20.7186308003203],[110.3689880355921,20.71967198478882],[110.35646,20.73233],[110.34893886130112,20.74587189678776],[110.348643,20.746405],[110.34743055764123,20.759889147447826],[110.34726006987451,20.761789221253707],[110.34727561803204,20.76250600000191],[110.34816,20.80305],[110.34181,20.82152],[110.3418080016561,20.82151608513026],[110.341807,20.821519],[110.333751,20.805732],[110.33297285958712,20.80482409363177],[110.32862,20.79975],[110.3213,20.79426],[110.32130144691358,20.794258085185188],[110.3213,20.794257],[110.32937536027194,20.783573239094054],[110.33301789947632,20.778752779788594],[110.33262661139753,20.77400311086352],[110.33212,20.76789],[110.32252,20.75996],[110.31173279042983,20.755091628723203],[110.307628,20.753241],[110.31445926112185,20.746409738878146],[110.31195227392173,20.745523761726265],[110.310639,20.745063],[110.308849,20.745103],[110.308116,20.743964],[110.307628,20.738959],[110.33748918573495,20.725818118592564],[110.33183861903731,20.71276215081912],[110.329438,20.707221],[110.31636391671107,20.692467332938225],[110.30885,20.68399],[110.308849154669,20.68398717453882],[110.308849,20.683987],[110.30845639190896,20.682674391814814],[110.30079,20.65705],[110.30079233744765,20.657051128190048],[110.300792,20.65705],[110.307709,20.660386],[110.31017941953223,20.662299741402958],[110.31349,20.66486],[110.31618621991593,20.668322260026272],[110.317963,20.6706],[110.3213,20.677558],[110.328136,20.677558],[110.32959973150423,20.66445740307376],[110.32838,20.65266],[110.32374094806379,20.643051963554516],[110.31801709575558,20.63903533333716],[110.31446,20.63654],[110.32594,20.63076],[110.33396720324667,20.63122621135759],[110.339366,20.631537],[110.34747507694017,20.63471348353178],[110.35214,20.63654],[110.35231536864121,20.63665252546959],[110.3628,20.64337543513741],[110.3628,20.6223],[110.362804,20.622305327433633],[110.362804,20.622301],[110.36573800000052,20.626213000000696],[110.37184,20.63434],[110.37603676294222,20.63407262943713],[110.380626,20.633775],[110.38702008860874,20.627898724067368],[110.38917,20.62592],[110.39645570435431,20.61677788698179],[110.39697992473472,20.61611986022163],[110.39228834722988,20.607406930569773],[110.391938,20.606757],[110.397472,20.595445],[110.40312545481692,20.59058130222175],[110.40854,20.58592],[110.42514,20.58006],[110.44133860945786,20.57170617166567],[110.442963,20.570868],[110.44445796818499,20.57032309542729],[110.45167,20.56769],[110.45666167074175,20.56743845123821],[110.458018,20.567369],[110.4692885916898,20.568308408318195],[110.47266809505565,20.568589841362996],[110.47323850923871,20.56850720739242],[110.47885,20.56769],[110.48975666667238,20.558009999994937],[110.495209,20.553168],[110.511485,20.527899],[110.53418955557298,20.47825897167152],[110.51539,20.43476],[110.50229,20.41275],[110.48268,20.40323],[110.47535,20.39765],[110.46861400001914,20.383490000040243],[110.458507,20.36225],[110.40683,20.305162],[110.40502326738945,20.30400041576604],[110.39999,20.30077],[110.39006613060855,20.302676304090237],[110.37672,20.305243],[110.36942537559477,20.305060746431],[110.36207,20.30488],[110.35569842209067,20.297599577897234],[110.355479,20.297349],[110.34433,20.279242],[110.319672,20.269721],[110.31639278820445,20.268851788213354],[110.29404,20.26293],[110.28028003001864,20.253000021663166],[110.28018807705647,20.253070009618884],[110.26564,20.26415],[110.25991430323829,20.26735836456475],[110.256358,20.269355],[110.245616,20.273424],[110.237153,20.27497],[110.23715067435623,20.274969876593605],[110.23715,20.27497],[110.23606281129503,20.27491215096146],[110.208018,20.273424],[110.196625,20.27025],[110.192638,20.263251],[110.19199116525596,20.2601250000083],[110.19117,20.25617],[110.18775,20.253],[110.14793670601537,20.24968773492423],[110.127533,20.247992],[110.11882727446539,20.25042579077812],[110.10963,20.253],[110.09311,20.27058],[110.0895944035877,20.27192740807165],[110.085704,20.273424],[110.077647,20.274563],[110.07255221739241,20.276659086956066],[110.06983289992473,20.27777880591334],[110.06804434317274,20.27931683579395],[110.06373,20.28303],[110.06113,20.29023],[110.05763,20.29637],[110.0576296097474,20.29637017339582],[110.057628,20.296373],[110.0531560614384,20.298357846410262],[110.04892,20.30024],[110.0447146538538,20.300794634631746],[110.037852,20.301703],[110.03264063662473,20.301248909875326],[110.02711,20.30077],[110.02540065239324,20.299610858313688],[110.021576,20.297024],[110.01489396135582,20.2878908540928],[110.01181,20.28368],[110.00658100000352,20.28069964846617],[110.005951,20.280341],[110.00367374410847,20.2805648720538],[110.00099,20.28083],[109.99782324576289,20.281898368644008],[109.995209,20.282782],[109.9938053749987,20.283606250000762],[109.99147,20.28498],[109.99210485931538,20.286194854245483],[109.992279,20.286526],[109.99227777470465,20.286525741718783],[109.99228,20.28653],[109.970389343057,20.281911857627904],[109.965831,20.280951],[109.950938,20.272162],[109.944428,20.25609],[109.941417,20.251858],[109.93941347100386,20.24978917634978],[109.93393,20.24413],[109.9249,20.23827],[109.91725,20.23933],[109.91516400038441,20.246425500551155],[109.914561,20.248481],[109.91535381196486,20.25186771797647],[109.91725,20.25996],[109.9180944161721,20.261796180132617],[109.921723,20.26968],[109.924083,20.273424],[109.9267775898507,20.286161294919783],[109.92856,20.29458],[109.93092,20.31782],[109.9298786947016,20.32186215784013],[109.928722,20.326361],[109.919444,20.342231],[109.91812017867602,20.348286714294936],[109.91725,20.35228],[109.91086259914704,20.35513506679396],[109.885753,20.36636],[109.8823771867649,20.36923979668311],[109.87412,20.37629],[109.87425357363355,20.376344428293013],[109.889903,20.382717],[109.88989969698844,20.382719876529507],[109.8899,20.38272],[109.87784624168941,20.393216999857188],[109.862804,20.406317],[109.86573232960102,20.41006014306117],[109.87892,20.41087],[109.88636862154904,20.413470067675732],[109.888031,20.414049],[109.893809,20.420478],[109.89380925018966,20.42047916586843],[109.89381,20.42048],[109.89608957062147,20.431098],[109.903575,20.431098],[109.914887,20.418647],[109.945811,20.395738],[109.9581,20.382717],[109.96279945317326,20.37484645315601],[109.97486,20.35464],[109.98193858912447,20.351750589115635],[109.982432,20.351549],[109.985444,20.372138],[109.992442,20.384955],[110.006114,20.40119],[110.015473,20.418402],[110.01259418120036,20.426400740175453],[110.00978,20.43423],[109.99416301162375,20.44570667052766],[109.983979,20.453192],[109.97226,20.464545],[109.96973400678533,20.46927451187231],[109.96494,20.47826],[109.96493812881943,20.478254014131515],[109.964936,20.478258],[109.96384877347879,20.474769188628567],[109.96298,20.47199],[109.96148630508637,20.468587694918945],[109.96046,20.466254],[109.958507,20.459906],[109.95812680642562,20.452152666665086],[109.9581,20.45161],[109.94757199296615,20.458199994740998],[109.943614,20.460679],[109.93922,20.473863],[109.937511,20.489651],[109.93176622434669,20.504118387836858],[109.93092,20.50625],[109.93091998639487,20.506249515906998],[109.930919,20.506252],[109.9305782204754,20.494088926507043],[109.92994,20.47138],[109.92701,20.4549],[109.92306410582839,20.450804517627216],[109.91724948626735,20.44477257919051],[109.91481,20.45702],[109.90952,20.47118],[109.90523798483255,20.479627248103043],[109.902924,20.484198],[109.89921665537355,20.488743781547534],[109.89609,20.49258],[109.88282,20.49775],[109.86792676518495,20.499175469636587],[109.849701,20.500922],[109.83521826932437,20.50625116496383],[109.8341575540178,20.506965160667605],[109.827485,20.511461],[109.82225552936855,20.516412058754945],[109.82211291362832,20.516547238292713],[109.819591,20.523505],[109.81971597269066,20.524410945375273],[109.82106,20.53413],[109.82250136533845,20.536825944671925],[109.82569347443406,20.542791017878393],[109.8318,20.54458],[109.83573889980889,20.54444155009459],[109.837494,20.544379],[109.841401,20.547187],[109.843761,20.557074],[109.84394917826764,20.56016505941273],[109.84523,20.58112],[109.84824,20.59565],[109.8414,20.59565],[109.83593199996892,20.57924199990673],[109.827729,20.554633],[109.82105980852916,20.554633],[109.81886,20.5891],[109.80728871065888,20.607765142094443],[109.802013,20.616278],[109.80201026135563,20.61627957841862],[109.80201,20.61628],[109.80035294741799,20.617234771874397],[109.77589,20.631334],[109.75586999999408,20.63030333333303],[109.74586076478904,20.62979003921995],[109.7482039999975,20.63603799999334],[109.75172,20.64541],[109.75171976764504,20.645412380452857],[109.75172,20.645413],[109.750255,20.660468],[109.75105171348744,20.668585054079006],[109.75156,20.67373],[109.76572,20.68439],[109.77516,20.68618],[109.77706717647062,20.685094882352917],[109.779796,20.683539],[109.78457352578097,20.68008028865416],[109.78525,20.67959],[109.79063399631521,20.678670007363646],[109.79713,20.677558],[109.80258588347223,20.678770349575753],[109.80592,20.67951],[109.80717952390522,20.68043389674453],[109.812755,20.684516],[109.82225147198608,20.693057370689758],[109.82773,20.69798],[109.82938578549921,20.69554435648409],[109.830658,20.693671],[109.83236390609714,20.69245714085683],[109.83700910516764,20.689150636951542],[109.83727930252601,20.688857999994575],[109.8414,20.68439],[109.84425,20.68968],[109.84736801310108,20.69411510484204],[109.848888,20.696275],[109.85097596128169,20.69851009680211],[109.8541,20.70185],[109.85615777777859,20.702916666667086],[109.858735,20.70425],[109.861908,20.708157],[109.86190791321323,20.708157434170985],[109.86191,20.70816],[109.86134797590465,20.710958650597213],[109.860444,20.715481],[109.85819984326899,20.71722803091136],[109.85475,20.71992],[109.84475426635775,20.71517686443922],[109.829438,20.707913],[109.813975,20.708441],[109.801036,20.706285],[109.79602739221284,20.69593337574081],[109.79371,20.69115],[109.78688,20.69115],[109.76968388909043,20.7162271234226],[109.760265,20.729967],[109.75644016165364,20.749700165993985],[109.76439483124368,20.757868415614777],[109.773204,20.766913],[109.76751177881104,20.772534112138676],[109.76344,20.77656],[109.75815,20.79279],[109.75855340885985,20.795661659277197],[109.760265,20.807807],[109.76965672667413,20.81238491329575],[109.7732,20.81411],[109.7732,20.81411205023572],[109.773204,20.814114],[109.773204,20.821519],[109.76752560293164,20.827022689544776],[109.75205,20.84203],[109.75205,20.84886],[109.75953,20.84886],[109.75953,20.848863],[109.759532,20.848863],[109.759532,20.855048],[109.753022,20.863715],[109.745372,20.867662],[109.737804,20.865383],[109.73780266814272,20.865380803614983],[109.7378,20.86538],[109.73435951864661,20.85970265616925],[109.731537,20.855048],[109.735166891979,20.832163729758104],[109.73902,20.80785],[109.73816171324643,20.80843614705122],[109.728363,20.815131],[109.72221125907957,20.823011259080328],[109.71388,20.83369],[109.70436,20.84203],[109.70436197317068,20.842021767673113],[109.704356,20.842027],[109.706798,20.831855],[109.70679966979435,20.83185137766128],[109.7068,20.83185],[109.7073046171615,20.83075597905367],[109.71785846068549,20.80786118594585],[109.70453959079494,20.82077219181652],[109.689464,20.835395],[109.67229003794489,20.868188660737836],[109.66562,20.88093],[109.6646939066806,20.890744484428176],[109.661225,20.927558],[109.691254,20.958726],[109.68726075027475,20.963645093513286],[109.67897,20.97386],[109.6797652574744,20.983491971410427],[109.680675,20.994452],[109.69247398665806,21.026772607976426],[109.69752,21.04059],[109.69969333333488,21.039236666665705],[109.700776,21.03856],[109.70278822931436,21.037861146590473],[109.70851,21.03587],[109.71168,21.03384],[109.71167994589858,21.03384067583377],[109.711681,21.03384],[109.71087417490804,21.0439063498118],[109.70981,21.0572],[109.7056985695065,21.0679648520231],[109.699962,21.082994],[109.68716840676092,21.103954000030704],[109.68556,21.10659],[109.68555835363404,21.106591782314254],[109.685557,21.106594],[109.68411074998615,21.10815892150394],[109.67018,21.12324],[109.67661,21.1385],[109.68209308662013,21.147489645646377],[109.695893,21.170111],[109.69775256784239,21.171943980614575],[109.70436,21.17845],[109.71622302281753,21.18216513695042],[109.720225,21.183417],[109.72477825907454,21.180320694308367],[109.72836,21.17788],[109.73642,21.16901],[109.74669712512107,21.165801275074163],[109.752045,21.16413],[109.75204439535366,21.16413174988318],[109.75205,21.16413],[109.74945901226951,21.171614005451982],[109.746674,21.179674],[109.754893,21.192939],[109.7671,21.204535],[109.773204,21.215399],[109.770274,21.271308],[109.7681470574977,21.27575184892788],[109.76572,21.28083],[109.76572,21.287669625192024],[109.76891381001158,21.292593620043466],[109.77353,21.29971],[109.77394,21.31867],[109.76572,21.35594],[109.77638,21.35366],[109.7837,21.34829],[109.78736,21.33991],[109.78712260730188,21.334356000000216],[109.786876,21.328681],[109.78688010006141,21.328682341020162],[109.78688,21.32868],[109.79982,21.33291],[109.80348,21.34121],[109.80397,21.35004],[109.80641580804996,21.35427174999848],[109.80738253154016,21.35594046520975],[109.81625,21.35757],[109.8414,21.35594],[109.89930720904512,21.360730581880365],[109.924083,21.362779],[109.924083,21.370266],[109.92408,21.37026917716596],[109.92408,21.37027],[109.9048,21.39069],[109.91757,21.4138],[109.93257200000762,21.42909615687051],[109.940522,21.437201],[109.951264,21.458401],[109.9512599813612,21.45839996320833],[109.95126,21.4584],[109.95103347457692,21.458341525423894],[109.933442,21.453803],[109.924571,21.465033],[109.92486234207358,21.466635164470876],[109.92726,21.4798],[109.94443,21.48566],[109.94443,21.49311],[109.91798,21.48941],[109.89996961374935,21.484821736492094],[109.886974,21.481513],[109.858979,21.482815],[109.841401,21.506781],[109.8414,21.506779999999992],[109.8414,21.50678],[109.82773,21.49311],[109.82773,21.493109999999998],[109.827729,21.493109],[109.827729,21.485663],[109.82773,21.485663],[109.82773,21.48566],[109.835216,21.48566],[109.835216,21.480129],[109.83297242602784,21.477533524653087],[109.82691,21.47053],[109.82402902308289,21.465531459607526],[109.823741,21.465033],[109.821056,21.458401],[109.81422,21.458401],[109.802745,21.473334],[109.799083,21.498603],[109.79994344024702,21.53148708804793],[109.80055,21.55459],[109.80054792175551,21.554589009671318],[109.800548,21.554592],[109.783295,21.546373],[109.770112,21.551581],[109.76770860339595,21.55729299998547],[109.76515,21.56338],[109.76901139083333,21.56900180131262],[109.773204,21.5751],[109.773204,21.581855],[109.75706053146968,21.577413893096878],[109.74806,21.57494],[109.74806,21.57493782530719],[109.748057,21.574937],[109.748057,21.574612],[109.7479341336704,21.559818188944845],[109.74781,21.54523],[109.76026,21.51162],[109.7732,21.49311],[109.7732,21.485663],[109.76572,21.485663],[109.76572,21.49311],[109.75953,21.49311],[109.7426883761401,21.475317188081547],[109.74146983173691,21.474030047439136],[109.71917717490994,21.480315112183238],[109.708588,21.483303],[109.64967172580668,21.52045128130623],[109.65933583311255,21.527626291706],[109.659923,21.528062],[109.668224,21.559638],[109.677013,21.5751],[109.67389365693376,21.58106021897915],[109.67335,21.5821],[109.67327845940125,21.582737720797503],[109.671723,21.596625],[109.67104256765143,21.59941890979865],[109.67018,21.60297],[109.67368,21.60639],[109.67677,21.61005],[109.67799,21.6153],[109.67779188627534,21.616945556855793],[109.677013,21.62344],[109.67701015952515,21.62343867496445],[109.67701,21.62344],[109.65878,21.61494],[109.6409751850149,21.603948251973485],[109.637218,21.60163],[109.62999975293971,21.591834109251547],[109.62525,21.58539],[109.63538717945315,21.569236522415594],[109.635997,21.568264],[109.62891827524113,21.566840256489176],[109.62233,21.56782],[109.61581,21.57071],[109.61065262364548,21.573608960588526],[109.608002,21.5751],[109.608002,21.581853308333326],[109.60887470009298,21.583296899737135],[109.612804,21.589789],[109.61316426186441,21.59541636906795],[109.61354,21.60122],[109.61085,21.61152],[109.60911903251883,21.612852195109223],[109.604991,21.616034],[109.60361790102266,21.61923860068546],[109.60304,21.62059],[109.61549,21.65013],[109.61548666931702,21.65012747026698],[109.615489,21.650133],[109.5959414269193,21.635282393302994],[109.59449229768717,21.634181745148116],[109.59275332830208,21.633550716348854],[109.5853,21.63085],[109.58273568852283,21.636982049184553],[109.581391,21.640204],[109.58099828438299,21.642952741253772],[109.57993,21.65046],[109.57594,21.65937],[109.56943,21.66649],[109.56690781567583,21.66790596312935],[109.560883,21.671291],[109.56422,21.69123],[109.56772,21.69855],[109.5677181821419,21.698552288084397],[109.567719,21.698554],[109.560802,21.707261],[109.567882,21.719957],[109.581554,21.732367],[109.594493,21.74018],[109.594493,21.746405],[109.59449,21.746404496546774],[109.59449,21.74641],[109.5875422829293,21.74523854635938],[109.583344,21.744534],[109.574962,21.745673],[109.572195,21.748155],[109.56943,21.75064],[109.56772,21.76],[109.54489417922291,21.741305521967856],[109.492686,21.698554],[109.49269116045683,21.698550950420792],[109.49269,21.69855],[109.49526736538283,21.697028538498397],[109.498057,21.69538],[109.500987,21.691881],[109.503266,21.688381],[109.506196,21.684963],[109.5047555903614,21.684760144578306],[109.50302,21.68452],[109.49960199999968,21.68475172881358],[109.495942,21.685004],[109.492686,21.684963],[109.492686,21.678127],[109.49534424853313,21.67894762132356],[109.49928,21.68016],[109.51344,21.68268],[109.5198672362505,21.68495902000796],[109.52100698038454,21.66575833045152],[109.5175520472031,21.663848094358027],[109.50635805997649,21.657660033155135],[109.48471,21.65803],[109.46469,21.66446],[109.46469,21.65762],[109.47660306982782,21.653612427959445],[109.529877,21.635688],[109.540538,21.626899],[109.54134969815226,21.624685415128326],[109.54322,21.61957],[109.57276,21.58173],[109.5718374114199,21.578750581585464],[109.571056,21.576239],[109.56782157689847,21.574384929483575],[109.56495,21.57274],[109.56186231863347,21.569341274564614],[109.560883,21.568264],[109.56088302937425,21.56826333454464],[109.56088,21.56826],[109.56150682261023,21.554131688936295],[109.562266,21.536933],[109.56145795304654,21.530941883976325],[109.56088,21.52668],[109.55910930084438,21.52435084957223],[109.556977,21.521552],[109.55209808065156,21.516803689522355],[109.5433,21.50825],[109.54100964065502,21.50395972542989],[109.540538,21.503079],[109.530772,21.491645],[109.48585,21.474311],[109.48272748420956,21.472368421052035],[109.47218,21.46581],[109.46689,21.47484],[109.46617119864923,21.480305602723792],[109.465831,21.482896],[109.46639646742447,21.485113110476977],[109.46787,21.49087],[109.47123445496999,21.497481817539644],[109.472179,21.499335],[109.47217647198796,21.499333066760585],[109.47218,21.49934],[109.46388,21.49299],[109.4546,21.48184],[109.45285709753162,21.479049451239145],[109.447276,21.47012],[109.4453596290576,21.46515181452965],[109.44418,21.4621],[109.44047087496904,21.457703999963304],[109.438243,21.455064],[109.42650992736048,21.45278692735547],[109.42441,21.45238],[109.34376,21.45352],[109.33522,21.45816],[109.32159633066941,21.478931132213248],[109.320811,21.480129],[109.32081090477962,21.480128620540714],[109.32081,21.48013],[109.31552003232152,21.459050128797262],[109.29892,21.443264],[109.28397462041333,21.4388717225041],[109.2776,21.437],[109.25864,21.44473],[109.25863829971637,21.444728470092432],[109.258637,21.444729],[109.253754,21.440334],[109.2524705240186,21.439587903930793],[109.25025,21.4383],[109.24765,21.43627],[109.2461914987934,21.433744833731865],[109.2449667373868,21.43163],[109.23878,21.43163],[109.23867998705241,21.433290337645303],[109.237153,21.458686],[109.2386938211657,21.48423408395013],[109.23878,21.48566],[109.23877980564627,21.485659777455023],[109.23878,21.485663],[109.23493562568164,21.481257994594504],[109.22706,21.47224],[109.22416514935979,21.4630967012566],[109.219737,21.449123],[109.21541322217014,21.422391814926286],[109.21461,21.41743],[109.17197,21.41755],[109.15944071703683,21.42257853101475],[109.157074,21.423529],[109.149425,21.438544],[109.14942163558794,21.438536790826824],[109.14942,21.43854],[109.1456003068921,21.430348548764698],[109.144298,21.427558],[109.14442634559555,21.423765683833892],[109.14462,21.41795],[109.1471593048208,21.413265217726437],[109.148936,21.40998],[109.15195666853822,21.407412534837007],[109.15625601836905,21.403753388737815],[109.14669019551144,21.4025796314192],[109.13868,21.4016],[109.09645,21.4252],[109.0774,21.43163],[109.05926450459998,21.435308990812988],[109.050141,21.437161],[109.04474070897476,21.444007116401817],[109.03981,21.45026],[109.04301686441015,21.463408144081615],[109.04371129035744,21.466251094753122],[109.0590589063789,21.47927217729456],[109.060069,21.480129],[109.08253,21.486029],[109.109874,21.489569],[109.132823,21.495917],[109.14201445448077,21.509358772772302],[109.14259,21.5102],[109.14211589980097,21.55204659920055],[109.1421,21.553453],[109.135753,21.602973],[109.128917,21.602973],[109.12474311061924,21.591978185840105],[109.12436,21.59097],[109.12163782299804,21.590835531015564],[109.116059,21.590562],[109.11392243133784,21.592345725342344],[109.10719,21.59797],[109.10449556849885,21.60292228572144],[109.101085,21.609198],[109.10108108815672,21.609198],[109.10108,21.6092],[109.09482,21.6092],[109.09193361793443,21.605441081385585],[109.087413,21.599555],[109.07764805784849,21.596991277731263],[109.07425533331461,21.59922333334565],[109.069672,21.60224],[109.066742,21.616034],[109.060069,21.616034],[109.05796320570276,21.613276382892206],[109.05665,21.61156],[109.05316672409982,21.60864084487975],[109.04640228577703,21.602977425433572],[109.04982,21.61408],[109.05433839139027,21.621468681002945],[109.054698,21.622056],[109.066742,21.636542],[109.066742,21.643948],[109.06674,21.643947231021297],[109.06674,21.64395],[109.04843,21.63691],[109.01852423124124,21.618338577981646],[109.013764,21.615383],[109.00488586670753,21.612807666803587],[108.99244,21.6092],[108.97514331986834,21.606980480037134],[108.97022571392152,21.60635009151769],[108.96994045608103,21.60635618243243],[108.958995,21.606594],[108.94848650557965,21.60849375836369],[108.94459,21.6092],[108.92799,21.61506],[108.92075,21.62202],[108.91417499195975,21.635308437302378],[108.906505,21.650824],[108.901703,21.665188],[108.897472,21.671291],[108.891612,21.672675],[108.875499,21.670152],[108.86947946217064,21.671290534305488],[108.85727,21.68342],[108.85524,21.68496],[108.85524,21.69428],[108.86036,21.6979],[108.86647,21.70018],[108.86948,21.70539],[108.86427,21.73188],[108.86331092603207,21.732371315085327],[108.86142191899846,21.733343012874737],[108.86549,21.73973],[108.86670989899046,21.74077473400722],[108.867442,21.7414],[108.869965,21.742336],[108.875743,21.746405],[108.88132168315767,21.748596975272307],[108.886,21.75043],[108.9166,21.75381],[108.92150636580197,21.761522432898424],[108.922374,21.762885],[108.924083,21.766832],[108.91684,21.76435],[108.904307,21.762763],[108.90111556031218,21.761471015564567],[108.89747423859465,21.760001710310128],[108.9007168428617,21.768273094266824],[108.90309,21.77432],[108.90268342780583,21.77419864170497],[108.893809,21.771552],[108.89094406144228,21.769870230938803],[108.88632,21.76716],[108.880844859213,21.76140580985831],[108.880626,21.761176],[108.87884120413959,21.75848400296704],[108.87574066350066,21.753811],[108.86947869789984,21.753811],[108.86142,21.76],[108.86142,21.76683],[108.86239929664062,21.768128055040815],[108.866954,21.774156],[108.875743,21.800971],[108.869477,21.800971],[108.858246,21.787299],[108.85523619899689,21.781157446574863],[108.85358729726181,21.78438782283653],[108.849864,21.791693],[108.85036887051709,21.7971696666657],[108.85068,21.80052],[108.85524,21.80817],[108.86142,21.81525],[108.86141689745703,21.815249448503778],[108.86142,21.815253],[108.840831,21.811591],[108.83289980000397,21.812948199948647],[108.80136,21.81835],[108.78695575000293,21.81630262838189],[108.779552,21.815253],[108.77955650350071,21.8152509243857],[108.77955,21.81525],[108.78891,21.81094],[108.821056,21.800971],[108.81947153606122,21.799069902808913],[108.81739,21.79658],[108.81625,21.79336],[108.81598790327287,21.789797122615727],[108.815929,21.789008],[108.81422,21.781155],[108.81422112346831,21.781155164012198],[108.81422,21.78115],[108.83159536628172,21.78369158430113],[108.83261016817677,21.78383973257692],[108.84254,21.76805],[108.84256076595744,21.76756200000002],[108.843516,21.745022],[108.834727843717,21.725817843717014],[108.82895,21.72004],[108.82476339830264,21.716973497879565],[108.822113,21.715033],[108.81939033659731,21.715703678090573],[108.81666027653266,21.716379931501084],[108.81422,21.729641],[108.8142192599319,21.729693099886678],[108.81406,21.74112],[108.81305149266775,21.7469394989427],[108.812104,21.752427],[108.8091399082929,21.7553134550286],[108.80592,21.75845],[108.8059192703464,21.758449736734626],[108.805919,21.75845],[108.793061,21.753811],[108.79306146971427,21.753810530285715],[108.79306,21.75381],[108.79859,21.74828],[108.7995969433971,21.746502436656122],[108.800548,21.744818],[108.799897,21.733344],[108.79942463832117,21.733869313771205],[108.79664,21.73697],[108.79518,21.73798],[108.79517983329886,21.737980031786233],[108.795177,21.737982],[108.793492000002,21.7383018644064],[108.79282,21.73843],[108.78688,21.74018],[108.78688145063417,21.74017839444373],[108.786876,21.74018],[108.78974805702326,21.73700564562473],[108.7930588671505,21.73334125383342],[108.789806,21.729153],[108.786388,21.727851],[108.78297,21.727444],[108.78144195294149,21.726716188235443],[108.77955,21.72582],[108.77956039803439,21.72582],[108.779552,21.725816],[108.799897,21.725816],[108.799897,21.719062],[108.793061,21.719062],[108.793061,21.71906],[108.79306,21.71906],[108.79306,21.71284],[108.793061,21.71283944279661],[108.793061,21.712836],[108.80466814286362,21.706371903446755],[108.81666,21.69969],[108.82622242856509,21.692136439497],[108.83432096781807,21.68573602543393],[108.83863,21.66804],[108.82577874713024,21.650419813225245],[108.821056,21.643948],[108.842377,21.646389],[108.84593366667136,21.646235656426352],[108.85182,21.64598],[108.85571348189096,21.645156690808474],[108.86141887656115,21.643948237954245],[108.85938447637693,21.640757404535407],[108.849946,21.625963],[108.84176029302371,21.627006804651103],[108.83399,21.628],[108.81544,21.63793],[108.79648,21.64395],[108.7936816440742,21.643173701700405],[108.787364,21.641425],[108.78467399993437,21.63840396211911],[108.78207,21.63548],[108.78066397894173,21.633095416546897],[108.778087,21.62873],[108.772716,21.62344],[108.762787,21.620551],[108.75930786340484,21.620492136602575],[108.74594,21.62027],[108.74261000000168,21.61836200000096],[108.738536,21.616034],[108.74091756186138,21.611483739691106],[108.74536574101296,21.602978143831713],[108.7370663405061,21.609798851284115],[108.73349,21.61274],[108.73332604477588,21.61398605970338],[108.731293,21.629462],[108.72755,21.644761],[108.711192,21.650133],[108.711192,21.65762],[108.73316017237534,21.662419945186087],[108.7403264371104,21.660141132969077],[108.74264824515939,21.655535707530646],[108.74537,21.65013],[108.75156,21.65013],[108.75156,21.69172],[108.751557,21.69171750986843],[108.751557,21.691718],[108.75013882910719,21.69054036582691],[108.74244,21.68415],[108.74024,21.68],[108.73929950238444,21.675181332804993],[108.738536,21.671291],[108.7317,21.671291],[108.72049200251747,21.6813736658023],[108.71266,21.68842],[108.71397327557902,21.698274325087493],[108.715424,21.709133],[108.724701,21.729722],[108.724864,21.746405],[108.724859933939,21.746403109011496],[108.72486,21.74641],[108.71963951703323,21.74397526831592],[108.71786756021862,21.743151190671753],[108.71119,21.74641],[108.70045,21.72248],[108.694102,21.712144],[108.68319895571715,21.705391211271305],[108.67494998376313,21.714959254059217],[108.674571,21.715399],[108.67457078911258,21.715399084702565],[108.67457,21.7154],[108.65431,21.72354],[108.65140192483736,21.729095387250265],[108.64918311129473,21.733339961108815],[108.65878,21.73322],[108.66263300000168,21.73398403771323],[108.667003,21.734849],[108.67782252802635,21.738410745332125],[108.6832,21.74018],[108.6832,21.74641],[108.66538,21.75186],[108.6526,21.74999],[108.6469239548237,21.751239273101003],[108.646332,21.75137],[108.64918093786358,21.766831662775232],[108.649460272248,21.767326905696297],[108.65561,21.778225],[108.66341472324169,21.78582263837099],[108.66481,21.78718],[108.67311,21.798],[108.67557810453428,21.80891661620932],[108.677013,21.815253],[108.669688,21.815253],[108.66858357602932,21.812893193549453],[108.667,21.80952],[108.66066218511278,21.801929469139484],[108.660167,21.801337],[108.65601929603375,21.79483216915917],[108.6510469487481,21.810153660316857],[108.64975,21.814154],[108.649181,21.822089],[108.64918007178841,21.822089],[108.64918,21.82209],[108.64234,21.82209],[108.64281425761033,21.81395071398494],[108.643077,21.809394],[108.6425128829395,21.80149447025764],[108.64218,21.79686],[108.64056398913431,21.789241663061745],[108.639659,21.78498],[108.6355093892693,21.77432],[108.62867241594172,21.77432],[108.623302,21.783515],[108.62253520871383,21.785814850451484],[108.62184,21.78791],[108.615,21.78791],[108.62501,21.76781],[108.62916,21.75609],[108.62867,21.74641],[108.59449297292103,21.740180541875308],[108.593761,21.754828],[108.597504,21.766547],[108.607514,21.787909],[108.60750895250256,21.78790776478067],[108.60751,21.78791],[108.58058,21.78132],[108.56943,21.79438],[108.57080702973332,21.807394696402568],[108.5713808533407,21.81281061578551],[108.58193971726912,21.820430075914263],[108.584239,21.822089],[108.58553268487553,21.822764787826227],[108.6006,21.83063],[108.6185728948927,21.86447560514011],[108.622081,21.87108],[108.625396243118,21.874314756876096],[108.63551,21.88418],[108.63551,21.89033],[108.62257,21.89623],[108.60360976253558,21.91070676250844],[108.594493,21.91767],[108.5944928625119,21.917667814378373],[108.59449,21.91767],[108.5943185714281,21.91489714284964],[108.594086,21.9112],[108.592296,21.906806],[108.59142966602997,21.9055061663514],[108.58969,21.9029],[108.58899469632952,21.901170303676878],[108.587657,21.897854],[108.583344,21.900539],[108.5796,21.901801],[108.57574006599455,21.90267119795625],[108.56715,21.90461],[108.5671533334768,21.904607023044786],[108.567149,21.904608],[108.56857944067947,21.90333344067663],[108.57089,21.90127],[108.57277427710714,21.900479819277653],[108.573985,21.89997],[108.576996,21.899359],[108.5784111782374,21.898802178236],[108.58081565068846,21.897851719230477],[108.57534435363073,21.895518939117082],[108.57032,21.89338],[108.56804133333209,21.89386031834858],[108.560313,21.895494],[108.553722,21.903754],[108.55321736526406,21.913334487019558],[108.55299,21.91767],[108.55812,21.92365],[108.56691,21.9278],[108.57363082987122,21.93524057142039],[108.573822,21.935452],[108.573334,21.951809],[108.5733300299511,21.951809],[108.57333,21.95181],[108.56715,21.95181],[108.56714995092024,21.951809],[108.567149,21.951809],[108.566987,21.948554],[108.5671774238518,21.9454621920416],[108.56739,21.94196],[108.56720500341295,21.939516503412666],[108.56714915374921,21.93879],[108.55983,21.93879],[108.55853381355914,21.94212305084791],[108.55836,21.942572],[108.55608447573731,21.946485427222942],[108.55299,21.95181],[108.55298967716494,21.951807835417487],[108.552989,21.951809],[108.550548,21.935452],[108.54829650795207,21.930085859419666],[108.54566,21.92381],[108.53769,21.9145],[108.52980087719163,21.908019649121698],[108.52564841536383,21.90461080374575],[108.52394481545767,21.905474889275073],[108.521495,21.906724],[108.505138,21.910834],[108.505138,21.904608],[108.51075189482349,21.90159759264229],[108.51319,21.8985],[108.51539,21.89492],[108.51710000000057,21.892624999999235],[108.51880667938931,21.890329121757734],[108.50172,21.88581],[108.48487,21.8771],[108.47836,21.8664],[108.48310234980387,21.862735621394865],[108.49146236782816,21.85627180832885],[108.47150195705186,21.861001128819986],[108.46314991522664,21.862980834931093],[108.46184396509682,21.875843111107628],[108.460704,21.887112],[108.477794,21.945014],[108.470225,21.940253],[108.46478593887694,21.934412865871657],[108.46469,21.93431],[108.4607,21.92695],[108.45880036283938,21.92037215192143],[108.458018,21.91767],[108.457286,21.888332],[108.45022485438736,21.869704458232874],[108.44874,21.86579],[108.45190470449255,21.85801086366789],[108.455658,21.848782],[108.45614874698583,21.848223791172835],[108.46957,21.83295],[108.4824430462919,21.82366704629946],[108.48462891184153,21.822089785185543],[108.48154,21.82148],[108.47096,21.82209],[108.47096026278595,21.82208886952458],[108.470958,21.822089],[108.472016,21.817532],[108.473888,21.814439],[108.47449105166773,21.813690743811456],[108.47608,21.81171],[108.47779,21.80781],[108.47779208389778,21.80781137934187],[108.477794,21.807807],[108.48415284984442,21.812021600611306],[108.48829,21.81476],[108.4946956619316,21.810584295464388],[108.497081,21.809027],[108.49859762142148,21.806067271491163],[108.50294,21.79759],[108.5034551562508,21.79532331249651],[108.505138,21.787909],[108.50422979697493,21.78469566667562],[108.50196,21.77668],[108.4961,21.76826],[108.4913,21.75772],[108.49137246863503,21.7502429420084],[108.49146598625134,21.74018147920479],[108.48219,21.7436],[108.476513743853,21.744260871927803],[108.475922,21.74433],[108.47592133033551,21.744329845112453],[108.47592,21.74433],[108.47047,21.74307],[108.46347,21.74018],[108.47543,21.73676],[108.48248712697765,21.73373905441659],[108.486827,21.731879],[108.496918,21.725898],[108.50444799998928,21.719635824826433],[108.505138,21.71906166423357],[108.505138,21.71284],[108.49147,21.71284],[108.49147023132531,21.712836],[108.491466,21.712836],[108.49171,21.708686],[108.493907,21.705878],[108.49443069802771,21.705765811836027],[108.49505,21.70563],[108.49765,21.70539],[108.49635,21.70478],[108.49383,21.70539],[108.493826,21.70539],[108.477794,21.70539],[108.47779,21.70539],[108.47779,21.69855],[108.48642,21.69725],[108.4922026961756,21.694740088568295],[108.496349,21.692939],[108.505138,21.691718],[108.505138,21.684963],[108.50147891794931,21.680369918026464],[108.5011521463415,21.680345162601625],[108.500824,21.680325],[108.50082933008626,21.680320706824716],[108.50082,21.68032],[108.50229,21.67914],[108.5032362000035,21.67653379999036],[108.505138,21.671291],[108.5051387028931,21.67129357273302],[108.50514,21.67129],[108.51111853894336,21.693181000009346],[108.513031,21.700181],[108.52011040981088,21.71263020363864],[108.53305,21.71906],[108.53264987546858,21.717651625161214],[108.530528,21.710191],[108.52712467088608,21.706605443037976],[108.52597,21.70539],[108.52149,21.7023],[108.51975098788128,21.699866680804035],[108.518809,21.698554],[108.51859389916011,21.69632416134916],[108.51791,21.68928],[108.52076,21.68057],[108.5193439444158,21.673831027783862],[108.518809,21.671291],[108.51881046509249,21.671292213363213],[108.51881,21.67129],[108.52402,21.6756],[108.52690780487714,21.67714016260114],[108.527924,21.67768],[108.531016,21.679877],[108.5310160901272,21.679877225251555],[108.53102,21.67988],[108.53305,21.68496],[108.53712,21.68537],[108.53858,21.68403],[108.53900807118616,21.680617000002293],[108.539317,21.678127],[108.5393197143281,21.678132277654342],[108.53932,21.67813],[108.54225,21.68382],[108.55299,21.69855],[108.55982612187813,21.69855],[108.56418125274747,21.683021999999195],[108.56543909301453,21.678533236693216],[108.56124697098359,21.675005203101772],[108.55722,21.67162],[108.55190581949468,21.66917477076416],[108.545177,21.666083],[108.539317,21.650133],[108.53932235462523,21.650136408920204],[108.53932,21.65013],[108.54436053273135,21.653343869083955],[108.548839,21.656195],[108.5527050000006,21.65752248192792],[108.55298883266842,21.657619600575703],[108.546886,21.643052],[108.541145662697,21.640396337304576],[108.53598,21.63801],[108.52345,21.63931],[108.51197,21.64395],[108.51197,21.63654],[108.5145185504017,21.635790147181623],[108.517345,21.634955],[108.52047288211904,21.633286853146238],[108.52101,21.633],[108.5254,21.63117],[108.52710099999638,21.630981000000403],[108.53304902906306,21.630316220281188],[108.53178087927022,21.625379494301928],[108.530528,21.62051],[108.526866,21.614244],[108.52298293966743,21.61195154297826],[108.52101,21.61079],[108.51197,21.6092],[108.51661,21.59919],[108.51725185437843,21.598122187715887],[108.51880728234285,21.595528863804354],[108.49049,21.58369],[108.4862929415391,21.582857824615512],[108.481212,21.581855],[108.480072,21.587836],[108.48178049461292,21.599510546570887],[108.48910988726912,21.60760987542701],[108.49008715529484,21.60732715529831],[108.50514,21.60297],[108.50514,21.6092],[108.49147,21.62344],[108.49146824768164,21.623437658610158],[108.491466,21.62344],[108.478526,21.606147],[108.47622261268793,21.604218075120365],[108.47177,21.60049],[108.46347,21.59553],[108.46347239015694,21.595526831481656],[108.463471,21.595526],[108.46782350000575,21.589758770345682],[108.46998,21.5869],[108.47119960527304,21.581201844216064],[108.46890469439833,21.57913591682996],[108.46713031133913,21.577540279975736],[108.458018,21.5751],[108.458018,21.568264],[108.45802,21.568263729657918],[108.45802,21.56826],[108.45965533139822,21.568042680212862],[108.461029,21.567857],[108.46520312830697,21.568028101845194],[108.470958,21.568259919436052],[108.470958,21.561999798626104],[108.43271348327394,21.558149074959672],[108.420014,21.556871],[108.40211,21.559801],[108.3965238757085,21.566664875635336],[108.38966,21.5751],[108.39064,21.59536],[108.4000647147335,21.59822076071054],[108.406749,21.600246],[108.41458275000392,21.596914443324604],[108.42090786178314,21.59422091055422],[108.41662360001274,21.582592200034558],[108.41635,21.58185],[108.42810804025771,21.582901040254548],[108.431895,21.583238],[108.43189602726144,21.583239644880607],[108.4319,21.58324],[108.43873,21.59418],[108.43873055966355,21.594183294920594],[108.438731,21.594184],[108.43909938870183,21.59635471094875],[108.4437,21.62344],[108.443696,21.62344],[108.437511,21.62344],[108.43751,21.62344],[108.43651266369925,21.622385277285115],[108.432465,21.618109],[108.43209918881377,21.618002320678027],[108.42758,21.61669],[108.42377848223288,21.61817120557913],[108.422374,21.61872],[108.416352,21.62344],[108.416352,21.630316],[108.421235,21.635159],[108.427338,21.639146],[108.434825,21.642157],[108.443696,21.643948],[108.44369568383526,21.64394912898141],[108.4437,21.64395],[108.44142028901908,21.652088968151183],[108.44809,21.658108],[108.459483,21.662095],[108.470958,21.664455],[108.470958,21.66445958885017],[108.47096,21.66446],[108.47096,21.67129],[108.470958,21.671289662949714],[108.470958,21.671291],[108.46143691903654,21.669685121428206],[108.42343,21.66328],[108.4096833882172,21.66445970922936],[108.423595,21.679389],[108.427013,21.68773],[108.423839,21.698554],[108.420909,21.693183],[108.41748384015477,21.689263053273805],[108.41358,21.6848],[108.40968,21.67813],[108.40897859760297,21.680350390410215],[108.408051,21.683295],[108.406993,21.683295],[108.403331,21.684963],[108.40187612626653,21.68167863135017],[108.39796,21.67284],[108.386,21.67292],[108.33766,21.69746],[108.33595,21.70685],[108.34111868483981,21.72510883638944],[108.341319,21.725816],[108.34131882788532,21.72581585940124],[108.34132,21.72582],[108.32154,21.70966],[108.31137,21.68171],[108.31275,21.65184],[108.320577911756,21.64053418382623],[108.3276442327418,21.63032],[108.30649,21.63032],[108.30649178805395,21.630316],[108.306488,21.630316],[108.311127,21.61994],[108.313975,21.616034],[108.30717398768782,21.613072036921128],[108.30641,21.61274],[108.30640871904382,21.61273874867448],[108.306407,21.612738],[108.30574425005112,21.612089649960968],[108.30079,21.60725],[108.2971095307187,21.60031475426993],[108.296641,21.599433],[108.29664014760422,21.59943027813615],[108.29664,21.59943],[108.29655920125029,21.599171800840843],[108.293468,21.589301],[108.29347029610119,21.589300946216124],[108.29347,21.5893],[108.30909,21.58893],[108.313975,21.589299621676894],[108.313975,21.581855],[108.30714,21.578111],[108.289561,21.564032],[108.285981,21.558295],[108.2859802553404,21.558290409400545],[108.28598,21.55829],[108.28378,21.54475],[108.27784,21.54011],[108.2712943095269,21.53900527382371],[108.269135,21.538642],[108.26913064387931,21.538640108668496],[108.26913,21.53864],[108.26880248415905,21.538497628957604],[108.258637,21.534084],[108.22641,21.508002],[108.21960644003173,21.504744200171228],[108.21103,21.50064],[108.2103,21.51362],[108.21933,21.52936],[108.24497,21.56436],[108.24970519662372,21.57620815292547],[108.251964,21.581855],[108.25250018753712,21.5862505521317],[108.25278,21.58853],[108.25267929496431,21.591249035963678],[108.252533,21.595282],[108.24936,21.603095],[108.245110000001,21.608384444443193],[108.24171,21.61262],[108.22682,21.62556],[108.22788,21.63207],[108.2308426920167,21.63545105486632],[108.238292,21.643948],[108.23828622828894,21.643945695684206],[108.23829,21.64395],[108.22862717000943,21.64008938334489],[108.216889,21.635403],[108.2123348937934,21.631888628295968],[108.2103,21.63032],[108.20981,21.63349],[108.2103,21.64395],[108.20965228125208,21.643737156250683],[108.206065,21.642564],[108.20174469955637,21.639238034357138],[108.20094,21.63862],[108.19982603027856,21.637986924311306],[108.197276,21.636542],[108.20468052726345,21.631009100475847],[108.20883,21.62393],[108.20883,21.6162],[108.20411,21.6092],[108.20411,21.60297],[108.21029326019396,21.60297],[108.1797724691351,21.578486812311645],[108.17636094386539,21.575750756983382],[108.16991311015681,21.574267110166574],[108.15797,21.57152],[108.15522597067574,21.57276816481372],[108.135265,21.581855],[108.128429,21.5751],[108.12940700927149,21.57266499227721],[108.13233,21.56538],[108.12924292865284,21.56336503963794],[108.12826771604486,21.562731115492415],[108.12462560846278,21.56450993474806],[108.120942,21.566311],[108.11801050988163,21.570476701964484],[108.11476,21.5751],[108.11475867197879,21.575097624087046],[108.114757,21.5751],[108.11181158620276,21.56982510344088],[108.1058,21.55907],[108.09653821789291,21.558778346339178],[108.092784,21.558661],[108.08455029803191,21.561280631352968],[108.07846,21.56322],[108.06625,21.562],[108.06987747427361,21.5564255],[108.076996,21.545478],[108.07105863193875,21.53656994879432],[108.0569,21.53604],[108.03199,21.55191],[108.02548399886828,21.55336500226787],[108.0171,21.555243],[108.00961276902967,21.554749614176824],[108.00229,21.55427],[107.99122,21.54841],[107.99122331784612,21.548407697802322],[107.991222,21.548407],[108.00034149825605,21.542080745605336],[108.02735,21.52334],[108.03955051348146,21.520452245375804],[108.02656694398739,21.51951792998475],[108.01865,21.51895],[108.01864888687723,21.518948135782264],[108.018647,21.518948],[108.01573782454463,21.514072793873005],[108.01124,21.50654],[108.01368,21.49242],[108.01368191614766,21.49241848501073],[108.013682,21.492418],[108.01709999993918,21.489716000048087],[108.02223,21.48566],[108.02888174296167,21.486881942774232],[108.036225,21.488227],[108.04598473776679,21.492444255246724],[108.04762,21.49315],[108.06105,21.49616],[108.06502162429335,21.49553975145444],[108.080577,21.493109],[108.080577,21.485663],[108.043224,21.481635],[108.016612,21.470364],[108.00439509327472,21.4600531734756],[107.97071,21.43163],[107.96388,21.43163],[107.96444559822297,21.437712117877147],[107.965343,21.447333],[107.9669306213379,21.450138000015325],[107.97267,21.46027],[107.9849903005811,21.47346035954397],[107.991222,21.480129],[107.991222,21.485663],[107.985387493873,21.482946951010604],[107.96998,21.47578],[107.95827165326324,21.46439992466707],[107.948578,21.454983],[107.929698,21.442613],[107.92750983025829,21.445139830301503],[107.91603,21.4584],[107.91626708075772,21.468130189431704],[107.91627,21.468248],[107.921235,21.474799],[107.927013,21.479315],[107.929698,21.482856],[107.92969783042751,21.482857144874867],[107.9297,21.48286],[107.92856,21.49055],[107.92604,21.49592],[107.92343013053566,21.499949798444934],[107.922211,21.503079],[107.918712,21.517524],[107.91378590205642,21.522427738814205],[107.90968,21.52652],[107.90021233333837,21.53020756104904],[107.896739,21.531562],[107.881928,21.534084],[107.8838,21.52676],[107.88266,21.52253],[107.87509,21.51362],[107.86842,21.51362],[107.86642538900982,21.51951155559375],[107.862804,21.530219],[107.86280149129223,21.530215595115465],[107.8628,21.53022],[107.85847111565784,21.524338294773756],[107.855968,21.520941],[107.85081397891842,21.50313701405705],[107.84791,21.49311],[107.83595,21.48835],[107.82887,21.49494],[107.82594,21.50898],[107.82641658964111,21.52053566664073],[107.826671,21.526679],[107.82666995875705,21.526679],[107.82667,21.52668],[107.82057,21.52668],[107.82056878491173,21.526679],[107.820567,21.526679],[107.812999,21.520453],[107.812999,21.513617],[107.81446675076613,21.51219000153097],[107.81739,21.50934],[107.81894,21.50625],[107.8190597025499,21.505285035886153],[107.82056687620786,21.49311],[107.813,21.49311],[107.8069,21.50678],[107.80689693492907,21.506776666063196],[107.806895,21.506781],[107.80264277627228,21.50214933559441],[107.80006,21.49934],[107.79888977852251,21.505493592834632],[107.796235,21.519477],[107.79623022649527,21.51947880897784],[107.79623,21.51948],[107.78346,21.52432],[107.76686,21.52021],[107.76685995175795,21.520209978299313],[107.766856,21.520209],[107.7628181450104,21.51839185499103],[107.75221,21.51362],[107.75221,21.51361790005462],[107.752208,21.513617],[107.752208,21.506781],[107.75221,21.50678101514305],[107.75221,21.50678],[107.76832,21.5069],[107.77508982283176,21.504753881890682],[107.780365,21.503079],[107.78417081628137,21.499084744883287],[107.78858,21.49445],[107.79257,21.48013],[107.79184603237324,21.480422870590775],[107.778901,21.485663],[107.77890233062641,21.485659057178925],[107.7789,21.48566],[107.7803757910958,21.48129299998465],[107.781098,21.479153],[107.783946,21.464911],[107.786388,21.458401],[107.775645,21.458564],[107.7711858743734,21.456987032657626],[107.76759,21.45572],[107.76200017462017,21.4509135238516],[107.761811,21.450751],[107.7618108584768,21.450750738171237],[107.76181,21.45075],[107.76142895127379,21.45004418051329],[107.758556,21.444729],[107.76259552985375,21.440984883089246],[107.76522780331882,21.43854203859917],[107.74854608002732,21.41120013116749],[107.74618513164185,21.411279131634586],[107.730317,21.411811],[107.721446,21.410875],[107.71760098164863,21.40764514678668],[107.71738,21.40746],[107.71737922464665,21.40745886872506],[107.717377,21.407457],[107.711518,21.398912],[107.69809,21.398383],[107.6906281078576,21.401001311248297],[107.68417021652085,21.403269923937714],[107.676524,21.4112],[107.67652,21.4112],[107.66904,21.4112],[107.669037,21.4112],[107.66602630367746,21.406806443161322],[107.66581081356436,21.40659908475061],[107.662852,21.403754],[107.662852,21.403751924528297],[107.66285,21.40375],[107.66285,21.39753],[107.66944,21.38544],[107.66342,21.37808],[107.65024,21.37686],[107.63502,21.38325],[107.63502200751348,21.38324515731396],[107.63502,21.383246],[107.63700704397465,21.37845669216639],[107.6372989810669,21.377752457952624],[107.637218,21.375434],[107.637787,21.373725],[107.63778878482623,21.373723645521302],[107.63779,21.37372],[107.6420206479418,21.37051214606611],[107.64234,21.370269794427383],[107.64234,21.36278],[107.63523027159745,21.35915152716118],[107.634125,21.358588],[107.631196,21.354478],[107.63325856456075,21.350539538732622],[107.63388,21.34935],[107.64233966982283,21.34227027631848],[107.64189242123727,21.342209553095778],[107.63575,21.34138],[107.62135,21.33552],[107.62135303166684,21.335518639928914],[107.621349,21.335517],[107.625336,21.333726],[107.62672,21.333889],[107.627208,21.333157],[107.62784343220412,21.33131728813349],[107.62874888537684,21.328683242540098],[107.62746807000322,21.329244824447827],[107.62412,21.33072],[107.60816,21.33552],[107.60556856428698,21.321510575400254],[107.603526,21.310492],[107.6002636327003,21.301628466492488],[107.59921107214105,21.298772908678963],[107.590587,21.293891],[107.58812547614956,21.29401578578703],[107.57374,21.29475],[107.56227,21.29804],[107.55405,21.30451],[107.54689,21.31501],[107.54459716068177,21.321140160677217],[107.542572,21.326565],[107.54178542273701,21.330425565601704],[107.54038,21.33735],[107.53517,21.34536],[107.53516952201,21.34536011819659],[107.535167,21.345364],[107.52755753389306,21.34724239830638],[107.52231,21.34854],[107.52230982802567,21.348537795601693],[107.522309,21.348538],[107.52224279863508,21.347678600685935],[107.52198,21.34431],[107.52597,21.33442],[107.52666963806745,21.331673000008877],[107.528819,21.323228],[107.525157,21.315009],[107.525157,21.307563],[107.52516,21.307561629017815],[107.52516,21.30756],[107.52826061133479,21.30614466805629],[107.53744356804003,21.30194811139126],[107.53367391326934,21.30084123215111],[107.526622,21.298774],[107.51392881862552,21.298563546077958],[107.50449,21.29841],[107.48414,21.30134],[107.48178,21.30134],[107.47218,21.3037],[107.46606396448618,21.306944411220183],[107.461681,21.309272],[107.46018269837165,21.312055962865866],[107.4568,21.31835],[107.45199799999968,21.320111825938685],[107.450938,21.320502],[107.415294,21.328681],[107.41529320468517,21.328679264675323],[107.41529,21.32868],[107.41092853639678,21.319155845454315],[107.409028,21.315009],[107.416026,21.308539],[107.443126,21.293891],[107.443126,21.28766835005118],[107.42359,21.27961],[107.40832604207398,21.279996610566606],[107.391612,21.280422],[107.367442,21.273383],[107.367442,21.273380582540337],[107.36744,21.27338],[107.36744,21.26659],[107.3733,21.25898],[107.37171121142953,21.255320577145074],[107.37086,21.253363],[107.36731510691399,21.24998587418891],[107.36484,21.24763],[107.36482629553161,21.247602817851128],[107.360606,21.239244],[107.358897,21.20307],[107.35434,21.191474],[107.35434121144317,21.191473081741425],[107.35434,21.19147],[107.36207,21.18561],[107.36642185811773,21.183603001702366],[107.370697,21.181627],[107.379649,21.180976],[107.388438,21.184638],[107.38696064638975,21.17378333618928],[107.38233,21.1398],[107.3755,21.11616],[107.36607021889617,21.107268520705315],[107.360606,21.102118],[107.36375006997162,21.09735746856677],[107.3663,21.09349],[107.36744,21.08788],[107.36449270073142,21.08526521654633],[107.36353761421634,21.08441942948652],[107.35884017021276,21.083296127659576],[107.35434,21.082221],[107.35434024679277,21.082220059015665],[107.35434,21.08222],[107.35455423004632,21.08140417253456],[107.358246,21.067328],[107.35983150846043,21.056169497167893],[107.36036,21.05244],[107.36435,21.04035],[107.36864564445311,21.037533822216545],[107.374278,21.03384],[107.374278,21.027574],[107.357677,21.015204],[107.35185875921616,21.012128166998252],[107.34775,21.00996],[107.33383,21.00585],[107.31105,21.00528],[107.302956814071,21.004994663316605],[107.292328,21.004625],[107.279552,20.999701],[107.27224707751368,21.002264384995197],[107.26645,21.0043],[107.24529,21.00308],[107.22413,20.99824],[107.21704977778202,20.994962524645615],[107.211192,20.992255],[107.21119673839831,20.99225311924311],[107.21119,20.99225],[107.21599109168316,20.990350152803735],[107.216319,20.99022],[107.219574,20.988227],[107.223806,20.98664],[107.23113,20.986029],[107.23113,20.979193],[107.22500203330429,20.977706941721063],[107.21485,20.97525],[107.20041436452235,20.960095270948738],[107.19337,20.952704],[107.19337077505033,20.952700813658506],[107.19337,20.9527],[107.19703,20.93765],[107.19390485649662,20.93746410250145],[107.181895,20.936754],[107.170909,20.93358],[107.16089979605849,20.932440090660005],[107.14918,20.93765],[107.14918,20.930813910018852],[107.1338,20.94481],[107.084972,20.951402],[107.07676586435801,20.95458518613643],[107.066091,20.958729611758475],[107.066091,20.964911],[107.06671285077645,20.965670074591987],[107.09523,21.00047],[107.14485305491212,21.031163630072612],[107.149181,21.03384],[107.149181,21.040595],[107.135997,21.03974],[107.13227700000661,21.039026472953353],[107.12306,21.03726],[107.11118,21.03311],[107.11117717175074,21.033108409289248],[107.111176,21.033108],[107.101329,21.027574],[107.09712974192728,21.021466499988062],[107.09685,21.02106],[107.09624385573294,21.018153828856533],[107.095388,21.014065],[107.09299692386756,21.009314685211773],[107.09246,21.00825],[107.08375,21.00585],[107.08156310250128,21.007631307486427],[107.079763,21.009101],[107.08020168449079,21.011527578880695],[107.08107,21.0163],[107.08473,21.02367],[107.08717,21.02757],[107.087167446284,21.0275715148179],[107.087169,21.027574],[107.082774,21.030178],[107.08252999999948,21.030666000001034],[107.08237,21.03099],[107.08166869124572,21.031969769583174],[107.080333,21.03384],[107.08033179485422,21.033837492483084],[107.08033,21.03384],[107.07557376645589,21.023937580844795],[107.07227646976757,21.01707697743374],[107.07054783223236,21.015596927154704],[107.063243,21.009345],[107.05805560768827,21.01351708614064],[107.05763,21.01386],[107.05983,21.03384],[107.059825,21.03384],[107.05299,21.03384],[107.052989,21.03384],[107.053477,21.023017],[107.05280402578433,21.01656375647075],[107.0525,21.01366],[107.05014,21.00593],[107.04615320555875,20.999705005170696],[107.0464572123425,21.00562836790654],[107.04689,21.01398],[107.04461,21.02509],[107.04354599838244,21.026217714289274],[107.037934,21.032172],[107.02823689568213,21.033488199039972],[107.02565,21.03384],[107.02565,21.033839321344292],[107.025645,21.03384],[107.025645,21.027574],[107.02578836715554,21.02745066328419],[107.02914,21.02456],[107.0332322079184,21.019574006597615],[107.034679,21.017808],[107.03912267039573,21.013558824017878],[107.03931687939813,21.01337298609317],[107.03772999999877,21.01318999999986],[107.03614,21.01301],[107.03083107492807,21.01319219380609],[107.025645,21.013373],[107.039317,20.999701],[107.025157,20.999823],[107.02083973882284,21.00187121644126],[107.01564,21.00434],[107.00061866983921,21.01767638005862],[106.997813,21.020168],[106.99781290119854,21.020167424230348],[106.99781,21.02017],[106.99545,21.00642],[106.99545339819907,21.006417320522033],[106.995453,21.006415],[107.02084039722513,20.986398840532082],[107.02230227165354,20.982131747605898],[107.025645,20.972357],[107.0226367062735,20.967375170625875],[107.01677,20.95767],[107.00099,20.95108],[106.98211,20.94994],[106.96363,20.95124],[106.96054685257218,20.951803764967316],[106.946951,20.954291],[106.94294955024533,20.95565360845458],[106.9319,20.95942],[106.9192,20.96577],[106.90895,20.97236],[106.89472547459091,20.984556624703686],[106.884613,20.993232],[106.87606549999892,20.996204977293345],[106.87338,20.99714],[106.86744056239326,20.986031051883668],[106.86541043104182,20.988928640794104],[106.86354,20.9916],[106.86353824736135,20.991600792360586],[106.863536,20.991604],[106.86152886442466,20.992509225963705],[106.8602,20.99311],[106.85924964872822,20.992982892364893],[106.85377,20.992255],[106.85377407775341,20.99225054539159],[106.85377,20.99225],[106.88282,20.96052],[106.88282079891452,20.96051940450387],[106.882823,20.960517],[106.88628727762297,20.95793555531396],[106.89527,20.95124],[106.90183850371758,20.948083503668922],[106.916352,20.941107],[106.922048,20.937649],[106.926117,20.930976],[106.92753710543151,20.92545933334265],[106.92823,20.92276],[106.93238,20.91519],[106.9323838654812,20.91518824525132],[106.932384,20.915188],[106.943126,20.910305],[106.943126,20.90351008191654],[106.91725,20.90404],[106.91307650790395,20.90506525657922],[106.901703,20.907864],[106.89572539929148,20.91379379855735],[106.89145,20.91804],[106.88487430582161,20.931131305871904],[106.881602,20.937649],[106.88160050229476,20.937649],[106.8816,20.93765],[106.87428,20.93765],[106.87428013631285,20.937649],[106.874278,20.937649],[106.875499,20.928697],[106.878429,20.92121],[106.879385891564,20.91971488755374],[106.88233,20.91511],[106.88347265891198,20.914134063562717],[106.88794776119184,20.91030691464948],[106.86793,20.88272],[106.86473846616936,20.885361132835033],[106.859874,20.88939],[106.852224,20.90998],[106.83724352593462,20.921038577896372],[106.83326334874376,20.923977527298916],[106.83559790764386,20.927507369427577],[106.83668,20.92914],[106.83667871618847,20.92914154688766],[106.836681,20.929145],[106.83562946757706,20.93040580546043],[106.83546,20.93061],[106.8352311458336,20.931342333332466],[106.833263,20.937649],[106.8332603125,20.937649],[106.83326,20.93765],[106.82643,20.93765],[106.82554448472455,20.937408141202297],[106.806,20.932074],[106.783214,20.942572],[106.77247367588276,20.957421682907203],[106.78883,20.96491],[106.8069,20.96601],[106.81554499997262,20.968998181808722],[106.816905,20.969468],[106.81690519349102,20.96946833860929],[106.81691,20.96947],[106.82065,20.97602],[106.82009042510538,20.981304287448303],[106.819591,20.986029],[106.81959003644066,20.986029655876518],[106.81959,20.98603],[106.81284,20.99063],[106.80752495145049,20.992950870527856],[106.802419,20.995185],[106.80137285252826,20.997072705055885],[106.79868,21.00194],[106.81219,21.01337],[106.81089809273527,21.01465200000043],[106.805675,21.019843],[106.8016817202789,21.02246192463146],[106.79811,21.02481],[106.79220282203318,21.02663793220361],[106.789317,21.027533],[106.778575,21.027574],[106.78077125174926,21.024116178060677],[106.78321,21.01667],[106.78540782024022,21.013373269639654],[106.77538248647699,21.014223405406213],[106.76238,21.01533],[106.75535525769263,21.019312700951904],[106.746104,21.024563],[106.730805,21.029853],[106.72008453708008,21.024790210679765],[106.7103,21.02017],[106.7103,21.020169416764194],[106.710297,21.020168],[106.710297,21.013373],[106.7103,21.013373],[106.7103,21.01337],[106.71778,21.01337],[106.71778,21.00585],[106.69649908456641,21.014150864689565],[106.680349,21.020453],[106.66655914360916,21.02325276065218],[106.6587,21.02485],[106.6421,21.02017],[106.64210375810269,21.020169059385655],[106.6421,21.020168],[106.64741034307913,21.018840875892128],[106.65073,21.01801],[106.65268,21.01752],[106.66811869446468,21.011567916603806],[106.68295,21.005846157367948],[106.68295,20.999701988161245],[106.67851214192312,21.001163761284726],[106.67628,21.0019],[106.65577,21.00585],[106.65577,20.9997],[106.65898009385481,20.996693617321238],[106.665538,20.990546],[106.669119,20.979967],[106.66988953390295,20.97566455647125],[106.67107,20.96906],[106.67418957781018,20.962874733439715],[106.67628,20.958726],[106.68293206925462,20.954880481995644],[106.6867,20.9527],[106.71192,20.95156],[106.72923611110765,20.944136541088646],[106.733735,20.942206],[106.746104,20.942328],[106.74694143745211,20.94197722920979],[106.75513871621612,20.93854053822355],[106.75728554575868,20.928164000019496],[106.75879963474914,20.920841766377087],[106.7584533292121,20.9187240000022],[106.75668,20.9079],[106.74724,20.89472],[106.74580437688728,20.88862380330395],[106.744477,20.883002],[106.738292,20.883002],[106.717784,20.90351],[106.7177821519158,20.903507848084207],[106.71778,20.90351],[106.69996,20.88276],[106.70753,20.87075],[106.71666340709773,20.86634125677007],[106.726899,20.861396],[106.74176441210169,20.85079705757934],[106.74447742627527,20.84886183586508],[106.75157390611837,20.829481729267677],[106.75293988165427,20.825750323282485],[106.749197,20.804348],[106.74837422184106,20.803737536959773],[106.73658073785,20.7949905472485],[106.721552918432,20.805269163242794],[106.71778,20.80785],[106.72186822033274,20.797199110185776],[106.72462,20.790025],[106.72980447000461,20.78241636400626],[106.73845,20.76972],[106.74646219830008,20.761087532564922],[106.755626,20.751207],[106.77126804068057,20.739834346892103],[106.77247,20.73896],[106.77247023331323,20.738960284481752],[106.772472,20.738959],[106.77709935582504,20.744604631897968],[106.77857539631411,20.746404386667777],[106.788829,20.730536],[106.8059178661886,20.67756151474901],[106.78517,20.69229],[106.77753764980902,20.699745050020606],[106.776134,20.701117],[106.772472,20.707953],[106.76947477999755,20.71101772998389],[106.7671,20.71345],[106.75563,20.7093],[106.74488,20.70197],[106.74407758492488,20.70103110376842],[106.741466,20.697984],[106.732677,20.696601],[106.725597,20.693752],[106.71697,20.691311],[106.71271925759353,20.691257113624804],[106.70411,20.69115],[106.67555,20.69864],[106.66850577777682,20.698280712004074],[106.662608,20.697984],[106.662608,20.691148],[106.67600617298044,20.685872230645057],[106.68751,20.68134],[106.69426433333555,20.677053765061444],[106.70289007146688,20.67157658960042],[106.70293745012995,20.669315679798693],[106.703136,20.659654],[106.69061211487205,20.64955447295533],[106.68295,20.64338],[106.67452103980601,20.63898117612802],[106.669688,20.636461],[106.654063,20.630805],[106.64165633333337,20.62875774979823],[106.63754,20.62808],[106.62094,20.62979],[106.6166901732475,20.632595280072124],[106.61231903667795,20.635481334772507],[106.59816,20.6551],[106.58676,20.66328],[106.59262,20.6481],[106.59262050372912,20.648099285527053],[106.592621,20.648098],[106.59282802230476,20.6478049479555],[106.5936,20.64671],[106.5967735764258,20.64215278817747],[106.599376,20.638414],[106.614268,20.622301],[106.619395,20.618598],[106.62256440777436,20.618736691480535],[106.62403,20.6188],[106.62720832277202,20.616601160346406],[106.628429,20.605862],[106.62793732379933,20.602954215877666],[106.62745,20.60008],[106.62743239415538,20.6000441970697],[106.624766,20.594631],[106.62134972842897,20.590399902168986],[106.60475,20.58442],[106.60474818362961,20.584418426411798],[106.604747,20.584418],[106.58253,20.565172],[106.518565,20.540961],[106.52321668040405,20.538495170098706],[106.53614,20.53164],[106.54220351449744,20.531966400366322],[106.550629,20.532416],[106.579926,20.547187],[106.579926,20.540961],[106.56892041973303,20.52646991360442],[106.56772,20.52489],[106.5677202074142,20.524889589806545],[106.567719,20.524888],[106.57488,20.510728],[106.57831539406764,20.505473131369403],[106.58448,20.49604],[106.58228297723198,20.48745471102959],[106.57992633981063,20.478259325910194],[106.57374,20.47712],[106.54542,20.4676],[106.54249,20.46528],[106.54011087537928,20.46389468692971],[106.536957,20.462063],[106.529796,20.454413],[106.52650000000381,20.44981500000531],[106.5232,20.44522],[106.5210698160391,20.441585344861533],[106.518565,20.437323],[106.51857175822785,20.437323],[106.51857,20.43732],[106.52475,20.43732],[106.5381,20.44623],[106.5617,20.45506],[106.58424,20.45783],[106.58436233333305,20.457712188478467],[106.594249,20.448188],[106.590587,20.404731],[106.584158,20.381822],[106.57835413577313,20.374823592702214],[106.57309,20.36848],[106.57118656022514,20.37209842016606],[106.568044,20.378079],[106.56727240481403,20.380278544236322],[106.56642,20.38272],[106.56642126692294,20.382704836515906],[106.566417,20.382717],[106.56661199999948,20.380422000006103],[106.56674,20.37889],[106.56568,20.37645],[106.56516400000041,20.37623572881373],[106.563324,20.375474],[106.559581,20.375922],[106.55958358922419,20.375919568141477],[106.55958,20.37592],[106.57764737363904,20.358952466482876],[106.579776,20.350216],[106.583766,20.337975],[106.585489,20.322292],[106.58590710407564,20.3196292119201],[106.58847,20.30328],[106.59259,20.27541],[106.58166,20.26418],[106.55958,20.28653],[106.54998,20.29898],[106.53696,20.30915],[106.53036425432326,20.31100801724619],[106.521658,20.313463],[106.504405,20.308254],[106.498057,20.308254],[106.49903573346603,20.30670442219417],[106.50294,20.30052],[106.50489,20.29743],[106.51295,20.29442],[106.520518,20.298407],[106.5205190811926,20.29840951571446],[106.52052,20.29841],[106.52475,20.30825],[106.54851,20.29145],[106.55274,20.28653],[106.5552176480704,20.27984947038686],[106.556,20.277737],[106.566308,20.261077],[106.572325,20.246677],[106.5709411747246,20.239179322317817],[106.56961032679823,20.23199176495074],[106.554268,20.224654],[106.54808541270862,20.22531330165814],[106.54103,20.22607],[106.53477800622771,20.22411026089591],[106.529291,20.222393],[106.504915,20.217025],[106.4890350000074,20.216090000000435],[106.47316,20.21516],[106.46593047825638,20.213383347824987],[106.460216,20.211982],[106.43543001274806,20.209165980891786],[106.39503,20.20458],[106.39503,20.21198],[106.40187,20.21198],[106.40187,20.21821],[106.3947,20.21752],[106.3923246928077,20.216877883989774],[106.390147,20.216295],[106.380707,20.211982],[106.380707,20.204576],[106.3879477399766,20.19749820916274],[106.3822891961358,20.193014392259652],[106.381114,20.192084],[106.3684783132848,20.18724117596419],[106.3602,20.18407],[106.35328,20.17683],[106.34349,20.15651],[106.0,20.5],[104.5,22.5],[104.85,25.0],[107.0,25.5],[109.45,26.2],[110.25,25.25],[111.4,24.4],[113.2,24.7],[114.8,25.8],[116.45,25.15],[117.34413,23.76817],[117.33875879786396,23.76676443172229],[117.319102,23.761623],[117.31051028370888,23.76954547517675],[117.30397,23.77558],[117.29257,23.7895]],[[114.548419,23.915727],[114.55254,23.928385],[114.555484,23.942514],[114.556367,23.956938],[114.569024,23.977249],[114.593162,23.994911],[114.609352,24.013456],[114.597578,24.035533],[114.591102,24.016694],[114.579916,24.009335],[114.567258,24.011396],[114.556367,24.021698],[114.551657,24.037594],[114.549596,24.07174],[114.543415,24.08322],[114.535761,24.088519],[114.530168,24.089991],[114.52222,24.089402],[114.52222,24.08322],[114.534289,24.076744],[114.534584,24.06497],[114.530757,24.05084],[114.529874,24.035533],[114.534584,24.017872],[114.539588,24.00492],[114.543415,23.991968],[114.543415,23.974011],[114.540765,23.959293],[114.535467,23.943692],[114.527225,23.929562],[114.51545,23.91926],[114.503676,23.916022],[114.491018,23.915433],[114.476888,23.913372],[114.46011,23.90513],[114.455105,23.918082],[114.447158,23.904836],[114.433617,23.870984],[114.440093,23.871573],[114.46011,23.870984],[114.442448,23.853616],[114.383575,23.848612],[114.357965,23.836249],[114.368562,23.833305],[114.402709,23.832717],[114.41154,23.825946],[114.421548,23.823297],[114.44392,23.823297],[114.459815,23.829479],[114.472473,23.84508],[114.480126,23.865097],[114.481598,23.884819],[114.49249,23.880109],[114.502204,23.87275],[114.506619,23.864214],[114.501909,23.85656],[114.510152,23.847435],[114.53164,23.828007],[114.536056,23.81947],[114.533701,23.805929],[114.527519,23.794155],[114.517805,23.785618],[114.505147,23.782086],[114.440387,23.782086],[114.433911,23.784147],[114.430673,23.786501],[114.427141,23.788268],[114.419782,23.788268],[114.391817,23.782086],[114.391817,23.774727],[114.399765,23.767368],[114.395644,23.763835],[114.388285,23.760597],[114.385636,23.754416],[114.389757,23.74529],[114.405652,23.727629],[114.415072,23.735871],[114.423314,23.754416],[114.433617,23.761186],[114.443625,23.760303],[114.441565,23.749117],[114.435383,23.735871],[114.433617,23.727629],[114.451867,23.726746],[114.475711,23.73852],[114.498966,23.746468],[114.51545,23.73381],[114.52222,23.73381],[114.537822,23.751766],[114.565786,23.754416],[114.594928,23.74794],[114.614651,23.737343],[114.628192,23.73175],[114.637022,23.738226],[114.636139,23.748823],[114.621421,23.754416],[114.615534,23.757654],[114.59434,23.775316],[114.583743,23.782086],[114.607586,23.793861],[114.62672,23.797687],[114.628192,23.80328],[114.625542,23.810345],[114.624659,23.815643],[114.630252,23.82889],[114.638494,23.85656],[114.645265,23.870984],[114.651741,23.865391],[114.655567,23.862742],[114.657922,23.859209],[114.658805,23.850673],[114.665576,23.850673],[114.668225,23.874222],[114.682943,23.884819],[114.704726,23.889823],[114.727687,23.89836],[114.711497,23.901892],[114.662927,23.902775],[114.652624,23.908368],[114.645265,23.918377],[114.628486,23.908368],[114.611707,23.888057],[114.598755,23.855088],[114.585214,23.841548],[114.567258,23.833011],[114.550185,23.836249],[114.544592,23.843902],[114.538999,23.864214],[114.536056,23.870984],[114.527813,23.876577],[114.517805,23.880404],[114.508385,23.886291],[114.501909,23.89836],[114.525753,23.886291],[114.532818,23.884819],[114.541649,23.886291],[114.542826,23.890412],[114.541649,23.896888],[114.543415,23.90513],[114.548419,23.915727]]],[[[112.75367,21.60737],[112.74969,21.60879],[112.7496878005618,21.60879],[112.749685,21.608791],[112.74390823498695,21.608791],[112.73715256243747,21.612618548204804],[112.73613873252613,21.618522724276854],[112.73439,21.62873],[112.76759,21.66348],[112.76841931009153,21.66690894831403],[112.774425,21.691718],[112.77441898913904,21.69171582039332],[112.77442,21.69172],[112.75961,21.68635],[112.73666,21.6811],[112.72803789188633,21.68074807721985],[112.715587,21.680243],[112.71234938757729,21.68305822490608],[112.70623,21.68838],[112.71056292962172,21.699637666686872],[112.711681,21.702541],[112.71421999995981,21.705193999958],[112.72437660533012,21.71580645297092],[112.73292092818762,21.722200203633342],[112.74781,21.73334],[112.75825585714433,21.73237426247583],[112.764903,21.731757],[112.77205316039431,21.754936919851275],[112.7775197298947,21.772649124833183],[112.78134201302741,21.771423753262425],[112.79566,21.76683],[112.79566441088741,21.76683218886142],[112.795665,21.766832],[112.79695177646639,21.76747103193069],[112.80763,21.77277],[112.8152543792739,21.77392127562685],[112.821137,21.774807],[112.85021129918027,21.77432],[112.844,21.77432],[112.8452803691126,21.773983351224704],[112.862559,21.769436],[112.86421789933004,21.76592619910264],[112.86817,21.75755],[112.8647092953452,21.750172098454264],[112.862559,21.745592],[112.84736205857357,21.740807292815084],[112.8318,21.73591],[112.82369186379965,21.729123136216977],[112.820567,21.726508],[112.81797879573753,21.72348799999165],[112.81251,21.71711],[112.79878705561904,21.706815499973406],[112.797537,21.705878],[112.800466,21.689765],[112.80619687330557,21.673901626693606],[112.80714,21.67129],[112.80740302363354,21.67023867454078],[112.810557,21.65762],[112.80689500000868,21.647895000023034],[112.80323,21.63817],[112.79444,21.62311],[112.79382221876354,21.613626739576404],[112.793468,21.608222],[112.810557,21.589301],[112.8057378473356,21.584787243015263],[112.79965,21.57909],[112.79402494270056,21.578190229181978],[112.790212,21.577582],[112.764903,21.581855],[112.7632041614177,21.582765056595726],[112.76149,21.58369],[112.75866772965033,21.587586153092786],[112.758311,21.58808],[112.756114,21.593736],[112.753673,21.607367],[112.75367036886372,21.607367939503025],[112.75367,21.60737]]],[[[113.187999,21.856635],[113.18378145192389,21.853299567308337],[113.18002,21.85033],[113.17327,21.84915],[113.16554,21.85334],[113.16553823296255,21.853338873710253],[113.165538,21.853339],[113.16452055962783,21.852690220201954],[113.14869,21.8426],[113.1312,21.85037],[113.1339893813346,21.859486971207705],[113.135671,21.864976],[113.14054074957413,21.86382399658325],[113.14633,21.86245],[113.15105,21.86896],[113.155936480818,21.872747272454035],[113.160655,21.870429],[113.167166,21.864488],[113.175873,21.862128],[113.18157,21.866848],[113.18767288361194,21.86904495810182],[113.18793988525621,21.868578114736067],[113.190929,21.863349],[113.187999,21.856635]]],[[[113.0173431032864,21.84951520142027],[113.01341028624127,21.852006334559853],[113.01246067835112,21.852609569080236],[113.00375409506549,21.869533815207458],[113.01091722242465,21.87620741224501],[113.024669,21.880845],[113.03011734703215,21.87961847032388],[113.03533,21.87844],[113.03683042881738,21.87294843052839],[113.03882890087628,21.865627363123142],[113.0386165086534,21.86511781890397],[113.034516,21.855292],[113.020518,21.854844],[113.01852966604002,21.8515039999979],[113.0173431032864,21.84951520142027]]],[[[113.27866,21.90738],[113.27865991931365,21.90737977292557],[113.278656,21.907375],[113.275157,21.897528],[113.26898029522341,21.88829797140664],[113.26775041532893,21.886460620471144],[113.26692513926322,21.885924907151356],[113.25847042834269,21.880440277868857],[113.25770526001634,21.880714040071766],[113.25074,21.88321],[113.23463,21.89346],[113.22975,21.89875],[113.22832663636453,21.899503545454074],[113.225841,21.900824],[113.22169,21.91413],[113.2317,21.934475],[113.24329297004412,21.940771880186144],[113.24773,21.94318],[113.25766,21.9466],[113.26783,21.9433],[113.27149499999508,21.93742500000789],[113.275157,21.931545],[113.278005,21.925035],[113.2780091866432,21.925031860732044],[113.27801,21.92503],[113.27853357142847,21.924638661628553],[113.280935,21.922838],[113.285655,21.918118],[113.28433734653787,21.915015813303153],[113.2837,21.91352],[113.27866,21.90738]]],[[[113.75640345361738,22.000285910639874],[113.7568599863426,22.00038999688621],[113.75687570181734,22.000389947273952],[113.77174786247171,22.000340007177734],[113.77487749999925,21.989480000002604],[113.77592,21.98586],[113.77053142770765,21.976891606953988],[113.76447852690478,21.96682054052726],[113.74821,21.97279],[113.73906,21.98597],[113.73628,21.99716],[113.73892683087374,21.99734372795653],[113.745502,21.997795],[113.75640345361738,22.000285910639874]]],[[[113.24211810455044,22.01817372553879],[113.24212,22.01817],[113.24634981679529,22.013290211356743],[113.24657400002864,22.012799288072866],[113.24870922064657,22.008121707312377],[113.24875549212865,22.007640911020186],[113.24903,22.00475],[113.23764,22.00247],[113.23178,22.00296],[113.22332,22.00056],[113.20159,21.98876],[113.19825,21.98005],[113.19885828813395,21.978585142861107],[113.200206,21.975328],[113.196137,21.96719],[113.19282175750675,21.964196096998567],[113.18816,21.95999],[113.18279,21.96048],[113.1812461695656,21.962972906521134],[113.18034992149711,21.964421510585964],[113.18029296912209,21.965517412347662],[113.180024,21.970771],[113.192393,22.033759],[113.200043,22.038438],[113.21950050001762,22.038257573220005],[113.23951,22.03807],[113.24399,22.03929],[113.24605437801635,22.038915756032125],[113.249115,22.038357],[113.249197,22.03384],[113.24347882857265,22.027616971429904],[113.23951,22.0233],[113.24181742477487,22.018764716821824],[113.242117,22.018175],[113.24211810455044,22.01817372553879]]],[[[113.41033,22.063544],[113.391449,22.027533],[113.39145084674436,22.02753161500339],[113.39145,22.02753],[113.39377454936881,22.025788915626297],[113.398936,22.021918],[113.40113613651545,22.01908468942408],[113.40162,22.01846],[113.40268,22.01435],[113.40576988655603,22.0070300067843],[113.3235,22.01195],[113.30942111060367,22.024119040053506],[113.3367913333561,22.05966749817665],[113.34359875218408,22.06850837944562],[113.352794,22.073147],[113.363292,22.075995],[113.372732,22.080146],[113.377778,22.089016],[113.38266,22.089586],[113.38325778403726,22.08895323004727],[113.38404,22.08812],[113.38404,22.08539],[113.38526,22.08218],[113.38688775510377,22.07886635568162],[113.387218,22.078192],[113.38743620614163,22.077907641232944],[113.3899,22.07469],[113.39221944915853,22.072737112288863],[113.393565,22.071601],[113.398936,22.068508],[113.39893983040392,22.068510097588803],[113.39894,22.06851],[113.39957576851657,22.06885834719745],[113.412608,22.075995],[113.41033,22.063544]]],[[[113.52813571328525,22.107939144057003],[113.52711,22.10611],[113.52711106392411,22.10610790143407],[113.52711,22.106106],[113.52867724324501,22.10301864864515],[113.53256,22.09536],[113.5412156472077,22.093773706089426],[113.54761757606231,22.09259707791668],[113.53891,22.0821],[113.48471,22.07136],[113.47379069423734,22.07608063909353],[113.47023025839853,22.07762072545042],[113.47397,22.08812],[113.47371882757032,22.09346125860659],[113.473481,22.098538],[113.47348007682886,22.098538366210537],[113.47348,22.09854],[113.46599392365171,22.10150844415947],[113.464854,22.10814],[113.46860102836123,22.111475495279297],[113.47153,22.11408],[113.51889,22.12726],[113.52711,22.12588],[113.52773698788049,22.125258590303503],[113.532725,22.120307],[113.530935,22.112942],[113.52813571328525,22.107939144057003]]],[[[113.31365,22.076402],[113.30374586588583,22.073220845477593],[113.28907,22.06851],[113.28886166377268,22.068639659404308],[113.279145,22.074693],[113.268809,22.088324],[113.26648999985964,22.096625000502407],[113.26417107539007,22.104926150381655],[113.2687128010684,22.113985596845737],[113.27174,22.12002],[113.27383666666476,22.120920999999186],[113.279145,22.123196],[113.28567790680084,22.124602745599045],[113.28972,22.12547],[113.29525762025494,22.127385917722133],[113.298676,22.128567],[113.29867764222487,22.12856918425191],[113.29868,22.12857],[113.29962479812825,22.129828955141342],[113.302745,22.133979],[113.30411134906086,22.141303190563107],[113.30421,22.14183],[113.3052402941026,22.143486264751218],[113.308442,22.148627],[113.314952,22.153998],[113.31841179943846,22.15565860169656],[113.32309,22.1579],[113.32797,22.14582],[113.3279722291692,22.145820907739132],[113.327973,22.145819],[113.33313602030772,22.14792365312931],[113.33546,22.14887],[113.34718,22.15644],[113.36475525564532,22.157899605986472],[113.36049827638236,22.147176314059802],[113.35401,22.13085],[113.33619,22.10049],[113.32801925003477,22.09175737503717],[113.31365,22.076402]]],[[[113.574067,22.119371],[113.570974,22.120144],[113.56701065618836,22.12315396857529],[113.56674,22.12336],[113.56666,22.11738],[113.56606162220332,22.115429124443704],[113.565196,22.112616],[113.566335,22.107693],[113.56370500000088,22.10703550000022],[113.56324223220723,22.106920554451474],[113.557384,22.111151],[113.55738121597078,22.11114912225999],[113.55738,22.11115],[113.55608662797424,22.11027596343572],[113.552257,22.107693],[113.5519275834427,22.106998214191574],[113.55152,22.10615],[113.54982399999939,22.105589457626916],[113.549164,22.105373],[113.546804,22.105373],[113.543712,22.107693],[113.54241000000272,22.110479999994173],[113.54111106196784,22.113267720853635],[113.54260942857057,22.113620468846616],[113.54526,22.11424],[113.54233,22.14073],[113.54232812436861,22.140731875631406],[113.542328,22.140733],[113.542247,22.140815],[113.53673394905806,22.146217627336195],[113.53411,22.14879],[113.53224,22.15253],[113.53330120249815,22.156731198931055],[113.534434,22.1612],[113.541433,22.16234],[113.54199541528162,22.162872584716876],[113.54298,22.1638],[113.55168799054447,22.16558895274025],[113.552908,22.165839],[113.55518922379362,22.1647144079332],[113.5586,22.16303],[113.56943,22.16075],[113.574067,22.16075],[113.574067,22.156114],[113.571788,22.152899],[113.57125701675977,22.152583754189944],[113.56788,22.15058],[113.563243,22.15058],[113.56324,22.15058],[113.56023,22.14155],[113.56023269781554,22.141549093446603],[113.560232,22.141547],[113.56282229805453,22.14067890389261],[113.56764,22.13906],[113.56989156222461,22.138257188878928],[113.57252,22.137315],[113.57564369665874,22.138643988859027],[113.57797,22.13963],[113.57797,22.13809],[113.57488,22.13504],[113.57488184064485,22.135038815650645],[113.57488,22.135037],[113.57672721240203,22.133851424806885],[113.57976,22.1319],[113.58594922269133,22.131939994977003],[113.58616098917996,22.131246336942617],[113.58668,22.12954],[113.58749,22.12722],[113.58749,22.124861999999997],[113.585948,22.124091],[113.58464800000029,22.123665194915347],[113.58359,22.12332],[113.58166662864906,22.1243682531258],[113.577485,22.126654],[113.57748559985347,22.12664694803403],[113.57748,22.12665],[113.57797,22.12092],[113.57540821686774,22.119901855421794],[113.574067,22.119371]]],[[[113.91057,22.16616],[113.91057,22.158433],[113.903331,22.158433],[113.89715159130435,22.158433],[113.89959,22.16303],[113.91057,22.16616]]],[[[113.91057,22.17638],[113.903331,22.17869967955801],[113.903331,22.18650892127072],[113.91057,22.1787],[113.91057,22.17638]]],[[[113.98447,22.18806],[113.97755179559334,22.193428606598804],[113.98373388236357,22.19896],[113.98764,22.19896],[113.99073,22.19188],[113.99007758631988,22.189717369467758],[113.98910636757255,22.186511213418648],[113.98447,22.18806]]],[[[113.5333262538296,22.179256258928365],[113.53289,22.1787],[113.5289,22.1787],[113.52595269914461,22.175158894058274],[113.524832,22.173814],[113.52475,22.173733],[113.522695181945,22.177928060657457],[113.51987,22.1837],[113.52005946892619,22.18439866666532],[113.520193,22.184882],[113.5210485118512,22.18734165132845],[113.52215,22.1905],[113.5234195344696,22.191712689642603],[113.524832,22.193061],[113.525401,22.19363],[113.52598365337555,22.194556564413077],[113.53037,22.20152],[113.53461038088973,22.20675965097645],[113.535248,22.207546],[113.53524753888719,22.207546958911827],[113.53525,22.20755],[113.53430042739248,22.209516534238787],[113.533702,22.210761],[113.532074,22.210761],[113.53207451291745,22.21076],[113.53207,22.21076],[113.53288794539185,22.209173983935298],[113.530286897114,22.20840880384922],[113.5273513552012,22.207550396286276],[113.52434307432594,22.21255087645257],[113.5289,22.21385],[113.5289,22.213852714348395],[113.528901,22.213853],[113.528901,22.214626],[113.535248,22.214626],[113.53524999999999,22.21463],[113.53525,22.21463],[113.53626666666666,22.216663333333333],[113.536469,22.217068],[113.53726468508681,22.2182750552546],[113.53891,22.22077],[113.53999014784247,22.22017611088377],[113.544526,22.217678],[113.544526,22.216132],[113.54453,22.216130525873226],[113.54453,22.21613],[113.55071,22.21385],[113.5538,22.21149],[113.55559,22.20755],[113.55681,22.20356],[113.55634149999958,22.203635278828045],[113.551524,22.204413],[113.5515200574064,22.204409990775908],[113.55152,22.20441],[113.55141263558563,22.20432799999421],[113.548432,22.202053],[113.5484323745096,22.202051813541317],[113.54843,22.20205],[113.54916,22.19973],[113.55071,22.19896],[113.55714,22.20246],[113.5538,22.19664],[113.5538,22.195871000000007],[113.552257,22.197414],[113.55105451867782,22.196212295976675],[113.55071,22.19587],[113.55071065336374,22.195868652941407],[113.55071,22.195868],[113.5508688771082,22.195542438554682],[113.55152,22.1942],[113.55152,22.19188],[113.55152,22.19111],[113.55152,22.18956],[113.54843,22.18806],[113.54361064052465,22.184637812629433],[113.542979,22.18419],[113.539887,22.182644],[113.535981,22.182644],[113.5333262538296,22.179256258928365]]],[[[114.022146,22.202826],[114.022146,22.202827411436548],[114.02215,22.20283],[114.02215,22.20677],[114.02472211135341,22.205914481320892],[114.026785,22.205227],[114.034516,22.205227],[114.03312162287747,22.20100780326878],[114.03142000017547,22.195870000529816],[114.026785,22.198961],[114.02678169572715,22.19895887073343],[114.02678,22.19896],[114.02137130870979,22.195472428566966],[114.01579972554825,22.191882111939705],[114.01556799760296,22.1936652867382],[114.014985,22.198188],[114.022146,22.202826]]],[[[114.042247,22.255968],[114.04297885133032,22.2412],[114.03834,22.2412],[114.03670520356074,22.24321750890047],[114.031423,22.249742],[114.02052402151172,22.25519098952023],[114.02255945257474,22.255691821138264],[114.023692,22.255968],[114.042247,22.255968]]],[[[114.04786084267242,22.256741],[114.0429804362292,22.256741],[114.04534,22.26215],[114.05022,22.26215],[114.05115000000045,22.26168799999978],[114.051768,22.261379],[114.04981499998547,22.259059999982764],[114.04786084267242,22.256741]]],[[[113.9797652301138,22.302819094384287],[113.983735,22.309027],[113.98822589510499,22.309824911419252],[113.99244,22.31057],[113.99492200002892,22.31466459891776],[113.99952143558653,22.322251069036657],[114.00078015918588,22.32318840136906],[114.0173422818766,22.33551497700123],[114.01910808554983,22.331627987783406],[114.020518,22.328518],[114.04379088664842,22.345769433441262],[114.04800342561596,22.343077666664172],[114.049327,22.342231],[114.05305410459128,22.338256723853785],[114.05486,22.33633],[114.0534606330507,22.332793088713906],[114.051768,22.328518],[114.050995,22.324225],[114.05022056541523,22.319933133494732],[114.04675871803249,22.32266840981213],[114.04615,22.32315],[114.04087989999685,22.324108200000573],[114.038341,22.324571],[114.031423,22.324571],[114.03142288513861,22.32457],[114.03142,22.32457],[114.02963,22.30899],[114.01271,22.31135],[114.01271,22.311346442311102],[114.012706,22.311347],[114.012706,22.298082],[114.01271,22.298083620762714],[114.01271,22.29808],[114.01954599999698,22.300853504236063],[114.022146,22.301907],[114.017589,22.289049],[114.01819418801867,22.277681970048665],[114.01888978740801,22.264594],[114.004161,22.264594],[113.99736176149554,22.267049430994785],[113.99537,22.26777],[114.00725,22.2521],[113.99244,22.2412],[113.9924432820811,22.241197943966945],[113.992442,22.241197],[114.00612063391164,22.23262987795775],[114.01498,22.22708],[114.0001722880107,22.21613169167571],[113.99728785076405,22.21488259695713],[113.98194336442306,22.20824145613264],[113.980642,22.215318],[113.980642,22.23725],[113.98064,22.23725],[113.96909,22.23725],[113.969086,22.23725],[113.959565,22.23725],[113.95956,22.23725],[113.94565,22.23725],[113.945649,22.23725],[113.94072593611378,22.233464893499633],[113.9284,22.22399],[113.92148,22.22399],[113.9183,22.21922],[113.9229985934305,22.218145371205498],[113.928396,22.216905],[113.928396,22.210761],[113.919119,22.205024],[113.91268999999912,22.20451499999993],[113.90626,22.20401],[113.89840960823228,22.211281738811856],[113.894054,22.215318],[113.89326614124325,22.21892371428427],[113.89251,22.2224],[113.88396,22.22],[113.8750864171986,22.21400924946481],[113.873709,22.21308],[113.859141,22.201402],[113.8464497466726,22.197090272894755],[113.84241559562909,22.201436027329216],[113.839203,22.204901],[113.837901,22.217963],[113.837332,22.228624],[113.839203,22.234198],[113.849213,22.234198],[113.849213,22.244127],[113.856781,22.245998],[113.856781,22.252265],[113.85166330654492,22.256002306539962],[113.8506,22.25678],[113.85075431578966,22.256886092105386],[113.851085,22.257107],[113.85860492382741,22.262537533227054],[113.85987,22.26345],[113.8609006666637,22.2642564821069],[113.866954,22.268988],[113.86729789333337,22.26991244444455],[113.86760953313288,22.270738762094766],[113.86974472287291,22.27109772287533],[113.8768,22.27228],[113.88396,22.27936],[113.89251,22.29271],[113.91131,22.29271],[113.9127319049701,22.292591158384997],[113.921479,22.291856],[113.928396,22.284857],[113.93180435302324,22.28614202952875],[113.93865,22.28872],[113.96192,22.30117],[113.97674,22.29808],[113.9797652301138,22.302819094384287]]],[[[114.04069963251021,22.291079840866807],[114.03988599999451,22.289200211851735],[114.03834,22.28563],[114.042979,22.28563],[114.042979,22.281684],[114.03452,22.279365096537873],[114.03452,22.28872],[114.03525,22.28872],[114.04069963251021,22.291079840866807]]],[[[113.933767,22.300401],[113.931488,22.292711],[113.929942,22.292711],[113.929942,22.301174],[113.92723011821045,22.30557680457152],[113.92368,22.31135],[113.92368,22.31289],[113.92368,22.313667480370256],[113.929942,22.315985],[113.93303249534296,22.322246925093523],[113.93473338471475,22.32015099044828],[113.936127,22.318427],[113.9375264737239,22.319259631356964],[113.94255420106671,22.322246554910553],[113.94067616049087,22.316562020062733],[113.93946,22.31289],[113.93893569739295,22.312403484968236],[113.936127,22.309801],[113.933767,22.300401]]],[[[114.06220117650399,22.342446094090125],[114.061778,22.339464],[114.05640920716112,22.339464],[114.05499365465911,22.346605690687568],[114.054861,22.347276],[114.05769297196142,22.351524873845083],[114.05795,22.35191],[114.06576569640345,22.348821700526003],[114.0634383435607,22.346525950922636],[114.06267,22.34577],[114.06220117650399,22.342446094090125]]],[[[113.8839597184525,22.379219352509917],[113.8798916770131,22.36986385671809],[113.87759740125489,22.378286200623375],[113.87607116551504,22.383895716274566],[113.8839597184525,22.379219352509917]]],[[[113.64242199615488,22.411420424205865],[113.64242,22.41142],[113.64239205616975,22.406937011233982],[113.642347,22.40019],[113.631449,22.396102],[113.62118968976645,22.391420227458223],[113.61690791995268,22.39455955196294],[113.612272,22.397962],[113.610441,22.413337],[113.61076671834297,22.417395568996458],[113.61182,22.43047],[113.62338,22.43987],[113.63488,22.43804],[113.64314415970182,22.43833755466318],[113.649595,22.438566],[113.65560496524704,22.433813951346064],[113.6578699837499,22.432020012870396],[113.6578698371532,22.431993065138734],[113.65782,22.42375],[113.65329,22.41373],[113.64436769731186,22.411833908076396],[113.642422,22.411421],[113.64242199615488,22.411420424205865]]],[[[113.57532,22.69873],[113.60394,22.68495],[113.63568794979764,22.656471839047654],[113.64510952347648,22.62511658588325],[113.64183046793104,22.601623352554785],[113.628015,22.595785],[113.60261,22.611521],[113.57163239196629,22.64556607194547],[113.56243,22.65568],[113.56242916970149,22.655680615450382],[113.562427,22.655683],[113.525331,22.683182],[113.491368,22.705774],[113.476511,22.719514],[113.47652496401028,22.725375892030797],[113.47653999537954,22.73126818877955],[113.4886743867665,22.733569547061464],[113.50208,22.73611],[113.5255,22.74487],[113.54676,22.74188],[113.5595,22.735],[113.56244724063767,22.72470915976871],[113.563707,22.720303],[113.56691640401839,22.713677711405666],[113.5732,22.7007],[113.57532,22.69873]]],[[[113.49976087915209,22.878730127472757],[113.527029,22.846625],[113.546723,22.834866],[113.55920431033147,22.832585879319346],[113.57301,22.83006],[113.57400174730361,22.82827949460696],[113.576427,22.82392],[113.587657,22.794623],[113.593516,22.784817],[113.602875,22.772447],[113.60283006448313,22.767007028660895],[113.60279,22.76264],[113.59457,22.75609],[113.5798427283802,22.753730437133555],[113.56187333332483,22.757188333334973],[113.55828,22.75788],[113.55507760795115,22.760433480126736],[113.54460722588553,22.76878481983019],[113.53566,22.78433],[113.52858,22.80215],[113.52857738989297,22.802144984085807],[113.528575,22.802151],[113.52116964439529,22.787910239194936],[113.5164737486653,22.791068899470147],[113.506114,22.798041],[113.495291,22.81387],[113.480805,22.849311],[113.473969,22.849311],[113.473155,22.825385],[113.46402972127328,22.82822593856024],[113.4559,22.83076],[113.43409,22.84907],[113.40211,22.88288],[113.39617023959245,22.89809938609477],[113.405121,22.908108],[113.4155348328958,22.90956949868105],[113.43295,22.91201],[113.4756,22.9007],[113.4878,22.89281],[113.49976087915209,22.878730127472757]]],[[[113.51537896193878,22.96921810173853],[113.52078162025555,22.96575562026994],[113.52920999184741,22.96035000522874],[113.529186,22.948594],[113.52919000218148,22.94859128271093],[113.52919,22.94859],[113.54514,22.93776],[113.54923634459449,22.92493834457898],[113.553599,22.911281],[113.55357995524146,22.902770999999973],[113.55354,22.88581],[113.54501281595007,22.879961931220148],[113.53327161934416,22.889196034097203],[113.52376,22.89668],[113.50996,22.92122],[113.50943217348413,22.925030130122906],[113.505754,22.951609],[113.51087281961331,22.960977897548336],[113.51537896193878,22.96921810173853]]],[[[114.21681,22.03217],[114.27166,22.05052],[114.27874968926363,22.05179877684331],[114.28297,22.052558],[114.292979,22.057807],[114.29542007181846,22.062810097645915],[114.29625453426857,22.063944650693227],[114.29859184119513,22.06712070764795],[114.30421,22.06928],[114.30945179236838,22.06866279236618],[114.310069,22.06859],[114.309337,22.062567],[114.30880120837337,22.06142639880038],[114.30681,22.0572],[114.3055542052327,22.05124787685631],[114.305349,22.050279],[114.30490766344234,22.049440336569482],[114.3025,22.04487],[114.26147145990821,22.032983609763615],[114.222423,22.021674],[114.20672329993472,22.025782089849642],[114.21681,22.03217]]],[[[114.266368,22.178697],[114.26946,22.171658],[114.26946,22.16458],[114.26501589059819,22.162726218797015],[114.264089,22.16234],[114.26295844444503,22.161238222222792],[114.25611154305717,22.154571502450402],[114.250662,22.16234],[114.256114,22.171658],[114.266368,22.178697]]],[[[114.25611,22.18187],[114.25455783828049,22.18028766667038],[114.251475,22.177151],[114.249034,22.177151],[114.24903010270953,22.17715],[114.24903,22.17715],[114.24899197282004,22.177140216308064],[114.24285,22.175564256588522],[114.24285,22.18419],[114.24285,22.18496],[114.24838,22.18496],[114.2518683714583,22.18596688561646],[114.25375051111213,22.18650899510156],[114.25611,22.18187]]],[[[114.13738,22.17878],[114.11085038500043,22.177070024815333],[114.11127628755212,22.178203715667735],[114.11411,22.18574],[114.11411,22.21613],[114.114106,22.216129935025382],[114.114106,22.216132],[114.107436403589,22.216021596403476],[114.10426,22.21597],[114.10448365273965,22.216651557874844],[114.106375,22.222398],[114.1067,22.235785],[114.1100827503514,22.234532376576492],[114.11329,22.23334],[114.11744,22.22187],[114.12174361044504,22.217504168681053],[114.125743,22.213446],[114.13180300000099,22.215745033898678],[114.13282,22.21613],[114.13282,22.20995],[114.12574,22.20523],[114.12574831108144,22.20523054072096],[114.125743,22.205227],[114.13585324250562,22.205887969994343],[114.13819,22.20604],[114.14967,22.20604],[114.15463,22.2036],[114.14969349603251,22.2003987519726],[114.143077,22.196112],[114.14001709215604,22.192271769619108],[114.13909,22.19111],[114.13909053952787,22.19110893213064],[114.139089,22.191107],[114.14535445694976,22.178700055569426],[114.13738,22.17878]]],[[[114.142182,22.241889],[114.15634,22.238837431073446],[114.15634,22.23176],[114.15434057142943,22.231384203786735],[114.152192,22.230984],[114.14721387928194,22.23452057748375],[114.14446,22.23648],[114.14280941526206,22.2398969999838],[114.142182,22.241197],[114.142182,22.241889]]],[[[114.222667,22.22475942105263],[114.21868,22.22399],[114.21176,22.21613],[114.21709479898959,22.208320532692976],[114.218679,22.206],[114.215587,22.198961],[114.21718139830602,22.196070999998284],[114.21948979613789,22.191880370088125],[114.207693,22.189561],[114.20709250212307,22.195339501068762],[114.20607,22.20523],[114.20641582120072,22.205476863134056],[114.209321,22.207546],[114.20931908672347,22.20754934806106],[114.20932,22.20755],[114.20846027816522,22.209052185444165],[114.206554,22.212388],[114.2065517409475,22.212386958055614],[114.20655,22.21239],[114.19606,22.20755],[114.19142,22.20995],[114.19606,22.21532],[114.19154248366313,22.217836901959117],[114.18906121260098,22.219221649032804],[114.1937,22.22553],[114.19142,22.23098],[114.1914185650144,22.230980255364827],[114.191417,22.230984],[114.18313424889605,22.23245450220564],[114.18271,22.23253],[114.18385,22.24103],[114.1838483272997,22.241028981891862],[114.183849,22.241034],[114.171153,22.233303],[114.17115150850437,22.23330091816841],[114.17115,22.2333],[114.17042356625913,22.232284855413397],[114.167247,22.227851],[114.16488958165138,22.227851],[114.16261,22.2333],[114.1618979110214,22.236392999980655],[114.160981,22.240383],[114.152192,22.245022],[114.135997,22.245754],[114.1327600850817,22.247220134803968],[114.12908,22.24889],[114.1270210489006,22.2528611956094],[114.125011,22.256741],[114.12466886753424,22.257824147014492],[114.12355,22.26138],[114.11883,22.26919],[114.11882640453126,22.269191330380778],[114.118826,22.269192],[114.1125600772003,22.271510601399797],[114.11276845717387,22.27313390711994],[114.113373,22.277818],[114.1147475873833,22.27875047568872],[114.11565,22.27936],[114.12045,22.28168],[114.12908,22.28563],[114.13909,22.28872],[114.14991,22.28563],[114.15707,22.28168],[114.1657,22.27936],[114.17888,22.27936],[114.17998261152908,22.28028914031868],[114.188162,22.287177],[114.196788,22.291856],[114.20129486586397,22.290156597595182],[114.20639,22.28823],[114.2155872082722,22.285630788966557],[114.21715277571273,22.28404446541767],[114.22177,22.27936],[114.22812,22.28091],[114.2299036686624,22.280196994027577],[114.23585,22.277818],[114.23726004113298,22.27543141559674],[114.24366,22.26459],[114.24861480667172,22.26108615333828],[114.251475,22.25906],[114.251475,22.248887],[114.24804477987584,22.24500525995653],[114.24529,22.24189],[114.24903,22.23253],[114.25375,22.22399],[114.24903,22.2224],[114.25611,22.2036],[114.24366260903464,22.201280486181556],[114.24217695100883,22.203127963253984],[114.24049,22.20523],[114.2348140760269,22.20982654386438],[114.23275998942809,22.211491387562226],[114.23268,22.22199],[114.23100597302253,22.228096513502734],[114.229503,22.233588],[114.22913025698342,22.233874209492974],[114.22267,22.23884],[114.2213269999893,22.237804102380828],[114.216807,22.23432],[114.222667,22.23253],[114.222667,22.22475942105263]]],[[[114.28213833300875,22.244454083738976],[114.282888,22.249725935483905],[114.282888,22.248887],[114.29183818093783,22.25266736187681],[114.29599,22.25442],[114.29599,22.248114],[114.29599,22.24811],[114.29851,22.24266],[114.29727557674258,22.24065452557879],[114.295177,22.23725],[114.2882597225358,22.232530492970366],[114.28517,22.23802],[114.28516850900596,22.238020319220652],[114.285167,22.238023],[114.28333756408874,22.23841232309327],[114.28134235386312,22.23883949603975],[114.28213833300875,22.244454083738976]]],[[[114.34669,22.25906],[114.344412,22.263048],[114.34620459439333,22.267882811217127],[114.34669,22.26919],[114.34847696296123,22.266668518520966],[114.349946,22.264594],[114.34669,22.25906]]],[[[114.27255,22.27619],[114.26933347259059,22.273597637029678],[114.264822,22.269965],[114.2650372896719,22.272450881604634],[114.26564,22.27936],[114.27255,22.27619]]],[[[114.0734976802635,22.28014],[114.069672,22.28014],[114.069672,22.28563],[114.07195,22.28563],[114.07439,22.28408],[114.07410496213585,22.282818146983466],[114.0734976802635,22.28014]]],[[[114.368663,22.305162],[114.363943,22.312893],[114.36630241471947,22.318425627566768],[114.3676146546664,22.316049499990243],[114.370209,22.311347],[114.370209,22.305162],[114.368663,22.305162]]],[[[114.13569899509224,22.319181965619514],[114.141368,22.315985],[114.145356,22.316799],[114.14681931245794,22.31366960892102],[114.14425427599315,22.312210597353896],[114.141368,22.310574],[114.13968257848059,22.31169737213581],[114.13673,22.31367],[114.13234853315959,22.31464506631998],[114.129812,22.315212],[114.12948056971537,22.315561994002753],[114.1290827551868,22.315987056101775],[114.13249454844954,22.31853316084899],[114.13437,22.31993],[114.13569899509224,22.319181965619514]]],[[[114.352306,22.312893],[114.34669070918962,22.30980139045839],[114.35304,22.32225],[114.35604820012821,22.32225],[114.352306,22.312893]]],[[[114.31634,22.33633],[114.3235,22.33946],[114.32886873953396,22.33714054455888],[114.33122746532311,22.326119498255085],[114.31951,22.3238],[114.31634,22.33633]]],[[[114.09553725438298,22.32384242396847],[114.089041,22.322252],[114.086843,22.339464],[114.08024556512477,22.348144520961174],[114.079112,22.349637366106087],[114.079112,22.35578],[114.07995684467845,22.3562191553179],[114.0853,22.35899],[114.09376,22.35578],[114.10255,22.35346],[114.10564,22.34728],[114.10873,22.34024],[114.10548180190615,22.328479857157642],[114.10482874498821,22.326119692406863],[114.09553725438298,22.32384242396847]]],[[[114.310883,22.376125],[114.316335,22.376125],[114.319509,22.358995],[114.31950909072829,22.358994916377572],[114.31951,22.35899],[114.32502500216621,22.353911012962303],[114.328868,22.350369],[114.328868,22.34256],[114.30779,22.34256],[114.30654499999763,22.34425341102018],[114.305431,22.345771],[114.3051526834512,22.350792088733048],[114.3047,22.35899],[114.30427390798047,22.360702615020422],[114.303152,22.36522],[114.310883,22.376125]]],[[[114.288992,22.369086],[114.292817,22.371405],[114.29599,22.362087],[114.29599,22.348822],[114.289724,22.353461],[114.288992,22.36522],[114.288992,22.369086]]],[[[114.3631291691426,22.486110133283375],[114.365408,22.474433],[114.36216892688289,22.46997417061093],[114.35914,22.46581],[114.35304,22.48066],[114.35833,22.48688],[114.3631291691426,22.486110133283375]]],[[[114.29577485316753,22.51067182531744],[114.29363185108419,22.512801160720826],[114.29511252011633,22.513729613023767],[114.298513,22.515855],[114.303152,22.514268],[114.30852275621258,22.526027466218604],[114.31706647812366,22.518173237654736],[114.312429,22.512803],[114.30699274999165,22.509995662485586],[114.30006,22.50642],[114.29577485316753,22.51067182531744]]],[[[114.29518089189189,22.547838],[114.295177,22.547838],[114.29802404225802,22.54146245069414],[114.30078721560201,22.53526624380157],[114.29107866667447,22.53981938869691],[114.28899134175057,22.540799370059474],[114.28598136766313,22.54706423475762],[114.2871057085955,22.55054558276083],[114.28899083836832,22.55637940515313],[114.29438952664782,22.552548877763083],[114.297699,22.550198],[114.3026770320621,22.551975540088698],[114.30852,22.55406],[114.3163308769886,22.551742706571154],[114.30847634043174,22.549278661932888],[114.30388,22.54784],[114.29851,22.54784],[114.29518,22.54784],[114.29518089189189,22.547838]]],[[[114.43021239406134,22.54661600000559],[114.43335884533897,22.543891],[114.4225403956466,22.543891],[114.42563,22.5517],[114.42674615686639,22.55018731372055],[114.427908,22.548611],[114.43021239406134,22.54661600000559]]],[[[116.99125660169226,23.452096135597014],[116.993907,23.44831],[116.99967143945705,23.44217597534146],[117.00025,23.44156],[117.00025040224006,23.44155989254385],[117.000255,23.441555],[117.00792642856867,23.439509285715022],[117.01002,23.43895],[117.01743,23.44188],[117.02686,23.44385],[117.03758,23.4469],[117.04435,23.46447],[117.04594218005185,23.467704852071538],[117.04908121949902,23.474080383721674],[117.063,23.47846],[117.06512830461232,23.47760704309391],[117.07081059943175,23.475328160647766],[117.07154,23.47309],[117.07857026614552,23.46859646639661],[117.090328,23.461077],[117.09393466667213,23.4631872966755],[117.10215,23.46799],[117.10571513202969,23.47549830456914],[117.1089431341098,23.482290074136245],[117.12585,23.48269],[117.12408143622672,23.473432000003886],[117.122569,23.465522],[117.12257027522699,23.465521440746222],[117.12257,23.46552],[117.13104327554284,23.4618055866761],[117.13409058082247,23.460469183831282],[117.14179,23.44965],[117.13963365143374,23.434970242452764],[117.137367,23.419565],[117.13064876326152,23.403762355093118],[117.12878,23.39937],[117.12192149412624,23.400682662754228],[117.106944,23.403551],[117.082877,23.411144],[117.04889902595573,23.40471038360798],[117.02394,23.41454],[117.01545,23.41625],[117.00401,23.41976],[117.00138060115337,23.419634898843803],[116.992445,23.419213],[116.98251890034842,23.419098269757274],[116.96934,23.41895],[116.9481,23.42181],[116.94321763993803,23.429692479552102],[116.9429901368434,23.43006016267058],[116.94820382787483,23.436257860606165],[116.95311,23.442087],[116.967635,23.453148],[116.982188,23.459459],[116.9845011248503,23.458116812112806],[116.98878,23.45563],[116.99125660169226,23.452096135597014]]],[[[116.95093858298367,23.5174009194539],[116.93727,23.52627],[116.93605,23.53555],[116.93678418541116,23.53582365728862],[116.946544,23.539455],[116.957774,23.544908],[116.96754,23.554348],[116.96906804705911,23.555475929411976],[116.97438,23.55939],[116.97853,23.55927],[116.98585,23.56045],[116.99562,23.56354],[117.00514,23.56293],[117.00528600000558,23.562651016856805],[117.009288,23.554999],[117.00753596765708,23.552256593541955],[117.00367,23.54621],[116.99586,23.53852],[116.99293,23.53388],[116.9878,23.52412],[116.97867154522048,23.518975757965702],[116.970958,23.514635],[116.95093858298367,23.5174009194539]]],[[[116.92945,23.53954],[116.92822964474396,23.54037644736354],[116.92375814428695,23.543442215449385],[116.91953,23.54849],[116.91922933333377,23.551455666662243],[116.918875,23.554999],[116.924978,23.560696],[116.93659172180467,23.56611305513172],[116.9371,23.56635],[116.9371002975129,23.566350273027616],[116.937104,23.566352],[116.945974,23.57449],[116.9460151845923,23.578270444222092],[116.94606,23.58202],[116.94899,23.59105],[116.95371,23.59573],[116.95800611160709,23.597379110714936],[116.96697,23.600816],[116.970795,23.59984],[116.97107442988809,23.595956817083472],[116.9712,23.59418],[116.96892,23.58576],[116.96062,23.57412],[116.96068434923592,23.56677283135839],[116.960785,23.554714],[116.95913069775023,23.549882938909764],[116.95826,23.54735],[116.95248,23.54377],[116.94256,23.54357],[116.92945,23.53954]]],[[[117.38074899998757,23.687287312560656],[117.3755,23.6894],[117.37311540012658,23.689827000150345],[117.363943,23.691474],[117.35798808556333,23.689892475943164],[117.35613,23.6894],[117.35281055524854,23.687808861193517],[117.3464483822102,23.684761141168227],[117.34051,23.68895],[117.34246,23.69965],[117.37209,23.72494],[117.42212760555078,23.64762369981641],[117.421149,23.646464],[117.417766,23.627466],[117.415375,23.608222],[117.423839,23.601996],[117.431559,23.58263],[117.37446,23.572654],[117.34721217113669,23.573341543637323],[117.32048597217185,23.57401984842765],[117.33170533816305,23.58854690821101],[117.33782,23.59646],[117.36913,23.62236],[117.39268201699444,23.6767689888534],[117.393728,23.679185],[117.39372787847047,23.679185098921806],[117.39373,23.67919],[117.3877924794319,23.68401635600465],[117.386729,23.684882],[117.38074899998757,23.687287312560656]]]]},"properties":{"id":"southern-han-943","dynastyId":"southern-han","name":"南汉","validFromYear":943,"validToYearExclusive":944,"boundaryKind":"controlled","accuracyLevel":"reconstructed","verificationStatus":"reviewed","sourceRefs":["atlas-1935-936-946","user-943-crosscheck","natural-earth-land-10m"],"disputedNote":null,"labelLongitude":111.5,"labelLatitude":22.7,"snapshotId":"snapshot-943"}},{"type":"Feature","geometry":{"type":"Polygon","coordinates":[[[101.0,34.5],[104.4,35.0],[103.9,33.3],[105.7,32.65],[107.0,32.98],[109.0,33.28],[110.65,32.72],[109.8,31.5],[108.35,29.55],[106.8,28.0],[104.0,27.2],[101.5,27.0],[99.0,27.8],[97.5,29.5],[98.5,32.5],[101.0,34.5]]]},"properties":{"id":"later-shu-943","dynastyId":"later-shu","name":"后蜀","validFromYear":943,"validToYearExclusive":944,"boundaryKind":"controlled","accuracyLevel":"reconstructed","verificationStatus":"reviewed","sourceRefs":["atlas-1935-936-946","user-943-crosscheck","natural-earth-land-10m"],"disputedNote":null,"labelLongitude":103.7,"labelLatitude":30.9,"snapshotId":"snapshot-943"}},{"type":"Feature","geometry":{"type":"MultiPolygon","coordinates":[[[[112.2,30.1],[111.92262943939303,29.787958119317167],[111.52600968478788,29.81114700776623],[112.2,30.1]]],[[[110.9,30.0],[110.95,30.6],[111.55,31.0],[112.1,30.8],[112.2,30.1],[111.15,29.65],[110.9,30.0]]]]},"properties":{"id":"jingnan-943","dynastyId":"jingnan","name":"荆南","validFromYear":943,"validToYearExclusive":944,"boundaryKind":"controlled","accuracyLevel":"reconstructed","verificationStatus":"reviewed","sourceRefs":["atlas-1935-936-946","user-943-crosscheck","natural-earth-land-10m"],"disputedNote":null,"labelLongitude":111.65,"labelLatitude":30.35,"snapshotId":"snapshot-943"}},{"type":"Feature","geometry":{"type":"MultiPolygon","coordinates":[[[[116.45,25.15],[114.8,25.8],[114.85,27.0],[116.8,27.75],[118.45,28.3],[116.9,26.9],[116.45,25.15]]],[[[106.8,28.0],[108.28,29.48],[108.35,29.484375],[108.35,27.8],[109.45,26.2],[107.0,25.5],[104.85,25.0],[106.41694915254237,25.364406779661017],[105.4,26.0],[105.22769230769231,27.55076923076923],[104.0,27.2],[106.8,28.0]]],[[[111.091701,32.542068],[111.105536,32.533531],[111.139388,32.53412],[111.157344,32.560319],[111.174123,32.629494],[111.193257,32.650394],[111.213862,32.64068],[111.248008,32.602413],[111.271557,32.592699],[111.284509,32.590932],[111.284509,32.58534],[111.268614,32.56444],[111.25625,32.541185],[111.250363,32.51793],[111.254779,32.507922],[111.274501,32.524995],[111.292752,32.54825],[111.303937,32.559141],[111.316301,32.564145],[111.329842,32.562085],[111.337201,32.554726],[111.343088,32.5456],[111.351919,32.539419],[111.366637,32.53883],[111.386654,32.542657],[111.406965,32.549721],[111.423155,32.558258],[111.43493,32.562674],[111.445821,32.560319],[111.456124,32.557081],[111.465838,32.557669],[111.476435,32.566795],[111.482028,32.579452],[111.490859,32.607123],[111.505283,32.627139],[111.51181606652098,32.631206829509956],[112.3,32.55],[114.25999332211025,32.96023116044168],[114.268479,32.956238],[114.26488620768555,32.957928683564894],[112.25,32.5],[111.6,31.55],[111.55,31.0],[110.95,30.6],[110.9,30.0],[109.9,30.1],[108.35,29.55],[109.8,31.5],[110.65,32.72],[111.09894431116535,32.6737451315769],[111.116722,32.663052],[111.134972,32.670411],[111.13422572388052,32.67011007693352],[111.13483244789262,32.6700475659747],[111.120843,32.633615],[111.119371,32.620663],[111.124375,32.6083],[111.132323,32.596525],[111.137327,32.584456],[111.133206,32.571799],[111.121432,32.565323],[111.109952,32.569444],[111.09906,32.576214],[111.089052,32.576803],[111.080221,32.5665],[111.082281,32.553843],[111.091701,32.542068]]],[[[111.457007,32.597408],[111.43228,32.616248],[111.419623,32.618603],[111.416385,32.612715],[111.420211,32.60359],[111.421683,32.595054],[111.411086,32.589755],[111.39313,32.591816],[111.23181634481621,32.6600552856856],[111.48144204772014,32.634336273871256],[111.481733,32.618897],[111.478201,32.604768],[111.469959,32.595937],[111.457007,32.597408]]]]},"properties":{"id":"regional-uncertain-snapshot-943","dynastyId":"regional-uncertain","name":"归属待考","snapshotId":"snapshot-943","validFromYear":943,"validToYearExclusive":944,"boundaryKind":"influence","accuracyLevel":"approximate","verificationStatus":"reviewed","sourceRefs":["continuous-method"],"disputedNote":"原图幅之间缺少细部归属依据的接缝，暂不按距离归国。","labelLongitude":106.9445512820513,"labelLatitude":27.375384615384615}}]}
