{"type":"FeatureCollection","name":"realms","xy_coordinate_resolution":1e-05,"features":[{"type":"Feature","properties":{"id":"later-jin-943","dynastyId":"later-jin","name":"后晋","validFromYear":943,"validToYearExclusive":944,"boundaryKind":"controlled","accuracyLevel":"reconstructed","verificationStatus":"reviewed","sourceRefs":["atlas-1935-936-946","user-943-crosscheck","natural-earth-land-10m"],"disputedNote":null,"labelLongitude":113.5,"labelLatitude":35.8},"geometry":{"type":"MultiPolygon","coordinates":[[[[104.4,35.0],[103.9,33.3],[105.7,32.65],[107.0,32.98],[109.0,33.28],[110.65,32.72],[112.3,32.55],[114.45,33.0],[116.0,33.38],[117.55,33.38],[119.15,33.72],[119.45,34.65],[119.49279,34.65138],[119.45655,34.68456],[119.47275,34.69815],[119.47421,34.71528],[119.46323,34.73237],[119.44223,34.74604],[119.42823,34.74995],[119.40146,34.75113],[119.38771,34.75349],[119.37558,34.75934],[119.358,34.7746],[119.34669,34.78083],[119.33505,34.7685],[119.32496,34.76],[119.31178,34.75507],[119.29135,34.75349],[119.24179,34.76166],[119.22934,34.75971],[119.22096,34.74942],[119.20981,34.71857],[119.20338,34.7119],[119.19223,34.71821],[119.18873,34.73306],[119.19028,34.74925],[119.19532,34.75971],[119.18906,34.76655],[119.20191,34.78498],[119.19313,34.80988],[119.1887,34.85627],[119.20338,34.93163],[119.19703,34.9477],[119.19288,34.97403],[119.19288,35.00043],[119.19931,35.01667],[119.20395,35.02497],[119.20729,35.04841],[119.21266,35.05801],[119.2212,35.06403],[119.2291,35.06611],[119.2505,35.06818],[119.28028,35.07661],[119.3143,35.08625],[119.33619,35.08869],[119.358,35.09711],[119.37062,35.11742],[119.38771,35.20539],[119.40455,35.25373],[119.41871,35.27131],[119.42189,35.27741],[119.42189,35.30052],[119.42392,35.31346],[119.42872,35.32148],[119.4358,35.32258],[119.46957,35.32148],[119.50766,35.33234],[119.51352,35.3393],[119.52231,35.35273],[119.55152,35.38003],[119.55893,35.39033],[119.56227,35.40062],[119.56455,35.42471],[119.56959,35.43476],[119.59596,35.46198],[119.59986,35.46918],[119.6041,35.48802],[119.63413,35.54804],[119.64137,35.57201],[119.64796,35.58393],[119.65773,35.58893],[119.66896,35.59032],[119.68385,35.59398],[119.69679,35.59943],[119.7024,35.60602],[119.70712,35.61416],[119.71876,35.61953],[119.73251,35.62084],[119.74391,35.61689],[119.74838,35.60932],[119.74806,35.5998],[119.74391,35.57591],[119.77101,35.59333],[119.81162,35.64789],[119.8401,35.6579],[119.83408,35.63532],[119.84327,35.61579],[119.8602,35.60611],[119.87745,35.61319],[119.88526,35.61762],[119.8956,35.62031],[119.90455,35.62458],[119.90846,35.63398],[119.90675,35.64448],[119.90292,35.65241],[119.90048,35.66055],[119.90162,35.67154],[119.9083,35.68089],[119.93076,35.69953],[119.93564,35.70502],[119.93124,35.71084],[119.90016,35.73627],[119.90821,35.74486],[119.92555,35.75682],[119.93775,35.76114],[119.94972,35.75381],[119.96998,35.73237],[120.00294,35.72777],[120.01979,35.75975],[120.03883,35.84284],[120.05226,35.86262],[120.09718,35.90082],[120.10719,35.904],[120.13575,35.90412],[120.14186,35.90795],[120.14552,35.9138],[120.16285,35.93329],[120.16847,35.93842],[120.18898,35.94526],[120.18971,35.93155],[120.17945,35.92007],[120.1705,35.90746],[120.1753,35.89004],[120.18515,35.90375],[120.22682,35.94184],[120.2444,35.95307],[120.28443,35.96259],[120.29884,35.97313],[120.30348,35.98054],[120.30527,35.98701],[120.30307,35.99405],[120.29542,36.00332],[120.28492,36.01093],[120.28199,36.00666],[120.28077,35.99824],[120.27491,35.99364],[120.24277,35.97358],[120.2295,35.97281],[120.22999,35.9999],[120.19776,35.9853],[120.18605,35.98452],[120.1753,35.99364],[120.17075,36.00869],[120.17189,36.04613],[120.16847,36.06196],[120.15406,36.07705],[120.13575,36.0834],[120.11679,36.08759],[120.10019,36.0961],[120.08969,36.11172],[120.08644,36.13003],[120.08937,36.14769],[120.10524,36.17422],[120.10922,36.18879],[120.10532,36.20087],[120.09034,36.20596],[120.08595,36.20913],[120.0879,36.21621],[120.09287,36.22321],[120.09718,36.22639],[120.10816,36.22553],[120.11142,36.22272],[120.1124,36.21747],[120.11728,36.20966],[120.14454,36.20889],[120.18678,36.21906],[120.21909,36.22191],[120.21632,36.19912],[120.22128,36.19839],[120.22389,36.19652],[120.22608,36.19408],[120.22999,36.19164],[120.24399,36.19111],[120.26425,36.18085],[120.28452,36.17597],[120.29884,36.19164],[120.27516,36.20409],[120.27353,36.23428],[120.28647,36.26382],[120.30641,36.27424],[120.31178,36.26586],[120.32276,36.22639],[120.3392,36.2226],[120.34848,36.21336],[120.36158,36.19164],[120.33497,36.13614],[120.32276,36.11994],[120.31349,36.10448],[120.31227,36.09129],[120.30844,36.07954],[120.292,36.0681],[120.292,36.06196],[120.30909,36.06151],[120.32472,36.0572],[120.33937,36.04995],[120.35353,36.04084],[120.36948,36.04877],[120.42172,36.06196],[120.43564,36.06851],[120.46192,36.08576],[120.47364,36.08926],[120.51417,36.08857],[120.53622,36.09146],[120.54591,36.09976],[120.55161,36.11371],[120.5652,36.11579],[120.5936,36.10977],[120.61671,36.12336],[120.62062,36.12128],[120.62387,36.11766],[120.62778,36.11652],[120.69679,36.14399],[120.70484,36.15624],[120.69337,36.17487],[120.68751,36.18789],[120.67563,36.25064],[120.67042,36.26581],[120.66025,36.27733],[120.65455,36.28828],[120.66196,36.3015],[120.64869,36.3124],[120.64365,36.3225],[120.64772,36.33088],[120.66196,36.33633],[120.66904,36.33462],[120.6937,36.3249],[120.70729,36.32266],[120.72218,36.33055],[120.70956,36.34935],[120.69068,36.37084],[120.68653,36.38715],[120.71412,36.4287],[120.719,36.43236],[120.7317,36.43622],[120.73707,36.43867],[120.74049,36.44282],[120.74781,36.45563],[120.75058,36.45917],[120.77247,36.46353],[120.8069,36.46393],[120.83204,36.45527],[120.82643,36.43252],[120.844,36.42267],[120.8497,36.38614],[120.86744,36.37718],[120.87428,36.3806],[120.88266,36.38874],[120.89039,36.39794],[120.89829,36.41161],[120.90138,36.41901],[120.90097,36.42768],[120.89479,36.43867],[120.90626,36.45238],[120.91953,36.45649],[120.93434,36.45677],[120.94996,36.45917],[120.93784,36.4877],[120.93629,36.49702],[120.94117,36.50971],[120.95191,36.51992],[120.96144,36.53144],[120.96363,36.54792],[120.9568,36.54792],[120.95021,36.54003],[120.93849,36.53437],[120.9275,36.5329],[120.92262,36.53767],[120.92026,36.55329],[120.91407,36.55703],[120.90528,36.55707],[120.89479,36.56159],[120.86459,36.59772],[120.85035,36.60456],[120.82643,36.59634],[120.81357,36.58369],[120.79379,36.55097],[120.77866,36.54108],[120.75025,36.54076],[120.74228,36.55585],[120.74733,36.5773],[120.75758,36.59634],[120.75001,36.59984],[120.74692,36.60318],[120.74733,36.60822],[120.75058,36.61685],[120.77084,36.61717],[120.82407,36.64399],[120.8506,36.65095],[120.86476,36.64671],[120.89267,36.62849],[120.90553,36.62425],[120.92213,36.62368],[120.93336,36.62027],[120.93653,36.61197],[120.9288,36.59634],[120.94467,36.59121],[120.99838,36.5895],[121.00611,36.58763],[121.01466,36.58454],[121.02353,36.58393],[121.03248,36.5895],[121.03403,36.59683],[121.03077,36.61709],[121.03248,36.62425],[121.04249,36.62767],[121.06275,36.61005],[121.08017,36.61001],[121.08969,36.6164],[121.12802,36.65095],[121.15773,36.66861],[121.31422,36.71182],[121.33351,36.71239],[121.36842,36.70677],[121.38526,36.70649],[121.4017,36.71239],[121.37941,36.71699],[121.37778,36.73151],[121.39015,36.74681],[121.40895,36.75397],[121.43247,36.75275],[121.44483,36.75349],[121.45338,36.75739],[121.46616,36.77757],[121.47071,36.78962],[121.4673,36.79499],[121.45802,36.80195],[121.45297,36.81639],[121.45948,36.82868],[121.48439,36.82909],[121.49228,36.82392],[121.49423,36.81688],[121.49814,36.81086],[121.51157,36.80858],[121.52223,36.81216],[121.53053,36.81989],[121.5381,36.82884],[121.54648,36.83592],[121.56284,36.84138],[121.58815,36.84618],[121.60719,36.84496],[121.60475,36.83251],[121.59523,36.82632],[121.57301,36.81965],[121.56324,36.81232],[121.55519,36.80341],[121.54737,36.79816],[121.53712,36.79564],[121.52223,36.79499],[121.50318,36.78864],[121.49643,36.77448],[121.50351,36.76044],[121.52589,36.75397],[121.53712,36.75576],[121.55038,36.76435],[121.56007,36.76765],[121.57301,36.76362],[121.58302,36.76284],[121.59425,36.76765],[121.59767,36.75849],[121.60353,36.74966],[121.61256,36.74299],[121.62525,36.74038],[121.63429,36.74657],[121.63209,36.76122],[121.62143,36.78876],[121.62452,36.81476],[121.63746,36.83137],[121.65821,36.84016],[121.68417,36.84276],[121.68417,36.83592],[121.67408,36.83324],[121.64942,36.82225],[121.64942,36.81607],[121.67148,36.81928],[121.70851,36.83283],[121.72804,36.83592],[121.73715,36.83918],[121.74488,36.84724],[121.75001,36.85741],[121.7518,36.86693],[121.75587,36.8723],[121.77687,36.88646],[121.78598,36.89118],[121.91513,36.92023],[121.9498,36.93891],[121.92335,36.96849],[121.91489,36.98583],[121.92628,36.9936],[121.96144,36.99287],[122.00416,36.98603],[122.02931,36.98676],[122.03964,36.98461],[122.04916,36.97993],[122.0538,36.97525],[122.04982,36.97309],[122.03761,36.96369],[122.03476,36.94184],[122.03541,36.91682],[122.03305,36.89802],[122.04689,36.90034],[122.0652,36.90672],[122.0809,36.91657],[122.08766,36.92902],[122.09433,36.95091],[122.11012,36.95189],[122.12843,36.94562],[122.14291,36.94579],[122.14918,36.96214],[122.14796,36.98501],[122.14999,37.00532],[122.16611,37.01411],[122.1797,37.0058],[122.17856,36.98627],[122.16269,36.94579],[122.17465,36.94111],[122.21119,36.91844],[122.25294,36.90595],[122.26588,36.89802],[122.19687,36.89802],[122.18483,36.88496],[122.18067,36.8664],[122.18531,36.84992],[122.20029,36.84276],[122.31983,36.82294],[122.35524,36.82909],[122.36109,36.83344],[122.37119,36.84565],[122.37574,36.84955],[122.37721,36.85248],[122.37778,36.85712],[122.37973,36.8614],[122.38559,36.86323],[122.3899,36.86197],[122.39332,36.85912],[122.39723,36.85692],[122.40235,36.857],[122.42066,36.86079],[122.431,36.86465],[122.43637,36.87067],[122.43515,36.87922],[122.42945,36.88813],[122.4214,36.89517],[122.41261,36.89802],[122.40748,36.90046],[122.40341,36.90664],[122.40219,36.9145],[122.40577,36.92219],[122.4122,36.92475],[122.42091,36.92308],[122.43051,36.92011],[122.43995,36.91844],[122.45663,36.92064],[122.47731,36.92597],[122.49391,36.9326],[122.49855,36.93891],[122.51271,36.93464],[122.50904,36.92626],[122.50009,36.91559],[122.49855,36.9042],[122.50742,36.89802],[122.51734,36.90314],[122.52646,36.91425],[122.53273,36.92593],[122.5254,36.94448],[122.54005,37.02774],[122.51303,37.02049],[122.46119,37.03083],[122.43637,37.02774],[122.43702,37.01162],[122.42433,37.00365],[122.40919,37.00629],[122.40235,37.02147],[122.41122,37.03653],[122.4485,37.0572],[122.45704,37.0659],[122.45411,37.07746],[122.44752,37.08226],[122.44052,37.08491],[122.43637,37.08979],[122.43629,37.09919],[122.44174,37.11709],[122.44435,37.13654],[122.4476,37.14745],[122.45335,37.15363],[121.0,37.55],[120.41977,37.71923],[120.41098,37.7121],[120.39137,37.70673],[120.386,37.70454],[120.3685,37.69473],[120.31186,37.68627],[120.21998,37.68627],[120.21567,37.68407],[120.22291,37.67943],[120.23536,37.67475],[120.24757,37.67259],[120.27858,37.67243],[120.29379,37.67031],[120.30641,37.66519],[120.32252,37.63239],[120.29762,37.59789],[120.18759,37.51179],[120.05983,37.44042],[120.00904,37.42235],[119.99781,37.42182],[119.98829,37.41328],[119.92897,37.38459],[119.88233,37.37075],[119.8589,37.36017],[119.84628,37.3437],[119.86354,37.32193],[119.88673,37.28465],[119.89731,37.24942],[119.87745,37.23383],[119.79184,37.18057],[119.7789,37.16706],[119.7706,37.15184],[119.71681,37.14159],[119.66074,37.1376],[119.56349,37.14179],[119.53858,37.1376],[119.52451,37.13906],[119.47511,37.13329],[119.44117,37.12055],[119.28712,37.13727],[119.14552,37.17886],[119.115,37.20112],[119.0586,37.22761],[119.04274,37.24238],[119.03012,37.2578],[119.01474,37.26984],[118.99049,37.27473],[118.97242,37.28067],[118.96119,37.29564],[118.94947,37.33617],[118.94459,37.37812],[118.95786,37.5314],[118.96778,37.57323],[118.96998,37.59345],[118.97665,37.61091],[118.99244,37.63337],[119.01075,37.65375],[119.0254,37.68992],[119.02753,37.70394],[119.03713,37.72209],[119.06947,37.74063],[119.12014,37.73751],[119.18931,37.70073],[119.21774,37.67525],[119.25566,37.67187],[119.2596,37.71585],[119.24308,37.76948],[119.20684,37.80284],[119.1557,37.82396],[119.11694,37.85327],[119.09249,37.91277],[119.0484,37.94798],[118.99659,37.96312],[118.9734,37.99649],[118.95615,38.0336],[118.94199,38.04938],[118.92482,38.05777],[118.95004,38.09726],[118.89825,38.1233],[118.8401,38.15257],[118.82507,38.15164],[118.80543,38.1518],[118.76035,38.15513],[118.65487,38.14569],[118.61578,38.12512],[118.59938,38.11083],[118.58351,38.08918],[118.57301,38.0799],[118.56153,38.07608],[118.5569,38.07392],[118.55063,38.07001],[118.54298,38.06835],[118.53395,38.07294],[118.5123,38.08808],[118.49415,38.09382],[118.4725,38.10188],[118.44893,38.10779],[118.424,38.11157],[118.31202,38.12788],[118.21583,38.14496],[118.14609,38.14248],[118.11923,38.15229],[118.10768,38.14859],[118.0958,38.14232],[118.08481,38.13874],[118.0818,38.14069],[118.06521,38.14308],[118.05241,38.15366],[118.05778,38.16108],[118.05373,38.17325],[118.03822,38.18072],[118.0072,38.19701],[117.989,38.19857],[117.97754,38.19484],[117.96335,38.21069],[117.9417,38.23395],[117.90016,38.24616],[117.83717,38.2709],[117.80389,38.29402],[117.71608,38.37851],[117.66805,38.44616],[117.58044,38.58481],[117.56597,38.61251],[117.54355,38.62132],[117.55295,38.64345],[117.56047,38.6571],[117.55725,38.67235],[117.55878,38.69094],[117.57322,38.71375],[117.57626,38.77375],[117.57838,38.79267],[117.58399,38.81159],[117.60859,38.84499],[117.0,39.2],[115.4,39.15],[113.3,39.4],[111.0,39.7],[108.6,39.6],[106.0,39.3],[104.2,38.4],[103.4,36.4],[104.4,35.0]]],[[[122.48951,37.14377],[122.46472,37.15053],[122.46583,37.14517],[122.46445,37.1103],[122.47071,37.1103],[122.48268,37.13996],[122.48951,37.14377]]],[[[119.45395,34.77192],[119.45004,34.77753],[119.445,34.77823],[119.44142,34.77416],[119.4437,34.76923],[119.45183,34.76337],[119.46705,34.75161],[119.48186,34.7482],[119.48919,34.75275],[119.49285,34.75503],[119.49448,34.76081],[119.48772,34.76321],[119.47413,34.76647],[119.46632,34.76756],[119.45395,34.77192]]],[[[120.17148,35.78441],[120.16497,35.77896],[120.15732,35.76765],[120.15333,35.75369],[120.15943,35.74331],[120.17091,35.74331],[120.18035,35.7484],[120.18344,35.75454],[120.1823,35.76024],[120.1749,35.7753],[120.17473,35.78014],[120.1753,35.78319],[120.17148,35.78441]]]]}},{"type":"Feature","properties":{"id":"liao-943","dynastyId":"liao","name":"辽（契丹）","validFromYear":943,"validToYearExclusive":944,"boundaryKind":"controlled","accuracyLevel":"reconstructed","verificationStatus":"reviewed","sourceRefs":["atlas-1935-936-946","user-943-crosscheck","natural-earth-land-10m"],"disputedNote":null,"labelLongitude":116.0,"labelLatitude":44.7},"geometry":{"type":"MultiPolygon","coordinates":[[[[117.0,39.2],[117.60859,38.84499],[117.70875,38.98102],[117.70558,38.98436],[117.70436,38.98615],[117.70191,38.99531],[117.7295,38.98436],[117.74326,38.98225],[117.77526,38.98106],[117.77362,38.9989],[117.76577,39.02616],[117.75748,39.04509],[117.75148,39.06791],[117.73782,39.07839],[117.72665,39.08829],[117.71827,39.093],[117.71542,39.1114],[117.73756,39.10639],[117.75733,39.11445],[117.81182,39.15137],[117.88559,39.20112],[117.93116,39.2121],[117.97372,39.21613],[118.02802,39.2198],[118.04538,39.21897],[118.0964,39.20239],[118.14053,39.17284],[118.17094,39.13525],[118.1868,39.11008],[118.20712,39.07671],[118.23528,39.0531],[118.26785,39.043],[118.30013,39.04056],[118.3261,39.03093],[118.34427,39.03071],[118.36035,39.04195],[118.38012,39.05042],[118.40996,39.0629],[118.46911,39.09779],[118.4871,39.10202],[118.51215,39.11598],[118.52915,39.12465],[118.51938,39.13935],[118.52711,39.14924],[118.56049,39.14704],[118.59015,39.14831],[118.61936,39.16104],[118.64908,39.15973],[118.6872,39.15347],[118.72778,39.14725],[118.77469,39.14817],[118.79599,39.15178],[118.8162,39.16367],[118.84054,39.17563],[118.85898,39.20751],[118.87379,39.21381],[118.87143,39.2001],[118.88551,39.18525],[118.88063,39.1728],[118.90268,39.17666],[118.94557,39.19212],[118.96998,39.1933],[118.95631,39.18806],[118.95069,39.17902],[118.9476,39.16861],[118.94199,39.15913],[118.9319,39.15225],[118.8943,39.13182],[118.8943,39.12442],[118.91041,39.12543],[118.92604,39.1306],[118.9402,39.13886],[118.9935,39.17963],[119.01564,39.18976],[119.03932,39.21288],[119.06235,39.23147],[119.09377,39.26081],[119.12927,39.29407],[119.1848,39.35481],[119.20334,39.36344],[119.22585,39.35777],[119.25566,39.36552],[119.27943,39.38401],[119.29613,39.41164],[119.30508,39.43298],[119.2971,39.45522],[119.27076,39.48906],[119.25642,39.49311],[119.26198,39.53508],[119.2814,39.57501],[119.27014,39.58064],[119.2624,39.57751],[119.24269,39.54588],[119.22934,39.53596],[119.23121,39.54548],[119.23414,39.55439],[119.23805,39.56273],[119.24301,39.57071],[119.23268,39.56623],[119.20899,39.5502],[119.20859,39.56957],[119.22324,39.58466],[119.24537,39.59447],[119.26759,39.59797],[119.28102,39.59675],[119.28492,39.59545],[119.30234,39.61782],[119.31406,39.64118],[119.33961,39.71556],[119.34986,39.73176],[119.3558,39.73579],[119.36787,39.74835],[119.38587,39.75963],[119.41154,39.77803],[119.42941,39.79531],[119.4668,39.81485],[119.49552,39.81324],[119.5307,39.8147],[119.5249,39.84165],[119.51987,39.8583],[119.52491,39.87173],[119.53559,39.89083],[119.5537,39.89906],[119.57186,39.9043],[119.60304,39.90644],[119.62062,39.91104],[119.6609,39.93268],[119.70822,39.93493],[119.74965,39.9524],[119.77442,39.95051],[119.79249,39.96345],[119.81105,39.97305],[119.85019,39.98631],[119.8755,39.99474],[119.912,39.99809],[119.9118,40.01111],[119.91531,40.03615],[119.95028,40.0565],[120.11843,40.10004],[120.15496,40.11135],[120.1832,40.12324],[120.18898,40.12617],[120.19394,40.12665],[120.22547,40.13495],[120.24636,40.14412],[120.26132,40.14671],[120.28947,40.16348],[120.30903,40.17967],[120.33359,40.187],[120.358,40.1918],[120.39435,40.19431],[120.43605,40.19448],[120.45069,40.20108],[120.47202,40.2143],[120.49252,40.23127],[120.50489,40.24909],[120.5066,40.27334],[120.50131,40.2919],[120.50099,40.30785],[120.50176,40.32691],[120.53458,40.34406],[120.56487,40.35418],[120.59115,40.3673],[120.5884,40.38432],[120.56732,40.38024],[120.54753,40.37616],[120.53907,40.38288],[120.54566,40.40241],[120.5621,40.41132],[120.58408,40.41372],[120.59738,40.42242],[120.59848,40.43183],[120.59702,40.45002],[120.6041,40.46516],[120.62094,40.47443],[120.63331,40.47517],[120.65911,40.48376],[120.6657,40.4908],[120.66962,40.50284],[120.67879,40.52192],[120.70011,40.53724],[120.77003,40.58576],[120.78858,40.59174],[120.79843,40.59968],[120.8086,40.61835],[120.81642,40.64004],[120.81959,40.65693],[120.82532,40.67403],[120.84776,40.6831],[120.86769,40.67866],[120.88478,40.68049],[120.8953,40.68518],[120.92303,40.68922],[120.94019,40.69125],[120.96264,40.70929],[120.99565,40.71532],[121.02074,40.71933],[121.01026,40.73086],[120.9944,40.73627],[120.97585,40.73934],[120.95604,40.73733],[120.93955,40.74055],[120.93629,40.75556],[120.94386,40.76586],[120.95786,40.77473],[120.96852,40.7836],[120.96705,40.79401],[120.96323,40.80659],[120.97047,40.81794],[120.98194,40.82681],[120.99098,40.83128],[121.00497,40.83308],[121.02963,40.82648],[121.04192,40.8144],[121.04985,40.7974],[121.06835,40.80339],[121.06572,40.8184],[121.08027,40.8284],[121.08017,40.84492],[121.08115,40.85025],[121.08009,40.85708],[121.07993,40.86298],[121.08359,40.86542],[121.10605,40.87324],[121.11109,40.87604],[121.11997,40.88491],[121.13063,40.8933],[121.14243,40.9007],[121.15537,40.9064],[121.17579,40.92231],[121.20029,40.93073],[121.22495,40.92707],[121.24472,40.9064],[121.25839,40.92064],[121.2649,40.91039],[121.27394,40.90302],[121.28566,40.89924],[121.29933,40.8996],[121.31552,40.91014],[121.33725,40.92817],[121.36134,40.93964],[121.38478,40.93061],[121.39454,40.92422],[121.41847,40.91889],[121.42978,40.9138],[121.43458,40.90721],[121.43686,40.89907],[121.44093,40.89134],[121.45021,40.88593],[121.48,40.88449],[121.51043,40.87936],[121.52889,40.86727],[121.56764,40.84553],[121.57504,40.8415],[121.59496,40.84592],[121.69442,40.84836],[121.73955,40.84908],[121.75839,40.87199],[121.7692,40.88895],[121.78006,40.90791],[121.77771,40.93497],[121.80738,40.96003],[121.82602,40.97403],[121.86793,40.99579],[121.87477,40.98957],[121.8589,40.96747],[121.84889,40.95844],[121.83749,40.95478],[121.82594,40.94819],[121.82838,40.93391],[121.83619,40.91975],[121.84059,40.9138],[121.84376,40.85969],[121.85108,40.83226],[121.87201,40.81506],[121.89718,40.80784],[122.04908,40.74608],[122.06715,40.73505],[122.10839,40.69976],[122.4,40.8],[123.80334,39.8352],[123.80763,39.83759],[123.81446,39.83759],[123.83408,39.82917],[123.86036,39.82441],[123.88754,39.8229],[123.91066,39.82453],[123.92026,39.82949],[123.93067,39.83686],[123.94215,39.84056],[123.95493,39.83417],[123.96778,39.82054],[123.97511,39.81501],[123.98569,39.81025],[123.99806,39.8159],[124.04103,39.82453],[124.05543,39.8299],[124.06691,39.83617],[124.08815,39.85187],[124.11817,39.83316],[124.13722,39.84235],[124.15504,39.86131],[124.20216,39.87861],[124.26637,39.92695],[124.27369,39.9289],[124.28028,39.9287],[124.28671,39.92935],[124.2942,39.93378],[124.29908,39.94038],[124.30299,39.95409],[124.30787,39.96109],[124.35231,39.99897],[124.36134,40.01118],[124.36402,40.0209],[124.36256,40.04678],[124.35694,40.07632],[124.35825,40.08906],[124.36997,40.09829],[124.38038,40.08267],[124.38437,40.06489],[124.39145,40.04829],[124.41025,40.0362],[124.43287,40.03278],[124.47926,40.03075],[124.4996,40.02253],[124.46583,40.01529],[124.43409,40.02456],[124.40577,40.02778],[124.38307,40.00267],[124.37607,39.95409],[124.36997,39.94001],[124.35939,39.93354],[124.34571,39.93024],[124.33212,39.92512],[124.32154,39.91267],[124.32797,39.90974],[124.33481,39.90559],[124.34181,39.89997],[124.34889,39.89281],[124.36256,39.87173],[124.38966,39.86787],[124.39658,39.86555],[124.39918,39.85981],[124.40141,39.85053],[126.0,40.45],[129.0,41.1],[129.80608,41.37576],[129.80616,41.37604],[129.79664,41.38618],[129.79111,41.38776],[129.77565,41.38548],[129.7693,41.38618],[129.75818,41.39259],[129.74415,41.40696],[129.73606,41.42129],[129.7146,41.41965],[129.70167,41.42867],[129.68168,41.44308],[129.6594,41.46465],[129.65273,41.49412],[129.65772,41.50924],[129.66066,41.52595],[129.6488,41.5494],[129.66941,41.57596],[129.68318,41.61772],[129.69082,41.64972],[129.71502,41.67534],[129.74136,41.68402],[129.74977,41.69628],[129.76279,41.73102],[129.77476,41.75942],[129.81331,41.77773],[129.82655,41.77845],[129.84281,41.75878],[129.85246,41.76492],[129.85517,41.78179],[129.86965,41.79146],[129.88453,41.82416],[129.88339,41.85741],[129.89039,41.883],[129.89674,41.90426],[129.91362,41.9112],[129.93739,41.9039],[129.94679,41.89494],[129.95444,41.89204],[129.96469,41.89875],[129.9686,41.91747],[129.97104,41.92206],[129.97568,41.93399],[129.97828,41.94379],[129.97486,41.94164],[129.98561,41.95527],[129.99293,41.95978],[130.0027,41.96223],[129.99415,41.97305],[129.98902,41.97818],[129.98219,41.98265],[130.0013,41.99047],[130.00288,42.01091],[130.01495,42.0144],[130.02682,41.9927],[130.03388,41.99551],[130.03647,42.01162],[130.04491,42.03598],[130.04971,42.04229],[130.05222,42.05036],[130.06701,42.0519],[130.06796,42.05941],[130.07304,42.07846],[130.09277,42.08981],[130.12007,42.09008],[130.1332,42.08472],[130.15011,42.0741],[130.15943,42.07284],[130.1666,42.07709],[130.16358,42.08348],[130.16025,42.08511],[130.17392,42.09878],[130.18531,42.10391],[130.19386,42.10098],[130.19931,42.1013],[130.20429,42.15964],[130.20227,42.17355],[130.21494,42.17463],[130.22899,42.18245],[130.25136,42.20529],[130.29418,42.23704],[130.30742,42.2363],[130.31564,42.21888],[130.30816,42.19759],[130.30703,42.18315],[130.31877,42.18473],[130.33064,42.19151],[130.33506,42.214],[130.35151,42.21608],[130.35883,42.22927],[130.36984,42.23201],[130.36066,42.24366],[130.36799,42.25569],[130.37818,42.25785],[130.39332,42.24409],[130.40089,42.2425],[130.40602,42.24958],[130.40585,42.26081],[130.39926,42.26317],[130.39112,42.26411],[130.38624,42.27066],[130.38632,42.27766],[130.38416,42.29119],[130.394,42.29995],[130.40585,42.30711],[130.40699,42.31574],[130.40745,42.32458],[130.41916,42.3244],[130.43184,42.31812],[130.4401,42.30913],[130.45646,42.31177],[130.4694,42.32207],[130.46565,42.33475],[130.48068,42.33975],[130.51019,42.33578],[130.51905,42.3276],[130.5405,42.31837],[130.56937,42.31526],[130.58204,42.30793],[130.59498,42.29816],[130.59767,42.29194],[130.59848,42.28095],[130.59754,42.26278],[130.60382,42.26326],[130.61662,42.27232],[130.63158,42.2744],[130.66713,42.28309],[130.69556,42.289],[130.69996,42.29511],[130.7036,42.29524],[130.73481,42.3376],[130.74319,42.35369],[130.75275,42.38078],[130.76303,42.40038],[130.78077,42.45344],[130.78663,42.46186],[130.80421,42.46235],[130.82325,42.46503],[130.83872,42.47236],[130.84498,42.48631],[130.84376,42.49396],[130.83839,42.50629],[130.83815,42.51024],[130.84303,42.51976],[130.84645,42.5207],[130.8506,42.52001],[130.85849,42.52456],[130.85971,42.52106],[130.86459,42.51728],[130.87021,42.51797],[130.87289,42.52766],[130.86964,42.53547],[130.85499,42.53925],[130.85182,42.5478],[130.84213,42.55854],[130.78354,42.57917],[130.77955,42.58466],[130.77809,42.59113],[130.77418,42.59683],[130.76303,42.5996],[130.75465,42.59724],[130.7295,42.57917],[130.73691,42.60725],[130.73292,42.61555],[130.68344,42.64354],[130.66079,42.64318],[130.65667,42.66408],[130.69353,42.68545],[130.72076,42.70002],[130.73467,42.69169],[130.74535,42.6811],[130.7693,42.68159],[130.78187,42.69028],[130.80179,42.69685],[130.82546,42.69932],[130.83701,42.69159],[130.83204,42.67406],[130.79595,42.66285],[130.78698,42.65376],[130.80344,42.65115],[130.84783,42.66132],[130.88152,42.65899],[130.89944,42.65463],[130.93178,42.65751],[130.94971,42.65312],[130.94459,42.63117],[130.93214,42.61835],[130.91151,42.61683],[130.88948,42.63861],[130.86288,42.64082],[130.83859,42.64299],[130.81548,42.63417],[130.83251,42.62577],[130.87257,42.60395],[130.88966,42.5996],[130.91432,42.60151],[130.93116,42.60692],[130.95248,42.6278],[130.99488,42.64069],[131.03443,42.64521],[131.07358,42.63886],[131.08703,42.64038],[131.09289,42.65489],[131.1057,42.66835],[131.12035,42.66719],[131.12741,42.64681],[131.1269,42.61726],[131.14357,42.6127],[131.15849,42.60131],[131.18065,42.60521],[131.1792,42.59438],[131.17115,42.58527],[131.167,42.58539],[131.167,42.57563],[131.17099,42.57294],[131.17964,42.564],[131.18535,42.55955],[131.19456,42.55897],[131.20375,42.55724],[131.21328,42.55139],[131.21955,42.55471],[131.22156,42.5663],[131.22438,42.57062],[131.21275,42.58394],[131.21805,42.58613],[131.23405,42.58726],[131.23409,42.58885],[131.22797,42.59168],[131.22874,42.59713],[131.2243,42.60493],[131.20801,42.60852],[131.20118,42.61402],[131.20348,42.61906],[131.20978,42.62261],[131.20902,42.63629],[131.21656,42.64419],[131.22421,42.66059],[131.23268,42.66791],[131.24708,42.6673],[131.25416,42.6682],[131.25709,42.67133],[131.25807,42.67524],[131.2623,42.6811],[131.26328,42.685],[131.26108,42.68806],[131.2518,42.69082],[131.2496,42.69457],[131.23645,42.70664],[131.2469,42.73253],[131.25707,42.75156],[131.27313,42.77733],[131.30013,42.79328],[131.35202,42.77433],[131.36362,42.78217],[131.35963,42.79426],[131.36036,42.80663],[131.36573,42.81875],[131.37892,42.83112],[131.40903,42.83934],[131.43637,42.85578],[131.45615,42.86384],[131.47169,42.87324],[131.47193,42.88394],[131.45899,42.88443],[131.4004,42.87336],[131.41074,42.90095],[131.40634,42.91006],[131.38624,42.91429],[131.38795,42.93012],[131.39389,42.94501],[131.40553,42.95063],[131.42994,42.93504],[131.43824,42.93415],[131.45509,42.93476],[131.47731,42.94196],[131.49195,42.94489],[131.4961,42.94229],[131.49936,42.9571],[131.49488,42.97061],[131.49195,42.98432],[131.49952,42.99999],[131.51767,43.00934],[131.53297,43.00226],[131.54786,42.99311],[131.56495,42.99628],[131.56764,43.00755],[131.56373,43.02383],[131.563,43.03832],[131.58676,43.04995],[131.66489,43.12519],[131.68336,43.1485],[131.69467,43.17499],[131.68409,43.16523],[131.66676,43.15689],[131.65146,43.15599],[131.64698,43.16885],[131.65113,43.16962],[131.67416,43.18183],[131.67783,43.18732],[131.67954,43.19367],[131.68385,43.19929],[131.69467,43.20234],[131.70663,43.19684],[131.71754,43.18448],[131.73072,43.17414],[131.74985,43.17499],[131.76393,43.18586],[131.75831,43.19538],[131.74171,43.20148],[131.72267,43.20234],[131.72267,43.20978],[131.7505,43.22529],[131.75685,43.2425],[131.75636,43.26374],[131.76425,43.29169],[131.77418,43.30207],[131.79933,43.31586],[131.80454,43.32209],[131.80763,43.33096],[131.81568,43.33674],[131.82667,43.33796],[131.83863,43.33271],[131.82814,43.3264],[131.82602,43.31794],[131.83204,43.30988],[131.84604,43.30537],[131.85694,43.30732],[131.88478,43.31778],[131.89527,43.31863],[131.9568,43.30585],[131.97812,43.29206],[131.96835,43.27058],[131.99204,43.2731],[131.99985,43.28408],[132.00351,43.29951],[132.01401,43.31562],[132.03102,43.32514],[132.04444,43.32437],[132.05201,43.31476],[132.05152,43.29792],[132.04493,43.28644],[132.0066,43.26032],[132.00196,43.25218],[132.0005,43.24453],[131.99684,43.23871],[131.97804,43.23554],[131.95859,43.22993],[131.92368,43.20783],[131.91171,43.19758],[131.90016,43.18183],[131.87941,43.1374],[131.84986,43.10049],[131.84718,43.08991],[131.85914,43.08564],[131.87094,43.09032],[131.92066,43.12043],[131.91725,43.10786],[131.90797,43.10106],[131.89625,43.09536],[131.88649,43.08564],[131.90724,43.07441],[131.92994,43.06957],[131.95224,43.07197],[131.97202,43.08251],[131.9913,43.09585],[132.02963,43.11652],[132.0442,43.12726],[132.07545,43.16303],[132.09596,43.18098],[132.11647,43.18867],[132.13681,43.19164],[132.22665,43.2298],[132.23593,43.23652],[132.24252,43.24551],[132.254,43.26651],[132.26051,43.27058],[132.28199,43.27851],[132.28956,43.31257],[132.30543,43.31904],[132.31495,43.31566],[132.3458,43.29792],[132.35621,43.28596],[132.35483,43.28254],[132.34921,43.2792],[132.3458,43.26716],[132.34067,43.26154],[132.31674,43.2519],[132.30844,43.24702],[132.30771,43.23819],[132.31715,43.23135],[132.35898,43.21552],[132.37607,43.20474],[132.38168,43.19123],[132.36695,43.17499],[132.35654,43.17097],[132.34816,43.17145],[132.33937,43.17365],[132.32911,43.17499],[132.32765,43.1706],[132.32748,43.14899],[132.32594,43.14086],[132.33277,43.13833],[132.33961,43.13402],[132.33375,43.13019],[132.3248,43.12295],[132.31837,43.12043],[132.32569,43.10627],[132.32057,43.09418],[132.30747,43.08662],[132.29111,43.08564],[132.29982,43.07551],[132.30494,43.06403],[132.30323,43.05317],[132.29111,43.04462],[132.30128,43.02391],[132.29957,42.99714],[132.29111,42.94912],[132.29566,42.91755],[132.29453,42.90278],[132.28769,42.89045],[132.28932,42.88272],[132.31153,42.84545],[132.31837,42.84545],[132.32569,42.85147],[132.3484,42.85493],[132.36012,42.85969],[132.35524,42.86546],[132.35353,42.87027],[132.35524,42.87507],[132.36012,42.8808],[132.35532,42.88752],[132.35019,42.89663],[132.3458,42.9007],[132.35426,42.91083],[132.3663,42.91568],[132.39413,42.92178],[132.3956,42.92577],[132.39527,42.93277],[132.39706,42.93936],[132.40439,42.94229],[132.41334,42.94111],[132.42831,42.93598],[132.48609,42.92862],[132.5027,42.9243],[132.50587,42.91364],[132.50343,42.90009],[132.50343,42.88703],[132.51051,42.87141],[132.51783,42.86595],[132.54444,42.85969],[132.56471,42.84626],[132.57789,42.8404],[132.58912,42.84235],[132.60011,42.85163],[132.60816,42.85684],[132.61891,42.8592],[132.63722,42.85969],[132.6832,42.8557],[132.69532,42.85969],[132.69117,42.86274],[132.68629,42.86884],[132.68165,42.87336],[132.70371,42.87873],[132.73976,42.90717],[132.76344,42.90815],[132.77442,42.8959],[132.77369,42.87507],[132.76637,42.85179],[132.75733,42.83242],[132.7754,42.82811],[132.79111,42.8205],[132.79843,42.80842],[132.79151,42.79084],[132.80519,42.76581],[132.81593,42.75642],[132.83302,42.74982],[132.85231,42.74649],[132.865,42.74811],[132.87534,42.75593],[132.88771,42.7635],[132.90016,42.79393],[132.89796,42.79829],[132.88746,42.80146],[132.89039,42.8085],[132.90048,42.81558],[132.91163,42.81875],[132.96323,42.82608],[132.98976,42.82697],[133.01051,42.81875],[133.0066,42.8155],[132.99635,42.80443],[133.04322,42.77961],[133.06739,42.76284],[133.07887,42.74982],[133.07667,42.7381],[133.06617,42.73737],[133.05185,42.7412],[133.03842,42.74299],[133.02687,42.73965],[133.00864,42.72785],[132.99635,42.72256],[133.01344,42.71035],[133.02442,42.69937],[133.03769,42.69139],[133.06202,42.68842],[133.12963,42.68842],[135.2,44.5],[134.0,47.2],[130.8,49.0],[126.0,50.2],[120.0,51.0],[113.0,50.5],[106.0,49.7],[100.5,49.0],[96.8,47.8],[98.2,43.4],[102.0,40.4],[106.0,39.3],[108.6,39.6],[111.0,39.7],[113.3,39.4],[115.4,39.15],[117.0,39.2]]],[[[131.76938,43.01537],[131.77459,43.00532],[131.79119,42.99628],[131.75701,42.99006],[131.79054,42.97455],[131.83725,42.96113],[131.88331,42.96076],[131.91505,42.98428],[131.92091,42.99628],[131.924,43.00585],[131.92254,43.00894],[131.9201,43.01952],[131.92091,43.02416],[131.89226,43.03583],[131.87574,43.05101],[131.85499,43.06135],[131.82651,43.06517],[131.85939,43.04462],[131.85939,43.03726],[131.8401,43.04169],[131.81967,43.04926],[131.79884,43.05264],[131.77752,43.04462],[131.78386,43.04011],[131.78736,43.03437],[131.79119,43.0174],[131.78435,43.0174],[131.77345,43.02119],[131.76938,43.01537]]],[[[124.2319,39.8192],[124.23002,39.82117],[124.22707,39.8213],[124.22343,39.81999],[124.22099,39.81897],[124.22312,39.81679],[124.22027,39.81526],[124.21757,39.81486],[124.21927,39.81092],[124.21465,39.80724],[124.21259,39.80405],[124.21132,39.79951],[124.21153,39.79557],[124.21166,39.79516],[124.2161,39.79471],[124.2212,39.79384],[124.22319,39.79156],[124.22602,39.79142],[124.2274,39.79464],[124.23039,39.79826],[124.23526,39.79839],[124.23784,39.80097],[124.24163,39.80186],[124.24275,39.80463],[124.24279,39.80732],[124.23956,39.80766],[124.23959,39.80983],[124.23989,39.81262],[124.23586,39.81348],[124.23443,39.81763],[124.2319,39.8192]]],[[[132.42986,42.82648],[132.43946,42.81753],[132.44728,42.80732],[132.45338,42.80097],[132.45826,42.79829],[132.46713,42.79682],[132.4756,42.80024],[132.47771,42.8039],[132.46746,42.81094],[132.44988,42.82811],[132.44899,42.8454],[132.45362,42.86091],[132.44728,42.87678],[132.43922,42.89204],[132.4275,42.8959],[132.41847,42.87987],[132.41326,42.86445],[132.40463,42.85912],[132.39967,42.85212],[132.40008,42.8417],[132.40154,42.83198],[132.40642,42.82876],[132.41749,42.83002],[132.42986,42.82648]]],[[[118.4707,38.97055],[118.4909,38.94319],[118.48028,38.93482],[118.5027,38.91903],[118.51431,38.91945],[118.59432,38.9722],[118.64874,39.04465],[118.64867,39.05585],[118.63274,39.07458],[118.61464,39.06765],[118.62871,39.04855],[118.6102,39.03403],[118.57781,39.00862],[118.55972,39.00313],[118.52638,39.04669],[118.48819,39.05049],[118.47848,39.04286],[118.46948,39.00632],[118.4707,38.97055]]],[[[117.78564,38.93845],[117.7782,38.92708],[117.76213,38.92928],[117.76912,38.94391],[117.7315,38.95447],[117.71371,38.96644],[117.69711,38.93477],[117.71837,38.92135],[117.76096,38.90936],[117.78929,38.90463],[117.81087,38.91467],[117.81479,38.93045],[117.78564,38.93845]]],[[[117.8794,38.94655],[117.81926,38.9584],[117.80885,38.96423],[117.75294,38.97312],[117.72995,38.97672],[117.72045,38.97394],[117.73323,38.96429],[117.75854,38.95893],[117.79613,38.94984],[117.83565,38.93809],[117.88005,38.93053],[117.8794,38.94655]]],[[[117.80323,38.97961],[117.8197,38.97741],[117.82684,38.98372],[117.8108,39.02719],[117.79625,39.0499],[117.77335,39.04758],[117.78052,39.03191],[117.79122,38.98928],[117.80323,38.97961]]],[[[124.34116,39.8852],[124.33261,39.88321],[124.33456,39.86579],[124.34498,39.86298],[124.35263,39.87523],[124.34116,39.8852]]],[[[124.34034,39.89281],[124.33025,39.90082],[124.32073,39.9007],[124.31918,39.89639],[124.32358,39.89236],[124.3353,39.88862],[124.34034,39.89281]]],[[[124.30551,39.92862],[124.30437,39.93256],[124.292,39.91946],[124.30551,39.92862]]],[[[124.36085,39.94904],[124.3589,39.96214],[124.35174,39.95372],[124.3449,39.93936],[124.36085,39.94904]]],[[[120.79029,40.49299],[120.78191,40.49128],[120.77434,40.48542],[120.77727,40.47464],[120.78509,40.47069],[120.79103,40.47476],[120.79428,40.47915],[120.80266,40.48286],[120.81804,40.48452],[120.82594,40.4923],[120.82537,40.50471],[120.82106,40.51126],[120.80665,40.51626],[120.80454,40.51561],[120.80478,40.51097],[120.79998,40.50707],[120.79184,40.50703],[120.79062,40.50385],[120.79217,40.49775],[120.79029,40.49299]]],[[[130.285,42.17031],[130.27386,42.17744],[130.26368,42.16751],[130.26157,42.16185],[130.26466,42.16063],[130.26645,42.16031],[130.2671,42.1566],[130.26905,42.15188],[130.27394,42.14631],[130.28777,42.15693],[130.285,42.17031]]],[[[130.91806,42.4735],[130.91,42.47179],[130.90919,42.46308],[130.90642,42.45991],[130.90984,42.45608],[130.91375,42.45645],[130.91456,42.45588],[130.92384,42.46092],[130.93312,42.46752],[130.93507,42.4702],[130.93116,42.47569],[130.91806,42.4735]]],[[[131.45509,42.65164],[131.43588,42.64366],[131.42034,42.64338],[131.43914,42.63963],[131.46087,42.63715],[131.46176,42.63719],[131.46274,42.6424],[131.46396,42.64761],[131.46306,42.6555],[131.47202,42.67076],[131.46396,42.67263],[131.45916,42.67015],[131.45509,42.65164]]],[[[132.34205,42.77814],[132.32781,42.77294],[132.31137,42.75955],[132.3156,42.7497],[132.32797,42.74738],[132.33774,42.75064],[132.34506,42.7274],[132.36402,42.73078],[132.36614,42.732],[132.3624,42.74213],[132.36215,42.75841],[132.35564,42.7722],[132.34205,42.77814]]],[[[131.65122,42.8732],[131.64763,42.87075],[131.64389,42.86827],[131.6395,42.86542],[131.65016,42.85952],[131.65927,42.86465],[131.65699,42.87275],[131.66114,42.87556],[131.67848,42.87417],[131.6753,42.89159],[131.65903,42.88569],[131.65122,42.8732]]],[[[131.72307,42.89753],[131.73325,42.90282],[131.74537,42.90624],[131.74228,42.91682],[131.74488,42.91983],[131.74431,42.92211],[131.74008,42.92154],[131.72983,42.92369],[131.71844,42.92434],[131.71209,42.91885],[131.71201,42.91018],[131.71477,42.9016],[131.72088,42.89936],[131.72307,42.89753]]],[[[131.72421,42.98424],[131.71551,42.98404],[131.70973,42.97777],[131.71054,42.96951],[131.7142,42.96556],[131.71632,42.95966],[131.71355,42.95478],[131.71087,42.95177],[131.71274,42.94904],[131.7173,42.94733],[131.72047,42.94436],[131.7221,42.94147],[131.72356,42.93439],[131.72674,42.9322],[131.73666,42.95071],[131.7492,42.95311],[131.75644,42.9593],[131.7562,42.96214],[131.74578,42.97134],[131.73927,42.98188],[131.73439,42.98709],[131.7304,42.99352],[131.72722,42.99535],[131.72421,42.98424]]]]}},{"type":"Feature","properties":{"id":"southern-tang-943","dynastyId":"southern-tang","name":"南唐","validFromYear":943,"validToYearExclusive":944,"boundaryKind":"controlled","accuracyLevel":"reconstructed","verificationStatus":"reviewed","sourceRefs":["atlas-1935-936-946","user-943-crosscheck","natural-earth-land-10m"],"disputedNote":null,"labelLongitude":116.9,"labelLatitude":30.3},"geometry":{"type":"MultiPolygon","coordinates":[[[[114.45,33.0],[112.25,32.5],[111.6,31.55],[111.55,31.0],[112.1,30.8],[112.2,30.1],[113.7,29.9],[113.7,28.25],[113.8,27.0],[114.85,27.0],[116.8,27.75],[118.45,28.3],[119.8,29.5],[120.69281,30.26033],[120.68494,30.27178],[120.65735,30.33629],[120.65167,30.35927],[120.62161,30.37256],[120.52491,30.37787],[120.47713,30.37475],[120.45049,30.36886],[120.42096,30.30542],[120.40463,30.27993],[120.39503,30.26472],[120.38472,30.24959],[120.36812,30.24085],[120.35034,30.24073],[120.33137,30.24924],[120.31457,30.26351],[120.29552,30.27873],[120.27439,30.27762],[120.25001,30.27009],[120.23024,30.23604],[120.19996,30.21784],[120.17897,30.20067],[120.14709,30.19889],[120.19577,30.23289],[120.23978,30.28888],[120.2579,30.29808],[120.28517,30.29881],[120.31625,30.29092],[120.34228,30.27425],[120.36455,30.26864],[120.37897,30.27352],[120.38883,30.29084],[120.39748,30.32158],[120.40723,30.35424],[120.41602,30.36771],[120.43032,30.38984],[120.47914,30.40352],[120.61919,30.4061],[120.667,30.4015],[120.69815,30.39395],[120.72712,30.37585],[120.74496,30.35961],[120.75399,30.32706],[120.76065,30.3181],[120.93014,30.46244],[120.93165,30.47305],[120.94889,30.50682],[120.97776,30.54332],[120.99815,30.55792],[121.02023,30.57107],[121.0474,30.58276],[121.07515,30.58594],[121.35,30.82],[121.4739,31.41058],[121.44801,31.4265],[121.41774,31.45279],[121.36085,31.47748],[121.34091,31.49095],[121.32032,31.50483],[121.24472,31.60041],[121.21168,31.62763],[121.1444,31.68466],[121.06703,31.72409],[121.01376,31.74303],[120.98072,31.75121],[120.9485,31.75788],[120.89536,31.76332],[120.8319,31.77777],[120.74838,31.80223],[120.73146,31.81387],[120.7208,31.83194],[120.71713,31.86107],[120.72763,31.85065],[120.73854,31.83682],[120.75148,31.82469],[120.80775,31.80974],[120.8248,31.8287],[120.80745,31.87377],[120.77982,31.91588],[120.75035,31.97834],[120.68995,31.99824],[120.67001,31.99885],[120.60426,31.99144],[120.51783,32.01874],[120.46949,32.02513],[120.45541,32.02143],[120.45416,32.00319],[120.45578,31.98252],[120.43222,31.97517],[120.41822,31.96967],[120.34117,31.95632],[120.22999,31.90888],[120.17831,31.9042],[120.13095,31.9123],[120.03883,31.94306],[120.0064,31.9503],[119.97868,31.96896],[119.96122,31.99062],[119.9385,32.01804],[119.90716,32.04538],[119.86695,32.07709],[119.85556,32.08698],[119.78492,32.11433],[119.77247,32.12678],[119.76441,32.14374],[119.76376,32.1625],[119.78858,32.19864],[119.77858,32.20466],[119.75514,32.20588],[119.73024,32.2106],[119.71217,32.2226],[119.70143,32.23347],[119.69044,32.23534],[119.67164,32.22077],[119.65976,32.20791],[119.64527,32.19522],[119.6277,32.1894],[119.60605,32.19693],[119.61988,32.2049],[119.63575,32.211],[119.64902,32.21955],[119.65455,32.23477],[119.67604,32.27806],[119.67848,32.28628],[119.68539,32.29243],[119.67856,32.30622],[119.66074,32.32722],[119.64902,32.33609],[119.61288,32.35456],[119.64088,32.35883],[119.6609,32.34577],[119.67685,32.32844],[119.69239,32.31977],[119.74391,32.32722],[119.75807,32.32697],[119.78199,32.32123],[119.79518,32.31977],[119.81837,32.31371],[119.84213,32.29906],[119.86215,32.28115],[119.87428,32.26512],[119.88754,32.21385],[119.90048,32.19819],[119.92213,32.21743],[119.92115,32.19648],[119.91098,32.15815],[119.90846,32.13886],[119.9122,32.12372],[119.9214,32.10855],[119.99204,32.01586],[120.02003,31.99079],[120.05234,31.97093],[120.0901,31.95502],[120.13136,31.94318],[120.17587,31.93667],[120.22372,31.93684],[120.2671,31.94868],[120.3003,31.97167],[120.36158,32.02558],[120.42782,32.05293],[120.49076,32.08245],[120.52236,32.0826],[120.56549,32.07671],[120.63438,32.07701],[120.74364,32.03604],[120.8108,32.02261],[120.84693,31.99144],[120.90553,31.92597],[120.9109,31.91767],[120.91928,31.89936],[120.92579,31.8959],[120.94142,31.89252],[120.94483,31.88459],[120.94313,31.87531],[120.94313,31.86791],[120.94056,31.84465],[120.95063,31.82524],[120.97782,31.81437],[121.00537,31.82078],[121.03993,31.81933],[121.06241,31.8135],[121.08662,31.80184],[121.11509,31.79633],[121.18515,31.83674],[121.22786,31.8659],[121.28642,31.89059],[121.3174,31.88325],[121.41603,31.84064],[121.48024,31.81098],[121.49488,31.80646],[121.5005,31.80219],[121.5079,31.79287],[121.51743,31.78343],[121.52906,31.7792],[121.55016,31.7741],[121.61417,32.0792],[121.59425,32.08706],[121.55424,32.1025],[121.53081,32.10852],[121.49659,32.11026],[121.48805,32.10814],[121.48194,32.11026],[121.47299,32.11961],[121.4673,32.12177],[121.46241,32.1197],[121.45615,32.11555],[121.44947,32.11274],[121.44337,32.11433],[121.43214,32.13386],[121.43116,32.15135],[121.42514,32.16405],[121.39869,32.16893],[121.36801,32.22736],[121.36085,32.23163],[121.36671,32.23896],[121.37721,32.24164],[121.4017,32.2447],[121.41578,32.2486],[121.41928,32.25031],[121.41774,32.25528],[121.41603,32.26895],[121.40112,32.35213],[121.38941,32.38495],[121.35414,32.41482],[121.27171,32.44773],[121.2151,32.47266],[121.19151,32.47865],[121.1738,32.48763],[121.15726,32.4956],[121.12021,32.50739],[121.10768,32.49795],[121.10084,32.49795],[121.09872,32.52114],[121.08619,32.53604],[121.06625,32.54401],[121.04278,32.55754],[121.02071,32.56852],[120.97502,32.59512],[120.94389,32.60522],[120.9112,32.63012],[120.90661,32.65971],[120.86387,32.67106],[120.83033,32.69766],[120.83017,32.70942],[120.8401,32.72451],[120.84693,32.71768],[120.8414,32.71109],[120.84311,32.70392],[120.85019,32.6966],[120.86044,32.68976],[120.86142,32.71967],[120.85239,32.75601],[120.88031,32.77203],[120.9048,32.81265],[120.90781,32.8439],[120.88868,32.96271],[120.88852,32.97773],[120.89576,33.01358],[120.89015,33.02611],[120.86744,33.03238],[120.84645,33.02985],[120.83375,33.02562],[120.82594,33.03018],[120.81959,33.0541],[120.81894,33.09219],[120.81251,33.10578],[120.79225,33.10871],[120.80698,33.13776],[120.78525,33.16503],[120.73024,33.2049],[120.74008,33.20551],[120.7435,33.20864],[120.7444,33.22411],[120.74252,33.22777],[120.73251,33.23713],[120.73024,33.24213],[120.73219,33.24824],[120.73707,33.25092],[120.74269,33.25267],[120.74757,33.2558],[120.75025,33.2696],[120.73788,33.27928],[120.72047,33.28498],[120.70729,33.28681],[120.69508,33.29316],[120.68002,33.30801],[120.66725,33.3251],[120.66196,33.33804],[120.65577,33.41315],[120.65211,33.42813],[120.63879,33.45727],[119.15,33.72],[117.55,33.38],[116.0,33.38],[114.45,33.0]]],[[[121.50772,31.57181],[121.54015,31.72638],[121.53518,31.72841],[121.50097,31.75033],[121.4753,31.77077],[121.42389,31.79564],[121.38613,31.81174],[121.36209,31.81761],[121.32256,31.82933],[121.26406,31.84108],[121.2193,31.82947],[121.19516,31.80524],[121.18144,31.79598],[121.17629,31.78432],[121.18663,31.77412],[121.20558,31.75662],[121.22451,31.73767],[121.2859,31.70405],[121.30291,31.67145],[121.31446,31.65559],[121.34474,31.6413],[121.37552,31.63413],[121.40461,31.61371],[121.48463,31.5799],[121.50772,31.57181]]],[[[119.78834,32.13361],[119.78712,32.12958],[119.792,32.12177],[119.79518,32.12055],[119.80486,32.12031],[119.8152,32.11522],[119.84352,32.10814],[119.85873,32.10155],[119.89031,32.07538],[119.90187,32.07339],[119.90138,32.08246],[119.88071,32.12519],[119.87501,32.15522],[119.83286,32.25214],[119.8143,32.27558],[119.78533,32.29169],[119.75082,32.29312],[119.71616,32.27265],[119.71949,32.24958],[119.74985,32.22801],[119.78932,32.21149],[119.81935,32.20376],[119.80991,32.18911],[119.79884,32.1787],[119.79103,32.16547],[119.792,32.14228],[119.79127,32.13687],[119.78834,32.13361]]],[[[120.57952,32.06253],[120.56878,32.05809],[120.56536,32.05231],[120.56625,32.04173],[120.58188,32.03327],[120.60165,32.03181],[120.62688,32.03059],[120.63136,32.03608],[120.62721,32.04654],[120.60011,32.06082],[120.57952,32.06253]]]]}},{"type":"Feature","properties":{"id":"wuyue-943","dynastyId":"wuyue","name":"吴越","validFromYear":943,"validToYearExclusive":944,"boundaryKind":"controlled","accuracyLevel":"reconstructed","verificationStatus":"reviewed","sourceRefs":["atlas-1935-936-946","user-943-crosscheck","natural-earth-land-10m"],"disputedNote":null,"labelLongitude":120.4,"labelLatitude":29.6},"geometry":{"type":"MultiPolygon","coordinates":[[[[121.4739,31.41058],[121.35,30.82],[121.07515,30.58594],[121.10239,30.58906],[121.12135,30.593],[121.13087,30.59976],[121.13657,30.60814],[121.14161,30.61774],[121.14853,30.62783],[121.15895,30.6367],[121.17774,30.64566],[121.20289,30.66511],[121.22193,30.67499],[121.26466,30.6892],[121.33351,30.70307],[121.3506,30.71345],[121.4106,30.76739],[121.45641,30.78328],[121.49204,30.79773],[121.54294,30.81649],[121.63113,30.83656],[121.73283,30.84632],[121.81081,30.85323],[121.9074,30.85709],[121.96008,30.87426],[121.97738,30.91492],[121.95082,30.98208],[121.87702,31.09914],[121.7775,31.21439],[121.72516,31.28157],[121.66993,31.31306],[121.6316,31.33576],[121.54623,31.36612],[121.4739,31.41058]]],[[[121.54015,31.72638],[121.50772,31.57181],[121.51746,31.56839],[121.54134,31.55379],[121.57154,31.52936],[121.61469,31.52158],[121.68463,31.50681],[121.71017,31.49508],[121.73024,31.48477],[121.78335,31.46569],[121.81733,31.44665],[121.85137,31.43918],[121.91289,31.45633],[121.97785,31.47777],[121.9866,31.5039],[121.98009,31.5403],[121.91897,31.57846],[121.84408,31.60795],[121.72123,31.63031],[121.66322,31.65235],[121.64105,31.66552],[121.6257,31.67576],[121.60524,31.69182],[121.57109,31.71375],[121.54015,31.72638]]],[[[121.61417,32.0792],[121.55016,31.7741],[121.55161,31.77375],[121.57431,31.76553],[121.60719,31.74855],[121.65506,31.73238],[121.67555,31.72357],[121.70291,31.72055],[121.74905,31.71163],[121.81731,31.69095],[121.872,31.69068],[121.91484,31.70643],[121.93038,31.72671],[121.92206,31.75438],[121.90178,31.78649],[121.87469,31.8259],[121.87496,31.86372],[121.84783,31.90461],[121.82521,31.92772],[121.82195,31.95249],[121.79864,31.97047],[121.76437,31.99529],[121.72731,32.01659],[121.71778,32.02558],[121.68312,32.04263],[121.65537,32.06293],[121.61417,32.0792]]],[[[122.69295,30.84685],[122.69152,30.85382],[122.68979,30.85383],[122.68344,30.85379],[122.67742,30.85956],[122.66985,30.85924],[122.66928,30.85159],[122.66489,30.85269],[122.66684,30.84768],[122.67612,30.84398],[122.68295,30.84085],[122.6902,30.84227],[122.69295,30.84685]]],[[[119.05,27.25],[120.25767,27.10792],[120.25245,27.11396],[120.24716,27.12165],[120.24366,27.13272],[120.25514,27.13304],[120.26205,27.12995],[120.27491,27.11563],[120.28273,27.11229],[120.35792,27.09837],[120.37753,27.09858],[120.39503,27.10602],[120.37387,27.10602],[120.37387,27.11225],[120.38136,27.11225],[120.38136,27.11905],[120.36704,27.12523],[120.37387,27.13272],[120.38136,27.12523],[120.40797,27.13272],[120.40797,27.13955],[120.37387,27.14696],[120.38461,27.14985],[120.40659,27.14643],[120.42172,27.14696],[120.42172,27.15314],[120.40187,27.16523],[120.38624,27.17951],[120.36988,27.18749],[120.34726,27.18049],[120.36549,27.20962],[120.36484,27.22508],[120.34726,27.24258],[120.34278,27.23583],[120.34132,27.23306],[120.33985,27.22891],[120.33359,27.22891],[120.33359,27.23509],[120.3191,27.2259],[120.30641,27.21528],[120.29762,27.22679],[120.27003,27.23945],[120.26401,27.25283],[120.2566,27.2569],[120.23935,27.25113],[120.20948,27.23509],[120.20663,27.23045],[120.20541,27.22386],[120.20191,27.21784],[120.19239,27.21528],[120.18238,27.21686],[120.1775,27.2215],[120.17555,27.22895],[120.1753,27.23884],[120.19142,27.25605],[120.19581,27.26301],[120.19557,27.26976],[120.19313,27.27806],[120.19215,27.28767],[120.19581,27.2978],[120.21298,27.28303],[120.21925,27.27094],[120.22568,27.26862],[120.24366,27.28351],[120.24366,27.29035],[120.23561,27.29401],[120.23072,27.29833],[120.22731,27.30394],[120.22372,27.31147],[120.23788,27.30915],[120.2483,27.30353],[120.25856,27.29999],[120.27149,27.30402],[120.2671,27.30858],[120.26596,27.31192],[120.26572,27.31635],[120.26401,27.32445],[120.27613,27.31672],[120.28077,27.31175],[120.28517,27.30402],[120.29151,27.30891],[120.31186,27.31769],[120.30909,27.30394],[120.30576,27.3006],[120.29884,27.2978],[120.30641,27.29035],[120.31031,27.29418],[120.31007,27.29531],[120.31113,27.29389],[120.31935,27.29035],[120.30763,27.28482],[120.29526,27.27627],[120.2881,27.26447],[120.292,27.24942],[120.30307,27.24225],[120.31788,27.24323],[120.33326,27.2473],[120.34726,27.24942],[120.37623,27.23627],[120.40675,27.18423],[120.42921,27.17365],[120.42042,27.1979],[120.4192,27.20637],[120.41871,27.20966],[120.42172,27.22207],[120.43702,27.21947],[120.45029,27.22329],[120.45973,27.22045],[120.46339,27.1979],[120.46835,27.1822],[120.48146,27.18635],[120.49903,27.19721],[120.51783,27.20161],[120.50815,27.21601],[120.51205,27.22362],[120.52101,27.22956],[120.52597,27.23884],[120.52272,27.25381],[120.52003,27.2617],[120.51783,27.26301],[120.52149,27.2683],[120.52597,27.27265],[120.53159,27.27668],[120.53468,27.27961],[120.5394,27.28189],[120.54396,27.28596],[120.54591,27.29401],[120.54526,27.3085],[120.54615,27.3155],[120.54933,27.32103],[120.54746,27.32758],[120.53419,27.3332],[120.51718,27.33723],[120.50489,27.33877],[120.50489,27.34496],[120.52735,27.3498],[120.53964,27.36522],[120.54493,27.3852],[120.54591,27.40327],[120.55958,27.40209],[120.62257,27.38036],[120.63526,27.37971],[120.63941,27.38443],[120.64894,27.40021],[120.63941,27.40827],[120.63624,27.416],[120.63771,27.4243],[120.64649,27.44448],[120.65048,27.44611],[120.65602,27.44628],[120.66562,27.45173],[120.67807,27.46646],[120.68198,27.48159],[120.67685,27.49461],[120.66196,27.50324],[120.65211,27.50336],[120.63339,27.50731],[120.61846,27.51642],[120.61385,27.52963],[120.60578,27.54996],[120.59657,27.57028],[120.60687,27.58149],[120.61833,27.59373],[120.63559,27.60871],[120.66648,27.62536],[120.67563,27.65965],[120.67311,27.65961],[120.66758,27.66806],[120.66986,27.67721],[120.68018,27.68638],[120.67359,27.70425],[120.67246,27.71149],[120.64527,27.73428],[120.63673,27.74584],[120.63526,27.76333],[120.65268,27.75324],[120.68727,27.72671],[120.70425,27.71284],[120.72261,27.71591],[120.74096,27.7332],[120.76963,27.77285],[120.79602,27.80537],[120.80749,27.83483],[120.827,27.84905],[120.85227,27.85819],[120.86836,27.88256],[120.86261,27.90287],[120.86376,27.91811],[120.85426,27.93464],[120.84726,27.94896],[120.8353,27.95596],[120.75058,27.97557],[120.73854,27.9831],[120.70729,28.00971],[120.67359,28.02171],[120.65895,28.02399],[120.60426,28.02399],[120.58896,28.02668],[120.58204,28.03433],[120.58009,28.04613],[120.58017,28.08979],[120.57447,28.1],[120.55958,28.11278],[120.577,28.11563],[120.58497,28.09553],[120.59018,28.05439],[120.60605,28.04222],[120.62094,28.03994],[120.66196,28.0445],[120.70753,28.04121],[120.73105,28.03583],[120.74757,28.02709],[120.76271,28.01431],[120.7811,28.00239],[120.80079,27.99339],[120.81959,27.98924],[120.8558,27.99673],[120.87997,27.99872],[120.89845,27.99266],[120.9214,27.98168],[120.96523,27.98714],[120.98094,28.00554],[120.99351,28.02578],[121.00089,28.05064],[121.00202,28.08564],[121.00938,28.10313],[121.03138,28.12611],[121.05338,28.14816],[121.08584,28.1665],[121.10053,28.18489],[121.10894,28.19961],[121.11947,28.21894],[121.12475,28.23552],[121.1301,28.26593],[121.1218,28.28436],[121.07895,28.27814],[121.05812,28.27993],[121.03956,28.28535],[121.02499,28.30459],[121.03492,28.30817],[121.05909,28.31143],[121.06666,28.31143],[121.07211,28.29169],[121.08847,28.2932],[121.13025,28.30555],[121.1443,28.34357],[121.16896,28.35977],[121.16163,28.37751],[121.16896,28.38483],[121.18409,28.38215],[121.21412,28.36058],[121.23097,28.35908],[121.26466,28.36603],[121.2562,28.35517],[121.24415,28.34911],[121.23048,28.34809],[121.21754,28.35236],[121.2103,28.34374],[121.20314,28.33185],[121.23683,28.3061],[121.24887,28.27021],[121.22517,28.23886],[121.26169,28.22579],[121.27518,28.2082],[121.28785,28.18089],[121.29721,28.17646],[121.30934,28.17487],[121.32618,28.1518],[121.33009,28.14753],[121.3401,28.14643],[121.3458,28.14517],[121.35141,28.14655],[121.36085,28.15375],[121.36817,28.16201],[121.37403,28.17259],[121.37672,28.18415],[121.37452,28.19526],[121.36866,28.19204],[121.35401,28.18789],[121.3589,28.20222],[121.36109,28.21475],[121.36484,28.22582],[121.37452,28.23627],[121.38803,28.24266],[121.39894,28.24384],[121.40805,28.24628],[121.41603,28.25617],[121.41879,28.26972],[121.41147,28.27391],[121.40138,28.27611],[121.39552,28.28408],[121.39894,28.29849],[121.40895,28.30492],[121.42066,28.30419],[121.42978,28.29711],[121.43605,28.29711],[121.43727,28.30561],[121.44125,28.31171],[121.44776,28.3159],[121.45639,28.31883],[121.47309,28.3306],[121.49999,28.33267],[121.52196,28.32687],[121.54149,28.32179],[121.56749,28.3045],[121.58058,28.30085],[121.57814,28.26032],[121.58554,28.25682],[121.60792,28.27045],[121.62135,28.2851],[121.64169,28.32184],[121.65634,28.3393],[121.64772,28.34846],[121.64088,28.34968],[121.63404,28.34724],[121.63153,28.35584],[121.62853,28.3639],[121.63226,28.37945],[121.61589,28.39721],[121.60746,28.42032],[121.59287,28.43111],[121.58378,28.44295],[121.58444,28.45421],[121.60036,28.46543],[121.60774,28.4772],[121.5846,28.4891],[121.54493,28.49247],[121.52125,28.49071],[121.51157,28.48949],[121.52101,28.50104],[121.53492,28.5034],[121.55087,28.50214],[121.58162,28.50469],[121.57316,28.52513],[121.54944,28.55101],[121.53843,28.57145],[121.53037,28.59948],[121.52556,28.62465],[121.51013,28.65706],[121.49,28.66572],[121.45484,28.68952],[121.41383,28.6966],[121.38136,28.68195],[121.365,28.69603],[121.32765,28.69204],[121.25839,28.67512],[121.27036,28.68745],[121.28647,28.69269],[121.29868,28.70124],[121.29933,28.72289],[121.2859,28.73827],[121.24081,28.75275],[121.23121,28.76016],[121.22739,28.77074],[121.21827,28.78579],[121.20607,28.79906],[121.19345,28.80484],[121.17189,28.80695],[121.15968,28.81354],[121.14234,28.83959],[121.14234,28.84585],[121.15211,28.84252],[121.15577,28.83755],[121.15773,28.83149],[121.16285,28.82534],[121.17359,28.81786],[121.19003,28.81167],[121.20102,28.80952],[121.20802,28.80956],[121.21445,28.80732],[121.22438,28.79804],[121.22739,28.79141],[121.23471,28.76996],[121.23788,28.76386],[121.24643,28.76008],[121.26889,28.75829],[121.2789,28.75642],[121.29029,28.75161],[121.29493,28.74811],[121.29843,28.74364],[121.30616,28.73591],[121.32016,28.72484],[121.33424,28.71703],[121.35117,28.71186],[121.50278,28.70038],[121.60556,28.72468],[121.62143,28.73591],[121.62241,28.74189],[121.61972,28.74828],[121.61476,28.75642],[121.61826,28.76195],[121.62233,28.76553],[121.62623,28.76805],[121.62892,28.7707],[121.63551,28.77851],[121.64259,28.784],[121.65113,28.78791],[121.66261,28.79059],[121.66261,28.79804],[121.63575,28.79804],[121.63575,28.80484],[121.64674,28.80768],[121.65382,28.81196],[121.66993,28.82534],[121.66236,28.83344],[121.6565,28.83804],[121.64194,28.84585],[121.63502,28.8452],[121.62827,28.84125],[121.62355,28.84227],[121.62143,28.85635],[121.62265,28.86127],[121.62778,28.87084],[121.62892,28.87714],[121.62672,28.88085],[121.61695,28.88028],[121.61085,28.89118],[121.60165,28.89362],[121.59034,28.89191],[121.58058,28.88679],[121.56617,28.89338],[121.54982,28.89785],[121.53517,28.90371],[121.52589,28.9147],[121.51767,28.91279],[121.51181,28.91694],[121.50766,28.92499],[121.50489,28.93521],[121.49179,28.92837],[121.49781,28.94965],[121.51686,28.95637],[121.53712,28.95502],[121.54648,28.95222],[121.55429,28.9357],[121.57081,28.93008],[121.5853,28.9383],[121.58741,28.96312],[121.60532,28.94257],[121.62851,28.93195],[121.68417,28.9147],[121.68946,28.9278],[121.69752,28.93684],[121.71778,28.9488],[121.70948,28.95116],[121.69215,28.95336],[121.68417,28.95563],[121.68287,28.95889],[121.68417,28.96345],[121.68466,28.96752],[121.68019,28.96931],[121.66896,28.96898],[121.66383,28.96992],[121.65943,28.97272],[121.65382,28.98859],[121.66171,29.00292],[121.67587,29.01325],[121.68979,29.01708],[121.68173,29.02676],[121.64194,29.05126],[121.61744,29.03998],[121.55738,29.04902],[121.53956,29.03758],[121.55274,29.02871],[121.54859,29.02143],[121.5381,29.01805],[121.53207,29.02049],[121.53028,29.05117],[121.53688,29.06118],[121.55641,29.06489],[121.57114,29.06086],[121.58505,29.05362],[121.59921,29.05024],[121.61476,29.05805],[121.62143,29.07087],[121.6246,29.08828],[121.62452,29.1044],[121.62143,29.11327],[121.52866,29.11506],[121.49684,29.10444],[121.4017,29.10651],[121.41538,29.1197],[121.42831,29.12714],[121.4415,29.13109],[121.45639,29.13378],[121.45639,29.14061],[121.43605,29.14061],[121.43808,29.14387],[121.43849,29.14484],[121.4393,29.14545],[121.44337,29.14741],[121.40854,29.16112],[121.41977,29.17145],[121.43141,29.17219],[121.45639,29.16112],[121.46152,29.17646],[121.4712,29.19135],[121.48024,29.19721],[121.48439,29.18529],[121.49098,29.17597],[121.50351,29.17894],[121.51173,29.18928],[121.50489,29.20209],[121.50489,29.20893],[121.51694,29.21906],[121.53053,29.23823],[121.53639,29.25829],[121.52589,29.27098],[121.52589,29.27778],[121.55055,29.27143],[121.56275,29.27188],[121.57431,29.27778],[121.56723,29.28531],[121.56202,29.29584],[121.56308,29.30419],[121.57431,29.30512],[121.58399,29.29987],[121.58872,29.29149],[121.60646,29.22736],[121.61476,29.206],[121.62892,29.18842],[121.63233,29.21064],[121.62289,29.26411],[121.62892,29.28461],[121.62485,29.30146],[121.64039,29.30663],[121.65455,29.29999],[121.64576,29.2812],[121.64161,29.26756],[121.63917,29.21727],[121.64194,29.20209],[121.65246,29.18302],[121.6706,29.17575],[121.70446,29.17418],[121.72433,29.18203],[121.73878,29.19587],[121.7457,29.20161],[121.75864,29.2294],[121.77431,29.25389],[121.77788,29.29638],[121.77084,29.3378],[121.75864,29.35977],[121.76686,29.36774],[121.77589,29.37263],[121.78663,29.3745],[121.79965,29.37397],[121.78793,29.3426],[121.78818,29.32856],[121.79965,29.31879],[121.80494,29.32372],[121.81699,29.33218],[121.83066,29.33389],[121.84059,29.31879],[121.82887,29.31855],[121.81837,29.31623],[121.80869,29.31175],[121.79965,29.30512],[121.80182,29.29267],[121.79587,29.26604],[121.7949,29.2437],[121.78977,29.21563],[121.78804,29.20194],[121.78535,29.16809],[121.81255,29.16148],[121.84059,29.16112],[121.89381,29.18708],[121.92213,29.19579],[121.94296,29.19587],[121.93995,29.20429],[121.93971,29.21011],[121.94296,29.22321],[121.95729,29.21638],[121.95069,29.23713],[121.95322,29.24966],[121.96656,29.25576],[121.99147,29.25731],[121.98585,29.26333],[121.9756,29.28095],[121.97438,29.28461],[121.96266,29.28144],[121.94955,29.26728],[121.93995,29.26415],[121.92221,29.27049],[121.90585,29.28461],[121.90048,29.29865],[121.91578,29.30512],[121.91163,29.31501],[121.90895,29.31879],[121.92506,29.31908],[121.93141,29.32388],[121.93149,29.3312],[121.92945,29.33926],[121.92701,29.33861],[121.91625,29.34894],[121.91635,29.36329],[121.92144,29.3813],[121.91573,29.3907],[121.92158,29.39863],[121.9291,29.40874],[121.92256,29.41815],[121.93006,29.42531],[121.93629,29.42772],[121.94752,29.42109],[121.95729,29.40815],[121.95777,29.42308],[121.96323,29.43195],[121.96933,29.43915],[121.97096,29.44912],[121.94272,29.47972],[121.93995,29.48701],[121.9441,29.49771],[121.93556,29.50438],[121.92221,29.50922],[121.91236,29.51431],[121.91041,29.52456],[121.92213,29.53115],[121.9498,29.53848],[121.94117,29.55117],[121.94972,29.55634],[121.96372,29.56021],[121.97096,29.56892],[121.9712,29.59333],[121.96632,29.60248],[121.95362,29.60615],[121.94264,29.61127],[121.92726,29.63447],[121.91578,29.64086],[121.89964,29.62753],[121.88014,29.62352],[121.86793,29.62726],[121.85401,29.61591],[121.83453,29.61557],[121.81837,29.60663],[121.79612,29.60059],[121.77432,29.57544],[121.74842,29.56257],[121.74497,29.54466],[121.75827,29.5481],[121.76572,29.54572],[121.78273,29.54344],[121.79982,29.5456],[121.81398,29.55215],[121.82553,29.54637],[121.83652,29.54239],[121.84482,29.5362],[121.84742,29.52424],[121.83058,29.52806],[121.82133,29.5146],[121.81199,29.49012],[121.79033,29.4758],[121.77838,29.46942],[121.76457,29.47665],[121.76129,29.48605],[121.75722,29.49905],[121.76646,29.52065],[121.764,29.53076],[121.74586,29.5231],[121.73764,29.51899],[121.73129,29.51801],[121.72657,29.52228],[121.72535,29.52904],[121.72535,29.53547],[121.72462,29.53848],[121.71095,29.53864],[121.6998,29.53433],[121.68176,29.52391],[121.6743,29.52033],[121.67555,29.51048],[121.64267,29.49522],[121.60199,29.48311],[121.58126,29.47814],[121.56964,29.47457],[121.55966,29.46307],[121.55381,29.45012],[121.5488,29.4386],[121.53797,29.42422],[121.53133,29.41704],[121.51971,29.40697],[121.50893,29.39835],[121.49731,29.39335],[121.48486,29.39054],[121.47885,29.4029],[121.47665,29.40778],[121.47763,29.41275],[121.48097,29.41498],[121.49716,29.42219],[121.51173,29.43757],[121.51368,29.45197],[121.49179,29.45596],[121.50009,29.4759],[121.50489,29.48383],[121.47975,29.47476],[121.47346,29.44893],[121.46507,29.42089],[121.44259,29.41537],[121.44271,29.43977],[121.42784,29.46795],[121.44116,29.48153],[121.45532,29.48936],[121.45702,29.50087],[121.44825,29.51411],[121.44337,29.51801],[121.44337,29.52424],[121.45834,29.52521],[121.46787,29.5312],[121.47543,29.53876],[121.48439,29.54466],[121.49928,29.54926],[121.51104,29.54899],[121.51684,29.54609],[121.52012,29.52806],[121.52255,29.51292],[121.53082,29.51001],[121.57431,29.55215],[121.59254,29.54361],[121.60914,29.54572],[121.62387,29.55443],[121.6359,29.55435],[121.6482,29.55671],[121.667,29.55659],[121.68735,29.56265],[121.70411,29.57201],[121.71773,29.58865],[121.77647,29.65262],[121.8346,29.68709],[121.86245,29.708],[121.86611,29.73657],[121.87315,29.75383],[121.88532,29.76128],[121.90217,29.75254],[121.92441,29.77347],[121.93678,29.79169],[121.96605,29.81125],[121.98304,29.82318],[122.02817,29.836],[122.06861,29.85155],[122.11476,29.87155],[122.13641,29.88454],[122.12914,29.90378],[122.10589,29.90695],[122.08668,29.89936],[122.06764,29.88955],[122.05624,29.88736],[121.9817,29.89029],[121.96241,29.8885],[121.94959,29.88693],[121.93556,29.88736],[121.91488,29.9187],[121.89925,29.92314],[121.87323,29.93234],[121.84981,29.94038],[121.81643,29.95148],[121.79664,29.96304],[121.76748,29.97318],[121.75011,29.97251],[121.73225,29.96206],[121.72193,29.96052],[121.73234,29.9786],[121.70676,29.98511],[121.67776,30.00064],[121.65831,30.01839],[121.64319,30.03649],[121.62332,30.05987],[121.58703,30.11151],[121.5546,30.16089],[121.50685,30.22003],[121.42959,30.29298],[121.37738,30.32506],[121.31322,30.33819],[121.2541,30.34839],[121.18539,30.33756],[121.1497,30.32575],[121.12878,30.30163],[121.10914,30.28278],[120.9944,30.21109],[120.96022,30.19579],[120.95419,30.19196],[120.9235,30.18587],[120.89281,30.1698],[120.85322,30.17444],[120.82862,30.18499],[120.81349,30.21325],[120.75143,30.22563],[120.70105,30.18455],[120.66285,30.14118],[120.64625,30.12694],[120.66456,30.10961],[120.688,30.09781],[120.71412,30.09333],[120.76466,30.09663],[120.7837,30.0893],[120.79225,30.06607],[120.78403,30.07168],[120.77198,30.0832],[120.76498,30.08662],[120.75497,30.08686],[120.7234,30.07974],[120.70102,30.08076],[120.68247,30.08491],[120.65332,30.10254],[120.63179,30.12239],[120.63011,30.13497],[120.64381,30.14587],[120.66596,30.16624],[120.69135,30.19745],[120.7344,30.23221],[120.72552,30.24264],[120.69869,30.2518],[120.69281,30.26033],[119.8,29.5],[118.45,28.3],[119.05,27.25]]],[[[120.93014,30.46244],[120.76065,30.3181],[120.76962,30.30603],[120.78743,30.29363],[120.81073,30.29657],[120.83179,30.30525],[120.85058,30.33022],[120.88819,30.36856],[120.90073,30.3736],[120.91513,30.37458],[120.91513,30.38076],[120.90903,30.38443],[120.90455,30.38862],[120.89479,30.40127],[120.9017,30.40355],[120.92164,30.40522],[120.9288,30.40811],[120.93955,30.42194],[120.93849,30.43073],[120.93238,30.4394],[120.9288,30.45307],[120.93014,30.46244]]],[[[122.17408,30.24799],[122.188,30.24364],[122.20232,30.24193],[122.21453,30.2473],[122.21754,30.25458],[122.21705,30.26252],[122.21957,30.27045],[122.23194,30.27774],[122.22381,30.27888],[122.20387,30.28514],[122.20387,30.29141],[122.23878,30.31314],[122.22788,30.31635],[122.22047,30.32071],[122.21876,30.32608],[122.22511,30.33234],[122.21144,30.34663],[122.19467,30.33857],[122.16603,30.33169],[122.15284,30.3227],[122.14723,30.32148],[122.12208,30.31928],[122.10418,30.31415],[122.09571,30.3107],[122.0879,30.30565],[122.08399,30.30244],[122.07358,30.29141],[122.11402,30.26508],[122.13771,30.25462],[122.17408,30.24799]]],[[[122.28712,30.44221],[122.27735,30.43671],[122.2728,30.43598],[122.28541,30.42206],[122.306,30.42316],[122.34799,30.43598],[122.36378,30.43342],[122.40406,30.41865],[122.42311,30.41494],[122.41651,30.4416],[122.41098,30.45213],[122.39894,30.45649],[122.38543,30.4562],[122.37469,30.45734],[122.3685,30.4632],[122.36915,30.477],[122.34881,30.46064],[122.33741,30.45848],[122.31129,30.47264],[122.29949,30.47134],[122.29078,30.47167],[122.28712,30.48314],[122.28004,30.48261],[122.27662,30.4798],[122.2728,30.46947],[122.2728,30.4593],[122.27377,30.45136],[122.27801,30.44575],[122.28712,30.44221]]],[[[121.7942,31.3688],[121.81324,31.32079],[121.82342,31.30239],[121.83473,31.29255],[121.85108,31.29393],[121.86622,31.30419],[121.87745,31.31965],[121.88185,31.33662],[121.87794,31.35432],[121.86785,31.3662],[121.85377,31.37299],[121.83774,31.37515],[121.80445,31.3747],[121.7942,31.3688]]],[[[121.88136,29.16031],[121.86817,29.14741],[121.87159,29.12661],[121.88844,29.1103],[121.90016,29.09374],[121.88868,29.07233],[121.91228,29.07136],[121.92514,29.06306],[121.93531,29.06289],[121.95834,29.10187],[121.95883,29.10806],[121.95753,29.11953],[121.95541,29.1435],[121.95191,29.15229],[121.94321,29.16112],[121.92661,29.16673],[121.90333,29.16657],[121.88136,29.16031]]],[[[121.83619,29.98867],[121.84742,29.98212],[121.86012,29.97809],[121.87159,29.97671],[121.88966,29.98395],[121.90333,30.00178],[121.91049,30.02412],[121.90919,30.04499],[121.90211,30.05353],[121.89308,30.05622],[121.88526,30.06118],[121.88185,30.07636],[121.87648,30.08161],[121.86476,30.08592],[121.85304,30.08714],[121.84767,30.08316],[121.83741,30.05589],[121.83473,30.04499],[121.83448,30.03856],[121.83595,30.0257],[121.83513,30.01944],[121.8322,30.01366],[121.82911,30.0091],[121.8274,30.00422],[121.82887,29.9975],[121.83619,29.98867]]],[[[121.61817,31.44379],[121.60255,31.44424],[121.59116,31.44587],[121.58448,31.44139],[121.59881,31.42914],[121.72047,31.35773],[121.75164,31.33051],[121.76637,31.32062],[121.78004,31.32518],[121.78224,31.34178],[121.77418,31.3592],[121.76238,31.37377],[121.74594,31.3885],[121.7256,31.40274],[121.69125,31.41918],[121.61817,31.44379]]],[[[121.2339,28.07909],[121.23365,28.08242],[121.23569,28.08552],[121.23813,28.09292],[121.24724,28.0878],[121.25709,28.08515],[121.26783,28.08454],[121.27914,28.08544],[121.28535,28.10195],[121.26454,28.12159],[121.25553,28.14],[121.26184,28.16881],[121.27024,28.18229],[121.26889,28.19394],[121.2564,28.2148],[121.23059,28.21973],[121.21095,28.20897],[121.20898,28.20013],[121.20407,28.18971],[121.18753,28.1689],[121.16528,28.15053],[121.13494,28.14305],[121.12501,28.14008],[121.12037,28.13569],[121.12736,28.12656],[121.13233,28.11431],[121.13063,28.10346],[121.13746,28.09418],[121.14275,28.08259],[121.15235,28.07807],[121.15524,28.07137],[121.14673,28.05781],[121.15157,28.04123],[121.1669,28.04308],[121.1864,28.0437],[121.20244,28.05475],[121.21851,28.05846],[121.21925,28.06786],[121.23146,28.06501],[121.23813,28.07119],[121.2339,28.07909]]],[[[122.24562,29.96988],[122.27784,29.93993],[122.29363,29.93378],[122.30014,29.95246],[122.30104,29.9759],[122.30299,29.98631],[122.30698,29.99722],[122.31324,30.00349],[122.32097,30.00593],[122.32667,30.01081],[122.32748,30.02448],[122.32252,30.03193],[122.30421,30.04198],[122.30014,30.04873],[122.29713,30.06257],[122.28956,30.06733],[122.26954,30.06607],[122.25611,30.06818],[122.24969,30.07343],[122.24537,30.08015],[122.23878,30.08662],[122.22934,30.09162],[122.20387,30.09955],[122.1937,30.0998],[122.18247,30.09858],[122.17359,30.10224],[122.16977,30.11725],[122.16481,30.12051],[122.1408,30.12132],[122.13233,30.12377],[122.11744,30.13593],[122.10328,30.1437],[122.08741,30.14753],[121.97462,30.14802],[121.96315,30.1424],[121.96551,30.12971],[121.97804,30.10708],[121.9808,30.09007],[121.98032,30.08462],[121.97731,30.07734],[121.97381,30.07258],[121.97185,30.06769],[121.9734,30.05996],[121.97682,30.05366],[121.99171,30.03807],[121.99545,30.03657],[122.0088,30.03339],[122.01222,30.03193],[122.01352,30.02582],[122.01124,30.01508],[122.01222,30.01142],[122.01173,30.00845],[122.00961,30.00434],[122.01051,30.00031],[122.01905,29.99722],[122.02573,29.99726],[122.03053,29.99934],[122.03468,30.00202],[122.04884,30.00739],[122.06528,30.01594],[122.0774,30.01765],[122.09897,30.01447],[122.14422,30.00039],[122.18474,29.99445],[122.22918,29.97866],[122.24562,29.96988]]],[[[121.07652,27.4385],[121.06945,27.44676],[121.06649,27.45498],[121.07472,27.45672],[121.09312,27.45289],[121.10336,27.45188],[121.10348,27.46007],[121.09434,27.46653],[121.08314,27.47302],[121.074,27.47948],[121.0534,27.47332],[121.04611,27.4652],[121.05009,27.45606],[121.05916,27.44413],[121.06726,27.43677],[121.07652,27.4385]]],[[[121.17482,27.82587],[121.17302,27.84101],[121.17506,27.8437],[121.18035,27.84227],[121.18539,27.84382],[121.18751,27.84593],[121.1893,27.84829],[121.18971,27.85529],[121.18849,27.86371],[121.18165,27.86465],[121.16798,27.85969],[121.1587,27.85814],[121.15366,27.85643],[121.1526,27.85277],[121.15675,27.84878],[121.14918,27.84577],[121.13307,27.84715],[121.11402,27.84414],[121.09604,27.82787],[121.09799,27.81782],[121.11638,27.81782],[121.13006,27.8205],[121.13844,27.82486],[121.14747,27.82437],[121.16,27.81851],[121.17123,27.81879],[121.17482,27.82587]]],[[[121.12745,27.97748],[121.11134,27.98379],[121.08082,27.98066],[121.07569,27.98139],[121.07016,27.9829],[121.06479,27.98143],[121.04518,27.96747],[121.04021,27.95795],[121.04469,27.95197],[121.04933,27.95087],[121.07179,27.95726],[121.08334,27.95474],[121.09295,27.94774],[121.10328,27.94619],[121.12582,27.95136],[121.13917,27.95698],[121.13966,27.96577],[121.12745,27.97748]]],[[[121.8025,29.11864],[121.81446,29.11538],[121.82667,29.10798],[121.83725,29.0998],[121.84205,29.09504],[121.85353,29.09756],[121.86101,29.10684],[121.86736,29.11579],[121.86459,29.12385],[121.86215,29.12958],[121.85678,29.13426],[121.84392,29.14191],[121.79623,29.1494],[121.78981,29.14985],[121.78598,29.14374],[121.78354,29.13288],[121.78273,29.12466],[121.78582,29.1197],[121.79274,29.11856],[121.8025,29.11864]]],[[[122.23268,29.82783],[122.23756,29.8238],[122.25131,29.8061],[122.26539,29.798],[122.27247,29.79214],[122.29558,29.77912],[122.30836,29.77627],[122.31471,29.78368],[122.31219,29.79515],[122.3047,29.81745],[122.31039,29.82461],[122.31202,29.82905],[122.28419,29.84284],[122.27117,29.84683],[122.24773,29.8461],[122.2317,29.83625],[122.23268,29.82783]]],[[[121.95997,29.95319],[121.95191,29.94807],[121.94093,29.93769],[121.9336,29.92133],[121.94614,29.90396],[121.97413,29.89985],[121.99244,29.90827],[121.9935,29.91885],[121.98683,29.92988],[121.97218,29.94477],[121.97023,29.94684],[121.96648,29.95173],[121.95997,29.95319]]],[[[122.3025,30.2521],[122.28745,30.24779],[122.27833,30.24063],[122.2776,30.23554],[122.28338,30.23526],[122.29477,30.23672],[122.30535,30.24014],[122.31568,30.2403],[122.32911,30.23908],[122.34571,30.24193],[122.35719,30.24775],[122.37501,30.26215],[122.38063,30.26374],[122.38356,30.26154],[122.38453,30.25015],[122.39584,30.23945],[122.40854,30.24396],[122.41066,30.25471],[122.40773,30.26594],[122.39991,30.2746],[122.38258,30.27717],[122.34205,30.27363],[122.33188,30.27367],[122.32399,30.27216],[122.31861,30.26838],[122.313,30.25996],[122.3025,30.2521]]],[[[122.4607,30.69404],[122.46306,30.69636],[122.46656,30.69912],[122.47438,30.70258],[122.48732,30.70185],[122.49317,30.70311],[122.52475,30.70181],[122.5311,30.70441],[122.52638,30.71418],[122.52931,30.72077],[122.52459,30.72358],[122.50961,30.72118],[122.50196,30.71898],[122.49635,30.71678],[122.48439,30.71467],[122.47291,30.71723],[122.45802,30.73066],[122.44077,30.74103],[122.42994,30.74307],[122.42921,30.73802],[122.43474,30.72712],[122.43263,30.71483],[122.42726,30.70392],[122.43198,30.69798],[122.44516,30.69676],[122.45525,30.694],[122.4607,30.69404]]],[[[122.13893,29.67259],[122.14942,29.68183],[122.14942,29.66885],[122.16521,29.67316],[122.16977,29.67503],[122.16293,29.65453],[122.18686,29.67341],[122.17701,29.69684],[122.14324,29.73338],[122.14031,29.73461],[122.12648,29.74506],[122.12208,29.7508],[122.12094,29.7578],[122.12379,29.7709],[122.12208,29.77871],[122.11476,29.78852],[122.10743,29.78962],[122.09799,29.78685],[122.08448,29.7849],[122.06821,29.77953],[122.05665,29.76781],[122.04859,29.75609],[122.04322,29.7508],[122.03932,29.74754],[122.03533,29.73998],[122.03289,29.73094],[122.03338,29.72346],[122.03647,29.71747],[122.04005,29.71638],[122.0451,29.71699],[122.05307,29.71601],[122.05681,29.71979],[122.0739,29.72443],[122.09278,29.72578],[122.10157,29.71971],[122.10369,29.71052],[122.10873,29.70401],[122.11524,29.69839],[122.1211,29.69172],[122.12306,29.68647],[122.12501,29.67324],[122.12745,29.66901],[122.13258,29.66889],[122.13893,29.67259]]],[[[122.38478,29.83519],[122.39519,29.83332],[122.39552,29.84268],[122.39405,29.84789],[122.38592,29.85688],[122.38282,29.86473],[122.38673,29.87067],[122.39226,29.87641],[122.39519,29.88361],[122.40805,29.89985],[122.40968,29.9112],[122.39519,29.92206],[122.40317,29.92626],[122.40748,29.93061],[122.40903,29.93667],[122.40943,29.94571],[122.40675,29.9527],[122.40065,29.95295],[122.38893,29.9488],[122.35914,29.94628],[122.34645,29.94941],[122.34181,29.96304],[122.33546,29.96133],[122.33009,29.95824],[122.32545,29.95392],[122.32203,29.94843],[122.32057,29.93724],[122.32521,29.92788],[122.33351,29.9206],[122.35385,29.91059],[122.36207,29.90449],[122.36736,29.8959],[122.36915,29.88361],[122.36549,29.87629],[122.35922,29.86978],[122.35711,29.86172],[122.36541,29.84976],[122.37721,29.83893],[122.38478,29.83519]]],[[[121.0619,27.86361],[121.05692,27.86364],[121.05155,27.86877],[121.04697,27.87522],[121.04082,27.87596],[121.03238,27.87021],[121.02932,27.86852],[121.02203,27.8682],[121.02087,27.8638],[121.02086,27.85703],[121.01545,27.84994],[121.01313,27.84453],[121.01504,27.83978],[121.02001,27.83774],[121.02659,27.84447],[121.03237,27.8485],[121.04694,27.85522],[121.05304,27.85592],[121.05648,27.85422],[121.05914,27.84777],[121.06257,27.84574],[121.06679,27.84742],[121.06604,27.85149],[121.07179,27.85555],[121.07794,27.86162],[121.0837,27.8657],[121.0791,27.86673],[121.06953,27.86605],[121.0619,27.86361]]],[[[121.61362,28.50174],[121.61826,28.50446],[121.61883,28.50926],[121.62029,28.51321],[121.62558,28.51862],[121.62534,28.52306],[121.62208,28.52672],[121.61801,28.53807],[121.61516,28.54182],[121.60768,28.54182],[121.60068,28.53417],[121.59734,28.52416],[121.59881,28.5161],[121.59539,28.51378],[121.59677,28.51138],[121.60157,28.50894],[121.60377,28.50621],[121.60751,28.50344],[121.61362,28.50174]]],[[[122.24033,29.68704],[122.24903,29.69245],[122.27182,29.68264],[122.27491,29.68342],[122.27215,29.69074],[122.26433,29.69396],[122.25172,29.69628],[122.22877,29.70661],[122.2234,29.71349],[122.21697,29.71853],[122.20973,29.71979],[122.2046,29.7191],[122.20403,29.71524],[122.2046,29.71052],[122.20818,29.70596],[122.24033,29.68704]]],[[[122.27866,29.73151],[122.28517,29.7329],[122.29013,29.73587],[122.30315,29.73554],[122.30698,29.73713],[122.30511,29.74022],[122.30128,29.74307],[122.30095,29.74689],[122.29811,29.74946],[122.29208,29.75145],[122.28875,29.75137],[122.28476,29.74893],[122.27792,29.74917],[122.25107,29.75825],[122.24724,29.76044],[122.24602,29.76411],[122.25001,29.77045],[122.25131,29.77835],[122.24008,29.7864],[122.23504,29.78697],[122.23121,29.78539],[122.22844,29.78295],[122.2225,29.78067],[122.21591,29.77578],[122.21656,29.77241],[122.22161,29.76911],[122.22934,29.75698],[122.24204,29.74453],[122.25733,29.73697],[122.26791,29.7368],[122.27866,29.73151]]],[[[122.02898,29.8061],[122.0302,29.81607],[122.02434,29.82465],[122.01612,29.82416],[121.97747,29.80541],[121.96852,29.79462],[121.96909,29.77973],[121.9673,29.77692],[121.96827,29.77383],[121.97438,29.77114],[121.99383,29.76923],[122.00563,29.77692],[122.02898,29.8061]]],[[[122.32952,29.86294],[122.33627,29.86685],[122.33489,29.86925],[122.33562,29.87246],[122.34164,29.87625],[122.34303,29.87958],[122.33904,29.88272],[122.3344,29.88455],[122.31772,29.88227],[122.30462,29.88312],[122.29949,29.88459],[122.29233,29.88304],[122.28761,29.87751],[122.28403,29.87023],[122.28443,29.86306],[122.29542,29.85729],[122.30429,29.85558],[122.32952,29.86294]]],[[[122.02524,29.95368],[122.0267,29.94367],[122.03175,29.94074],[122.03826,29.93452],[122.05388,29.95327],[122.05201,29.96247],[122.04046,29.9665],[122.03891,29.96381],[122.03509,29.96381],[122.0337,29.96133],[122.03321,29.9595],[122.02939,29.95987],[122.02524,29.95368]]],[[[122.13478,29.97468],[122.14625,29.97374],[122.17652,29.96007],[122.18401,29.96752],[122.17644,29.97797],[122.16147,29.98994],[122.14601,29.98029],[122.13478,29.97468]]],[[[122.38339,29.97549],[122.39186,29.97451],[122.39348,29.97683],[122.39112,29.98456],[122.39096,29.9962],[122.39527,30.00243],[122.40292,30.0017],[122.41163,30.00267],[122.41375,30.00613],[122.40349,30.01252],[122.40056,30.01577],[122.40032,30.02151],[122.40512,30.03002],[122.40219,30.03254],[122.38657,30.02586],[122.37908,30.02639],[122.37778,30.02412],[122.37875,30.01704],[122.37436,30.0043],[122.37591,29.99653],[122.37517,29.99083],[122.36931,29.9877],[122.372,29.98168],[122.38339,29.97549]]],[[[121.931,30.11465],[121.91391,30.10533],[121.90813,30.09846],[121.90821,30.093],[121.91131,30.08979],[121.91464,30.08865],[121.92042,30.08714],[121.92661,30.08381],[121.92791,30.07543],[121.93173,30.06944],[121.9406,30.07465],[121.94972,30.088],[121.95257,30.10053],[121.9555,30.10448],[121.95639,30.10851],[121.952,30.11107],[121.94125,30.11412],[121.931,30.11465]]],[[[122.75473,30.14134],[122.76328,30.12771],[122.77288,30.12832],[122.78142,30.13239],[122.77133,30.14106],[122.75636,30.14419],[122.75473,30.14134]]],[[[122.18303,30.17149],[122.18629,30.17154],[122.18865,30.17434],[122.19394,30.17711],[122.20102,30.17731],[122.20102,30.18301],[122.20493,30.18582],[122.20623,30.18822],[122.20411,30.1916],[122.19923,30.19294],[122.19093,30.18952],[122.18898,30.1907],[122.18857,30.19408],[122.18531,30.19615],[122.17888,30.19754],[122.1753,30.19969],[122.17327,30.20185],[122.16904,30.20209],[122.14894,30.19241],[122.14495,30.18867],[122.14511,30.16267],[122.14715,30.15754],[122.15691,30.14566],[122.16236,30.14399],[122.1823,30.16246],[122.18328,30.16734],[122.18303,30.17149]]],[[[122.0359,30.1944],[122.03175,30.19733],[122.02646,30.19904],[122.01075,30.18627],[122.01385,30.18537],[122.01783,30.18549],[122.02646,30.17796],[122.02825,30.17532],[122.02646,30.17324],[122.02369,30.17219],[122.02149,30.16934],[122.02361,30.16576],[122.03566,30.17076],[122.05169,30.18268],[122.05405,30.1861],[122.0569,30.18781],[122.05657,30.19229],[122.05323,30.19884],[122.04786,30.20213],[122.04054,30.2025],[122.03696,30.20026],[122.03728,30.19615],[122.0359,30.1944]]],[[[122.68279,30.19099],[122.68483,30.18187],[122.68792,30.19831],[122.68466,30.2036],[122.67482,30.2097],[122.66993,30.20352],[122.67555,30.19408],[122.68279,30.19099]]],[[[122.64177,30.21434],[122.63225,30.2106],[122.63299,30.2073],[122.63803,30.20059],[122.64804,30.18622],[122.64861,30.19595],[122.64617,30.20856],[122.64177,30.21434]]],[[[121.96111,30.33128],[121.96111,30.32506],[121.95672,30.31887],[121.95135,30.30797],[121.9555,30.29336],[121.95777,30.29873],[121.9642,30.3002],[121.96599,30.30516],[121.97023,30.30736],[121.96982,30.31826],[121.97324,30.32372],[121.97332,30.3273],[121.97747,30.33145],[121.98146,30.33535],[121.98382,30.34048],[121.98235,30.34475],[121.97389,30.34394],[121.97316,30.33458],[121.96567,30.33629],[121.96111,30.33128]]],[[[122.26922,30.52505],[122.2645,30.52977],[122.2575,30.52627],[122.25245,30.51634],[122.26254,30.51447],[122.26824,30.51683],[122.26832,30.52159],[122.26922,30.52505]]],[[[122.07154,30.59724],[122.06935,30.59492],[122.06544,30.59211],[122.0503,30.59166],[122.0525,30.58889],[122.05942,30.58723],[122.06479,30.58682],[122.07187,30.57555],[122.08115,30.58356],[122.07724,30.58983],[122.08456,30.59264],[122.0879,30.59675],[122.0818,30.5954],[122.07154,30.59724]]],[[[122.55234,30.66991],[122.54965,30.66763],[122.54558,30.66393],[122.54705,30.66079],[122.54461,30.65823],[122.54282,30.65485],[122.54648,30.65347],[122.55152,30.65091],[122.55616,30.65233],[122.55926,30.65078],[122.56658,30.64582],[122.56829,30.64696],[122.56511,30.65274],[122.56479,30.65811],[122.5687,30.65709],[122.56959,30.65856],[122.5748,30.65827],[122.5822,30.66315],[122.58107,30.66734],[122.57594,30.66515],[122.57163,30.66795],[122.56764,30.6717],[122.56341,30.67638],[122.55836,30.67914],[122.5569,30.68098],[122.55388,30.67837],[122.55242,30.6741],[122.55234,30.66991]]]]}},{"type":"Feature","properties":{"id":"min-943","dynastyId":"min","name":"闽","validFromYear":943,"validToYearExclusive":944,"boundaryKind":"controlled","accuracyLevel":"reconstructed","verificationStatus":"reviewed","sourceRefs":["atlas-1935-936-946","user-943-crosscheck","natural-earth-land-10m"],"disputedNote":null,"labelLongitude":118.6,"labelLatitude":26.1},"geometry":{"type":"MultiPolygon","coordinates":[[[[119.05,27.25],[118.45,28.3],[116.9,26.9],[116.45,25.15],[117.34413,23.76817],[117.34555,23.76854],[117.35458,23.77741],[117.36093,23.78596],[117.36891,23.79263],[117.38242,23.79523],[117.43433,23.77592],[117.46348,23.78829],[117.49007,23.83258],[117.4996,23.87407],[117.46852,23.91193],[117.4498,23.91348],[117.42709,23.91039],[117.40968,23.9134],[117.40707,23.93305],[117.4166,23.94684],[117.43019,23.94375],[117.45484,23.9256],[117.47462,23.92097],[117.53736,23.91938],[117.55673,23.91323],[117.57106,23.90327],[117.58237,23.88931],[117.59205,23.871],[117.59816,23.85244],[117.60011,23.83397],[117.60201,23.79895],[117.58746,23.77778],[117.58952,23.75615],[117.59167,23.73706],[117.61256,23.76268],[117.6194,23.77481],[117.63927,23.7941],[117.62601,23.81223],[117.62554,23.84015],[117.6336,23.87416],[117.64863,23.90923],[117.67156,23.93141],[117.69508,23.95356],[117.68727,23.97907],[117.68849,23.9975],[117.70875,24.03547],[117.69223,24.03522],[117.6797,24.03905],[117.67099,24.048],[117.66708,24.06273],[117.69223,24.04654],[117.72413,24.03376],[117.75001,24.0373],[117.75709,24.07026],[117.76328,24.07026],[117.77027,24.05146],[117.77418,24.0454],[117.77613,24.0373],[117.76979,24.03132],[117.75709,24.02489],[117.76173,24.01484],[117.78647,24.02814],[117.79811,24.0218],[117.79135,24.00153],[117.73788,23.95051],[117.72926,23.91938],[117.73658,23.90811],[117.74806,23.90754],[117.75864,23.91547],[117.76328,23.92935],[117.76547,23.94733],[117.77198,23.95893],[117.79811,23.98021],[117.83912,24.02363],[117.86232,24.03522],[117.89365,24.02802],[117.89942,24.04019],[117.89869,24.05052],[117.8956,24.06098],[117.89365,24.07331],[117.89576,24.08662],[117.90138,24.09862],[117.93051,24.1411],[117.93775,24.16169],[117.93238,24.17829],[117.90732,24.18627],[117.92091,24.19668],[117.93214,24.20795],[117.94361,24.21259],[117.95851,24.20307],[117.96266,24.17381],[117.96787,24.15982],[117.97877,24.1621],[117.98251,24.16918],[117.98642,24.18716],[117.98927,24.1931],[117.99643,24.19741],[118.01621,24.20311],[118.02394,24.20673],[118.03834,24.2202],[118.05934,24.24551],[118.07179,24.25458],[118.08473,24.24909],[118.10873,24.26105],[118.12648,24.26203],[118.12265,24.27074],[118.12062,24.27953],[118.11964,24.29926],[118.11647,24.30451],[118.10231,24.31428],[118.09913,24.31973],[118.09059,24.34146],[118.07179,24.34886],[118.05299,24.34691],[118.04444,24.34052],[118.03736,24.33128],[118.02418,24.32355],[118.01588,24.32685],[118.02394,24.35078],[118.03004,24.35814],[118.03574,24.36103],[118.04078,24.36563],[118.04689,24.38963],[118.04746,24.39907],[118.04298,24.40668],[118.03012,24.41283],[118.01954,24.4062],[117.98935,24.39476],[117.90732,24.38491],[117.8746,24.39631],[117.79127,24.46064],[117.79127,24.46747],[117.81568,24.47163],[117.90113,24.45319],[117.88486,24.46865],[117.86622,24.47358],[117.84628,24.47508],[117.82594,24.48045],[117.86769,24.48957],[117.91188,24.47895],[117.9961,24.44697],[118.02174,24.44575],[118.02027,24.45466],[118.00758,24.46573],[117.99952,24.47085],[118.00693,24.48045],[118.00937,24.48554],[118.01393,24.48762],[118.02711,24.48794],[118.03671,24.49087],[118.04428,24.49803],[118.05812,24.51586],[118.04404,24.52827],[118.02076,24.53657],[117.97877,24.54255],[117.97486,24.55272],[117.99244,24.57148],[118.00929,24.58072],[118.00294,24.56245],[118.02109,24.555],[118.03736,24.56061],[118.04477,24.576],[118.03696,24.59781],[118.04444,24.61766],[118.0923,24.59781],[118.10336,24.58478],[118.11036,24.58405],[118.1128,24.59781],[118.12216,24.60786],[118.13095,24.62006],[118.13746,24.63378],[118.14145,24.65697],[118.14527,24.65864],[118.15089,24.65864],[118.15748,24.66267],[118.16049,24.69343],[118.18141,24.67276],[118.18759,24.65738],[118.18385,24.64277],[118.17433,24.6245],[118.18784,24.62466],[118.20371,24.62153],[118.21518,24.61481],[118.21583,24.60399],[118.20509,24.5987],[118.19166,24.6009],[118.18165,24.59781],[118.18116,24.57612],[118.19435,24.55646],[118.219,24.54145],[118.24179,24.54377],[118.24985,24.57612],[118.26319,24.57038],[118.27296,24.57441],[118.2798,24.5847],[118.28403,24.59781],[118.30714,24.58832],[118.31739,24.58698],[118.32504,24.59032],[118.35165,24.58234],[118.37989,24.59024],[118.4048,24.60663],[118.42189,24.6245],[118.40089,24.67231],[118.41147,24.68012],[118.42262,24.69286],[118.43124,24.69969],[118.43491,24.68964],[118.43466,24.659],[118.43271,24.64472],[118.42807,24.63133],[118.44532,24.62897],[118.47486,24.61433],[118.48609,24.61083],[118.50123,24.60814],[118.57114,24.569],[118.57814,24.56021],[118.56153,24.55622],[118.55445,24.55321],[118.55136,24.54597],[118.55087,24.53701],[118.55161,24.52896],[118.55397,24.51805],[118.55722,24.51724],[118.56129,24.5207],[118.5652,24.52269],[118.59083,24.52806],[118.62045,24.54548],[118.64658,24.56843],[118.66147,24.59032],[118.66415,24.61225],[118.65382,24.6164],[118.64023,24.61693],[118.63356,24.62788],[118.63388,24.64728],[118.636,24.66376],[118.6421,24.6787],[118.65406,24.69343],[118.66651,24.68301],[118.67579,24.67145],[118.68539,24.66649],[118.69874,24.67601],[118.72023,24.70555],[118.73203,24.71646],[118.74684,24.72069],[118.74855,24.72517],[118.76393,24.7517],[118.76295,24.76268],[118.75953,24.76777],[118.74342,24.77534],[118.72877,24.76948],[118.71998,24.76935],[118.71608,24.77875],[118.71632,24.78994],[118.7151,24.79833],[118.71103,24.80488],[118.70175,24.81004],[118.69752,24.80166],[118.68653,24.79279],[118.66774,24.78217],[118.66066,24.78189],[118.65162,24.78254],[118.64381,24.78221],[118.64039,24.77875],[118.63795,24.77212],[118.63258,24.77725],[118.61793,24.80532],[118.61801,24.81753],[118.62062,24.82929],[118.61988,24.84357],[118.6128,24.85578],[118.57203,24.8852],[118.5958,24.87474],[118.62412,24.86782],[118.65122,24.86689],[118.67115,24.87466],[118.67343,24.88662],[118.66212,24.89838],[118.64747,24.90851],[118.64039,24.91559],[118.64405,24.92414],[118.66163,24.94086],[118.66774,24.95344],[118.67726,24.9374],[118.68271,24.93098],[118.68808,24.92617],[118.68434,24.91547],[118.68483,24.90331],[118.68881,24.89574],[118.69557,24.89887],[118.69752,24.90681],[118.69557,24.94042],[118.70753,24.93122],[118.72047,24.9169],[118.7295,24.90054],[118.72975,24.8852],[118.72519,24.8828],[118.70777,24.87726],[118.70175,24.87153],[118.69809,24.85952],[118.6998,24.85155],[118.70607,24.84663],[118.71608,24.84357],[118.73634,24.85139],[118.76197,24.85798],[118.78012,24.86782],[118.7776,24.8852],[118.79208,24.8911],[118.80274,24.88809],[118.81275,24.88166],[118.82594,24.87775],[118.83766,24.88056],[118.86671,24.89102],[118.87721,24.88862],[118.89796,24.8758],[118.92441,24.86994],[118.952,24.87075],[118.97617,24.87775],[118.97584,24.88272],[118.97495,24.88386],[118.97299,24.88373],[118.96998,24.8852],[118.9725,24.89012],[118.97389,24.89191],[118.97324,24.89378],[118.96998,24.89887],[118.93417,24.88605],[118.90992,24.90717],[118.90113,24.93781],[118.91163,24.95344],[118.9485,24.95677],[118.96372,24.95441],[118.96998,24.94355],[118.97706,24.93403],[118.99269,24.93696],[119.00904,24.94733],[119.01767,24.96027],[119.01319,24.9582],[118.99733,24.95344],[118.98732,24.97972],[118.98325,24.9951],[118.98666,25.0019],[118.99342,25.00873],[118.99952,25.02407],[119.00343,25.04047],[119.00416,25.05024],[118.99733,25.05353],[118.99049,25.04019],[118.97999,25.01179],[118.96705,25.00454],[118.95371,25.003],[118.94068,25.00666],[118.92831,25.01488],[118.93515,25.02237],[118.89576,25.03351],[118.87794,25.04072],[118.86012,25.05655],[118.84913,25.0738],[118.84897,25.08662],[118.85768,25.09805],[118.86769,25.10041],[118.88559,25.10615],[118.90317,25.10248],[118.9214,25.10139],[118.93515,25.10432],[118.94296,25.10883],[118.94728,25.11319],[118.94907,25.11896],[118.94899,25.13695],[118.95558,25.15209],[118.97218,25.17206],[118.97462,25.18256],[118.96315,25.19367],[118.94825,25.19717],[118.93295,25.19457],[118.92091,25.18793],[118.91529,25.17939],[118.90927,25.19571],[118.91383,25.20869],[118.91114,25.21723],[118.88404,25.22036],[118.86484,25.22797],[118.87558,25.24384],[118.89649,25.25751],[118.90781,25.25849],[118.91847,25.26439],[118.98365,25.28303],[119.0273,25.27824],[119.02495,25.25929],[119.00001,25.25406],[118.97999,25.24486],[118.96933,25.22639],[118.98732,25.22224],[119.03476,25.22777],[119.05738,25.225],[119.06886,25.21674],[119.0691,25.20368],[119.0586,25.18622],[119.03403,25.15868],[119.02906,25.14053],[119.04444,25.12474],[119.04591,25.14305],[119.05323,25.15762],[119.06471,25.16254],[119.07919,25.15209],[119.07399,25.14566],[119.06479,25.12474],[119.08945,25.11367],[119.09913,25.11115],[119.09571,25.11473],[119.09311,25.11807],[119.09034,25.12124],[119.08546,25.12474],[119.09327,25.13565],[119.10353,25.13325],[119.11671,25.12661],[119.1338,25.12474],[119.14991,25.13158],[119.15309,25.13972],[119.14658,25.14374],[119.1338,25.13841],[119.12924,25.14867],[119.12485,25.1555],[119.11988,25.16071],[119.11425,25.17306],[119.10418,25.18295],[119.10179,25.19663],[119.1161,25.21378],[119.14197,25.22098],[119.15336,25.20695],[119.16468,25.19157],[119.17563,25.1765],[119.19288,25.18232],[119.21266,25.18622],[119.22938,25.19322],[119.24275,25.18999],[119.25563,25.1759],[119.28126,25.17939],[119.28883,25.18911],[119.27247,25.23176],[119.28126,25.24144],[119.32374,25.23798],[119.34425,25.24238],[119.35288,25.25849],[119.3475,25.26777],[119.33579,25.27228],[119.32423,25.27509],[119.31886,25.27936],[119.29697,25.3072],[119.29135,25.3166],[119.29835,25.3166],[119.2933,25.32197],[119.28867,25.32543],[119.27784,25.33023],[119.27369,25.31859],[119.26515,25.31757],[119.25416,25.32282],[119.24301,25.33023],[119.24122,25.31257],[119.23471,25.29487],[119.22584,25.27969],[119.21632,25.26935],[119.20126,25.25971],[119.19679,25.26333],[119.19321,25.27497],[119.18149,25.28925],[119.19174,25.29955],[119.20151,25.30634],[119.22316,25.3166],[119.20338,25.35814],[119.19532,25.35814],[119.19239,25.34203],[119.18312,25.32941],[119.17319,25.32514],[119.16847,25.33393],[119.16529,25.34955],[119.15699,25.36262],[119.10963,25.40681],[119.10255,25.42031],[119.11671,25.42642],[119.12867,25.43],[119.16139,25.44892],[119.17164,25.45746],[119.18336,25.46499],[119.2151,25.47028],[119.22934,25.47484],[119.2378,25.48176],[119.26075,25.51211],[119.26881,25.52692],[119.27198,25.55752],[119.27784,25.57046],[119.31056,25.57787],[119.32138,25.58735],[119.30519,25.60456],[119.3226,25.61103],[119.34303,25.6092],[119.35629,25.60004],[119.35288,25.58466],[119.36036,25.5773],[119.36476,25.58218],[119.36891,25.58491],[119.38087,25.59089],[119.35605,25.55073],[119.35288,25.53974],[119.35654,25.52692],[119.36598,25.5207],[119.44191,25.50951],[119.44907,25.50528],[119.44557,25.49014],[119.43312,25.45954],[119.43556,25.44693],[119.44703,25.43879],[119.45322,25.44977],[119.45826,25.46629],[119.46616,25.47484],[119.50489,25.47492],[119.50733,25.47443],[119.50546,25.47232],[119.50294,25.46247],[119.49366,25.45425],[119.49073,25.44693],[119.4922,25.44038],[119.49684,25.43675],[119.50205,25.43399],[119.50424,25.42988],[119.50253,25.41621],[119.49781,25.3994],[119.49122,25.38321],[119.48325,25.37116],[119.50327,25.37393],[119.52589,25.37409],[119.54444,25.37718],[119.55209,25.38886],[119.5582,25.40461],[119.55616,25.41047],[119.542,25.41279],[119.53598,25.41913],[119.53443,25.43378],[119.5359,25.44994],[119.53858,25.46117],[119.54542,25.45864],[119.54819,25.45698],[119.55209,25.45376],[119.556,25.45893],[119.56153,25.46328],[119.56837,25.46625],[119.57602,25.46735],[119.57626,25.46284],[119.58969,25.44326],[119.59311,25.43944],[119.58985,25.43183],[119.58253,25.4256],[119.57797,25.41869],[119.58872,25.40131],[119.59986,25.37116],[119.5936,25.36709],[119.5879,25.36079],[119.58302,25.35301],[119.57944,25.34447],[119.60288,25.34614],[119.65455,25.35814],[119.6456,25.36156],[119.63779,25.36359],[119.62037,25.36498],[119.6373,25.378],[119.64601,25.39256],[119.64527,25.41047],[119.63413,25.43325],[119.62534,25.43806],[119.61671,25.43724],[119.61402,25.43879],[119.62355,25.45034],[119.62802,25.46137],[119.62241,25.46943],[119.61142,25.47411],[119.59986,25.47484],[119.59986,25.48102],[119.60361,25.49116],[119.59848,25.49274],[119.5726,25.48786],[119.5726,25.4947],[119.58163,25.49616],[119.58741,25.49872],[119.59986,25.50837],[119.58985,25.50788],[119.58163,25.50926],[119.56642,25.51581],[119.57691,25.51533],[119.58302,25.51732],[119.58741,25.52192],[119.59311,25.52949],[119.57228,25.53343],[119.56837,25.54743],[119.57944,25.58466],[119.57569,25.57779],[119.56813,25.56904],[119.55844,25.56379],[119.54884,25.56704],[119.53443,25.57587],[119.5267,25.57099],[119.52206,25.56151],[119.51734,25.55679],[119.49244,25.56476],[119.48105,25.58047],[119.47934,25.60155],[119.48325,25.62568],[119.46705,25.61392],[119.45973,25.63288],[119.4559,25.66372],[119.44907,25.68716],[119.46363,25.68529],[119.46949,25.68358],[119.47706,25.67967],[119.48707,25.68732],[119.50058,25.68968],[119.51734,25.69017],[119.5228,25.7058],[119.53541,25.70588],[119.5643,25.68968],[119.56764,25.68195],[119.5726,25.67967],[119.57993,25.68],[119.58432,25.6826],[119.58717,25.6857],[119.58994,25.68716],[119.59303,25.69318],[119.59376,25.72187],[119.59645,25.73151],[119.61671,25.75226],[119.62086,25.76032],[119.61671,25.76472],[119.60987,25.76716],[119.60605,25.76903],[119.60841,25.79267],[119.60792,25.80516],[119.60304,25.81061],[119.58302,25.82022],[119.57911,25.84125],[119.57789,25.86237],[119.56642,25.87206],[119.57423,25.88491],[119.58408,25.87694],[119.59986,25.84418],[119.61647,25.89265],[119.62355,25.8994],[119.64039,25.90135],[119.65431,25.90693],[119.66554,25.91535],[119.67506,25.92609],[119.69899,25.97256],[119.7024,25.98505],[119.70069,25.99518],[119.6954,26.00263],[119.67506,26.02228],[119.64845,26.01545],[119.6194,26.0235],[119.56642,26.05024],[119.55429,26.04564],[119.51905,26.0445],[119.50424,26.03596],[119.5018,26.0292],[119.50001,26.0102],[119.49684,26.00178],[119.49,25.99421],[119.44093,25.96381],[119.40976,25.94986],[119.37753,25.94139],[119.34669,25.94038],[119.32984,25.94428],[119.29615,25.95698],[119.25497,25.96328],[119.24684,25.96723],[119.24301,25.99502],[119.23732,26.00625],[119.21738,26.02896],[119.20899,26.0434],[119.20069,26.07591],[119.19516,26.08759],[119.18149,26.09862],[119.15732,26.09077],[119.13649,26.10293],[119.11598,26.1232],[119.09352,26.13959],[119.09352,26.14582],[119.10361,26.14313],[119.12021,26.13593],[119.15162,26.11571],[119.16114,26.11164],[119.20094,26.10468],[119.21583,26.10008],[119.23316,26.0878],[119.26124,26.06053],[119.27711,26.05292],[119.32691,26.04804],[119.34335,26.04206],[119.37338,26.02228],[119.38282,26.01862],[119.40488,26.01386],[119.41505,26.00926],[119.42148,26.00239],[119.43173,25.9853],[119.43556,25.98135],[119.45851,25.98249],[119.47316,25.99714],[119.49374,26.03286],[119.51832,26.06489],[119.53736,26.09683],[119.56113,26.12499],[119.59986,26.14582],[119.59181,26.16641],[119.60011,26.17634],[119.61354,26.1822],[119.62037,26.1905],[119.62501,26.20295],[119.63697,26.21166],[119.65244,26.2176],[119.66822,26.2215],[119.66481,26.23163],[119.66822,26.24201],[119.6517,26.25007],[119.63413,26.25507],[119.65431,26.27241],[119.67359,26.2805],[119.69459,26.28295],[119.71933,26.28295],[119.73268,26.28506],[119.75343,26.29442],[119.76441,26.29662],[119.77662,26.29328],[119.78468,26.2871],[119.79274,26.28408],[119.80543,26.29043],[119.79086,26.29556],[119.78492,26.29662],[119.80112,26.31757],[119.82675,26.32836],[119.85475,26.32754],[119.87745,26.31338],[119.88819,26.31883],[119.94996,26.36494],[119.94996,26.3723],[119.93483,26.37055],[119.90846,26.3605],[119.89479,26.35871],[119.88014,26.3631],[119.8558,26.37763],[119.8401,26.37857],[119.85133,26.39281],[119.84628,26.40241],[119.83481,26.4121],[119.82578,26.42695],[119.7977,26.41132],[119.79176,26.40648],[119.78736,26.39741],[119.78468,26.38638],[119.78012,26.37499],[119.7706,26.36494],[119.75441,26.37206],[119.74838,26.35887],[119.74708,26.32762],[119.73569,26.32221],[119.6963,26.31684],[119.6819,26.31712],[119.68385,26.32168],[119.68662,26.33308],[119.68873,26.33759],[119.66529,26.34016],[119.65553,26.35562],[119.65431,26.42902],[119.64845,26.43745],[119.63998,26.4444],[119.63087,26.44872],[119.62656,26.44432],[119.6163,26.4374],[119.59409,26.43358],[119.57309,26.43781],[119.56642,26.4549],[119.5713,26.46573],[119.5796,26.47089],[119.59986,26.4748],[119.60572,26.47435],[119.62037,26.46796],[119.6255,26.47093],[119.63575,26.47944],[119.64096,26.48216],[119.64698,26.49405],[119.65366,26.49803],[119.66456,26.49213],[119.68979,26.45946],[119.69923,26.4549],[119.71876,26.45185],[119.73764,26.44367],[119.75205,26.43146],[119.76197,26.40746],[119.77206,26.40672],[119.79176,26.41332],[119.79249,26.41665],[119.79111,26.42992],[119.79176,26.43378],[119.79575,26.43427],[119.80885,26.43305],[119.81227,26.43378],[119.81674,26.44473],[119.81886,26.45319],[119.81772,26.46214],[119.81227,26.4748],[119.80226,26.48945],[119.79428,26.49714],[119.78492,26.50202],[119.79062,26.50519],[119.79347,26.50821],[119.79526,26.51162],[119.79859,26.51577],[119.77914,26.5207],[119.76588,26.53437],[119.76173,26.55073],[119.7706,26.56411],[119.77418,26.55952],[119.78492,26.55048],[119.78273,26.55964],[119.78224,26.56476],[119.78492,26.57783],[119.77174,26.58389],[119.74863,26.58796],[119.73642,26.59146],[119.74293,26.60175],[119.7422,26.60863],[119.7352,26.61197],[119.72275,26.61127],[119.73024,26.61127],[119.70094,26.60859],[119.68751,26.61127],[119.67506,26.6188],[119.65797,26.60765],[119.63779,26.59882],[119.61891,26.58784],[119.60605,26.57038],[119.59986,26.57038],[119.59238,26.59089],[119.55421,26.61518],[119.54542,26.63618],[119.54111,26.65632],[119.54444,26.6625],[119.55893,26.66657],[119.56813,26.66454],[119.59986,26.64606],[119.60646,26.66991],[119.60825,26.68354],[119.60605,26.69453],[119.59596,26.70331],[119.58375,26.70392],[119.57081,26.70327],[119.55893,26.7082],[119.5547,26.71483],[119.55152,26.72517],[119.5503,26.73721],[119.55209,26.74909],[119.55763,26.75878],[119.57154,26.76655],[119.57944,26.77643],[119.57553,26.78803],[119.58456,26.79462],[119.59775,26.79711],[119.60605,26.79694],[119.62184,26.78677],[119.62265,26.77717],[119.62037,26.76557],[119.62656,26.74909],[119.64601,26.75332],[119.66383,26.74055],[119.68043,26.72183],[119.69614,26.7082],[119.71315,26.69986],[119.72495,26.69782],[119.73024,26.70474],[119.72739,26.71792],[119.72023,26.72451],[119.7103,26.72989],[119.68385,26.75422],[119.67799,26.76313],[119.67506,26.77643],[119.67628,26.78587],[119.68019,26.79963],[119.6858,26.812],[119.69239,26.81737],[119.71201,26.80793],[119.72608,26.78653],[119.73268,26.76341],[119.73024,26.74909],[119.73024,26.74291],[119.74301,26.73713],[119.7562,26.73774],[119.76645,26.74494],[119.7706,26.75902],[119.76881,26.7744],[119.76588,26.784],[119.76523,26.79409],[119.7706,26.81053],[119.78199,26.82852],[119.79835,26.84138],[119.81983,26.84927],[119.84628,26.8522],[119.83481,26.83251],[119.81503,26.82563],[119.79737,26.81639],[119.79176,26.79003],[119.80323,26.79572],[119.81577,26.79759],[119.82838,26.79564],[119.8401,26.79003],[119.81153,26.77578],[119.80226,26.76679],[119.79151,26.70478],[119.79176,26.68769],[119.80307,26.69379],[119.81959,26.71137],[119.82919,26.71499],[119.8506,26.68952],[119.85377,26.68769],[119.85694,26.65351],[119.87965,26.65534],[119.90162,26.65974],[119.88803,26.68724],[119.90187,26.71011],[119.92408,26.73249],[119.93564,26.75902],[119.92368,26.78124],[119.92514,26.79218],[119.9463,26.79694],[120.0149,26.79003],[120.06747,26.80048],[120.07968,26.79694],[120.07765,26.78559],[120.03199,26.72858],[120.03053,26.72492],[120.03199,26.7204],[120.03232,26.71662],[120.02817,26.71499],[120.01783,26.71703],[120.0123,26.71906],[120.01149,26.72118],[120.00025,26.70771],[119.98634,26.67963],[119.97682,26.67402],[119.97877,26.66962],[119.98203,26.65815],[119.98414,26.65351],[119.96852,26.64794],[119.94483,26.63203],[119.92897,26.62564],[119.88844,26.61713],[119.8685,26.61005],[119.85377,26.59829],[119.85206,26.59101],[119.85483,26.57193],[119.85377,26.56411],[119.84816,26.56074],[119.84164,26.5624],[119.83595,26.56151],[119.83261,26.55048],[119.8357,26.5314],[119.84718,26.52363],[119.88429,26.52318],[119.93564,26.56045],[119.93702,26.57673],[119.94117,26.59333],[119.94874,26.60615],[119.95997,26.61127],[120.0149,26.61127],[120.02784,26.6153],[120.07968,26.64606],[120.08668,26.63923],[120.07651,26.63011],[120.07521,26.62149],[120.08041,26.61742],[120.09034,26.62222],[120.09897,26.62836],[120.13437,26.64606],[120.13437,26.65351],[120.1207,26.64606],[120.11044,26.66063],[120.10361,26.67528],[120.10206,26.68915],[120.10768,26.70132],[120.1185,26.70637],[120.13193,26.70722],[120.14357,26.71011],[120.14869,26.72118],[120.14283,26.73281],[120.12875,26.73505],[120.1124,26.73574],[120.10019,26.74291],[120.09775,26.75849],[120.10694,26.7718],[120.11964,26.78417],[120.12818,26.79694],[120.11085,26.79873],[120.09653,26.80589],[120.08505,26.81371],[120.07626,26.81737],[120.063,26.81892],[120.04762,26.82323],[120.0337,26.82974],[120.02451,26.83788],[120.02516,26.86017],[120.0442,26.8767],[120.05527,26.88939],[120.03199,26.89989],[120.05576,26.89989],[120.06568,26.89785],[120.0735,26.89305],[120.07911,26.88837],[120.08326,26.8863],[120.09555,26.88727],[120.10279,26.89008],[120.10963,26.89435],[120.1207,26.89989],[120.11362,26.91877],[120.12574,26.92731],[120.14723,26.92902],[120.16847,26.92723],[120.20078,26.91543],[120.20948,26.91356],[120.21909,26.91543],[120.22413,26.91869],[120.22861,26.923],[120.2374,26.92723],[120.22999,26.9409],[120.23471,26.94562],[120.23935,26.95234],[120.24366,26.95515],[120.23569,26.96638],[120.22592,26.96735],[120.21388,26.96381],[120.19955,26.96137],[120.18702,26.96353],[120.14869,26.98188],[120.19321,26.98135],[120.21608,26.98408],[120.22999,26.98933],[120.2374,26.98188],[120.25522,26.99706],[120.25563,27.01752],[120.24155,27.034],[120.21632,27.0371],[120.21632,27.04393],[120.23219,27.05069],[120.24521,27.06533],[120.25782,27.07266],[120.27149,27.05756],[120.27833,27.06379],[120.26401,27.09858],[120.25839,27.10708],[120.25767,27.10792],[119.05,27.25]]],[[[117.37209,23.72494],[117.42213,23.64762],[117.43267,23.66012],[117.44483,23.66494],[117.46722,23.65793],[117.47984,23.66268],[117.47654,23.68943],[117.48416,23.71079],[117.49594,23.72016],[117.51619,23.71628],[117.52666,23.74011],[117.50416,23.7499],[117.4689,23.75309],[117.44778,23.74225],[117.43483,23.75072],[117.41977,23.7543],[117.41358,23.77167],[117.40431,23.77416],[117.38592,23.77416],[117.37273,23.76675],[117.37924,23.74681],[117.37566,23.7473],[117.37669,23.72887],[117.37209,23.72494]]],[[[119.27329,25.99714],[119.29054,25.99527],[119.30201,25.99185],[119.31202,25.98676],[119.34596,25.97639],[119.37159,25.97158],[119.38111,25.96699],[119.39064,25.96699],[119.40496,25.97793],[119.40122,25.99604],[119.3698,26.01423],[119.30543,26.03596],[119.27223,26.04206],[119.25758,26.04755],[119.24334,26.05707],[119.2212,26.08954],[119.20924,26.09858],[119.21778,26.05903],[119.22674,26.04767],[119.23756,26.03758],[119.24684,26.02656],[119.25074,26.0124],[119.25758,26.00145],[119.27329,25.99714]]],[[[118.33099,24.39648],[118.34576,24.41758],[118.37286,24.4332],[118.40362,24.43601],[118.4229,24.4303],[118.44879,24.41551],[118.46336,24.43152],[118.46735,24.46183],[118.44959,24.50553],[118.4226,24.52797],[118.39422,24.52269],[118.38539,24.50382],[118.38141,24.47351],[118.35481,24.47056],[118.31666,24.49335],[118.28785,24.48045],[118.28207,24.47736],[118.28297,24.47004],[118.28956,24.45563],[118.29233,24.44062],[118.29274,24.43207],[118.292,24.42499],[118.2894,24.4206],[118.2811,24.41104],[118.27955,24.40843],[118.28395,24.40127],[118.29298,24.39765],[118.30323,24.39704],[118.31822,24.39054],[118.33099,24.39648]]],[[[119.77198,25.45059],[119.79461,25.46304],[119.82106,25.46752],[119.84653,25.46117],[119.83969,25.47915],[119.80641,25.49584],[119.79884,25.51581],[119.8047,25.53262],[119.81861,25.5458],[119.83448,25.54914],[119.84653,25.53632],[119.86248,25.54629],[119.87452,25.55679],[119.85515,25.56513],[119.83009,25.57201],[119.81691,25.57982],[119.83286,25.59089],[119.82293,25.60139],[119.81349,25.60883],[119.80372,25.61074],[119.792,25.60456],[119.78028,25.61742],[119.77589,25.63573],[119.77703,25.65209],[119.78175,25.65917],[119.76352,25.65949],[119.7505,25.65298],[119.74545,25.64907],[119.73048,25.64614],[119.71363,25.6306],[119.69874,25.61262],[119.69272,25.59422],[119.70265,25.5773],[119.70924,25.5856],[119.71876,25.59125],[119.72706,25.59089],[119.73048,25.581],[119.71762,25.54491],[119.71616,25.53632],[119.72633,25.52513],[119.7588,25.53075],[119.77833,25.52204],[119.76637,25.50625],[119.74855,25.50259],[119.69606,25.50934],[119.68621,25.50772],[119.67774,25.50121],[119.66847,25.48786],[119.67848,25.48233],[119.68922,25.48045],[119.69988,25.48233],[119.70997,25.48786],[119.7116,25.48623],[119.71225,25.48021],[119.71225,25.47358],[119.71176,25.46955],[119.70899,25.46564],[119.70102,25.45995],[119.69776,25.45661],[119.69304,25.43765],[119.70387,25.42357],[119.72218,25.4138],[119.73992,25.40778],[119.75733,25.40493],[119.76002,25.41063],[119.75733,25.42133],[119.75782,25.43325],[119.77198,25.45059]]],[[[119.51734,25.17145],[119.52898,25.16535],[119.54217,25.16535],[119.54868,25.17243],[119.54819,25.18598],[119.5534,25.19526],[119.56324,25.1988],[119.56756,25.2049],[119.56105,25.20864],[119.55104,25.20946],[119.54347,25.20938],[119.53403,25.20722],[119.5228,25.20844],[119.51197,25.21345],[119.50261,25.22101],[119.49643,25.23135],[119.49171,25.2414],[119.48666,25.24486],[119.48146,25.24502],[119.47608,25.25056],[119.47039,25.25218],[119.45818,25.24112],[119.45436,25.23847],[119.44654,25.23599],[119.44467,25.22907],[119.44947,25.21434],[119.46119,25.20331],[119.48894,25.19628],[119.49293,25.20051],[119.50327,25.2038],[119.51271,25.1988],[119.51295,25.19139],[119.51092,25.18232],[119.51734,25.17145]]],[[[119.32602,25.43399],[119.33497,25.43797],[119.33481,25.4499],[119.33058,25.46735],[119.33473,25.48969],[119.3436,25.51537],[119.34913,25.54401],[119.35206,25.55223],[119.34596,25.5611],[119.34653,25.56672],[119.34327,25.57331],[119.33172,25.57128],[119.3213,25.56122],[119.31821,25.55707],[119.31031,25.54865],[119.30747,25.54682],[119.30502,25.54336],[119.30372,25.53775],[119.2815,25.4829],[119.28159,25.46381],[119.28566,25.45474],[119.28834,25.44367],[119.29689,25.42292],[119.30258,25.42292],[119.31373,25.42992],[119.32602,25.43399]]],[[[119.61313,26.12116],[119.59938,26.12812],[119.57488,26.11953],[119.55397,26.09565],[119.56528,26.08047],[119.62037,26.0642],[119.63885,26.0705],[119.64405,26.07844],[119.63893,26.08857],[119.62696,26.1079],[119.61313,26.12116]]],[[[120.35751,26.96605],[120.35532,26.96886],[120.35092,26.97118],[120.3449,26.97195],[120.33709,26.97004],[120.32618,26.96178],[120.32219,26.9621],[120.32024,26.9582],[120.31853,26.94859],[120.32683,26.93968],[120.35255,26.92377],[120.38567,26.93517],[120.38421,26.93797],[120.3777,26.93985],[120.37387,26.94359],[120.36891,26.95567],[120.36305,26.96304],[120.35751,26.96605]]],[[[118.18084,24.48347],[118.18873,24.49413],[118.1893,24.50308],[118.1823,24.52265],[118.18141,24.5351],[118.1631,24.53197],[118.13787,24.53653],[118.11207,24.5456],[118.09254,24.55622],[118.08937,24.5384],[118.07521,24.51215],[118.07203,24.49787],[118.07472,24.48395],[118.08229,24.48233],[118.10621,24.49413],[118.10304,24.47989],[118.09344,24.47468],[118.08155,24.4726],[118.07203,24.46747],[118.07,24.46027],[118.07342,24.4527],[118.08107,24.44522],[118.09205,24.43846],[118.11402,24.43061],[118.13649,24.42927],[118.15382,24.43708],[118.16082,24.45694],[118.16391,24.47191],[118.17164,24.47846],[118.18084,24.48347]]],[[[119.59368,23.72899],[119.59409,23.72748],[119.59531,23.73078],[119.60271,23.73912],[119.61126,23.74356],[119.6128,23.74982],[119.6032,23.75479],[119.60288,23.75601],[119.60133,23.75833],[119.59905,23.75524],[119.59498,23.74787],[119.58847,23.74299],[119.59018,23.73957],[119.5892,23.73802],[119.59344,23.72875],[119.59368,23.72899]]],[[[118.247,24.4193],[118.25123,24.42337],[118.25733,24.42377],[118.26254,24.43098],[118.26271,24.4418],[118.25636,24.44811],[118.24903,24.45283],[118.24106,24.45262],[118.23308,24.45075],[118.22804,24.44603],[118.20899,24.41161],[118.22023,24.40754],[118.24016,24.41283],[118.2448,24.41515],[118.247,24.4193]]],[[[118.32399,24.56916],[118.3069,24.56749],[118.30095,24.56521],[118.2977,24.56143],[118.30128,24.55744],[118.32651,24.54324],[118.33269,24.54784],[118.33546,24.55557],[118.33383,24.56354],[118.32399,24.56916]]],[[[119.45794,24.98005],[119.4629,24.9759],[119.47364,24.98086],[119.4769,24.98831],[119.47608,24.9949],[119.46949,24.99575],[119.46038,24.99079],[119.45794,24.98005]]],[[[119.11826,25.06167],[119.11329,25.05366],[119.10499,25.04845],[119.10637,25.0447],[119.11232,25.04068],[119.1159,25.03628],[119.1172,25.03071],[119.12143,25.02745],[119.12485,25.03022],[119.12363,25.03429],[119.12412,25.03661],[119.14357,25.05561],[119.14088,25.05752],[119.13909,25.06208],[119.13982,25.06774],[119.13697,25.07128],[119.13608,25.07941],[119.14405,25.08824],[119.15252,25.0926],[119.15561,25.09589],[119.15691,25.10065],[119.15414,25.10269],[119.14503,25.09622],[119.13575,25.09435],[119.12322,25.08902],[119.11516,25.08312],[119.11085,25.08194],[119.10906,25.08059],[119.10987,25.07701],[119.11142,25.07368],[119.11183,25.0701],[119.11533,25.06708],[119.11826,25.06167]]],[[[119.67709,25.65567],[119.66985,25.65257],[119.66538,25.64427],[119.67075,25.63955],[119.67661,25.63646],[119.68303,25.63813],[119.71453,25.64024],[119.71876,25.64558],[119.71941,25.65729],[119.71705,25.66393],[119.681,25.65184],[119.67709,25.65567]]],[[[119.59132,25.64212],[119.59685,25.64635],[119.60694,25.65884],[119.60825,25.6697],[119.60434,25.66897],[119.5962,25.66836],[119.59344,25.66153],[119.58774,25.66031],[119.58562,25.65514],[119.57773,25.65042],[119.57187,25.64024],[119.56691,25.64578],[119.56544,25.64903],[119.56414,25.64533],[119.55909,25.64366],[119.56341,25.63699],[119.5678,25.63528],[119.5713,25.63467],[119.5739,25.6328],[119.57545,25.63158],[119.57773,25.63158],[119.58481,25.63837],[119.59132,25.64212]]],[[[119.97535,25.95165],[119.98186,25.95449],[119.98943,25.96145],[119.99008,25.96931],[119.98585,25.96813],[119.98528,25.96487],[119.97584,25.96674],[119.96656,25.94741],[119.97535,25.95165]]],[[[119.92856,25.97667],[119.93735,25.96487],[119.94508,25.97232],[119.9524,25.97606],[119.94199,25.9809],[119.92856,25.97667]]],[[[119.95346,26.14968],[119.96428,26.16055],[119.96404,26.16694],[119.95362,26.16686],[119.93686,26.15811],[119.93295,26.15982],[119.92457,26.1625],[119.92343,26.16523],[119.92359,26.16987],[119.91961,26.16934],[119.91562,26.16238],[119.91375,26.15298],[119.91668,26.1448],[119.92628,26.13898],[119.93263,26.13992],[119.95346,26.14968]]],[[[119.97307,26.22248],[119.96876,26.22012],[119.96681,26.21463],[119.9651,26.20002],[119.96689,26.19473],[119.97104,26.19237],[119.97568,26.20962],[119.98129,26.21524],[119.98618,26.21642],[119.98992,26.21507],[119.99887,26.21939],[120.0031,26.21686],[120.00864,26.20962],[120.01352,26.2058],[120.01385,26.20881],[120.01189,26.21275],[120.01336,26.21621],[120.01417,26.22036],[120.01189,26.22325],[120.00864,26.225],[120.00359,26.2318],[119.99407,26.23306],[119.98569,26.22846],[119.983,26.22541],[119.97307,26.22248]]],[[[120.49106,26.38874],[120.4826,26.38251],[120.4791,26.38068],[120.48105,26.37592],[120.4769,26.3701],[120.48137,26.36787],[120.48382,26.3666],[120.48837,26.36587],[120.48959,26.36412],[120.49374,26.37124],[120.49635,26.37438],[120.49903,26.3758],[120.50123,26.37499],[120.50335,26.37446],[120.50766,26.37592],[120.50335,26.37922],[120.50099,26.38365],[120.49106,26.38874]]],[[[120.03541,26.52106],[120.03207,26.5187],[120.03191,26.51537],[120.03289,26.51297],[120.03199,26.50894],[120.0289,26.50271],[120.02792,26.49636],[120.03142,26.49352],[120.03549,26.49307],[120.04721,26.49877],[120.05502,26.49844],[120.0608,26.50104],[120.06544,26.51687],[120.06186,26.52444],[120.05714,26.52481],[120.05307,26.52204],[120.0407,26.52216],[120.03541,26.52106]]],[[[120.15406,26.60541],[120.14983,26.60554],[120.13413,26.58242],[120.11638,26.56973],[120.11736,26.56476],[120.12859,26.55606],[120.13201,26.55626],[120.14731,26.57156],[120.15333,26.57518],[120.15773,26.57591],[120.16098,26.57734],[120.16302,26.58596],[120.16456,26.58926],[120.16489,26.59402],[120.16358,26.59903],[120.16163,26.60224],[120.1587,26.60395],[120.15406,26.60541]]],[[[119.78077,26.62763],[119.77019,26.62702],[119.7671,26.62466],[119.76043,26.61628],[119.7649,26.60883],[119.77312,26.60619],[119.7754,26.60391],[119.78671,26.60936],[119.79094,26.61144],[119.79396,26.6142],[119.79274,26.61514],[119.79998,26.61392],[119.8073,26.61294],[119.81365,26.6236],[119.80657,26.62788],[119.79957,26.6295],[119.79802,26.6317],[119.79461,26.63219],[119.78696,26.62885],[119.78077,26.62763]]],[[[119.66497,26.67036],[119.65764,26.66808],[119.65512,26.66112],[119.65732,26.65074],[119.66407,26.6411],[119.66993,26.64004],[119.67449,26.64423],[119.67921,26.6433],[119.68605,26.63915],[119.69663,26.6385],[119.71551,26.64167],[119.72234,26.65009],[119.7492,26.66344],[119.75571,26.66983],[119.75644,26.67487],[119.75481,26.6767],[119.75074,26.67935],[119.74179,26.67992],[119.73504,26.67727],[119.73194,26.6741],[119.72698,26.66267],[119.72055,26.66307],[119.71599,26.66836],[119.66497,26.67036]]],[[[119.92669,26.69237],[119.91993,26.69269],[119.90594,26.69237],[119.90447,26.68618],[119.91074,26.68155],[119.92359,26.67914],[119.92604,26.67357],[119.92644,26.66901],[119.93214,26.67048],[119.94239,26.66307],[119.94052,26.67007],[119.93556,26.67748],[119.93686,26.68085],[119.93938,26.68525],[119.94223,26.69094],[119.9441,26.69538],[119.93946,26.69693],[119.92669,26.69237]]],[[[120.30909,26.9405],[120.30266,26.9418],[120.292,26.9394],[120.28541,26.93403],[120.29786,26.92906],[120.31202,26.93106],[120.31455,26.93614],[120.313,26.93842],[120.30909,26.9405]]]]}},{"type":"Feature","properties":{"id":"chu-943","dynastyId":"chu","name":"楚","validFromYear":943,"validToYearExclusive":944,"boundaryKind":"controlled","accuracyLevel":"reconstructed","verificationStatus":"reviewed","sourceRefs":["atlas-1935-936-946","user-943-crosscheck","natural-earth-land-10m"],"disputedNote":null,"labelLongitude":111.5,"labelLatitude":27.8},"geometry":{"type":"MultiPolygon","coordinates":[[[[109.9,30.1],[108.35,29.55],[108.35,27.8],[109.45,26.2],[110.25,25.25],[111.4,24.4],[113.2,24.7],[114.8,25.8],[114.85,27.0],[113.7,28.25],[113.7,29.9],[112.2,30.1],[111.15,29.65],[110.9,30.0],[109.9,30.1]]]]}},{"type":"Feature","properties":{"id":"southern-han-943","dynastyId":"southern-han","name":"南汉","validFromYear":943,"validToYearExclusive":944,"boundaryKind":"controlled","accuracyLevel":"reconstructed","verificationStatus":"reviewed","sourceRefs":["atlas-1935-936-946","user-943-crosscheck","natural-earth-land-10m"],"disputedNote":null,"labelLongitude":111.5,"labelLatitude":22.7},"geometry":{"type":"MultiPolygon","coordinates":[[[[107.0,25.5],[104.85,25.0],[104.5,22.5],[106.0,20.5],[106.34349,20.15651],[106.35328,20.17683],[106.3602,20.18407],[106.38111,20.19208],[106.38795,20.1975],[106.38071,20.20458],[106.38071,20.21198],[106.39015,20.21629],[106.3947,20.21752],[106.40187,20.21821],[106.40187,20.21198],[106.39503,20.21198],[106.39503,20.20458],[106.46022,20.21198],[106.47316,20.21516],[106.50491,20.21702],[106.52929,20.22239],[106.54103,20.22607],[106.55427,20.22465],[106.56961,20.23199],[106.57233,20.24668],[106.56631,20.26108],[106.556,20.27774],[106.55274,20.28653],[106.54851,20.29145],[106.52475,20.30825],[106.52052,20.29841],[106.51295,20.29442],[106.50489,20.29743],[106.50294,20.30052],[106.49806,20.30825],[106.50441,20.30825],[106.52166,20.31346],[106.53696,20.30915],[106.54998,20.29898],[106.55958,20.28653],[106.58166,20.26418],[106.59259,20.27541],[106.58847,20.30328],[106.58549,20.32229],[106.58377,20.33797],[106.57978,20.35022],[106.57765,20.35895],[106.55958,20.37592],[106.56332,20.37547],[106.56568,20.37645],[106.56674,20.37889],[106.56642,20.38272],[106.56804,20.37808],[106.57309,20.36848],[106.58416,20.38182],[106.59059,20.40473],[106.59425,20.44819],[106.58424,20.45783],[106.5617,20.45506],[106.5381,20.44623],[106.52475,20.43732],[106.51857,20.43732],[106.5232,20.44522],[106.5298,20.45441],[106.53696,20.46206],[106.54249,20.46528],[106.54542,20.4676],[106.57374,20.47712],[106.57993,20.47826],[106.58448,20.49604],[106.57488,20.51073],[106.56772,20.52489],[106.57993,20.54096],[106.57993,20.54719],[106.55063,20.53242],[106.53614,20.53164],[106.51857,20.54096],[106.58253,20.56517],[106.60475,20.58442],[106.62135,20.5904],[106.62477,20.59463],[106.62745,20.60008],[106.62843,20.60586],[106.62721,20.6166],[106.62403,20.6188],[106.6194,20.6186],[106.61427,20.6223],[106.59938,20.63841],[106.5936,20.64671],[106.59262,20.6481],[106.58676,20.66328],[106.59816,20.6551],[106.61232,20.63548],[106.62094,20.62979],[106.63754,20.62808],[106.65406,20.6308],[106.66969,20.63646],[106.68295,20.64338],[106.70314,20.65965],[106.70289,20.67158],[106.68751,20.68134],[106.66261,20.69115],[106.66261,20.69798],[106.67555,20.69864],[106.70411,20.69115],[106.71697,20.69131],[106.7256,20.69375],[106.73268,20.6966],[106.74147,20.69798],[106.74488,20.70197],[106.75563,20.7093],[106.7671,20.71345],[106.77247,20.70795],[106.77613,20.70112],[106.78517,20.69229],[106.80592,20.67756],[106.78883,20.73054],[106.77858,20.74641],[106.77247,20.73896],[106.75563,20.75121],[106.73845,20.76972],[106.72462,20.79003],[106.71778,20.80785],[106.73658,20.79499],[106.7492,20.80435],[106.75294,20.82575],[106.74448,20.84886],[106.7269,20.8614],[106.70753,20.87075],[106.69996,20.88276],[106.71778,20.90351],[106.73829,20.883],[106.74448,20.883],[106.74724,20.89472],[106.75668,20.9079],[106.7588,20.92084],[106.75514,20.93854],[106.7461,20.94233],[106.73373,20.94221],[106.71192,20.95156],[106.6867,20.9527],[106.67628,20.95873],[106.67107,20.96906],[106.66912,20.97997],[106.66554,20.99055],[106.65577,20.9997],[106.65577,21.00585],[106.67628,21.0019],[106.68295,20.9997],[106.68295,21.00585],[106.65268,21.01752],[106.65073,21.01801],[106.6421,21.02017],[106.6587,21.02485],[106.68035,21.02045],[106.71778,21.00585],[106.71778,21.01337],[106.7103,21.01337],[106.7103,21.02017],[106.7308,21.02985],[106.7461,21.02456],[106.76238,21.01533],[106.78541,21.01337],[106.78321,21.01667],[106.78077,21.02412],[106.77858,21.02757],[106.78932,21.02753],[106.79811,21.02481],[106.80567,21.01984],[106.81219,21.01337],[106.79868,21.00194],[106.80242,20.99518],[106.81284,20.99063],[106.81959,20.98603],[106.82065,20.97602],[106.81691,20.96947],[106.8069,20.96601],[106.78883,20.96491],[106.77247,20.95742],[106.78321,20.94257],[106.806,20.93207],[106.82643,20.93765],[106.83326,20.93765],[106.83546,20.93061],[106.83668,20.92914],[106.83326,20.92398],[106.85222,20.90998],[106.85987,20.88939],[106.86793,20.88272],[106.88795,20.91031],[106.88233,20.91511],[106.87843,20.92121],[106.8755,20.9287],[106.87428,20.93765],[106.8816,20.93765],[106.89145,20.91804],[106.9017,20.90786],[106.91725,20.90404],[106.94313,20.90351],[106.94313,20.91031],[106.93238,20.91519],[106.92823,20.92276],[106.92612,20.93098],[106.92205,20.93765],[106.91635,20.94111],[106.89527,20.95124],[106.88282,20.96052],[106.85377,20.99225],[106.8602,20.99311],[106.86354,20.9916],[106.86744,20.98603],[106.87338,20.99714],[106.88461,20.99323],[106.90895,20.97236],[106.9192,20.96577],[106.9319,20.95942],[106.94695,20.95429],[106.96363,20.95124],[106.98211,20.94994],[107.00099,20.95108],[107.01677,20.95767],[107.02565,20.97236],[107.02084,20.9864],[106.99545,21.00642],[106.99781,21.02017],[107.01564,21.00434],[107.02516,20.99982],[107.03932,20.9997],[107.02565,21.01337],[107.03614,21.01301],[107.03932,21.01337],[107.03468,21.01781],[107.02914,21.02456],[107.02565,21.02757],[107.02565,21.03384],[107.03793,21.03217],[107.04461,21.02509],[107.04689,21.01398],[107.04615,20.9997],[107.05014,21.00593],[107.0525,21.01366],[107.05348,21.02302],[107.05299,21.03384],[107.05983,21.03384],[107.05763,21.01386],[107.06324,21.00934],[107.07228,21.01708],[107.08033,21.03384],[107.08237,21.03099],[107.08277,21.03018],[107.08717,21.02757],[107.08473,21.02367],[107.08107,21.0163],[107.07976,21.0091],[107.08375,21.00585],[107.09246,21.00825],[107.09539,21.01406],[107.09685,21.02106],[107.10133,21.02757],[107.11118,21.03311],[107.12306,21.03726],[107.136,21.03974],[107.14918,21.04059],[107.14918,21.03384],[107.09523,21.00047],[107.06609,20.96491],[107.06609,20.95873],[107.08497,20.9514],[107.1338,20.94481],[107.14918,20.93081],[107.14918,20.93765],[107.1609,20.93244],[107.17091,20.93358],[107.1819,20.93675],[107.19703,20.93765],[107.19337,20.9527],[107.21485,20.97525],[107.23113,20.97919],[107.23113,20.98603],[107.22381,20.98664],[107.21957,20.98823],[107.21632,20.99022],[107.21119,20.99225],[107.22413,20.99824],[107.24529,21.00308],[107.26645,21.0043],[107.27955,20.9997],[107.29233,21.00462],[107.31105,21.00528],[107.33383,21.00585],[107.34775,21.00996],[107.35768,21.0152],[107.37428,21.02757],[107.37428,21.03384],[107.36435,21.04035],[107.36036,21.05244],[107.35825,21.06733],[107.35434,21.08222],[107.36354,21.08442],[107.36744,21.08788],[107.3663,21.09349],[107.36061,21.10212],[107.3755,21.11616],[107.38233,21.1398],[107.38844,21.18464],[107.37965,21.18098],[107.3707,21.18163],[107.36207,21.18561],[107.35434,21.19147],[107.3589,21.20307],[107.36061,21.23924],[107.36484,21.24763],[107.37086,21.25336],[107.3733,21.25898],[107.36744,21.26659],[107.36744,21.27338],[107.39161,21.28042],[107.42359,21.27961],[107.44313,21.28767],[107.44313,21.29389],[107.41603,21.30854],[107.40903,21.31501],[107.41529,21.32868],[107.45094,21.3205],[107.4568,21.31835],[107.46168,21.30927],[107.47218,21.3037],[107.48178,21.30134],[107.48414,21.30134],[107.50449,21.29841],[107.52662,21.29877],[107.53745,21.30195],[107.52516,21.30756],[107.52516,21.31501],[107.52882,21.32323],[107.52597,21.33442],[107.52198,21.34431],[107.52231,21.34854],[107.53517,21.34536],[107.54038,21.33735],[107.54257,21.32656],[107.54689,21.31501],[107.55405,21.30451],[107.56227,21.29804],[107.57374,21.29475],[107.59059,21.29389],[107.59921,21.29877],[107.60353,21.31049],[107.60816,21.33552],[107.62412,21.33072],[107.62875,21.32868],[107.62721,21.33316],[107.62672,21.33389],[107.62534,21.33373],[107.62135,21.33552],[107.63575,21.34138],[107.64234,21.34227],[107.63388,21.34935],[107.6312,21.35448],[107.63413,21.35859],[107.64234,21.36278],[107.64234,21.37027],[107.63779,21.37372],[107.63722,21.37543],[107.6373,21.37775],[107.63502,21.38325],[107.65024,21.37686],[107.66342,21.37808],[107.66944,21.38544],[107.66285,21.39753],[107.66285,21.40375],[107.66603,21.40681],[107.66904,21.4112],[107.67652,21.4112],[107.68417,21.40327],[107.69809,21.39838],[107.71152,21.39891],[107.71738,21.40746],[107.72145,21.41087],[107.73032,21.41181],[107.74855,21.4112],[107.76523,21.43854],[107.75856,21.44473],[107.76181,21.45075],[107.76759,21.45572],[107.77565,21.45856],[107.78639,21.4584],[107.78395,21.46491],[107.7811,21.47915],[107.7789,21.48566],[107.79257,21.48013],[107.78858,21.49445],[107.78037,21.50308],[107.76832,21.5069],[107.75221,21.50678],[107.75221,21.51362],[107.76686,21.52021],[107.78346,21.52432],[107.79623,21.51948],[107.80006,21.49934],[107.8069,21.50678],[107.813,21.49311],[107.82057,21.49311],[107.81894,21.50625],[107.81739,21.50934],[107.813,21.51362],[107.813,21.52045],[107.82057,21.52668],[107.82667,21.52668],[107.82594,21.50898],[107.82887,21.49494],[107.83595,21.48835],[107.84791,21.49311],[107.85597,21.52094],[107.8628,21.53022],[107.86842,21.51362],[107.87509,21.51362],[107.88266,21.52253],[107.8838,21.52676],[107.88193,21.53408],[107.89674,21.53156],[107.90968,21.52652],[107.91871,21.51752],[107.92221,21.50308],[107.92343,21.49995],[107.92604,21.49592],[107.92856,21.49055],[107.9297,21.48286],[107.92701,21.47932],[107.92123,21.4748],[107.91627,21.46825],[107.91603,21.4584],[107.9297,21.44261],[107.94858,21.45498],[107.96998,21.47578],[107.99122,21.48566],[107.99122,21.48013],[107.97267,21.46027],[107.96534,21.44733],[107.96388,21.43163],[107.97071,21.43163],[108.01661,21.47036],[108.04322,21.48163],[108.08058,21.48566],[108.08058,21.49311],[108.06105,21.49616],[108.04762,21.49315],[108.03622,21.48823],[108.02223,21.48566],[108.01368,21.49242],[108.01124,21.50654],[108.01865,21.51895],[108.03956,21.52045],[108.02735,21.52334],[107.99122,21.54841],[108.00229,21.55427],[108.0171,21.55524],[108.03199,21.55191],[108.0569,21.53604],[108.07106,21.53657],[108.077,21.54548],[108.06625,21.562],[108.07846,21.56322],[108.09278,21.55866],[108.1058,21.55907],[108.11476,21.5751],[108.12094,21.56631],[108.12827,21.56273],[108.13233,21.56538],[108.12843,21.5751],[108.13526,21.58185],[108.15797,21.57152],[108.17636,21.57575],[108.2103,21.60297],[108.20411,21.60297],[108.20411,21.6092],[108.20883,21.6162],[108.20883,21.62393],[108.20468,21.63101],[108.19728,21.63654],[108.20094,21.63862],[108.20607,21.64256],[108.2103,21.64395],[108.20981,21.63349],[108.2103,21.63032],[108.21689,21.6354],[108.23829,21.64395],[108.22788,21.63207],[108.22682,21.62556],[108.24171,21.61262],[108.24936,21.60309],[108.25253,21.59528],[108.25278,21.58853],[108.25196,21.58185],[108.24497,21.56436],[108.21933,21.52936],[108.2103,21.51362],[108.21103,21.50064],[108.22641,21.508],[108.25864,21.53408],[108.26913,21.53864],[108.27784,21.54011],[108.28378,21.54475],[108.28598,21.55829],[108.28956,21.56403],[108.30714,21.57811],[108.31398,21.58185],[108.31398,21.5893],[108.30909,21.58893],[108.29347,21.5893],[108.29664,21.59943],[108.30079,21.60725],[108.30641,21.61274],[108.31398,21.61603],[108.31113,21.61994],[108.30649,21.63032],[108.32765,21.63032],[108.31275,21.65184],[108.31137,21.68171],[108.32154,21.70966],[108.34132,21.72582],[108.33595,21.70685],[108.33766,21.69746],[108.386,21.67292],[108.39796,21.67284],[108.40333,21.68496],[108.40699,21.68329],[108.40805,21.68329],[108.40968,21.67813],[108.41358,21.6848],[108.42091,21.69318],[108.42384,21.69855],[108.42701,21.68773],[108.42359,21.67939],[108.40968,21.66446],[108.42343,21.66328],[108.47096,21.67129],[108.47096,21.66446],[108.45948,21.6621],[108.44809,21.65811],[108.44142,21.65209],[108.4437,21.64395],[108.43483,21.64216],[108.42734,21.63915],[108.42123,21.63516],[108.41635,21.63032],[108.41635,21.62344],[108.42237,21.61872],[108.42758,21.61669],[108.43247,21.61811],[108.43751,21.62344],[108.4437,21.62344],[108.43873,21.59418],[108.4319,21.58324],[108.41635,21.58185],[108.42091,21.59422],[108.40675,21.60025],[108.39064,21.59536],[108.38966,21.5751],[108.40211,21.5598],[108.42001,21.55687],[108.47096,21.562],[108.47096,21.56826],[108.46103,21.56786],[108.45802,21.56826],[108.45802,21.5751],[108.46713,21.57754],[108.4712,21.5812],[108.46998,21.5869],[108.46347,21.59553],[108.47177,21.60049],[108.47853,21.60615],[108.49147,21.62344],[108.50514,21.6092],[108.50514,21.60297],[108.48911,21.60761],[108.48178,21.59951],[108.48007,21.58784],[108.48121,21.58185],[108.49049,21.58369],[108.51881,21.59553],[108.51661,21.59919],[108.51197,21.6092],[108.52101,21.61079],[108.52687,21.61424],[108.53053,21.62051],[108.53305,21.63032],[108.5254,21.63117],[108.52101,21.633],[108.51734,21.63496],[108.51197,21.63654],[108.51197,21.64395],[108.52345,21.63931],[108.53598,21.63801],[108.54689,21.64305],[108.55299,21.65762],[108.54884,21.6562],[108.53932,21.65013],[108.54518,21.66608],[108.55722,21.67162],[108.56544,21.67853],[108.55983,21.69855],[108.55299,21.69855],[108.54225,21.68382],[108.53932,21.67813],[108.53858,21.68403],[108.53712,21.68537],[108.53305,21.68496],[108.53102,21.67988],[108.52792,21.67768],[108.52402,21.6756],[108.51881,21.67129],[108.52076,21.68057],[108.51791,21.68928],[108.51881,21.69855],[108.52149,21.7023],[108.52597,21.70539],[108.53053,21.71019],[108.53305,21.71906],[108.52011,21.71263],[108.51303,21.70018],[108.50514,21.67129],[108.50229,21.67914],[108.50082,21.68032],[108.50148,21.68037],[108.50514,21.68496],[108.50514,21.69172],[108.49635,21.69294],[108.48642,21.69725],[108.47779,21.69855],[108.47779,21.70539],[108.49383,21.70539],[108.49635,21.70478],[108.49765,21.70539],[108.49505,21.70563],[108.49391,21.70588],[108.49171,21.70869],[108.49147,21.71284],[108.50514,21.71284],[108.50514,21.71906],[108.49692,21.7259],[108.48683,21.73188],[108.47543,21.73676],[108.46347,21.74018],[108.47047,21.74307],[108.47592,21.74433],[108.48219,21.7436],[108.49147,21.74018],[108.4913,21.75772],[108.4961,21.76826],[108.50196,21.77668],[108.50514,21.78791],[108.50294,21.79759],[108.49708,21.80903],[108.48829,21.81476],[108.47779,21.80781],[108.47608,21.81171],[108.47389,21.81444],[108.47202,21.81753],[108.47096,21.82209],[108.48154,21.82148],[108.48463,21.82209],[108.46957,21.83295],[108.45566,21.84878],[108.44874,21.86579],[108.45729,21.88833],[108.45802,21.91767],[108.4607,21.92695],[108.46469,21.93431],[108.47023,21.94025],[108.47779,21.94501],[108.4607,21.88711],[108.46315,21.86298],[108.49147,21.85627],[108.47836,21.8664],[108.48487,21.8771],[108.50172,21.88581],[108.51881,21.89033],[108.51539,21.89492],[108.51319,21.8985],[108.51075,21.9016],[108.50514,21.90461],[108.50514,21.91083],[108.52149,21.90672],[108.52565,21.90461],[108.53769,21.9145],[108.54566,21.92381],[108.55055,21.93545],[108.55299,21.95181],[108.55836,21.94257],[108.55983,21.93879],[108.56715,21.93879],[108.56739,21.94196],[108.56699,21.94855],[108.56715,21.95181],[108.57333,21.95181],[108.57382,21.93545],[108.56691,21.9278],[108.55812,21.92365],[108.55299,21.91767],[108.55372,21.90375],[108.56031,21.89549],[108.57032,21.89338],[108.58082,21.89785],[108.577,21.89936],[108.57399,21.89997],[108.57089,21.90127],[108.56715,21.90461],[108.5796,21.9018],[108.58334,21.90054],[108.58766,21.89785],[108.58969,21.9029],[108.5923,21.90681],[108.59409,21.9112],[108.59449,21.91767],[108.62257,21.89623],[108.63551,21.89033],[108.63551,21.88418],[108.62208,21.87108],[108.6006,21.83063],[108.58424,21.82209],[108.57138,21.81281],[108.56943,21.79438],[108.58058,21.78132],[108.60751,21.78791],[108.5975,21.76655],[108.59376,21.75483],[108.59449,21.74018],[108.62867,21.74641],[108.62916,21.75609],[108.62501,21.76781],[108.615,21.78791],[108.62184,21.78791],[108.6233,21.78351],[108.62867,21.77432],[108.63551,21.77432],[108.63966,21.78498],[108.64218,21.79686],[108.64308,21.80939],[108.64234,21.82209],[108.64918,21.82209],[108.64975,21.81415],[108.65602,21.79483],[108.66017,21.80134],[108.667,21.80952],[108.66969,21.81525],[108.67701,21.81525],[108.67311,21.798],[108.66481,21.78718],[108.65561,21.77823],[108.64918,21.76683],[108.64633,21.75137],[108.6526,21.74999],[108.66538,21.75186],[108.6832,21.74641],[108.6832,21.74018],[108.667,21.73485],[108.65878,21.73322],[108.64918,21.73334],[108.65431,21.72354],[108.67457,21.7154],[108.6832,21.70539],[108.6941,21.71214],[108.70045,21.72248],[108.71119,21.74641],[108.71787,21.74315],[108.72486,21.74641],[108.7247,21.72972],[108.71542,21.70913],[108.71266,21.68842],[108.7317,21.67129],[108.73854,21.67129],[108.74024,21.68],[108.74244,21.68415],[108.75156,21.69172],[108.75156,21.65013],[108.74537,21.65013],[108.74033,21.66014],[108.73316,21.66242],[108.71119,21.65762],[108.71119,21.65013],[108.72755,21.64476],[108.73129,21.62946],[108.73349,21.61274],[108.74537,21.60297],[108.73854,21.61603],[108.74594,21.62027],[108.76279,21.62055],[108.77272,21.62344],[108.77809,21.62873],[108.78207,21.63548],[108.78736,21.64142],[108.79648,21.64395],[108.81544,21.63793],[108.83399,21.628],[108.84995,21.62596],[108.86142,21.64395],[108.85182,21.64598],[108.84238,21.64639],[108.82106,21.64395],[108.83863,21.66804],[108.83432,21.68574],[108.81666,21.69969],[108.79306,21.71284],[108.79306,21.71906],[108.7999,21.71906],[108.7999,21.72582],[108.77955,21.72582],[108.78297,21.72744],[108.78639,21.72785],[108.78981,21.72915],[108.79306,21.73334],[108.78688,21.74018],[108.79282,21.73843],[108.79518,21.73798],[108.79664,21.73697],[108.7999,21.73334],[108.80055,21.74482],[108.79859,21.74828],[108.79306,21.75381],[108.80592,21.75845],[108.8121,21.75243],[108.81406,21.74112],[108.81422,21.72964],[108.81666,21.71638],[108.82211,21.71503],[108.82895,21.72004],[108.83473,21.72582],[108.84352,21.74502],[108.84254,21.76805],[108.83261,21.78384],[108.81422,21.78115],[108.81593,21.78901],[108.81625,21.79336],[108.81739,21.79658],[108.82106,21.80097],[108.78891,21.81094],[108.77955,21.81525],[108.80136,21.81835],[108.84083,21.81159],[108.86142,21.81525],[108.85524,21.80817],[108.85068,21.80052],[108.84986,21.79169],[108.85524,21.78115],[108.85825,21.7873],[108.86948,21.80097],[108.87574,21.80097],[108.86695,21.77416],[108.86142,21.76683],[108.86142,21.76],[108.86948,21.75381],[108.87574,21.75381],[108.88063,21.76118],[108.88632,21.76716],[108.89381,21.77155],[108.90309,21.77432],[108.89747,21.76],[108.90431,21.76276],[108.91684,21.76435],[108.92408,21.76683],[108.92237,21.76288],[108.9166,21.75381],[108.886,21.75043],[108.87574,21.74641],[108.86997,21.74234],[108.86744,21.7414],[108.86549,21.73973],[108.86142,21.73334],[108.86427,21.73188],[108.86948,21.70539],[108.86647,21.70018],[108.86036,21.6979],[108.85524,21.69428],[108.85524,21.68496],[108.85727,21.68342],[108.86948,21.67129],[108.8755,21.67015],[108.89161,21.67267],[108.89747,21.67129],[108.9017,21.66519],[108.9065,21.65082],[108.92075,21.62202],[108.92799,21.61506],[108.94459,21.6092],[108.95899,21.60659],[108.97023,21.60635],[108.99244,21.6092],[109.01376,21.61538],[109.04843,21.63691],[109.06674,21.64395],[109.06674,21.63654],[109.0547,21.62206],[109.04982,21.61408],[109.0464,21.60297],[109.05665,21.61156],[109.06007,21.61603],[109.06674,21.61603],[109.06967,21.60224],[109.07765,21.59699],[109.08741,21.59955],[109.09482,21.6092],[109.10108,21.6092],[109.10719,21.59797],[109.11606,21.59056],[109.12436,21.59097],[109.12892,21.60297],[109.13575,21.60297],[109.1421,21.55345],[109.14259,21.5102],[109.13282,21.49592],[109.10987,21.48957],[109.08253,21.48603],[109.06007,21.48013],[109.04371,21.46625],[109.03981,21.45026],[109.05014,21.43716],[109.0774,21.43163],[109.09645,21.4252],[109.13868,21.4016],[109.15626,21.40375],[109.14894,21.40998],[109.14462,21.41795],[109.1443,21.42756],[109.14942,21.43854],[109.15707,21.42353],[109.17197,21.41755],[109.21461,21.41743],[109.21974,21.44912],[109.22706,21.47224],[109.23878,21.48566],[109.23715,21.45869],[109.23878,21.43163],[109.24497,21.43163],[109.24765,21.43627],[109.25025,21.4383],[109.25375,21.44033],[109.25864,21.44473],[109.2776,21.437],[109.29892,21.44326],[109.31552,21.45905],[109.32081,21.48013],[109.33522,21.45816],[109.34376,21.45352],[109.42441,21.45238],[109.43824,21.45506],[109.44418,21.4621],[109.44728,21.47012],[109.4546,21.48184],[109.46388,21.49299],[109.47218,21.49934],[109.46787,21.49087],[109.46583,21.4829],[109.46689,21.47484],[109.47218,21.46581],[109.48585,21.47431],[109.53077,21.49164],[109.54054,21.50308],[109.5433,21.50825],[109.55698,21.52155],[109.56088,21.52668],[109.56227,21.53693],[109.56088,21.56826],[109.56495,21.57274],[109.57106,21.57624],[109.57276,21.58173],[109.54322,21.61957],[109.54054,21.6269],[109.52988,21.63569],[109.46469,21.65762],[109.46469,21.66446],[109.48471,21.65803],[109.50636,21.65766],[109.52101,21.66576],[109.51987,21.68496],[109.51344,21.68268],[109.49928,21.68016],[109.49269,21.67813],[109.49269,21.68496],[109.49594,21.685],[109.50302,21.68452],[109.5062,21.68496],[109.50327,21.68838],[109.50099,21.69188],[109.49806,21.69538],[109.49269,21.69855],[109.56772,21.76],[109.56943,21.75064],[109.57496,21.74567],[109.58334,21.74453],[109.59449,21.74641],[109.59449,21.74018],[109.58155,21.73237],[109.56788,21.71996],[109.5608,21.70726],[109.56772,21.69855],[109.56422,21.69123],[109.56088,21.67129],[109.56943,21.66649],[109.57594,21.65937],[109.57993,21.65046],[109.58139,21.6402],[109.5853,21.63085],[109.59449,21.63418],[109.61549,21.65013],[109.60304,21.62059],[109.60499,21.61603],[109.61085,21.61152],[109.61354,21.60122],[109.6128,21.58979],[109.608,21.58185],[109.608,21.5751],[109.61581,21.57071],[109.62233,21.56782],[109.62892,21.56684],[109.636,21.56826],[109.62525,21.58539],[109.63722,21.60163],[109.65878,21.61494],[109.67701,21.62344],[109.67799,21.6153],[109.67677,21.61005],[109.67368,21.60639],[109.67018,21.60297],[109.67172,21.59663],[109.67335,21.5821],[109.67701,21.5751],[109.66822,21.55964],[109.65992,21.52806],[109.64967,21.52045],[109.70859,21.4833],[109.74147,21.47403],[109.75953,21.49311],[109.76572,21.49311],[109.76572,21.48566],[109.7732,21.48566],[109.7732,21.49311],[109.76026,21.51162],[109.74781,21.54523],[109.74806,21.57461],[109.74806,21.57494],[109.7732,21.58185],[109.7732,21.5751],[109.76515,21.56338],[109.77011,21.55158],[109.7833,21.54637],[109.80055,21.55459],[109.79908,21.4986],[109.80274,21.47333],[109.81422,21.4584],[109.82106,21.4584],[109.82374,21.46503],[109.82691,21.47053],[109.83522,21.48013],[109.83522,21.48566],[109.82773,21.48566],[109.82773,21.49311],[109.8414,21.50678],[109.85898,21.48281],[109.88697,21.48151],[109.91798,21.48941],[109.94443,21.49311],[109.94443,21.48566],[109.92726,21.4798],[109.92457,21.46503],[109.93344,21.4538],[109.95126,21.4584],[109.94052,21.4372],[109.91757,21.4138],[109.9048,21.39069],[109.92408,21.37027],[109.92408,21.36278],[109.8414,21.35594],[109.81625,21.35757],[109.80738,21.35594],[109.80397,21.35004],[109.80348,21.34121],[109.79982,21.33291],[109.78688,21.32868],[109.78736,21.33991],[109.7837,21.34829],[109.77638,21.35366],[109.76572,21.35594],[109.77394,21.31867],[109.77353,21.29971],[109.76572,21.28767],[109.76572,21.28083],[109.77027,21.27131],[109.7732,21.2154],[109.7671,21.20454],[109.75489,21.19294],[109.74667,21.17967],[109.75205,21.16413],[109.73642,21.16901],[109.72836,21.17788],[109.72023,21.18342],[109.70436,21.17845],[109.69589,21.17011],[109.67661,21.1385],[109.67018,21.12324],[109.68556,21.10659],[109.69996,21.08299],[109.70981,21.0572],[109.71168,21.03384],[109.70851,21.03587],[109.70078,21.03856],[109.69752,21.04059],[109.68067,20.99445],[109.67897,20.97386],[109.69125,20.95873],[109.66122,20.92756],[109.66562,20.88093],[109.68946,20.83539],[109.71787,20.80785],[109.7068,20.83185],[109.70436,20.84203],[109.71388,20.83369],[109.72836,20.81513],[109.73902,20.80785],[109.73154,20.85505],[109.7378,20.86538],[109.74537,20.86766],[109.75302,20.86371],[109.75953,20.85505],[109.75953,20.84886],[109.75205,20.84886],[109.75205,20.84203],[109.7732,20.82152],[109.7732,20.81411],[109.76026,20.80781],[109.75815,20.79279],[109.76344,20.77656],[109.7732,20.76691],[109.75644,20.7497],[109.76026,20.72997],[109.78688,20.69115],[109.79371,20.69115],[109.80104,20.70628],[109.81398,20.70844],[109.82944,20.70791],[109.85475,20.71992],[109.86044,20.71548],[109.86191,20.70816],[109.85873,20.70425],[109.8541,20.70185],[109.84889,20.69628],[109.84425,20.68968],[109.8414,20.68439],[109.83701,20.68915],[109.83066,20.69367],[109.82773,20.69798],[109.81275,20.68452],[109.80592,20.67951],[109.79713,20.67756],[109.78525,20.67959],[109.7798,20.68354],[109.77516,20.68618],[109.76572,20.68439],[109.75156,20.67373],[109.75025,20.66047],[109.75172,20.64541],[109.74586,20.62979],[109.77589,20.63133],[109.80201,20.61628],[109.81886,20.5891],[109.82106,20.55463],[109.82773,20.55463],[109.8414,20.59565],[109.84824,20.59565],[109.84523,20.58112],[109.84376,20.55707],[109.8414,20.54719],[109.83749,20.54438],[109.8318,20.54458],[109.82569,20.54279],[109.82106,20.53413],[109.81959,20.5235],[109.82211,20.51655],[109.82748,20.51146],[109.83522,20.50625],[109.8497,20.50092],[109.88282,20.49775],[109.89609,20.49258],[109.90292,20.4842],[109.90952,20.47118],[109.91481,20.45702],[109.91725,20.44477],[109.92701,20.4549],[109.92994,20.47138],[109.93092,20.50625],[109.93751,20.48965],[109.93922,20.47386],[109.94361,20.46068],[109.9581,20.45161],[109.95851,20.45991],[109.96046,20.46625],[109.96298,20.47199],[109.96494,20.47826],[109.97226,20.46454],[109.98398,20.45319],[110.00978,20.43423],[110.01547,20.4184],[110.00611,20.40119],[109.99244,20.38496],[109.98544,20.37214],[109.98243,20.35155],[109.97486,20.35464],[109.9581,20.38272],[109.94581,20.39574],[109.91489,20.41865],[109.90358,20.4311],[109.89609,20.4311],[109.89381,20.42048],[109.88803,20.41405],[109.87892,20.41087],[109.86573,20.41006],[109.8628,20.40632],[109.8899,20.38272],[109.87412,20.37629],[109.88575,20.36636],[109.91725,20.35228],[109.91944,20.34223],[109.92872,20.32636],[109.93092,20.31782],[109.92856,20.29458],[109.92408,20.27342],[109.92172,20.26968],[109.91725,20.25996],[109.91456,20.24848],[109.91725,20.23933],[109.9249,20.23827],[109.93393,20.24413],[109.94142,20.25186],[109.94443,20.25609],[109.95094,20.27216],[109.96583,20.28095],[109.99228,20.28653],[109.99147,20.28498],[109.99521,20.28278],[110.00099,20.28083],[110.00595,20.28034],[110.01181,20.28368],[110.02158,20.29702],[110.02711,20.30077],[110.03785,20.3017],[110.04892,20.30024],[110.05763,20.29637],[110.06113,20.29023],[110.06373,20.28303],[110.06983,20.27778],[110.07765,20.27456],[110.0857,20.27342],[110.09311,20.27058],[110.10963,20.253],[110.12753,20.24799],[110.18775,20.253],[110.19117,20.25617],[110.19264,20.26325],[110.19663,20.27025],[110.20802,20.27342],[110.23715,20.27497],[110.24562,20.27342],[110.25636,20.26935],[110.26564,20.26415],[110.28028,20.253],[110.29404,20.26293],[110.31967,20.26972],[110.34433,20.27924],[110.35548,20.29735],[110.36207,20.30488],[110.37672,20.30524],[110.39999,20.30077],[110.40683,20.30516],[110.45851,20.36225],[110.47535,20.39765],[110.48268,20.40323],[110.50229,20.41275],[110.51539,20.43476],[110.53419,20.47826],[110.51149,20.5279],[110.49521,20.55317],[110.47885,20.56769],[110.47267,20.56859],[110.45802,20.56737],[110.45167,20.56769],[110.44296,20.57087],[110.42514,20.58006],[110.40854,20.58592],[110.39747,20.59545],[110.39194,20.60676],[110.39698,20.61612],[110.38917,20.62592],[110.38063,20.63378],[110.37184,20.63434],[110.3628,20.6223],[110.3628,20.64338],[110.35214,20.63654],[110.33937,20.63154],[110.32594,20.63076],[110.31446,20.63654],[110.32374,20.64305],[110.32838,20.65266],[110.3296,20.66446],[110.32814,20.67756],[110.3213,20.67756],[110.31796,20.6706],[110.31349,20.66486],[110.30771,20.66039],[110.30079,20.65705],[110.30885,20.68399],[110.32944,20.70722],[110.33749,20.72582],[110.30763,20.73896],[110.30812,20.74396],[110.30885,20.7451],[110.31064,20.74506],[110.31446,20.74641],[110.30763,20.75324],[110.32252,20.75996],[110.33212,20.76789],[110.33302,20.77875],[110.3213,20.79426],[110.32862,20.79975],[110.33375,20.80573],[110.34181,20.82152],[110.34816,20.80305],[110.34726,20.76179],[110.34864,20.74641],[110.35646,20.73233],[110.36899,20.71967],[110.38356,20.71345],[110.39698,20.71849],[110.40943,20.75096],[110.40268,20.79011],[110.38624,20.826],[110.36899,20.84886],[110.36581,20.83857],[110.36109,20.83588],[110.35524,20.83967],[110.34864,20.84886],[110.34181,20.84203],[110.33579,20.85883],[110.31967,20.85993],[110.30079,20.85212],[110.28712,20.84203],[110.21168,20.84052],[110.1915,20.83584],[110.1915,20.84886],[110.18336,20.8461],[110.18019,20.84601],[110.1775,20.84748],[110.17042,20.84886],[110.16879,20.8461],[110.16944,20.84394],[110.16871,20.84268],[110.16415,20.84203],[110.16391,20.84675],[110.16293,20.84789],[110.16074,20.84785],[110.15675,20.84886],[110.16066,20.85668],[110.16188,20.86221],[110.16066,20.86791],[110.15675,20.87678],[110.16415,20.87678],[110.16725,20.87299],[110.17726,20.86249],[110.17164,20.87702],[110.15414,20.90644],[110.14926,20.92398],[110.15097,20.94318],[110.15512,20.96198],[110.1548,20.97728],[110.14308,20.98603],[110.14308,20.99225],[110.15675,20.98603],[110.17783,21.02009],[110.18409,21.03384],[110.19068,21.05907],[110.19557,21.07128],[110.2046,21.08222],[110.20387,21.06696],[110.20558,21.04938],[110.21022,21.03457],[110.21884,21.02757],[110.22177,21.03266],[110.2693,21.08918],[110.28028,21.09589],[110.31528,21.10765],[110.33375,21.11636],[110.34742,21.13321],[110.37534,21.15266],[110.38608,21.15672],[110.39405,21.16254],[110.39942,21.17658],[110.40235,21.19367],[110.40317,21.20848],[110.40455,21.21206],[110.40748,21.21699],[110.40992,21.22378],[110.41066,21.23237],[110.40821,21.23802],[110.39902,21.24555],[110.39698,21.24982],[110.3934,21.2604],[110.38486,21.27106],[110.37379,21.28059],[110.3628,21.28767],[110.3628,21.29389],[110.3663,21.3061],[110.3567,21.31916],[110.3414,21.33002],[110.32814,21.33552],[110.32814,21.34227],[110.34498,21.33885],[110.36817,21.32534],[110.38266,21.32184],[110.37648,21.33552],[110.38583,21.33149],[110.3895,21.32868],[110.39438,21.364],[110.37208,21.40302],[110.35849,21.43574],[110.3895,21.45213],[110.3895,21.44473],[110.38315,21.44147],[110.37867,21.43749],[110.36899,21.42487],[110.40097,21.38703],[110.41953,21.37743],[110.43116,21.39753],[110.43735,21.39753],[110.42392,21.34162],[110.42433,21.32868],[110.43393,21.30878],[110.44191,21.31436],[110.45118,21.33198],[110.46534,21.34854],[110.46534,21.32868],[110.46876,21.33202],[110.47267,21.33491],[110.47804,21.33637],[110.48634,21.33552],[110.48634,21.32868],[110.44483,21.30756],[110.44483,21.30134],[110.45704,21.2993],[110.46608,21.29609],[110.47316,21.29548],[110.47885,21.30134],[110.48634,21.30134],[110.48634,21.29389],[110.48219,21.28657],[110.48032,21.28168],[110.47885,21.27338],[110.47267,21.27338],[110.46632,21.28343],[110.45663,21.28775],[110.4463,21.28998],[110.43735,21.29389],[110.43116,21.29389],[110.43149,21.2895],[110.42994,21.28848],[110.42734,21.28856],[110.42433,21.28767],[110.42929,21.28535],[110.43312,21.28286],[110.4358,21.2792],[110.43735,21.27338],[110.42579,21.26923],[110.42701,21.26154],[110.43344,21.25129],[110.43735,21.23924],[110.43556,21.2263],[110.42701,21.206],[110.42433,21.19147],[110.43116,21.19147],[110.4476,21.2036],[110.46323,21.21214],[110.48146,21.21719],[110.58872,21.22557],[110.58408,21.22968],[110.58017,21.23461],[110.57716,21.24038],[110.57521,21.24673],[110.61695,21.22968],[110.63649,21.23017],[110.64332,21.25292],[110.61972,21.29076],[110.61573,21.30121],[110.61671,21.3454],[110.63559,21.38105],[110.72731,21.41889],[110.76002,21.44473],[110.76637,21.44473],[110.75538,21.4134],[110.72462,21.40314],[110.69239,21.39916],[110.67164,21.38129],[110.64479,21.37458],[110.63649,21.37027],[110.63185,21.35537],[110.63575,21.34642],[110.64186,21.33731],[110.64332,21.32184],[110.64894,21.33332],[110.65553,21.34276],[110.66456,21.34837],[110.67758,21.34854],[110.66285,21.33723],[110.6548,21.3146],[110.65089,21.2604],[110.65707,21.2604],[110.66489,21.28563],[110.67628,21.30964],[110.69003,21.331],[110.70484,21.34854],[110.74399,21.38255],[110.76816,21.39753],[110.79054,21.40375],[110.80616,21.4016],[110.82984,21.39224],[110.85231,21.38915],[110.8694,21.38471],[110.86988,21.38325],[110.87729,21.38614],[110.88966,21.39549],[110.89332,21.39753],[110.91725,21.40591],[110.94117,21.42206],[110.96591,21.43285],[110.99293,21.42487],[111.02491,21.45653],[111.04371,21.46939],[111.06861,21.47264],[111.0586,21.4831],[111.04225,21.48456],[111.02687,21.47932],[111.02011,21.46922],[111.01694,21.45808],[111.00815,21.4499],[110.99537,21.4453],[110.97975,21.44473],[110.97975,21.45213],[110.99244,21.45498],[111.00131,21.46288],[111.01393,21.48566],[111.00221,21.48994],[110.9957,21.50764],[110.98593,21.51362],[111.01173,21.52119],[111.02329,21.52782],[111.0276,21.54092],[111.03443,21.53148],[111.07545,21.51362],[111.07936,21.50812],[111.07846,21.50288],[111.07936,21.49787],[111.08839,21.49311],[111.09791,21.49266],[111.10768,21.49579],[111.11671,21.50096],[111.12379,21.50678],[111.12672,21.50259],[111.12997,21.49934],[111.12997,21.49311],[111.08839,21.48013],[111.08839,21.47264],[111.11988,21.47337],[111.13404,21.47163],[111.14365,21.46581],[111.16163,21.47639],[111.18458,21.48566],[111.22633,21.49934],[111.21363,21.50568],[111.19882,21.5078],[111.18417,21.50576],[111.17164,21.49934],[111.16497,21.50601],[111.16757,21.50861],[111.17164,21.51362],[111.15797,21.51362],[111.15797,21.52045],[111.19239,21.5312],[111.20631,21.53205],[111.21266,21.52045],[111.23219,21.52456],[111.25563,21.51728],[111.2798,21.50629],[111.30128,21.49934],[111.28028,21.46532],[111.26905,21.45213],[111.25294,21.44473],[111.26734,21.43936],[111.29249,21.45063],[111.34433,21.48749],[111.35646,21.50129],[111.3628,21.50678],[111.39357,21.51968],[111.40431,21.52668],[111.37648,21.5327],[111.36305,21.53242],[111.3497,21.52668],[111.3628,21.54121],[111.38779,21.54145],[111.438,21.53408],[111.43092,21.54401],[111.41554,21.55768],[111.41114,21.56826],[111.41212,21.57632],[111.42433,21.59028],[111.43222,21.60297],[111.4441,21.56363],[111.45533,21.55117],[111.47267,21.55459],[111.46713,21.52945],[111.46811,21.51826],[111.47608,21.51362],[111.48935,21.51472],[111.50449,21.51822],[111.51661,21.52456],[111.52101,21.53408],[111.52719,21.53408],[111.53785,21.52045],[111.55665,21.52237],[111.57773,21.53002],[111.59555,21.53408],[111.58644,21.54377],[111.58204,21.55549],[111.58082,21.56835],[111.58188,21.58185],[111.59108,21.57575],[111.59653,21.5655],[111.60092,21.55414],[111.60646,21.54462],[111.61972,21.53303],[111.63046,21.52985],[111.64047,21.53315],[111.65138,21.54092],[111.66578,21.55866],[111.69044,21.60383],[111.7129,21.62344],[111.72836,21.61636],[111.74814,21.61445],[111.78793,21.61603],[111.78207,21.62759],[111.77247,21.6352],[111.76035,21.6402],[111.74692,21.64395],[111.77369,21.65013],[111.77963,21.67544],[111.77247,21.70547],[111.76059,21.72582],[111.69557,21.76142],[111.67807,21.78115],[111.70094,21.76838],[111.7212,21.76264],[111.72584,21.76683],[111.7579,21.75332],[111.76979,21.75361],[111.78793,21.76],[111.79396,21.74453],[111.8069,21.74331],[111.82228,21.7521],[111.83505,21.76683],[111.82895,21.74921],[111.82936,21.72871],[111.83619,21.71699],[111.84938,21.72582],[111.86061,21.7215],[111.86948,21.71674],[111.87534,21.7097],[111.87672,21.69855],[111.86988,21.69855],[111.85377,21.70742],[111.8423,21.69904],[111.83692,21.68529],[111.83888,21.67813],[111.86793,21.6767],[111.87672,21.67813],[111.88429,21.68285],[111.89576,21.69587],[111.90065,21.69855],[111.90414,21.70173],[111.90406,21.70881],[111.90577,21.71589],[111.91456,21.71906],[111.99195,21.76382],[112.00025,21.77432],[111.97511,21.77619],[111.94638,21.78587],[111.92066,21.80003],[111.90406,21.81525],[111.89576,21.83706],[111.89064,21.86738],[111.88893,21.89912],[111.89039,21.92512],[111.91188,21.91356],[111.93409,21.89045],[111.95167,21.86498],[111.96925,21.82404],[111.99317,21.83417],[112.01881,21.85981],[112.03443,21.88418],[112.04127,21.88418],[112.03736,21.86249],[112.01295,21.83462],[112.00709,21.81867],[112.01303,21.80439],[112.02817,21.79735],[112.04721,21.79499],[112.08554,21.79609],[112.1727,21.81444],[112.18222,21.82315],[112.19264,21.84317],[112.20094,21.82673],[112.20314,21.80671],[112.19899,21.78681],[112.18898,21.77058],[112.18238,21.753],[112.19687,21.74234],[112.21664,21.73554],[112.22682,21.72964],[112.24488,21.70653],[112.28622,21.70881],[112.33212,21.72407],[112.36329,21.73334],[112.37257,21.74262],[112.38144,21.74852],[112.38795,21.75609],[112.39283,21.78514],[112.40211,21.80142],[112.40431,21.81151],[112.40113,21.83747],[112.39796,21.85057],[112.39405,21.85627],[112.38844,21.86225],[112.38779,21.87617],[112.39064,21.90119],[112.38771,21.90876],[112.37013,21.93879],[112.35654,21.97972],[112.35751,22.00536],[112.36484,22.03449],[112.37818,22.05842],[112.39747,22.06851],[112.39283,22.0563],[112.38168,22.00674],[112.37721,21.99457],[112.37631,21.98656],[112.37851,21.97687],[112.38844,21.96312],[112.39064,21.95551],[112.4048,21.94286],[112.43629,21.94562],[112.46884,21.95596],[112.48618,21.96613],[112.49366,21.96613],[112.48146,21.94465],[112.42416,21.91779],[112.41114,21.90119],[112.41505,21.86848],[112.42604,21.84516],[112.44321,21.82844],[112.55087,21.77285],[112.57911,21.76683],[112.608,21.77509],[112.63307,21.7958],[112.64755,21.82266],[112.64511,21.84935],[112.68556,21.86986],[112.69093,21.87515],[112.6963,21.88581],[112.70045,21.89033],[112.70607,21.89179],[112.73048,21.89033],[112.73764,21.89688],[112.74024,21.92544],[112.74374,21.93195],[112.78858,21.95181],[112.80038,21.94717],[112.80771,21.95283],[112.81479,21.96157],[112.82602,21.96613],[112.84083,21.96092],[112.85157,21.94831],[112.85898,21.93252],[112.8711,21.89374],[112.87941,21.87519],[112.91159,21.85629],[112.92878,21.8653],[112.95708,21.87565],[112.97267,21.89208],[112.97958,21.90119],[112.98097,21.90717],[112.98593,21.92056],[112.98707,21.92853],[112.98935,21.93732],[112.99472,21.93842],[113.00148,21.93871],[113.01668,21.94253],[113.02562,21.94943],[113.02862,21.96115],[113.02119,21.97219],[113.01897,21.97702],[113.02121,21.9846],[113.02273,22.00253],[113.01829,22.02116],[113.0183,22.03495],[113.01611,22.05771],[113.01762,22.08184],[113.02211,22.10115],[113.02064,22.12598],[113.02661,22.14321],[113.05789,22.12109],[113.07729,22.14727],[113.08505,22.20759],[113.11061,22.21931],[113.11036,22.20417],[113.11329,22.1874],[113.11915,22.17194],[113.12745,22.16096],[113.11824,22.14375],[113.12452,22.13109],[113.11533,22.11347],[113.11061,22.09919],[113.11886,22.06584],[113.13963,22.03685],[113.15747,22.0247],[113.17831,22.04091],[113.19469,22.0464],[113.21412,22.04531],[113.23056,22.04316],[113.24716,22.05427],[113.25123,22.06074],[113.25497,22.07111],[113.25587,22.08267],[113.24659,22.10346],[113.25099,22.11567],[113.26344,22.13703],[113.27353,22.13837],[113.27817,22.14053],[113.28224,22.14541],[113.28566,22.15327],[113.29469,22.16787],[113.29794,22.17683],[113.30274,22.18329],[113.313,22.18578],[113.32545,22.18366],[113.35084,22.17154],[113.36256,22.17145],[113.40197,22.17957],[113.36451,22.23013],[113.35401,22.24356],[113.32851,22.26848],[113.31816,22.28917],[113.30299,22.30976],[113.22731,22.42528],[113.18922,22.46259],[113.16562,22.47875],[113.16017,22.48762],[113.15846,22.50674],[113.16529,22.57559],[113.17758,22.56411],[113.23194,22.47907],[113.24269,22.45746],[113.25563,22.40388],[113.27638,22.37206],[113.30323,22.34365],[113.35157,22.30834],[113.35703,22.30191],[113.3602,22.29316],[113.36232,22.27497],[113.36451,22.26777],[113.41188,22.22553],[113.41904,22.20881],[113.42563,22.18622],[113.45921,22.158],[113.48375,22.15514],[113.49723,22.17164],[113.52149,22.19131],[113.52809,22.19994],[113.52988,22.20226],[113.52947,22.20287],[113.52296,22.21304],[113.53858,22.22175],[113.55286,22.21901],[113.5612,22.23373],[113.58765,22.23788],[113.58999,22.25342],[113.58375,22.26346],[113.57721,22.26664],[113.5747,22.28483],[113.57358,22.30073],[113.58302,22.30952],[113.5923,22.31615],[113.59669,22.32575],[113.59726,22.34154],[113.59946,22.35053],[113.61036,22.37018],[113.58163,22.37132],[113.55812,22.38076],[113.55157,22.39584],[113.54635,22.43759],[113.56251,22.48041],[113.59474,22.52339],[113.59917,22.57518],[113.56384,22.61444],[113.55304,22.63847],[113.51628,22.67142],[113.47633,22.69986],[113.46632,22.7165],[113.45362,22.72573],[113.39503,22.7482],[113.37753,22.7674],[113.42604,22.74942],[113.43955,22.73945],[113.45191,22.75511],[113.46339,22.7624],[113.49423,22.77485],[113.44003,22.80414],[113.42587,22.81582],[113.36793,22.88068],[113.35043,22.88972],[113.33204,22.88752],[113.31259,22.88101],[113.29225,22.87726],[113.28305,22.88044],[113.26393,22.8946],[113.25807,22.89777],[113.23487,22.89964],[113.21298,22.90453],[113.21298,22.91201],[113.30763,22.89411],[113.33652,22.89777],[113.42994,22.93134],[113.44638,22.92845],[113.46787,22.91901],[113.47372,22.9182],[113.48398,22.92426],[113.48422,22.92935],[113.48097,22.9357],[113.49123,22.95395],[113.50384,22.98983],[113.50231,23.02042],[113.48121,23.0515],[113.45143,23.06232],[113.41928,23.0655],[113.39869,23.08332],[113.41749,23.09699],[113.44516,23.08934],[113.49423,23.06281],[113.50913,23.06216],[113.52467,23.0666],[113.53688,23.07502],[113.542,23.08641],[113.55087,23.08788],[113.58766,23.10611],[113.59327,23.11066],[113.62648,23.11799],[113.67392,23.15046],[113.70314,23.15778],[113.71982,23.15534],[113.74537,23.14301],[113.76108,23.13793],[113.79794,23.13434],[113.81324,23.12979],[113.83009,23.1175],[113.80087,23.1284],[113.78443,23.13174],[113.75807,23.12157],[113.74423,23.12604],[113.73146,23.13386],[113.72023,23.13793],[113.69199,23.13255],[113.63722,23.10912],[113.58212,23.09846],[113.55641,23.08413],[113.53639,23.06314],[113.52833,23.03803],[113.52882,23.01081],[113.53273,22.99575],[113.542,22.98652],[113.55397,22.98762],[113.56422,22.99689],[113.58302,23.02123],[113.58383,22.97846],[113.58204,22.95746],[113.57618,22.93871],[113.58668,22.95356],[113.59921,23.00922],[113.6172,23.0349],[113.60507,23.00141],[113.60263,22.98774],[113.6041,22.97346],[113.59799,22.96052],[113.59506,22.94477],[113.59498,22.92959],[113.59669,22.9182],[113.60182,22.93061],[113.60914,22.96288],[113.61207,22.9947],[113.61671,23.00788],[113.63071,23.0349],[113.63819,23.0349],[113.62436,22.99921],[113.61915,22.9794],[113.6172,22.95604],[113.61134,22.93378],[113.5923,22.88906],[113.59604,22.88056],[113.59799,22.88963],[113.60288,22.89765],[113.61036,22.90453],[113.60499,22.88752],[113.60231,22.86636],[113.60556,22.84724],[113.6172,22.83625],[113.61288,22.84837],[113.61012,22.86205],[113.61085,22.87637],[113.6172,22.89029],[113.63258,22.85309],[113.64357,22.83417],[113.65528,22.81924],[113.66261,22.79808],[113.65626,22.77684],[113.65358,22.75873],[113.67237,22.74689],[113.68458,22.74689],[113.69117,22.75161],[113.69508,22.75747],[113.69972,22.76118],[113.71217,22.76333],[113.7444,22.76118],[113.75807,22.7534],[113.76466,22.73481],[113.77293,22.67245],[113.79357,22.66161],[113.79916,22.631],[113.81284,22.6044],[113.82236,22.58723],[113.83383,22.57193],[113.84376,22.56196],[113.87989,22.53669],[113.89389,22.52114],[113.88185,22.51415],[113.86616,22.51149],[113.86787,22.49483],[113.87436,22.47818],[113.88148,22.47333],[113.89034,22.45271],[113.90968,22.47765],[113.91033,22.48583],[113.91342,22.48762],[113.91529,22.48867],[113.92506,22.48705],[113.9358,22.48892],[113.94776,22.49041],[113.94882,22.50035],[113.9489,22.5112],[113.95194,22.52384],[113.9603,22.52847],[113.9638,22.53811],[113.97063,22.53372],[113.98439,22.53372],[113.98748,22.53185],[113.99928,22.53063],[114.01857,22.52257],[114.03541,22.51423],[114.03549,22.51415],[114.03582,22.51382],[114.0381,22.51138],[114.03875,22.51057],[114.042,22.50678],[114.05527,22.50694],[114.05844,22.51699],[114.06723,22.52192],[114.07968,22.52375],[114.07911,22.52757],[114.08237,22.52936],[114.0853,22.52294],[114.0783,22.51972],[114.0735,22.51817],[114.06577,22.51586],[114.06178,22.50878],[114.05795,22.50487],[114.04225,22.501],[114.03061,22.49551],[114.03061,22.48766],[114.03142,22.48225],[114.02988,22.47826],[114.02678,22.47826],[114.01498,22.47521],[114.01116,22.47289],[114.01173,22.48005],[114.01271,22.48611],[114.00489,22.48855],[113.99863,22.48855],[113.97755,22.45885],[113.95411,22.44949],[113.94101,22.42678],[113.93067,22.41983],[113.90943,22.41861],[113.89698,22.40876],[113.91057,22.39867],[113.9183,22.38784],[113.9144,22.37613],[113.92595,22.36909],[113.93067,22.36909],[113.94483,22.36209],[113.95493,22.36986],[113.97462,22.37206],[113.96437,22.38068],[113.97063,22.38707],[113.97291,22.37999],[113.97674,22.37922],[113.98268,22.36677],[113.99187,22.36408],[113.99863,22.35899],[114.01498,22.35899],[114.01498,22.35346],[114.02052,22.35037],[114.03989,22.35501],[114.05022,22.35899],[114.05795,22.36131],[114.06723,22.35899],[114.0704,22.36286],[114.0783,22.36286],[114.07911,22.36595],[114.0975,22.36302],[114.10483,22.36986],[114.11101,22.36595],[114.11337,22.35269],[114.12355,22.33714],[114.12436,22.34223],[114.13819,22.336],[114.15219,22.32852],[114.15952,22.32225],[114.15952,22.31521],[114.16489,22.31521],[114.1657,22.31057],[114.16822,22.30549],[114.16725,22.29418],[114.17189,22.28872],[114.17652,22.29108],[114.18165,22.29442],[114.18369,22.30195],[114.19142,22.2989],[114.19142,22.30195],[114.18653,22.30874],[114.19549,22.31826],[114.21249,22.30117],[114.21485,22.30117],[114.21176,22.31057],[114.22812,22.29186],[114.23894,22.28168],[114.25302,22.29576],[114.25148,22.30516],[114.25554,22.32233],[114.26637,22.31599],[114.26564,22.3098],[114.26482,22.30195],[114.27337,22.29576],[114.2798,22.27936],[114.27833,22.27045],[114.28899,22.26459],[114.29672,22.25829],[114.30315,22.26215],[114.30315,22.26919],[114.30006,22.27704],[114.28956,22.27391],[114.28972,22.28168],[114.28899,22.28718],[114.29054,22.28795],[114.2977,22.28563],[114.30567,22.29076],[114.31162,22.29731],[114.30388,22.30671],[114.29599,22.30516],[114.29208,22.30516],[114.29127,22.31656],[114.27719,22.3192],[114.27255,22.32071],[114.2658,22.34634],[114.25554,22.3559],[114.25839,22.36209],[114.26637,22.36595],[114.26718,22.35578],[114.27646,22.34805],[114.2798,22.35501],[114.27337,22.36363],[114.26873,22.37844],[114.27801,22.39098],[114.28598,22.39098],[114.30006,22.38158],[114.31007,22.38378],[114.31861,22.38939],[114.3204,22.38076],[114.33432,22.37531],[114.33277,22.35977],[114.33904,22.35269],[114.34197,22.34577],[114.35231,22.35191],[114.35231,22.33946],[114.3576,22.33242],[114.36085,22.34577],[114.37021,22.34882],[114.37558,22.35346],[114.37949,22.36209],[114.37639,22.37063],[114.38575,22.37018],[114.38657,22.36522],[114.38974,22.36595],[114.38494,22.38736],[114.37501,22.40054],[114.37021,22.39798],[114.38177,22.41905],[114.38933,22.41791],[114.4013,22.41275],[114.39739,22.42841],[114.39975,22.43614],[114.38575,22.43924],[114.37021,22.44001],[114.36736,22.44628],[114.36785,22.45498],[114.35987,22.46117],[114.35157,22.44099],[114.35231,22.42369],[114.34759,22.42292],[114.34278,22.43769],[114.33741,22.43159],[114.33277,22.44001],[114.33806,22.44636],[114.3357,22.46174],[114.32504,22.46426],[114.33074,22.47411],[114.32504,22.47521],[114.32374,22.48005],[114.30079,22.46503],[114.30161,22.45653],[114.28899,22.45331],[114.27646,22.444],[114.28899,22.42601],[114.27646,22.41983],[114.27255,22.40965],[114.26718,22.41596],[114.26938,22.42552],[114.26718,22.43073],[114.25148,22.43073],[114.24383,22.43553],[114.23821,22.43537],[114.23422,22.42475],[114.2234,22.41503],[114.21559,22.40034],[114.20932,22.39867],[114.21485,22.40888],[114.20997,22.41275],[114.21176,22.4206],[114.20021,22.42817],[114.18751,22.43614],[114.17652,22.44322],[114.16749,22.44807],[114.1867,22.45177],[114.1906,22.45653],[114.20224,22.45808],[114.20932,22.45409],[114.20997,22.44949],[114.21713,22.44794],[114.21559,22.45498],[114.21095,22.4573],[114.20932,22.46581],[114.21176,22.47057],[114.21713,22.46735],[114.23121,22.46979],[114.24594,22.45177],[114.25375,22.45177],[114.26409,22.45808],[114.26873,22.46503],[114.28045,22.47289],[114.29363,22.47826],[114.30543,22.48302],[114.31634,22.49238],[114.33513,22.50642],[114.33277,22.51195],[114.32659,22.50878],[114.29851,22.501],[114.28924,22.50519],[114.28517,22.51118],[114.27768,22.51166],[114.2798,22.51972],[114.2798,22.52603],[114.27801,22.52985],[114.27003,22.52558],[114.26515,22.52847],[114.26564,22.53526],[114.25921,22.5408],[114.25327,22.53946],[114.25766,22.54784],[114.25457,22.55097],[114.24903,22.54784],[114.24594,22.55097],[114.24204,22.5502],[114.2343,22.53693],[114.2304,22.53295],[114.21868,22.52985],[114.21795,22.52603],[114.20932,22.52371],[114.20997,22.53449],[114.21485,22.53449],[114.22218,22.54145],[114.22722,22.54706],[114.23471,22.55618],[114.22983,22.55581],[114.23829,22.55992],[114.24969,22.5705],[114.26962,22.58295],[114.27622,22.58796],[114.30218,22.58295],[114.30714,22.58544],[114.30535,22.59418],[114.31691,22.6022],[114.31715,22.60236],[114.32455,22.59854],[114.32805,22.60476],[114.32846,22.60545],[114.32911,22.60501],[114.34026,22.59789],[114.36069,22.6048],[114.38014,22.61034],[114.3956,22.61351],[114.39576,22.61351],[114.4087,22.61164],[114.41424,22.6048],[114.42433,22.60167],[114.43303,22.59109],[114.43849,22.58295],[114.43735,22.57937],[114.43678,22.57738],[114.44036,22.56867],[114.44532,22.57176],[114.44695,22.57156],[114.45574,22.5705],[114.46217,22.56175],[114.4712,22.5517],[114.47958,22.54621],[114.47958,22.53933],[114.48512,22.53441],[114.48699,22.52192],[114.48455,22.51699],[114.47641,22.50943],[114.48015,22.50015],[114.47698,22.49042],[114.47682,22.48989],[114.47722,22.48953],[114.48325,22.48456],[114.48447,22.47435],[114.48512,22.46833],[114.49114,22.46463],[114.4922,22.46398],[114.50156,22.45209],[114.51582,22.45264],[114.52967,22.46829],[114.54216,22.47799],[114.57053,22.48429],[114.58766,22.49559],[114.60751,22.50438],[114.61769,22.51415],[114.61158,22.52871],[114.59327,22.5419],[114.57276,22.55146],[114.55991,22.55512],[114.55478,22.55732],[114.54721,22.56708],[114.54322,22.5694],[114.53712,22.56721],[114.53248,22.56232],[114.5298,22.55736],[114.52955,22.55512],[114.51816,22.5528],[114.50929,22.54955],[114.50205,22.55085],[114.49537,22.56196],[114.50221,22.57392],[114.51393,22.58735],[114.52914,22.59833],[114.54664,22.60293],[114.56088,22.60879],[114.57765,22.63589],[114.59034,22.64387],[114.58253,22.65526],[114.57325,22.65445],[114.56251,22.64834],[114.54822,22.64454],[114.52341,22.64556],[114.53491,22.64465],[114.50661,22.64652],[114.49958,22.65311],[114.50593,22.66369],[114.5171,22.67642],[114.52378,22.68721],[114.52206,22.70596],[114.53248,22.69953],[114.54225,22.6953],[114.55234,22.69453],[114.5711,22.70235],[114.56499,22.71792],[114.56332,22.73273],[114.57938,22.73331],[114.60255,22.74046],[114.6172,22.75007],[114.63779,22.75507],[114.64548,22.76701],[114.66422,22.77418],[114.68381,22.78133],[114.69548,22.79264],[114.71673,22.7908],[114.73414,22.77578],[114.75489,22.78168],[114.76246,22.79108],[114.76979,22.81045],[114.77524,22.81582],[114.78476,22.81586],[114.79274,22.81094],[114.79847,22.80874],[114.80728,22.80538],[114.81695,22.80039],[114.82125,22.79056],[114.81764,22.77912],[114.81324,22.77485],[114.80201,22.77338],[114.79542,22.76992],[114.77855,22.76245],[114.75255,22.74966],[114.74195,22.73265],[114.73888,22.71065],[114.75378,22.69339],[114.74999,22.67872],[114.73745,22.66905],[114.74248,22.64696],[114.74224,22.62738],[114.74378,22.6094],[114.75415,22.58971],[114.77461,22.59769],[114.80642,22.59251],[114.83223,22.60208],[114.86582,22.60174],[114.88682,22.59087],[114.88923,22.57289],[114.88021,22.55911],[114.88364,22.55092],[114.89597,22.54752],[114.91912,22.56116],[114.90521,22.57844],[114.90194,22.59806],[114.9249,22.63866],[114.93873,22.65729],[114.95045,22.66498],[114.96663,22.67649],[114.9553,22.68479],[114.94669,22.69633],[114.93723,22.70949],[114.92673,22.71693],[114.91,22.72362],[114.90286,22.71393],[114.89045,22.71405],[114.88074,22.72147],[114.87814,22.72964],[114.88622,22.73607],[114.88187,22.74752],[114.87038,22.75335],[114.86252,22.76322],[114.87672,22.76796],[114.88906,22.76375],[114.90311,22.74892],[114.91676,22.74405],[114.92677,22.76118],[114.94166,22.75385],[114.94581,22.74225],[114.95237,22.72883],[114.95658,22.71574],[114.95467,22.70354],[114.95984,22.69613],[114.97126,22.69274],[114.98003,22.68855],[114.98534,22.68931],[114.99252,22.69738],[114.99877,22.7022],[115.00851,22.70372],[115.01828,22.70687],[115.0289,22.70838],[115.03079,22.71732],[115.02208,22.72639],[115.01783,22.73704],[115.02233,22.74351],[115.03663,22.75373],[115.04103,22.76162],[115.04566,22.77586],[115.0503,22.78168],[115.06548,22.79598],[115.10108,22.80012],[115.11166,22.80215],[115.13288,22.81145],[115.15057,22.80963],[115.15827,22.79242],[115.18027,22.78481],[115.17441,22.80689],[115.17294,22.82119],[115.19601,22.8319],[115.21729,22.83489],[115.23146,22.83006],[115.24562,22.83535],[115.25595,22.84785],[115.27223,22.87385],[115.29225,22.89533],[115.3038,22.90302],[115.31715,22.90453],[115.31056,22.88247],[115.30942,22.86937],[115.31373,22.86359],[115.3248,22.85956],[115.32016,22.85053],[115.30304,22.83861],[115.25856,22.82046],[115.23277,22.80534],[115.23339,22.78821],[115.25108,22.78798],[115.28914,22.79155],[115.33057,22.78854],[115.36399,22.76364],[115.37477,22.77328],[115.38624,22.7829],[115.41121,22.78827],[115.42237,22.7718],[115.42413,22.76199],[115.40976,22.75788],[115.39755,22.74877],[115.38893,22.74689],[115.35841,22.74868],[115.35068,22.74689],[115.33847,22.7331],[115.34821,22.71737],[115.36127,22.70414],[115.37351,22.69418],[115.3943,22.68968],[115.42126,22.69024],[115.43826,22.7006],[115.46482,22.70103],[115.49119,22.68759],[115.5221,22.6765],[115.53616,22.66812],[115.57522,22.66834],[115.56422,22.68488],[115.56251,22.70563],[115.5809,22.72333],[115.5901,22.73721],[115.58619,22.7451],[115.56732,22.74728],[115.56575,22.73708],[115.55559,22.71437],[115.52394,22.74177],[115.52702,22.76704],[115.53897,22.7889],[115.55624,22.80744],[115.59132,22.84748],[115.61207,22.86359],[115.6006,22.86188],[115.59335,22.85639],[115.58692,22.84935],[115.57789,22.84317],[115.56593,22.83796],[115.55942,22.83609],[115.54005,22.83625],[115.53037,22.83832],[115.51515,22.84732],[115.50563,22.84931],[115.47861,22.84748],[115.46803,22.84931],[115.46803,22.85676],[115.49415,22.86079],[115.4961,22.88032],[115.483,22.90184],[115.4642,22.91201],[115.45541,22.90974],[115.44614,22.89997],[115.43702,22.89777],[115.42726,22.90062],[115.41855,22.9077],[115.40602,22.92503],[115.42384,22.91877],[115.43019,22.9182],[115.43832,22.92036],[115.44239,22.92967],[115.45094,22.93187],[115.46827,22.9265],[115.49635,22.90306],[115.50563,22.89777],[115.53378,22.89826],[115.54762,22.89541],[115.54689,22.88715],[115.53663,22.87434],[115.53297,22.86205],[115.53989,22.85293],[115.56056,22.84931],[115.56495,22.85326],[115.57407,22.87173],[115.57789,22.87726],[115.58399,22.88032],[115.63941,22.88935],[115.65333,22.89374],[115.6666,22.90453],[115.68312,22.92426],[115.69199,22.92902],[115.73032,22.93423],[115.73373,22.93187],[115.72755,22.92276],[115.72128,22.90453],[115.71388,22.90453],[115.70517,22.90738],[115.69264,22.90009],[115.68247,22.88817],[115.68427,22.87778],[115.70358,22.86932],[115.69704,22.85067],[115.73687,22.85167],[115.76324,22.84149],[115.77634,22.83235],[115.78506,22.82568],[115.79038,22.82193],[115.79843,22.81953],[115.80478,22.81509],[115.80991,22.80834],[115.81275,22.79955],[115.81471,22.78612],[115.81357,22.77627],[115.80649,22.77827],[115.80136,22.78685],[115.79941,22.79466],[115.79501,22.80028],[115.78804,22.79784],[115.79048,22.7872],[115.79546,22.76999],[115.79781,22.75445],[115.81003,22.74609],[115.82596,22.74664],[115.84321,22.77002],[115.85488,22.77879],[115.8835,22.79462],[115.90374,22.78938],[115.93326,22.80599],[115.93949,22.80752],[115.95801,22.80474],[115.96608,22.81721],[115.99672,22.83668],[116.0118,22.83804],[116.02611,22.84513],[116.03745,22.8509],[116.04786,22.85179],[116.05377,22.85523],[116.07618,22.86787],[116.08725,22.88969],[116.0713,22.89777],[116.04188,22.92232],[116.0421,22.93292],[116.08701,22.90656],[116.12372,22.89473],[116.09125,22.86841],[116.08467,22.84977],[116.09569,22.8259],[116.11356,22.83291],[116.12965,22.83913],[116.14491,22.84782],[116.17099,22.86447],[116.20009,22.89656],[116.21456,22.90852],[116.22101,22.91901],[116.24618,22.93159],[116.28146,22.95786],[116.26938,22.96662],[116.25229,22.95905],[116.23487,22.96027],[116.20102,22.97346],[116.21363,22.98281],[116.23471,22.98041],[116.26226,22.97374],[116.28906,22.97894],[116.29849,22.96325],[116.33825,22.95186],[116.35304,22.93806],[116.37961,22.92898],[116.42629,22.93743],[116.45851,22.94742],[116.49469,22.93935],[116.51847,22.96746],[116.52194,22.99841],[116.54785,23.00604],[116.56325,23.01877],[116.55485,23.03609],[116.5485,23.0664],[116.55166,23.08672],[116.53365,23.10913],[116.54512,23.14478],[116.56992,23.17769],[116.6015,23.19658],[116.6045,23.20956],[116.60295,23.21774],[116.57455,23.22411],[116.56398,23.22297],[116.55316,23.21637],[116.54143,23.2101],[116.52699,23.20062],[116.50929,23.21638],[116.50888,23.23412],[116.51686,23.23517],[116.56998,23.24697],[116.58859,23.24493],[116.61151,23.23873],[116.61815,23.22148],[116.61675,23.20277],[116.61377,23.19061],[116.61522,23.17835],[116.6293,23.17397],[116.63702,23.16402],[116.64675,23.16299],[116.66175,23.19365],[116.67117,23.21464],[116.68931,23.22973],[116.7055,23.23834],[116.7151,23.2438],[116.70899,23.25853],[116.69508,23.26569],[116.67921,23.27139],[116.66725,23.28132],[116.70558,23.2766],[116.73129,23.25772],[116.75416,23.23338],[116.78395,23.21239],[116.80482,23.23612],[116.79427,23.23962],[116.78618,23.23572],[116.77711,23.24038],[116.76853,23.27282],[116.76563,23.29735],[116.74863,23.32629],[116.73011,23.33075],[116.72707,23.31612],[116.70941,23.31977],[116.69124,23.33898],[116.66098,23.33722],[116.64189,23.31884],[116.60841,23.32046],[116.58798,23.31611],[116.57301,23.32368],[116.55226,23.3415],[116.53321,23.36188],[116.5232,23.37751],[116.52174,23.4112],[116.5232,23.41852],[116.53175,23.42255],[116.54322,23.42121],[116.55348,23.41425],[116.55787,23.40176],[116.56894,23.39102],[116.62192,23.36913],[116.65784,23.35445],[116.68076,23.357],[116.69288,23.35993],[116.71299,23.35563],[116.73241,23.35113],[116.74657,23.34921],[116.75294,23.35025],[116.77322,23.34943],[116.86663,23.45023],[116.87262,23.47381],[116.85426,23.49738],[116.8497,23.5113],[116.85499,23.52489],[116.8755,23.54706],[116.88331,23.55964],[116.88624,23.57307],[116.88404,23.58662],[116.87916,23.59357],[116.87428,23.59862],[116.87208,23.60688],[116.87745,23.61835],[116.90073,23.63426],[116.9061,23.6413],[116.90895,23.65461],[116.91651,23.66275],[116.9275,23.6645],[116.94093,23.65868],[116.91757,23.63793],[116.92758,23.62474],[116.95071,23.61088],[116.96507,23.61544],[116.98536,23.64023],[117.0095,23.64454],[117.01832,23.64789],[117.02345,23.65868],[117.03427,23.66132],[117.04444,23.65567],[117.0578,23.65396],[117.06841,23.65127],[117.07788,23.63883],[117.07919,23.62249],[117.076,23.60463],[117.08356,23.58895],[117.08047,23.57435],[117.07841,23.56461],[117.08423,23.55061],[117.09946,23.55431],[117.12846,23.57235],[117.15083,23.60687],[117.17465,23.61636],[117.18588,23.62104],[117.2192,23.62963],[117.22041,23.6402],[117.21718,23.65251],[117.20851,23.66494],[117.22519,23.68472],[117.2295,23.69282],[117.23561,23.67145],[117.24409,23.65755],[117.23554,23.63982],[117.23596,23.62431],[117.23896,23.60547],[117.25709,23.61562],[117.27912,23.63627],[117.26365,23.65542],[117.26796,23.67979],[117.27624,23.68774],[117.27192,23.72131],[117.28574,23.74677],[117.29233,23.76215],[117.27735,23.78221],[117.29257,23.7895],[117.30397,23.77558],[117.3191,23.76162],[117.34413,23.76817],[116.45,25.15],[114.8,25.8],[113.2,24.7],[111.4,24.4],[110.25,25.25],[109.45,26.2],[107.0,25.5]]],[[[117.42213,23.64762],[117.37209,23.72494],[117.34246,23.69965],[117.34051,23.68895],[117.34645,23.68476],[117.35613,23.6894],[117.36394,23.69147],[117.3755,23.6894],[117.38673,23.68488],[117.39373,23.67919],[117.36913,23.62236],[117.33782,23.59646],[117.32048,23.57402],[117.37446,23.57265],[117.43156,23.58263],[117.42384,23.602],[117.41538,23.60822],[117.41777,23.62747],[117.42115,23.64646],[117.42213,23.64762]]],[[[113.57797,22.13809],[113.57797,22.13963],[113.57252,22.13732],[113.56764,22.13906],[113.56023,22.14155],[113.56324,22.15058],[113.56788,22.15058],[113.57179,22.1529],[113.57407,22.15611],[113.57407,22.16075],[113.56943,22.16075],[113.5586,22.16303],[113.55291,22.16584],[113.54298,22.1638],[113.54143,22.16234],[113.53443,22.1612],[113.53224,22.15253],[113.53411,22.14879],[113.54225,22.14081],[113.54233,22.14073],[113.54526,22.11424],[113.54111,22.11327],[113.54371,22.10769],[113.5468,22.10537],[113.54916,22.10537],[113.55152,22.10615],[113.55226,22.10769],[113.55738,22.11115],[113.56324,22.10692],[113.56634,22.10769],[113.5652,22.11262],[113.56666,22.11738],[113.56674,22.12336],[113.57097,22.12014],[113.57407,22.11937],[113.57797,22.12092],[113.57748,22.12665],[113.58359,22.12332],[113.58595,22.12409],[113.58749,22.12486],[113.58749,22.12722],[113.58668,22.12954],[113.58595,22.13194],[113.57976,22.1319],[113.57488,22.13504],[113.57797,22.13809]]],[[[113.55071,22.19896],[113.54916,22.19973],[113.54843,22.20205],[113.55152,22.20441],[113.55681,22.20356],[113.55559,22.20755],[113.5538,22.21149],[113.55071,22.21385],[113.54453,22.21613],[113.54453,22.21768],[113.53891,22.22077],[113.53647,22.21707],[113.53525,22.21463],[113.5289,22.21463],[113.5289,22.21385],[113.52434,22.21255],[113.52735,22.20755],[113.53289,22.20917],[113.53207,22.21076],[113.5337,22.21076],[113.53525,22.20755],[113.53037,22.20152],[113.5254,22.19363],[113.52483,22.19306],[113.52215,22.1905],[113.52019,22.18488],[113.51987,22.1837],[113.52475,22.17373],[113.52483,22.17381],[113.5289,22.1787],[113.53289,22.1787],[113.53598,22.18264],[113.53989,22.18264],[113.54298,22.18419],[113.54843,22.18806],[113.55152,22.18956],[113.55152,22.19111],[113.55152,22.19188],[113.55152,22.1942],[113.55071,22.19587],[113.55226,22.19741],[113.5538,22.19587],[113.5538,22.19664],[113.55714,22.20246],[113.55071,22.19896]]],[[[111.88819,21.58893],[111.89747,21.59553],[111.90968,21.60053],[111.91977,21.60187],[111.92905,21.60187],[111.98146,21.61205],[111.99985,21.62116],[112.00733,21.63654],[112.00733,21.64395],[111.99985,21.654],[111.98951,21.65778],[111.96266,21.65762],[111.95582,21.6564],[111.95094,21.65111],[111.94516,21.65013],[111.93849,21.65257],[111.93434,21.65746],[111.93141,21.6623],[111.92823,21.66446],[111.91586,21.66275],[111.89601,21.65396],[111.8838,21.65013],[111.84718,21.64741],[111.8353,21.64395],[111.84506,21.62397],[111.84205,21.60684],[111.82244,21.5751],[111.81691,21.57136],[111.81007,21.56835],[111.80934,21.5655],[111.82244,21.562],[111.86329,21.56826],[111.8711,21.57323],[111.88819,21.58893]]],[[[113.37778,22.08902],[113.37273,22.08015],[113.36329,22.076],[113.35279,22.07315],[113.3436,22.06851],[113.30942,22.02412],[113.3235,22.01195],[113.40577,22.00703],[113.40268,22.01435],[113.40162,22.01846],[113.39894,22.02192],[113.39145,22.02753],[113.41033,22.06354],[113.41261,22.076],[113.39894,22.06851],[113.39357,22.0716],[113.3899,22.07469],[113.38722,22.07819],[113.38526,22.08218],[113.38404,22.08539],[113.38404,22.08812],[113.38266,22.08959],[113.37778,22.08902]]],[[[113.29868,22.12857],[113.28972,22.12547],[113.27914,22.1232],[113.27174,22.12002],[113.26417,22.10493],[113.26881,22.08832],[113.27914,22.07469],[113.28907,22.06851],[113.31365,22.0764],[113.33619,22.10049],[113.35401,22.13085],[113.36476,22.1579],[113.34718,22.15644],[113.33546,22.14887],[113.32797,22.14582],[113.32309,22.1579],[113.31495,22.154],[113.30844,22.14863],[113.30421,22.14183],[113.30274,22.13398],[113.29868,22.12857]]],[[[117.08288,23.41114],[117.10694,23.40355],[117.12878,23.39937],[117.13737,23.41956],[117.14179,23.44965],[117.13409,23.46047],[117.12257,23.46552],[117.12585,23.48269],[117.10894,23.48229],[117.10215,23.46799],[117.09033,23.46108],[117.07154,23.47309],[117.07081,23.47533],[117.063,23.47846],[117.04908,23.47408],[117.04435,23.46447],[117.03758,23.4469],[117.02686,23.44385],[117.01743,23.44188],[117.01002,23.43895],[117.00025,23.44156],[116.99391,23.44831],[116.98878,23.45563],[116.98219,23.45946],[116.96763,23.45315],[116.95311,23.44209],[116.94299,23.43006],[116.9481,23.42181],[116.96934,23.41895],[116.99245,23.41921],[117.00401,23.41976],[117.01545,23.41625],[117.02394,23.41454],[117.0489,23.40471],[117.08288,23.41114]]],[[[110.47918,21.16413],[110.48357,21.15583],[110.48902,21.15009],[110.49659,21.14631],[110.50709,21.1437],[110.50587,21.12686],[110.52068,21.1118],[110.54322,21.10497],[110.5652,21.11262],[110.57691,21.13093],[110.59946,21.17829],[110.61695,21.19147],[110.61695,21.19892],[110.594,21.20279],[110.57732,21.19099],[110.55494,21.15672],[110.54754,21.15672],[110.55006,21.16844],[110.55543,21.17683],[110.56861,21.19147],[110.56617,21.19335],[110.54965,21.20246],[110.54322,21.20417],[110.53785,21.20449],[110.53224,21.20331],[110.52638,21.20083],[110.50416,21.18769],[110.49293,21.18391],[110.47918,21.18464],[110.46339,21.19074],[110.47096,21.19367],[110.49627,21.19522],[110.49985,21.20628],[110.4878,21.20864],[110.46217,21.20515],[110.45265,21.20148],[110.44483,21.19379],[110.43434,21.18659],[110.41774,21.18464],[110.41774,21.17845],[110.42612,21.1791],[110.44337,21.17788],[110.45191,21.17845],[110.44532,21.16568],[110.44947,21.15624],[110.46144,21.15107],[110.47918,21.15046],[110.47291,21.16413],[110.47918,21.16413]]],[[[112.81056,21.65762],[112.80714,21.67129],[112.80047,21.68976],[112.79754,21.70588],[112.81251,21.71711],[112.82057,21.72651],[112.8318,21.73591],[112.86256,21.74559],[112.86817,21.75755],[112.86256,21.76944],[112.844,21.77432],[112.85027,21.77432],[112.82114,21.77481],[112.80763,21.77277],[112.79566,21.76683],[112.77752,21.77265],[112.7649,21.73176],[112.74781,21.73334],[112.72438,21.71581],[112.71168,21.70254],[112.70623,21.68838],[112.71559,21.68024],[112.73666,21.6811],[112.75961,21.68635],[112.77442,21.69172],[112.76759,21.66348],[112.73439,21.62873],[112.73715,21.61262],[112.74391,21.60879],[112.74969,21.60879],[112.75367,21.60737],[112.75611,21.59374],[112.75831,21.58808],[112.76149,21.58369],[112.7649,21.58185],[112.79021,21.57758],[112.79965,21.57909],[112.81056,21.5893],[112.79347,21.60822],[112.79444,21.62311],[112.80323,21.63817],[112.81056,21.65762]]],[[[107.0735,20.78742],[107.06666,20.79214],[107.06284,20.79829],[107.06251,20.80561],[107.06609,20.81411],[107.07504,20.79605],[107.0822,20.78937],[107.094,20.78742],[107.08815,20.79442],[107.08522,20.79719],[107.08033,20.80044],[107.08033,20.80785],[107.08676,20.80512],[107.10768,20.80044],[107.10084,20.80427],[107.09547,20.80903],[107.09099,20.81476],[107.08717,20.82152],[107.08033,20.82152],[107.07097,20.8203],[107.05494,20.82392],[107.04298,20.83137],[107.04615,20.84203],[107.04615,20.84886],[107.03598,20.85737],[107.02272,20.86225],[107.01246,20.85879],[107.0114,20.84203],[107.00514,20.84203],[106.99448,20.85175],[106.96363,20.85611],[106.94996,20.86933],[106.95737,20.87678],[106.94809,20.87027],[106.94654,20.86286],[106.94679,20.85554],[106.94313,20.84886],[106.93629,20.84467],[106.91285,20.8369],[106.90992,20.81855],[106.92107,20.80459],[106.94996,20.78742],[106.96241,20.77497],[106.98512,20.74527],[107.00514,20.73216],[107.00514,20.73896],[107.00229,20.7425],[106.99781,20.75324],[107.00514,20.75324],[107.00864,20.74893],[107.01482,20.7436],[107.01824,20.73896],[107.02565,20.73896],[107.02565,20.74641],[107.03191,20.74641],[107.03419,20.74335],[107.03443,20.74217],[107.03533,20.7412],[107.03932,20.73896],[107.03932,20.73216],[107.01824,20.73216],[107.01824,20.72598],[107.02125,20.72362],[107.02565,20.71849],[107.03191,20.72598],[107.03191,20.71849],[107.0359,20.72167],[107.03883,20.72346],[107.04615,20.72598],[107.04615,20.70425],[107.05502,20.72167],[107.05983,20.73896],[107.06609,20.73896],[107.06609,20.73216],[107.0735,20.73216],[107.06739,20.74974],[107.03688,20.76626],[107.03191,20.78742],[107.04176,20.77993],[107.05047,20.77595],[107.06031,20.77595],[107.0735,20.78059],[107.0735,20.78742]]],[[[110.50017,20.95751],[110.5027,20.9475],[110.50799,20.94038],[110.51694,20.93765],[110.52605,20.9416],[110.52565,20.95108],[110.52223,20.96259],[110.52076,20.97236],[110.52687,20.9892],[110.54379,21.02277],[110.54754,21.03726],[110.54558,21.05736],[110.53883,21.07307],[110.52638,21.0821],[110.50709,21.08222],[110.49293,21.076],[110.48406,21.06786],[110.47283,21.06167],[110.45191,21.0611],[110.45875,21.0611],[110.4441,21.05996],[110.43214,21.05728],[110.42319,21.05142],[110.41774,21.04059],[110.40821,21.04824],[110.4004,21.06391],[110.38982,21.09589],[110.37135,21.08096],[110.34262,21.07465],[110.28736,21.07445],[110.29542,21.06306],[110.30795,21.06086],[110.32211,21.06403],[110.33522,21.06859],[110.32691,21.05744],[110.30991,21.05292],[110.29021,21.05427],[110.27312,21.0611],[110.26954,21.05158],[110.27068,21.04487],[110.27638,21.04116],[110.28736,21.04059],[110.28736,21.03384],[110.27508,21.03433],[110.26482,21.03311],[110.24586,21.02757],[110.25929,21.01699],[110.26539,21.00434],[110.26189,20.99299],[110.24586,20.98603],[110.26661,20.97264],[110.29868,20.98066],[110.33367,20.99628],[110.36305,21.00585],[110.44142,21.00585],[110.45769,21.00121],[110.4769,20.99042],[110.49301,20.97797],[110.49969,20.96865],[110.50017,20.95751]]],[[[107.47071,21.09589],[107.50416,21.13972],[107.52418,21.15998],[107.53907,21.15672],[107.54713,21.15672],[107.55738,21.17178],[107.59034,21.19306],[107.60157,21.20515],[107.60621,21.21743],[107.6032,21.21931],[107.58058,21.21198],[107.54591,21.2027],[107.53907,21.19892],[107.53273,21.19892],[107.52898,21.20331],[107.52662,21.20799],[107.52565,21.21402],[107.5254,21.22215],[107.5232,21.23086],[107.51808,21.23359],[107.5114,21.23481],[107.50473,21.23924],[107.48162,21.26679],[107.47136,21.27448],[107.46713,21.27652],[107.46306,21.27741],[107.45916,21.27725],[107.45533,21.2757],[107.45167,21.27147],[107.44907,21.26533],[107.44654,21.25316],[107.44483,21.22748],[107.44581,21.21206],[107.45021,21.20515],[107.44117,21.20327],[107.43637,21.19774],[107.43531,21.18928],[107.43238,21.18854],[107.42506,21.19676],[107.4183,21.19668],[107.41342,21.16633],[107.40447,21.13813],[107.40252,21.12661],[107.3943,21.10684],[107.37965,21.08194],[107.37289,21.05956],[107.38868,21.04751],[107.42286,21.07477],[107.43531,21.08145],[107.45965,21.09024],[107.47071,21.09589]]],[[[113.85108,22.25711],[113.8506,22.25678],[113.85678,22.25226],[113.85678,22.246],[113.84921,22.24413],[113.84921,22.2342],[113.8392,22.2342],[113.83733,22.22862],[113.8379,22.21796],[113.8392,22.2049],[113.84645,22.19709],[113.85914,22.2014],[113.87371,22.21308],[113.88396,22.22],[113.89251,22.2224],[113.89405,22.21532],[113.90626,22.20401],[113.91912,22.20502],[113.9284,22.21076],[113.9284,22.21691],[113.9183,22.21922],[113.92148,22.22399],[113.9284,22.22399],[113.94565,22.23725],[113.95956,22.23725],[113.96909,22.23725],[113.98064,22.23725],[113.98064,22.21532],[113.98194,22.20824],[114.00017,22.21613],[114.01498,22.22708],[113.99244,22.2412],[114.00725,22.2521],[113.99537,22.26777],[114.00416,22.26459],[114.01889,22.26459],[114.01759,22.28905],[114.02215,22.30191],[114.01271,22.29808],[114.01271,22.31135],[114.02963,22.30899],[114.03142,22.32457],[114.03834,22.32457],[114.04615,22.32315],[114.05022,22.31993],[114.05177,22.32852],[114.05486,22.33633],[114.04933,22.34223],[114.04379,22.34577],[114.02052,22.32852],[114.01734,22.33552],[113.99952,22.32225],[113.99244,22.31057],[113.98373,22.30903],[113.97674,22.29808],[113.96192,22.30117],[113.93865,22.28872],[113.9284,22.28486],[113.92148,22.29186],[113.91131,22.29271],[113.89251,22.29271],[113.88396,22.27936],[113.8768,22.27228],[113.86761,22.27074],[113.86695,22.26899],[113.85987,22.26345],[113.85108,22.25711]]],[[[113.60261,22.61152],[113.62801,22.59578],[113.64183,22.60162],[113.64511,22.62512],[113.63569,22.65647],[113.60394,22.68495],[113.57532,22.69873],[113.5732,22.7007],[113.56371,22.7203],[113.5595,22.735],[113.54676,22.74188],[113.5255,22.74487],[113.50208,22.73611],[113.47654,22.73127],[113.47651,22.71951],[113.49137,22.70577],[113.52533,22.68318],[113.56243,22.65568],[113.60261,22.61152]]],[[[110.57569,20.88882],[110.5892,20.88349],[110.60955,20.89728],[110.62452,20.91519],[110.63038,20.92577],[110.6325,20.93667],[110.62794,20.94864],[110.61793,20.95238],[110.60613,20.95384],[110.59588,20.95873],[110.60271,20.96491],[110.58961,20.95938],[110.57488,20.94746],[110.54754,20.91771],[110.56349,20.90347],[110.57569,20.88882]]],[[[107.49171,20.84203],[107.49781,20.85318],[107.54518,20.91913],[107.55348,20.93594],[107.55942,20.95873],[107.55795,20.96605],[107.55641,20.96918],[107.55323,20.97236],[107.54957,20.95612],[107.5254,20.91031],[107.51612,20.89566],[107.50563,20.8874],[107.49147,20.88378],[107.47071,20.883],[107.47071,20.87678],[107.48194,20.86538],[107.48024,20.84951],[107.46388,20.81411],[107.47722,20.81452],[107.48463,20.82172],[107.49171,20.84203]]],[[[107.75611,20.94571],[107.77076,20.95722],[107.77801,20.9726],[107.77296,20.99225],[107.77914,20.99225],[107.7824,20.98994],[107.79282,20.98603],[107.79282,20.99225],[107.75807,21.01659],[107.74513,21.02017],[107.73764,21.00324],[107.74342,20.99409],[107.75343,20.98867],[107.7588,20.98261],[107.75717,20.97101],[107.73829,20.93765],[107.75611,20.94571]]],[[[107.57146,20.99616],[107.57008,20.98994],[107.55942,20.98603],[107.5796,20.98314],[107.58961,21.00812],[107.59596,21.03913],[107.63185,21.11197],[107.63209,21.11884],[107.62827,21.12018],[107.62127,21.11603],[107.59791,21.09398],[107.59425,21.08906],[107.59108,21.08177],[107.58904,21.07331],[107.58741,21.05093],[107.58416,21.0397],[107.57008,21.02668],[107.56691,21.01675],[107.56886,21.00495],[107.57146,20.99616]]],[[[107.78395,21.35635],[107.72584,21.32347],[107.71437,21.31013],[107.71144,21.30756],[107.80934,21.34715],[107.81707,21.34854],[107.81935,21.35025],[107.81821,21.35407],[107.8156,21.3581],[107.81349,21.3605],[107.8003,21.36245],[107.78395,21.35635]]],[[[107.84116,21.34854],[107.85426,21.35041],[107.92237,21.37263],[107.92994,21.37641],[107.93621,21.37641],[107.94418,21.36811],[107.95948,21.37385],[107.9983,21.39753],[107.9983,21.40375],[107.86866,21.39008],[107.86012,21.38622],[107.82691,21.37641],[107.82691,21.37027],[107.85222,21.37531],[107.87281,21.37421],[107.86524,21.3701],[107.85939,21.36408],[107.85499,21.35594],[107.85353,21.36026],[107.84816,21.37027],[107.8436,21.35883],[107.84116,21.34854]]],[[[109.10092,21.02119],[109.10524,21.02448],[109.11256,21.02709],[109.1277,21.03217],[109.13624,21.05101],[109.12273,21.06542],[109.09986,21.0607],[109.09051,21.04194],[109.09596,21.02204],[109.10092,21.02119]]],[[[110.43922,20.62946],[110.44809,20.59626],[110.45167,20.58918],[110.45729,20.58686],[110.46485,20.59077],[110.4712,20.5926],[110.47584,20.59593],[110.47804,20.61079],[110.47633,20.63158],[110.47136,20.64737],[110.46274,20.65477],[110.44752,20.65835],[110.44264,20.66352],[110.43702,20.66791],[110.43336,20.66743],[110.43336,20.66376],[110.43002,20.66201],[110.42205,20.66226],[110.41765,20.65477],[110.42661,20.64289],[110.4358,20.6385],[110.43922,20.62946]]],[[[107.34213,20.82844],[107.35027,20.81094],[107.36085,20.80589],[107.36891,20.8072],[107.37525,20.80394],[107.38022,20.79755],[107.38356,20.7993],[107.38445,20.81281],[107.3812,20.81892],[107.36964,20.82591],[107.35711,20.82933],[107.34498,20.84252],[107.34108,20.8426],[107.34213,20.82844]]],[[[107.36769,20.85838],[107.37452,20.85932],[107.38787,20.86498],[107.38998,20.86742],[107.3899,20.86953],[107.3899,20.87177],[107.39275,20.87458],[107.39519,20.87857],[107.39234,20.88467],[107.38217,20.88788],[107.36598,20.88841],[107.35548,20.88711],[107.35133,20.88593],[107.34604,20.88817],[107.3392,20.89037],[107.33383,20.88825],[107.33253,20.88329],[107.33546,20.87694],[107.34059,20.87539],[107.34352,20.87735],[107.35418,20.86473],[107.36109,20.85969],[107.36769,20.85838]]],[[[107.84213,21.03559],[107.82569,21.02497],[107.81658,21.00585],[107.81772,20.98827],[107.8274,20.98908],[107.84441,21.01187],[107.85279,21.01992],[107.85629,21.03327],[107.84213,21.03559]]],[[[113.23463,21.89346],[113.25074,21.88321],[113.25847,21.88044],[113.26775,21.88646],[113.27516,21.89753],[113.27866,21.90738],[113.2837,21.91352],[113.28566,21.91812],[113.28094,21.92284],[113.27801,21.92503],[113.27516,21.93155],[113.26783,21.9433],[113.25766,21.9466],[113.24773,21.94318],[113.2317,21.93448],[113.22169,21.91413],[113.22584,21.90082],[113.22975,21.89875],[113.23463,21.89346]]],[[[113.77592,21.98586],[113.77175,22.00034],[113.75686,22.00039],[113.7455,21.9978],[113.73628,21.99716],[113.73906,21.98597],[113.74821,21.97279],[113.76448,21.96682],[113.77592,21.98586]]],[[[114.29542,22.06281],[114.29298,22.05781],[114.28297,22.05256],[114.27166,22.05052],[114.21681,22.03217],[114.20672,22.02578],[114.22242,22.02167],[114.3025,22.04487],[114.30535,22.05028],[114.30681,22.0572],[114.30934,22.06257],[114.31007,22.06859],[114.30421,22.06928],[114.29859,22.06712],[114.29542,22.06281]]],[[[113.53256,22.09536],[113.52711,22.10611],[113.53094,22.11294],[113.53273,22.12031],[113.52711,22.12588],[113.51889,22.12726],[113.47153,22.11408],[113.46485,22.10814],[113.46599,22.10151],[113.47348,22.09854],[113.47397,22.08812],[113.47023,22.07762],[113.48471,22.07136],[113.53891,22.0821],[113.54762,22.0926],[113.53256,22.09536]]],[[[114.12574,22.21345],[114.11744,22.22187],[114.11329,22.23334],[114.1067,22.23579],[114.10637,22.2224],[114.10426,22.21597],[114.11411,22.21613],[114.11411,22.18574],[114.11085,22.17707],[114.13738,22.17878],[114.14536,22.1787],[114.13909,22.19111],[114.14308,22.19611],[114.15463,22.2036],[114.14967,22.20604],[114.13819,22.20604],[114.12574,22.20523],[114.13282,22.20995],[114.13282,22.21613],[114.12574,22.21345]]],[[[113.62119,22.39142],[113.63145,22.3961],[113.64235,22.40019],[113.64242,22.41142],[113.65329,22.41373],[113.65782,22.42375],[113.65787,22.43202],[113.6496,22.43857],[113.63488,22.43804],[113.62338,22.43987],[113.61182,22.43047],[113.61044,22.41334],[113.61227,22.39796],[113.62119,22.39142]]],[[[113.51538,22.96922],[113.50575,22.95161],[113.50996,22.92122],[113.52376,22.89668],[113.54501,22.87996],[113.55354,22.88581],[113.5536,22.91128],[113.54514,22.93776],[113.52919,22.94859],[113.52921,22.96035],[113.51538,22.96922]]],[[[116.93727,23.52627],[116.95094,23.5174],[116.97096,23.51463],[116.9878,23.52412],[116.99293,23.53388],[116.99586,23.53852],[117.00367,23.54621],[117.00929,23.555],[117.00514,23.56293],[116.99562,23.56354],[116.98585,23.56045],[116.97853,23.55927],[116.97438,23.55939],[116.96754,23.55435],[116.95777,23.54491],[116.94654,23.53946],[116.93605,23.53555],[116.93727,23.52627]]],[[[112.61647,21.61921],[112.62379,21.63329],[112.6504,21.64045],[112.64991,21.64932],[112.63795,21.66446],[112.64332,21.67817],[112.65138,21.6883],[112.65455,21.69847],[112.64536,21.71284],[112.62013,21.70449],[112.57781,21.68301],[112.55592,21.67813],[112.56788,21.66063],[112.55983,21.64838],[112.52426,21.6269],[112.51824,21.61677],[112.5193,21.60668],[112.5254,21.59886],[112.53492,21.59553],[112.53924,21.59894],[112.54908,21.6164],[112.55592,21.62344],[112.56715,21.61762],[112.57993,21.61555],[112.60719,21.61603],[112.61647,21.61921]]],[[[113.52858,22.80215],[113.53566,22.78433],[113.54461,22.76878],[113.55828,22.75788],[113.57984,22.75373],[113.59457,22.75609],[113.60279,22.76264],[113.60288,22.77245],[113.59352,22.78482],[113.58766,22.79462],[113.57643,22.82392],[113.57301,22.83006],[113.54672,22.83487],[113.52703,22.84663],[113.4878,22.89281],[113.4756,22.9007],[113.43295,22.91201],[113.40512,22.90811],[113.39617,22.8981],[113.40211,22.88288],[113.43409,22.84907],[113.4559,22.83076],[113.47316,22.82538],[113.47397,22.84931],[113.4808,22.84931],[113.49529,22.81387],[113.50611,22.79804],[113.52117,22.78791],[113.52858,22.80215]]],[[[106.82252,20.8535],[106.84254,20.81363],[106.8475,20.79731],[106.85621,20.79287],[106.87355,20.78954],[106.88649,20.79613],[106.8816,20.82152],[106.84555,20.86603],[106.8401,20.87987],[106.83595,20.90241],[106.82455,20.91519],[106.78541,20.93081],[106.77361,20.90497],[106.76564,20.87678],[106.77068,20.85859],[106.78386,20.85236],[106.79933,20.84968],[106.81219,20.84203],[106.81959,20.84203],[106.81463,20.85053],[106.81267,20.85932],[106.81422,20.86811],[106.81959,20.87678],[106.82252,20.8535]]],[[[107.51173,20.92398],[107.52223,20.93643],[107.52882,20.95091],[107.53907,20.98603],[107.55454,21.02155],[107.55836,21.03474],[107.55226,21.03823],[107.5464,21.0349],[107.53273,21.02017],[107.53273,21.04059],[107.52263,21.02228],[107.51979,21.01337],[107.50904,21.0174],[107.50473,21.02017],[107.49244,20.99144],[107.48902,20.97606],[107.49171,20.96491],[107.47429,20.94672],[107.45118,20.93],[107.42433,20.91535],[107.39503,20.90351],[107.39503,20.89728],[107.41212,20.89948],[107.45704,20.91031],[107.48146,20.91254],[107.49757,20.91633],[107.51173,20.92398]]],[[[114.24903,22.23253],[114.24529,22.24189],[114.25148,22.24889],[114.25148,22.25906],[114.24366,22.26459],[114.23585,22.27782],[114.22812,22.28091],[114.22177,22.27936],[114.21559,22.28563],[114.20639,22.28823],[114.19679,22.29186],[114.18816,22.28718],[114.17888,22.27936],[114.1657,22.27936],[114.15707,22.28168],[114.14991,22.28563],[114.13909,22.28872],[114.12908,22.28563],[114.12045,22.28168],[114.11565,22.27936],[114.11337,22.27782],[114.11256,22.27151],[114.11883,22.26919],[114.12355,22.26138],[114.12501,22.25674],[114.12908,22.24889],[114.136,22.24575],[114.15219,22.24502],[114.16098,22.24038],[114.16261,22.2333],[114.16489,22.22785],[114.16725,22.22785],[114.17115,22.2333],[114.18385,22.24103],[114.18271,22.23253],[114.19142,22.23098],[114.1937,22.22553],[114.18906,22.21922],[114.19606,22.21532],[114.19142,22.20995],[114.19606,22.20755],[114.20655,22.21239],[114.20932,22.20755],[114.20607,22.20523],[114.20769,22.18956],[114.21949,22.19188],[114.21559,22.19896],[114.21868,22.206],[114.21176,22.21613],[114.21868,22.22399],[114.22267,22.22476],[114.22267,22.23253],[114.21681,22.23432],[114.22267,22.23884],[114.2295,22.23359],[114.23268,22.22199],[114.23276,22.21149],[114.24049,22.20523],[114.24366,22.20128],[114.25611,22.2036],[114.24903,22.2224],[114.25375,22.22399],[114.24903,22.23253]]],[[[110.97731,19.64077],[110.99334,19.64301],[111.00913,19.64175],[111.02036,19.63597],[111.03468,19.64224],[111.01637,19.67805],[111.01051,19.68378],[110.99659,19.68659],[110.9944,19.69428],[111.00001,19.72167],[110.99684,19.74917],[110.98316,19.80777],[110.97706,19.86587],[110.93458,19.99506],[110.92066,20.01203],[110.90431,19.99917],[110.89633,20.00458],[110.89381,20.00438],[110.89308,20.00165],[110.89015,19.99917],[110.86988,19.99702],[110.78834,20.0104],[110.77467,20.02021],[110.75278,20.04751],[110.72446,20.06387],[110.71095,20.07518],[110.68507,20.15331],[110.67791,20.16356],[110.67075,20.15497],[110.65203,20.11701],[110.64015,20.10834],[110.60418,20.11083],[110.59311,20.10733],[110.56935,20.07978],[110.56617,20.06953],[110.57203,20.05752],[110.57228,20.05073],[110.57016,20.04027],[110.57081,20.03067],[110.57887,20.02643],[110.60092,20.02106],[110.60646,20.00764],[110.60914,19.98989],[110.62322,19.97183],[110.61785,19.96393],[110.61842,19.95722],[110.62135,19.95002],[110.62322,19.94074],[110.61988,19.93236],[110.61297,19.92573],[110.6058,19.92316],[110.60271,19.92715],[110.59864,19.944],[110.58033,19.97972],[110.57545,19.99917],[110.56414,19.98452],[110.55055,19.98847],[110.53566,19.99958],[110.52076,20.00658],[110.52076,20.01276],[110.5276,20.01276],[110.5276,20.02021],[110.49594,20.0235],[110.47023,20.03181],[110.43116,20.0506],[110.42457,20.04751],[110.38299,20.08104],[110.37648,20.07197],[110.37501,20.06363],[110.37672,20.04385],[110.37818,20.03986],[110.38331,20.01415],[110.38299,20.01276],[110.38649,20.0019],[110.39064,19.99307],[110.39715,19.98705],[110.40707,19.98485],[110.40943,19.98005],[110.41456,19.95799],[110.41774,19.95136],[110.41774,19.94392],[110.4109,19.94392],[110.4109,19.93769],[110.41334,19.93431],[110.4144,19.93207],[110.41774,19.92341],[110.4109,19.92341],[110.4065,19.93594],[110.40252,19.96434],[110.39723,19.97866],[110.37517,19.99677],[110.36817,20.0078],[110.37672,20.02021],[110.37672,20.02643],[110.36899,20.03864],[110.3589,20.04979],[110.34474,20.05805],[110.32496,20.06122],[110.31691,20.05736],[110.29518,20.03937],[110.28053,20.03327],[110.261,20.03315],[110.24513,20.03832],[110.2326,20.0445],[110.22218,20.04751],[110.20867,20.04951],[110.17115,20.06078],[110.15699,20.06737],[110.14967,20.05581],[110.13746,20.02436],[110.12973,20.01276],[110.11492,20.00194],[110.06821,19.98485],[110.10499,19.98298],[110.11549,19.98485],[110.1233,19.98969],[110.13885,20.00263],[110.14959,20.00658],[110.13689,19.99673],[110.12273,19.97431],[110.10987,19.96499],[110.10255,19.97394],[110.08961,19.97809],[110.07635,19.97915],[110.06821,19.97866],[110.0503,19.97407],[110.01368,19.95751],[110.01466,19.94086],[110.00123,19.93285],[109.9922,19.92536],[110.0062,19.91657],[110.0062,19.91035],[109.99008,19.90595],[109.97381,19.90892],[109.95997,19.91779],[109.95151,19.93085],[109.9756,19.93228],[109.97242,19.94819],[109.9572,19.96727],[109.94467,19.97866],[109.94223,19.9829],[109.94337,19.98745],[109.94264,19.99091],[109.93458,19.99234],[109.93133,19.99014],[109.92945,19.98615],[109.92661,19.98432],[109.92091,19.98859],[109.91481,19.99022],[109.89527,19.98517],[109.88331,19.98485],[109.88038,19.9676],[109.87037,19.95336],[109.85467,19.94135],[109.83546,19.93085],[109.83839,19.94326],[109.83855,19.95844],[109.83513,19.97333],[109.82797,19.98485],[109.81593,19.9912],[109.8117,19.98184],[109.81056,19.96552],[109.80763,19.95136],[109.76368,19.97435],[109.73756,19.97809],[109.7256,19.95751],[109.71811,19.95751],[109.72218,19.96613],[109.7256,19.97183],[109.7256,19.97866],[109.7199,19.9853],[109.72836,19.99787],[109.7256,20.00658],[109.719,20.01065],[109.7129,20.01008],[109.7046,20.00658],[109.6867,20.00788],[109.66814,20.0069],[109.65211,20.00218],[109.64259,19.99234],[109.63624,19.99234],[109.62631,19.99795],[109.61166,19.99787],[109.59571,19.99315],[109.58139,19.98481],[109.52703,19.95136],[109.52589,19.94038],[109.53094,19.93012],[109.53736,19.92447],[109.54078,19.92715],[109.54461,19.93334],[109.55226,19.92748],[109.55747,19.9173],[109.55445,19.91035],[109.5254,19.91185],[109.51564,19.90522],[109.52019,19.88247],[109.52931,19.87547],[109.58172,19.86197],[109.58172,19.8557],[109.56178,19.85741],[109.5451,19.85375],[109.53297,19.85261],[109.52703,19.86197],[109.5114,19.85505],[109.49399,19.85017],[109.4795,19.84418],[109.47242,19.83405],[109.46502,19.83405],[109.46266,19.84931],[109.45533,19.86494],[109.44361,19.87299],[109.4275,19.86538],[109.41261,19.8614],[109.39576,19.86953],[109.36883,19.88931],[109.3379,19.88988],[109.3213,19.89204],[109.31422,19.89985],[109.31137,19.9195],[109.30372,19.9217],[109.28004,19.9029],[109.27052,19.90009],[109.26157,19.90082],[109.25514,19.89834],[109.2527,19.88589],[109.25172,19.8747],[109.24871,19.86884],[109.23561,19.85883],[109.2295,19.85537],[109.22486,19.85554],[109.21949,19.85468],[109.21119,19.84829],[109.20737,19.84357],[109.20094,19.83259],[109.19752,19.82783],[109.18678,19.82001],[109.17555,19.81403],[109.16684,19.80549],[109.16334,19.79027],[109.16725,19.74274],[109.16334,19.7248],[109.17018,19.7248],[109.17482,19.73037],[109.18133,19.73599],[109.19752,19.74584],[109.21013,19.74974],[109.23561,19.76236],[109.261,19.77871],[109.2732,19.79365],[109.2815,19.79019],[109.28924,19.78791],[109.29737,19.78685],[109.30738,19.78685],[109.30047,19.77684],[109.29575,19.77464],[109.28679,19.77318],[109.28679,19.76569],[109.2942,19.76569],[109.2942,19.75951],[109.27467,19.75723],[109.28159,19.74433],[109.29819,19.72679],[109.30738,19.71113],[109.30047,19.71113],[109.28321,19.7248],[109.27272,19.7294],[109.25896,19.73163],[109.24399,19.72993],[109.21852,19.72297],[109.21119,19.7248],[109.20493,19.71857],[109.20582,19.69843],[109.19207,19.67845],[109.1565,19.64964],[109.13356,19.64338],[109.13258,19.64224],[109.12892,19.6402],[109.11842,19.63117],[109.10336,19.62629],[109.07887,19.61274],[109.06707,19.60871],[109.01588,19.60126],[109.00847,19.59707],[109.00221,19.58723],[108.99269,19.56778],[108.95655,19.53461],[108.94077,19.51411],[108.94483,19.49885],[108.94483,19.49201],[108.93735,19.49201],[108.92449,19.50625],[108.90333,19.49335],[108.8698,19.45791],[108.82748,19.44424],[108.81788,19.4392],[108.79819,19.42585],[108.79029,19.42316],[108.77068,19.39435],[108.76295,19.38898],[108.75221,19.38695],[108.72918,19.378],[108.71453,19.37592],[108.69435,19.38032],[108.68653,19.37788],[108.68344,19.36542],[108.67954,19.3581],[108.67254,19.35126],[108.66928,19.34374],[108.67726,19.33438],[108.67726,19.32758],[108.66684,19.32518],[108.6631,19.3205],[108.66456,19.31428],[108.66261,19.30972],[108.64967,19.31122],[108.64479,19.31037],[108.64731,19.30353],[108.64942,19.29963],[108.64112,19.29491],[108.63168,19.28628],[108.62696,19.27497],[108.63795,19.24897],[108.63071,19.23798],[108.62176,19.22809],[108.62208,19.21772],[108.63429,19.21255],[108.65008,19.2128],[108.66391,19.20962],[108.66993,19.19408],[108.67189,19.173],[108.67604,19.16218],[108.68344,19.15624],[108.68344,19.15005],[108.67897,19.15204],[108.6631,19.15624],[108.65691,19.1398],[108.6443,19.12417],[108.62908,19.11091],[108.61524,19.10163],[108.64259,19.01846],[108.64259,18.98281],[108.64601,18.97748],[108.6504,18.97358],[108.65358,18.96434],[108.65626,18.944],[108.65382,18.92105],[108.64723,18.90323],[108.62892,18.86823],[108.62387,18.84919],[108.62745,18.83588],[108.63697,18.8251],[108.64942,18.81363],[108.66814,18.78864],[108.68336,18.75617],[108.69361,18.71988],[108.69711,18.68329],[108.69093,18.60472],[108.68719,18.58784],[108.67945,18.57225],[108.67408,18.55484],[108.67726,18.53242],[108.68491,18.5152],[108.695,18.50483],[108.7107,18.49966],[108.75514,18.49698],[108.77556,18.49307],[108.79558,18.48656],[108.83107,18.4687],[108.86866,18.44383],[108.87599,18.43317],[108.88592,18.42666],[108.93735,18.40892],[108.95281,18.40229],[108.96095,18.39387],[108.96778,18.38447],[108.97901,18.37482],[108.9909,18.36872],[109.00074,18.36717],[109.09164,18.3686],[109.10157,18.36603],[109.11118,18.36127],[109.12208,18.35822],[109.136,18.36115],[109.12916,18.34748],[109.1395,18.34073],[109.14234,18.32868],[109.14389,18.31415],[109.14967,18.29971],[109.16261,18.28783],[109.17311,18.28815],[109.1906,18.29971],[109.21811,18.30565],[109.33351,18.30427],[109.43995,18.28897],[109.46274,18.27969],[109.48072,18.2648],[109.49293,18.24506],[109.50017,18.25951],[109.50652,18.25275],[109.51026,18.23859],[109.50961,18.23078],[109.49269,18.22809],[109.48471,18.2215],[109.47804,18.2128],[109.46502,18.20409],[109.47869,18.19269],[109.51075,18.21361],[109.53395,18.21035],[109.52955,18.22769],[109.53883,18.23676],[109.55226,18.24478],[109.56121,18.25873],[109.56658,18.24885],[109.56625,18.24299],[109.56332,18.23802],[109.56121,18.23078],[109.55909,18.23054],[109.55445,18.22883],[109.54965,18.22553],[109.54762,18.22085],[109.54859,18.21768],[109.55323,18.21768],[109.55445,18.21406],[109.55649,18.20921],[109.56121,18.2058],[109.56577,18.20136],[109.56804,18.19318],[109.56251,18.17699],[109.56121,18.16934],[109.56804,18.16934],[109.57602,18.17748],[109.58766,18.18159],[109.60133,18.18122],[109.61573,18.17617],[109.61305,18.18305],[109.60353,18.1988],[109.60206,18.20409],[109.60613,18.20889],[109.61915,18.21727],[109.62192,18.22085],[109.62908,18.22736],[109.66375,18.23762],[109.67726,18.24506],[109.68434,18.22114],[109.69068,18.20917],[109.70118,18.20409],[109.70875,18.20722],[109.719,18.21483],[109.72804,18.22468],[109.73178,18.2342],[109.73854,18.24323],[109.74147,18.2508],[109.73927,18.25873],[109.73455,18.26],[109.71778,18.25845],[109.71192,18.25873],[109.69402,18.26716],[109.68621,18.26765],[109.67042,18.26557],[109.67042,18.27302],[109.69679,18.28986],[109.7046,18.29222],[109.7116,18.28799],[109.71339,18.27985],[109.71778,18.2731],[109.73178,18.27302],[109.72657,18.30378],[109.75001,18.3736],[109.7461,18.3959],[109.75904,18.40038],[109.77622,18.40404],[109.79566,18.40518],[109.81446,18.40209],[109.81959,18.39777],[109.82154,18.39167],[109.82521,18.38589],[109.83546,18.38227],[109.88209,18.40754],[109.89829,18.41425],[109.91538,18.41682],[109.94874,18.41523],[109.95411,18.41425],[109.95802,18.41437],[109.96518,18.41633],[109.97364,18.42308],[109.97739,18.43146],[109.98194,18.43549],[109.99252,18.42939],[109.99285,18.43277],[109.99236,18.43964],[109.99252,18.44306],[110.00318,18.43358],[110.0062,18.42939],[110.00929,18.4348],[110.01734,18.44497],[110.02052,18.45051],[110.02394,18.44123],[110.02345,18.42939],[110.01987,18.41767],[110.01368,18.40892],[110.00034,18.40302],[109.98707,18.404],[109.97592,18.40664],[109.9686,18.4055],[109.9686,18.38984],[109.99513,18.38231],[110.02622,18.3806],[110.04029,18.38227],[110.05258,18.3902],[110.05112,18.39964],[110.04444,18.41136],[110.04029,18.42597],[110.04461,18.44013],[110.05323,18.44062],[110.06072,18.42959],[110.06137,18.40892],[110.06821,18.40892],[110.06983,18.42699],[110.08131,18.46454],[110.08253,18.47777],[110.07407,18.48908],[110.04615,18.49592],[110.03419,18.50576],[110.03419,18.51195],[110.07065,18.50202],[110.08815,18.50434],[110.10328,18.53937],[110.1211,18.55581],[110.15699,18.5808],[110.22722,18.64216],[110.27084,18.66816],[110.30104,18.66279],[110.30787,18.66279],[110.32732,18.67935],[110.38014,18.6905],[110.39723,18.70376],[110.40349,18.70376],[110.4109,18.6975],[110.4109,18.69013],[110.36866,18.68594],[110.34539,18.68085],[110.33522,18.67333],[110.34449,18.66462],[110.38868,18.67503],[110.40349,18.66279],[110.41603,18.67056],[110.42677,18.68089],[110.431,18.69245],[110.42457,18.70376],[110.45037,18.75654],[110.469,18.77717],[110.48658,18.77204],[110.49285,18.77204],[110.49855,18.78164],[110.50717,18.78351],[110.51905,18.78311],[110.53443,18.78563],[110.51002,18.8686],[110.50343,18.8819],[110.49366,18.87604],[110.49342,18.86262],[110.49969,18.83755],[110.50245,18.81122],[110.50082,18.80292],[110.49285,18.79312],[110.4808,18.80097],[110.46502,18.80451],[110.45094,18.805],[110.44508,18.80366],[110.44191,18.80825],[110.4358,18.81415],[110.43149,18.82148],[110.43458,18.83039],[110.44109,18.83649],[110.45436,18.84447],[110.45875,18.84833],[110.46127,18.85602],[110.46315,18.87515],[110.46559,18.8819],[110.47047,18.88426],[110.47771,18.88524],[110.4839,18.88719],[110.48658,18.89248],[110.4909,18.89566],[110.50001,18.89574],[110.50913,18.89777],[110.51336,18.9064],[110.51238,18.91352],[110.50807,18.92219],[110.50709,18.93032],[110.50994,18.96434],[110.51808,18.99348],[110.53077,19.01838],[110.54754,19.04019],[110.56324,19.05565],[110.56723,19.06558],[110.57,19.1009],[110.58229,19.15005],[110.57545,19.15005],[110.56235,19.10236],[110.55494,19.08735],[110.55681,19.12002],[110.55494,19.12832],[110.54623,19.13988],[110.54151,19.13862],[110.53566,19.13223],[110.52418,19.12832],[110.50733,19.13223],[110.49757,19.14155],[110.48976,19.15298],[110.47918,19.16307],[110.47918,19.16926],[110.49049,19.16657],[110.49692,19.1599],[110.50221,19.15314],[110.5101,19.15005],[110.54444,19.15005],[110.54908,19.15176],[110.56861,19.16307],[110.57586,19.15705],[110.58033,19.15518],[110.58904,19.1767],[110.60629,19.19986],[110.62159,19.23066],[110.63266,19.26447],[110.63673,19.29654],[110.64137,19.31245],[110.66603,19.31977],[110.67791,19.33438],[110.67604,19.34675],[110.67066,19.36506],[110.66969,19.38174],[110.68149,19.38898],[110.6858,19.39305],[110.695,19.41181],[110.69825,19.41694],[110.70623,19.41828],[110.72438,19.41596],[110.73243,19.41694],[110.74513,19.42267],[110.75758,19.43089],[110.7645,19.44082],[110.76026,19.45165],[110.76026,19.45791],[110.77231,19.46166],[110.78549,19.47191],[110.79623,19.48461],[110.80063,19.49543],[110.8025,19.5174],[110.80738,19.53059],[110.82179,19.5541],[110.813,19.56338],[110.80356,19.58918],[110.79444,19.60126],[110.80633,19.61274],[110.82643,19.62177],[110.84767,19.62246],[110.86264,19.60871],[110.84116,19.60798],[110.82569,19.60326],[110.81853,19.59105],[110.82179,19.56778],[110.82984,19.55207],[110.84278,19.53994],[110.85865,19.53482],[110.87648,19.53978],[110.88771,19.5506],[110.91358,19.58369],[110.96583,19.63597],[110.97731,19.64077]]],[[[107.73959,20.12413],[107.74228,20.12747],[107.74497,20.13378],[107.74562,20.13972],[107.73984,20.13862],[107.73194,20.1339],[107.72755,20.12901],[107.73048,20.126],[107.73577,20.12438],[107.73959,20.12413]]],[[[107.45265,20.71446],[107.46632,20.7204],[107.47389,20.73005],[107.47438,20.73469],[107.47112,20.7377],[107.46795,20.73253],[107.46339,20.72944],[107.46339,20.72626],[107.45265,20.71446]]],[[[107.13722,20.73827],[107.14226,20.73823],[107.14682,20.74059],[107.14633,20.74311],[107.14519,20.74592],[107.14584,20.7519],[107.14747,20.76293],[107.14405,20.76565],[107.13852,20.76146],[107.1351,20.75544],[107.13152,20.75153],[107.12989,20.74832],[107.1325,20.74323],[107.13722,20.73827]]],[[[107.47584,20.76211],[107.48186,20.7556],[107.49114,20.76272],[107.4948,20.77676],[107.49171,20.7742],[107.48235,20.76944],[107.48089,20.76581],[107.47584,20.76211]]],[[[107.11874,20.78807],[107.11988,20.78327],[107.12639,20.76919],[107.129,20.76854],[107.1338,20.77253],[107.13323,20.77497],[107.13233,20.77656],[107.13518,20.77981],[107.1338,20.7816],[107.13404,20.78286],[107.13828,20.78408],[107.13901,20.78587],[107.13771,20.7923],[107.13356,20.79593],[107.13152,20.79658],[107.13136,20.80207],[107.129,20.80508],[107.12696,20.80333],[107.1255,20.80101],[107.12289,20.80333],[107.11883,20.80557],[107.11655,20.80431],[107.1172,20.80077],[107.11907,20.79772],[107.11972,20.79369],[107.11874,20.78807]]],[[[107.4039,20.77794],[107.40577,20.77513],[107.40911,20.77289],[107.41196,20.7685],[107.41391,20.7683],[107.41676,20.77314],[107.41928,20.77725],[107.42091,20.78364],[107.41757,20.79662],[107.41082,20.80602],[107.40561,20.80345],[107.40227,20.79617],[107.40195,20.78889],[107.4039,20.77794]]],[[[106.78671,20.80732],[106.79493,20.80602],[106.80706,20.80797],[106.81495,20.81428],[106.81243,20.81851],[106.80787,20.81761],[106.80047,20.81725],[106.78753,20.82396],[106.76612,20.84606],[106.76149,20.8417],[106.76238,20.83181],[106.7658,20.82498],[106.78028,20.81127],[106.78671,20.80732]]],[[[107.2859,20.83548],[107.28761,20.8391],[107.29444,20.83893],[107.29941,20.84406],[107.29412,20.84622],[107.28989,20.84776],[107.28948,20.85253],[107.28989,20.85468],[107.28671,20.85533],[107.28256,20.85045],[107.28517,20.84654],[107.27866,20.84341],[107.27198,20.84186],[107.27117,20.83942],[107.27556,20.83942],[107.27988,20.84158],[107.27825,20.83983],[107.27792,20.83723],[107.27483,20.83649],[107.27231,20.83259],[107.27337,20.83165],[107.27833,20.83373],[107.2859,20.83548]]],[[[107.09335,20.83605],[107.09767,20.83804],[107.1067,20.82746],[107.11264,20.82701],[107.11321,20.83088],[107.10784,20.83588],[107.10564,20.84125],[107.10222,20.84532],[107.10182,20.84809],[107.10344,20.85301],[107.1019,20.85651],[107.09816,20.85533],[107.09523,20.85318],[107.09254,20.85021],[107.09042,20.84658],[107.08766,20.8452],[107.08579,20.84247],[107.08701,20.83832],[107.09018,20.83572],[107.09335,20.83605]]],[[[106.88152,20.84715],[106.89706,20.84032],[106.89796,20.84064],[106.89584,20.84601],[106.89706,20.84776],[106.90276,20.84748],[106.9013,20.85407],[106.9004,20.86433],[106.89177,20.87311],[106.89259,20.86595],[106.89316,20.86339],[106.88909,20.86514],[106.88917,20.86152],[106.88901,20.85871],[106.88592,20.85655],[106.88779,20.85448],[106.88803,20.85314],[106.88136,20.85293],[106.88152,20.84715]]],[[[106.74773,20.86152],[106.74903,20.86233],[106.74887,20.85904],[106.75384,20.85086],[106.76498,20.84776],[106.76596,20.84776],[106.7614,20.85749],[106.75327,20.87128],[106.747,20.87401],[106.74114,20.87515],[106.73292,20.88178],[106.72828,20.87682],[106.72552,20.87478],[106.72519,20.87267],[106.72771,20.87279],[106.72771,20.86905],[106.73129,20.8666],[106.73471,20.86575],[106.73707,20.86327],[106.74236,20.86164],[106.74773,20.86152]]],[[[107.18881,20.87971],[107.20037,20.87096],[107.20297,20.87067],[107.2059,20.86856],[107.20769,20.8651],[107.21005,20.86514],[107.21209,20.87161],[107.21005,20.87572],[107.19988,20.8826],[107.19549,20.88406],[107.19068,20.88219],[107.18881,20.87971]]],[[[107.30038,20.89521],[107.30877,20.88394],[107.31593,20.87743],[107.32439,20.87031],[107.3143,20.88951],[107.30291,20.90038],[107.29575,20.90672],[107.29371,20.90502],[107.30038,20.89521]]],[[[107.31137,20.90538],[107.31479,20.89252],[107.32431,20.88207],[107.32635,20.88085],[107.32309,20.89208],[107.31959,20.90347],[107.31528,20.91136],[107.31186,20.90884],[107.30974,20.90522],[107.31137,20.90538]]],[[[106.99228,20.91759],[106.99472,20.92377],[106.99724,20.92923],[106.99724,20.93692],[106.99106,20.93692],[106.97722,20.93138],[106.98203,20.92292],[106.98544,20.92097],[106.98976,20.91791],[106.99106,20.91698],[106.99228,20.91759]]],[[[106.93686,20.95205],[106.93222,20.93903],[106.94866,20.93191],[106.95509,20.93924],[106.93686,20.95205]]],[[[107.33416,20.94302],[107.32602,20.94042],[107.31609,20.93993],[107.31804,20.93439],[107.32659,20.9291],[107.34962,20.92434],[107.35475,20.92479],[107.36679,20.92931],[107.38705,20.9477],[107.39007,20.95653],[107.39031,20.95938],[107.38787,20.96105],[107.38469,20.95881],[107.38266,20.95336],[107.38079,20.9527],[107.38014,20.95628],[107.37631,20.95563],[107.36451,20.94306],[107.35597,20.9418],[107.35149,20.94001],[107.34791,20.93431],[107.34702,20.93598],[107.33945,20.94347],[107.33416,20.94302]]],[[[107.42595,20.94595],[107.42335,20.94237],[107.42058,20.93199],[107.41391,20.92239],[107.4061,20.91812],[107.37322,20.90913],[107.35076,20.90473],[107.35328,20.90143],[107.38185,20.9031],[107.42042,20.91743],[107.42872,20.92544],[107.43336,20.92825],[107.44475,20.94131],[107.45427,20.96003],[107.44809,20.96414],[107.4393,20.95763],[107.43279,20.9503],[107.42595,20.94595]]],[[[107.02996,20.94807],[107.03834,20.94754],[107.05274,20.9525],[107.06219,20.95812],[107.06162,20.96186],[107.0582,20.96605],[107.0512,20.97659],[107.04379,20.97826],[107.03867,20.97651],[107.03704,20.97455],[107.03126,20.97435],[107.01938,20.95421],[107.02288,20.95043],[107.02996,20.94807]]],[[[106.68564,20.97419],[106.69329,20.96068],[106.70232,20.95494],[106.71339,20.95254],[106.72779,20.95344],[106.73854,20.95034],[106.7601,20.94701],[106.76466,20.9527],[106.76564,20.95962],[106.76531,20.96406],[106.76376,20.96894],[106.75953,20.97077],[106.7575,20.97297],[106.75896,20.97313],[106.76385,20.97268],[106.76279,20.97907],[106.75359,20.98892],[106.74448,20.99514],[106.73927,20.99624],[106.73308,20.99299],[106.72828,20.98721],[106.72812,20.98066],[106.73308,20.9724],[106.72698,20.96865],[106.70989,20.97285],[106.70257,20.97655],[106.69882,20.98163],[106.69256,20.98526],[106.68686,20.98188],[106.68564,20.97419]]],[[[107.50611,21.04849],[107.49692,21.03905],[107.50025,21.03758],[107.50725,21.03909],[107.51328,21.04377],[107.518,21.04523],[107.53476,21.05211],[107.5359,21.05691],[107.55112,21.0681],[107.56162,21.07307],[107.56243,21.07949],[107.56642,21.08242],[107.57268,21.08413],[107.58115,21.10232],[107.58229,21.11058],[107.5818,21.11758],[107.57643,21.11738],[107.56731,21.11192],[107.56357,21.1118],[107.56121,21.11376],[107.55771,21.11546],[107.55315,21.11376],[107.54607,21.09984],[107.54086,21.0954],[107.53793,21.09081],[107.53712,21.0878],[107.53216,21.08364],[107.5302,21.081],[107.53061,21.07685],[107.53875,21.07164],[107.53777,21.06855],[107.535,21.06611],[107.5337,21.0666],[107.53338,21.06973],[107.5302,21.07071],[107.52182,21.05899],[107.51466,21.05296],[107.50611,21.04849]]],[[[107.56349,21.11762],[107.56593,21.11685],[107.58172,21.1293],[107.58351,21.13748],[107.577,21.13577],[107.5713,21.13467],[107.56707,21.13496],[107.56349,21.13166],[107.56031,21.12743],[107.55917,21.12291],[107.56349,21.11762]]],[[[107.6583,21.13943],[107.66383,21.14521],[107.68019,21.20714],[107.67945,21.21092],[107.67408,21.206],[107.66977,21.1975],[107.65756,21.14806],[107.6583,21.13943]]],[[[107.97332,21.22781],[107.97967,21.22944],[107.9826,21.2355],[107.98097,21.24221],[107.97495,21.24494],[107.96884,21.24433],[107.9546,21.23957],[107.95362,21.23363],[107.96184,21.22887],[107.97332,21.22781]]],[[[107.59946,21.23778],[107.61118,21.23298],[107.61524,21.23298],[107.63852,21.24917],[107.6395,21.25259],[107.6386,21.2558],[107.63803,21.25861],[107.60393,21.24246],[107.59946,21.23778]]],[[[107.5879,21.2615],[107.58334,21.26789],[107.57276,21.27318],[107.55747,21.2722],[107.54412,21.26561],[107.54208,21.25902],[107.54802,21.25646],[107.55535,21.25735],[107.56105,21.25218],[107.56682,21.25515],[107.5796,21.25642],[107.58489,21.25857],[107.5879,21.2615]]],[[[107.53964,21.28384],[107.53313,21.28539],[107.53053,21.28132],[107.52524,21.27473],[107.5324,21.26398],[107.53989,21.26655],[107.54672,21.27143],[107.55388,21.27554],[107.55706,21.28156],[107.54965,21.28103],[107.5464,21.28132],[107.53964,21.28384]]],[[[107.77263,21.28941],[107.78085,21.29125],[107.79355,21.29125],[107.79697,21.29304],[107.79103,21.29613],[107.78142,21.29507],[107.77581,21.29434],[107.77117,21.29418],[107.75937,21.29084],[107.75408,21.28372],[107.75733,21.28132],[107.75986,21.28132],[107.77263,21.28941]]],[[[107.67644,21.2875],[107.65984,21.26822],[107.66025,21.26683],[107.69988,21.29177],[107.70053,21.29674],[107.69475,21.2969],[107.67644,21.2875]]],[[[108.12884,21.5187],[108.17701,21.53006],[108.18271,21.53498],[108.18181,21.54149],[108.17278,21.54617],[108.16,21.54418],[108.14226,21.52928],[108.12957,21.52371],[108.12656,21.52041],[108.12884,21.5187]]],[[[108.5774,21.77114],[108.57423,21.7753],[108.57089,21.77753],[108.56552,21.77383],[108.56951,21.76948],[108.56967,21.76577],[108.5726,21.75943],[108.57635,21.7591],[108.5774,21.76321],[108.5774,21.77114]]],[[[113.18002,21.85033],[113.188,21.85663],[113.19093,21.86335],[113.18767,21.86905],[113.18157,21.86685],[113.17587,21.86213],[113.16717,21.86449],[113.16066,21.87043],[113.15594,21.87275],[113.15105,21.86896],[113.14633,21.86245],[113.13567,21.86498],[113.1312,21.85037],[113.14869,21.8426],[113.16554,21.85334],[113.17327,21.84915],[113.18002,21.85033]]],[[[113.02052,21.85484],[113.03452,21.85529],[113.03883,21.86563],[113.03533,21.87844],[113.02467,21.88085],[113.01092,21.87621],[113.00375,21.86953],[113.01246,21.85261],[113.01734,21.84951],[113.02052,21.85484]]],[[[113.18816,21.95999],[113.19614,21.96719],[113.20021,21.97533],[113.19825,21.98005],[113.20159,21.98876],[113.22332,22.00056],[113.23178,22.00296],[113.23764,22.00247],[113.24903,22.00475],[113.24871,22.00812],[113.24635,22.01329],[113.24212,22.01817],[113.23951,22.0233],[113.2492,22.03384],[113.24912,22.03836],[113.24399,22.03929],[113.23951,22.03807],[113.20004,22.03844],[113.19239,22.03376],[113.18002,21.97077],[113.18035,21.96442],[113.18279,21.96048],[113.18816,21.95999]]],[[[113.90333,22.15843],[113.91057,22.15843],[113.91057,22.16616],[113.89959,22.16303],[113.89715,22.15843],[113.90333,22.15843]]],[[[114.26946,22.17166],[114.26637,22.1787],[114.25611,22.17166],[114.25066,22.16234],[114.25611,22.15457],[114.26409,22.16234],[114.26946,22.16458],[114.26946,22.17166]]],[[[113.91057,22.17638],[113.91057,22.1787],[113.90333,22.18651],[113.90333,22.1787],[113.91057,22.17638]]],[[[114.25375,22.18651],[114.24838,22.18496],[114.24285,22.18496],[114.24285,22.18419],[114.24285,22.17556],[114.24903,22.17715],[114.25148,22.17715],[114.25611,22.18187],[114.25375,22.18651]]],[[[113.98764,22.19896],[113.98373,22.19896],[113.97755,22.19343],[113.98447,22.18806],[113.98911,22.18651],[113.99073,22.19188],[113.98764,22.19896]]],[[[114.0158,22.19188],[114.02678,22.19896],[114.03142,22.19587],[114.03452,22.20523],[114.02678,22.20523],[114.02215,22.20677],[114.02215,22.20283],[114.01498,22.19819],[114.0158,22.19188]]],[[[114.15634,22.23884],[114.14218,22.24189],[114.14218,22.2412],[114.14446,22.23648],[114.15219,22.23098],[114.15634,22.23176],[114.15634,22.23884]]],[[[114.28517,22.23802],[114.28826,22.23253],[114.29518,22.23725],[114.29851,22.24266],[114.29599,22.24811],[114.29599,22.25442],[114.28289,22.24889],[114.28289,22.24974],[114.28134,22.23884],[114.28517,22.23802]]],[[[114.04225,22.25597],[114.02369,22.25597],[114.02052,22.25519],[114.03142,22.24974],[114.03834,22.2412],[114.04298,22.2412],[114.04225,22.25597]]],[[[114.04786,22.25674],[114.05177,22.26138],[114.05022,22.26215],[114.04534,22.26215],[114.04298,22.25674],[114.04786,22.25674]]],[[[114.34669,22.25906],[114.34995,22.26459],[114.34669,22.26919],[114.34441,22.26305],[114.34669,22.25906]]],[[[114.26564,22.27936],[114.26482,22.26996],[114.27255,22.27619],[114.26564,22.27936]]],[[[114.0735,22.28014],[114.07439,22.28408],[114.07195,22.28563],[114.06967,22.28563],[114.06967,22.28014],[114.0735,22.28014]]],[[[114.03452,22.28872],[114.03452,22.27936],[114.04298,22.28168],[114.04298,22.28563],[114.03834,22.28563],[114.0407,22.29108],[114.03525,22.28872],[114.03452,22.28872]]],[[[114.37021,22.30516],[114.37021,22.31135],[114.3663,22.31843],[114.36394,22.31289],[114.36866,22.30516],[114.37021,22.30516]]],[[[114.13673,22.31367],[114.14137,22.31057],[114.14682,22.31367],[114.14536,22.3168],[114.14137,22.31599],[114.13437,22.31993],[114.12908,22.31599],[114.12981,22.31521],[114.13673,22.31367]]],[[[113.92994,22.29271],[113.93149,22.29271],[113.93377,22.3004],[113.93613,22.3098],[113.93946,22.31289],[113.94256,22.32225],[113.93613,22.31843],[113.93303,22.32225],[113.92994,22.31599],[113.92368,22.31367],[113.92368,22.31289],[113.92368,22.31135],[113.92994,22.30117],[113.92994,22.29271]]],[[[114.34669,22.3098],[114.35231,22.31289],[114.35605,22.32225],[114.35304,22.32225],[114.34669,22.3098]]],[[[114.33123,22.32612],[114.32887,22.33714],[114.3235,22.33946],[114.31634,22.33633],[114.31951,22.3238],[114.33123,22.32612]]],[[[114.06267,22.34577],[114.06577,22.34882],[114.05795,22.35191],[114.05486,22.34728],[114.05641,22.33946],[114.06178,22.33946],[114.06267,22.34577]]],[[[114.0853,22.35899],[114.07911,22.35578],[114.07911,22.34964],[114.08684,22.33946],[114.08904,22.32225],[114.10483,22.32612],[114.10873,22.34024],[114.10564,22.34728],[114.10255,22.35346],[114.09376,22.35578],[114.0853,22.35899]]],[[[114.29282,22.37141],[114.28899,22.36909],[114.28899,22.36522],[114.28972,22.35346],[114.29599,22.34882],[114.29599,22.36209],[114.29282,22.37141]]],[[[114.31088,22.37613],[114.30315,22.36522],[114.3047,22.35899],[114.30543,22.34577],[114.30779,22.34256],[114.32887,22.34256],[114.32887,22.35037],[114.31951,22.35899],[114.31634,22.37613],[114.31088,22.37613]]],[[[113.87607,22.3839],[113.87989,22.36986],[113.88396,22.37922],[113.87607,22.3839]]],[[[114.36541,22.47443],[114.36313,22.48611],[114.35833,22.48688],[114.35304,22.48066],[114.35914,22.46581],[114.36541,22.47443]]],[[[114.30315,22.51427],[114.29851,22.51586],[114.29363,22.5128],[114.30006,22.50642],[114.31243,22.5128],[114.31707,22.51817],[114.30852,22.52603],[114.30315,22.51427]]],[[[114.42791,22.54861],[114.42563,22.5517],[114.42254,22.54389],[114.43336,22.54389],[114.42791,22.54861]]],[[[114.29851,22.54784],[114.30388,22.54784],[114.31634,22.55174],[114.30852,22.55406],[114.2977,22.5502],[114.28899,22.55638],[114.28598,22.54706],[114.28899,22.5408],[114.30079,22.53526],[114.29518,22.54784],[114.29851,22.54784]]],[[[116.9371,23.56635],[116.92498,23.5607],[116.91887,23.555],[116.91953,23.54849],[116.92376,23.54344],[116.92945,23.53954],[116.94256,23.54357],[116.95248,23.54377],[116.95826,23.54735],[116.96079,23.55471],[116.96062,23.57412],[116.96892,23.58576],[116.9712,23.59418],[116.9708,23.59984],[116.96697,23.60082],[116.95371,23.59573],[116.94899,23.59105],[116.94606,23.58202],[116.94597,23.57449],[116.9371,23.56635]]]]}},{"type":"Feature","properties":{"id":"later-shu-943","dynastyId":"later-shu","name":"后蜀","validFromYear":943,"validToYearExclusive":944,"boundaryKind":"controlled","accuracyLevel":"reconstructed","verificationStatus":"reviewed","sourceRefs":["atlas-1935-936-946","user-943-crosscheck","natural-earth-land-10m"],"disputedNote":null,"labelLongitude":103.7,"labelLatitude":30.9},"geometry":{"type":"MultiPolygon","coordinates":[[[[98.5,32.5],[97.5,29.5],[99.0,27.8],[101.5,27.0],[104.0,27.2],[106.8,28.0],[108.35,29.55],[109.8,31.5],[110.65,32.72],[109.0,33.28],[107.0,32.98],[105.7,32.65],[103.9,33.3],[104.4,35.0],[101.0,34.5],[98.5,32.5]]]]}},{"type":"Feature","properties":{"id":"jingnan-943","dynastyId":"jingnan","name":"荆南","validFromYear":943,"validToYearExclusive":944,"boundaryKind":"controlled","accuracyLevel":"reconstructed","verificationStatus":"reviewed","sourceRefs":["atlas-1935-936-946","user-943-crosscheck","natural-earth-land-10m"],"disputedNote":null,"labelLongitude":111.65,"labelLatitude":30.35},"geometry":{"type":"MultiPolygon","coordinates":[[[[110.9,30.0],[111.15,29.65],[111.8,29.65],[112.2,30.1],[112.1,30.8],[111.55,31.0],[110.95,30.6],[110.9,30.0]]]]}}]}
