{"type":"FeatureCollection","features":[{"type":"Feature","geometry":{"type":"MultiPolygon","coordinates":[[[[125.122081,34.083808],[125.136404,34.059272],[125.13738,34.051337],[125.134288,34.046861],[125.129893,34.047553],[125.127696,34.04857],[125.122813,34.051174],[125.103282,34.066067],[125.092133,34.071763],[125.089692,34.079535],[125.094574,34.090074],[125.102224,34.095933],[125.113292,34.092841],[125.122081,34.083808]]],[[[111.24709636851868,31.25668509591698],[111.04422979016138,31.302749654283065],[110.84121762517249,31.348385634913868],[110.64499219046924,31.478710978153348],[110.4482464308189,31.608626177473308],[110.2509798555601,31.738130987207562],[110.05319198806977,31.867225151854853],[109.87746033557404,31.98872550638362],[109.70128820108219,32.109901949587886],[109.52467502437953,32.23075430932442],[109.30790217064516,32.31147994610038],[109.09080398712526,32.39172527327033],[108.87338223875665,32.47148998417605],[108.82883680597922,32.65284232040429],[108.78409747001943,32.83415926693609],[108.73916290586851,33.01544228143297],[108.70333799571057,33.19605692182062],[108.66735375709182,33.37664778874951],[108.63120909161306,33.55721637691228],[108.47723112752072,33.65296430557908],[108.32294441866156,33.74847676950296],[108.16834879343125,33.84375360114948],[107.96769472319855,33.781350366096405],[107.76739953154055,33.71854171323742],[107.56746456388097,33.655328487170934],[107.36789114697937,33.591711532415104],[107.18174427596199,33.61598779478518],[106.99555060839302,33.63991970060108],[106.80931183995362,33.66350732333591],[106.6361318546143,33.52954431322902],[106.46353863468977,33.39526740863368],[106.29153061448173,33.2606770870911],[106.13656700916374,33.36705890565588],[105.98125521380484,33.47320336698866],[105.82559477126374,33.579110325587266],[105.6385390850526,33.55787567243435],[105.45163849703577,33.53629033310961],[105.26489466086605,33.51435476359381],[105.29563159591761,33.65560759142819],[105.32302133766828,33.78107364035873],[105.32646383941025,33.7968429417247],[105.35739190355764,33.9380615448559],[105.30444864853581,34.099966569582804],[105.2512956732022,34.261843691560045],[105.19793168695358,34.42369394574476],[105.14435538881588,34.585518371552155],[105.24128427295156,34.724579059291635],[105.33854348181525,34.86354055016036],[105.43613454305634,35.00240324836517],[105.64956384617619,35.005285972557544],[105.86308539533313,35.00772410124312],[106.07669657076715,35.00971720480231],[106.29039474712027,35.011264860307826],[106.19944067121367,35.143278082576934],[106.10820519889062,35.27521805283339],[106.01668704885233,35.40708515857425],[106.26845120605418,35.44983020756395],[106.52057934122986,35.49195579775296],[106.77306768496494,35.53346063300043],[107.02591243565288,35.57434342594849],[107.08098859372816,35.74949639009056],[107.10105793193804,35.81305121814986],[107.13629089981126,35.92462566030555],[107.19182088121255,36.09973266662473],[107.10297623757566,36.2823063400872],[107.01373604827313,36.46482560022258],[106.92409758478563,36.647291867028315],[106.99814200527734,36.80028469892615],[107.07246396245775,36.95323529582053],[107.14706504772077,37.10614451649641],[106.95814845985463,37.21394124474078],[106.76878369250271,37.321416600932345],[106.57897055378172,37.42857016620113],[106.38870886413444,37.53540151581586],[106.19799845645736,37.64191021920954],[106.16412270096792,37.82143655662724],[106.13008309563605,38.00098445774216],[106.09587844597391,38.18055568672075],[106.27749145199826,38.3066018630059],[106.4597255339035,38.43234823519436],[106.64258220328323,38.55779407744588],[106.82606296221019,38.6829386527983],[106.89366631665615,38.886583270253496],[106.96160776464826,39.090232950699004],[107.02989006893635,39.29389024837259],[107.15025625806895,39.11657336417079],[107.27009362777144,38.93917419288326],[107.38940562513345,38.761691571997694],[107.50819567015431,38.584124342104104],[107.77183072821397,38.48397775117012],[108.03490830854001,38.38320829758517],[108.29742594281764,38.28181696316692],[108.50304070268564,38.233332735237056],[108.70847056495754,38.18446043250582],[108.91371359955433,38.135200283361776],[109.16592867626535,38.19649657118602],[109.41862231807434,38.25719903837765],[109.67179133354018,38.31730613541938],[109.87858328577985,38.416102994380786],[110.08594455498475,38.51450846102629],[110.29387501073889,38.61252138493394],[110.38997130194748,38.805036055822015],[110.48653368117743,38.997509050874044],[110.50677262842018,39.037646812886734],[110.58356561862615,39.18994222272996],[110.79635672678685,39.28507723410642],[111.0097194979591,39.37980565562556],[111.22365354858263,39.47412624739575],[111.4381584682048,39.56803776265059],[111.66759730496616,39.52582899509201],[111.8968632607436,39.483141697821075],[112.12595341786115,39.43997610833258],[112.21053305715441,39.28128455799357],[112.29477942241812,39.122563683015294],[112.37869454340827,38.96381245096945],[112.33259141047162,38.817840855959346],[112.28665350383861,38.671876726825424],[112.24087985672972,38.525919124174145],[112.49324585050357,38.53680160134905],[112.74576580130835,38.547091513036754],[112.99843543322456,38.55678817464315],[113.17839391118419,38.63103578266005],[113.35872669310434,38.70498918231796],[113.53943334046726,38.77864766798588],[113.61321502393471,38.79242591383505],[113.75686313857163,38.81925125782588],[113.97457379941137,38.85941898628092],[114.19256301026383,38.899150040194904],[114.37466111065184,38.97142850916582],[114.55712900194845,39.04340825826833],[114.73996615787023,39.11508857138431],[114.94493562896159,39.1227414749504],[115.14999632427498,39.13000671509167],[115.35014008202559,39.06518636706077],[115.55000868684752,38.999999515829096],[115.65013628418005,38.8900382313158],[115.75000086413877,38.77999758026499],[115.76502391288383,38.649995063856636],[115.77999656959956,38.520010621104134],[115.79000588543664,38.40999513389894],[115.7999864998667,38.2999922834593],[116.02507503288088,38.260233804520546],[116.25000370338215,38.22000120949908],[116.40495514440916,38.23511662958363],[116.55999296354858,38.250008092739755],[116.65489677549718,38.33503769276212],[116.75000977229493,38.41999336186275],[116.77496515930048,38.559989529091595],[116.79613829549575,38.678378991441214],[116.80000581735246,38.70000421639692],[116.91480997319705,38.83504946757259],[117.03001337473184,38.97000010032832],[117.17996058081367,38.985108387665996],[117.32999004437377,39.00000946801633],[117.44022103843301,38.83004140413995],[117.54999969042368,38.6599913919106],[117.55295431522737,38.64344938734755],[117.552953,38.643447],[117.543549,38.621324],[117.55791523653305,38.61567476676871],[117.57955983323676,38.4944935538478],[117.60899833692196,38.3290177319008],[117.63831601692706,38.16356249948792],[117.8483973820701,38.20433380870196],[117.95094675182811,38.2240119655623],[117.963346,38.210694],[117.977544,38.194837],[117.988995,38.198566],[118.007197,38.19701],[118.038225,38.180718],[118.053727,38.173253],[118.057785,38.161079],[118.052408,38.153659],[118.065214,38.143082],[118.081798,38.140692],[118.084809,38.138739],[118.095795,38.14232],[118.107677,38.148586],[118.119233,38.152289],[118.146088,38.142483],[118.215831,38.144965],[118.312022,38.127875],[118.424005,38.111569],[118.448928,38.107787],[118.472505,38.101881],[118.494151,38.093817],[118.512299,38.08808],[118.533946,38.072943],[118.542979,38.068345],[118.550629,38.070014],[118.556895,38.07392],[118.561534,38.076077],[118.573009,38.079901],[118.583507,38.089179],[118.599376,38.110826],[118.615777,38.12512],[118.654871,38.145695],[118.760353,38.155132],[118.805431,38.151801],[118.825066,38.151642],[118.840099,38.152574],[118.898245,38.123299],[118.950037,38.097262],[118.924815,38.057766],[118.941987,38.049384],[118.956147,38.033596],[118.973399,37.996487],[118.996593,37.963121],[119.048405,37.947978],[119.092493,37.912773],[119.116942,37.853271],[119.155697,37.823964],[119.206836,37.802839],[119.243083,37.769482],[119.259597,37.715847],[119.255664,37.671867],[119.217736,37.675248],[119.189313,37.700735],[119.120141,37.737508],[119.069472,37.740631],[119.037128,37.722089],[119.027527,37.703943],[119.025401,37.689923],[119.010753,37.653754],[118.992442,37.633368],[118.976654,37.610907],[118.969981,37.593451],[118.967784,37.573228],[118.957856,37.531399],[118.944591,37.378119],[118.949474,37.336168],[118.961192,37.29564],[118.972423,37.280666],[118.990489,37.274726],[119.01474,37.269843],[119.030121,37.257799],[119.042735,37.242377],[119.058604,37.227607],[119.115001,37.201117],[119.145518,37.17886],[119.28712,37.137274],[119.441173,37.120551],[119.475108,37.133287],[119.524506,37.139065],[119.538585,37.1376],[119.563487,37.141791],[119.660737,37.1376],[119.716807,37.141588],[119.7706,37.151842],[119.778901,37.16706],[119.79184,37.180569],[119.877452,37.233832],[119.897309,37.249416],[119.886729,37.284654],[119.863536,37.321926],[119.846283,37.343695],[119.858897,37.360175],[119.882335,37.370754],[119.928966,37.384589],[119.988292,37.413275],[119.997813,37.42182],[120.009044,37.422349],[120.059825,37.440416],[120.187592,37.511786],[120.297618,37.597886],[120.32252,37.632392],[120.306407,37.665188],[120.293793,37.670315],[120.278575,37.672431],[120.247569,37.672593],[120.235362,37.67475],[120.222911,37.679429],[120.215668,37.684068],[120.219981,37.686265],[120.31186,37.686265],[120.3685,37.694729],[120.385997,37.704535],[120.391368,37.706732],[120.410981,37.712104],[120.443126,37.738186],[120.46339,37.747748],[120.556163,37.761379],[120.564545,37.76435],[120.593598,37.781887],[120.635265,37.788723],[120.674327,37.801988],[120.704926,37.82095],[120.738048,37.83397],[120.784923,37.829657],[120.821625,37.817328],[120.836681,37.815985],[120.846446,37.818101],[120.865977,37.827541],[120.877696,37.829657],[120.899425,37.827053],[120.925792,37.819281],[120.940766,37.806464],[120.928803,37.788723],[120.940929,37.773993],[120.956879,37.760891],[120.975352,37.75137],[120.99464,37.747748],[121.005382,37.744289],[121.011485,37.735907],[121.016124,37.725735],[121.021983,37.716702],[121.032563,37.710395],[121.043549,37.710354],[121.054698,37.712714],[121.066661,37.713568],[121.113292,37.708238],[121.13795,37.701158],[121.148529,37.689399],[121.142426,37.676825],[121.132172,37.664496],[121.130138,37.651801],[121.148529,37.637885],[121.135509,37.626288],[121.134369,37.610541],[121.1421,37.594672],[121.155365,37.582587],[121.171641,37.577094],[121.191498,37.575181],[121.308116,37.581244],[121.344737,37.590806],[121.374522,37.610541],[121.360606,37.631334],[121.354015,37.637885],[121.372162,37.632717],[121.393565,37.622463],[121.414073,37.609687],[121.429779,37.596869],[121.398448,37.594875],[121.38144,37.582994],[121.381684,37.566107],[121.401703,37.549058],[121.424571,37.536322],[121.446788,37.519599],[121.463959,37.499457],[121.470714,37.476467],[121.476899,37.468004],[121.491466,37.462958],[121.522227,37.459703],[121.53712,37.456244],[121.549815,37.447821],[121.570323,37.428656],[121.591645,37.424465],[121.651622,37.437079],[121.676117,37.439195],[121.654877,37.457709],[121.634288,37.462388],[121.587413,37.453559],[121.592784,37.463853],[121.60255,37.471869],[121.613048,37.477281],[121.62143,37.48017],[121.63502,37.481269],[121.644786,37.478461],[121.652354,37.474677],[121.659434,37.472724],[121.732432,37.461737],[121.937836,37.46426],[121.957286,37.459703],[121.957286,37.453559],[121.949067,37.448391],[121.944591,37.440741],[121.944591,37.432522],[121.949799,37.425605],[121.957286,37.423814],[121.988048,37.425605],[121.997406,37.434068],[121.977794,37.471666],[121.981212,37.48017],[121.99464,37.486721],[122.016368,37.517564],[122.02021360592285,37.521899167267556],[122.13083867867259,37.486364330005806],[122.129893,37.483466],[122.141449,37.45661],[122.16212,37.433092],[122.183197,37.418158],[122.197765,37.432359],[122.209727,37.447333],[122.22267753917475,37.456863974605966],[122.22510881784004,37.45608300253914],[122.26704907146505,37.44247196857297],[122.278575,37.423896],[122.296479,37.418158],[122.34196872937754,37.418158],[122.505238481881,37.36517143089524],[122.5918508519571,37.31048259707335],[122.594737,37.295233],[122.557628,37.319078],[122.549653,37.31977],[122.549083,37.310858],[122.560069,37.274726],[122.566661,37.266343],[122.589854,37.243354],[122.594737,37.236884],[122.59669,37.220893],[122.602875,37.209906],[122.613536,37.20307],[122.628917,37.199652],[122.628917,37.192816],[122.585216,37.188707],[122.574311,37.18537],[122.563243,37.173163],[122.568858,37.165676],[122.577159,37.157782],[122.574311,37.144436],[122.543468,37.156643],[122.51002,37.155219],[122.482677,37.13996],[122.470714,37.110297],[122.464447,37.110297],[122.465831,37.145168],[122.464447,37.151842],[122.453949,37.154283],[122.447602,37.147447],[122.444347,37.136542],[122.441742,37.117092],[122.43629,37.099189],[122.436371,37.089789],[122.440522,37.084906],[122.44752,37.082261],[122.454112,37.07746],[122.457042,37.065904],[122.448497,37.057196],[122.411225,37.036526],[122.402354,37.02147],[122.40919,37.006293],[122.424327,37.003648],[122.437022,37.011623],[122.436371,37.027737],[122.461192,37.030829],[122.513031,37.020494],[122.54005,37.027737],[122.525401,36.944485],[122.532725,36.92593],[122.526459,36.914252],[122.517345,36.903144],[122.507416,36.898017],[122.498546,36.904202],[122.500092,36.915595],[122.509044,36.926256],[122.512706,36.934638],[122.498546,36.93891],[122.493907,36.932603],[122.477306,36.925971],[122.456635,36.92064],[122.439952,36.918443],[122.430512,36.920111],[122.420909,36.923082],[122.412201,36.92475],[122.405772,36.922187],[122.402192,36.914496],[122.403412,36.906643],[122.407481,36.900458],[122.412608,36.898017],[122.421397,36.895168],[122.429454,36.888129],[122.435151,36.879218],[122.436371,36.870673],[122.431,36.864651],[122.420665,36.860785],[122.402354,36.857001],[122.397227,36.85692],[122.393321,36.859117],[122.389903,36.861965],[122.38559,36.863227],[122.379731,36.861396],[122.377778,36.857123],[122.377208,36.852484],[122.375743,36.849555],[122.371186,36.845649],[122.361095,36.833441],[122.355235,36.829088],[122.319835,36.822943],[122.200287,36.84276],[122.185313,36.849921],[122.180675,36.8664],[122.184825,36.884955],[122.196869,36.898017],[122.26588,36.898017],[122.25294,36.905951],[122.211192,36.918443],[122.174653,36.941107],[122.16269,36.945787],[122.178559,36.986274],[122.179698,37.005805],[122.166108,37.014106],[122.149994,37.005316],[122.14796,36.985012],[122.149181,36.962144],[122.142914,36.945787],[122.128429,36.945624],[122.110118,36.95189],[122.09433,36.950914],[122.087657,36.929023],[122.080903,36.916571],[122.065196,36.906724],[122.046886,36.900336],[122.033051,36.898017],[122.035411,36.916815],[122.03476,36.94184],[122.037608,36.96369],[122.049815,36.97309],[122.053803,36.975246],[122.049164,36.979926],[122.039643,36.984605],[122.029307,36.986762],[122.004161,36.986029],[121.961436,36.992865],[121.92628,36.993598],[121.914887,36.985826],[121.92335,36.968492],[121.949799,36.93891],[121.915131,36.920233],[121.785981,36.891181],[121.776866,36.886461],[121.75587,36.872301],[121.751801,36.866929],[121.750011,36.857408],[121.744884,36.847235],[121.737153,36.839179],[121.728038,36.835924],[121.708507,36.832831],[121.671479,36.819281],[121.649425,36.816067],[121.649425,36.822252],[121.674083,36.833238],[121.684174,36.835924],[121.684174,36.84276],[121.658214,36.840155],[121.637462,36.831366],[121.624522,36.814765],[121.62143,36.788764],[121.632091,36.761217],[121.634288,36.746568],[121.625255,36.740383],[121.612559,36.742987],[121.603526,36.749661],[121.597667,36.75849],[121.594249,36.767646],[121.583018,36.762844],[121.573009,36.763617],[121.560069,36.767646],[121.550385,36.76435],[121.53712,36.755764],[121.52589,36.753974],[121.50351,36.760443],[121.49643,36.774482],[121.503184,36.788642],[121.522227,36.794989],[121.53712,36.79564],[121.547374,36.798163],[121.555186,36.803412],[121.563243,36.812323],[121.573009,36.819648],[121.595225,36.826321],[121.604747,36.832506],[121.607188,36.844957],[121.588145,36.846177],[121.562836,36.841376],[121.546479,36.835924],[121.538097,36.828843],[121.530528,36.819892],[121.522227,36.812161],[121.511567,36.80858],[121.498139,36.810858],[121.494233,36.816881],[121.492279,36.82392],[121.484386,36.829088],[121.459483,36.828681],[121.452973,36.816392],[121.458018,36.801947],[121.467296,36.794989],[121.470714,36.789618],[121.466156,36.777574],[121.45338,36.757392],[121.444835,36.753485],[121.432465,36.752753],[121.408946,36.753974],[121.390147,36.746812],[121.377778,36.731513],[121.379405,36.716986],[121.401703,36.712388],[121.385265,36.706488],[121.368419,36.706773],[121.333507,36.712388],[121.31422,36.711819],[121.157725,36.668606],[121.128022,36.650946],[121.089692,36.6164],[121.08017,36.610012],[121.062755,36.610053],[121.042491,36.627672],[121.032481,36.624254],[121.030772,36.617092],[121.034028,36.596829],[121.032481,36.589504],[121.023529,36.58393],[121.014659,36.58454],[121.006114,36.587633],[120.998383,36.589504],[120.944672,36.591213],[120.928803,36.59634],[120.936534,36.611965],[120.93336,36.620266],[120.92213,36.623684],[120.905528,36.624254],[120.89267,36.628485],[120.864757,36.646715],[120.850597,36.650946],[120.824067,36.643988],[120.770844,36.617174],[120.75058,36.616848],[120.747325,36.608222],[120.746918,36.603176],[120.750011,36.59984],[120.757579,36.59634],[120.747325,36.577297],[120.742279,36.555854],[120.750255,36.540758],[120.778656,36.541083],[120.793793,36.550971],[120.813569,36.583686],[120.826427,36.59634],[120.850352,36.60456],[120.864594,36.597724],[120.894786,36.561591],[120.905284,36.557074],[120.914073,36.557034],[120.920258,36.55329],[120.922618,36.537665],[120.927501,36.532904],[120.938487,36.534369],[120.950206,36.540025],[120.956798,36.547919],[120.963634,36.547919],[120.961436,36.53144],[120.951915,36.519924],[120.941173,36.509711],[120.93629,36.497016],[120.937836,36.487698],[120.949962,36.459174],[120.934337,36.456773],[120.919526,36.456488],[120.906261,36.452379],[120.894786,36.438666],[120.900971,36.42768],[120.901378,36.419013],[120.898285,36.411607],[120.890391,36.397935],[120.88266,36.388739],[120.874278,36.380601],[120.867442,36.377183],[120.849701,36.386135],[120.844005,36.422675],[120.826427,36.432522],[120.832042,36.455268],[120.806895,36.463935],[120.772472,36.463528],[120.75058,36.459174],[120.747813,36.455634],[120.740489,36.442816],[120.737071,36.438666],[120.7317,36.436225],[120.719005,36.432359],[120.714122,36.428697],[120.686534,36.387152],[120.690684,36.370836],[120.709565,36.349351],[120.722179,36.330552],[120.707286,36.322659],[120.693696,36.324897],[120.669037,36.334621],[120.661957,36.33633],[120.647716,36.330878],[120.643647,36.322496],[120.648692,36.312405],[120.661957,36.3015],[120.654552,36.288275],[120.660248,36.27733],[120.670421,36.265815],[120.675629,36.250637],[120.687511,36.187893],[120.69337,36.174872],[120.704845,36.156236],[120.696788,36.143988],[120.627778,36.116523],[120.623871,36.117662],[120.620616,36.121283],[120.61671,36.123358],[120.593598,36.109768],[120.565196,36.11579],[120.551606,36.113715],[120.545909,36.099758],[120.536225,36.091457],[120.514171,36.088568],[120.473643,36.08926],[120.461925,36.085761],[120.435639,36.068508],[120.421723,36.061957],[120.369477,36.048774],[120.353526,36.040839],[120.339366,36.049954],[120.324718,36.057196],[120.309093,36.06151],[120.292003,36.061957],[120.292003,36.068101],[120.308442,36.079535],[120.312266,36.091295],[120.313487,36.104478],[120.322765,36.11994],[120.334972,36.136135],[120.361583,36.191636],[120.348481,36.213365],[120.339203,36.222602],[120.322765,36.226386],[120.311778,36.265855],[120.306407,36.274237],[120.286469,36.263821],[120.273529,36.23428],[120.275157,36.204088],[120.298839,36.191636],[120.284516,36.175971],[120.264252,36.180854],[120.243988,36.191107],[120.229991,36.191636],[120.226085,36.194078],[120.223888,36.196519],[120.221283,36.198391],[120.216319,36.199123],[120.219086,36.22191],[120.186778,36.219062],[120.144542,36.208889],[120.117279,36.209662],[120.112397,36.217475],[120.11142,36.222724],[120.108165,36.225531],[120.097179,36.226386],[120.092865,36.223212],[120.087901,36.216213],[120.085948,36.209133],[120.090343,36.205959],[120.105317,36.200873],[120.109223,36.188788],[120.105235,36.174221],[120.089366,36.147691],[120.086436,36.130032],[120.089692,36.111721],[120.10019,36.096096],[120.116791,36.087592],[120.135753,36.083401],[120.154063,36.077053],[120.168468,36.061957],[120.171886,36.046129],[120.170746,36.008694],[120.175304,35.993638],[120.186046,35.984524],[120.197765,35.985297],[120.229991,35.999905],[120.229503,35.972805],[120.242768,35.973578],[120.274913,35.993638],[120.280772,35.998236],[120.281993,36.006659],[120.284923,36.010932],[120.295421,36.003323],[120.303071,35.994045],[120.305268,35.987006],[120.303477,35.980536],[120.298839,35.973131],[120.284434,35.962592],[120.244395,35.95307],[120.226817,35.94184],[120.185151,35.903754],[120.175304,35.890041],[120.170502,35.907457],[120.179454,35.920071],[120.189708,35.931545],[120.188975,35.945258],[120.168468,35.938422],[120.162852,35.933295],[120.145518,35.913804],[120.141856,35.907945],[120.135753,35.90412],[120.107188,35.903998],[120.097179,35.900824],[120.052257,35.862616],[120.038829,35.842841],[120.019786,35.759752],[120.00294,35.727769],[119.969981,35.732367],[119.949718,35.753811],[119.937755,35.761135],[119.925548,35.756822],[119.908214,35.744859],[119.900157,35.736274],[119.931244,35.710842],[119.935639,35.705024],[119.930756,35.69953],[119.908295,35.680894],[119.901622,35.671536],[119.900483,35.660549],[119.902924,35.652411],[119.906749,35.644477],[119.908458,35.633979],[119.904552,35.624579],[119.8956,35.620307],[119.885265,35.617621],[119.877452,35.613186],[119.860199,35.606106],[119.843272,35.61579],[119.834076,35.635321],[119.840099,35.657904],[119.811615,35.647895],[119.771007,35.593329],[119.743907,35.575914],[119.748057,35.599799],[119.748383,35.60932],[119.743907,35.616889],[119.732514,35.620836],[119.718761,35.619534],[119.707123,35.614163],[119.702403,35.606024],[119.696788,35.599433],[119.683849,35.59398],[119.668956,35.590318],[119.657725,35.588935],[119.64796,35.58393],[119.641368,35.572008],[119.634125,35.548041],[119.604096,35.488023],[119.599864,35.469184],[119.595958,35.461982],[119.569591,35.43476],[119.564545,35.424709],[119.562266,35.400621],[119.55893,35.390326],[119.551524,35.380032],[119.522309,35.352729],[119.51352,35.339301],[119.50766,35.332343],[119.469574,35.321479],[119.435802,35.322577],[119.428722,35.321479],[119.42392,35.313463],[119.421886,35.300523],[119.421886,35.277411],[119.418712,35.271308],[119.404552,35.25373],[119.4036064998818,35.25101686479203],[119.29980354552143,35.23371511250033],[119.10000234882925,35.19999063115834],[118.9330405022634,35.13359776856581],[118.76637126432809,35.06693768639536],[118.5999950987246,35.000010871389556],[118.5999920811631,34.80000882845162],[118.59998747652536,34.60000891712696],[118.47476593333313,34.45007745732203],[118.34999845738082,34.2999984128561],[118.47520421943632,34.15008022453415],[118.59999245048844,33.99999514287014],[118.74035146618928,33.88353740747634],[118.88035545508698,33.76687268507288],[119.0200052322601,33.65000098966856],[118.91304079863298,33.53344891379212],[118.80715980658455,33.41764199603148],[118.793738,33.43929],[118.781669,33.44606],[118.668045,33.4649],[118.633016,33.477557],[118.618003,33.474025],[118.613293,33.451359],[118.606523,33.451359],[118.610055,33.474908],[118.619475,33.49463],[118.622124,33.507877],[118.606523,33.512881],[118.612999,33.537019],[118.615648,33.563217],[118.606817,33.577935],[118.578558,33.567338],[118.582385,33.583234],[118.583268,33.596186],[118.576792,33.603545],[118.558247,33.602073],[118.56384,33.606783],[118.578558,33.622679],[118.575026,33.62886],[118.575026,33.64299],[118.572377,33.650055],[118.564723,33.658297],[118.562074,33.657414],[118.558541,33.652704],[118.548239,33.650055],[118.469055,33.639457],[118.46199,33.630332],[118.461696,33.618852],[118.469938,33.553798],[118.479652,33.520829],[118.496725,33.48786],[118.518214,33.458129],[118.54088,33.433991],[118.542351,33.427515],[118.539996,33.419273],[118.542057,33.412503],[118.579736,33.406027],[118.585917,33.403377],[118.595337,33.393369],[118.603873,33.380417],[118.615354,33.370409],[118.633899,33.368937],[118.618886,33.353924],[118.60620398092404,33.35229842586496],[118.56405938696594,33.375792343287905],[118.556775,33.387776],[118.537347,33.391603],[118.5363206119779,33.391255595576695],[118.49602891622021,33.413716596717265],[118.494664,33.433991],[118.488777,33.445766],[118.476708,33.444588],[118.472293,33.435758],[118.47122005208026,33.4275310533515],[118.25001059512118,33.55000720495961],[118.10016759778722,33.650125319384465],[117.95000545518957,33.750008563775914],[117.84984659680492,33.62505126347541],[117.74998676473241,33.499994413498555],[117.649786747771,33.325053510819856],[117.54999814143027,33.150008035655375],[117.34984265254347,33.090208699013935],[117.15001074506662,33.03000721043484],[116.9997295963854,32.87511653123622],[116.8500047059522,32.719994177850154],[116.70003437445465,32.75011694266856],[116.54999010624064,32.78000871433704],[116.34970823769535,32.66520828137364],[116.14999965332366,32.5500001546773],[115.94971668969194,32.50040633799591],[115.74971215507485,32.450404451033634],[115.54998769922788,32.39999515557238],[115.37483030880277,32.3251573447776],[115.20001049066992,32.25000539204718],[115.06629832740819,32.1335249099412],[114.93296017612862,32.01685560076624],[114.79999502519675,31.899997578948902],[114.74982915133417,31.750039483760375],[114.69983211569046,31.600040127265874],[114.65000299793812,31.449998739355813],[114.52475435817439,31.275090149651096],[114.40001112839474,31.09999610482632],[114.40328211658961,30.943726006420658],[114.40653776770033,30.787432731591448],[114.40977817004887,30.63111534041194],[114.40277982120516,30.59795480621172],[114.398882,30.602503],[114.390345,30.599854],[114.378571,30.593083],[114.345602,30.563941],[114.319109,30.553344],[114.320287,30.539215],[114.328529,30.523024],[114.33736,30.51125],[114.328529,30.512133],[114.322053,30.510956],[114.317049,30.507423],[114.313222,30.502125],[114.324408,30.493882],[114.347368,30.48093],[114.357965,30.46945],[114.371506,30.483285],[114.362969,30.498298],[114.361498,30.514488],[114.368857,30.530678],[114.385636,30.545691],[114.387696,30.549517],[114.386519,30.553344],[114.386519,30.556876],[114.391817,30.559526],[114.39462224736064,30.55930147347528],[114.37657512388702,30.473788123322585],[114.36945766399695,30.439940458130543],[114.362381,30.441486],[114.334416,30.460619],[114.316166,30.477104],[114.309101,30.454143],[114.303214,30.380847],[114.309984,30.387617],[114.316754,30.377903],[114.330884,30.392032],[114.34413,30.387617],[114.357965,30.422352],[114.362086,30.409694],[114.36255503189764,30.407114424145114],[114.34348471949599,30.316423986931742],[114.31050631019872,30.159022015540344],[114.28952748609488,30.05852864724825],[114.28408,30.047921],[114.278193,30.038501],[114.270834,30.030553],[114.261708,30.024372],[114.25641,30.039384],[114.255527,30.044977],[114.250817,30.034674],[114.248756,30.052336],[114.243163,30.075297],[114.227562,30.079712],[114.22403,30.102673],[114.234627,30.116213],[114.249934,30.126516],[114.261708,30.140645],[114.229623,30.154481],[114.201658,30.144767],[114.177814,30.122689],[114.158681,30.099435],[114.15191,30.113858],[114.147495,30.104733],[114.145434,30.092958],[114.145729,30.066171],[114.147201,30.059401],[114.151616,30.049393],[114.15191,30.044977],[114.15015035156664,30.041937557848115],[114.04871209890783,30.074047558057813],[113.81949612749152,30.145949034703357],[113.58999391096111,30.217285511426883],[113.38536955381674,30.34962894250389],[113.1802057376883,30.481508074605788],[113.12326337521912,30.63157998638067],[113.0661315329802,30.781594314413738],[113.00880920243,30.931551788299686],[112.83752052269053,31.05135549046441],[112.66581429511089,31.170838357365216],[112.49369004177161,31.290000259115814],[112.28304123480774,31.259010168022865],[112.07260586240355,31.22755807885501],[111.86238623699482,31.195644626759922],[111.65238465739569,31.163270451468154],[111.44981533101445,31.21019201030144],[111.24709636851868,31.25668509591698]],[[114.310867,30.504185],[114.309984,30.504774],[114.309984,30.497415],[114.310867,30.498887],[114.313222,30.502125],[114.310867,30.504185]],[[114.110699,30.209232],[114.110699,30.204817],[114.111288,30.208349],[114.110994,30.208938],[114.110699,30.209232]],[[114.132482,30.188921],[114.172222,30.177147],[114.214021,30.173026],[114.241691,30.17538],[114.23551,30.181562],[114.232566,30.185094],[114.229328,30.187155],[114.220792,30.188921],[114.220792,30.195692],[114.234038,30.195986],[114.244341,30.20099],[114.261708,30.216297],[114.261708,30.223656],[114.253172,30.223067],[114.235804,30.224245],[114.227562,30.223656],[114.227562,30.229838],[114.241691,30.229838],[114.23551,30.239257],[114.228151,30.243673],[114.219614,30.247205],[114.210195,30.25427],[114.206957,30.262512],[114.210783,30.271049],[114.216671,30.278702],[114.220792,30.285178],[114.225501,30.30284],[114.226679,30.317558],[114.219909,30.322857],[114.200186,30.313143],[114.19371,30.306078],[114.181641,30.286944],[114.179581,30.281352],[114.176048,30.277819],[114.160741,30.254859],[114.158681,30.250443],[114.126595,30.234842],[114.115409,30.225717],[114.111288,30.208349],[114.132482,30.188921]],[[114.215493,33.019232],[114.232566,33.00157],[114.241691,32.988324],[114.25847,32.960948],[114.268479,32.956238],[114.273188,32.964186],[114.280548,33.023059],[114.269362,33.055733],[114.245518,33.070452],[114.213727,33.053967],[114.204307,33.037483],[114.215493,33.019232]],[[112.499939,33.3604],[112.488459,33.37659],[112.480217,33.396607],[112.474329,33.3813],[112.47639,33.366876],[112.484043,33.354513],[112.495818,33.344799],[112.510536,33.33744],[112.523782,33.329198],[112.53438,33.318895],[112.541739,33.306826],[112.563227,33.313302],[112.576768,33.300056],[112.589131,33.281805],[112.607087,33.27268],[112.629459,33.282983],[112.634463,33.306826],[112.633286,33.334496],[112.637996,33.35569],[112.626516,33.349803],[112.62004,33.340384],[112.617685,33.328315],[112.617979,33.313596],[112.61062,33.313596],[112.604144,33.317423],[112.588837,33.323016],[112.582655,33.327137],[112.576179,33.333908],[112.571175,33.340972],[112.567054,33.349509],[112.562933,33.361872],[112.561755,33.354513],[112.559989,33.350392],[112.557929,33.347154],[112.555868,33.341561],[112.548509,33.341561],[112.548509,33.35569],[112.54586,33.350392],[112.534968,33.334496],[112.515246,33.346565],[112.499939,33.3604]],[[118.263589,34.082181],[118.26771,34.090718],[118.26506,34.098077],[118.250048,34.108674],[118.238568,34.112795],[118.214724,34.113678],[118.202361,34.116033],[118.190881,34.123392],[118.182638,34.132517],[118.173513,34.138405],[118.160855,34.136639],[118.155851,34.129868],[118.14025,34.094839],[118.136718,34.092484],[118.134363,34.090129],[118.131419,34.088363],[118.126709,34.088068],[118.139956,34.066285],[118.156146,34.050095],[118.174396,34.037438],[118.195002,34.026546],[118.2212,34.018304],[118.23739,34.023308],[118.247693,34.040381],[118.263589,34.082181]],[[117.196519,34.486343],[117.201817,34.472508],[117.229193,34.49017],[117.2445,34.49694],[117.260101,34.499589],[117.261867,34.505477],[117.306316,34.559051],[117.318385,34.569943],[117.340463,34.579951],[117.342818,34.591431],[117.338991,34.612331],[117.327511,34.627344],[117.256569,34.68445],[117.234197,34.69858],[117.185333,34.718302],[117.160312,34.732432],[117.156191,34.732137],[117.147654,34.734492],[117.142356,34.740379],[117.140295,34.749799],[117.134996,34.755981],[117.124694,34.748916],[117.117923,34.738024],[117.122928,34.732432],[117.134113,34.723601],[117.134113,34.702701],[117.126166,34.660018],[117.129109,34.637352],[117.169143,34.536091],[117.180329,34.524022],[117.195047,34.527554],[117.201523,34.512836],[117.196519,34.486343]],[[116.156236,35.997903],[116.143872,35.980241],[116.122678,35.972588],[116.105605,35.979947],[116.109432,35.944623],[116.13563,35.931671],[116.170071,35.926667],[116.225411,35.904589],[116.244839,35.920779],[116.24896,35.95051],[116.229238,35.979947],[116.240718,35.989366],[116.23277,36.000847],[116.208044,36.020863],[116.204511,36.034698],[116.207749,36.082974],[116.200979,36.102991],[116.196269,36.110939],[116.187733,36.116532],[116.177724,36.064135],[116.165655,36.036465],[116.145933,36.020863],[116.156236,35.997903]]],[[[120.183442,35.754543],[120.180349,35.748399],[120.170909,35.743313],[120.159434,35.743313],[120.153331,35.753689],[120.157319,35.767646],[120.164968,35.778957],[120.171479,35.78441],[120.175304,35.783189],[120.174734,35.780137],[120.174897,35.775295],[120.182302,35.76024],[120.183442,35.754543]]],[[[120.726329,37.90884],[120.722423,37.919094],[120.7237933693422,37.92753397418279],[120.75787011616796,37.91714595328693],[120.7588,37.907538],[120.754568,37.896674],[120.746593,37.897895],[120.73699,37.904608],[120.726329,37.90884]]],[[[120.615489,37.94831],[120.609386,37.955024],[120.604777531552,37.9638149905669],[120.62534293158717,37.957545794555045],[120.622895,37.948798],[120.618419,37.947008],[120.615489,37.94831]]]]},"properties":{"id":"later-jin-phase-936-936","dynastyId":"later-jin","name":"后晋","snapshotId":"phase-936-936","validFromYear":936,"validToYearExclusive":937,"boundaryKind":"controlled","accuracyLevel":"approximate","verificationStatus":"reviewed","sourceRefs":["atlas-943-fixed-master","chronology-north","continuous-method"],"disputedNote":"以943年地理格局为骨架，概括主要政权更替，非逐年精确疆域；中原主线；早期河北割据与晋分别表达。；岐以凤翔核心概括，924后纳入后唐；不画现代陕西边界。；成德、义武等军镇合并表达；921年前后的依附关系不等于统一行政归属。；河东概括范围。","labelLongitude":111.93933081387794,"labelLatitude":34.77799491422581}},{"type":"Feature","geometry":{"type":"MultiPolygon","coordinates":[[[[117.941698,38.233946],[117.95094675182811,38.2240119655623],[117.8483973820701,38.20433380870196],[117.63831601692706,38.16356249948792],[117.60899833692196,38.3290177319008],[117.57955983323676,38.4944935538478],[117.55791523653305,38.61567476676871],[117.565971,38.612507],[117.580438,38.58481],[117.668045,38.446157],[117.716082,38.378511],[117.803894,38.294018],[117.837169,38.270901],[117.900157,38.246161],[117.941698,38.233946]]],[[[121.823578,38.890245],[121.829682,38.892605],[121.833751,38.892646],[121.83253,38.882676],[121.83839,38.870551],[121.82602,38.860582],[121.822032,38.864936],[121.821137,38.872341],[121.819347,38.876125],[121.819998,38.880072],[121.823904,38.880764],[121.823416,38.883572],[121.821462,38.886746],[121.823578,38.890245]]],[[[117.814789,38.930446],[117.810865,38.914665],[117.789289,38.90463],[117.760962,38.909365],[117.718365,38.921352],[117.69711,38.934768],[117.713711,38.966441],[117.731503,38.954469],[117.769123,38.943906],[117.762132,38.929277],[117.778205,38.92708],[117.785638,38.938446],[117.814789,38.930446]]],[[[117.733231,38.964288],[117.720451,38.973943],[117.729952,38.976724],[117.752941,38.973122],[117.808853,38.96423],[117.819264,38.958403],[117.879402,38.946554],[117.88005,38.930526],[117.835649,38.93809],[117.796125,38.949843],[117.758541,38.958932],[117.733231,38.964288]]],[[[118.559718,39.003125],[118.577812,39.008619],[118.610196,39.034034],[118.628711,39.048554],[118.614637,39.067649],[118.632743,39.074581],[118.648672,39.055851],[118.648736,39.044651],[118.594321,38.972197],[118.514308,38.919445],[118.502699,38.919028],[118.480276,38.93482],[118.4909,38.943187],[118.470698,38.970551],[118.469477,39.006319],[118.478483,39.042858],[118.488193,39.050492],[118.526381,39.046694],[118.559718,39.003125]]],[[[117.796251,39.049901],[117.8108,39.027191],[117.826843,38.983718],[117.819697,38.977408],[117.803232,38.979609],[117.791224,38.989276],[117.780519,39.031915],[117.77335,39.047577],[117.796251,39.049901]]],[[[122.758149,39.010443],[122.747406,39.009345],[122.713796,39.021633],[122.711274,39.025417],[122.712413,39.030544],[122.710053,39.038967],[122.712087,39.045681],[122.717459,39.048814],[122.721528,39.04918],[122.727306,39.038479],[122.75408,39.024563],[122.760427,39.016669],[122.758149,39.010443]]],[[[122.3213,39.165961],[122.330577,39.180121],[122.354828,39.195624],[122.382579,39.208319],[122.402599,39.213813],[122.392914,39.203803],[122.389903,39.193549],[122.388927,39.187079],[122.397472,39.165839],[122.402599,39.159125],[122.388927,39.15233],[122.376313,39.16059],[122.355235,39.151557],[122.333995,39.146308],[122.3213,39.165961]]],[[[122.741954,39.23607],[122.739513,39.222235],[122.725597,39.210028],[122.690684,39.193305],[122.692149,39.201402],[122.692556,39.207668],[122.693696,39.213772],[122.69752,39.221259],[122.683604,39.224311],[122.635997,39.228013],[122.635997,39.23428],[122.66212,39.232733],[122.718598,39.241889],[122.741954,39.23607]]],[[[122.490001,39.228502],[122.487966,39.23314],[122.501882,39.234931],[122.511404,39.234931],[122.526378,39.231838],[122.53655,39.232449],[122.540457,39.23428],[122.544444,39.230333],[122.542817,39.226182],[122.535899,39.223538],[122.520112,39.221829],[122.51531,39.22309],[122.508149,39.221706],[122.497976,39.219346],[122.490001,39.228502]]],[[[122.684418,39.262193],[122.643077,39.255072],[122.586192,39.258002],[122.533458,39.271674],[122.505056,39.296942],[122.536632,39.298041],[122.54656,39.296942],[122.584727,39.284369],[122.643891,39.27851],[122.663259,39.272203],[122.684418,39.262193]]],[[[121.327322,39.427639],[121.313324,39.408433],[121.296153,39.391425],[121.27296,39.385077],[121.264415,39.386908],[121.259451,39.391506],[121.257579,39.399644],[121.258637,39.412421],[121.261729,39.427802],[121.26588,39.43358],[121.29477,39.443345],[121.302908,39.445217],[121.311046,39.447943],[121.32016,39.454006],[121.324718,39.460761],[121.327322,39.468451],[121.331309,39.475775],[121.340587,39.48135],[121.35255,39.482408],[121.388438,39.474514],[121.413259,39.476508],[121.422537,39.474514],[121.442393,39.462877],[121.45045,39.450263],[121.443126,39.441148],[121.41627,39.440334],[121.41627,39.433539],[121.425548,39.430121],[121.431977,39.424262],[121.435557,39.416205],[121.436046,39.409817],[121.433604,39.38581],[121.421723,39.373684],[121.403494,39.370592],[121.353201,39.373196],[121.336925,39.377387],[121.336111,39.387356],[121.354259,39.406195],[121.371755,39.417548],[121.379649,39.424872],[121.381602,39.433539],[121.375255,39.442369],[121.364268,39.445461],[121.351899,39.444281],[121.340587,39.440334],[121.327322,39.427639]]],[[[123.076264,39.44949],[123.093516,39.442939],[123.092296,39.441067],[123.085785,39.442491],[123.08074,39.432685],[123.081554,39.423651],[123.069753,39.430813],[123.060639,39.432196],[123.051768,39.442939],[123.048676,39.44717],[123.049653,39.451646],[123.055675,39.454779],[123.062266,39.451646],[123.076264,39.44949]]],[[[122.964366,39.515448],[122.968028,39.541083],[122.989757,39.549506],[123.017589,39.544501],[123.04005,39.529731],[123.029959,39.50788],[123.005707,39.497301],[122.979747,39.499335],[122.964366,39.515448]]],[[[124.234433,39.817628],[124.235861,39.813482],[124.239887,39.812623],[124.239586,39.809831],[124.239561,39.807657],[124.242788,39.807321],[124.242751,39.804633],[124.241627,39.801856],[124.237835,39.800967],[124.23526,39.798386],[124.23039,39.798261],[124.227397,39.79464],[124.226015,39.791423],[124.223189,39.791557],[124.221201,39.79384],[124.216098,39.794711],[124.211662,39.795157],[124.211533,39.795573],[124.211316,39.799505],[124.212588,39.804049],[124.214651,39.807242],[124.219273,39.810922],[124.217575,39.814864],[124.220272,39.81526],[124.223116,39.816788],[124.220994,39.818974],[124.223426,39.819987],[124.227065,39.821298],[124.230017,39.821172],[124.231896,39.819199],[124.234433,39.817628]]],[[[124.304373,39.932563],[124.305512,39.928616],[124.292003,39.91946],[124.304373,39.932563]]],[[[120.818044,40.484524],[120.802664,40.482856],[120.794281,40.479153],[120.791026,40.474758],[120.785085,40.470689],[120.777273,40.474636],[120.774343,40.485419],[120.781912,40.491278],[120.790294,40.492987],[120.792166,40.497748],[120.790619,40.503852],[120.79184,40.507025],[120.799978,40.507066],[120.804779,40.510972],[120.804535,40.515611],[120.806651,40.516262],[120.821056,40.511257],[120.825369,40.504706],[120.825938,40.492296],[120.818044,40.484524]]],[[[117.32999004437377,39.00000946801633],[117.17996058081367,38.985108387665996],[117.03001337473184,38.97000010032832],[116.91480997319705,38.83504946757259],[116.80000581735246,38.70000421639692],[116.77496515930048,38.559989529091595],[116.75000977229493,38.41999336186275],[116.65489677549718,38.33503769276212],[116.55999296354858,38.250008092739755],[116.40495514440916,38.23511662958363],[116.25000370338215,38.22000120949908],[116.02507503288088,38.260233804520546],[115.7999864998667,38.2999922834593],[115.79000588543664,38.40999513389894],[115.77999656959956,38.520010621104134],[115.76502391288383,38.649995063856636],[115.75000086413877,38.77999758026499],[115.65013628418005,38.8900382313158],[115.55000868684752,38.999999515829096],[115.41415378246374,39.04430839289885],[115.35014008202559,39.06518636706077],[115.14999632427498,39.13000671509167],[114.94493562896159,39.1227414749504],[114.89503505346087,39.12087834728477],[114.73996615787023,39.11508857138431],[114.55712900194845,39.04340825826833],[114.37466111065184,38.97142850916582],[114.19256301026383,38.899150040194904],[113.97457379941137,38.85941898628092],[113.75686313857163,38.81925125782588],[113.53943334046726,38.77864766798588],[113.35872669310434,38.70498918231796],[113.17839391118419,38.63103578266005],[112.99843543322456,38.55678817464315],[112.74576580130835,38.547091513036754],[112.49324585050357,38.53680160134905],[112.24087985672972,38.525919124174145],[112.28665350383861,38.671876726825424],[112.33259141047162,38.817840855959346],[112.37869454340827,38.96381245096945],[112.29477942241812,39.122563683015294],[112.29024946735699,39.13109815721682],[112.21053305715441,39.28128455799357],[112.12595341786115,39.43997610833258],[111.8968632607436,39.483141697821075],[111.66759730496616,39.52582899509201],[111.4381584682048,39.56803776265059],[111.22365354858263,39.47412624739575],[111.20613131151379,39.46640093314748],[111.0097194979591,39.37980565562556],[110.79635672678685,39.28507723410642],[110.58356561862615,39.18994222272996],[110.48653368117743,38.997509050874044],[110.38997130194748,38.805036055822015],[110.29387501073889,38.61252138493394],[110.08594455498475,38.51450846102629],[109.87858328577985,38.416102994380786],[109.67179133354018,38.31730613541938],[109.41862231807434,38.25719903837765],[109.16592867626535,38.19649657118602],[108.91371359955433,38.135200283361776],[108.70847056495754,38.18446043250582],[108.50304070268564,38.233332735237056],[108.29742594281764,38.28181696316692],[108.03490830854001,38.38320829758517],[107.77183072821397,38.48397775117012],[107.50819567015431,38.584124342104104],[107.38940562513345,38.761691571997694],[107.27009362777144,38.93917419288326],[107.15025625806895,39.11657336417079],[107.02989006893635,39.29389024837259],[106.8869260632345,39.48503736352007],[106.74328288583958,39.67606105659952],[106.59895584056198,39.866962627468965],[106.45394019330693,40.057743377302806],[106.30823117177225,40.24840460875343],[106.22317749496612,40.4521414314907],[106.13766861529994,40.655894610028156],[106.05170075097605,40.859666729125884],[105.96527007950793,41.063460399309456],[105.87837273719033,41.26727825756309],[105.79100481856148,41.47112296804036],[105.69082869656461,41.676882845485395],[105.59010622938071,41.88265738120331],[105.48883282327188,42.08844926701281],[105.38700383502893,42.29426122283551],[105.28461457133635,42.500095997467824],[105.28793744596541,42.689572297474335],[105.29125969971663,42.87914204736535],[105.29458133135778,43.06880801595939],[105.29790233964208,43.25857300700874],[105.30122272330804,43.448439860046214],[105.27799684552551,43.63280255142854],[105.25463943368663,43.81726423570454],[105.23114942749461,44.00182757045787],[105.20752575524318,44.18649524751952],[105.18376733366338,44.37126999378428],[105.1598730677676,44.55615457204988],[105.29657856964981,44.72153294079041],[105.4339184408491,44.886836635670676],[105.57189659440164,45.05206659781402],[105.71051697009332,45.21722377194667],[105.84978353461237,45.38230910652412],[105.98970028170159,45.54732355385993],[106.12529738819364,45.72915200863558],[106.26158892796883,45.91094546281621],[106.39857985023724,46.092705613709484],[106.53627514573466,46.2744341731821],[106.67467984707513,46.456132868053274],[106.84543463444746,46.59776916600382],[107.01689771439398,46.73924180746832],[107.18907223904937,46.88055061936667],[107.36196136769341,47.021695419977455],[107.53556826659009,47.16267601885437],[107.70989610882233,47.3034922167411],[107.98353231981046,47.40298247535159],[108.25803243923121,47.50189745532199],[108.53339485341453,47.600234344470216],[108.80961787674377,47.697990316940796],[109.08669975104792,47.795162533486106],[109.37340317653087,47.8574189887549],[109.6607157613584,47.9190205877099],[109.94863296836417,47.979964914814694],[110.23715019456482,48.0402495626032],[110.52626277126427,48.099872132135545],[110.81596596417297,48.158830233456904],[111.10661586590827,48.220774419946245],[111.39787745980243,48.28204980380088],[111.68974597219207,48.342653923091795],[111.982216561436,48.402584325010025],[112.2752843180517,48.46183856635031],[112.56894426486839,48.520414213997405],[112.86319135719677,48.57830884541534],[113.15802048301565,48.63552004913932],[113.4534264631753,48.69204542526997],[113.74940405161827,48.74788258597],[114.04594793561687,48.8030291559629],[114.34305273602823,48.85748277303367],[114.6331404343209,48.93804269307654],[114.92398183714076,49.017961464544626],[115.21557331958726,49.09723625064245],[115.5079111788329,49.17586421286995],[115.80099163389424,49.25384251149286],[116.08011289450963,49.34783373030749],[116.36006026162454,49.441254413276425],[116.64083164350694,49.53410176950701],[116.92242487609447,49.626372996755656],[117.20483772248788,49.71806528174282],[117.48806787245405,49.8091758004764],[117.81163322056403,49.829918101675744],[118.13549102408577,49.84982899838758],[118.45963269754876,49.86890699503562],[118.78404961375881,49.88715063469178],[119.10873310499774,49.904558499461594],[119.42290932673029,49.97998730351709],[119.73785174535779,50.05467215828991],[120.05355499555203,50.12860983466857],[120.37001361631131,50.201797109668796],[120.68722205095916,50.27423076713945],[121.00517464716862,50.34590759847616],[121.31104658976498,50.36571303940651],[121.61717002146239,50.384781579262786],[121.9235377144852,50.40311201464064],[122.23014240896201,50.42070317316544],[122.536976813829,50.43755391377909],[122.84403360774384,50.45366312701858],[123.14217220552456,50.47978846096846],[123.44060225875552,50.50521857275663],[123.739317240373,50.52995214489475],[124.0383105878301,50.553987886213214],[124.33757570383182,50.57732453217367],[124.68405587994235,50.512902792317206],[125.02998364035066,50.447543710149276],[125.37534964176655,50.38124962808873],[125.54133816045646,50.21075624673025],[125.70654753478519,50.040203527467014],[125.87098261781422,49.86958998876727],[126.03464823122417,49.69891416149693],[126.19754916543494,49.52817458858578],[126.31181359556078,49.32117742066262],[126.42543182272952,49.11429948082894],[126.5384095312077,48.90753631103184],[126.65075234160086,48.700883525646226],[126.76246581169626,48.49433680941171],[126.87355543729296,48.28789191543696],[127.03142421095616,48.117225638700866],[127.18856888166847,47.946479603268195],[127.34499390702139,47.775652503434344],[127.50070371543192,47.60474304159793],[127.65570270627433,47.43374992802209],[127.8887008001836,47.28635020043291],[128.1207942324977,47.138572952364385],[128.35198544090747,46.99041916623882],[128.58227688593493,46.84188980303643],[128.80880788442963,46.69484433643629],[128.81167105031378,46.6929858024335],[129.0686548394725,46.62396373507788],[129.32519405373995,46.55439752596957],[129.58128544571872,46.484288404192824],[129.83692580719807,46.413637602948455],[130.0921119692221,46.342446359319666],[130.3735190449794,46.342205244858526],[130.6549671154243,46.34130617913488],[130.93645031970203,46.33974892348751],[131.21796279333165,46.337533262182305],[131.49949866887826,46.3346590024315],[131.79924190212964,46.37722104452585],[132.09937852313044,46.41905965037388],[132.39990237444334,46.46017324809441],[132.70080725086473,46.500560286806575],[133.0020869000182,46.54021923700896],[133.2874178464608,46.58282895948756],[133.5731185394333,46.624788522239804],[133.8591837661192,46.666096532367085],[134.14560827327244,46.706751613472406],[134.4323867676542,46.74675240596435],[134.71951391648054,46.786097567359725],[134.93659803367765,46.59873611259659],[135.15260610174522,46.41107641452441],[135.3675439821059,46.22311812373552],[135.5982469824023,46.098707389121046],[135.82819588541392,45.97387583794965],[136.05739129822908,45.84862471218268],[136.2858338606684,45.72295523803016],[136.513524244813,45.596868625954286],[136.7861989934242,45.60693531226056],[137.0,45.61434349994955],[137.0589718314434,45.616386869167926],[137.33183755474874,45.62522291013739],[137.40287546262482,45.62736226000664],[137.396739,45.623928],[137.335948,45.570624],[137.266205,45.485907],[137.256358,45.477118],[137.236664,45.472602],[137.219493,45.461005],[137.144542,45.374661],[137.125743,45.367336],[137.103282,45.363756],[137.082774,45.355211],[137.0,45.301851267882256],[136.926362,45.254381],[136.825531,45.204088],[136.810802,45.193183],[136.800304,45.175279],[136.788585,45.128119],[136.78004,45.107856],[136.760753,45.087877],[136.718516,45.067369],[136.700938,45.056342],[136.698009,45.052558],[136.691417,45.041164],[136.690522,45.038967],[136.684337,45.037909],[136.669444,45.040229],[136.663341,45.038967],[136.656505,45.033393],[136.577647,44.952948],[136.571625,44.950263],[136.564789,44.949652],[136.558197,44.94831],[136.553477,44.943345],[136.553071,44.937893],[136.555186,44.931952],[136.558116,44.928127],[136.560313,44.929104],[136.558116,44.918443],[136.556651,44.902045],[136.553477,44.894965],[136.51588,44.875067],[136.510265,44.869696],[136.498302,44.845771],[136.488292,44.840277],[136.478038,44.839301],[136.467621,44.836615],[136.458018,44.832261],[136.450287,44.826646],[136.447276,44.818061],[136.443614,44.785102],[136.426117,44.77265],[136.408458,44.776679],[136.388682,44.786811],[136.364757,44.792548],[136.354584,44.788804],[136.349946,44.779853],[136.346934,44.7685],[136.341075,44.757758],[136.334972,44.752753],[136.326996,44.748847],[136.317638,44.745998],[136.306977,44.744086],[136.312022,44.733222],[136.321137,44.725002],[136.329845,44.718655],[136.333751,44.71369],[136.328868,44.707343],[136.317719,44.701809],[136.305431,44.697821],[136.274506,44.692939],[136.260753,44.68358],[136.235362,44.651679],[136.227306,44.631049],[136.233165,44.586086],[136.228119,44.569729],[136.219005,44.565375],[136.208832,44.564195],[136.200531,44.560533],[136.19516,44.538967],[136.186046,44.521145],[136.184093,44.515082],[136.165294,44.496527],[136.132843,44.48058],[136.122569,44.475531],[136.046397,44.449897],[136.034028,44.450832],[136.009044,44.456936],[135.998546,44.456122],[135.993175,44.451972],[135.98935,44.440579],[135.984874,44.435614],[135.950938,44.420111],[135.908214,44.409613],[135.888682,44.401516],[135.88087,44.393744],[135.872081,44.38227],[135.862153,44.371894],[135.837901,44.362698],[135.835704,44.351711],[135.840831,44.329495],[135.834565,44.311225],[135.819428,44.290595],[135.786225,44.258124],[135.766938,44.250434],[135.742279,44.24494],[135.720958,44.236558],[135.711762,44.220282],[135.704845,44.198391],[135.688487,44.187161],[135.669932,44.179592],[135.655854,44.168687],[135.65089,44.15762],[135.649425,44.145697],[135.65211,44.134101],[135.659272,44.12401],[135.659679,44.116441],[135.653087,44.106024],[135.63852,44.089301],[135.62851,44.068549],[135.628429,44.052191],[135.624034,44.038479],[135.601329,44.025377],[135.560883,44.01439],[135.54127,44.003974],[135.53297,43.987209],[135.53419,43.967841],[135.53297,43.962633],[135.529877,43.959784],[135.525157,43.957831],[135.518809,43.956488],[135.511974,43.921698],[135.505382,43.931708],[135.493175,43.943915],[135.478282,43.951972],[135.463634,43.949652],[135.458751,43.938178],[135.466401,43.925482],[135.472667,43.911119],[135.463634,43.894436],[135.47934,43.893988],[135.48463,43.894436],[135.48463,43.887519],[135.480805,43.877997],[135.490001,43.878648],[135.518809,43.887519],[135.518809,43.880764],[135.487885,43.832709],[135.474376,43.825507],[135.472504,43.818101],[135.429291,43.778306],[135.429535,43.771308],[135.425792,43.76317],[135.417735,43.758979],[135.390147,43.754828],[135.381358,43.747463],[135.375092,43.738349],[135.367931,43.729926],[135.359223,43.722317],[135.354991,43.719468],[135.33961,43.715399],[135.331147,43.716457],[135.323253,43.716539],[135.316417,43.712836],[135.309174,43.706773],[135.285411,43.691881],[135.275401,43.688951],[135.259776,43.693752],[135.256358,43.704535],[135.258067,43.716254],[135.258067,43.7237],[135.24936,43.729438],[135.235606,43.734076],[135.223237,43.732611],[135.217621,43.719957],[135.210216,43.71369],[135.182221,43.710639],[135.183604,43.703192],[135.196056,43.696479],[135.208832,43.695461],[135.220958,43.69302],[135.230724,43.682115],[135.226817,43.682196],[135.224864,43.668362],[135.223888,43.644599],[135.219574,43.634955],[135.210216,43.630439],[135.200776,43.627834],[135.196544,43.624091],[135.176117,43.593329],[135.17213,43.583564],[135.167247,43.566555],[135.162446,43.55858],[135.153901,43.551256],[135.144867,43.546129],[135.13795,43.539496],[135.135265,43.527899],[135.136241,43.52497],[135.138682,43.523098],[135.14088,43.520168],[135.1421,43.514228],[135.139903,43.508368],[135.135265,43.505601],[135.130626,43.50373],[135.128429,43.500556],[135.115326,43.500678],[135.056163,43.488105],[134.974701,43.45954],[134.963878,43.45246],[134.956391,43.436347],[134.938324,43.426988],[134.895518,43.415229],[134.873546,43.404975],[134.835704,43.379706],[134.770274,43.315253],[134.750987,43.305365],[134.728038,43.312567],[134.702891,43.304185],[134.680186,43.288764],[134.665294,43.274319],[134.656016,43.267239],[134.633637,43.261542],[134.621186,43.256985],[134.613129,43.251125],[134.59726,43.236029],[134.587169,43.22899],[134.560069,43.234809],[134.530365,43.220364],[134.477306,43.18183],[134.430431,43.157904],[134.409434,43.152167],[134.375824,43.138495],[134.357432,43.125556],[134.347911,43.121568],[134.337901,43.120429],[134.321381,43.127387],[134.314545,43.123481],[134.305919,43.113593],[134.255219,43.095526],[134.240733,43.092475],[134.223888,43.090806],[134.207856,43.08633],[134.193696,43.079779],[134.182384,43.071967],[134.178315,43.066596],[134.176036,43.054877],[134.171886,43.048041],[134.165375,43.044338],[134.14796,43.040188],[134.14088,43.037258],[134.129649,43.024604],[134.120372,43.008979],[134.10849,42.995673],[134.069835,42.985053],[134.049571,42.973293],[133.926768,42.882717],[133.910655,42.879828],[133.896251,42.884914],[133.871349,42.899319],[133.864513,42.90119],[133.850352,42.900702],[133.83961,42.89761],[133.818451,42.883938],[133.794281,42.876695],[133.729991,42.845445],[133.723969,42.825181],[133.717296,42.816636],[133.706309,42.822455],[133.677745,42.848822],[133.671641,42.852851],[133.642914,42.853827],[133.633637,42.852851],[133.614106,42.846381],[133.604991,42.846259],[133.593354,42.852851],[133.589447,42.842475],[133.584972,42.835639],[133.579194,42.830756],[133.572276,42.826239],[133.551768,42.818752],[133.545502,42.819729],[133.524425,42.826239],[133.511974,42.821723],[133.50766,42.816962],[133.505138,42.811428],[133.497813,42.804429],[133.488048,42.799954],[133.468028,42.793199],[133.444347,42.77912],[133.420177,42.77143],[133.377452,42.763495],[133.31837,42.765815],[133.298595,42.763495],[133.237397,42.743964],[133.222911,42.736233],[133.193696,42.706773],[133.177745,42.693793],[133.157725,42.688422],[133.062022,42.688422],[133.03769,42.691392],[133.024425,42.699368],[133.013438,42.710354],[132.996349,42.722561],[133.008637,42.727851],[133.026866,42.739651],[133.038422,42.742987],[133.05185,42.741197],[133.066173,42.737372],[133.076671,42.738105],[133.078868,42.749823],[133.067393,42.762844],[133.043224,42.779608],[132.996349,42.804429],[133.006602,42.815497],[133.010509,42.818752],[132.989757,42.826972],[132.963227,42.826077],[132.911632,42.818752],[132.900483,42.815579],[132.890391,42.808498],[132.887462,42.801459],[132.89796,42.798285],[132.900157,42.793931],[132.887706,42.763495],[132.875336,42.755927],[132.865001,42.748114],[132.852306,42.746487],[132.833018,42.749823],[132.815929,42.756415],[132.805186,42.765815],[132.791515,42.790839],[132.798432,42.808417],[132.791108,42.820502],[132.775401,42.828111],[132.757335,42.832424],[132.766368,42.851793],[132.773692,42.875067],[132.774425,42.895901],[132.763438,42.908149],[132.739757,42.907172],[132.703705,42.87873],[132.681651,42.873358],[132.68629,42.868842],[132.691173,42.862738],[132.695323,42.859687],[132.683197,42.855699],[132.637218,42.859687],[132.618907,42.859198],[132.608165,42.856838],[132.600108,42.85163],[132.589122,42.842353],[132.577891,42.840399],[132.564708,42.846259],[132.544444,42.859687],[132.517833,42.865953],[132.510509,42.871405],[132.503429,42.88703],[132.503429,42.900092],[132.50587,42.913642],[132.502696,42.924302],[132.486095,42.928616],[132.428315,42.935981],[132.413341,42.941107],[132.404389,42.942288],[132.397065,42.939358],[132.395274,42.932766],[132.3956,42.925767],[132.394135,42.92178],[132.366303,42.915676],[132.354259,42.910834],[132.345795,42.900702],[132.35019,42.896633],[132.355317,42.887519],[132.360118,42.880805],[132.355235,42.875067],[132.353526,42.870266],[132.355235,42.865465],[132.360118,42.859687],[132.348399,42.854926],[132.325694,42.851467],[132.31837,42.845445],[132.311534,42.845445],[132.289317,42.882717],[132.28769,42.890448],[132.294526,42.902777],[132.295665,42.917548],[132.291108,42.949123],[132.299571,42.997138],[132.30128,43.023912],[132.291108,43.044623],[132.303233,43.053168],[132.304942,43.064032],[132.299815,43.075507],[132.291108,43.085639],[132.307465,43.086615],[132.320567,43.094184],[132.325694,43.106269],[132.31837,43.120429],[132.324799,43.122952],[132.333751,43.130194],[132.33961,43.134019],[132.332774,43.138332],[132.325938,43.140855],[132.327485,43.148993],[132.327647,43.1706],[132.329112,43.174994],[132.339366,43.173651],[132.348155,43.171454],[132.356537,43.170966],[132.366954,43.174994],[132.381684,43.19123],[132.376069,43.204739],[132.358979,43.215522],[132.317149,43.23135],[132.307709,43.238186],[132.308442,43.247016],[132.316742,43.251899],[132.340668,43.261542],[132.345795,43.267157],[132.349213,43.279202],[132.354828,43.282538],[132.356212,43.285956],[132.345795,43.297919],[132.314952,43.31566],[132.305431,43.319037],[132.289561,43.312567],[132.281993,43.27851],[132.260509,43.270575],[132.253998,43.266506],[132.242524,43.24551],[132.235932,43.236518],[132.226654,43.229804],[132.136811,43.191636],[132.116466,43.188666],[132.095958,43.180976],[132.07545,43.163031],[132.0442,43.127265],[132.029633,43.116523],[131.991303,43.095852],[131.972016,43.082506],[131.95224,43.071967],[131.929942,43.069566],[131.907237,43.074408],[131.886485,43.085639],[131.896251,43.095364],[131.90797,43.10106],[131.917247,43.107856],[131.920665,43.120429],[131.870942,43.090318],[131.859141,43.085639],[131.847179,43.089911],[131.849864,43.100491],[131.879405,43.137397],[131.900157,43.18183],[131.911713,43.197577],[131.923676,43.207831],[131.958588,43.229926],[131.978038,43.235541],[131.996837,43.238715],[132.000499,43.244534],[132.001964,43.252183],[132.006602,43.260321],[132.044932,43.286444],[132.051524,43.297919],[132.052013,43.314765],[132.044444,43.324368],[132.031016,43.325141],[132.014008,43.315619],[132.00351,43.299506],[131.999848,43.284084],[131.992035,43.273098],[131.968354,43.270575],[131.978119,43.29206],[131.956798,43.305854],[131.895274,43.31863],[131.884776,43.317776],[131.856944,43.307318],[131.846039,43.305365],[131.832042,43.309882],[131.82602,43.317939],[131.828136,43.326402],[131.838634,43.332709],[131.826671,43.337958],[131.815684,43.336737],[131.807628,43.330959],[131.804535,43.322089],[131.799327,43.315863],[131.774181,43.302069],[131.764252,43.291693],[131.756358,43.263739],[131.756847,43.242499],[131.750499,43.225287],[131.722667,43.209784],[131.722667,43.202338],[131.74171,43.201483],[131.758311,43.19538],[131.763927,43.185858],[131.749848,43.174994],[131.730724,43.17414],[131.71754,43.184475],[131.706635,43.196845],[131.694672,43.202338],[131.683849,43.199286],[131.679535,43.193671],[131.677826,43.187323],[131.674164,43.18183],[131.651134,43.169623],[131.646983,43.16885],[131.651459,43.155992],[131.666759,43.156887],[131.684093,43.165229],[131.694672,43.174994],[131.68336,43.148505],[131.664887,43.12519],[131.586762,43.049954],[131.562999,43.038316],[131.563731,43.02383],[131.567638,43.007554],[131.564952,42.996283],[131.547862,42.993109],[131.53297,43.002265],[131.51767,43.009345],[131.499522,42.999986],[131.491954,42.98432],[131.494884,42.970608],[131.49936,42.957099],[131.496104,42.942288],[131.491954,42.944892],[131.477306,42.941962],[131.455089,42.93476],[131.438243,42.934149],[131.429942,42.935045],[131.405528,42.950629],[131.393891,42.945014],[131.38795,42.930121],[131.386241,42.914293],[131.406342,42.910061],[131.410737,42.900946],[131.400401,42.873358],[131.458995,42.884426],[131.471934,42.883938],[131.47169,42.873236],[131.456147,42.863837],[131.436371,42.85578],[131.409028,42.839342],[131.378917,42.831122],[131.365733,42.818752],[131.360362,42.806627],[131.35963,42.794257],[131.363617,42.782172],[131.352017,42.774328],[131.300134,42.793277],[131.273127,42.777331],[131.257069,42.751561],[131.246896,42.732534],[131.236447,42.706644],[131.249604,42.694566],[131.251801,42.690823],[131.261078,42.688056],[131.263276,42.685004],[131.262299,42.681098],[131.258067,42.675238],[131.257091,42.671332],[131.254161,42.668199],[131.247081,42.667304],[131.232677,42.667914],[131.224213,42.66059],[131.216563,42.644192],[131.209017,42.636295],[131.209784,42.622613],[131.203483,42.619063],[131.201182,42.614025],[131.20801,42.608522],[131.224301,42.604926],[131.228736,42.597125],[131.22797,42.591676],[131.23409,42.588854],[131.234047,42.587262],[131.21805,42.586132],[131.212751,42.583939],[131.224376,42.570624],[131.22156,42.566304],[131.219547,42.554712],[131.213275,42.551393],[131.203751,42.557244],[131.19456,42.558967],[131.185346,42.55955],[131.179637,42.564003],[131.17099,42.572943],[131.167003,42.575629],[131.167003,42.585395],[131.171153,42.585273],[131.179197,42.594382],[131.18065,42.605205],[131.158494,42.601305],[131.143565,42.612698],[131.126903,42.617256],[131.127415,42.64681],[131.120347,42.66719],[131.105701,42.668348],[131.092886,42.654888],[131.087027,42.640375],[131.073578,42.638861],[131.034434,42.645209],[130.994884,42.640692],[130.95248,42.627798],[130.931163,42.60692],[130.914317,42.601508],[130.889659,42.599595],[130.872569,42.603949],[130.832506,42.625775],[130.815478,42.634172],[130.838587,42.642995],[130.862876,42.640816],[130.889481,42.638612],[130.911513,42.616826],[130.93214,42.618354],[130.944591,42.631171],[130.949714,42.653123],[130.931781,42.657509],[130.899445,42.654631],[130.881525,42.658988],[130.847833,42.661317],[130.803441,42.651151],[130.786981,42.653764],[130.795947,42.66285],[130.832042,42.674058],[130.83701,42.691592],[130.825457,42.699322],[130.801786,42.696845],[130.781866,42.690282],[130.769298,42.681586],[130.745349,42.681096],[130.734667,42.691689],[130.720758,42.700025],[130.693526,42.68545],[130.65667,42.66408],[130.660789,42.643185],[130.683442,42.643541],[130.732921,42.615546],[130.736908,42.607245],[130.729503,42.579169],[130.754649,42.597235],[130.763031,42.599595],[130.774181,42.596829],[130.778087,42.591132],[130.779552,42.584662],[130.783539,42.579169],[130.842133,42.558539],[130.851817,42.547797],[130.854991,42.539252],[130.86964,42.535468],[130.872895,42.527655],[130.870209,42.517971],[130.864594,42.517279],[130.859711,42.521064],[130.85849,42.524563],[130.850597,42.520006],[130.846446,42.520697],[130.843028,42.519761],[130.838145,42.51024],[130.83839,42.506293],[130.843761,42.493964],[130.844981,42.486314],[130.838715,42.472357],[130.823253,42.465033],[130.80421,42.462348],[130.786632,42.461859],[130.780772,42.453437],[130.763031,42.400377],[130.75275,42.380777],[130.743194,42.353687],[130.734805,42.337598],[130.703603,42.295241],[130.699962,42.295111],[130.695557,42.289001],[130.667129,42.283092],[130.631577,42.274397],[130.616621,42.272318],[130.603823,42.26326],[130.597544,42.26278],[130.598481,42.280951],[130.597667,42.291938],[130.594981,42.298163],[130.582042,42.307929],[130.569366,42.315259],[130.540501,42.318371],[130.519053,42.327603],[130.51019,42.33578],[130.480684,42.339752],[130.465653,42.334752],[130.469396,42.322075],[130.45646,42.311769],[130.440098,42.309128],[130.431839,42.318125],[130.419159,42.324398],[130.40745,42.324577],[130.406993,42.315741],[130.405854,42.307115],[130.393999,42.299952],[130.384157,42.291195],[130.386322,42.277655],[130.386241,42.270657],[130.391124,42.264106],[130.399262,42.26317],[130.405854,42.26081],[130.406016,42.249579],[130.40089,42.242499],[130.393321,42.244086],[130.378182,42.257855],[130.367992,42.255687],[130.360655,42.243664],[130.369837,42.232011],[130.358829,42.229272],[130.351505,42.216083],[130.335057,42.213999],[130.330645,42.191508],[130.31877,42.18473],[130.307026,42.183154],[130.30816,42.197595],[130.315635,42.218883],[130.307418,42.236295],[130.294182,42.237045],[130.251363,42.205291],[130.228986,42.182452],[130.214936,42.174628],[130.202274,42.173551],[130.204286,42.159644],[130.199311,42.101304],[130.193858,42.100979],[130.185313,42.103909],[130.17392,42.098782],[130.160248,42.08511],[130.163585,42.083482],[130.166596,42.077094],[130.159432,42.072838],[130.150108,42.074103],[130.133198,42.084719],[130.120069,42.090081],[130.092772,42.089811],[130.073041,42.078459],[130.067955,42.059414],[130.067015,42.051899],[130.052222,42.050365],[130.049712,42.042288],[130.044908,42.035976],[130.03647,42.011624],[130.033879,41.995514],[130.026817,41.9927],[130.01495,42.014404],[130.002884,42.010912],[130.001297,41.990466],[129.982188,41.982652],[129.989024,41.978176],[129.994151,41.973049],[130.002696,41.962226],[129.992931,41.959784],[129.985606,41.955268],[129.974864,41.941636],[129.978282,41.943793],[129.975678,41.933987],[129.971039,41.922065],[129.968598,41.917467],[129.964692,41.898749],[129.954438,41.892035],[129.946787,41.894935],[129.937394,41.903898],[129.91362,41.911195],[129.89674,41.904263],[129.890391,41.883002],[129.883393,41.857408],[129.884532,41.824164],[129.869652,41.791457],[129.855171,41.781792],[129.85246,41.764923],[129.842813,41.758783],[129.826546,41.778446],[129.813315,41.777733],[129.77476,41.759417],[129.762787,41.731024],[129.749766,41.696275],[129.741361,41.684018],[129.715019,41.675337],[129.690823,41.649716],[129.683185,41.61772],[129.669409,41.575959],[129.648798,41.549403],[129.660655,41.525946],[129.657723,41.509239],[129.65273,41.494124],[129.659403,41.464647],[129.681678,41.443084],[129.70167,41.428666],[129.714603,41.419646],[129.736056,41.421286],[129.744151,41.406963],[129.758184,41.392594],[129.769298,41.386176],[129.775645,41.385484],[129.791108,41.387763],[129.796641,41.386176],[129.806163,41.376044],[129.805186,41.372789],[129.799897,41.368598],[129.796641,41.355455],[129.794688,41.352281],[129.786876,41.330064],[129.786143,41.324774],[129.770356,41.315131],[129.759125,41.292873],[129.719574,41.166938],[129.711925,41.122626],[129.728282,41.08515],[129.722016,41.071845],[129.719819,41.05622],[129.720795,41.023668],[129.728282,40.978705],[129.732514,40.96894],[129.750824,40.951728],[129.764891,40.944414],[129.755574,40.93897],[129.749229,40.91701],[129.752997,40.90994],[129.734272,40.891102],[129.737343,40.871456],[129.725219,40.847818],[129.716558,40.834586],[129.706087,40.835661],[129.698357,40.845606],[129.68456,40.841829],[129.662852,40.838772],[129.643922,40.841618],[129.626167,40.838312],[129.609803,40.840929],[129.597968,40.838541],[129.571773,40.839716],[129.553941,40.828932],[129.551051,40.810117],[129.531997,40.807277],[129.518081,40.795467],[129.50624,40.792074],[129.476529,40.793878],[129.426954,40.781296],[129.389187,40.76076],[129.351687,40.745343],[129.339756,40.73443],[129.32783,40.718128],[129.31121,40.687472],[129.303233,40.673651],[129.296153,40.676256],[129.286632,40.68358],[129.277917,40.698037],[129.270138,40.70798],[129.253157,40.709132],[129.233482,40.705714],[129.217703,40.696353],[129.212393,40.685952],[129.206426,40.675546],[129.206386,40.670089],[129.206995,40.663632],[129.201709,40.656207],[129.200362,40.650753],[129.197765,40.638007],[129.19337,40.632636],[129.190522,40.622504],[129.18705,40.616535],[129.179165,40.609599],[129.174555,40.60366],[129.173676,40.593451],[129.172618,40.568915],[129.161235,40.565549],[129.155312,40.556635],[129.150899,40.545897],[129.115066,40.511165],[129.077564,40.472565],[129.030116,40.47397],[128.975812,40.459933],[128.90073811655424,40.39896341623154],[128.899755,40.398165],[128.860532,40.371848],[128.830534,40.367387],[128.813567,40.35498],[128.780974,40.347025],[128.764042,40.34653],[128.752005,40.335095],[128.721645,40.338947],[128.687808,40.331197],[128.669669,40.310771],[128.656655,40.310763],[128.65534,40.320177],[128.636489,40.313217],[128.618948,40.297331],[128.616447,40.271443],[128.628792,40.266009],[128.656722,40.25714],[128.66063,40.247722],[128.66778,40.240309],[128.662599,40.225413],[128.664561,40.201239],[128.650931,40.197148],[128.641847,40.190693],[128.634713,40.184239],[128.628875,40.180266],[128.621732,40.180756],[128.608103,40.185702],[128.588611,40.186673],[128.577607,40.180211],[128.543199,40.166767],[128.536093,40.151375],[128.527681,40.143424],[128.510189,40.135456],[128.479799,40.134749],[128.466266,40.124374],[128.448563,40.1095],[128.434946,40.104002],[128.411388,40.096381],[128.391844,40.099577],[128.364765,40.09689],[128.337765,40.067048],[128.327753,40.028216],[128.302094,40.033433],[128.280132,40.065477],[128.263444,40.077105],[128.236322,40.067904],[128.227837,40.056206],[128.234386,40.029364],[128.225108,40.027574],[128.203217,40.029608],[128.19337,40.029364],[128.182384,40.026109],[128.164317,40.017971],[128.155121,40.016303],[128.146821,40.018297],[128.143565,40.022854],[128.139415,40.02733],[128.006847,40.045152],[128.002289,40.040473],[128.000987,40.025946],[127.997813,40.020413],[127.989757,40.014838],[127.979828,40.010565],[127.970551,40.008857],[127.963715,40.004096],[127.947276,39.981635],[127.940033,39.974758],[127.930268,39.97191],[127.906659,39.983942],[127.891038,39.961225],[127.891263,39.943831],[127.884044,39.902086],[127.874604,39.892808],[127.78183,39.885403],[127.796397,39.875637],[127.794037,39.865668],[127.762438,39.853534],[127.727383,39.857189],[127.69575,39.848201],[127.679629,39.816439],[127.663291,39.806801],[127.648699,39.820897],[127.623749,39.830935],[127.607188,39.810248],[127.593028,39.80622],[127.57602,39.796291],[127.56186,39.784003],[127.549408,39.761054],[127.520844,39.746975],[127.514415,39.738593],[127.512462,39.731106],[127.503754,39.715522],[127.501313,39.707221],[127.50172,39.698472],[127.506358,39.683783],[127.508556,39.660061],[127.512218,39.649482],[127.518565,39.644843],[127.528087,39.645819],[127.552745,39.636786],[127.570323,39.617865],[127.574555,39.595038],[127.53677,39.552012],[127.5307166018543,39.536611808170996],[127.40535211437931,39.607916441169],[127.2009925141593,39.72344955959346],[126.9498416716931,39.738084632872614],[126.69864815028829,39.752140175311354],[126.44741621660435,39.76561620909385],[126.19615014136238,39.778512770097116],[125.94485419894974,39.79082990792246],[125.67566221416793,39.77696744580192],[125.40662410756246,39.76244711560006],[125.13774498079599,39.74726956746011],[124.86902991914384,39.731435468630615],[124.81397488489515,39.72805483422941],[124.81129,39.728339],[124.803071,39.730455],[124.799164,39.739814],[124.77065,39.741811],[124.76039,39.748008],[124.75644,39.770657],[124.746104,39.782945],[124.740245,39.772162],[124.739513,39.762112],[124.742931,39.752997],[124.749522,39.745063],[124.754731,39.73371],[124.75097626436485,39.72418642679494],[124.60801156444515,39.71540773127141],[124.600352,39.719306],[124.591563,39.720852],[124.584809,39.723578],[124.582286,39.731757],[124.583263,39.740546],[124.587901,39.756293],[124.589122,39.765855],[124.584727,39.770941],[124.56601,39.778876],[124.561615,39.786689],[124.56544,39.807115],[124.564057,39.814276],[124.554942,39.817084],[124.519786,39.818061],[124.434418,39.830756],[124.430024,39.829332],[124.426362,39.826483],[124.422618,39.824205],[124.417735,39.82453],[124.413666,39.827826],[124.40976,39.835924],[124.407237,39.837592],[124.403575,39.841498],[124.399181,39.859809],[124.396576,39.865546],[124.389659,39.867865],[124.362559,39.871731],[124.348888,39.892808],[124.341807,39.89997],[124.334809,39.905585],[124.327973,39.909735],[124.321544,39.912665],[124.332123,39.925116],[124.345714,39.930243],[124.359386,39.933539],[124.369965,39.940009],[124.376069,39.954088],[124.383067,40.002672],[124.405772,40.027777],[124.434093,40.024563],[124.465831,40.015286],[124.499604,40.022528],[124.479259,40.030748],[124.432872,40.032782],[124.410248,40.0362],[124.391449,40.048285],[124.384369,40.064887],[124.380382,40.082668],[124.369965,40.098293],[124.358246,40.089057],[124.356944,40.076321],[124.362559,40.04678],[124.364024,40.020901],[124.361339,40.011176],[124.352306,39.998969],[124.307872,39.961086],[124.302989,39.954088],[124.299083,39.940375],[124.2942,39.933783],[124.286713,39.929348],[124.280284,39.928697],[124.273692,39.9289],[124.266368,39.926947],[124.202159,39.878607],[124.15504,39.861314],[124.137218,39.842353],[124.118175,39.833157],[124.088145,39.851874],[124.066905,39.836168],[124.055431,39.829901],[124.041026,39.82453],[123.998057,39.815904],[123.985688,39.810248],[123.975108,39.815009],[123.967784,39.820543],[123.954926,39.834174],[123.942149,39.840562],[123.930675,39.836859],[123.920258,39.829495],[123.910655,39.82453],[123.887543,39.822903],[123.860362,39.824408],[123.834076,39.829169],[123.814464,39.837592],[123.807628,39.837592],[123.773041,39.818345],[123.720063,39.830552],[123.669688,39.856594],[123.643077,39.878567],[123.656749,39.919501],[123.640147,39.9147],[123.630951,39.903998],[123.626231,39.889106],[123.622569,39.871731],[123.601573,39.817084],[123.597667,39.792629],[123.591401,39.784329],[123.563731,39.770941],[123.563243,39.768785],[123.563243,39.770413],[123.553722,39.776109],[123.550792,39.779486],[123.547374,39.785346],[123.54184,39.791693],[123.533214,39.796617],[123.513194,39.797797],[123.495616,39.790717],[123.481537,39.77969],[123.445649,39.737047],[123.427745,39.72663],[123.410411,39.735175],[123.408458,39.745998],[123.410411,39.796617],[123.413097,39.801825],[123.418224,39.806545],[123.421153,39.813218],[123.417084,39.82453],[123.411632,39.82567],[123.403087,39.823554],[123.398204,39.818345],[123.403575,39.810248],[123.386729,39.789618],[123.364513,39.785224],[123.339366,39.784898],[123.314057,39.776109],[123.302989,39.784491],[123.285004,39.803453],[123.273204,39.810248],[123.264171,39.797309],[123.257172,39.801093],[123.252778,39.811184],[123.252045,39.817084],[123.244721,39.814032],[123.238048,39.809231],[123.23585,39.802436],[123.242198,39.793524],[123.252778,39.782904],[123.26352,39.767646],[123.265391,39.754096],[123.249034,39.748236],[123.222992,39.75495],[123.209972,39.75495],[123.204194,39.745063],[123.206391,39.734687],[123.212169,39.731391],[123.220795,39.730699],[123.242279,39.725491],[123.249278,39.725328],[123.255138,39.724107],[123.26295,39.718085],[123.269135,39.707587],[123.26588,39.701077],[123.223155,39.679755],[123.174327,39.665758],[123.128429,39.664862],[123.108002,39.690131],[123.099946,39.685777],[123.058116,39.67475],[123.039806,39.673082],[123.029633,39.674709],[123.016612,39.679511],[123.009125,39.680487],[123.005707,39.677436],[123.00058,39.671088],[122.991954,39.66592],[122.977631,39.666246],[122.977631,39.65884],[122.996349,39.649644],[122.992442,39.636705],[122.964122,39.61164],[122.944916,39.619696],[122.871593,39.60578],[122.848643,39.617865],[122.788178,39.572333],[122.779796,39.560452],[122.769135,39.558173],[122.710785,39.535956],[122.696544,39.523871],[122.688243,39.518622],[122.676768,39.515448],[122.672944,39.519965],[122.660981,39.528022],[122.648448,39.532416],[122.642589,39.526028],[122.636567,39.50845],[122.587901,39.466986],[122.576915,39.475653],[122.569102,39.483547],[122.562104,39.486762],[122.553233,39.48135],[122.553233,39.477525],[122.557221,39.473293],[122.561046,39.467963],[122.560069,39.460761],[122.555431,39.456],[122.551117,39.455959],[122.546479,39.45661],[122.54005,39.454006],[122.495616,39.427191],[122.469819,39.416693],[122.447032,39.412421],[122.413829,39.413642],[122.396332,39.411038],[122.383311,39.395657],[122.355968,39.387885],[122.344737,39.382025],[122.333263,39.372056],[122.318858,39.362006],[122.303559,39.354153],[122.29005,39.350979],[122.283702,39.343411],[122.27711,39.328518],[122.267426,39.31802],[122.251475,39.323676],[122.250743,39.319037],[122.249522,39.316555],[122.245372,39.310614],[122.240245,39.285631],[122.198578,39.251207],[122.115001,39.200751],[122.11671,39.188666],[122.110606,39.174994],[122.104015,39.163804],[122.104503,39.159125],[122.135834,39.158149],[122.149913,39.154446],[122.16269,39.146145],[122.14267,39.146308],[122.127452,39.141995],[122.073334,39.10456],[122.063975,39.101752],[122.055675,39.101386],[122.047862,39.099189],[122.039317,39.090888],[122.05128,39.067125],[122.042328,39.059719],[121.988048,39.062934],[121.980479,39.058783],[121.971283,39.049628],[121.959321,39.040473],[121.942963,39.036282],[121.929454,39.039862],[121.917247,39.046332],[121.904307,39.049384],[121.888438,39.042467],[121.901947,39.038031],[121.912934,39.030707],[121.920258,39.020941],[121.923188,39.008979],[121.879405,39.027411],[121.855968,39.033759],[121.826915,39.036282],[121.837983,39.015082],[121.880138,38.997016],[121.895274,38.981024],[121.894786,38.970771],[121.887543,38.962388],[121.871349,38.950629],[121.859874,38.944648],[121.847911,38.947455],[121.811534,38.972846],[121.78712,39.006903],[121.772472,39.021959],[121.744884,39.033515],[121.724701,39.030178],[121.720063,39.019517],[121.73878,39.008979],[121.73878,39.001532],[121.71046,39.006741],[121.680186,39.008979],[121.670909,39.007717],[121.635753,38.995307],[121.649262,38.994452],[121.656016,38.990627],[121.657807,38.983873],[121.656342,38.974189],[121.652599,38.963446],[121.647797,38.959377],[121.628917,38.954332],[121.60434,38.951972],[121.592133,38.948676],[121.587413,38.94009],[121.59254,38.935981],[121.618175,38.926418],[121.65919,38.926256],[121.676768,38.921536],[121.693614,38.909613],[121.703624,38.891913],[121.704845,38.873114],[121.6963,38.862942],[121.676117,38.871161],[121.654796,38.857856],[121.581065,38.862982],[121.552745,38.85814],[121.512218,38.826972],[121.504893,38.826483],[121.498871,38.814643],[121.484955,38.809882],[121.380138,38.816596],[121.344737,38.814643],[121.287608,38.788072],[121.260753,38.795111],[121.236664,38.798489],[121.21754,38.77558],[121.225597,38.776313],[121.244721,38.77558],[121.198497,38.727851],[121.179535,38.720933],[121.153087,38.727607],[121.141368,38.742743],[121.132416,38.758734],[121.114513,38.768134],[121.124115,38.778388],[121.134044,38.782213],[121.139252,38.789496],[121.134858,38.80976],[121.127778,38.818915],[121.117931,38.828192],[121.111339,38.840277],[121.114513,38.85814],[121.140147,38.874254],[121.152354,38.886298],[121.148529,38.899075],[121.090424,38.899075],[121.086192,38.905707],[121.096202,38.9206],[121.117931,38.943427],[121.128754,38.947333],[121.179535,38.954332],[121.188813,38.952297],[121.201996,38.942857],[121.210704,38.94009],[121.219493,38.940497],[121.234386,38.945624],[121.256847,38.949652],[121.29184,38.967353],[121.320323,38.966498],[121.334321,38.968573],[121.340343,38.977607],[121.338145,38.985256],[121.328868,39.00141],[121.326752,39.01203],[121.334239,39.026597],[121.352306,39.038072],[121.374848,39.044176],[121.395518,39.042467],[121.403331,39.038275],[121.408539,39.032864],[121.4192,39.018541],[121.428071,39.014716],[121.441498,39.013902],[121.467296,39.015123],[121.486339,39.019599],[121.546479,39.049262],[121.632335,39.069485],[121.674083,39.088039],[121.689789,39.11815],[121.681,39.13642],[121.649181,39.158149],[121.641938,39.176215],[121.629893,39.173245],[121.6067,39.180813],[121.592621,39.192206],[121.607921,39.200751],[121.605968,39.20539],[121.603363,39.216498],[121.601654,39.221259],[121.626313,39.224514],[121.633067,39.236151],[121.604086,39.25295],[121.589939,39.264054],[121.611984,39.274981],[121.636974,39.27265],[121.641938,39.272162],[121.646983,39.264879],[121.658458,39.266791],[121.680186,39.275214],[121.717784,39.296942],[121.736095,39.311754],[121.738292,39.319648],[121.731293,39.330471],[121.75351,39.355211],[121.765147,39.365383],[121.779796,39.371487],[121.79127,39.371324],[121.837494,39.364651],[121.865489,39.370551],[121.91505,39.395413],[121.942963,39.399359],[121.931244,39.417182],[121.922374,39.415229],[121.91269,39.40526],[121.898692,39.399359],[121.880951,39.397162],[121.848888,39.387356],[121.830658,39.385077],[121.745372,39.397895],[121.707774,39.395657],[121.717784,39.371487],[121.54892,39.361884],[121.52589,39.364651],[121.491954,39.388983],[121.461436,39.4737],[121.436046,39.508612],[121.419932,39.516059],[121.399506,39.520209],[121.354015,39.522203],[121.340424,39.519273],[121.319428,39.505683],[121.306163,39.501776],[121.299815,39.503363],[121.282481,39.512152],[121.272716,39.515448],[121.236827,39.514716],[121.227794,39.518866],[121.223399,39.528632],[121.228526,39.536444],[121.238373,39.54149],[121.248546,39.543402],[121.260001,39.563673],[121.291515,39.586371],[121.306163,39.597968],[121.326508,39.602362],[121.382183,39.601337],[121.449805,39.615098],[121.470714,39.632148],[121.463878,39.645819],[121.498165,39.652924],[121.52589,39.617865],[121.533295,39.622301],[121.536143,39.626654],[121.537201,39.631985],[121.539561,39.638983],[121.53769,39.641425],[121.527843,39.649604],[121.52589,39.652655],[121.528656,39.655951],[121.53769,39.662909],[121.539561,39.666246],[121.542328,39.669379],[121.547374,39.673163],[121.550141,39.678656],[121.546479,39.686713],[121.537446,39.692532],[121.530284,39.690985],[121.524018,39.687323],[121.518403,39.686713],[121.506847,39.694322],[121.490864,39.720994],[121.463878,39.738593],[121.462657,39.741523],[121.459809,39.74433],[121.457286,39.748481],[121.474185,39.756074],[121.484612,39.764005],[121.48732,39.778],[121.47755,39.78677],[121.471528,39.80508],[121.470714,39.810248],[121.509917,39.824031],[121.535899,39.861762],[121.566292,39.858842],[121.616093,39.871701],[121.635972,39.896687],[121.684906,39.922512],[121.707123,39.926947],[121.734386,39.923285],[121.754649,39.91828],[121.774425,39.920844],[121.799653,39.940009],[121.803803,39.948717],[121.805186,39.957831],[121.809662,39.965033],[121.836029,39.971137],[121.854747,39.985175],[121.87379,39.9914],[121.880138,39.998725],[121.880951,40.007961],[121.874766,40.016303],[121.864757,40.019436],[121.837901,40.020453],[121.826915,40.022528],[121.880461,40.041499],[121.929468,40.077286],[121.933116,40.101386],[121.995668,40.123895],[122.006358,40.156317],[121.991466,40.186998],[122.015961,40.188137],[122.038585,40.196357],[122.058849,40.209215],[122.091646,40.227207],[122.102306,40.248725],[122.107514,40.262152],[122.109386,40.275458],[122.108165,40.283881],[122.108653,40.291815],[122.106116,40.310123],[122.128687,40.325917],[122.180328,40.35242],[122.211029,40.380601],[122.203624,40.427232],[122.241954,40.427232],[122.250092,40.430609],[122.250987,40.438422],[122.249766,40.447333],[122.251475,40.453925],[122.265636,40.461371],[122.279552,40.465725],[122.288097,40.472846],[122.286876,40.488715],[122.30185,40.502346],[122.293956,40.523017],[122.275645,40.543647],[122.224864,40.578518],[122.176497,40.586583],[122.150434,40.603864],[122.137586,40.62402],[122.167979,40.65351],[122.170665,40.68651],[122.159434,40.701606],[122.136974,40.685126],[122.121837,40.680121],[122.108653,40.69953],[122.067149,40.735053],[122.049083,40.74608],[121.897185,40.807837],[121.872005,40.815057],[121.851085,40.832261],[121.843761,40.859687],[121.840587,40.913804],[121.836192,40.919745],[121.82838,40.933905],[121.825938,40.948188],[121.837494,40.954779],[121.848888,40.958441],[121.858897,40.967475],[121.874766,40.989569],[121.867931,40.995795],[121.82602,40.974026],[121.807384,40.960028],[121.777709,40.934972],[121.780056,40.90791],[121.769202,40.888949],[121.75839,40.871992],[121.739552,40.849079],[121.694423,40.848363],[121.594962,40.845924],[121.575043,40.841498],[121.567638,40.845526],[121.528888,40.867267],[121.510428,40.879357],[121.479997,40.884489],[121.450206,40.885932],[121.440929,40.891343],[121.43686,40.899075],[121.434581,40.907213],[121.429779,40.913804],[121.418468,40.918891],[121.394542,40.924221],[121.384776,40.930609],[121.361339,40.939643],[121.33725,40.928168],[121.315522,40.910142],[121.299327,40.899604],[121.285655,40.899237],[121.273936,40.903022],[121.264903,40.910386],[121.258393,40.92064],[121.244721,40.906399],[121.224946,40.927069],[121.200287,40.930732],[121.175792,40.922309],[121.155365,40.906399],[121.142426,40.900702],[121.130626,40.893297],[121.119965,40.884914],[121.111095,40.876044],[121.106049,40.873236],[121.083588,40.865424],[121.079926,40.862982],[121.080089,40.857082],[121.081147,40.850246],[121.08017,40.844916],[121.080273,40.828395],[121.065721,40.818396],[121.068351,40.803389],[121.04985,40.797401],[121.041924,40.814401],[121.029633,40.826483],[121.004975,40.833075],[120.990977,40.831285],[120.981944,40.826809],[120.97047,40.817939],[120.963227,40.806586],[120.967052,40.794013],[120.968516,40.783596],[120.957856,40.774726],[120.943858,40.765855],[120.93629,40.755561],[120.939545,40.740546],[120.956036,40.737331],[120.975847,40.739341],[120.994395,40.736274],[121.010265,40.730862],[121.020738,40.71933],[120.995649,40.715319],[120.962637,40.70929],[120.940195,40.691246],[120.92303,40.689223],[120.895305,40.685181],[120.884776,40.680487],[120.867686,40.678656],[120.847764,40.683097],[120.825321,40.674033],[120.819591,40.656928],[120.816417,40.640041],[120.808604,40.618354],[120.798432,40.599677],[120.788585,40.591742],[120.77003,40.585761],[120.700113,40.537244],[120.678788,40.521916],[120.669619,40.502841],[120.665703,40.4908],[120.659114,40.483761],[120.633311,40.475165],[120.620942,40.474433],[120.604096,40.465155],[120.597016,40.450019],[120.598481,40.43183],[120.597376,40.422423],[120.584076,40.413723],[120.562104,40.411322],[120.545665,40.402411],[120.539073,40.38288],[120.547526,40.376159],[120.567316,40.380237],[120.588396,40.38432],[120.591153,40.367298],[120.564868,40.354182],[120.534584,40.344059],[120.501758,40.32691],[120.500987,40.307847],[120.501313,40.291897],[120.506602,40.273342],[120.504893,40.249091],[120.492524,40.231269],[120.472016,40.214301],[120.450694,40.201077],[120.436046,40.194485],[120.394352,40.194312],[120.358002,40.191799],[120.333588,40.186998],[120.309027,40.179668],[120.289474,40.163484],[120.261322,40.146715],[120.246357,40.144123],[120.225469,40.134947],[120.19394,40.126654],[120.188975,40.126166],[120.183197,40.123236],[120.154964,40.111355],[120.118429,40.100035],[119.950277,40.056502],[119.91531,40.036153],[119.911798,40.011106],[119.911998,39.998088],[119.875501,39.994739],[119.85019,39.986314],[119.811046,39.973049],[119.792491,39.963446],[119.774425,39.950507],[119.749649,39.952397],[119.708217,39.934935],[119.660899,39.932685],[119.620616,39.911038],[119.603038,39.90644],[119.571864,39.904296],[119.5537,39.899063],[119.535592,39.890826],[119.524913,39.871731],[119.519867,39.858303],[119.524899,39.841649],[119.530699,39.814702],[119.495524,39.813236],[119.466795,39.814848],[119.429406,39.795306],[119.411538,39.778029],[119.385869,39.75963],[119.367866,39.748348],[119.355805,39.735785],[119.349864,39.731757],[119.33961,39.715562],[119.314057,39.641181],[119.302338,39.617825],[119.284923,39.595445],[119.281016,39.596747],[119.267589,39.597968],[119.245372,39.594468],[119.223237,39.584662],[119.208588,39.569566],[119.208995,39.550198],[119.232677,39.56623],[119.243012,39.570705],[119.238048,39.56273],[119.234141,39.554389],[119.231212,39.545478],[119.22934,39.535956],[119.242686,39.545885],[119.262397,39.577512],[119.270142,39.580636],[119.281398,39.575014],[119.261981,39.535084],[119.256425,39.493111],[119.270763,39.489061],[119.297103,39.455217],[119.305075,39.432978],[119.296128,39.411639],[119.279429,39.384006],[119.25566,39.365522],[119.22585,39.357767],[119.203345,39.363438],[119.184804,39.354814],[119.129266,39.294074],[119.093767,39.260808],[119.062349,39.231466],[119.039317,39.212877],[119.015636,39.189765],[118.9935,39.179633],[118.940196,39.138861],[118.926036,39.130601],[118.910411,39.125434],[118.894298,39.124416],[118.894298,39.131822],[118.931895,39.152248],[118.941987,39.159125],[118.947602,39.168606],[118.950694,39.179023],[118.956309,39.188056],[118.969981,39.193305],[118.945567,39.192125],[118.90268,39.176663],[118.880626,39.172797],[118.885509,39.185248],[118.87143,39.2001],[118.87379,39.213813],[118.858979,39.207506],[118.840535,39.17563],[118.8162,39.163665],[118.795991,39.151777],[118.774694,39.14817],[118.727779,39.14725],[118.687204,39.153473],[118.65823004308149,39.158230043081495],[118.649082,39.159732],[118.61936,39.161042],[118.590151,39.148312],[118.560493,39.147043],[118.52711,39.149237],[118.519379,39.13935],[118.529146,39.124653],[118.512146,39.11598],[118.487096,39.102018],[118.469106,39.097793],[118.409959,39.0629],[118.380115,39.050422],[118.360351,39.041948],[118.34427,39.030709],[118.326096,39.030932],[118.300126,39.040564],[118.267855,39.043004],[118.235285,39.053098],[118.207122,39.076706],[118.186804,39.11008],[118.170936,39.135251],[118.140528,39.172835],[118.096404,39.202392],[118.04538,39.218972],[118.02802,39.219798],[117.973725,39.216132],[117.931163,39.212104],[117.88559,39.201117],[117.811816,39.15137],[117.757335,39.114447],[117.737559,39.106391],[117.715424,39.111396],[117.718272,39.093004],[117.726649,39.088291],[117.737817,39.078387],[117.751478,39.067914],[117.757484,39.045086],[117.765772,39.026155],[117.773615,38.998904],[117.775264,38.981058],[117.743256,38.982245],[117.729503,38.984361],[117.701915,38.995307],[117.704356,38.986151],[117.705577,38.984361],[117.708751,38.981024],[117.583995,38.811591],[117.57838,38.79267],[117.576264,38.773749],[117.573222,38.713748],[117.558778,38.690941],[117.557246,38.672349],[117.55741884568366,38.67153206713137],[117.560473,38.657097],[117.55295431522737,38.64344938734755],[117.54999969042368,38.6599913919106],[117.5454475217326,38.66704282064972],[117.47445606142834,38.7770104552855],[117.44022103843301,38.83004140413995],[117.32999004437377,39.00000946801633]],[[108.717654,40.838721],[108.708235,40.811934],[108.714122,40.801042],[108.729723,40.80428],[108.768874,40.837249],[108.816855,40.86021],[108.838638,40.876105],[108.852179,40.891412],[108.8772,40.90613],[108.876317,40.908191],[108.883087,40.912018],[108.897511,40.92703],[108.903398,40.934389],[108.926358,40.952934],[108.944903,40.971774],[108.951085,40.994145],[108.944903,41.023582],[108.932834,41.030646],[108.921354,41.033001],[108.897805,41.030352],[108.896628,41.026525],[108.888974,41.018577],[108.880143,41.013868],[108.876022,41.020049],[108.873962,41.023582],[108.869841,41.029175],[108.863953,41.034473],[108.858655,41.036828],[108.829218,41.027114],[108.821859,41.00592],[108.831279,40.98502],[108.852179,40.975306],[108.858949,40.967064],[108.861598,40.948813],[108.861598,40.93174],[108.836283,40.934389],[108.8145,40.94116],[108.800371,40.939099],[108.782414,40.926736],[108.766813,40.91084],[108.751801,40.899654],[108.747974,40.91084],[108.74032,40.917905],[108.729723,40.921437],[108.717654,40.920554],[108.728251,40.895239],[108.731489,40.88317],[108.732078,40.872278],[108.730018,40.861976],[108.727368,40.855205],[108.717654,40.838721]],[[116.756739,43.278116],[116.762331,43.299899],[116.75615,43.315795],[116.741726,43.326687],[116.728774,43.332574],[116.705814,43.34582],[116.701987,43.353474],[116.736427,43.37349],[116.697277,43.385559],[116.667252,43.38762],[116.660776,43.387326],[116.653711,43.385559],[116.642231,43.38085],[116.616327,43.37349],[116.599254,43.357889],[116.570995,43.319033],[116.575999,43.318739],[116.58012,43.317561],[116.58483,43.316973],[116.5916,43.319033],[116.582769,43.301371],[116.566285,43.290774],[116.530961,43.278116],[116.510945,43.268108],[116.495049,43.257217],[116.481508,43.244559],[116.46885,43.228958],[116.573055,43.223953],[116.674317,43.236611],[116.719943,43.246914],[116.740843,43.2581],[116.756739,43.278116]],[[124.340147,45.266546],[124.321897,45.285091],[124.311005,45.290095],[124.299525,45.293628],[124.241535,45.323947],[124.188844,45.339843],[124.134387,45.34102],[124.081401,45.32012],[124.102007,45.308935],[124.174715,45.313644],[124.190905,45.295983],[124.194437,45.26949],[124.205034,45.247707],[124.222402,45.230339],[124.246834,45.216504],[124.243596,45.212972],[124.241535,45.209145],[124.238297,45.205613],[124.232116,45.202964],[124.251249,45.187068],[124.283629,45.178826],[124.345446,45.175588],[124.369584,45.177943],[124.39431,45.185007],[124.414327,45.197665],[124.424924,45.216504],[124.433461,45.232106],[124.420214,45.240642],[124.376354,45.244469],[124.363402,45.249767],[124.351039,45.257421],[124.340147,45.266546]],[[124.286867,45.367219],[124.270089,45.386058],[124.250366,45.374283],[124.236237,45.3525],[124.235942,45.340432],[124.252721,45.344553],[124.261846,45.3525],[124.272443,45.357799],[124.294521,45.354267],[124.289222,45.359271],[124.286867,45.367219]],[[117.63571,45.56356],[117.616282,45.568269],[117.596854,45.57033],[117.585374,45.587109],[117.573893,45.572685],[117.577426,45.559733],[117.598914,45.532357],[117.507661,45.532063],[117.464684,45.526175],[117.427594,45.512046],[117.384912,45.478783],[117.366367,45.470835],[117.326628,45.463476],[117.319857,45.456411],[117.338991,45.44287],[117.359008,45.446991],[117.380496,45.439044],[117.427889,45.405192],[117.435837,45.401659],[117.501185,45.401071],[117.509722,45.401954],[117.515315,45.408724],[117.518259,45.418144],[117.522968,45.426386],[117.53386,45.429918],[117.545929,45.430801],[117.557703,45.433156],[117.568595,45.437277],[117.578603,45.44287],[117.609511,45.47054],[117.622463,45.487908],[117.627173,45.504392],[117.620403,45.516167],[117.621286,45.528236],[117.630411,45.536772],[117.647484,45.539127],[117.63571,45.56356]],[[123.95924,45.703088],[123.963067,45.694257],[123.965422,45.683071],[123.990443,45.699556],[123.999568,45.703677],[124.010459,45.705443],[124.030771,45.705737],[124.041368,45.709859],[124.005161,45.733113],[123.942167,45.744593],[123.882411,45.740767],[123.855624,45.717218],[123.8412,45.723694],[123.831192,45.721044],[123.814707,45.703677],[123.850325,45.688076],[123.869165,45.682777],[123.88977,45.683071],[123.906549,45.689547],[123.930687,45.70927],[123.945111,45.717218],[123.953058,45.710742],[123.95924,45.703088]],[[124.383419,46.197031],[124.368995,46.202918],[124.360458,46.196442],[124.349273,46.16995],[124.344857,46.167595],[124.338675,46.167889],[124.33426,46.165829],[124.334849,46.156115],[124.339264,46.14905],[124.346329,46.145812],[124.354571,46.146106],[124.362813,46.149344],[124.385479,46.134037],[124.410795,46.13757],[124.427279,46.15376],[124.424924,46.17672],[124.382536,46.151405],[124.376354,46.152877],[124.382536,46.167006],[124.393427,46.181135],[124.395193,46.192321],[124.383419,46.197031]],[[117.580075,47.343285],[117.564474,47.339458],[117.549167,47.330039],[117.537687,47.320619],[117.548578,47.321208],[117.55947,47.320619],[117.569478,47.318558],[117.578603,47.314437],[117.580958,47.304135],[117.593321,47.305606],[117.60333,47.316498],[117.598914,47.335043],[117.592438,47.335043],[117.580075,47.343285]],[[117.27011,47.478104],[117.255391,47.484285],[117.2445,47.473688],[117.238024,47.45426],[117.235963,47.433949],[117.24656,47.431594],[117.266872,47.435127],[117.278646,47.448667],[117.27011,47.478104]],[[117.698704,47.694167],[117.729612,47.71389],[117.802614,47.747447],[117.868846,47.809558],[117.882093,47.83399],[117.881504,47.869314],[117.872967,47.889036],[117.861487,47.897278],[117.847358,47.901694],[117.831756,47.91023],[117.820865,47.923477],[117.798788,47.970869],[117.773472,47.980289],[117.739326,47.977345],[117.706357,47.967043],[117.685163,47.954679],[117.533566,47.812207],[117.512371,47.785714],[117.50354,47.759516],[117.507956,47.755395],[117.530328,47.718305],[117.54063,47.709768],[117.55476,47.702115],[117.572422,47.697405],[117.592438,47.697405],[117.580664,47.677683],[117.571833,47.656489],[117.604802,47.654722],[117.640125,47.66267],[117.673388,47.677094],[117.698704,47.694167]],[[117.904464,49.033818],[117.983354,49.023516],[118.010435,49.027637],[118.026037,49.035879],[118.041638,49.050303],[118.053413,49.067964],[118.058417,49.085332],[118.056062,49.112708],[118.048114,49.126543],[118.033396,49.130958],[118.010435,49.130075],[117.879149,49.10005],[117.831756,49.102699],[117.79084,49.11418],[117.784069,49.119478],[117.786424,49.130664],[117.796138,49.14862],[117.798493,49.154213],[117.787896,49.172464],[117.764347,49.183355],[117.739032,49.183944],[117.725491,49.16746],[117.726668,49.165693],[117.729612,49.157157],[117.71666,49.170403],[117.710184,49.188654],[117.70047,49.205433],[117.678098,49.212497],[117.666912,49.221917],[117.667796,49.243406],[117.674566,49.266366],[117.681631,49.280201],[117.692522,49.295508],[117.706652,49.310815],[117.722547,49.314936],[117.722547,49.322295],[117.702531,49.331126],[117.699587,49.34084],[117.70518,49.35232],[117.709007,49.36645],[117.701059,49.377636],[117.683102,49.368805],[117.653666,49.342901],[117.644835,49.337013],[117.63571,49.332598],[117.624818,49.329949],[117.583313,49.328477],[117.570361,49.325533],[117.565062,49.318468],[117.557409,49.303161],[117.339285,49.096223],[117.33222,49.078562],[117.325744,49.054129],[117.308966,49.038234],[117.286888,49.027637],[117.263928,49.020572],[117.146771,48.959344],[117.126166,48.951691],[117.118512,48.946686],[117.11233,48.937561],[117.118512,48.934323],[117.121161,48.931085],[117.122928,48.927847],[117.126166,48.923726],[117.107032,48.920194],[117.057873,48.896645],[117.038445,48.896939],[117.019017,48.899294],[117.005182,48.895467],[117.002533,48.876628],[116.993996,48.874862],[116.984576,48.867208],[116.977512,48.855728],[116.97604,48.841893],[116.993113,48.822465],[116.995174,48.812162],[116.97604,48.807747],[116.97604,48.800976],[116.99223,48.796855],[117.018428,48.793323],[117.030497,48.788024],[117.035207,48.782431],[117.032852,48.772717],[117.036679,48.767419],[117.04551,48.763003],[117.061994,48.76212],[117.071414,48.76006],[117.08466,48.753289],[117.098495,48.743575],[117.109092,48.731801],[117.11233,48.718849],[117.106738,48.70884],[117.084955,48.690884],[117.078479,48.677932],[117.089664,48.678521],[117.099378,48.675871],[117.11233,48.670573],[117.133525,48.657621],[117.138823,48.657327],[117.147949,48.662919],[117.153247,48.664391],[117.170615,48.657032],[117.169731,48.641431],[117.153541,48.629068],[117.126166,48.629656],[117.133525,48.615821],[117.12175,48.613172],[117.114391,48.607285],[117.113214,48.599042],[117.119984,48.58874],[117.107621,48.574905],[117.091136,48.569017],[117.051103,48.568134],[117.069353,48.543702],[117.102028,48.550178],[117.136763,48.566368],[117.160901,48.571667],[117.189159,48.566074],[117.215947,48.572844],[117.241851,48.583147],[117.266872,48.58874],[117.291893,48.597865],[117.312498,48.619942],[117.328394,48.647024],[117.338991,48.670573],[117.348116,48.698243],[117.346939,48.715611],[117.333398,48.722381],[117.304256,48.718849],[117.304256,48.725913],[117.457914,48.788319],[117.509428,48.819816],[117.599503,48.893995],[117.61952,48.917544],[117.640125,48.947275],[117.653077,48.962288],[117.667207,48.972296],[117.68428,48.975534],[117.743741,48.972296],[117.735205,49.013507],[117.727551,49.026754],[117.709007,49.027637],[117.746391,49.070908],[117.769646,49.091514],[117.787896,49.092102],[117.826163,49.061783],[117.834111,49.059134],[117.840587,49.060605],[117.844708,49.060017],[117.84618,49.051186],[117.842942,49.045593],[117.836172,49.041766],[117.829696,49.04],[117.826163,49.041177],[117.836761,49.024987],[117.856483,49.024104],[117.904464,49.033818]],[[126.737449,43.719957],[126.726852,43.723489],[126.682403,43.71613],[126.679165,43.71407],[126.67887,43.708477],[126.679165,43.696408],[126.677987,43.687871],[126.67887,43.685516],[126.682403,43.684045],[126.689173,43.678452],[126.69506,43.652548],[126.701536,43.645483],[126.713311,43.661084],[126.715077,43.673742],[126.708012,43.694642],[126.713311,43.703178],[126.725674,43.706711],[126.738332,43.703767],[126.748929,43.696702],[126.755405,43.689049],[126.754522,43.676097],[126.745985,43.667855],[126.742159,43.661379],[126.755405,43.654903],[126.74363,43.643422],[126.71125,43.618696],[126.707129,43.606332],[126.718021,43.600445],[126.735977,43.60957],[126.767768,43.633708],[126.770123,43.615163],[126.782781,43.610159],[126.800148,43.610159],[126.816338,43.606332],[126.821048,43.632825],[126.84077,43.641067],[126.858727,43.634003],[126.857255,43.613692],[126.883748,43.620756],[126.892579,43.617813],[126.898171,43.606332],[126.893756,43.603389],[126.877272,43.558645],[126.889046,43.562472],[126.892579,43.565122],[126.898171,43.572775],[126.899643,43.540689],[126.904942,43.510664],[126.920543,43.523911],[126.924959,43.545105],[126.920838,43.568065],[126.911418,43.58661],[126.933495,43.587493],[126.952923,43.598385],[126.987069,43.627527],[126.969408,43.626055],[126.939088,43.61693],[126.925547,43.620756],[126.94056,43.633708],[126.948802,43.639007],[126.959694,43.641067],[126.959694,43.648132],[126.943209,43.646955],[126.929668,43.65137],[126.922309,43.660495],[126.925547,43.674625],[126.909063,43.676391],[126.896405,43.673447],[126.889929,43.664617],[126.890812,43.648132],[126.883748,43.650781],[126.870207,43.658729],[126.863437,43.661084],[126.843125,43.660495],[126.807507,43.666088],[126.796027,43.670209],[126.78543,43.678452],[126.784253,43.694347],[126.798971,43.712892],[126.842242,43.745272],[126.83871,43.742917],[126.844008,43.748216],[126.84813,43.755575],[126.851073,43.7647],[126.833706,43.761168],[126.827818,43.757636],[126.823109,43.75116],[126.80162,43.751748],[126.757171,43.717602],[126.737449,43.719957]],[[132.120191,44.867683],[132.104001,44.859735],[132.037475,44.816758],[132.039241,44.795858],[132.044245,44.775841],[132.065439,44.72992],[132.107533,44.693714],[132.232049,44.663688],[132.284446,44.634252],[132.224985,44.643672],[132.216448,44.638079],[132.218509,44.629248],[132.224102,44.625127],[132.231755,44.622183],[132.239997,44.617179],[132.247356,44.609525],[132.247356,44.606582],[132.244707,44.602755],[132.24353,44.593335],[132.24088,44.592158],[132.235287,44.590392],[132.232344,44.585093],[132.236171,44.573319],[132.242647,44.567137],[132.260014,44.560661],[132.282386,44.548298],[132.320653,44.54241],[132.353622,44.527987],[132.370695,44.532108],[132.385413,44.54241],[132.394244,44.552419],[132.401603,44.566254],[132.410434,44.591569],[132.418382,44.603933],[132.429862,44.610703],[132.475783,44.620417],[132.491384,44.626304],[132.60442,44.683411],[132.631207,44.710492],[132.640921,44.751703],[132.638566,44.7623],[132.629147,44.785261],[132.627086,44.795564],[132.629441,44.806455],[132.638566,44.827061],[132.640921,44.836775],[132.648575,44.854731],[132.667414,44.869743],[132.709214,44.895059],[132.742477,44.924495],[132.819012,45.024579],[132.838145,45.066967],[132.836085,45.10759],[132.820483,45.148212],[132.7987,45.189717],[132.781039,45.207968],[132.754251,45.232106],[132.722166,45.250356],[132.57204,45.307757],[132.50934,45.315116],[132.420148,45.337194],[132.195843,45.333956],[132.151099,45.32483],[132.109005,45.308935],[132.030704,45.26478],[132.013926,45.251828],[131.992731,45.230928],[131.983017,45.2115],[132.000091,45.202964],[132.001562,45.171761],[132.003329,45.161753],[132.008921,45.152627],[132.015397,45.147034],[132.022757,45.14203],[132.030704,45.134377],[132.041302,45.112888],[132.030116,45.101702],[132.012454,45.090516],[132.003329,45.069322],[132.012454,45.045479],[132.034531,45.035765],[132.061613,45.031644],[132.086045,45.024579],[132.114304,44.991316],[132.114598,44.949222],[132.1093,44.905656],[132.120191,44.867683]]],[[[124.543549,39.72484],[124.53533,39.720771],[124.526703,39.72016],[124.521739,39.711493],[124.517507,39.717678],[124.53061,39.725328],[124.541596,39.731391],[124.548839,39.730129],[124.543549,39.72484]]],[[[124.334565,39.86579],[124.332612,39.883205],[124.341156,39.885199],[124.352631,39.87523],[124.344981,39.862982],[124.334565,39.86579]]],[[[124.340343,39.892808],[124.335297,39.888617],[124.323578,39.892361],[124.319184,39.896389],[124.32073,39.900702],[124.330251,39.900824],[124.340343,39.892808]]],[[[124.358897,39.962144],[124.36085,39.949042],[124.3449,39.939358],[124.351736,39.953721],[124.358897,39.962144]]],[[[128.226248,39.999213],[128.220063,39.992336],[128.210216,39.988634],[128.195974,39.986436],[128.168224,39.98725],[128.163178,39.992906],[128.165375,39.997138],[128.175955,39.997504],[128.172781,40.004218],[128.174815,40.009263],[128.180837,40.009263],[128.188406,40.005601],[128.191824,40.005845],[128.194021,40.002956],[128.198009,40.001614],[128.202322,40.006293],[128.207937,40.009508],[128.211762,39.996161],[128.216075,40.001044],[128.217865,40.005927],[128.221202,40.008205],[128.22462,40.0126],[128.229096,40.011461],[128.22877,40.006171],[128.226248,39.999213]]],[[[139.795828,41.363186],[139.802908,41.36636],[139.811534,41.364488],[139.814871,41.36461],[139.813731,41.358507],[139.806163,41.35338],[139.799327,41.352118],[139.796723,41.353868],[139.793061,41.358669],[139.795828,41.363186]]],[[[139.374278,41.50434],[139.358526,41.498316],[139.345551,41.493354],[139.340831,41.497504],[139.336436,41.511135],[139.336436,41.518059],[139.336436,41.5185],[139.340343,41.52383],[139.348155,41.524237],[139.355724,41.522162],[139.372895,41.522162],[139.378266,41.519232],[139.381847,41.513577],[139.374278,41.50434]]],[[[139.412852,42.143988],[139.410818,42.153998],[139.414317,42.172512],[139.423839,42.191596],[139.437022,42.207221],[139.452159,42.215318],[139.463715,42.216254],[139.485525,42.221137],[139.497325,42.222235],[139.509125,42.225775],[139.538341,42.240668],[139.548513,42.243354],[139.56422,42.231757],[139.553966,42.211575],[139.520681,42.174506],[139.513682,42.148179],[139.512706,42.123725],[139.508962,42.100816],[139.493907,42.078843],[139.455333,42.051581],[139.445649,42.054836],[139.435395,42.062934],[139.429454,42.073798],[139.432384,42.08511],[139.427257,42.09394],[139.425059,42.102688],[139.425059,42.122992],[139.422699,42.131496],[139.412852,42.143988]]],[[[130.2671,42.156602],[130.266449,42.160305],[130.264659,42.160631],[130.261567,42.161851],[130.263682,42.167507],[130.273855,42.177436],[130.285004,42.170315],[130.287771,42.156928],[130.273936,42.146308],[130.269054,42.151882],[130.2671,42.156602]]],[[[130.90919,42.46308],[130.910004,42.471788],[130.918061,42.473497],[130.931163,42.475694],[130.935069,42.470201],[130.933116,42.467515],[130.923839,42.460924],[130.914561,42.455878],[130.913748,42.456448],[130.909841,42.456081],[130.906423,42.459906],[130.90919,42.46308]]],[[[131.463959,42.672634],[131.472016,42.670762],[131.463064,42.655504],[131.463959,42.64761],[131.462738,42.642401],[131.461762,42.637193],[131.460867,42.637152],[131.439138,42.639635],[131.420339,42.643378],[131.435883,42.643663],[131.455089,42.651638],[131.459158,42.670152],[131.463959,42.672634]]],[[[132.36614,42.732001],[132.364024,42.73078],[132.345063,42.727403],[132.337738,42.750637],[132.327973,42.747382],[132.315603,42.749701],[132.311371,42.759548],[132.32781,42.772935],[132.342052,42.778144],[132.355642,42.772203],[132.362153,42.758409],[132.362397,42.742133],[132.36614,42.732001]]],[[[132.477712,42.8039],[132.475597,42.800238],[132.467133,42.79682],[132.458263,42.798285],[132.45338,42.800971],[132.447276,42.807318],[132.439464,42.817532],[132.429861,42.826483],[132.417491,42.830024],[132.406423,42.828762],[132.401541,42.831977],[132.400076,42.841702],[132.399669,42.852118],[132.404633,42.859117],[132.413259,42.864447],[132.418468,42.879869],[132.427501,42.895901],[132.43922,42.892035],[132.447276,42.876776],[132.453624,42.860907],[132.448985,42.845404],[132.44988,42.828111],[132.467459,42.81094],[132.477712,42.8039]]],[[[131.650157,42.859524],[131.639496,42.865424],[131.643891,42.868272],[131.647634,42.870754],[131.651215,42.873196],[131.659028,42.885688],[131.675304,42.891588],[131.678477,42.874172],[131.661143,42.875556],[131.656993,42.872748],[131.659272,42.864651],[131.650157,42.859524]]],[[[131.745372,42.906236],[131.733246,42.902818],[131.723074,42.897528],[131.720876,42.899359],[131.714773,42.901597],[131.712006,42.910183],[131.712087,42.91885],[131.718435,42.924343],[131.729828,42.923692],[131.740082,42.921536],[131.744314,42.922105],[131.744884,42.919827],[131.742279,42.916815],[131.745372,42.906236]]],[[[131.715505,42.984036],[131.724213,42.984239],[131.727224,42.995347],[131.730398,42.993516],[131.734386,42.987087],[131.739268,42.981879],[131.745779,42.97134],[131.756196,42.962144],[131.75644,42.959296],[131.749197,42.953111],[131.736664,42.95071],[131.726736,42.932196],[131.723562,42.934394],[131.722097,42.941474],[131.72047,42.944363],[131.717296,42.947333],[131.712738,42.949042],[131.710867,42.951768],[131.713552,42.954779],[131.716319,42.959662],[131.714203,42.965562],[131.710541,42.969509],[131.709727,42.977769],[131.715505,42.984036]]],[[[131.787364,43.034369],[131.783865,43.040107],[131.777517,43.044623],[131.798839,43.052639],[131.819672,43.049262],[131.840099,43.041693],[131.859386,43.037258],[131.859386,43.044623],[131.826508,43.065172],[131.854991,43.061347],[131.875743,43.051011],[131.892263,43.035834],[131.920909,43.024156],[131.920095,43.019517],[131.922537,43.008938],[131.924001,43.005845],[131.920909,42.996283],[131.91505,42.98428],[131.883311,42.960761],[131.83725,42.961127],[131.790538,42.974555],[131.757009,42.990058],[131.791189,42.996283],[131.774587,43.005316],[131.769379,43.015367],[131.773448,43.021186],[131.784353,43.017401],[131.791189,43.017401],[131.787364,43.034369]]]]},"properties":{"id":"liao-phase-936-936","dynastyId":"liao","name":"辽","snapshotId":"phase-936-936","validFromYear":936,"validToYearExclusive":937,"boundaryKind":"controlled","accuracyLevel":"approximate","verificationStatus":"reviewed","sourceRefs":["atlas-943-fixed-master","chronology-north","continuous-method"],"disputedNote":"以943年地理格局为骨架，概括主要政权更替，非逐年精确疆域；913年晋灭燕；936割地，938年契丹制度整合。分区非十六州逐州精确边界。；926契丹灭渤海；只表达本网站现有覆盖内的渤海部分，不宣称完整国界。；959 后周北征取得瀛莫及三关方向概括区。；北方范围沿用既有轮廓，907—925不把渤海区域提前并入。","labelLongitude":120.51118919065104,"labelLatitude":44.3572045}},{"type":"Feature","geometry":{"type":"MultiPolygon","coordinates":[[[[120.130951,31.912299],[120.178315,31.904202],[120.229991,31.908881],[120.28941143115154,31.934235427539384],[120.341171,31.956321],[120.418224,31.969672],[120.432221,31.975165],[120.455781,31.982519],[120.454157,32.003186],[120.455412,32.021428],[120.469493,32.025133],[120.517833,32.018744],[120.604259,31.991441],[120.670014,31.998847],[120.689952,31.998236],[120.750354,31.978336],[120.779818,31.915883],[120.807447,31.87377],[120.824799,31.828702],[120.807752,31.809741],[120.751475,31.824693],[120.738536,31.836819],[120.727631,31.850653],[120.717133,31.86107],[120.720795,31.831936],[120.731456,31.81387],[120.748383,31.802232],[120.831899,31.777766],[120.895363,31.76332],[120.948497,31.75788],[120.980724,31.751207],[121.013764,31.743034],[121.067026,31.724086],[121.144402,31.684658],[121.211681,31.627631],[121.21753457569721,31.622808178037847],[121.244721,31.600409],[121.320323,31.504828],[121.340912,31.490953],[121.36085,31.477484],[121.417735,31.452786],[121.448009,31.4265],[121.546235,31.366116],[121.631602,31.335761],[121.669932,31.313056],[121.725164,31.281567],[121.777502,31.214394],[121.877025,31.099136],[121.8943834330338,31.071601731028256],[121.84190921534454,31.069732245791297],[121.60368799524018,31.060649513982934],[121.36557652831857,31.05097534022248],[121.12757848409642,31.040710200128043],[120.89319449946008,31.00006244285594],[120.65908279443951,30.958845114438777],[120.4252464384844,30.917059011505774],[120.19168847972486,30.874704937053302],[119.95841194480498,30.831783700326067],[119.84748292118354,30.68929725082267],[119.73691571227616,30.546670075885295],[119.62670874506122,30.40390185670171],[119.5168604537355,30.260992270581152],[119.59163502889518,30.058394668347493],[119.66608584055766,29.855681296328516],[119.7402151626156,29.652850340788365],[119.69165200950202,29.48764157729163],[119.64326479251079,29.32237645274801],[119.59505247586812,29.157053973506567],[119.44863502601083,29.031973451774036],[119.302636233159,28.90665012977348],[119.15705500842503,28.781084136471435],[119.01189026151631,28.655275594328344],[119.0294425802972,28.492224100943016],[119.04693369784856,28.329126923357833],[119.06436397084587,28.165983057919938],[118.86943820170431,28.144400862802833],[118.67464904729738,28.122404346215486],[118.47999844024854,28.09999389205593],[118.3147368568446,27.960156549467683],[118.14999762826605,27.81999875056862],[117.97486817959799,27.760164390466326],[117.79999926352875,27.69999124406279],[117.62483512335653,27.625167449667174],[117.44998686768164,27.55000134817024],[117.299820138404,27.450131956654115],[117.14999762007922,27.350001798296077],[117.08489036776015,27.200043380430706],[117.01999127901779,27.05000080122595],[116.88480284553259,26.925114325985415],[116.74998974320235,26.800001222457546],[116.80005778908746,26.67503322706439],[116.84999784582928,26.55000479251647],[116.8750511472169,26.375038236166905],[116.90001211979447,26.20000187115226],[116.8499122909584,26.025040648979083],[116.79999351433639,25.849990815294625],[116.69974065865864,25.733466749385244],[116.59973967301073,25.616803745869614],[116.49998980465631,25.500001668571926],[116.47495185418418,25.325037103609166],[116.4500010824477,25.14999883585037],[116.32482972809744,25.02510916198358],[116.19999571960508,24.900009135514516],[116.30012389652128,24.7750838791742],[116.40001168537542,24.650002515290492],[116.60809591759694,24.51980183949551],[116.81569221909449,24.389049874802893],[117.0228002062744,24.257746585595935],[117.22941951600319,24.12589192513338],[117.04042128645354,24.21335791419646],[116.85114063703247,24.300381782970042],[116.66157866801338,24.386963499240927],[116.47173649249551,24.473103028672973],[116.32992946532649,24.38705320434603],[116.18839518151076,24.300756174490207],[116.04713361729594,24.214212153393575],[115.94264730120494,24.34012422507132],[115.83791026142798,24.46586667783568],[115.7329217517462,24.591439796907824],[115.56173528120065,24.72699090443346],[115.3901194663254,24.86215335751676],[115.21807375414514,24.99692731568463],[115.04559759944595,25.13131292892115],[115.1189343611518,25.301937167751298],[115.19253094408913,25.472437771984026],[115.26638878234044,25.64281568848871],[115.1209086337621,25.809222636032736],[114.97495705154812,25.975324504932985],[114.82853218671406,26.141121878442185],[114.88490586209322,26.314033081987414],[114.9414824147739,26.48685040485334],[114.99826303346225,26.65957491509951],[114.9203773833381,26.8153179935217],[114.84224337393046,26.970944582138056],[114.76385977311028,27.126455391604143],[114.78571106443628,27.30397574803593],[114.80764028098518,27.481435182965594],[114.82964791527868,27.658834960422745],[114.98176928235111,27.803511792076545],[115.13438758516897,27.94790273946358],[115.28750443069177,28.092007780185796],[115.08818506912237,28.217839635669474],[114.88838500006298,28.343205852131355],[114.81155591562752,28.519641612032608],[114.73443967818892,28.695963186654673],[114.6570345828447,28.872171677404765],[114.50549504130176,29.036562517440153],[114.35344537665884,29.200663019818798],[114.20088352060057,29.364473635918795],[114.34777295941126,29.453199522729903],[114.49497533868362,29.541685537926917],[114.42276877580998,29.695070672026613],[114.35032382705057,29.848369019114894],[114.28433746261342,29.987462099524183],[114.28879,29.989342],[114.296443,30.004061],[114.302036,30.004061],[114.306452,30.012303],[114.30969,30.024666],[114.309984,30.038207],[114.305274,30.036441],[114.294088,30.033791],[114.289673,30.032025],[114.294088,30.040562],[114.294971,30.045272],[114.2935,30.050276],[114.289673,30.058812],[114.28952748609488,30.05852864724825],[114.31050631019872,30.159022015540344],[114.34348471949599,30.316423986931742],[114.36255503189764,30.407114424145114],[114.364441,30.396742],[114.368857,30.384379],[114.378571,30.374665],[114.37916,30.382318],[114.385636,30.401158],[114.39064,30.396742],[114.401826,30.390561],[114.405652,30.387617],[114.41154,30.41882],[114.41165182208725,30.423591497852012],[114.412423,30.456498],[114.410362,30.458853],[114.405947,30.462974],[114.401531,30.46474],[114.399471,30.460031],[114.38825862159327,30.4364577581237],[114.38799,30.435893],[114.36945766399695,30.439940458130543],[114.37075023217889,30.44608737230161],[114.37657512388702,30.473788123322585],[114.39462224736064,30.55930147347528],[114.399176,30.558937],[114.40212,30.554521],[114.403297,30.549517],[114.405652,30.545691],[114.42979,30.529206],[114.440387,30.524202],[114.405652,30.576304],[114.40418,30.596321],[114.40277982120516,30.59795480621172],[114.40977817004887,30.63111534041194],[114.40653776770033,30.787432731591448],[114.40328211658961,30.943726006420658],[114.40001112839474,31.09999610482632],[114.52475435817439,31.275090149651096],[114.65000299793812,31.449998739355813],[114.69983211569046,31.600040127265874],[114.74982915133417,31.750039483760375],[114.79999502519675,31.899997578948902],[114.93296017612862,32.01685560076624],[115.06629832740819,32.1335249099412],[115.20001049066992,32.25000539204718],[115.37483030880277,32.3251573447776],[115.54998769922788,32.39999515557238],[115.74971215507485,32.450404451033634],[115.94971668969194,32.50040633799591],[116.14999965332366,32.5500001546773],[116.34970823769535,32.66520828137364],[116.54999010624064,32.78000871433704],[116.70003437445465,32.75011694266856],[116.8500047059522,32.719994177850154],[116.9997295963854,32.87511653123622],[117.15001074506662,33.03000721043484],[117.34984265254347,33.090208699013935],[117.54999814143027,33.150008035655375],[117.649786747771,33.325053510819856],[117.74998676473241,33.499994413498555],[117.84984659680492,33.62505126347541],[117.95000545518957,33.750008563775914],[118.10016759778722,33.650125319384465],[118.25001059512118,33.55000720495961],[118.47122005208026,33.4275310533515],[118.470527,33.422217],[118.4667,33.407793],[118.456397,33.396607],[118.445506,33.394252],[118.436086,33.396901],[118.426078,33.401317],[118.411654,33.403377],[118.396641,33.389542],[118.409004,33.327432],[118.397819,33.313596],[118.380451,33.308298],[118.36014,33.285337],[118.330704,33.275918],[118.320401,33.265615],[118.3048,33.238534],[118.276541,33.253252],[118.255052,33.269147],[118.241511,33.291225],[118.231208,33.348331],[118.210014,33.394547],[118.209131,33.423394],[118.197945,33.405144],[118.199123,33.389248],[118.205599,33.372469],[118.209131,33.352158],[118.207954,33.322722],[118.209131,33.313596],[118.213252,33.304765],[118.225321,33.288281],[118.229148,33.280039],[118.228265,33.2612],[118.223555,33.242655],[118.222378,33.224404],[118.23268,33.20792],[118.248576,33.201149],[118.287138,33.195262],[118.313925,33.178778],[118.393697,33.1567],[118.404883,33.155817],[118.413714,33.158172],[118.421073,33.162882],[118.427255,33.167886],[118.43167,33.170241],[118.467583,33.171713],[118.48289,33.16612],[118.490543,33.149636],[118.485245,33.137567],[118.442562,33.10136],[118.469643,33.10607],[118.472293,33.095767],[118.456986,33.081343],[118.410182,33.069569],[118.382806,33.058971],[118.356902,33.045431],[118.338946,33.032479],[118.368971,33.025708],[118.403117,33.031301],[118.43432,33.044548],[118.456397,33.060149],[118.43903,33.039838],[118.415186,33.000099],[118.394286,32.985086],[118.369854,32.979199],[118.343067,32.979493],[118.315691,32.983909],[118.291259,32.991268],[118.260056,33.018349],[118.237685,33.064859],[118.228559,33.11755],[118.236507,33.163176],[118.21914,33.194379],[118.210603,33.206154],[118.195002,33.217928],[118.173219,33.226759],[118.154379,33.227936],[118.116406,33.22411],[118.100216,33.218222],[118.071369,33.190847],[118.051058,33.183782],[118.031041,33.185254],[117.988358,33.195262],[117.965692,33.197323],[117.940671,33.196734],[117.92036,33.193201],[117.902109,33.184076],[117.884153,33.166709],[117.877972,33.147575],[117.882093,33.125792],[117.89004,33.104598],[117.893867,33.087525],[117.877088,33.050435],[117.837644,33.045431],[117.757282,33.060149],[117.767585,33.046608],[117.78613,33.033656],[117.807324,33.023648],[117.826163,33.019232],[117.84412,33.021293],[117.871496,33.028063],[117.896811,33.038072],[117.907408,33.050435],[117.902992,33.121082],[117.907408,33.136095],[117.923598,33.140805],[118.042521,33.134329],[118.062243,33.1358],[118.085204,33.142276],[118.11729,33.156112],[118.135246,33.16141],[118.157617,33.163176],[118.18411,33.16141],[118.198534,33.15464],[118.205304,33.139922],[118.21649,33.073984],[118.230914,33.026297],[118.255052,32.988618],[118.291259,32.977727],[118.291259,32.970957],[118.242689,32.972428],[118.17263,33.034245],[118.126709,33.046608],[118.100216,33.0366],[118.083732,33.017172],[118.069603,32.993623],[118.051058,32.970957],[117.990419,32.91856],[117.975406,32.895894],[117.982765,32.903253],[117.9757,32.895305],[117.976584,32.886768],[117.98041,32.877054],[117.982765,32.864985],[117.985709,32.860276],[117.992774,32.871756],[118.003076,32.895894],[118.014851,32.904725],[118.041638,32.917382],[118.05459,32.926508],[118.081966,32.960948],[118.093446,32.967424],[118.104926,32.968602],[118.116112,32.97184],[118.126709,32.985086],[118.129064,33.017172],[118.134951,33.029535],[118.150847,33.022765],[118.204716,32.971545],[118.229148,32.95771],[118.220611,32.952706],[118.210603,32.950057],[118.200006,32.949468],[118.18882,32.950351],[118.191175,32.934161],[118.180872,32.92533],[118.167626,32.917971],[118.160855,32.906196],[118.16321,32.895894],[118.168803,32.887652],[118.173513,32.877643],[118.174691,32.861747],[118.190881,32.871167],[118.206188,32.900898],[118.222966,32.909434],[118.224732,32.899132],[118.229442,32.887063],[118.237979,32.879409],[118.250048,32.882059],[118.253286,32.89089],[118.255935,32.922386],[118.260645,32.933278],[118.266238,32.936516],[118.270065,32.93475],[118.27448,32.931806],[118.280956,32.93004],[118.288315,32.932984],[118.290376,32.940048],[118.291259,32.947113],[118.294791,32.950351],[118.315397,32.955944],[118.323344,32.953],[118.319223,32.93681],[118.333647,32.937988],[118.409593,32.970957],[118.426078,32.975666],[118.469643,32.979493],[118.481124,32.98538],[118.499963,33.009224],[118.513798,33.044842],[118.52469,33.056617],[118.544412,33.046608],[118.550299,33.058971],[118.548827,33.069274],[118.545001,33.078399],[118.544412,33.087525],[118.549416,33.09665],[118.556775,33.101949],[118.562662,33.10813],[118.565312,33.118727],[118.564429,33.127558],[118.55913,33.142571],[118.558247,33.152874],[118.573848,33.1776],[118.578558,33.183782],[118.593276,33.185548],[118.603579,33.177895],[118.614176,33.172596],[118.652149,33.190552],[118.668634,33.180838],[118.695715,33.149636],[118.695715,33.142276],[118.669222,33.132562],[118.660686,33.105775],[118.668045,33.076633],[118.688356,33.060149],[118.685707,33.079871],[118.701014,33.084581],[118.72368,33.083992],[118.743696,33.087525],[118.738104,33.109602],[118.744285,33.129619],[118.75812,33.148458],[118.774605,33.166709],[118.778137,33.174362],[118.78373,33.199383],[118.784613,33.20792],[118.78844,33.214984],[118.815816,33.235001],[118.821114,33.249131],[118.830828,33.296523],[118.836127,33.306826],[118.846135,33.313302],[118.861442,33.328609],[118.874983,33.345976],[118.88087,33.358928],[118.876749,33.367465],[118.867035,33.373352],[118.845841,33.382478],[118.82759,33.393369],[118.819937,33.399551],[118.811989,33.409853],[118.80715980658455,33.41764199603148],[118.91304079863298,33.53344891379212],[119.0200052322601,33.65000098966856],[118.88035545508698,33.76687268507288],[118.74035146618928,33.88353740747634],[118.59999245048844,33.99999514287014],[118.47520421943632,34.15008022453415],[118.34999845738082,34.2999984128561],[118.47476593333313,34.45007745732203],[118.59998747652536,34.60000891712696],[118.5999920811631,34.80000882845162],[118.5999950987246,35.000010871389556],[118.76637126432809,35.06693768639536],[118.9330405022634,35.13359776856581],[119.10000234882925,35.19999063115834],[119.29980354552143,35.23371511250033],[119.4036064998818,35.25101686479203],[119.387706,35.20539],[119.370616,35.117418],[119.358002,35.097113],[119.336192,35.08869],[119.314301,35.086249],[119.280284,35.076606],[119.250499,35.068183],[119.229096,35.066107],[119.221202,35.064032],[119.212657,35.05801],[119.207286,35.048407],[119.203949,35.02497],[119.199311,35.016669],[119.192882,35.000434],[119.192882,34.974026],[119.197032,34.947699],[119.20338,34.931627],[119.188698,34.856274],[119.193126,34.809882],[119.201915,34.78498],[119.189057,34.766547],[119.195323,34.759711],[119.190278,34.749254],[119.188731,34.733059],[119.192231,34.718207],[119.20338,34.7119],[119.209809,34.718573],[119.220958,34.749416],[119.22934,34.759711],[119.241791,34.761664],[119.291352,34.753485],[119.311778,34.755072],[119.324962,34.759996],[119.335053,34.7685],[119.34669,34.780829],[119.358002,34.774604],[119.37558,34.759345],[119.387706,34.753485],[119.401459,34.751125],[119.428233,34.749945],[119.442231,34.746039],[119.463227,34.732367],[119.474213,34.715277],[119.472748,34.698147],[119.456554,34.684556],[119.531749,34.615709],[119.588715,34.582221],[119.599864,34.568549],[119.609223,34.56273],[119.640961,34.550523],[119.640961,34.545722],[119.641449,34.540839],[119.643403,34.536566],[119.647716,34.53384],[119.658458,34.531562],[119.685313,34.53384],[119.705333,34.531155],[119.728852,34.524115],[119.751231,34.514228],[119.795258,34.481676],[119.826182,34.470404],[119.862071,34.465806],[119.90504,34.464911],[119.939952,34.457913],[119.982921,34.440741],[120.02296,34.419379],[120.078705,34.377509],[120.118175,34.359605],[120.239757,34.323676],[120.257091,34.311835],[120.264008,34.290758],[120.266694,34.266303],[120.274181,34.244534],[120.298839,34.20425],[120.309374,34.174071],[120.317212,34.152123],[120.324966,34.136451],[120.325224,34.111298],[120.348237,34.07685],[120.353526,34.060777],[120.35849,34.053453],[120.365326,34.04564],[120.371349,34.036038],[120.38502,33.970404],[120.40797,33.916815],[120.413341,33.897366],[120.412608,33.887519],[120.398448,33.878974],[120.399669,33.86933],[120.407074,33.859768],[120.418956,33.855373],[120.431407,33.846015],[120.44337,33.824693],[120.450938,33.8015],[120.449718,33.786444],[120.464122,33.77497],[120.482432,33.765123],[120.498302,33.753323],[120.504893,33.735582],[120.50587,33.69717],[120.511729,33.656724],[120.502696,33.661566],[120.495128,33.662177],[120.489024,33.658393],[120.483735,33.64997],[120.525971,33.610663],[120.539073,33.594672],[120.563243,33.548],[120.573253,33.533271],[120.627778,33.478013],[120.634369,33.466946],[120.65211,33.428127],[120.655772,33.413153],[120.661957,33.338039],[120.667247,33.3251],[120.680024,33.30801],[120.695079,33.293158],[120.707286,33.286811],[120.72047,33.28498],[120.737885,33.279283],[120.750255,33.269599],[120.747569,33.255805],[120.742686,33.252672],[120.737071,33.250922],[120.732188,33.248236],[120.730235,33.242133],[120.732514,33.237128],[120.742524,33.227769],[120.744395,33.224107],[120.7435,33.208645],[120.740082,33.205512],[120.730235,33.204901],[120.785248,33.165025],[120.806977,33.137763],[120.792247,33.10871],[120.812511,33.10578],[120.81894,33.09219],[120.819591,33.054104],[120.825938,33.030178],[120.833751,33.025621],[120.846446,33.029853],[120.867442,33.032375],[120.890147,33.026109],[120.895763,33.013577],[120.88852,32.977729],[120.888682,32.962714],[120.907807,32.843899],[120.904796,32.812649],[120.880308,32.772032],[120.852387,32.756008],[120.86142,32.719672],[120.860444,32.689765],[120.85019,32.696601],[120.84311,32.703925],[120.841401,32.711086],[120.846934,32.717678],[120.840099,32.724514],[120.83017,32.709418],[120.830333,32.697659],[120.863868,32.671058],[120.906614,32.65971],[120.911199,32.630121],[120.943887,32.605224],[120.975021,32.595115],[121.020706,32.568522],[121.042782,32.557542],[121.066254,32.544013],[121.086192,32.536038],[121.098725,32.521145],[121.100841,32.497952],[121.107677,32.497952],[121.120209,32.507392],[121.157256,32.495596],[121.1738,32.487625],[121.191507,32.478653],[121.215104,32.472664],[121.27171,32.447734],[121.35414,32.414823],[121.389409,32.384948],[121.401117,32.352132],[121.416026,32.268948],[121.417735,32.255276],[121.419281,32.250312],[121.415782,32.248603],[121.401703,32.244696],[121.377208,32.241645],[121.36671,32.238959],[121.36085,32.231635],[121.368012,32.227362],[121.398692,32.168931],[121.425141,32.164049],[121.431163,32.151353],[121.43214,32.133857],[121.44337,32.114325],[121.449474,32.112738],[121.456147,32.115546],[121.462413,32.119696],[121.467296,32.121772],[121.472992,32.119615],[121.481944,32.110256],[121.488048,32.10814],[121.496593,32.110256],[121.530812,32.108519],[121.554238,32.102498],[121.594249,32.087063],[121.655365,32.062934],[121.683116,32.042629],[121.717784,32.02558],[121.727306,32.016588],[121.764366,31.995287],[121.798644,31.970475],[121.821945,31.952486],[121.825206,31.92772],[121.847833,31.904607],[121.87496,31.863723],[121.874687,31.825903],[121.901776,31.786487],[121.922057,31.754378],[121.930383,31.726714],[121.914842,31.706434],[121.871998,31.690682],[121.817306,31.690949],[121.749045,31.711634],[121.70291,31.720555],[121.675554,31.723573],[121.65506,31.73238],[121.607194,31.748551],[121.574311,31.76553],[121.551606,31.773749],[121.529063,31.779202],[121.517426,31.783433],[121.507904,31.792873],[121.500499,31.802191],[121.494884,31.806464],[121.480235,31.810981],[121.416026,31.840644],[121.317397,31.883248],[121.286418,31.890589],[121.227864,31.865904],[121.185151,31.836737],[121.115087,31.796334],[121.086624,31.801836],[121.062413,31.813501],[121.039935,31.819332],[121.005365,31.820779],[120.977817,31.814365],[120.950628,31.825236],[120.940564,31.844647],[120.943126,31.867906],[120.943126,31.875312],[120.944835,31.884589],[120.941417,31.892524],[120.925792,31.895901],[120.919281,31.899359],[120.910899,31.91767],[120.905528,31.925971],[120.846934,31.991441],[120.810802,32.02261],[120.743644,32.036045],[120.634376,32.07701],[120.565488,32.076713],[120.522361,32.082601],[120.490758,32.082453],[120.427821,32.05293],[120.361583,32.02558],[120.300304,31.971666],[120.2671,31.948676],[120.2589037580076,31.946438496796958],[120.223725,31.936835],[120.175873,31.936672],[120.131358,31.943183],[120.090099,31.955024],[120.052338,31.970933],[120.02003,31.99079],[119.992035,32.015855],[119.95298552466556,32.067096172848885],[119.921397,32.108547],[119.912201,32.123725],[119.908458,32.138861],[119.910981,32.158149],[119.921153,32.196479],[119.92213,32.217434],[119.900483,32.198188],[119.887543,32.213853],[119.874278,32.265123],[119.862153,32.281155],[119.842133,32.299058],[119.81837,32.313707],[119.795177,32.31977],[119.781993,32.321234],[119.758067,32.326972],[119.743907,32.327216],[119.692393,32.31977],[119.67685,32.328437],[119.660899,32.345771],[119.64088,32.358832],[119.612885,32.35456],[119.649018,32.336086],[119.660737,32.327216],[119.678559,32.30622],[119.685395,32.292426],[119.678477,32.286282],[119.676036,32.278062],[119.654552,32.234768],[119.649018,32.21955],[119.635753,32.211005],[119.619884,32.204901],[119.606049,32.196926],[119.627696,32.189399],[119.645274,32.195217],[119.65976,32.207913],[119.671641,32.220771],[119.69044,32.235338],[119.701427,32.233466],[119.712169,32.222602],[119.730235,32.210598],[119.755138,32.205878],[119.778575,32.204657],[119.788585,32.198635],[119.763764,32.162502],[119.764415,32.143744],[119.7690505142339,32.13398163118767],[119.772472,32.126776],[119.784923,32.114325],[119.855561,32.086982],[119.866954,32.077094],[119.907163,32.045385],[119.938502,32.018043],[119.961222,31.990616],[119.97868,31.968957],[120.006396,31.950305],[120.038829,31.943061],[120.130951,31.912299]],[[114.47159,30.368778],[114.464525,30.372899],[114.46011,30.374665],[114.458049,30.369955],[114.453928,30.3467],[114.448335,30.358475],[114.438327,30.366423],[114.42773,30.366128],[114.419782,30.354059],[114.421254,30.342579],[114.429496,30.334043],[114.44127,30.328155],[114.453928,30.326095],[114.487486,30.330216],[114.502498,30.329922],[114.513978,30.315792],[114.527225,30.310494],[114.542826,30.306961],[114.556367,30.305784],[114.546064,30.294304],[114.515156,30.299602],[114.501615,30.278702],[114.485719,30.282529],[114.453928,30.298719],[114.447158,30.29136],[114.433617,30.305784],[114.435972,30.29342],[114.443037,30.282823],[114.453928,30.27517],[114.467469,30.271343],[114.467469,30.264867],[114.453339,30.266339],[114.447452,30.267811],[114.440387,30.271343],[114.428613,30.264278],[114.41154,30.270166],[114.371506,30.29136],[114.382692,30.28459],[114.389462,30.274876],[114.391228,30.263395],[114.385636,30.250443],[114.39535,30.247794],[114.401531,30.242495],[114.406241,30.236314],[114.412423,30.229838],[114.412423,30.223656],[114.399471,30.229838],[114.3927,30.214825],[114.383281,30.205994],[114.373272,30.207466],[114.364736,30.223656],[114.357965,30.223656],[114.351784,30.212765],[114.342953,30.208349],[114.334711,30.202756],[114.330589,30.188921],[114.345602,30.191276],[114.366796,30.188627],[114.382692,30.182151],[114.382103,30.171848],[114.36974,30.159485],[114.362381,30.147121],[114.36032,30.134464],[114.364736,30.120629],[114.364736,30.12681],[114.365619,30.122395],[114.367091,30.118274],[114.367385,30.113564],[114.364736,30.107088],[114.371506,30.107088],[114.401531,30.165078],[114.412423,30.17538],[114.42979,30.173026],[114.439504,30.158602],[114.438915,30.140351],[114.426258,30.12681],[114.440093,30.114741],[114.422137,30.082067],[114.440387,30.072942],[114.440976,30.069409],[114.440976,30.068526],[114.464819,30.087954],[114.476888,30.119451],[114.481598,30.185389],[114.471295,30.219535],[114.472767,30.232487],[114.491901,30.220124],[114.504559,30.213648],[114.515744,30.218652],[114.529285,30.226894],[114.550185,30.229838],[114.546358,30.219829],[114.543415,30.195692],[114.540177,30.187449],[114.531346,30.168904],[114.529874,30.16184],[114.537822,30.133875],[114.548713,30.134758],[114.577561,30.17538],[114.612885,30.113858],[114.62201,30.078829],[114.631724,30.064405],[114.643204,30.061756],[114.652624,30.079712],[114.653507,30.098551],[114.650269,30.121217],[114.643793,30.140057],[114.635256,30.148005],[114.62201,30.158013],[114.617006,30.200696],[114.597578,30.209527],[114.597578,30.216297],[114.613179,30.215414],[114.627014,30.210704],[114.652624,30.195692],[114.643793,30.221596],[114.639083,30.229838],[114.632313,30.238374],[114.614651,30.25427],[114.604642,30.268105],[114.604348,30.278408],[114.613179,30.285767],[114.631724,30.29136],[114.631724,30.298719],[114.60890214107881,30.315103822406655],[114.608764,30.315203],[114.60799045645045,30.315605248952256],[114.594045,30.322857],[114.543415,30.332277],[114.539294,30.339636],[114.53816617372478,30.354008604451373],[114.538116,30.354648],[114.536056,30.360241],[114.529285,30.368483],[114.526636,30.372604],[114.522809,30.374371],[114.49938829323027,30.375336438723355],[114.494256,30.375548],[114.485131,30.374665],[114.481598,30.371133],[114.47836,30.366717],[114.47159,30.368778]],[[114.436855,30.067054],[114.440093,30.067349],[114.440976,30.068526],[114.436855,30.067054]],[[114.435972,30.067054],[114.433617,30.066171],[114.435677,30.066466],[114.436855,30.067054],[114.435972,30.067054]],[[114.700605,30.264867],[114.70035128126177,30.264806795306026],[114.683238,30.260746],[114.663221,30.258685],[114.649091,30.253681],[114.650269,30.241024],[114.657334,30.236608],[114.665576,30.229838],[114.679411,30.233076],[114.70973,30.205111],[114.727687,30.195692],[114.728864,30.2057],[114.732985,30.213648],[114.739756,30.219535],[114.748881,30.223656],[114.753885,30.214237],[114.755063,30.209527],[114.761833,30.223656],[114.766543,30.218652],[114.772724,30.214237],[114.775668,30.209527],[114.78886427359144,30.21612464952471],[114.789209,30.216297],[114.789209,30.223656],[114.774196,30.230132],[114.763893,30.238374],[114.752708,30.243967],[114.73779641918937,30.24421196944585],[114.734751,30.244262],[114.73520875064544,30.245635187145005],[114.741816,30.265456],[114.739756,30.27988],[114.720916,30.313143],[114.733574,30.309316],[114.750353,30.289594],[114.765365,30.285178],[114.773019,30.278702],[114.776257,30.266045],[114.781555,30.258097],[114.796568,30.264867],[114.788031,30.272226],[114.783027,30.282529],[114.785088,30.292537],[114.796568,30.298719],[114.793919,30.295775],[114.798334,30.29136],[114.806282,30.286944],[114.813641,30.285178],[114.822178,30.285178],[114.82777,30.284295],[114.830125,30.280174],[114.830714,30.271343],[114.837779,30.271343],[114.838368,30.291654],[114.849259,30.297542],[114.859267,30.301074],[114.857501,30.313143],[114.853674,30.313732],[114.830714,30.326095],[114.826887,30.332865],[114.82571,30.341402],[114.821883,30.345817],[114.809814,30.339636],[114.797745,30.350821],[114.785088,30.352882],[114.778023,30.346406],[114.783027,30.332277],[114.771547,30.336986],[114.759184,30.346112],[114.750058,30.355531],[114.748881,30.360241],[114.739461,30.354059],[114.717384,30.322563],[114.707376,30.317853],[114.673229,30.309316],[114.668814,30.313143],[114.662043,30.301663],[114.662338,30.29136],[114.679411,30.298719],[114.68677,30.29136],[114.68206,30.287239],[114.676762,30.280763],[114.67460619154313,30.27896659465128],[114.673229,30.277819],[114.673229,30.271343],[114.68846727272727,30.271343],[114.700605,30.271343],[114.700605,30.264867]],[[114.646442,30.243084],[114.645265,30.244262],[114.652624,30.236608],[114.650269,30.241024],[114.646442,30.243084]],[[114.892825,30.107088],[114.895474,30.093842],[114.905188,30.087071],[114.919023,30.085011],[114.933153,30.086482],[114.943161,30.084128],[114.967593,30.072942],[114.974069,30.075002],[114.983195,30.084128],[114.988493,30.086482],[114.994381,30.085894],[115.005272,30.08089],[115.009099,30.079712],[115.041479,30.086188],[115.04559766650173,30.08632070004948],[115.050604,30.086482],[115.060318,30.082361],[115.06089200512673,30.08173239846198],[115.0665,30.075591],[115.072976,30.072942],[115.07887911436393,30.076336265690824],[115.08475,30.079712],[115.0948071959593,30.07155784121221],[115.095642,30.070881],[115.10049387958301,30.069851836125096],[115.11507,30.06676],[115.136558,30.067054],[115.153043,30.072942],[115.161874,30.082067],[115.17306,30.100318],[115.181007,30.107088],[115.190721,30.109443],[115.214271,30.108265],[115.220452,30.107088],[115.2075,30.137996],[115.176592,30.146238],[115.14068,30.141823],[115.112126,30.134464],[115.081512,30.133581],[115.046483,30.137996],[115.012925,30.135347],[114.988493,30.113858],[114.98555,30.119157],[114.977896,30.128871],[114.974953,30.134464],[114.9673223408899,30.117972712510557],[114.965827,30.114741],[114.954936,30.108854],[114.947282,30.117391],[114.94742818696417,30.128914497169703],[114.947577,30.140645],[114.9261,30.140645],[114.919612,30.140645],[114.917846,30.125044],[114.908721,30.117391],[114.898418,30.112681],[114.892825,30.107088]],[[116.233065,29.915163],[116.246017,29.921933],[116.263384,29.927526],[116.266328,29.941655],[116.265445,29.961672],[116.26778917487378,29.97406296366796],[116.269566,29.983455],[116.264562,29.983161],[116.254259,29.983749],[116.24896,29.983455],[116.252493,29.999645],[116.257203,30.010831],[116.258674,30.014952],[116.270155,30.0229],[116.289288,30.017601],[116.284284,30.014952],[116.276042,30.007887],[116.269566,30.004061],[116.27457,29.995818],[116.281635,29.989637],[116.28853298819412,29.987546442326177],[116.291349,29.986693],[116.303712,29.989637],[116.302829,29.973152],[116.309011,29.963733],[116.331088,29.94872],[116.349339,29.958434],[116.353754,29.970503],[116.354932,29.981983],[116.365823,29.989637],[116.376126,29.986987],[116.395259,29.96491],[116.40674,29.956079],[116.442358,29.948131],[116.477976,29.950781],[116.509178,29.96285],[116.530961,29.983455],[116.517126,30.003177],[116.50859,30.023194],[116.494755,30.038795],[116.436765,30.050864],[116.443241,30.0647],[116.459725,30.08089],[116.461197,30.093547],[116.470911,30.097668],[116.481508,30.099729],[116.4924,30.100318],[116.503585,30.099435],[116.503585,30.093547],[116.493577,30.090604],[116.486807,30.084716],[116.48298,30.076474],[116.482391,30.066171],[116.495932,30.072059],[116.52007,30.08972],[116.533905,30.093547],[116.551272,30.095902],[116.555394,30.102378],[116.549801,30.111209],[116.537143,30.120629],[116.52478,30.123867],[116.514183,30.122689],[116.506529,30.125044],[116.50566294236724,30.1286809125387],[116.503585,30.137407],[116.508295,30.144472],[116.519481,30.150065],[116.532727,30.153892],[116.543325,30.154775],[116.540087,30.158896],[116.538026,30.162428],[116.535671,30.165372],[116.530961,30.16861],[116.536849,30.183034],[116.542736,30.220418],[116.543325,30.236608],[116.527135,30.226894],[116.50388,30.195692],[116.485629,30.188921],[116.478859,30.192159],[116.476504,30.199224],[116.475621,30.209527],[116.470911,30.209232],[116.464435,30.207761],[116.46002,30.205406],[116.461197,30.203345],[116.454427,30.203934],[116.445596,30.203934],[116.436176,30.204817],[116.427345,30.209527],[116.430877,30.201284],[116.432938,30.193337],[116.434704,30.17538],[116.418809,30.181268],[116.413216,30.194514],[116.411744,30.21041],[116.40674,30.223656],[116.39732,30.210704],[116.387606,30.212176],[116.377892,30.219535],[116.369061,30.223656],[116.372593,30.271343],[116.365234,30.266339],[116.360524,30.261629],[116.358464,30.255153],[116.359053,30.244262],[116.344629,30.250443],[116.346689,30.239552],[116.348161,30.235431],[116.351399,30.229838],[116.344629,30.223656],[116.33727,30.237491],[116.325789,30.240729],[116.31166,30.235431],[116.296942,30.223656],[116.316075,30.223656],[116.321668,30.214531],[116.317253,30.192454],[116.317547,30.182151],[116.319608,30.177441],[116.338447,30.16861],[116.354932,30.175675],[116.371122,30.17538],[116.384662,30.168021],[116.393199,30.154775],[116.379658,30.16184],[116.375831,30.15919],[116.373182,30.15713],[116.370238,30.155364],[116.365823,30.154775],[116.374654,30.147121],[116.383779,30.141234],[116.394376,30.137113],[116.40674,30.134464],[116.40674,30.12681],[116.396437,30.122984],[116.384074,30.112975],[116.394082,30.11327],[116.398497,30.10856],[116.393199,30.099435],[116.393199,30.093547],[116.425579,30.115036],[116.445596,30.124161],[116.454721,30.117391],[116.444124,30.101201],[116.424107,30.087954],[116.410861,30.076474],[116.4164665267548,30.070703242390618],[116.420869,30.066171],[116.420869,30.058812],[116.407328,30.058224],[116.401147,30.050864],[116.399381,30.038207],[116.387606,30.039973],[116.38113,30.044683],[116.38100112079988,30.04765072851992],[116.380836,30.051453],[116.386134,30.058812],[116.351399,30.072942],[116.345512,30.07824],[116.339625,30.085305],[116.33462,30.086188],[116.331088,30.072942],[116.320491,30.081184],[116.315487,30.095313],[116.310483,30.12681],[116.291938,30.117391],[116.289288,30.099435],[116.303712,30.058812],[116.286639,30.059695],[116.278397,30.078535],[116.269566,30.120629],[116.264856,30.126516],[116.255731,30.135053],[116.2469,30.139174],[116.243073,30.130637],[116.245134,30.120629],[116.254259,30.105616],[116.255142,30.093547],[116.251021,30.097963],[116.245722,30.102378],[116.243073,30.107088],[116.236597,30.091192],[116.234831,30.072059],[116.240424,30.05999],[116.255142,30.066171],[116.25632,30.042622],[116.247194,30.036441],[116.215697,30.044977],[116.222468,30.032614],[116.228944,30.023194],[116.234242,30.01348],[116.236008,30.000528],[116.230416,29.987576],[116.218052,29.990814],[116.2051,30.000823],[116.198035,30.007887],[116.193031,30.016129],[116.189793,30.027315],[116.185967,30.062639],[116.180962,30.067643],[116.173309,30.069998],[116.163889,30.076474],[116.141223,30.085011],[116.133275,30.06205],[116.132981,30.01142],[116.125328,30.006121],[116.113553,30.002],[116.10796,29.996996],[116.11944,29.989637],[116.132392,29.989931],[116.143284,29.99523],[116.152703,29.996113],[116.160357,29.983455],[116.148288,29.979334],[116.13563,29.977273],[116.108843,29.976685],[116.097952,29.981983],[116.092653,29.991697],[116.085883,29.996996],[116.071459,29.989637],[116.077052,29.988459],[116.091476,29.983455],[116.081467,29.973741],[116.070576,29.969914],[116.061156,29.973741],[116.057329,29.986693],[116.054091,29.993758],[116.029954,30.017601],[116.026421,30.025255],[116.024655,30.03438],[116.021123,30.041739],[116.01288,30.044977],[116.003755,30.043505],[115.998751,30.038795],[115.996396,30.031436],[115.995807,30.021134],[115.999634,30.011714],[116.014941,29.996113],[116.016413,29.989637],[116.007288,29.983455],[115.995807,29.983455],[115.985799,29.987576],[115.981678,29.993463],[115.97373,29.996701],[115.939878,30.035557],[115.933991,30.044977],[115.933991,30.000528],[115.936346,29.993169],[115.942233,29.989048],[115.949003,29.986399],[115.954302,29.983455],[115.961661,29.969914],[115.983444,29.9602],[115.992275,29.953136],[115.995807,29.939006],[115.995807,29.915457],[115.997573,29.904565],[116.001989,29.893968],[116.029365,29.870125],[116.040256,29.866887],[116.051148,29.871597],[116.091476,29.901622],[116.11738,29.90486],[116.14844329392035,29.89648814104823],[116.158885,29.893674],[116.180962,29.901622],[116.200685,29.89338],[116.218052,29.901622],[116.233065,29.915163]],[[116.735839,30.251326],[116.739665,30.255447],[116.743198,30.257802],[116.763803,30.2684],[116.774695,30.271049],[116.790885,30.271343],[116.812079,30.26104],[116.82562,30.25898],[116.832096,30.268105],[116.834451,30.27723],[116.839161,30.281352],[116.840927,30.285473],[116.825031,30.311082],[116.821204,30.313143],[116.812668,30.31697],[116.8045032765459,30.322927129754838],[116.801776,30.324917],[116.790296,30.330805],[116.780876,30.329333],[116.769102,30.320502],[116.749379,30.309905],[116.739665,30.302251],[116.72583,30.280763],[116.719943,30.277525],[116.715233,30.29136],[116.708463,30.29136],[116.701398,30.271343],[116.686386,30.290182],[116.677849,30.298425],[116.674317,30.295187],[116.669312,30.29607],[116.644291,30.309022],[116.6334,30.313143],[116.637815,30.322563],[116.640759,30.326095],[116.63811,30.329922],[116.635755,30.332277],[116.633989,30.334926],[116.6334,30.339636],[116.626335,30.339636],[116.613972,30.324623],[116.5707,30.326095],[116.558043,30.313143],[116.558043,30.319325],[116.550095,30.314909],[116.545974,30.308433],[116.545974,30.30078],[116.550684,30.29136],[116.568051,30.297542],[116.603964,30.295481],[116.613383,30.298719],[116.639876,30.262218],[116.64959,30.255447],[116.637815,30.250443],[116.621331,30.249266],[116.5916,30.250443],[116.5916,30.244262],[116.605141,30.239552],[116.633989,30.235431],[116.646941,30.229838],[116.657244,30.237786],[116.668724,30.241907],[116.68166723571734,30.243083703216275],[116.694628,30.244262],[116.716411,30.243379],[116.723475,30.244262],[116.73054,30.2475],[116.735839,30.251326]],[[116.171248,28.49515],[116.160651,28.512812],[116.160357,28.523703],[116.167127,28.531062],[116.189793,28.544014],[116.194503,28.554612],[116.202451,28.560793],[116.219524,28.548724],[116.243073,28.523703],[116.244839,28.561971],[116.243073,28.571979],[116.235714,28.578161],[116.226,28.579927],[116.216286,28.582871],[116.208044,28.592585],[116.190676,28.580516],[116.169482,28.56933],[116.147699,28.561088],[116.129743,28.55785],[116.105605,28.549313],[116.094419,28.528413],[116.091181,28.501332],[116.091476,28.475133],[116.097952,28.497211],[116.109432,28.522232],[116.12209,28.535478],[116.132981,28.523703],[116.130332,28.500743],[116.107077,28.451584],[116.112081,28.428624],[116.11738,28.42568],[116.133275,28.413611],[116.139751,28.406841],[116.136808,28.423914],[116.129449,28.443048],[116.12886,28.45806],[116.145933,28.462181],[116.154175,28.454822],[116.187733,28.406841],[116.201273,28.413317],[116.215697,28.408901],[116.231299,28.402131],[116.24896,28.400659],[116.235714,28.43039],[116.23277,28.434805],[116.201568,28.43245],[116.194503,28.434805],[116.171248,28.49515]],[[116.364646,28.412139],[116.354932,28.419793],[116.347278,28.429801],[116.344629,28.441576],[116.349339,28.455116],[116.359347,28.464536],[116.372299,28.467774],[116.386134,28.462181],[116.389667,28.477194],[116.377598,28.488085],[116.36023,28.494267],[116.347867,28.496327],[116.342568,28.505158],[116.342863,28.521348],[116.352282,28.530179],[116.372593,28.516933],[116.388195,28.523703],[116.404679,28.522526],[116.417042,28.513401],[116.420869,28.496327],[116.425285,28.498388],[116.43647,28.501332],[116.440886,28.503098],[116.439414,28.489851],[116.442358,28.479254],[116.449422,28.47219],[116.461197,28.468952],[116.45531,28.501332],[116.434704,28.5343],[116.410272,28.553434],[116.393199,28.544014],[116.386134,28.544014],[116.388489,28.565209],[116.393199,28.585225],[116.382013,28.578161],[116.37436,28.57139],[116.369061,28.563442],[116.365823,28.551668],[116.35817,28.558144],[116.351399,28.565209],[116.344923,28.560499],[116.338447,28.55785],[116.336092,28.607597],[116.326084,28.621727],[116.30018,28.626731],[116.27928,28.620549],[116.271626,28.604948],[116.269566,28.55785],[116.277219,28.563442],[116.280163,28.566386],[116.283107,28.571979],[116.289288,28.571979],[116.275748,28.528413],[116.27251,28.508102],[116.276336,28.489557],[116.280457,28.492206],[116.283107,28.496327],[116.289583,28.479549],[116.30018,28.46954],[116.314309,28.464242],[116.331088,28.462181],[116.314898,28.435688],[116.313721,28.421265],[116.331088,28.414494],[116.331088,28.406841],[116.353165,28.403603],[116.362879,28.403897],[116.372593,28.406841],[116.364646,28.412139]],[[116.626335,29.264029],[116.630751,29.246367],[116.629573,29.232238],[116.618976,29.202213],[116.605435,29.236948],[116.618976,29.236948],[116.606613,29.24725],[116.588362,29.245484],[116.570406,29.248133],[116.558043,29.271094],[116.558337,29.259025],[116.555394,29.252255],[116.550389,29.251371],[116.543325,29.257259],[116.537143,29.257259],[116.541264,29.246073],[116.541853,29.229294],[116.536554,29.213987],[116.523308,29.208983],[116.516243,29.216636],[116.514477,29.231355],[116.510356,29.24519],[116.495638,29.250488],[116.50594,29.223112],[116.500053,29.204568],[116.488573,29.202507],[116.477093,29.249311],[116.463552,29.269622],[116.445596,29.280808],[116.427345,29.277864],[116.432055,29.273449],[116.437059,29.266973],[116.440886,29.264029],[116.43647,29.254609],[116.435587,29.244307],[116.438237,29.234593],[116.444713,29.226351],[116.447068,29.221346],[116.445596,29.215165],[116.442358,29.207806],[116.440886,29.198975],[116.434999,29.183962],[116.422047,29.176014],[116.407917,29.176603],[116.399381,29.188378],[116.393199,29.188378],[116.394671,29.175131],[116.39732,29.163357],[116.397909,29.152171],[116.393199,29.140691],[116.379658,29.15482],[116.372888,29.15011],[116.365823,29.147461],[116.364646,29.166889],[116.33933,29.139807],[116.324906,29.140691],[116.324023,29.156881],[116.338153,29.171304],[116.365823,29.188378],[116.369944,29.196325],[116.378775,29.221641],[116.379658,29.229294],[116.372299,29.238714],[116.366412,29.232827],[116.359053,29.216342],[116.347867,29.221641],[116.346395,29.228411],[116.346101,29.23577],[116.338447,29.243129],[116.331971,29.241657],[116.325495,29.236065],[116.316664,29.232238],[116.303712,29.236948],[116.305478,29.228705],[116.305478,29.22429],[116.306656,29.220758],[116.310483,29.216342],[116.296059,29.209572],[116.280752,29.210455],[116.266328,29.215753],[116.255142,29.223112],[116.246017,29.234593],[116.236008,29.258436],[116.229238,29.264029],[116.22394,29.262852],[116.217169,29.258436],[116.204806,29.246662],[116.196858,29.242246],[116.189205,29.244601],[116.181845,29.248722],[116.174192,29.250488],[116.140046,29.244012],[116.12415,29.24725],[116.126211,29.264029],[116.130626,29.264029],[116.166244,29.273743],[116.161829,29.27963],[116.145933,29.290816],[116.123561,29.312305],[116.120323,29.324962],[116.132981,29.339386],[116.145639,29.342036],[116.187733,29.339386],[116.198035,29.347923],[116.206572,29.356459],[116.214225,29.358226],[116.221879,29.346157],[116.225706,29.363819],[116.223056,29.380892],[116.208044,29.415038],[116.184789,29.387956],[116.150643,29.373533],[116.114142,29.367645],[116.081467,29.366468],[116.061745,29.383835],[116.08029,29.418276],[116.115614,29.443886],[116.145933,29.43476],[116.150937,29.443591],[116.152998,29.452422],[116.151232,29.460959],[116.145933,29.469495],[116.152115,29.477737],[116.168893,29.495694],[116.17066,29.500698],[116.166244,29.506585],[116.162417,29.514533],[116.157119,29.521303],[116.14976,29.524247],[116.145639,29.533667],[116.152115,29.554272],[116.167127,29.585769],[116.179491,29.574878],[116.186261,29.564869],[116.195681,29.556627],[116.215697,29.552212],[116.207161,29.562809],[116.195386,29.581059],[116.187733,29.598427],[116.190971,29.60608],[116.205689,29.613439],[116.205983,29.630807],[116.202451,29.650235],[116.204806,29.664953],[116.217758,29.670252],[116.232182,29.651412],[116.243073,29.661421],[116.244839,29.673784],[116.243073,29.683792],[116.247783,29.691151],[116.269566,29.695567],[116.256908,29.709696],[116.238658,29.708225],[116.204806,29.695567],[116.188027,29.702632],[116.193326,29.718527],[116.210399,29.735012],[116.229238,29.743843],[116.187733,29.750907],[116.173603,29.73354],[116.150054,29.727947],[116.102073,29.730302],[116.092947,29.724415],[116.060862,29.692035],[116.069398,29.688797],[116.092653,29.694389],[116.105605,29.695567],[116.100895,29.685853],[116.098246,29.681732],[116.116497,29.674667],[116.126211,29.66878],[116.12886,29.65936],[116.116497,29.593717],[116.112081,29.579587],[116.090298,29.56222],[116.092653,29.553683],[116.097069,29.544558],[116.098246,29.538376],[116.086471,29.528957],[116.070576,29.51836],[116.063217,29.509529],[116.077935,29.503642],[116.077935,29.49746],[116.070576,29.485391],[116.060862,29.463314],[116.046144,29.448007],[116.023183,29.455955],[116.01082,29.447712],[116.001695,29.440059],[115.991392,29.433583],[115.975202,29.428579],[115.975202,29.42122],[115.990509,29.42122],[115.998751,29.417393],[116.00405,29.410328],[116.02701,29.361169],[116.029954,29.352927],[116.028187,29.338798],[116.024066,29.327906],[116.01759,29.319075],[116.009642,29.311127],[115.984916,29.299353],[115.97844,29.294643],[115.927809,29.273449],[115.924277,29.262852],[115.922216,29.250194],[115.907498,29.216931],[115.929281,29.203979],[115.975202,29.195737],[115.980795,29.215459],[115.974907,29.232827],[115.967548,29.249017],[115.967843,29.264029],[115.980795,29.280219],[115.98992,29.272271],[115.997573,29.254315],[116.005816,29.239891],[116.077641,29.223996],[116.088238,29.219874],[116.102661,29.223996],[116.123856,29.220758],[116.14505,29.212515],[116.158885,29.203096],[116.140046,29.197208],[116.077935,29.202213],[116.084117,29.186906],[116.074991,29.183668],[116.040256,29.188378],[116.035841,29.181313],[116.042317,29.165417],[116.057329,29.140691],[116.08235,29.125678],[116.093536,29.114492],[116.10325,29.078285],[116.115908,29.077108],[116.131509,29.082701],[116.145933,29.085939],[116.142989,29.066216],[116.155647,29.047083],[116.174192,29.038841],[116.187733,29.051204],[116.194503,29.051204],[116.19833,29.037957],[116.206572,29.033248],[116.252198,29.031481],[116.255142,29.027655],[116.256614,29.019118],[116.259558,29.012642],[116.264267,29.007932],[116.269566,29.004106],[116.260735,28.985855],[116.2678,28.980262],[116.329911,28.982911],[116.344334,28.980851],[116.359053,28.976141],[116.338742,28.941112],[116.333149,28.925216],[116.331088,28.911381],[116.335209,28.908143],[116.344334,28.907554],[116.353754,28.904611],[116.359053,28.894308],[116.354637,28.883122],[116.333737,28.863988],[116.331088,28.853391],[116.342274,28.841322],[116.358464,28.850153],[116.373182,28.87017],[116.379658,28.890481],[116.381424,28.894013],[116.39055,28.898723],[116.393199,28.900489],[116.39261,28.906082],[116.3879,28.919623],[116.386134,28.921389],[116.393199,28.938462],[116.397614,28.940523],[116.40674,28.935224],[116.4088,28.948765],[116.413804,28.961423],[116.420575,28.966133],[116.427345,28.95583],[116.427934,28.943172],[116.424696,28.929926],[116.419103,28.917563],[116.39261,28.877823],[116.371416,28.83308],[116.365823,28.825427],[116.372593,28.818362],[116.388489,28.840145],[116.404973,28.874291],[116.426168,28.899606],[116.454721,28.894308],[116.432349,28.882828],[116.424107,28.874291],[116.420869,28.862811],[116.423224,28.850153],[116.429994,28.842794],[116.438531,28.836024],[116.448245,28.825427],[116.453249,28.814535],[116.456487,28.803055],[116.46208,28.794224],[116.472088,28.790692],[116.481508,28.79128],[116.509178,28.798051],[116.513005,28.794518],[116.515654,28.792752],[116.518892,28.791575],[116.523308,28.790692],[116.516537,28.776856],[116.526546,28.782449],[116.535082,28.796579],[116.54097,28.812769],[116.543325,28.825427],[116.541264,28.830725],[116.533022,28.845738],[116.530961,28.856335],[116.533905,28.861045],[116.541264,28.866049],[116.558043,28.873702],[116.550684,28.880473],[116.558043,28.886654],[116.544796,28.898135],[116.535377,28.895485],[116.52478,28.890481],[116.509178,28.894308],[116.518009,28.909026],[116.522425,28.924627],[116.52213,28.940523],[116.516537,28.95583],[116.504174,28.970254],[116.48975,28.983794],[116.480036,28.998807],[116.482391,29.017058],[116.468556,29.017058],[116.461197,29.024417],[116.459725,29.036486],[116.461197,29.051204],[116.485629,29.0462],[116.512416,29.069749],[116.537143,29.072398],[116.537143,29.07858],[116.53155,29.079757],[116.516537,29.085939],[116.523308,29.099774],[116.508295,29.103601],[116.492694,29.112137],[116.483274,29.124501],[116.488573,29.140691],[116.47621,29.152171],[116.48769,29.159824],[116.506823,29.160707],[116.516537,29.151288],[116.518598,29.142457],[116.523308,29.132154],[116.529784,29.123617],[116.537143,29.119496],[116.543325,29.12244],[116.556865,29.137158],[116.564519,29.140691],[116.576588,29.13392],[116.593072,29.12244],[116.607202,29.117436],[116.615444,29.135686],[116.619271,29.130682],[116.623686,29.120968],[116.626335,29.113315],[116.627513,29.103601],[116.62663,29.094475],[116.623686,29.086233],[116.618976,29.07858],[116.622803,29.075636],[116.625747,29.074164],[116.6334,29.072398],[116.637227,29.091826],[116.645763,29.112726],[116.656655,29.12715],[116.684325,29.127739],[116.689918,29.112137],[116.690801,29.091826],[116.688446,29.07858],[116.70758,29.082995],[116.715233,29.097125],[116.715233,29.137158],[116.688446,29.168066],[116.677555,29.173365],[116.674611,29.172776],[116.67255,29.169833],[116.664014,29.168066],[116.638404,29.152465],[116.623686,29.150405],[116.618976,29.168066],[116.643703,29.192204],[116.648413,29.200741],[116.651356,29.207511],[116.65636,29.209277],[116.667546,29.202213],[116.678438,29.2081],[116.684031,29.212221],[116.688446,29.216342],[116.660776,29.229294],[116.665191,29.239303],[116.65636,29.249017],[116.641053,29.257847],[116.626335,29.264029]],[[118.834361,29.628452],[118.839954,29.630218],[118.826118,29.627274],[118.834361,29.628452]],[[116.974274,30.351999],[116.979867,30.335515],[116.988992,30.326095],[116.984576,30.320502],[116.985165,30.316675],[116.98752,30.312554],[116.988992,30.313143],[117.004004,30.308433],[117.009892,30.320208],[117.008714,30.338753],[117.002533,30.354059],[117.018428,30.367011],[117.051103,30.379669],[117.057873,30.394976],[117.064643,30.394976],[117.064055,30.379964],[117.069942,30.371721],[117.081128,30.368483],[117.095552,30.367895],[117.103205,30.36554],[117.113508,30.361124],[117.124399,30.358181],[117.133525,30.360241],[117.126166,30.367895],[117.133819,30.376137],[117.141178,30.382318],[117.14942,30.385851],[117.160312,30.387617],[117.160312,30.394976],[117.11233,30.394976],[117.119101,30.403513],[117.127049,30.410577],[117.146771,30.422352],[117.146771,30.428534],[117.13588,30.432949],[117.133819,30.442369],[117.135291,30.451788],[117.133525,30.456498],[117.12175,30.455321],[117.112919,30.449728],[117.09879,30.435893],[117.082894,30.426767],[117.066115,30.419997],[117.046982,30.41617],[117.036679,30.408222],[117.004888,30.398508],[116.989875,30.392032],[116.978983,30.384085],[116.973096,30.369955],[116.974274,30.351999]],[[118.928557,31.064949],[118.944453,31.060828],[118.962115,31.065243],[118.995672,31.088792],[119.011862,31.103805],[119.020987,31.120584],[119.014806,31.138246],[118.987724,31.167682],[118.9733,31.173864],[118.955933,31.169742],[118.942098,31.154436],[118.933856,31.117934],[118.921787,31.107043],[118.923259,31.134713],[118.921787,31.141778],[118.91796,31.146782],[118.910895,31.153847],[118.904419,31.157379],[118.901181,31.151786],[118.894705,31.144427],[118.879693,31.142367],[118.853494,31.141778],[118.834361,31.119995],[118.853494,31.101744],[118.889995,31.087909],[118.915605,31.079667],[118.928557,31.064949]],[[120.351808,31.081728],[120.357695,31.086437],[120.370058,31.090853],[120.384482,31.109987],[120.398612,31.114402],[120.403027,31.111458],[120.421278,31.107337],[120.434818,31.109103],[120.425693,31.124705],[120.427754,31.143838],[120.474558,31.192703],[120.470436,31.216841],[120.446887,31.223317],[120.380361,31.217429],[120.353868,31.223611],[120.38772,31.244217],[120.376829,31.254519],[120.364465,31.257463],[120.351808,31.259229],[120.340033,31.265411],[120.32973,31.281601],[120.336206,31.29102],[120.345037,31.299557],[120.340033,31.313098],[120.35534,31.314275],[120.361227,31.321634],[120.357401,31.329582],[120.34386,31.333409],[120.331497,31.330465],[120.292346,31.306327],[120.295584,31.315453],[120.31619,31.350776],[120.326492,31.361374],[120.342094,31.364023],[120.362405,31.364317],[120.380067,31.369027],[120.38772,31.384628],[120.391547,31.402879],[120.404499,31.430843],[120.402144,31.443501],[120.390075,31.450566],[120.36947,31.457336],[120.34857,31.461457],[120.336795,31.460574],[120.317367,31.44409],[120.285281,31.42319],[120.251135,31.406411],[120.224054,31.40229],[120.208747,31.412887],[120.207864,31.428489],[120.219344,31.473232],[120.224054,31.485595],[120.225231,31.499725],[120.216695,31.518564],[120.23259,31.51356],[120.243776,31.502374],[120.251724,31.487361],[120.257611,31.471466],[120.264382,31.471466],[120.26291,31.484712],[120.263793,31.496487],[120.268503,31.506201],[120.278511,31.512382],[120.278511,31.518564],[120.237594,31.518564],[120.240538,31.53446],[120.229058,31.538286],[120.21169,31.535637],[120.196089,31.531516],[120.200505,31.538875],[120.203448,31.54594],[120.182548,31.54123],[120.169891,31.52975],[120.160471,31.515915],[120.148991,31.504729],[120.133389,31.499725],[120.117494,31.496781],[120.105425,31.490599],[120.100421,31.474409],[120.09159,31.468816],[120.071573,31.468228],[120.042431,31.471466],[120.027713,31.468816],[120.014466,31.460869],[120.009168,31.447622],[120.018587,31.429077],[119.998571,31.415831],[119.984441,31.396992],[119.963836,31.354014],[119.917032,31.290726],[119.90879,31.271298],[119.898193,31.248043],[119.89937,31.230381],[119.905257,31.211542],[119.90879,31.186521],[119.912911,31.172097],[119.93175,31.15002],[119.935871,31.138246],[119.936754,31.112636],[119.93852,31.098506],[119.942642,31.086437],[119.96207,31.067598],[120.025358,31.022266],[120.050968,30.994596],[120.128385,30.943082],[120.213162,30.920416],[120.304121,30.93013],[120.389192,30.959861],[120.520773,31.039634],[120.542556,31.056412],[120.589654,31.077018],[120.601428,31.086437],[120.576996,31.172686],[120.562867,31.173275],[120.552564,31.153847],[120.546971,31.127648],[120.546088,31.107043],[120.523716,31.113519],[120.491336,31.116168],[120.462489,31.111458],[120.449831,31.097035],[120.444238,31.069659],[120.414802,31.029625],[120.402144,31.004604],[120.393607,31.011963],[120.385071,31.016084],[120.37624,31.016379],[120.367409,31.011375],[120.344154,31.027565],[120.331791,31.038456],[120.326492,31.049053],[120.330908,31.057884],[120.351808,31.081728]],[[120.716525,31.394342],[120.724178,31.406117],[120.737425,31.422307],[120.749199,31.445267],[120.748905,31.464107],[120.737425,31.470877],[120.717408,31.457042],[120.712109,31.447917],[120.706222,31.427605],[120.700335,31.419069],[120.69121,31.410238],[120.685322,31.401701],[120.684439,31.392282],[120.690326,31.38139],[120.682084,31.379035],[120.662362,31.367555],[120.657063,31.364612],[120.650587,31.362257],[120.641462,31.361374],[120.641462,31.354014],[120.680318,31.361962],[120.717408,31.375209],[120.747727,31.396992],[120.764506,31.406117],[120.785112,31.408766],[120.775986,31.399641],[120.764506,31.39552],[120.754792,31.389927],[120.750965,31.378152],[120.757441,31.375797],[120.807483,31.381979],[120.820141,31.380802],[120.826617,31.38139],[120.843396,31.387278],[120.850755,31.388161],[120.862824,31.392282],[120.865473,31.40229],[120.860763,31.429077],[120.848106,31.413182],[120.84163,31.407294],[120.833387,31.40229],[120.836331,31.426722],[120.829561,31.459102],[120.833387,31.477353],[120.823379,31.468522],[120.816903,31.459397],[120.805423,31.436436],[120.802185,31.447328],[120.802774,31.457336],[120.8066,31.467345],[120.813076,31.477353],[120.79041,31.48324],[120.777458,31.48324],[120.765389,31.477353],[120.783345,31.463224],[120.775692,31.443795],[120.719174,31.393165],[120.716525,31.394342]],[[118.834361,31.540347],[118.829062,31.544174],[118.82288,31.54594],[118.815816,31.542407],[118.806396,31.534165],[118.801981,31.532105],[118.794621,31.531516],[118.785791,31.532693],[118.750172,31.542113],[118.733688,31.556243],[118.722502,31.559481],[118.688356,31.538875],[118.706018,31.534754],[118.724268,31.527689],[118.74193,31.517681],[118.757237,31.504729],[118.736043,31.504729],[118.736043,31.497958],[118.732216,31.488539],[118.738104,31.472938],[118.74664,31.456159],[118.750467,31.443501],[118.751056,31.434376],[118.758415,31.423779],[118.777843,31.408766],[118.773427,31.39287],[118.784024,31.389338],[118.794916,31.400818],[118.791383,31.429077],[118.764302,31.484418],[118.771661,31.471466],[118.82288,31.401996],[118.857615,31.381685],[118.894411,31.40229],[118.906185,31.436436],[118.907952,31.439969],[118.912956,31.442912],[118.945925,31.443501],[118.956522,31.448211],[118.965941,31.459691],[118.973006,31.473526],[118.976538,31.484418],[118.975361,31.494132],[118.971534,31.501196],[118.96653,31.506789],[118.963292,31.512382],[118.951812,31.552416],[118.939154,31.565662],[118.903242,31.547706],[118.839954,31.538875],[118.834361,31.540347]],[[119.544367,31.663097],[119.511692,31.651911],[119.496974,31.631894],[119.481373,31.547412],[119.491087,31.525334],[119.500212,31.512088],[119.506394,31.514737],[119.510221,31.526806],[119.511398,31.542407],[119.517874,31.555654],[119.532004,31.559186],[119.545839,31.559481],[119.552315,31.563013],[119.562617,31.587151],[119.583223,31.603635],[119.600885,31.621297],[119.600002,31.648967],[119.579396,31.662802],[119.544367,31.663097]],[[119.819597,31.521213],[119.826073,31.525334],[119.844913,31.542407],[119.84609,31.550944],[119.832844,31.559481],[119.848445,31.580675],[119.85757,31.597748],[119.861397,31.617765],[119.86022,31.648967],[119.858159,31.678404],[119.853155,31.703425],[119.839908,31.715199],[119.812533,31.704013],[119.798697,31.686646],[119.770733,31.607756],[119.74218,31.563307],[119.732171,31.540936],[119.730405,31.512382],[119.723635,31.486184],[119.72599,31.477942],[119.736587,31.471466],[119.751305,31.469994],[119.766612,31.474704],[119.780741,31.482652],[119.791927,31.491188],[119.794282,31.495309],[119.796637,31.507672],[119.798992,31.512382],[119.804585,31.515915],[119.819597,31.521213]],[[114.952875,30.252209],[114.951992,30.253976],[114.949932,30.256919],[114.947577,30.257802],[114.953758,30.250443],[114.952875,30.252209]],[[114.979368,30.246911],[115.009982,30.245439],[115.033531,30.257214],[115.043245,30.288416],[115.048838,30.322857],[115.046777,30.339636],[115.025878,30.351116],[115.006449,30.372604],[114.995264,30.380847],[114.996441,30.364951],[114.999385,30.348761],[115.005566,30.334926],[115.015575,30.326095],[115.007627,30.307256],[115.007038,30.291949],[115.004683,30.281646],[114.991731,30.277819],[114.954641,30.278997],[114.935213,30.277525],[114.919612,30.271343],[114.93698,30.26575],[114.944044,30.262218],[114.949932,30.256919],[114.979368,30.246911]],[[114.748292,30.449139],[114.734457,30.450022],[114.727687,30.449728],[114.735634,30.460914],[114.747703,30.463563],[114.761833,30.464152],[114.775668,30.46945],[114.778612,30.476809],[114.767131,30.478576],[114.741522,30.477104],[114.746232,30.481519],[114.750941,30.48829],[114.753296,30.49506],[114.751825,30.501242],[114.743582,30.509778],[114.740639,30.510072],[114.738872,30.50654],[114.734751,30.504774],[114.700311,30.503891],[114.688536,30.508601],[114.68677,30.524202],[114.678822,30.520964],[114.671169,30.520375],[114.662927,30.521553],[114.652624,30.524202],[114.657334,30.509778],[114.666459,30.500358],[114.679117,30.494471],[114.69354,30.490644],[114.69354,30.483285],[114.679411,30.463269],[114.673229,30.463269],[114.667342,30.468861],[114.648797,30.48093],[114.642027,30.483285],[114.635845,30.487406],[114.627603,30.49712],[114.6173,30.506834],[114.604348,30.51125],[114.604348,30.504774],[114.60788,30.495649],[114.601993,30.473866],[114.607586,30.46945],[114.621421,30.468567],[114.631724,30.466212],[114.652624,30.456498],[114.652624,30.449728],[114.648503,30.445312],[114.646737,30.442074],[114.645265,30.428534],[114.658805,30.435893],[114.64762,30.41882],[114.638789,30.412344],[114.628192,30.415876],[114.611118,30.428534],[114.614356,30.409989],[114.613473,30.387911],[114.606409,30.369072],[114.590513,30.360241],[114.588158,30.405279],[114.580505,30.425296],[114.563726,30.435893],[114.558427,30.42088],[114.54577,30.426767],[114.52222,30.449728],[114.522809,30.439131],[114.52222,30.435893],[114.506914,30.444724],[114.501909,30.449728],[114.493078,30.440014],[114.476005,30.431772],[114.467469,30.422352],[114.478655,30.417053],[114.487191,30.417348],[114.495728,30.420586],[114.505147,30.422352],[114.515744,30.419114],[114.523692,30.411755],[114.536056,30.394976],[114.551363,30.390266],[114.55725,30.385851],[114.553423,30.377609],[114.550479,30.368778],[114.557544,30.361713],[114.568436,30.356709],[114.577561,30.354059],[114.586098,30.348761],[114.597578,30.3467],[114.624659,30.3467],[114.622893,30.342579],[114.622304,30.341991],[114.621127,30.341991],[114.617889,30.339636],[114.63349,30.333748],[114.648797,30.338753],[114.662338,30.349644],[114.673229,30.360241],[114.669108,30.365834],[114.66587,30.372604],[114.664104,30.379964],[114.665576,30.387617],[114.670874,30.394976],[114.68677,30.408222],[114.696484,30.429122],[114.69354,30.428534],[114.696484,30.433243],[114.701783,30.444135],[114.707376,30.449728],[114.717678,30.434127],[114.721799,30.423824],[114.727392,30.417936],[114.741522,30.414993],[114.756534,30.415582],[114.756829,30.421469],[114.752708,30.432949],[114.755063,30.449728],[114.748292,30.449139]],[[114.597578,30.634],[114.595517,30.636355],[114.590513,30.641653],[114.597578,30.634]],[[114.631724,30.6131],[114.675584,30.609273],[114.717678,30.621636],[114.748881,30.648129],[114.761833,30.643419],[114.776257,30.644597],[114.803633,30.655783],[114.783616,30.670207],[114.773019,30.714656],[114.758595,30.724075],[114.741522,30.729668],[114.730042,30.743798],[114.723271,30.76352],[114.720916,30.784714],[114.710025,30.778238],[114.709142,30.767641],[114.714146,30.755278],[114.720916,30.743798],[114.709142,30.740854],[114.697956,30.73585],[114.694718,30.729668],[114.707376,30.724075],[114.697367,30.709651],[114.688831,30.712889],[114.680883,30.723486],[114.673229,30.730257],[114.664398,30.729079],[114.644382,30.719365],[114.628192,30.717305],[114.642027,30.672561],[114.649091,30.660787],[114.654684,30.648129],[114.662043,30.638121],[114.673229,30.634],[114.673229,30.627818],[114.640849,30.627818],[114.625542,30.629584],[114.611118,30.634],[114.613473,30.649307],[114.604642,30.664319],[114.589041,30.672856],[114.570202,30.668735],[114.595517,30.636355],[114.631724,30.6131]],[[114.517805,30.797077],[114.525753,30.799432],[114.554601,30.803259],[114.579327,30.810324],[114.590513,30.827103],[114.583743,30.830046],[114.577855,30.830929],[114.572851,30.828869],[114.566964,30.823276],[114.560782,30.819449],[114.555778,30.82151],[114.550185,30.825336],[114.543415,30.827103],[114.52487,30.828574],[114.514861,30.827103],[114.501909,30.819449],[114.496905,30.834462],[114.495728,30.840055],[114.488369,30.840055],[114.486897,30.834462],[114.482776,30.825042],[114.481598,30.819449],[114.473356,30.82357],[114.467174,30.829752],[114.462759,30.8377],[114.46011,30.846825],[114.453634,30.82622],[114.461287,30.805908],[114.473356,30.787363],[114.481598,30.771762],[114.459815,30.776766],[114.450984,30.780887],[114.447158,30.788541],[114.443037,30.802376],[114.434794,30.808852],[114.429201,30.806203],[114.433617,30.792368],[114.426258,30.784714],[114.437738,30.757044],[114.44598,30.747624],[114.46011,30.743798],[114.453928,30.743798],[114.488957,30.728785],[114.522809,30.734084],[114.590513,30.764403],[114.576383,30.771173],[114.563726,30.769113],[114.551068,30.763226],[114.536056,30.758221],[114.536056,30.764403],[114.542237,30.767641],[114.550774,30.775],[114.556367,30.778533],[114.556367,30.784714],[114.542237,30.783537],[114.536644,30.782065],[114.529874,30.778533],[114.533406,30.782654],[114.535761,30.785892],[114.538411,30.788835],[114.543415,30.792368],[114.533406,30.797372],[114.523104,30.797961],[114.517805,30.797077]],[[117.360479,31.720498],[117.338991,31.72403],[117.306316,31.704308],[117.288949,31.661036],[117.288066,31.611583],[117.304256,31.573021],[117.317797,31.563602],[117.338402,31.554771],[117.359596,31.548295],[117.376375,31.54594],[117.383734,31.542996],[117.416409,31.517387],[117.43407,31.497958],[117.442018,31.484123],[117.455559,31.476176],[117.471455,31.469994],[117.500008,31.452921],[117.547989,31.438497],[117.557998,31.439969],[117.562413,31.443501],[117.595971,31.443501],[117.606273,31.442324],[117.612749,31.443501],[117.617459,31.446445],[117.625113,31.455276],[117.647484,31.46234],[117.661025,31.475881],[117.685163,31.508556],[117.70047,31.522391],[117.734322,31.545057],[117.749923,31.559481],[117.768174,31.591272],[117.778476,31.591272],[117.798493,31.586856],[117.820865,31.588917],[117.834994,31.588034],[117.84618,31.583324],[117.875322,31.563602],[117.911529,31.548589],[117.928602,31.538875],[117.928602,31.531516],[117.925659,31.524157],[117.932429,31.515032],[117.955389,31.497958],[117.95274,31.526806],[117.936256,31.548295],[117.913295,31.561541],[117.890335,31.566251],[117.880621,31.571844],[117.857072,31.598631],[117.84618,31.607756],[117.706652,31.659859],[117.678098,31.663097],[117.645424,31.657504],[117.622758,31.642786],[117.585374,31.600397],[117.563296,31.583324],[117.545929,31.580086],[117.474693,31.588917],[117.452027,31.596865],[117.434954,31.611583],[117.427594,31.635132],[117.432304,31.653971],[117.439369,31.673988],[117.438192,31.690178],[117.396097,31.70107],[117.360479,31.720498]],[[116.36494,32.333953],[116.360524,32.32571],[116.355815,32.295097],[116.347867,32.287737],[116.336681,32.289209],[116.324906,32.300101],[116.326084,32.284205],[116.32108,32.275963],[116.30018,32.262128],[116.295764,32.250353],[116.298708,32.235929],[116.310483,32.217384],[116.317842,32.208259],[116.328733,32.201783],[116.337858,32.193247],[116.338447,32.176468],[116.34875,32.187654],[116.356992,32.203549],[116.356698,32.217973],[116.341685,32.224155],[116.33462,32.228865],[116.342568,32.239167],[116.354048,32.248881],[116.359053,32.252119],[116.37642,32.271253],[116.41351,32.333953],[116.424696,32.344844],[116.434704,32.352792],[116.438531,32.360445],[116.430877,32.371631],[116.414687,32.378402],[116.400852,32.37222],[116.379658,32.347199],[116.36494,32.333953]],[[116.889791,32.481429],[116.858589,32.423439],[116.862121,32.404894],[116.870363,32.391942],[116.892735,32.374869],[116.87625,32.341017],[116.873012,32.322767],[116.879783,32.306871],[116.851818,32.270959],[116.845342,32.259478],[116.845048,32.259184],[116.837689,32.250648],[116.830918,32.24005],[116.826209,32.229748],[116.824442,32.220622],[116.828563,32.210614],[116.837983,32.217679],[116.863887,32.253886],[116.870657,32.257712],[116.893618,32.259184],[116.898622,32.261539],[116.900094,32.268309],[116.900388,32.296568],[116.90186,32.306871],[116.905981,32.315996],[116.913929,32.327182],[116.920994,32.331009],[116.929825,32.332186],[116.937773,32.335424],[116.941305,32.344255],[116.936301,32.354264],[116.926881,32.358974],[116.921288,32.364272],[116.92747,32.374869],[116.934535,32.377518],[116.968386,32.381934],[116.968386,32.388704],[116.947192,32.393414],[116.929236,32.400185],[116.915401,32.411076],[116.90657,32.429621],[116.905098,32.443162],[116.907747,32.452876],[116.911868,32.460235],[116.913929,32.467594],[116.912457,32.482606],[116.908336,32.490554],[116.892735,32.505273],[116.878605,32.523817],[116.868597,32.533826],[116.858589,32.533237],[116.816494,32.489377],[116.777344,32.464356],[116.794417,32.464945],[116.811785,32.469654],[116.827975,32.477897],[116.841515,32.488199],[116.858294,32.504389],[116.867125,32.507627],[116.889791,32.481429]],[[119.237051,33.211158],[119.237051,33.204976],[119.225865,33.197323],[119.156984,33.165826],[119.152863,33.158172],[119.139027,33.094001],[119.134023,33.080754],[119.122249,33.069274],[119.108414,33.065742],[119.094578,33.063681],[119.08251,33.057205],[119.052484,33.046608],[118.945925,33.073984],[118.914722,33.067508],[118.900298,33.069569],[118.888818,33.09665],[118.874394,33.10136],[118.839954,33.10136],[118.862031,33.087525],[118.896766,33.049846],[118.921787,33.039838],[118.933561,33.040132],[118.95711,33.045431],[118.970357,33.046608],[118.981837,33.044253],[119.014806,33.032479],[119.030996,33.030418],[119.061021,33.021293],[119.075739,33.019232],[119.087808,33.02247],[119.109885,33.0366],[119.11695,33.039838],[119.135789,33.044842],[119.158455,33.0575],[119.179944,33.073101],[119.195545,33.087525],[119.183771,33.087525],[119.173174,33.08517],[119.16346,33.080754],[119.154629,33.073984],[119.154923,33.106658],[119.158455,33.134329],[119.170524,33.155817],[119.195545,33.170241],[119.220566,33.176423],[119.236462,33.176128],[119.243232,33.166709],[119.240877,33.158467],[119.230575,33.146692],[119.229692,33.142276],[119.234107,33.136978],[119.238228,33.136978],[119.243527,33.137861],[119.250886,33.136095],[119.292097,33.11755],[119.298573,33.111957],[119.300928,33.096944],[119.323888,33.047786],[119.328304,33.034245],[119.327126,33.023648],[119.31594,33.019232],[119.307404,33.023648],[119.284443,33.044842],[119.277967,33.053967],[119.267959,33.046019],[119.267076,33.037483],[119.268253,33.028358],[119.264427,33.019232],[119.255007,33.012462],[119.22351,32.998921],[119.270314,32.960065],[119.276496,32.951234],[119.275024,32.941815],[119.264427,32.93004],[119.261483,32.932395],[119.253241,32.935633],[119.243527,32.937988],[119.237051,32.93681],[119.235285,32.930629],[119.238228,32.92327],[119.242055,32.915616],[119.243232,32.909434],[119.237345,32.887946],[119.239406,32.877349],[119.250886,32.868518],[119.259128,32.872933],[119.266487,32.875288],[119.284738,32.875877],[119.226454,32.851445],[119.21203,32.864102],[119.201138,32.868518],[119.189952,32.870284],[119.16081,32.88147],[119.156101,32.885297],[119.153451,32.900309],[119.150213,32.90708],[119.144915,32.910023],[119.137556,32.906196],[119.129019,32.894716],[119.12166,32.878821],[119.116361,32.862042],[119.113418,32.847912],[119.09605,32.861159],[119.081921,32.874994],[119.066614,32.883825],[119.044831,32.882059],[119.044831,32.875877],[119.06367,32.864691],[119.082215,32.832311],[119.099288,32.820831],[119.113123,32.81877],[119.122543,32.819948],[119.129019,32.818182],[119.134023,32.806996],[119.133435,32.801108],[119.129608,32.79581],[119.124604,32.790806],[119.120777,32.785802],[119.126075,32.773144],[119.131668,32.756071],[119.141971,32.738115],[119.156101,32.724574],[119.17494,32.717803],[119.17494,32.711327],[119.169641,32.709267],[119.166403,32.707206],[119.162282,32.70544],[119.154629,32.703968],[119.172585,32.692488],[119.174646,32.676298],[119.177,32.667173],[119.195545,32.676592],[119.207614,32.690428],[119.213796,32.707795],[119.216445,32.748712],[119.227337,32.759309],[119.250297,32.746945],[119.272669,32.727517],[119.2815,32.717803],[119.293569,32.724574],[119.306521,32.741058],[119.316529,32.761369],[119.319178,32.779031],[119.33213,32.7702],[119.351853,32.740764],[119.367454,32.731344],[119.380406,32.732227],[119.391592,32.740175],[119.401012,32.752538],[119.408371,32.766079],[119.415141,32.793455],[119.411903,32.819653],[119.405133,32.847324],[119.38806,33.002159],[119.379523,33.02041],[119.358623,33.010696],[119.331542,32.994211],[119.305343,32.991268],[119.326243,33.003925],[119.341844,33.019232],[119.349498,33.037777],[119.346849,33.060149],[119.342139,33.068097],[119.335074,33.076633],[119.328598,33.086347],[119.31859,33.131974],[119.31594,33.139038],[119.296218,33.152874],[119.279734,33.15935],[119.268548,33.169358],[119.257951,33.221755],[119.244999,33.227642],[119.23499,33.220872],[119.237051,33.211158]]],[[[121.881847,31.336615],[121.877452,31.319648],[121.866222,31.304185],[121.851085,31.293931],[121.834727,31.292548],[121.823416,31.302395],[121.813243,31.320787],[121.7942,31.368801],[121.804454,31.374701],[121.837738,31.375149],[121.85377,31.372992],[121.867849,31.366197],[121.87794,31.354315],[121.881847,31.336615]]],[[[121.76238,31.373765],[121.774181,31.359198],[121.782237,31.341783],[121.78004,31.325181],[121.766368,31.320624],[121.751638,31.330512],[121.72047,31.357733],[121.598806,31.429145],[121.584483,31.441392],[121.591156,31.445868],[121.60255,31.444241],[121.618175,31.443793],[121.691254,31.419176],[121.725597,31.402737],[121.745942,31.388495],[121.76238,31.373765]]],[[[121.517456,31.568392],[121.48463,31.579901],[121.4526388894675,31.593420138816562],[121.404614,31.613715],[121.375523,31.634134],[121.344737,31.641303],[121.314464,31.655585],[121.302908,31.671454],[121.285899,31.704047],[121.224511,31.737667],[121.205578,31.756619],[121.186631,31.774116],[121.176288,31.784323],[121.181443,31.79598],[121.19516,31.805243],[121.219301,31.829473],[121.264065,31.841077],[121.322564,31.829331],[121.362089,31.817608],[121.386133,31.811736],[121.423885,31.795639],[121.475304,31.77077],[121.500966,31.750329],[121.535176,31.72841],[121.571091,31.713752],[121.605243,31.691824],[121.625702,31.675756],[121.641053,31.66552],[121.663223,31.652352],[121.721227,31.630313],[121.844075,31.607947],[121.918966,31.578463],[121.980086,31.540296],[121.98242961545596,31.527196298068006],[121.986598,31.503897],[121.977851,31.477771],[121.91289,31.456332],[121.851374,31.439179],[121.817326,31.44665],[121.783352,31.465686],[121.730235,31.484768],[121.710168,31.495077],[121.68463,31.506807],[121.614689,31.521582],[121.571544,31.529364],[121.541341,31.553785],[121.517456,31.568392]]],[[[120.627208,32.046536],[120.631358,32.036078],[120.626882,32.030585],[120.601654,32.031806],[120.581879,32.033271],[120.566254,32.041734],[120.565359,32.052314],[120.568777,32.058092],[120.579519,32.062527],[120.600108,32.060818],[120.627208,32.046536]]],[[[119.815196,32.11522],[119.804861,32.120307],[119.795177,32.120551],[119.792003,32.121772],[119.78887788,32.12677168],[119.78712,32.129584],[119.788341,32.133612],[119.79127,32.136868],[119.792003,32.142279],[119.791026,32.165473],[119.798839,32.178697],[119.809906,32.189114],[119.819347,32.203762],[119.789317,32.211493],[119.749848,32.228013],[119.719493,32.249579],[119.716156,32.27265],[119.750824,32.293118],[119.78533,32.291693],[119.814301,32.27558],[119.832856,32.252143],[119.875011,32.155219],[119.880707,32.12519],[119.89938327953656,32.08658789835034],[119.901378,32.082465],[119.901866,32.073391],[119.89031,32.075385],[119.85912190636145,32.10122839768675],[119.858735,32.101549],[119.843516,32.10814],[119.8326328,32.1108608],[119.815196,32.11522]]],[[[118.60620398092404,33.35229842586496],[118.595926,33.350981],[118.575026,33.357751],[118.56405938696594,33.375792343287905],[118.60620398092404,33.35229842586496]]],[[[118.510266,33.368937],[118.489955,33.373058],[118.487305,33.380123],[118.492604,33.390425],[118.496725,33.403377],[118.49602891622021,33.413716596717265],[118.5363206119779,33.391255595576695],[118.518214,33.385127],[118.510266,33.368937]]],[[[119.450043,34.777533],[119.453949,34.771918],[119.466319,34.767564],[119.474132,34.766466],[119.487722,34.76321],[119.494477,34.76081],[119.492849,34.755032],[119.489187,34.752753],[119.481863,34.748196],[119.467052,34.751614],[119.451834,34.763373],[119.443696,34.769232],[119.441417,34.774156],[119.444998,34.778225],[119.450043,34.777533]]]]},"properties":{"id":"wu-phase-936-936","dynastyId":"wu","name":"吴","snapshotId":"phase-936-936","validFromYear":936,"validToYearExclusive":937,"boundaryKind":"controlled","accuracyLevel":"approximate","verificationStatus":"reviewed","sourceRefs":["atlas-943-fixed-master","chronology-south","continuous-method"],"disputedNote":"以943年地理格局为骨架，概括主要政权更替，非逐年精确疆域；958割江北诸州；955—957战事保留年度事件，不画无据的逐年战线。；吴与南唐继承。","labelLongitude":117.9864749131965,"labelLatitude":29.687325}},{"type":"Feature","geometry":{"type":"MultiPolygon","coordinates":[[[[118.240164,24.412828],[118.220225,24.407538],[118.208995,24.411607],[118.228038,24.446031],[118.233084,24.450751],[118.241059,24.452623],[118.249034,24.452826],[118.256358,24.448106],[118.262706,24.441799],[118.262543,24.430976],[118.257335,24.423774],[118.251231,24.423367],[118.247,24.419298],[118.244802,24.415147],[118.240164,24.412828]]],[[[118.372856,24.433201],[118.34576,24.417579],[118.330994,24.396482],[118.318218,24.390544],[118.303233,24.39704],[118.292979,24.39765],[118.283946,24.401272],[118.279552,24.408433],[118.281098,24.411038],[118.289399,24.4206],[118.292003,24.424994],[118.292735,24.432074],[118.292328,24.440619],[118.289561,24.455634],[118.28297,24.470038],[118.282074,24.477362],[118.287852,24.480455],[118.316657,24.493349],[118.354809,24.470562],[118.381414,24.473511],[118.385393,24.503817],[118.394216,24.522691],[118.422597,24.527968],[118.44959,24.505528],[118.467355,24.461828],[118.463356,24.431523],[118.448785,24.415513],[118.422901,24.430304],[118.403624,24.43601],[118.372856,24.433201]]],[[[118.171641,24.478461],[118.16391,24.47191],[118.160818,24.456936],[118.153819,24.437079],[118.136485,24.429267],[118.114024,24.430609],[118.092052,24.438463],[118.081065,24.445217],[118.073416,24.452704],[118.069998,24.460273],[118.072032,24.467475],[118.081554,24.472602],[118.093435,24.474677],[118.103038,24.479885],[118.106212,24.494127],[118.082286,24.482327],[118.074718,24.483954],[118.072032,24.49787],[118.075206,24.512152],[118.089366,24.538398],[118.09254,24.55622],[118.112071,24.5456],[118.137869,24.536526],[118.163097,24.531968],[118.181407,24.535102],[118.182302,24.52265],[118.189301,24.503079],[118.188731,24.494127],[118.180837,24.483466],[118.171641,24.478461]]],[[[118.297699,24.561428],[118.300955,24.565212],[118.306895,24.567491],[118.323985,24.569159],[118.333832,24.563544],[118.33546,24.555569],[118.332693,24.547838],[118.326508,24.54324],[118.30128,24.55744],[118.297699,24.561428]]],[[[119.476899,24.988308],[119.473643,24.980862],[119.462901,24.975898],[119.457937,24.980048],[119.460378,24.99079],[119.469493,24.995754],[119.476085,24.9949],[119.476899,24.988308]]],[[[119.104991,25.048448],[119.113292,25.053656],[119.118256,25.061672],[119.115326,25.067084],[119.111827,25.070095],[119.11142,25.073676],[119.109874,25.077012],[119.10906,25.080593],[119.11085,25.081936],[119.115164,25.083116],[119.12322,25.089016],[119.135753,25.094346],[119.14503,25.096218],[119.154145,25.102688],[119.156912,25.100653],[119.15561,25.095893],[119.152517,25.092597],[119.144054,25.088243],[119.136078,25.079413],[119.136974,25.071275],[119.139822,25.067735],[119.139089,25.062079],[119.14088,25.057522],[119.143565,25.055609],[119.124115,25.036607],[119.123627,25.034288],[119.124848,25.030219],[119.12143,25.027452],[119.117198,25.030707],[119.115896,25.036282],[119.112315,25.040676],[119.106375,25.044704],[119.104991,25.048448]]],[[[119.511974,25.213446],[119.522797,25.208441],[119.534028,25.207221],[119.543468,25.209377],[119.551036,25.209459],[119.561046,25.208645],[119.567556,25.204901],[119.563243,25.198798],[119.553396,25.195258],[119.548188,25.185981],[119.548676,25.172431],[119.542166,25.165351],[119.528982,25.165351],[119.517345,25.171454],[119.510916,25.182318],[119.51295,25.191392],[119.512706,25.198798],[119.503266,25.203803],[119.492931,25.200507],[119.488943,25.196275],[119.461192,25.203315],[119.449474,25.214342],[119.444672,25.229071],[119.446544,25.235989],[119.454356,25.238471],[119.458181,25.241116],[119.470388,25.252183],[119.476085,25.250556],[119.481456,25.245022],[119.486664,25.244859],[119.49171,25.2414],[119.49643,25.23135],[119.502615,25.221015],[119.511974,25.213446]]],[[[119.288341,25.443671],[119.285655,25.454739],[119.281586,25.463813],[119.281505,25.482896],[119.303722,25.537746],[119.305024,25.543362],[119.307465,25.54682],[119.310313,25.548651],[119.318207,25.557074],[119.3213,25.561225],[119.331716,25.571275],[119.343272,25.57331],[119.346528,25.566718],[119.345958,25.561103],[119.352061,25.552232],[119.349132,25.544013],[119.343598,25.515367],[119.334727,25.489691],[119.330577,25.467353],[119.334809,25.449897],[119.334972,25.437974],[119.32602,25.433987],[119.313731,25.429918],[119.302582,25.422919],[119.296886,25.422919],[119.288341,25.443671]]],[[[119.718761,25.645575],[119.714529,25.640245],[119.683035,25.638129],[119.676606,25.636461],[119.670746,25.639553],[119.665375,25.644273],[119.669851,25.652574],[119.677094,25.655666],[119.681,25.651842],[119.717052,25.663926],[119.719412,25.657294],[119.718761,25.645575]]],[[[119.585623,25.655137],[119.587738,25.660305],[119.593435,25.661526],[119.596202,25.668362],[119.60434,25.668972],[119.608246,25.669704],[119.606944,25.65884],[119.596853,25.646348],[119.591319,25.642117],[119.584809,25.638373],[119.577729,25.631578],[119.57545,25.631578],[119.573904,25.632799],[119.5713,25.63467],[119.5678,25.635281],[119.563406,25.63699],[119.559093,25.643663],[119.564138,25.645331],[119.56544,25.649034],[119.566905,25.645779],[119.571869,25.640245],[119.577729,25.650417],[119.585623,25.655137]]],[[[119.246837,26.026557],[119.237559,26.037584],[119.226736,26.047675],[119.217784,26.059027],[119.209239,26.098578],[119.221202,26.089545],[119.243337,26.057074],[119.257579,26.047553],[119.272227,26.04206],[119.305431,26.035956],[119.369802,26.014228],[119.401215,25.996039],[119.404959,25.977932],[119.390636,25.966986],[119.381114,25.966986],[119.371593,25.971584],[119.345958,25.976386],[119.312022,25.986762],[119.302013,25.991848],[119.290538,25.995266],[119.273285,25.997138],[119.257579,26.001451],[119.250743,26.012397],[119.246837,26.026557]]],[[[119.620372,26.064195],[119.565278,26.080471],[119.553966,26.095649],[119.57488,26.119534],[119.599376,26.128119],[119.613129,26.121161],[119.626964,26.107896],[119.638927,26.088568],[119.644054,26.078437],[119.638845,26.070502],[119.620372,26.064195]]],[[[118.903168,25.102484],[118.88559,25.106147],[118.86769,25.100408],[118.857677,25.098049],[118.848969,25.086615],[118.849132,25.073798],[118.860118,25.056545],[118.87794,25.040717],[118.895763,25.033515],[118.935151,25.022366],[118.928315,25.014879],[118.940684,25.006659],[118.953705,25.002997],[118.967052,25.004543],[118.979991,25.011786],[118.990489,25.040188],[118.997325,25.053534],[119.004161,25.050238],[119.003429,25.040473],[118.999522,25.024075],[118.993419,25.008734],[118.986664,25.001899],[118.983246,24.995103],[118.987315,24.979722],[118.997325,24.953437],[119.013194,24.958197],[119.01767,24.960273],[119.009044,24.947333],[118.992686,24.936957],[118.977061,24.934027],[118.969981,24.943549],[118.963715,24.954413],[118.948497,24.956773],[118.911632,24.953437],[118.901134,24.937812],[118.909923,24.907172],[118.934174,24.886054],[118.969981,24.898871],[118.973237,24.893785],[118.973888,24.891913],[118.972504,24.890123],[118.969981,24.885199],[118.972992,24.883734],[118.974946,24.883857],[118.975841,24.882717],[118.976166,24.877753],[118.951996,24.870754],[118.924408,24.86994],[118.89796,24.8758],[118.877208,24.888617],[118.86671,24.891018],[118.837657,24.880561],[118.825938,24.877753],[118.812755,24.881659],[118.802745,24.888088],[118.792084,24.891099],[118.777599,24.885199],[118.780121,24.867825],[118.761974,24.857978],[118.736339,24.851386],[118.716075,24.843573],[118.706065,24.846625],[118.699799,24.851549],[118.69809,24.859524],[118.701752,24.871527],[118.707774,24.877265],[118.72519,24.882799],[118.729747,24.885199],[118.729503,24.900539],[118.72047,24.916897],[118.70753,24.93122],[118.695567,24.940416],[118.69752,24.906806],[118.695567,24.898871],[118.688813,24.895738],[118.684825,24.903306],[118.684337,24.915473],[118.68808,24.926174],[118.682709,24.930976],[118.677257,24.937405],[118.667735,24.953437],[118.661632,24.940863],[118.644054,24.92414],[118.640391,24.915595],[118.647472,24.908515],[118.66212,24.898383],[118.673432,24.886623],[118.671153,24.874661],[118.651215,24.866889],[118.624115,24.867825],[118.595795,24.874742],[118.572032,24.885199],[118.612804,24.85578],[118.619884,24.843573],[118.620616,24.829291],[118.618012,24.817532],[118.617931,24.805325],[118.632579,24.777248],[118.63795,24.772121],[118.640391,24.778754],[118.643809,24.782213],[118.651622,24.782538],[118.660655,24.781887],[118.667735,24.782172],[118.686534,24.792792],[118.69752,24.801663],[118.701752,24.810045],[118.711029,24.804877],[118.715099,24.798326],[118.716319,24.789944],[118.716075,24.778754],[118.719981,24.769355],[118.72877,24.769477],[118.743419,24.775336],[118.759532,24.767768],[118.76295,24.762681],[118.763927,24.751695],[118.748546,24.725165],[118.746837,24.720689],[118.732026,24.716457],[118.720225,24.705552],[118.698741,24.676011],[118.685395,24.66649],[118.675792,24.671454],[118.666515,24.68301],[118.654063,24.693427],[118.6421,24.678697],[118.635997,24.663764],[118.633881,24.647284],[118.633556,24.627875],[118.640229,24.616929],[118.653819,24.6164],[118.664154,24.61225],[118.661469,24.590318],[118.646576,24.568427],[118.620453,24.545478],[118.590831,24.528062],[118.565196,24.522691],[118.56129,24.520697],[118.557221,24.517239],[118.553966,24.518052],[118.551606,24.528957],[118.550873,24.537014],[118.551362,24.545966],[118.554454,24.553209],[118.561534,24.55622],[118.578136,24.560207],[118.571137,24.568996],[118.501231,24.60814],[118.486095,24.610826],[118.474864,24.614325],[118.445323,24.628974],[118.428071,24.631334],[118.432709,24.644721],[118.434662,24.659003],[118.434906,24.689643],[118.431244,24.699693],[118.422618,24.692857],[118.411469,24.680121],[118.40089,24.672309],[118.421886,24.624498],[118.404796,24.606635],[118.379893,24.590237],[118.351654,24.582343],[118.325043,24.590318],[118.317393,24.586982],[118.30714,24.588324],[118.284028,24.597805],[118.279796,24.584703],[118.27296,24.574408],[118.263194,24.57038],[118.249848,24.576117],[118.241791,24.543769],[118.219005,24.541449],[118.194347,24.556464],[118.181163,24.576117],[118.181651,24.597805],[118.191661,24.600898],[118.205089,24.5987],[118.215831,24.60399],[118.21518,24.614814],[118.203705,24.621527],[118.187836,24.624661],[118.174327,24.624498],[118.183849,24.642768],[118.187592,24.657375],[118.181407,24.672756],[118.160492,24.693427],[118.157481,24.662665],[118.15089,24.658637],[118.145274,24.658637],[118.141449,24.656968],[118.137462,24.633775],[118.130951,24.620063],[118.122162,24.607856],[118.112804,24.597805],[118.110362,24.584052],[118.103363,24.584784],[118.092296,24.597805],[118.044444,24.617662],[118.036957,24.597805],[118.04477,24.575995],[118.037364,24.560614],[118.021088,24.554999],[118.00294,24.562445],[118.009288,24.580715],[117.992442,24.571479],[117.974864,24.55272],[117.97877,24.542548],[118.020763,24.536566],[118.044037,24.528266],[118.058116,24.515855],[118.044281,24.498033],[118.036713,24.490871],[118.02711,24.487942],[118.013927,24.487616],[118.009369,24.485541],[118.006928,24.480455],[117.999522,24.470852],[118.007579,24.465725],[118.020274,24.454657],[118.021739,24.445746],[117.996104,24.446967],[117.911876,24.478949],[117.867686,24.489569],[117.825938,24.480455],[117.846283,24.475084],[117.866222,24.473578],[117.884858,24.468655],[117.901134,24.453192],[117.815684,24.471625],[117.79127,24.467475],[117.79127,24.460639],[117.874604,24.396308],[117.907319,24.384914],[117.98935,24.394761],[118.019542,24.406195],[118.030121,24.412828],[118.042979,24.406684],[118.047455,24.399075],[118.046886,24.389635],[118.040782,24.365627],[118.035737,24.361029],[118.03004,24.35814],[118.023936,24.350775],[118.01588,24.32685],[118.024181,24.323554],[118.037364,24.331285],[118.044444,24.340522],[118.052989,24.34691],[118.071788,24.348863],[118.090587,24.341457],[118.099132,24.319729],[118.102306,24.314276],[118.116466,24.304511],[118.11964,24.299262],[118.120616,24.279527],[118.122651,24.270738],[118.126475,24.26203],[118.108735,24.261054],[118.084727,24.249091],[118.071788,24.254584],[118.059337,24.24551],[118.038341,24.220201],[118.023936,24.206732],[118.016205,24.203111],[117.99643,24.197414],[117.989268,24.193101],[117.98642,24.187161],[117.982514,24.169176],[117.97877,24.162095],[117.967865,24.159817],[117.962657,24.173814],[117.958507,24.20307],[117.943614,24.212592],[117.93214,24.207953],[117.920909,24.196682],[117.907319,24.186265],[117.932384,24.17829],[117.937755,24.161689],[117.930512,24.141099],[117.901378,24.098619],[117.89988727779588,24.09543206690326],[117.87919413951751,24.119759628086687],[117.66254918259993,24.12235165417173],[117.44595668853731,24.124395631304957],[117.22941951600319,24.12589192513338],[117.0228002062744,24.257746585595935],[116.81569221909449,24.389049874802893],[116.60809591759694,24.51980183949551],[116.47456650407213,24.603352715474088],[116.40001168537542,24.650002515290492],[116.30012389652128,24.7750838791742],[116.19999571960508,24.900009135514516],[116.32482972809744,25.02510916198358],[116.4500010824477,25.14999883585037],[116.47495185418418,25.325037103609166],[116.49998980465631,25.500001668571926],[116.59973967301073,25.616803745869614],[116.69974065865864,25.733466749385244],[116.79999351433639,25.849990815294625],[116.8499122909584,26.025040648979083],[116.90001211979447,26.20000187115226],[116.8750511472169,26.375038236166905],[116.84999784582928,26.55000479251647],[116.80005778908746,26.67503322706439],[116.74998974320235,26.800001222457546],[116.88480284553259,26.925114325985415],[117.01999127901779,27.05000080122595],[117.08489036776015,27.200043380430706],[117.14999762007922,27.350001798296077],[117.299820138404,27.450131956654115],[117.44998686768164,27.55000134817024],[117.62483512335653,27.625167449667174],[117.79999926352875,27.69999124406279],[117.97486817959799,27.760164390466326],[118.14999762826605,27.81999875056862],[118.3147368568446,27.960156549467683],[118.47999844024854,28.09999389205593],[118.61516397327814,27.975110956937755],[118.74999428745632,27.849993776909255],[118.89012672122308,27.75511733607227],[119.03000241723304,27.660002683730546],[119.13991445890512,27.730070105262733],[119.25000347199261,27.799999942649112],[119.34458043264364,27.611328692229822],[119.35021173893257,27.600094818866662],[119.45001071659843,27.399998538562777],[119.57507850351438,27.335088787532662],[119.69999477322209,27.269993480773024],[119.81491534586247,27.335067741781913],[119.93000822961442,27.399992158164505],[120.01510286914375,27.290049894414516],[120.10001038476572,27.179999793396323],[120.27500374059578,27.17016793541928],[120.40629230643742,27.162535143259497],[120.421723,27.153144],[120.421723,27.146959],[120.406586,27.14643],[120.384613,27.149848],[120.373871,27.146959],[120.40797,27.139553],[120.40797,27.132717],[120.381358,27.12523],[120.373871,27.132717],[120.367035,27.12523],[120.381358,27.119045],[120.381358,27.11225],[120.373871,27.11225],[120.373871,27.106024],[120.39503,27.106024],[120.377533,27.098578],[120.357921,27.098375],[120.282725,27.112291],[120.274913,27.115627],[120.262055,27.12995],[120.255138,27.133043],[120.243663,27.132717],[120.247162,27.121649],[120.252452,27.113959],[120.258393,27.107082],[120.264008,27.098578],[120.278331,27.063788],[120.271495,27.057563],[120.257823,27.072659],[120.245209,27.065334],[120.232188,27.050686],[120.216319,27.043931],[120.216319,27.037095],[120.241547,27.034003],[120.255626,27.017524],[120.255219,26.997056],[120.237397,26.981879],[120.229991,26.989325],[120.216075,26.984076],[120.193207,26.98135],[120.148692,26.981879],[120.187022,26.963528],[120.199555,26.961371],[120.213878,26.963813],[120.225922,26.967353],[120.235688,26.966376],[120.243663,26.955146],[120.23935,26.952338],[120.234711,26.945624],[120.229991,26.940904],[120.237397,26.927232],[120.228608,26.923],[120.224132,26.918687],[120.219086,26.915432],[120.209483,26.91356],[120.200776,26.915432],[120.168468,26.927232],[120.147227,26.929023],[120.125743,26.927314],[120.113617,26.918769],[120.120697,26.899888],[120.10963,26.894355],[120.102794,26.890082],[120.095551,26.887274],[120.083263,26.886298],[120.079112,26.888373],[120.073497,26.893052],[120.065684,26.897854],[120.055756,26.899888],[120.031993,26.899888],[120.055268,26.88939],[120.0442,26.876695],[120.025157,26.860175],[120.024506,26.837877],[120.033702,26.829739],[120.047618,26.823228],[120.062999,26.818915],[120.076264,26.817369],[120.085053,26.813707],[120.096528,26.805894],[120.11085,26.798733],[120.128184,26.796942],[120.11964,26.784166],[120.106944,26.771796],[120.097748,26.75849],[120.10019,26.742906],[120.112397,26.735745],[120.128754,26.735053],[120.142833,26.732815],[120.148692,26.721177],[120.143565,26.71011],[120.131928,26.707221],[120.1185,26.706366],[120.107677,26.701321],[120.102061,26.689154],[120.103608,26.675279],[120.110444,26.660631],[120.120697,26.646064],[120.134369,26.65351],[120.134369,26.646064],[120.098969,26.628363],[120.090343,26.622219],[120.080414,26.617418],[120.075206,26.621487],[120.076508,26.630113],[120.086681,26.639228],[120.079682,26.646064],[120.027843,26.615302],[120.014903,26.611274],[119.959972,26.611274],[119.948741,26.606147],[119.941173,26.593329],[119.937022,26.576728],[119.935639,26.560452],[119.884288,26.523179],[119.847179,26.523627],[119.835704,26.531399],[119.832612,26.550482],[119.835948,26.56151],[119.841645,26.562405],[119.848155,26.560736],[119.85377,26.564114],[119.854828,26.571926],[119.852061,26.59101],[119.85377,26.598293],[119.8685,26.610053],[119.888438,26.617133],[119.928966,26.625637],[119.944835,26.632025],[119.968516,26.647935],[119.984141,26.65351],[119.982026,26.658149],[119.97877,26.669623],[119.976817,26.674018],[119.986339,26.679633],[120.000255,26.707709],[120.011485,26.721177],[120.012299,26.719062],[120.017833,26.717027],[120.028168,26.714993],[120.032319,26.71662],[120.031993,26.720404],[120.030528,26.724921],[120.031993,26.728583],[120.077647,26.78559],[120.079682,26.796942],[120.067475,26.800482],[120.014903,26.790025],[119.9463,26.796942],[119.925141,26.792182],[119.923676,26.781236],[119.935639,26.759019],[119.924083,26.732489],[119.901866,26.71011],[119.888031,26.687242],[119.901622,26.659735],[119.879649,26.655341],[119.856944,26.65351],[119.85377,26.68769],[119.850597,26.689521],[119.829194,26.714993],[119.819591,26.711371],[119.803071,26.693793],[119.791759,26.68769],[119.791515,26.704779],[119.802257,26.766791],[119.811534,26.775784],[119.840099,26.790025],[119.82838,26.79564],[119.815766,26.797593],[119.803233,26.795722],[119.791759,26.790025],[119.797374,26.816392],[119.815033,26.825629],[119.834809,26.832506],[119.846283,26.8522],[119.819835,26.84927],[119.79835,26.841376],[119.781993,26.828518],[119.7706,26.810533],[119.765229,26.794094],[119.76588,26.784003],[119.768809,26.7744],[119.7706,26.759019],[119.766449,26.74494],[119.756196,26.737738],[119.743012,26.737128],[119.730235,26.742906],[119.730235,26.749091],[119.732677,26.763414],[119.726085,26.786526],[119.712006,26.807929],[119.692393,26.817369],[119.685802,26.811998],[119.680186,26.799628],[119.67628,26.785875],[119.675059,26.776435],[119.677989,26.763129],[119.683849,26.754218],[119.710297,26.729885],[119.720225,26.724514],[119.727387,26.717922],[119.730235,26.704739],[119.724946,26.697821],[119.713145,26.699856],[119.696137,26.708197],[119.680431,26.721829],[119.663829,26.740546],[119.646007,26.753323],[119.626557,26.749091],[119.620372,26.76557],[119.622651,26.777167],[119.621837,26.78677],[119.606049,26.796942],[119.597748,26.797105],[119.584565,26.794623],[119.575531,26.788031],[119.579438,26.776435],[119.571544,26.766547],[119.557628,26.758775],[119.552094,26.749091],[119.550304,26.737209],[119.551524,26.725165],[119.554698,26.71483],[119.55893,26.708197],[119.570811,26.703274],[119.583751,26.703925],[119.595958,26.703315],[119.606049,26.694525],[119.608246,26.683539],[119.606456,26.669908],[119.599864,26.646064],[119.568126,26.664537],[119.55893,26.666571],[119.544444,26.662502],[119.541108,26.656317],[119.545421,26.636176],[119.55421,26.61518],[119.592377,26.590888],[119.599864,26.57038],[119.606049,26.57038],[119.618907,26.587836],[119.637787,26.598822],[119.65797,26.607652],[119.675059,26.618801],[119.687511,26.611274],[119.700938,26.608588],[119.730235,26.611274],[119.722748,26.611274],[119.735199,26.611965],[119.742198,26.608629],[119.742931,26.601752],[119.73642,26.591457],[119.748627,26.587958],[119.771739,26.583889],[119.784923,26.577826],[119.782237,26.564765],[119.782725,26.559638],[119.784923,26.550482],[119.774181,26.559516],[119.7706,26.564114],[119.761729,26.550727],[119.76588,26.534369],[119.779145,26.520697],[119.798595,26.515774],[119.795258,26.511623],[119.793468,26.508205],[119.790619,26.505194],[119.784923,26.502021],[119.794281,26.497138],[119.802257,26.489447],[119.812266,26.474799],[119.817719,26.462144],[119.818858,26.453192],[119.816742,26.444729],[119.812266,26.433783],[119.808849,26.433051],[119.795746,26.434272],[119.791759,26.433783],[119.791108,26.429918],[119.792491,26.416653],[119.791759,26.413316],[119.772065,26.406724],[119.761974,26.407457],[119.752045,26.431464],[119.737641,26.443671],[119.718761,26.45185],[119.699229,26.454901],[119.689789,26.459459],[119.664561,26.492133],[119.653656,26.498033],[119.646983,26.494045],[119.640961,26.482164],[119.635753,26.479438],[119.625499,26.470933],[119.620372,26.467963],[119.605724,26.474351],[119.599864,26.474799],[119.5796,26.470893],[119.5713,26.465725],[119.566417,26.454901],[119.57309,26.437812],[119.594086,26.43358],[119.616303,26.437405],[119.626557,26.444322],[119.63087,26.448717],[119.639985,26.444403],[119.648448,26.437445],[119.654307,26.429023],[119.655528,26.355618],[119.665294,26.340155],[119.688731,26.337592],[119.686615,26.333075],[119.683849,26.321682],[119.681895,26.317125],[119.6963,26.31684],[119.735688,26.322211],[119.747081,26.327623],[119.748383,26.358873],[119.754405,26.372056],[119.7706,26.364936],[119.780121,26.374986],[119.784679,26.386379],[119.787364,26.397406],[119.791759,26.40648],[119.797699,26.411322],[119.825776,26.426947],[119.834809,26.412095],[119.846283,26.402411],[119.851329,26.392808],[119.840099,26.378567],[119.855805,26.377631],[119.880138,26.363105],[119.894786,26.35871],[119.908458,26.3605],[119.934825,26.370551],[119.949962,26.372301],[119.949962,26.364936],[119.888194,26.318834],[119.877452,26.313381],[119.854747,26.327541],[119.826752,26.328355],[119.801117,26.317572],[119.784923,26.296617],[119.790863,26.295559],[119.805431,26.290432],[119.792735,26.284084],[119.784679,26.287095],[119.776622,26.29328],[119.764415,26.296617],[119.753429,26.29442],[119.732677,26.285061],[119.71933,26.282945],[119.694591,26.282945],[119.673595,26.280504],[119.654307,26.272406],[119.634125,26.255072],[119.651703,26.250067],[119.668224,26.242011],[119.664806,26.231635],[119.668224,26.221503],[119.652436,26.217597],[119.636974,26.211656],[119.625011,26.202948],[119.620372,26.190497],[119.613536,26.182196],[119.600108,26.176337],[119.591807,26.166409],[119.599864,26.145819],[119.561127,26.124986],[119.537364,26.096829],[119.518321,26.064887],[119.493744,26.032864],[119.473155,25.997138],[119.458507,25.982489],[119.435557,25.98135],[119.431733,25.985297],[119.421479,26.002387],[119.41505,26.009263],[119.404877,26.013861],[119.382823,26.018622],[119.373383,26.022284],[119.343354,26.04206],[119.326915,26.048041],[119.27711,26.052924],[119.261241,26.060533],[119.233165,26.087795],[119.215831,26.100084],[119.200938,26.104682],[119.161143,26.11164],[119.151622,26.115709],[119.120209,26.135932],[119.103608,26.143134],[119.093516,26.145819],[119.093516,26.139594],[119.115977,26.123196],[119.136485,26.102932],[119.157319,26.090766],[119.181488,26.098619],[119.19516,26.087592],[119.200694,26.075914],[119.208995,26.043402],[119.217377,26.028957],[119.237315,26.006252],[119.243012,25.995022],[119.246837,25.967231],[119.254975,25.963284],[119.296153,25.956977],[119.329845,25.944281],[119.34669,25.940375],[119.377533,25.941392],[119.40976,25.949856],[119.440929,25.963813],[119.490001,25.994208],[119.496837,26.001776],[119.500011,26.010199],[119.501801,26.029202],[119.504242,26.035956],[119.519054,26.044501],[119.554291,26.04564],[119.566417,26.050238],[119.619395,26.023505],[119.648448,26.015448],[119.675059,26.022284],[119.695404,26.002631],[119.700694,25.995185],[119.702403,25.985053],[119.698985,25.972561],[119.675059,25.926093],[119.665538,25.915351],[119.654307,25.906928],[119.640391,25.901353],[119.623546,25.8994],[119.616466,25.892646],[119.599864,25.844184],[119.584076,25.876939],[119.574229,25.884914],[119.566417,25.872056],[119.577891,25.862372],[119.579112,25.841254],[119.583018,25.820217],[119.603038,25.810614],[119.607921,25.805162],[119.608409,25.79267],[119.606049,25.769029],[119.609874,25.767157],[119.61671,25.764716],[119.62086,25.760321],[119.61671,25.752265],[119.596446,25.731513],[119.593761,25.721869],[119.593028,25.693183],[119.589936,25.687161],[119.587169,25.685696],[119.584321,25.682603],[119.579926,25.679999],[119.572602,25.679674],[119.567638,25.681952],[119.564301,25.689683],[119.535411,25.705878],[119.522797,25.705797],[119.517345,25.690172],[119.50058,25.689683],[119.487071,25.687323],[119.477061,25.679674],[119.469493,25.68358],[119.463634,25.685289],[119.449067,25.687161],[119.455903,25.663723],[119.459727,25.63288],[119.467052,25.613918],[119.483246,25.625678],[119.47934,25.601549],[119.481049,25.580471],[119.492442,25.564765],[119.517345,25.556789],[119.522065,25.56151],[119.526703,25.57099],[119.534434,25.575873],[119.548839,25.567043],[119.558442,25.563788],[119.568126,25.569037],[119.575694,25.577786],[119.579438,25.584662],[119.56837,25.547431],[119.572276,25.533433],[119.59311,25.529486],[119.587413,25.521918],[119.583018,25.51732],[119.576915,25.515326],[119.566417,25.515815],[119.581635,25.509263],[119.589854,25.50788],[119.599864,25.508368],[119.587413,25.498725],[119.581635,25.496161],[119.572602,25.494696],[119.572602,25.48786],[119.598481,25.492743],[119.603608,25.491156],[119.599864,25.481024],[119.599864,25.47484],[119.61142,25.474107],[119.622406,25.469428],[119.628022,25.461371],[119.623546,25.450344],[119.614024,25.438788],[119.61671,25.437242],[119.625336,25.438056],[119.634125,25.433254],[119.645274,25.410468],[119.646007,25.392564],[119.637299,25.377997],[119.620372,25.364976],[119.637787,25.363593],[119.6456,25.361558],[119.654552,25.35814],[119.602875,25.346137],[119.579438,25.344468],[119.583018,25.353013],[119.587901,25.360785],[119.593598,25.367092],[119.599864,25.371161],[119.588715,25.401313],[119.577973,25.418687],[119.58253,25.425605],[119.589854,25.43183],[119.59311,25.439439],[119.589692,25.443264],[119.576264,25.462836],[119.57602,25.467353],[119.56837,25.466254],[119.561534,25.463284],[119.556,25.45893],[119.552094,25.453762],[119.548188,25.456977],[119.545421,25.458645],[119.538585,25.461168],[119.535899,25.449937],[119.534434,25.433783],[119.535981,25.419135],[119.542003,25.412787],[119.556163,25.410468],[119.558197,25.404608],[119.552094,25.388861],[119.544444,25.377183],[119.52589,25.374091],[119.503266,25.373928],[119.483246,25.371161],[119.491222,25.383205],[119.497813,25.3994],[119.502533,25.416205],[119.504242,25.429877],[119.502045,25.433987],[119.496837,25.436754],[119.492198,25.440375],[119.490733,25.446926],[119.493663,25.45425],[119.50294,25.46247],[119.505463,25.472317],[119.507335,25.474433],[119.504893,25.474921],[119.466156,25.47484],[119.458263,25.466295],[119.453217,25.449774],[119.447032,25.438788],[119.435557,25.446926],[119.433116,25.45954],[119.445567,25.490139],[119.449067,25.505276],[119.441905,25.509508],[119.365977,25.520697],[119.356537,25.526923],[119.352875,25.53974],[119.356049,25.550727],[119.38087,25.590888],[119.368907,25.584906],[119.364757,25.58218],[119.360362,25.577297],[119.352875,25.584662],[119.356293,25.600043],[119.343028,25.609198],[119.322602,25.611029],[119.305186,25.60456],[119.321381,25.587348],[119.310557,25.577867],[119.277843,25.570461],[119.271983,25.557522],[119.268809,25.526923],[119.260753,25.512112],[119.237804,25.481757],[119.22934,25.47484],[119.215099,25.470282],[119.18336,25.464993],[119.171641,25.457465],[119.161388,25.44892],[119.128673,25.429999],[119.11671,25.426418],[119.10255,25.420315],[119.10963,25.406806],[119.156993,25.362616],[119.165294,25.349555],[119.168468,25.33393],[119.173188,25.325141],[119.183116,25.329413],[119.192393,25.342027],[119.195323,25.35814],[119.20338,25.35814],[119.223155,25.316596],[119.201508,25.306342],[119.191742,25.299547],[119.181488,25.289252],[119.193207,25.27497],[119.196788,25.263332],[119.201264,25.259711],[119.216319,25.269355],[119.225841,25.27969],[119.234711,25.294867],[119.241222,25.312567],[119.243012,25.330227],[119.254161,25.322821],[119.265147,25.317572],[119.273692,25.31859],[119.277843,25.330227],[119.288666,25.325426],[119.293305,25.321967],[119.29835,25.316596],[119.291352,25.316596],[119.296967,25.307196],[119.318858,25.279364],[119.324229,25.275092],[119.335785,25.272284],[119.347504,25.267768],[119.352875,25.25849],[119.344249,25.242377],[119.323741,25.237982],[119.281261,25.241441],[119.272472,25.231757],[119.288829,25.189114],[119.281261,25.179389],[119.255626,25.175897],[119.242753,25.189987],[119.229376,25.193215],[119.212657,25.186225],[119.192882,25.182318],[119.175629,25.1765],[119.164679,25.191574],[119.153359,25.206955],[119.141975,25.220978],[119.116096,25.213782],[119.101794,25.196634],[119.10418,25.182948],[119.11155118138939,25.17570783255845],[119.114251,25.173056],[119.119884,25.160712],[119.124848,25.155504],[119.129242,25.148668],[119.1338,25.138414],[119.146576,25.143744],[119.153087,25.139716],[119.149913,25.131578],[119.1338,25.124742],[119.11671,25.126614],[119.103526,25.133246],[119.093272,25.135647],[119.08546,25.124742],[119.090343,25.121243],[119.09311,25.118069],[119.095714,25.114732],[119.099132,25.111151],[119.089447,25.113674],[119.064789,25.124742],[119.073985,25.145657],[119.079194,25.152086],[119.064708,25.162543],[119.053233,25.15762],[119.045909,25.143052],[119.044444,25.124742],[119.029063,25.14053],[119.034028,25.158677],[119.05201681505434,25.178841220260296],[119.058604,25.186225],[119.069102,25.203681],[119.068858,25.216742],[119.057384,25.225002],[119.03476,25.227769],[118.987315,25.222235],[118.96933,25.226386],[118.979991,25.244859],[119.000011,25.254055],[119.024946,25.259289],[119.027298,25.278238],[118.983653,25.283026],[118.918468,25.26439],[118.907807,25.25849],[118.896495,25.257514],[118.87558,25.243842],[118.864838,25.227973],[118.884044,25.220364],[118.911143,25.217231],[118.913829,25.208686],[118.909272,25.195705],[118.91279165140699,25.186168860452263],[118.915294,25.179389],[118.91951653214859,25.1858149193606],[118.920909,25.187934],[118.932953,25.194566],[118.948253,25.19717],[118.963145,25.193671],[118.97423575018665,25.18293496051649],[118.97462,25.182563],[118.972179,25.172065],[118.955577,25.152086],[118.948985,25.136949],[118.949067,25.118964],[118.947276,25.113186],[118.942963,25.108832],[118.935151,25.104315],[118.921397,25.101386],[118.903168,25.102484]]],[[[119.75644,26.674872],[119.755707,26.669827],[119.749197,26.663438],[119.722341,26.650092],[119.715505,26.641669],[119.696625,26.638495],[119.686046,26.639146],[119.67921,26.643297],[119.67449,26.644232],[119.669932,26.640041],[119.664073,26.641099],[119.657319,26.650743],[119.655121,26.661119],[119.657644,26.668077],[119.664968,26.670356],[119.715994,26.668362],[119.720551,26.663072],[119.72698,26.662665],[119.731944,26.674099],[119.735037,26.677273],[119.741791,26.679918],[119.750743,26.679348],[119.754812,26.676703],[119.75644,26.674872]]],[[[119.830089,25.572008],[119.855154,25.565131],[119.874522,25.556789],[119.862478,25.546291],[119.846528,25.536322],[119.834483,25.54914],[119.818614,25.545803],[119.804698,25.53262],[119.798839,25.515815],[119.806407,25.495836],[119.839692,25.479153],[119.846528,25.461168],[119.821056,25.467515],[119.794607,25.463039],[119.771983,25.450588],[119.757823,25.433254],[119.757335,25.421332],[119.76002,25.410631],[119.757335,25.404934],[119.739919,25.407782],[119.722179,25.413804],[119.703868,25.42357],[119.693044,25.437649],[119.697765,25.45661],[119.70102,25.459947],[119.708995,25.465644],[119.711762,25.46955],[119.71225,25.473578],[119.71225,25.480211],[119.711599,25.486233],[119.709972,25.48786],[119.69988,25.482327],[119.68922,25.480455],[119.678477,25.482327],[119.668468,25.48786],[119.677745,25.501207],[119.686209,25.507717],[119.696056,25.509345],[119.748546,25.50259],[119.766368,25.506252],[119.778331,25.52204],[119.7588,25.530748],[119.726329,25.525133],[119.716156,25.536322],[119.717621,25.544908],[119.730479,25.581],[119.727061,25.590888],[119.718761,25.591254],[119.709239,25.585598],[119.702647,25.577297],[119.692719,25.594224],[119.698741,25.612616],[119.713634,25.630601],[119.730479,25.646145],[119.745453,25.649075],[119.750499,25.652981],[119.76352,25.659491],[119.781749,25.659166],[119.777029,25.652086],[119.77589,25.635728],[119.780284,25.617418],[119.792003,25.60456],[119.803722,25.610745],[119.813487,25.608832],[119.822927,25.601386],[119.832856,25.590888],[119.816905,25.57982],[119.830089,25.572008]]],[[[123.531423,25.773342],[123.53714022622938,25.77326511218254],[123.53166903743549,25.761786],[123.528901,25.761786],[123.511485,25.758083],[123.513927,25.76911],[123.531423,25.773342]]],[[[119.966563,25.947414],[119.975841,25.966742],[119.985281,25.964871],[119.98585,25.968126],[119.990082,25.969306],[119.989431,25.961453],[119.981863,25.954495],[119.975352,25.951646],[119.966563,25.947414]]],[[[119.945079,25.972317],[119.937348,25.964871],[119.928559,25.976671],[119.941987,25.980902],[119.952403,25.97606],[119.945079,25.972317]]],[[[119.964041,26.166938],[119.964285,26.160549],[119.953461,26.149685],[119.932628,26.139919],[119.92628,26.138983],[119.916677,26.144802],[119.913748,26.152981],[119.915619,26.16238],[119.919607,26.169338],[119.923595,26.169867],[119.923432,26.165229],[119.924571,26.162502],[119.932953,26.159817],[119.93686,26.158108],[119.953624,26.166856],[119.964041,26.166938]]],[[[120.013845,26.208808],[120.01352,26.205797],[120.008637,26.209621],[120.003103,26.216864],[119.998871,26.219387],[119.989919,26.215074],[119.986176,26.216417],[119.981293,26.215237],[119.975678,26.209621],[119.971039,26.192369],[119.966889,26.194729],[119.965099,26.200019],[119.966807,26.214626],[119.968761,26.22012],[119.973074,26.22248],[119.983002,26.225409],[119.985688,26.228461],[119.99407,26.233059],[120.003591,26.231798],[120.008637,26.225002],[120.011892,26.223253],[120.014171,26.220364],[120.013357,26.216213],[120.011892,26.212755],[120.013845,26.208808]]],[[[120.499034,26.3758],[120.496349,26.374376],[120.493744,26.371243],[120.489594,26.364122],[120.488373,26.365871],[120.483816,26.366604],[120.481375,26.367865],[120.476899,26.370103],[120.481049,26.375922],[120.479096,26.380683],[120.482595,26.382514],[120.491059,26.388739],[120.500987,26.383653],[120.503347,26.379218],[120.50766,26.375922],[120.503347,26.374457],[120.501231,26.374986],[120.499034,26.3758]]],[[[120.055024,26.49844],[120.047211,26.498765],[120.035492,26.493069],[120.031423,26.493516],[120.027924,26.496365],[120.028901,26.502712],[120.031993,26.508938],[120.032888,26.512966],[120.031912,26.515367],[120.032074,26.518704],[120.035411,26.521064],[120.040701,26.522162],[120.053071,26.52204],[120.05714,26.524807],[120.06186,26.524441],[120.06544,26.516872],[120.060802,26.501044],[120.055024,26.49844]]],[[[120.160981,26.577338],[120.157725,26.575914],[120.153331,26.575181],[120.147309,26.57156],[120.132009,26.55626],[120.128591,26.556057],[120.117361,26.564765],[120.116384,26.569729],[120.134125,26.582424],[120.149832,26.605536],[120.154063,26.605414],[120.158702,26.603949],[120.161632,26.60224],[120.163585,26.599026],[120.164887,26.594021],[120.164561,26.58926],[120.163015,26.585964],[120.160981,26.577338]]],[[[119.798025,26.6317],[119.799571,26.629503],[119.80657,26.627875],[119.81365,26.623603],[119.807302,26.612942],[119.799978,26.613918],[119.792735,26.615139],[119.793956,26.614203],[119.790945,26.611436],[119.786713,26.609361],[119.775401,26.603909],[119.773123,26.606187],[119.764903,26.608832],[119.760427,26.616278],[119.7671,26.624661],[119.770193,26.627021],[119.780772,26.627631],[119.786957,26.628852],[119.794607,26.632188],[119.798025,26.6317]]],[[[119.935557,26.677476],[119.940522,26.670071],[119.942393,26.663072],[119.93214,26.670478],[119.926443,26.669013],[119.926036,26.67357],[119.923595,26.679145],[119.910737,26.681545],[119.90447,26.686184],[119.905935,26.692369],[119.919932,26.692694],[119.926687,26.692369],[119.939464,26.696926],[119.944102,26.69538],[119.942231,26.690945],[119.939382,26.685248],[119.93686,26.680854],[119.935557,26.677476]]],[[[120.297862,26.929063],[120.285411,26.934027],[120.292003,26.939399],[120.302664,26.941799],[120.309093,26.940497],[120.312999,26.938422],[120.314545,26.936143],[120.312022,26.931057],[120.297862,26.929063]]],[[[120.373871,26.94359],[120.377696,26.939846],[120.384207,26.937974],[120.385671,26.935167],[120.35255,26.923774],[120.326834,26.939683],[120.318533,26.948594],[120.320242,26.958197],[120.322195,26.962104],[120.326182,26.961778],[120.337087,26.970038],[120.3449,26.971951],[120.350922,26.971177],[120.355317,26.968858],[120.357514,26.966051],[120.363048,26.963039],[120.368907,26.955675],[120.373871,26.94359]]]]},"properties":{"id":"min-phase-936-936","dynastyId":"min","name":"闽","snapshotId":"phase-936-936","validFromYear":936,"validToYearExclusive":937,"boundaryKind":"controlled","accuracyLevel":"approximate","verificationStatus":"reviewed","sourceRefs":["atlas-943-fixed-master","chronology-south","continuous-method"],"disputedNote":"以943年地理格局为骨架，概括主要政权更替，非逐年精确疆域；943殷与闽并立；945王延政虽复闽号，同年末建州已入南唐。；945留氏独立控制，949清源军；964改平海，名义臣属变动不作控制面吞并。978纳土。；王氏909封闽王，907已为王氏控制，地图身份沿用闽；945李仁达，947吴越接收。","labelLongitude":118.00806430952824,"labelLatitude":26.097724}},{"type":"Feature","geometry":{"type":"Polygon","coordinates":[[[110.89522425855967,23.311825703214218],[110.73425224093837,23.4],[110.73315951119464,23.40059855543935],[110.73129089481436,23.4],[110.56007040299389,23.345154630030606],[110.38722366207324,23.28934861153465],[110.21462029083305,23.233180935042984],[110.03084109756362,23.315388133442813],[109.8468174895474,23.397181828106707],[109.84043638125014,23.4],[109.66255051634413,23.478562049308504],[109.47804123795203,23.559528825763245],[109.29664336485166,23.694067001236235],[109.11480774584619,23.828178729146742],[108.9325340265783,23.961864166498632],[108.74982186283968,24.09512346024082],[108.5367368399191,24.067647583699138],[108.32385277374543,24.039640568306137],[108.11117217915321,24.01110307824857],[108.0,24.081268494957225],[107.90629873164062,24.14040728840936],[107.70095902192598,24.269191341818757],[107.49515334136818,24.397455297015952],[107.58603872373584,24.53612345649908],[107.6771911914582,24.674645077365973],[107.76861178694233,24.81302055213623],[107.68060634735532,24.9807367150519],[107.59230174815104,25.148304434790806],[107.50369643183063,25.31572455081726],[107.41478883092408,25.482997898516633],[107.35948710150038,25.691292006873816],[107.30393618228707,25.89946207361923],[107.51258790485942,25.95180637541679],[107.72154506908481,26.003649507127506],[107.69417002148595,26.156290207554626],[107.6667010064484,26.308875968861393],[107.63913752628885,26.461407563018632],[107.72533354424932,26.639166713035795],[107.8118563625352,26.81677533610012],[107.63537856295915,26.946143139190482],[107.45846699142186,27.07514153776515],[107.28112113816171,27.20377054160977],[107.10334050178518,27.332030152093033],[107.19627791169141,27.470202950084882],[107.28949929926249,27.608241406084517],[107.38300582212692,27.746145889659427],[107.56178920949355,27.821572718409115],[107.74091689400522,27.896634633344192],[107.92038817797541,27.971331033504228],[108.11856674682686,27.974620960860392],[108.31682707501842,27.977481705018707],[108.5151670180534,27.97991288675937],[108.71358442709578,27.981914131484853],[108.80174317437472,27.83216879638149],[108.88962568027138,27.682304448088967],[108.9772332457635,27.532320510199973],[109.15219275824501,27.662396117774875],[109.32768579926828,27.792099712266047],[109.50371330754776,27.921430862544536],[109.69930338746923,27.941260700243554],[109.89503966065107,27.96067025570838],[110.09092014674854,27.97965906609899],[110.0564152025097,28.14401997602862],[110.02178273190964,28.308325414159277],[109.9870219901045,28.472576367764976],[109.95213222650592,28.636773825793107],[109.99883954962996,28.82083572602757],[110.0457278123157,29.004823139341415],[110.09279819803078,29.188737464027863],[110.14005190042688,29.372580101005955],[110.28199161802199,29.46759177603713],[110.42425682481469,29.562373792472627],[110.56684784296561,29.6569258695977],[110.79939603300879,29.74295813164882],[111.03246694321795,29.828402068311725],[111.26605869431876,29.913256412026048],[111.53549592244345,29.886542092846245],[111.8048852592541,29.85905624255216],[112.07422137198436,29.8307984716086],[112.34349893492755,29.801768406172645],[112.54649613249421,29.79012651200825],[112.74950266395676,29.77804564058726],[112.95251621630793,29.765525564890385],[113.15553447650368,29.752566063178538],[113.34445982237935,29.61161137564505],[113.53285240044046,29.47024935139221],[113.72071311440399,29.32848004276076],[113.90804287809763,29.18630349039701],[114.0543068771141,29.275508188993417],[114.20088352060057,29.364473635918795],[114.35344537665884,29.200663019818798],[114.50549504130176,29.036562517440153],[114.6570345828447,28.872171677404765],[114.73443967818892,28.695963186654673],[114.81155591562752,28.519641612032608],[114.88838500006298,28.343205852131355],[115.08818506912237,28.217839635669474],[115.28750443069177,28.092007780185796],[115.13438758516897,27.94790273946358],[114.98176928235111,27.803511792076545],[114.82964791527868,27.658834960422745],[114.80764028098518,27.481435182965594],[114.78571106443628,27.30397574803593],[114.76385977311028,27.126455391604143],[114.84224337393046,26.970944582138056],[114.9203773833381,26.8153179935217],[114.99826303346225,26.65957491509951],[114.9414824147739,26.48685040485334],[114.88490586209322,26.314033081987414],[114.82853218671406,26.141121878442185],[114.97495705154812,25.975324504932985],[115.1209086337621,25.809222636032736],[115.26638878234044,25.64281568848871],[115.19253094408913,25.472437771984026],[115.1189343611518,25.301937167751298],[115.04559759944595,25.13131292892115],[115.21807375414514,24.99692731568463],[115.3901194663254,24.86215335751676],[115.56173528120065,24.72699090443346],[115.7329217517462,24.591439796907824],[115.53985653692041,24.708536209225052],[115.34638652932891,24.82516277178737],[115.1525121658342,24.941319481726925],[114.95823389868065,25.05700632902135],[114.7635521955914,25.17222329659035],[114.56170562889812,25.11935189275768],[114.36013697614922,25.066008943793587],[114.15884800779327,25.012195073389822],[113.95784047854579,24.95791090669834],[113.83753275612159,24.80875895188079],[113.71760722704829,24.65939096070817],[113.59806241245674,24.509806578557654],[113.47889683849459,24.36000544384327],[113.36010903633284,24.209987187998763],[113.18567334875607,24.181516324529262],[113.01138546154309,24.152689694540335],[112.83724671267312,24.12350764746099],[112.64178067790434,24.092940937588512],[112.44649610699736,24.061926945206714],[112.25139489608542,24.030466161799854],[112.05647893120603,23.998559081823455],[111.87806718005602,23.9100290144632],[111.7000232057389,23.821107274791903],[111.6,23.770828234454882],[111.52234748895833,23.73179435520564],[111.44606770282348,23.582360035329753],[111.3700203633596,23.432799013029392],[111.35340792600208,23.4],[111.29420442565998,23.283110687654347],[111.21861885055898,23.13329445550493],[111.0570441851003,23.22272434598041],[110.89522425855967,23.311825703214218]],[[112.675969,28.891658],[112.665666,28.894308],[112.65448,28.89313],[112.634463,28.886654],[112.624161,28.886654],[112.612975,28.89313],[112.597079,28.911087],[112.586482,28.914619],[112.525843,28.912853],[112.503177,28.906965],[112.483455,28.896368],[112.472857,28.880473],[112.473741,28.870759],[112.479333,28.849859],[112.476684,28.845738],[112.466381,28.844855],[112.433118,28.837495],[112.428997,28.834552],[112.425465,28.835729],[112.418106,28.845738],[112.415162,28.854569],[112.413985,28.873114],[112.411335,28.880473],[112.394262,28.89578],[112.351874,28.913441],[112.333329,28.924922],[112.319199,28.924627],[112.307425,28.908732],[112.303892,28.889598],[112.31655,28.880473],[112.31655,28.873702],[112.294178,28.860162],[112.282993,28.865754],[112.26798,28.951709],[112.26798,28.963189],[112.269746,28.973492],[112.281521,29.004106],[112.268274,29.024122],[112.263859,29.052087],[112.252673,29.076814],[112.220293,29.085939],[112.194389,29.072398],[112.1938,29.042667],[112.201159,29.007049],[112.199099,28.976141],[112.187913,28.967604],[112.172017,28.963483],[112.157593,28.956124],[112.151412,28.938168],[112.142287,28.934636],[112.089301,28.948765],[112.049562,28.949943],[112.029545,28.954358],[112.013649,28.975258],[111.996871,28.983794],[111.978326,28.987916],[111.966257,28.982911],[111.96243,28.950826],[112.001875,28.931398],[112.089301,28.914619],[112.123742,28.896663],[112.149351,28.89313],[112.159065,28.890187],[112.167602,28.884888],[112.17555,28.877235],[112.181143,28.873114],[112.185852,28.872819],[112.189385,28.871936],[112.192917,28.866343],[112.193212,28.861339],[112.186441,28.858395],[112.185264,28.853391],[112.188796,28.824249],[112.192917,28.811591],[112.202042,28.823366],[112.214111,28.835141],[112.227358,28.840145],[112.240604,28.832197],[112.233539,28.817773],[112.230301,28.804527],[112.233245,28.790692],[112.240604,28.790692],[112.248552,28.807765],[112.26121,28.825427],[112.266508,28.815418],[112.26798,28.811591],[112.27475,28.811591],[112.283287,28.825721],[112.287408,28.824543],[112.288291,28.816007],[112.288291,28.808353],[112.283581,28.795401],[112.27269,28.785099],[112.26327,28.773324],[112.26121,28.756545],[112.26798,28.756545],[112.272395,28.770969],[112.280343,28.773618],[112.29094,28.769792],[112.302715,28.763904],[112.296828,28.772147],[112.295062,28.780683],[112.296828,28.789514],[112.302715,28.798051],[112.312723,28.785982],[112.322437,28.770675],[112.329208,28.770675],[112.324204,28.783921],[112.302715,28.811591],[112.307719,28.828076],[112.312429,28.836024],[112.319494,28.839556],[112.32332,28.835141],[112.32597,28.825427],[112.331563,28.815713],[112.343043,28.811591],[112.338333,28.832197],[112.34216,28.867521],[112.336861,28.886654],[112.360116,28.881356],[112.380721,28.863694],[112.411335,28.825427],[112.456079,28.787454],[112.473446,28.781272],[112.504354,28.791575],[112.517306,28.787454],[112.536734,28.793047],[112.558223,28.820717],[112.575591,28.838379],[112.582655,28.815124],[112.585893,28.811591],[112.593252,28.811591],[112.600317,28.81012],[112.603849,28.801289],[112.603261,28.785982],[112.605321,28.780683],[112.61062,28.776856],[112.619156,28.781272],[112.650653,28.804527],[112.658307,28.811591],[112.659484,28.822483],[112.658012,28.836318],[112.659779,28.848093],[112.669198,28.853391],[112.688038,28.847798],[112.696869,28.848093],[112.700695,28.856335],[112.711292,28.867226],[112.78194,28.886654],[112.823151,28.90932],[112.842284,28.908732],[112.850232,28.883711],[112.842579,28.866638],[112.824328,28.861045],[112.801662,28.859278],[112.78194,28.853391],[112.775758,28.848976],[112.768988,28.841911],[112.766338,28.832786],[112.771343,28.821894],[112.781351,28.817184],[112.792537,28.818656],[112.804017,28.823072],[112.831099,28.830136],[112.846994,28.8425],[112.858769,28.860162],[112.864362,28.880473],[112.863184,28.891953],[112.859358,28.904316],[112.857297,28.915796],[112.878197,28.966133],[112.883201,28.987916],[112.903807,29.013525],[112.90469,29.031481],[112.885262,29.016175],[112.877314,28.997924],[112.871426,28.977318],[112.857591,28.95583],[112.847289,28.947882],[112.816086,28.935224],[112.78194,28.907849],[112.745733,28.889304],[112.725127,28.882828],[112.703345,28.880473],[112.691276,28.882533],[112.675969,28.891658]],[[112.497878,29.125972],[112.505532,29.114198],[112.494052,29.085939],[112.509653,29.091826],[112.519661,29.103306],[112.523194,29.118025],[112.520544,29.13392],[112.505237,29.155114],[112.500822,29.168655],[112.511125,29.174837],[112.54115,29.172776],[112.547037,29.179252],[112.548509,29.198975],[112.557046,29.235181],[112.557929,29.255493],[112.548509,29.271094],[112.522311,29.271683],[112.491402,29.254609],[112.462555,29.233415],[112.442244,29.223112],[112.411335,29.171304],[112.417811,29.160119],[112.432235,29.153348],[112.44872,29.147755],[112.459905,29.140691],[112.479628,29.130977],[112.497878,29.125972]],[[112.844051,29.483919],[112.826389,29.493044],[112.811376,29.495105],[112.795481,29.491278],[112.774286,29.483919],[112.774286,29.477149],[112.787827,29.478621],[112.791359,29.480092],[112.795775,29.483919],[112.804311,29.479798],[112.826094,29.475088],[112.83728,29.469495],[112.846994,29.459781],[112.852293,29.45095],[112.858769,29.444474],[112.870543,29.442414],[112.864362,29.4327],[112.853765,29.423869],[112.842284,29.417393],[112.833453,29.415038],[112.827861,29.409445],[112.827272,29.396199],[112.829627,29.370295],[112.83522,29.359403],[112.845522,29.367057],[112.852293,29.380303],[112.846994,29.387662],[112.851704,29.390606],[112.854942,29.394727],[112.861124,29.394727],[112.87437,29.383835],[112.886145,29.365585],[112.88379,29.3491],[112.832865,29.271977],[112.822268,29.250194],[112.816086,29.229294],[112.816086,29.202213],[112.83522,29.215459],[112.898802,29.284635],[112.944429,29.31937],[112.970922,29.333499],[112.997414,29.339386],[113.008011,29.334088],[113.015665,29.322019],[113.02008,29.307301],[113.021552,29.294643],[113.016254,29.278159],[113.004479,29.269033],[112.992704,29.262557],[112.987406,29.254021],[112.986228,29.170421],[112.993588,29.147461],[113.000358,29.1663],[113.008895,29.205156],[113.017725,29.219874],[113.029206,29.232827],[113.049222,29.267856],[113.055698,29.284635],[113.063058,29.36323],[113.065118,29.369411],[113.069239,29.377948],[113.071594,29.386485],[113.069239,29.393844],[113.061586,29.396493],[113.05246,29.393255],[113.045101,29.387956],[113.042158,29.383835],[113.033915,29.361169],[113.015076,29.357637],[112.994176,29.364407],[112.979752,29.374121],[112.92294,29.427401],[112.912343,29.431817],[112.844051,29.483919]]]},"properties":{"id":"chu-phase-936-936","dynastyId":"chu","name":"楚","snapshotId":"phase-936-936","validFromYear":936,"validToYearExclusive":937,"boundaryKind":"controlled","accuracyLevel":"approximate","verificationStatus":"reviewed","sourceRefs":["atlas-943-fixed-master","chronology-south","continuous-method"],"disputedNote":"以943年地理格局为骨架，概括主要政权更替，非逐年精确疆域；951年末南唐接收；952刘言等逐南唐军，周行逢等地方控制以武平统称。；南汉乘楚乱取得桂宜等地；此为区域概括，不声称逐州同日转移。","labelLongitude":111.32746123651518,"labelLatitude":26.563008558944567}},{"type":"Feature","geometry":{"type":"Polygon","coordinates":[[[110.82345715812771,31.135592543786263],[110.80576957017892,30.922754979202775],[110.78815428259436,30.70987056357715],[110.80969530264332,30.529100686828226],[110.83114198690983,30.348292168599254],[110.85249496145352,30.16744358998688],[111.05953502687254,30.040584571614122],[111.26605869431876,29.913256412026048],[111.03246694321795,29.828402068311725],[110.79939603300879,29.74295813164882],[110.56684784296561,29.6569258695977],[110.42425682481469,29.562373792472627],[110.28199161802199,29.46759177603713],[110.14005190042688,29.372580101005955],[110.09279819803078,29.188737464027863],[110.0457278123157,29.004823139341415],[109.99883954962996,28.82083572602757],[109.95213222650592,28.636773825793107],[109.9870219901045,28.472576367764976],[110.02178273190964,28.308325414159277],[110.0564152025097,28.14401997602862],[110.09092014674854,27.97965906609899],[109.89503966065107,27.96067025570838],[109.69930338746923,27.941260700243554],[109.50371330754776,27.921430862544536],[109.32768579926828,27.792099712266047],[109.15219275824501,27.662396117774875],[108.9772332457635,27.532320510199973],[108.88962568027138,27.682304448088967],[108.80174317437472,27.83216879638149],[108.71358442709578,27.981914131484853],[108.5151670180534,27.97991288675937],[108.31682707501842,27.977481705018707],[108.11856674682686,27.974620960860392],[107.92038817797541,27.971331033504228],[107.74091689400522,27.896634633344192],[107.56178920949355,27.821572718409115],[107.38300582212692,27.746145889659427],[107.2122843535938,27.856146517959964],[107.04120716107245,27.965815099134918],[106.86977417629421,28.075151558567132],[106.67629490847631,28.19240068314836],[106.4823878161582,28.309230064393123],[106.31352534368622,28.18839290581098],[106.1451514597281,28.067213723265795],[105.97726541744458,27.94569294600411],[105.8098664608819,27.823830994799163],[105.65637304548011,27.980279800651445],[105.50239432790644,28.136442806412717],[105.34792851629244,28.292320325316332],[105.19297381518237,28.447912660425388],[105.03752842559197,28.60322010464912],[104.83351705620086,28.502358854553712],[104.63002993695791,28.401022083732926],[104.42706755733883,28.299210745641613],[104.26164226517349,28.410610419184373],[104.09586184619828,28.521705863871823],[103.92972605374712,28.632497006293406],[103.74500315259796,28.566396467736237],[103.56061261540097,28.499914702710683],[103.3765554163198,28.43305238966082],[103.19283251497042,28.365810206005076],[102.96497342679632,28.46137245814446],[102.73673626937132,28.556376116803023],[102.50812286298091,28.650820993348233],[102.56963254593407,28.82206296679392],[102.63136906867828,28.993212011589485],[102.69333376075502,29.16426919776989],[102.75552796180402,29.33523559557436],[102.81795302165604,29.506112275538467],[102.79889791101422,29.69192125048731],[102.77974812212025,29.87768357544862],[102.76050301213613,30.063400766268746],[102.75899090456248,30.251780324209488],[102.75745562541748,30.440118164063204],[102.75589701678452,30.62841591180984],[102.7543149192777,30.816675199953036],[102.7527091720248,31.004897667739165],[102.80512276471681,31.204011889403933],[102.85776163815875,31.403052718180138],[102.91062742401483,31.60202202556947],[103.0458703105543,31.739450331974197],[103.18156714829563,31.876663038437755],[103.31771954221026,32.01366014920882],[103.45432910004324,32.150441661587486],[103.65993126566774,32.20570087052863],[103.86587299066981,32.26052079398302],[104.07215255373302,32.31490054786363],[104.27876821412157,32.36883924949455],[104.43856292632904,32.52500414360475],[104.59897278616627,32.68088069571341],[104.76000024019051,32.83646882918685],[104.9216477387677,32.99176845498469],[105.0355874157204,33.166117806508126],[105.15000214512611,33.3403129631415],[105.26489466086605,33.51435476359381],[105.45163849703577,33.53629033310961],[105.6385390850526,33.55787567243435],[105.82559477126374,33.579110325587266],[105.98125521380484,33.47320336698866],[106.13656700916374,33.36705890565588],[106.29153061448173,33.2606770870911],[106.46353863468977,33.39526740863368],[106.6361318546143,33.52954431322902],[106.80931183995362,33.66350732333591],[106.99555060839302,33.63991970060108],[107.18174427596199,33.61598779478518],[107.36789114697937,33.591711532415104],[107.56746456388097,33.655328487170934],[107.76739953154055,33.71854171323742],[107.96769472319855,33.781350366096405],[108.16834879343125,33.84375360114948],[108.32294441866156,33.74847676950296],[108.47723112752072,33.65296430557908],[108.63120909161306,33.55721637691228],[108.66735375709182,33.37664778874951],[108.70333799571057,33.19605692182062],[108.73916290586851,33.01544228143297],[108.78409747001943,32.83415926693609],[108.82883680597922,32.65284232040429],[108.87338223875665,32.47148998417605],[109.09080398712526,32.39172527327033],[109.30790217064516,32.31147994610038],[109.52467502437953,32.23075430932442],[109.70128820108219,32.109901949587886],[109.87746033557404,31.98872550638362],[110.05319198806977,31.867225151854853],[110.2509798555601,31.738130987207562],[110.4482464308189,31.608626177473308],[110.64499219046924,31.478710978153348],[110.84121762517249,31.348385634913868],[110.82345715812771,31.135592543786263]]]},"properties":{"id":"later-shu-phase-936-936","dynastyId":"later-shu","name":"后蜀","snapshotId":"phase-936-936","validFromYear":936,"validToYearExclusive":937,"boundaryKind":"controlled","accuracyLevel":"approximate","verificationStatus":"reviewed","sourceRefs":["atlas-943-fixed-master","chronology-north","continuous-method"],"disputedNote":"以943年地理格局为骨架，概括主要政权更替，非逐年精确疆域；925前蜀灭亡；934后蜀建国。","labelLongitude":106.77428110541615,"labelLatitude":30.669143237693497}},{"type":"Feature","geometry":{"type":"MultiPolygon","coordinates":[[[[108.630707,19.237982],[108.63795,19.248969],[108.626964,19.27497],[108.631684,19.286282],[108.641124,19.294908],[108.649425,19.299628],[108.647309,19.303534],[108.644786,19.31037],[108.649669,19.311225],[108.662608,19.309719],[108.664561,19.314276],[108.663097,19.320502],[108.66684,19.325181],[108.677257,19.327582],[108.677257,19.334377],[108.669281,19.343736],[108.672537,19.351264],[108.679535,19.3581],[108.683442,19.365424],[108.686534,19.377875],[108.694347,19.380316],[108.714529,19.375922],[108.729177,19.377997],[108.752208,19.386949],[108.76295,19.388983],[108.770681,19.394355],[108.790294,19.423163],[108.798188,19.425849],[108.817882,19.439195],[108.827485,19.444241],[108.869802,19.457913],[108.903331,19.493354],[108.92449,19.506252],[108.937348,19.492011],[108.944835,19.492011],[108.944835,19.498847],[108.940766,19.514106],[108.956554,19.534613],[108.992686,19.567776],[109.002208,19.587226],[109.008474,19.597073],[109.01588,19.601264],[109.067068,19.60871],[109.078868,19.612738],[109.103363,19.626288],[109.118419,19.631171],[109.128917,19.640204],[109.132579,19.642239],[109.133556,19.643378],[109.156505,19.649644],[109.192068,19.678453],[109.205821,19.698432],[109.204926,19.718573],[109.211192,19.724799],[109.218516,19.722968],[109.243988,19.729926],[109.258962,19.731635],[109.272716,19.729397],[109.283214,19.724799],[109.300466,19.711127],[109.307384,19.711127],[109.298188,19.726793],[109.281586,19.74433],[109.274669,19.757229],[109.2942,19.759508],[109.2942,19.765692],[109.286794,19.765692],[109.286794,19.773179],[109.295746,19.774644],[109.300466,19.776842],[109.307384,19.786851],[109.297374,19.786851],[109.289236,19.787909],[109.281505,19.790188],[109.273204,19.793647],[109.260997,19.778713],[109.235606,19.762356],[109.210134,19.749742],[109.19752,19.745836],[109.181326,19.735989],[109.174815,19.730373],[109.170177,19.724799],[109.163341,19.724799],[109.167247,19.742743],[109.163341,19.790269],[109.16684,19.805487],[109.175548,19.814032],[109.186778,19.820014],[109.19752,19.827826],[109.200938,19.832587],[109.207367,19.843573],[109.211192,19.848293],[109.219493,19.854682],[109.224864,19.855536],[109.229503,19.855373],[109.235606,19.858832],[109.248709,19.868842],[109.25172,19.874701],[109.252696,19.885891],[109.255138,19.898342],[109.261567,19.900824],[109.270518,19.900092],[109.28004,19.902899],[109.303722,19.921698],[109.311371,19.919501],[109.31422,19.899848],[109.3213,19.892035],[109.337901,19.889879],[109.368826,19.889309],[109.395763,19.869534],[109.412608,19.861396],[109.427501,19.865383],[109.443614,19.872992],[109.455333,19.864936],[109.462657,19.849311],[109.465017,19.834052],[109.472423,19.834052],[109.479503,19.844184],[109.493988,19.850165],[109.511404,19.855048],[109.527029,19.861965],[109.53297,19.852607],[109.545095,19.853746],[109.561778,19.857408],[109.581716,19.855699],[109.581716,19.861965],[109.529307,19.875474],[109.520193,19.882473],[109.515636,19.905219],[109.525401,19.911851],[109.554454,19.910346],[109.557465,19.917304],[109.552257,19.927476],[109.544607,19.933336],[109.540782,19.927151],[109.537364,19.924465],[109.530935,19.930121],[109.52589,19.940375],[109.527029,19.951361],[109.581391,19.984809],[109.595714,19.99315],[109.611664,19.99787],[109.626313,19.997952],[109.636241,19.992336],[109.642589,19.992336],[109.65211,20.002183],[109.668142,20.006903],[109.686697,20.00788],[109.7046,20.006578],[109.712901,20.010077],[109.719005,20.010647],[109.725597,20.006578],[109.728363,19.99787],[109.7199,19.985297],[109.725597,19.978664],[109.725597,19.971829],[109.722179,19.966132],[109.71811,19.957506],[109.725597,19.957506],[109.737559,19.978095],[109.763682,19.974351],[109.807628,19.951361],[109.810557,19.965522],[109.811697,19.981838],[109.815929,19.991197],[109.827973,19.984849],[109.835134,19.973334],[109.838552,19.958441],[109.83839,19.943264],[109.83546,19.930854],[109.854666,19.941352],[109.870372,19.953355],[109.880382,19.967597],[109.883311,19.984849],[109.895274,19.985175],[109.914806,19.99022],[109.920909,19.988593],[109.926606,19.98432],[109.929454,19.986151],[109.931326,19.990139],[109.934581,19.992336],[109.942638,19.990912],[109.94337,19.987454],[109.942231,19.982896],[109.944672,19.978664],[109.957205,19.967271],[109.972423,19.948188],[109.975597,19.932278],[109.951508,19.930854],[109.959972,19.917792],[109.973806,19.908922],[109.990082,19.905951],[110.006196,19.910346],[110.006196,19.916571],[109.992198,19.92536],[110.001231,19.932847],[110.014659,19.940863],[110.013682,19.957506],[110.050304,19.974066],[110.068207,19.978664],[110.076345,19.979153],[110.08961,19.978095],[110.10255,19.973944],[110.109874,19.964993],[110.122732,19.974311],[110.136892,19.996731],[110.149587,20.006578],[110.138845,20.002631],[110.123302,19.989691],[110.115489,19.984849],[110.104991,19.982978],[110.068207,19.984849],[110.114919,20.001939],[110.129731,20.012763],[110.137462,20.024359],[110.149669,20.055813],[110.156993,20.067369],[110.171153,20.060777],[110.208669,20.049506],[110.222179,20.047512],[110.232595,20.044501],[110.245128,20.038316],[110.260997,20.033149],[110.280528,20.033271],[110.295177,20.039374],[110.316905,20.057359],[110.324962,20.061225],[110.344737,20.058051],[110.358897,20.049791],[110.368988,20.038642],[110.37672,20.026435],[110.37672,20.020209],[110.368175,20.007799],[110.375173,19.996772],[110.397227,19.978664],[110.402517,19.964342],[110.406505,19.93594],[110.410899,19.923407],[110.417735,19.923407],[110.414399,19.932074],[110.413341,19.934312],[110.410899,19.93769],[110.410899,19.943915],[110.417735,19.943915],[110.417735,19.951361],[110.414561,19.957994],[110.409434,19.980048],[110.407074,19.984849],[110.397146,19.987047],[110.390636,19.993069],[110.386485,20.001899],[110.382986,20.012763],[110.383311,20.014146],[110.378184,20.039862],[110.37672,20.04385],[110.375011,20.063625],[110.376475,20.071967],[110.382986,20.081041],[110.424571,20.047512],[110.431163,20.050605],[110.470225,20.031806],[110.495942,20.023505],[110.527599,20.020209],[110.527599,20.012763],[110.520763,20.012763],[110.520763,20.006578],[110.535655,19.999579],[110.550548,19.988471],[110.564138,19.984524],[110.57545,19.999172],[110.580333,19.979722],[110.598643,19.943996],[110.602712,19.927151],[110.605805,19.923163],[110.612966,19.925727],[110.619884,19.932359],[110.62322,19.940741],[110.621349,19.950019],[110.618419,19.957221],[110.617849,19.963935],[110.62322,19.971829],[110.609141,19.989895],[110.606456,20.007636],[110.600922,20.021064],[110.578868,20.026435],[110.570811,20.030666],[110.57016,20.040269],[110.572276,20.050727],[110.572032,20.057522],[110.566173,20.069525],[110.569347,20.079779],[110.59311,20.107327],[110.604177,20.110826],[110.640147,20.108344],[110.652029,20.117011],[110.670746,20.154975],[110.677908,20.16356],[110.685069,20.153306],[110.710948,20.075181],[110.724457,20.06387],[110.752778,20.047512],[110.774669,20.020209],[110.788341,20.010403],[110.869884,19.997016],[110.890147,19.999172],[110.893077,20.001654],[110.893809,20.004381],[110.896332,20.004584],[110.904307,19.999172],[110.920665,20.01203],[110.934581,19.995063],[110.977061,19.865871],[110.983165,19.807766],[110.996837,19.749172],[111.000011,19.721666],[110.994395,19.694281],[110.996593,19.686591],[111.010509,19.683783],[111.016368,19.678046],[111.034679,19.642239],[111.020356,19.635972],[111.009125,19.64175],[110.993337,19.643012],[110.977306,19.640774],[110.965831,19.635972],[110.913585,19.583686],[110.887706,19.550605],[110.876475,19.539781],[110.858653,19.534817],[110.842784,19.539944],[110.829845,19.552069],[110.821788,19.567776],[110.818533,19.591051],[110.825694,19.603258],[110.841156,19.607978],[110.862641,19.60871],[110.847667,19.622463],[110.826427,19.621772],[110.806326,19.612738],[110.794444,19.601264],[110.803559,19.589179],[110.812999,19.563381],[110.821788,19.554104],[110.807384,19.530585],[110.802501,19.517401],[110.800629,19.495429],[110.796235,19.484605],[110.785492,19.47191],[110.772309,19.461656],[110.760265,19.457913],[110.760265,19.451646],[110.764496,19.440823],[110.757579,19.430894],[110.745128,19.422675],[110.732432,19.416938],[110.724376,19.415961],[110.706228,19.41828],[110.698253,19.416938],[110.694998,19.411811],[110.685802,19.393052],[110.681488,19.388983],[110.669688,19.381741],[110.670665,19.365058],[110.676036,19.346747],[110.677908,19.334377],[110.666026,19.31977],[110.641368,19.312445],[110.636729,19.296536],[110.63266,19.264472],[110.621593,19.230658],[110.606293,19.199856],[110.589041,19.176703],[110.580333,19.155178],[110.575857,19.15705],[110.568614,19.163072],[110.549083,19.15176],[110.544444,19.150051],[110.510102,19.150051],[110.502208,19.153144],[110.496918,19.159898],[110.490489,19.166571],[110.479177,19.169257],[110.479177,19.163072],[110.489757,19.152981],[110.497569,19.141547],[110.507335,19.132229],[110.524181,19.128323],[110.535655,19.132229],[110.541515,19.138617],[110.546235,19.139879],[110.554942,19.128323],[110.556814,19.120022],[110.554942,19.087348],[110.562348,19.102362],[110.57545,19.150051],[110.582286,19.150051],[110.569998,19.100898],[110.567231,19.065579],[110.563243,19.05565],[110.547537,19.040188],[110.530772,19.018378],[110.518077,18.993476],[110.509939,18.964342],[110.507091,18.930325],[110.508067,18.922187],[110.51238,18.91352],[110.513357,18.906399],[110.509125,18.897773],[110.500011,18.895738],[110.490896,18.895657],[110.486583,18.892483],[110.483897,18.887193],[110.477712,18.88524],[110.47047,18.884263],[110.465587,18.881903],[110.463145,18.875149],[110.461274,18.856024],[110.458751,18.848334],[110.454356,18.844468],[110.441091,18.836493],[110.434581,18.83039],[110.431488,18.821479],[110.435802,18.814154],[110.441905,18.808254],[110.445079,18.803656],[110.450938,18.804999],[110.465017,18.804511],[110.480805,18.800971],[110.492849,18.793118],[110.500824,18.802924],[110.502452,18.811225],[110.499685,18.837551],[110.493419,18.862616],[110.493663,18.876044],[110.503429,18.881903],[110.51002,18.868598],[110.534434,18.785631],[110.519054,18.783108],[110.507172,18.783515],[110.498546,18.781643],[110.492849,18.77204],[110.486583,18.77204],[110.469005,18.777167],[110.450369,18.756537],[110.424571,18.703762],[110.431,18.69245],[110.426768,18.680894],[110.416026,18.670559],[110.403494,18.662787],[110.388682,18.675035],[110.344493,18.664618],[110.335216,18.673326],[110.345388,18.680854],[110.368663,18.68594],[110.410899,18.690131],[110.410899,18.697496],[110.403494,18.703762],[110.397227,18.703762],[110.380138,18.690497],[110.327322,18.679348],[110.307872,18.662787],[110.301036,18.662787],[110.270844,18.668158],[110.227224,18.642157],[110.156993,18.580797],[110.121104,18.555813],[110.103282,18.539374],[110.088145,18.50434],[110.070649,18.502021],[110.03419,18.511949],[110.03419,18.505764],[110.046153,18.495917],[110.074067,18.489081],[110.08253,18.477769],[110.081309,18.464545],[110.069835,18.426988],[110.068207,18.408922],[110.061371,18.408922],[110.06072,18.429592],[110.053233,18.440619],[110.044607,18.440131],[110.040294,18.425971],[110.044444,18.411363],[110.051117,18.399644],[110.052582,18.390204],[110.040294,18.38227],[110.026215,18.380601],[109.995128,18.38231],[109.968598,18.389838],[109.968598,18.405504],[109.975922,18.406643],[109.987071,18.403998],[110.000336,18.403022],[110.013682,18.408922],[110.019867,18.41767],[110.023448,18.429389],[110.023936,18.44123],[110.020518,18.450507],[110.017345,18.444973],[110.009288,18.434801],[110.006196,18.429389],[110.003184,18.43358],[109.992524,18.443061],[109.992361,18.439643],[109.992849,18.432766],[109.992524,18.429389],[109.981944,18.435492],[109.977387,18.431464],[109.973643,18.423082],[109.96518,18.416327],[109.958018,18.414374],[109.954112,18.414252],[109.948741,18.415229],[109.915375,18.416815],[109.898285,18.414252],[109.882091,18.407538],[109.83546,18.38227],[109.825206,18.385891],[109.821544,18.391669],[109.819591,18.397773],[109.814464,18.402086],[109.795665,18.405178],[109.776215,18.404039],[109.759044,18.400377],[109.746104,18.395901],[109.750011,18.373603],[109.726573,18.303778],[109.731781,18.273017],[109.717784,18.273098],[109.71339,18.279853],[109.711599,18.287991],[109.7046,18.292222],[109.696788,18.289862],[109.670421,18.273017],[109.670421,18.26557],[109.686209,18.267646],[109.694021,18.267157],[109.711925,18.258734],[109.717784,18.25845],[109.734548,18.259996],[109.739268,18.258734],[109.741466,18.2508],[109.738536,18.243232],[109.731781,18.234198],[109.728038,18.224677],[109.719005,18.21483],[109.708751,18.207221],[109.701182,18.204088],[109.690684,18.209174],[109.684337,18.221137],[109.677257,18.245063],[109.663748,18.237616],[109.62908,18.227362],[109.621918,18.220852],[109.619151,18.217271],[109.60613,18.208889],[109.602061,18.204088],[109.603526,18.198798],[109.613048,18.183051],[109.615733,18.176174],[109.601329,18.18122],[109.587657,18.181586],[109.57602,18.177476],[109.56805410290868,18.16934830810817],[109.56123286843155,18.169478240784414],[109.562511,18.176988],[109.568044,18.193183],[109.565766,18.201361],[109.561209,18.205797],[109.556488,18.209215],[109.554454,18.214057],[109.553233,18.217678],[109.548595,18.217678],[109.547618,18.220852],[109.549653,18.225531],[109.554454,18.228827],[109.559093,18.230536],[109.561209,18.23078],[109.563324,18.238023],[109.566254,18.242987],[109.56658,18.248847],[109.561209,18.258734],[109.552257,18.244778],[109.538829,18.236762],[109.529552,18.227688],[109.533946,18.210354],[109.510753,18.213609],[109.478689,18.192694],[109.465017,18.204088],[109.478038,18.212795],[109.484711,18.221503],[109.492686,18.228095],[109.509613,18.23078],[109.510265,18.238593],[109.506521,18.252753],[109.500173,18.259508],[109.492931,18.245063],[109.480724,18.264797],[109.462738,18.27969],[109.439952,18.288967],[109.333507,18.304267],[109.21811,18.30565],[109.190603,18.299709],[109.173106,18.288153],[109.162608,18.287828],[109.149669,18.299709],[109.143891,18.314154],[109.142345,18.328681],[109.139496,18.340725],[109.129161,18.34748],[109.135997,18.361151],[109.122081,18.358222],[109.111176,18.361274],[109.101573,18.366034],[109.091645,18.368598],[109.000743,18.367174],[108.990896,18.36872],[108.979015,18.374823],[108.967784,18.384467],[108.960948,18.393866],[108.95281,18.402289],[108.937348,18.408922],[108.885916,18.426663],[108.875987,18.433173],[108.868663,18.443834],[108.831065,18.468695],[108.823238554656,18.472635243882074],[108.78895525652385,18.586992625577626],[108.72773799447563,18.790215777864425],[108.6662838742435,18.993249125429692],[108.63020238567752,19.111885344461317],[108.644298,19.124172],[108.656912,19.139797],[108.663097,19.156236],[108.678966,19.152045],[108.683442,19.150051],[108.683442,19.156236],[108.676036,19.162177],[108.671886,19.173],[108.669932,19.194078],[108.66391,19.209621],[108.650076,19.212795],[108.634288,19.212551],[108.622081,19.217719],[108.621755,19.228095],[108.630707,19.237982]]],[[[110.442638,20.66352],[110.44752,20.658352],[110.462738,20.654771],[110.471365,20.647366],[110.476329,20.631578],[110.478038,20.610785],[110.475841,20.595933],[110.471202,20.592597],[110.464854,20.590766],[110.457286,20.586859],[110.451671,20.589179],[110.44809,20.596259],[110.43922,20.629462],[110.435802,20.638495],[110.426606,20.64289],[110.417654,20.654771],[110.422048,20.662258],[110.430024,20.662014],[110.43336,20.663764],[110.43336,20.667426],[110.437022,20.667914],[110.442638,20.66352]]],[[[110.617931,20.952379],[110.62794,20.948635],[110.632498,20.936672],[110.630382,20.925767],[110.624522,20.915188],[110.609548,20.897284],[110.589203,20.88349],[110.575694,20.888821],[110.563487,20.903469],[110.547537,20.917711],[110.57488,20.947455],[110.58961,20.959377],[110.602712,20.964911],[110.595876,20.958726],[110.60613,20.953843],[110.617931,20.952379]]],[[[110.543793,21.022773],[110.526866,20.989203],[110.520763,20.972357],[110.522227,20.962592],[110.525645,20.951077],[110.526052,20.941596],[110.516938,20.937649],[110.507986,20.940375],[110.502696,20.947496],[110.500173,20.957506],[110.499685,20.968655],[110.493012,20.977973],[110.476899,20.990424],[110.457693,21.001207],[110.441417,21.005845],[110.363048,21.005845],[110.333669,20.996283],[110.298676,20.980658],[110.266612,20.972642],[110.24586,20.986029],[110.261892,20.992987],[110.265391,21.00434],[110.259288,21.016995],[110.24586,21.027574],[110.264822,21.033108],[110.275076,21.034329],[110.287364,21.03384],[110.287364,21.040595],[110.276378,21.041164],[110.270681,21.044867],[110.269542,21.051581],[110.273123,21.061103],[110.290212,21.054267],[110.309906,21.052924],[110.326915,21.05744],[110.335216,21.06859],[110.322113,21.064032],[110.307953,21.060858],[110.295421,21.063056],[110.287364,21.074449],[110.342621,21.074652],[110.371349,21.080959],[110.389822,21.095893],[110.400401,21.06391],[110.408214,21.048245],[110.417735,21.040595],[110.423188,21.051418],[110.43214,21.057278],[110.444102,21.059963],[110.458751,21.061103],[110.451915,21.061103],[110.47283,21.061672],[110.48406,21.067857],[110.492931,21.075995],[110.507091,21.082221],[110.526378,21.082099],[110.538829,21.073065],[110.545584,21.057359],[110.547537,21.037258],[110.543793,21.022773]]],[[[109.105235,21.024482],[109.100922,21.021186],[109.095958,21.02204],[109.090505,21.041938],[109.099864,21.060696],[109.122732,21.065416],[109.136241,21.051011],[109.127696,21.032172],[109.112559,21.027086],[109.105235,21.024482]]],[[[110.472911,21.16413],[110.479177,21.150458],[110.461436,21.151068],[110.449474,21.156236],[110.445323,21.165676],[110.451915,21.178453],[110.44337,21.177883],[110.426117,21.179104],[110.417735,21.178453],[110.417735,21.184638],[110.434337,21.186591],[110.444835,21.193793],[110.452647,21.201483],[110.462169,21.205146],[110.487804,21.208645],[110.499848,21.206285],[110.496267,21.195217],[110.470958,21.193671],[110.46339,21.190741],[110.479177,21.184638],[110.492931,21.183905],[110.504161,21.18769],[110.526378,21.200832],[110.532237,21.203315],[110.537852,21.204495],[110.543224,21.204169],[110.549653,21.20246],[110.566173,21.193345],[110.568614,21.191474],[110.555431,21.176825],[110.550059,21.168443],[110.547537,21.156724],[110.554942,21.156724],[110.577322,21.190985],[110.594005,21.202786],[110.616954,21.19892],[110.616954,21.191474],[110.599457,21.17829],[110.576915,21.130927],[110.565196,21.112616],[110.543224,21.104967],[110.520681,21.111802],[110.50587,21.126858],[110.507091,21.143704],[110.496593,21.146308],[110.489024,21.150092],[110.483572,21.155829],[110.479177,21.16413],[110.472911,21.16413]]],[[[107.961843,21.228868],[107.953624,21.233629],[107.9546,21.239569],[107.968842,21.24433],[107.974946,21.24494],[107.980968,21.242214],[107.982595,21.2355],[107.979666,21.229438],[107.973318,21.22781],[107.961843,21.228868]]],[[[107.868663,21.390082],[107.998302,21.403754],[107.998302,21.397528],[107.959483,21.373847],[107.944184,21.368109],[107.936209,21.37641],[107.929942,21.37641],[107.922374,21.372626],[107.85746908538162,21.35145603027121],[107.85793412529632,21.36139263678306],[107.859386,21.364081],[107.865245,21.370103],[107.872813,21.374213],[107.85856970853418,21.374973278659525],[107.85908159580666,21.385910882603255],[107.860118,21.386217],[107.868663,21.390082]]],[[[108.129568,21.523708],[108.142263,21.529283],[108.160004,21.544176],[108.172781,21.546169],[108.181814,21.54149],[108.182709,21.53498],[108.177013,21.530056],[108.128835,21.518704],[108.126557,21.520413],[108.129568,21.523708]]],[[[111.938487,21.652574],[111.94516,21.650133],[111.950938,21.651109],[111.955821,21.656399],[111.962657,21.65762],[111.989513,21.657782],[111.999848,21.653998],[112.007335,21.643948],[112.007335,21.636542],[111.999848,21.621161],[111.981456,21.612047],[111.929047,21.601874],[111.91977,21.601874],[111.909679,21.600531],[111.897472,21.595526],[111.888194,21.588935],[111.871104,21.573228],[111.863292,21.568264],[111.822439,21.561998],[111.809337,21.565497],[111.810069,21.568345],[111.816905,21.571357],[111.822439,21.5751],[111.842052,21.606838],[111.845063,21.623969],[111.835297,21.643948],[111.847179,21.647406],[111.8838,21.650133],[111.896007,21.653957],[111.915863,21.662746],[111.928233,21.664455],[111.931407,21.662299],[111.934337,21.657457],[111.938487,21.652574]]],[[[112.567149,21.617621],[112.555919,21.62344],[112.549083,21.6164],[112.539236,21.598944],[112.534923,21.595526],[112.525401,21.598863],[112.519298,21.606676],[112.51824,21.616767],[112.524262,21.626899],[112.559825,21.648383],[112.567882,21.660631],[112.555919,21.678127],[112.57781,21.68301],[112.620128,21.704495],[112.645356,21.712836],[112.654552,21.698472],[112.651378,21.6883],[112.643321,21.678168],[112.63795,21.664455],[112.649913,21.649319],[112.650401,21.640448],[112.62379,21.633287],[112.616466,21.619208],[112.607188,21.616034],[112.579926,21.615546],[112.567149,21.617621]]],[[[112.761485,21.583686],[112.758311,21.58808],[112.756114,21.593736],[112.753673,21.607367],[112.749685,21.608791],[112.743907,21.608791],[112.737153,21.612616],[112.734386,21.62873],[112.767589,21.663479],[112.774425,21.691718],[112.759613,21.686347],[112.736664,21.681098],[112.715587,21.680243],[112.706228,21.688381],[112.711681,21.702541],[112.724376,21.715806],[112.747813,21.733344],[112.764903,21.731757],[112.777517,21.77265],[112.795665,21.766832],[112.807628,21.772773],[112.821137,21.774807],[112.850271,21.774319],[112.844005,21.774319],[112.862559,21.769436],[112.868175,21.757554],[112.862559,21.745592],[112.831798,21.735907],[112.820567,21.726508],[112.812511,21.717108],[112.797537,21.705878],[112.800466,21.689765],[112.80714,21.671291],[112.810557,21.65762],[112.803233,21.63817],[112.794444,21.623114],[112.793468,21.608222],[112.810557,21.589301],[112.799653,21.579088],[112.790212,21.577582],[112.764903,21.581855],[112.761485,21.583686]]],[[[108.577403,21.76321],[108.576345,21.759101],[108.572602,21.759426],[108.569672,21.765774],[108.569509,21.769477],[108.565522,21.77383],[108.570893,21.777533],[108.574229,21.775295],[108.577403,21.771145],[108.577403,21.76321]]],[[[113.160655,21.870429],[113.167166,21.864488],[113.175873,21.862128],[113.18157,21.866848],[113.187673,21.869045],[113.190929,21.863349],[113.187999,21.856635],[113.180024,21.850328],[113.173269,21.849148],[113.165538,21.853339],[113.148692,21.842597],[113.131196,21.850369],[113.135671,21.864976],[113.146332,21.862454],[113.151052,21.868964],[113.155935,21.872748],[113.160655,21.870429]]],[[[113.017345,21.849514],[113.012462,21.852607],[113.003754,21.869534],[113.010916,21.876207],[113.024669,21.880845],[113.03533,21.878445],[113.038829,21.865627],[113.034516,21.855292],[113.020518,21.854844],[113.017345,21.849514]]],[[[113.267751,21.886461],[113.258474,21.880439],[113.250743,21.883205],[113.23463,21.893459],[113.229747,21.898749],[113.225841,21.900824],[113.22169,21.91413],[113.2317,21.934475],[113.247732,21.943183],[113.25766,21.946601],[113.267833,21.943305],[113.275157,21.931545],[113.278005,21.925035],[113.280935,21.922838],[113.285655,21.918118],[113.283702,21.91352],[113.278656,21.907375],[113.275157,21.897528],[113.267751,21.886461]]],[[[113.246349,22.013292],[113.248709,22.008124],[113.249034,22.004747],[113.237641,22.002468],[113.231781,22.002956],[113.223318,22.000556],[113.201589,21.988756],[113.198253,21.980048],[113.200206,21.975328],[113.196137,21.96719],[113.188162,21.959988],[113.182791,21.960476],[113.180349,21.964423],[113.180024,21.970771],[113.192393,22.033759],[113.200043,22.038438],[113.239513,22.038072],[113.243988,22.039293],[113.249115,22.038357],[113.249197,22.03384],[113.239513,22.023301],[113.242117,22.018175],[113.246349,22.013292]]],[[[113.393565,22.071601],[113.398936,22.068508],[113.412608,22.075995],[113.41033,22.063544],[113.391449,22.027533],[113.398936,22.021918],[113.401622,22.018459],[113.40268,22.01435],[113.405772,22.007025],[113.323497,22.011949],[113.309418,22.024115],[113.343598,22.068508],[113.352794,22.073147],[113.363292,22.075995],[113.372732,22.080146],[113.377778,22.089016],[113.38266,22.089586],[113.384044,22.088121],[113.384044,22.085395],[113.385265,22.08218],[113.387218,22.078192],[113.389903,22.074693],[113.393565,22.071601]]],[[[113.465994,22.101508],[113.464854,22.10814],[113.471528,22.114081],[113.518891,22.127265],[113.52711,22.125881],[113.532725,22.120307],[113.530935,22.112942],[113.52711,22.106106],[113.532563,22.095364],[113.547618,22.092597],[113.53891,22.082099],[113.484711,22.071357],[113.470225,22.077623],[113.473969,22.088121],[113.473481,22.098538],[113.465994,22.101508]]],[[[113.354015,22.130845],[113.336192,22.100491],[113.31365,22.076402],[113.289073,22.068508],[113.279145,22.074693],[113.268809,22.088324],[113.264171,22.104926],[113.271739,22.120022],[113.279145,22.123196],[113.289724,22.125474],[113.298676,22.128567],[113.302745,22.133979],[113.30421,22.141832],[113.308442,22.148627],[113.314952,22.153998],[113.32309,22.157904],[113.327973,22.145819],[113.33546,22.148871],[113.347179,22.15644],[113.364757,22.157904],[113.354015,22.130845]]],[[[105.41130288604936,24.124746825418587],[105.26350266784097,24.288816838578914],[105.20757162536246,24.434995692353954],[105.15147051383826,24.581090810108496],[105.09519852341388,24.72710279712283],[105.22480073221698,24.866725117312455],[105.35480270500359,25.00609869609052],[105.48520570229402,25.145223678248993],[105.67587941380673,25.127002153765],[105.86654980091149,25.108367534833977],[106.0572149594597,25.089319565496123],[106.24787298597647,25.069857993419152],[106.42001359684186,25.133675536547855],[106.59243550968095,25.197140217750167],[106.765137884095,25.260251537650944],[106.96642899092237,25.171748527969847],[107.16742321069117,25.082773903013884],[107.36811925997172,24.99332768541965],[107.56851587005457,24.9034098956962],[107.76861178694233,24.81302055213623],[107.6771911914582,24.674645077365973],[107.58603872373584,24.53612345649908],[107.49515334136818,24.397455297015952],[107.70095902192598,24.269191341818757],[107.90629873164062,24.14040728840936],[108.11117217915321,24.01110307824857],[108.32385277374543,24.039640568306137],[108.5367368399191,24.067647583699138],[108.74982186283968,24.09512346024082],[108.9325340265783,23.961864166498632],[109.11480774584619,23.828178729146742],[109.29664336485166,23.694067001236235],[109.47804123795203,23.559528825763245],[109.66255051634413,23.478562049308504],[109.8468174895474,23.397181828106707],[110.03084109756362,23.315388133442813],[110.21462029083305,23.233180935042984],[110.38722366207324,23.28934861153465],[110.56007040299389,23.345154630030606],[110.73315951119464,23.40059855543935],[110.89522425855967,23.311825703214218],[111.0570441851003,23.22272434598041],[111.21861885055898,23.13329445550493],[111.29420442565998,23.283110687654347],[111.3700203633596,23.432799013029392],[111.44606770282348,23.582360035329753],[111.52234748895833,23.73179435520564],[111.7000232057389,23.821107274791903],[111.87806718005602,23.9100290144632],[112.05647893120603,23.998559081823455],[112.25139489608542,24.030466161799854],[112.44649610699736,24.061926945206714],[112.64178067790434,24.092940937588512],[112.83724671267312,24.12350764746099],[113.01138546154309,24.152689694540335],[113.18567334875607,24.181516324529262],[113.36010903633284,24.209987187998763],[113.47889683849459,24.36000544384327],[113.59806241245674,24.509806578557654],[113.71760722704829,24.65939096070817],[113.83753275612159,24.80875895188079],[113.95784047854579,24.95791090669834],[114.15884800779327,25.012195073389822],[114.36013697614922,25.066008943793587],[114.56170562889812,25.11935189275768],[114.7635521955914,25.17222329659035],[114.95823389868065,25.05700632902135],[115.1525121658342,24.941319481726925],[115.34638652932891,24.82516277178737],[115.53985653692041,24.708536209225052],[115.7329217517462,24.591439796907824],[115.83791026142798,24.46586667783568],[115.94264730120494,24.34012422507132],[116.04713361729594,24.214212153393575],[116.18839518151076,24.300756174490207],[116.32992946532649,24.38705320434603],[116.47173649249551,24.473103028672973],[116.66157866801338,24.386963499240927],[116.85114063703247,24.300381782970042],[117.04042128645354,24.21335791419646],[117.22941951600319,24.12589192513338],[117.44595668853731,24.124395631304957],[117.66254918259993,24.12235165417173],[117.87919413951751,24.119759628086687],[117.89988727779588,24.09543206690326],[117.895763,24.086615],[117.893647,24.07331],[117.8956,24.060981],[117.898692,24.050523],[117.899425,24.040188],[117.893647,24.028022],[117.862315,24.035224],[117.839122,24.023627],[117.798106,23.980211],[117.771983,23.95893],[117.765473,23.947333],[117.763276,23.929348],[117.758637,23.915473],[117.748057,23.907538],[117.736583,23.908108],[117.729259,23.919379],[117.737885,23.950507],[117.791352,24.001532],[117.798106,24.021796],[117.786469,24.028144],[117.761729,24.014838],[117.757091,24.024888],[117.769786,24.031317],[117.776134,24.037299],[117.774181,24.045396],[117.770274,24.051459],[117.763276,24.070258],[117.757091,24.070258],[117.750011,24.037299],[117.724132,24.033759],[117.692231,24.046536],[117.667084,24.06273],[117.67099,24.048],[117.679698,24.039049],[117.692231,24.035224],[117.708751,24.035468],[117.688487,23.997504],[117.687266,23.979071],[117.695079,23.953559],[117.671565,23.931411],[117.648633,23.909234],[117.6336,23.874158],[117.625536,23.840153],[117.626008,23.812233],[117.639269,23.794102],[117.619395,23.774807],[117.612559,23.762681],[117.591669,23.737064],[117.589525,23.756154],[117.587462,23.77778],[117.602012,23.798949],[117.600108,23.83397],[117.598155,23.852444],[117.592052,23.870998],[117.582367,23.889309],[117.571056,23.903266],[117.556733,23.913235],[117.537364,23.919379],[117.47462,23.920966],[117.454845,23.925605],[117.430186,23.943752],[117.416596,23.946845],[117.407074,23.933051],[117.409679,23.913398],[117.427094,23.910386],[117.449799,23.913479],[117.468516,23.911933],[117.499596,23.874072],[117.490073,23.832579],[117.463477,23.788287],[117.434331,23.775922],[117.382416,23.795233],[117.368907,23.792629],[117.360932,23.785956],[117.354584,23.777411],[117.345551,23.768541],[117.319102,23.761623],[117.303966,23.77558],[117.292572,23.789496],[117.277354,23.782213],[117.292328,23.762152],[117.285737,23.746772],[117.271921,23.721306],[117.276242,23.687743],[117.267965,23.679792],[117.263649,23.655425],[117.279122,23.636268],[117.257093,23.615616],[117.238964,23.605473],[117.235964,23.624311],[117.235538,23.639819],[117.24409,23.657548],[117.235606,23.671454],[117.229503,23.692816],[117.22519,23.684719],[117.208507,23.664944],[117.217181,23.652511],[117.22041,23.640201],[117.219201,23.629628],[117.185883,23.621039],[117.174653,23.61636],[117.15083,23.606867],[117.12846,23.572354],[117.099464,23.55431],[117.084228,23.550606],[117.078407,23.564611],[117.080468,23.574347],[117.08356,23.58895],[117.076003,23.604627],[117.07919,23.622489],[117.077881,23.63883],[117.068413,23.651273],[117.057798,23.653965],[117.044444,23.655666],[117.034272,23.661322],[117.023448,23.658677],[117.018321,23.647895],[117.009502,23.644542],[116.985356,23.640228],[116.965072,23.615438],[116.950705,23.610883],[116.927582,23.624742],[116.917572,23.637926],[116.940929,23.658677],[116.927501,23.664496],[116.916515,23.662746],[116.908946,23.654608],[116.906098,23.641303],[116.900727,23.634263],[116.877452,23.618354],[116.872081,23.606879],[116.874278,23.598619],[116.879161,23.593573],[116.884044,23.586615],[116.886241,23.573065],[116.883311,23.559638],[116.875499,23.547065],[116.854991,23.524888],[116.849701,23.511298],[116.854259,23.497382],[116.872621,23.473807],[116.866628,23.450233],[116.773224,23.349432],[116.75294,23.350246],[116.746567,23.349207],[116.73241,23.351132],[116.712989,23.355629],[116.692882,23.359931],[116.680756,23.357001],[116.657844,23.354452],[116.621918,23.369127],[116.56894,23.391018],[116.557872,23.40176],[116.553477,23.414252],[116.543224,23.42121],[116.531749,23.422553],[116.523204,23.418524],[116.521739,23.4112],[116.523204,23.377509],[116.533214,23.361884],[116.552257,23.341498],[116.573009,23.323676],[116.587983,23.316107],[116.608409,23.320461],[116.641889,23.318835],[116.660976,23.337223],[116.69124,23.338977],[116.709414,23.31977],[116.727074,23.316116],[116.730112,23.330754],[116.748635,23.326288],[116.765631,23.297351],[116.768528,23.272821],[116.77711,23.240383],[116.786179,23.235723],[116.794269,23.239622],[116.804822,23.236122],[116.783946,23.212388],[116.754161,23.233385],[116.731293,23.257717],[116.705577,23.276597],[116.667247,23.281317],[116.67921,23.271389],[116.695079,23.265692],[116.708995,23.258531],[116.715099,23.243801],[116.705502,23.238344],[116.689308,23.229731],[116.671166,23.214639],[116.661748,23.193648],[116.646755,23.162991],[116.637021,23.164018],[116.629296,23.17397],[116.615216,23.178349],[116.613772,23.190607],[116.616754,23.20277],[116.618148,23.221479],[116.61151,23.23873],[116.588585,23.244934],[116.569976,23.246973],[116.516856,23.235175],[116.508881,23.234117],[116.509288,23.216376],[116.526988,23.200621],[116.541429,23.210105],[116.553158,23.216373],[116.563975,23.222968],[116.574555,23.224107],[116.602949,23.217738],[116.604504,23.209557],[116.601496,23.196581],[116.569916,23.177692],[116.545121,23.144775],[116.533648,23.109135],[116.551656,23.086724],[116.548496,23.066402],[116.554846,23.036094],[116.56325,23.018774],[116.547852,23.006039],[116.521936,22.998411],[116.518474,22.967456],[116.494688,22.939352],[116.45851,22.94742],[116.42629,22.937425],[116.379607,22.928984],[116.353038,22.938056],[116.338251,22.951857],[116.298487,22.963247],[116.289064,22.978943],[116.26226,22.973737],[116.234711,22.980414],[116.213634,22.982815],[116.20102,22.973456],[116.234874,22.960273],[116.252289,22.959052],[116.269379,22.96662],[116.281458,22.957857],[116.246181,22.93159],[116.221009,22.91901],[116.214563,22.908522],[116.200088,22.896555],[116.170989,22.864465],[116.14491,22.847823],[116.129651,22.839135],[116.113561,22.83291],[116.09569,22.8259],[116.084672,22.849765],[116.091253,22.86841],[116.123721,22.894729],[116.087006,22.906562],[116.042105,22.932918],[116.041881,22.922321],[116.0713,22.897773],[116.087254,22.889694],[116.076178,22.867871],[116.053772,22.855229],[116.047862,22.851793],[116.037446,22.850898],[116.026107,22.845127],[116.011796,22.838044],[115.996718,22.836684],[115.966075,22.817206],[115.958014,22.804743],[115.939488,22.807516],[115.933263,22.805994],[115.903738,22.789376],[115.883497,22.794619],[115.854882,22.77879],[115.843212,22.770025],[115.825956,22.746644],[115.81003,22.746091],[115.797812,22.75445],[115.79546,22.769988],[115.790484,22.7872],[115.788039,22.797842],[115.795014,22.800279],[115.799408,22.794664],[115.801362,22.786851],[115.806488,22.778266],[115.813569,22.776272],[115.814708,22.786119],[115.812755,22.799547],[115.809906,22.808336],[115.804779,22.81509],[115.798432,22.819525],[115.790375,22.821926],[115.785055,22.825678],[115.776344,22.832346],[115.763237,22.841487],[115.73687,22.851673],[115.697036,22.850671],[115.703581,22.869323],[115.684266,22.877779],[115.682465,22.88817],[115.692638,22.900092],[115.70517,22.907375],[115.713878,22.904527],[115.721283,22.904527],[115.72755,22.922756],[115.733735,22.931871],[115.730317,22.934231],[115.691987,22.929023],[115.683116,22.924262],[115.666596,22.904527],[115.653331,22.893744],[115.639415,22.88935],[115.583995,22.880316],[115.577891,22.877265],[115.574067,22.871731],[115.564952,22.853258],[115.560557,22.849311],[115.539887,22.852932],[115.53297,22.862047],[115.536632,22.874335],[115.546886,22.887152],[115.547618,22.895413],[115.533783,22.898261],[115.505626,22.897773],[115.496349,22.903062],[115.468272,22.9265],[115.450938,22.931871],[115.442393,22.929674],[115.438324,22.920356],[115.430186,22.918199],[115.423839,22.918769],[115.406016,22.925035],[115.418549,22.907701],[115.427257,22.900621],[115.437022,22.897773],[115.446137,22.89997],[115.455414,22.909735],[115.464203,22.912014],[115.483002,22.901842],[115.496104,22.880316],[115.494151,22.860785],[115.468028,22.856757],[115.468028,22.849311],[115.478608,22.84748],[115.505626,22.849311],[115.515147,22.847317],[115.530365,22.838324],[115.54005,22.836249],[115.559418,22.836086],[115.565929,22.837958],[115.577891,22.843166],[115.586925,22.849351],[115.593354,22.856391],[115.600597,22.861884],[115.612071,22.863593],[115.591319,22.84748],[115.556244,22.807435],[115.538966,22.788904],[115.527017,22.767042],[115.523936,22.741767],[115.555588,22.71437],[115.565753,22.737081],[115.567321,22.747281],[115.586192,22.745103],[115.590099,22.737209],[115.580903,22.723334],[115.562511,22.705634],[115.56422,22.684882],[115.575219,22.668336],[115.536156,22.668123],[115.522096,22.676503],[115.491193,22.687587],[115.464818,22.701034],[115.438265,22.700599],[115.421264,22.690236],[115.394298,22.689683],[115.373508,22.694177],[115.361272,22.704137],[115.348205,22.717369],[115.338471,22.7331],[115.350678,22.746894],[115.358409,22.748684],[115.388927,22.746894],[115.397553,22.748765],[115.40976,22.75788],[115.424133,22.761993],[115.422373,22.771797],[115.411208,22.788268],[115.386241,22.782904],[115.374767,22.773285],[115.363994,22.763645],[115.33057,22.78854],[115.289144,22.791553],[115.251081,22.78798],[115.233391,22.788209],[115.232767,22.80534],[115.258564,22.820463],[115.30304,22.838614],[115.32016,22.850531],[115.324799,22.859565],[115.313731,22.863593],[115.309418,22.869371],[115.310557,22.882473],[115.317149,22.904527],[115.303803,22.903022],[115.292247,22.895331],[115.272227,22.873847],[115.255951,22.847846],[115.245616,22.835354],[115.231456,22.830064],[115.217294,22.834891],[115.196013,22.831898],[115.172944,22.821194],[115.174407,22.806892],[115.180271,22.784806],[115.158273,22.792417],[115.150566,22.809634],[115.132878,22.811454],[115.111664,22.802151],[115.101085,22.800116],[115.065475,22.795985],[115.050304,22.781684],[115.045665,22.775865],[115.041026,22.761623],[115.036632,22.75373],[115.02233,22.743513],[115.017828,22.737044],[115.022081,22.726392],[115.030794,22.717322],[115.028903,22.708377],[115.018277,22.706869],[115.008513,22.70372],[114.998772,22.702201],[114.992521,22.697381],[114.985342,22.689309],[114.98003,22.688554],[114.971258,22.692735],[114.959835,22.696134],[114.95467,22.703544],[114.956584,22.71574],[114.95237,22.728833],[114.945811,22.742255],[114.941661,22.753852],[114.926768,22.761176],[114.916759,22.744045],[114.90311,22.748924],[114.889059,22.763748],[114.876719,22.767957],[114.862524,22.763216],[114.870379,22.753348],[114.881873,22.747523],[114.886217,22.736075],[114.878145,22.729638],[114.880736,22.72147],[114.890447,22.714055],[114.902858,22.713934],[114.909996,22.723615],[114.926726,22.71693],[114.937229,22.709492],[114.946689,22.696329],[114.955302,22.684794],[114.966629,22.676487],[114.95045,22.664984],[114.938731,22.657294],[114.924897,22.638658],[114.901938,22.598057],[114.905213,22.57844],[114.919119,22.561155],[114.895966,22.547524],[114.883641,22.550916],[114.880215,22.559113],[114.889234,22.572894],[114.88682,22.590872],[114.865816,22.601745],[114.832229,22.602077],[114.806416,22.592509],[114.774609,22.597693],[114.754145,22.589714],[114.743776,22.609404],[114.742242,22.62738],[114.742483,22.646964],[114.73745,22.669046],[114.74999,22.678724],[114.753778,22.693385],[114.738879,22.710647],[114.741951,22.732653],[114.752545,22.749662],[114.778551,22.762453],[114.795421,22.769924],[114.802013,22.773383],[114.813243,22.774848],[114.817638,22.77912],[114.821252,22.79056],[114.816954,22.800389],[114.807279,22.805383],[114.798466,22.808736],[114.792735,22.81094],[114.78476,22.815863],[114.775238,22.815823],[114.769786,22.810452],[114.762462,22.791083],[114.754893,22.781684],[114.734141,22.775784],[114.716732,22.790803],[114.695481,22.792642],[114.683812,22.781333],[114.664219,22.774176],[114.645484,22.767006],[114.637787,22.755072],[114.617198,22.750067],[114.602546,22.740458],[114.579378,22.733311],[114.563324,22.732733],[114.564986,22.717916],[114.571096,22.702354],[114.552338,22.694525],[114.542247,22.695299],[114.532481,22.69953],[114.522065,22.705959],[114.52378,22.687214],[114.5171,22.676418],[114.505926,22.663689],[114.499576,22.653114],[114.506607,22.646523],[114.534906,22.644648],[114.523411,22.645563],[114.548216,22.644541],[114.562511,22.648342],[114.573253,22.654446],[114.58253,22.65526],[114.590343,22.643866],[114.577647,22.635891],[114.560883,22.608791],[114.546641,22.602932],[114.529145,22.598334],[114.513927,22.587348],[114.502208,22.57392],[114.495372,22.561957],[114.502045,22.550849],[114.509288,22.549547],[114.518158,22.552802],[114.529552,22.555121],[114.529796,22.557359],[114.532481,22.562323],[114.53712,22.567206],[114.543224,22.569403],[114.547211,22.567084],[114.554779,22.557318],[114.559906,22.555121],[114.572765,22.551459],[114.593272,22.541897],[114.611583,22.528713],[114.617686,22.514146],[114.607514,22.504381],[114.587657,22.495592],[114.570532,22.484291],[114.542162,22.477993],[114.529667,22.468285],[114.515816,22.452643],[114.501557,22.452094],[114.492198,22.463975],[114.49114,22.464626],[114.485118,22.468329],[114.484467,22.474351],[114.483246,22.484565],[114.477224,22.489529],[114.476817,22.489895],[114.47698,22.490424],[114.480154,22.500149],[114.47641,22.509426],[114.484548,22.516995],[114.48699,22.521918],[114.485118,22.53441],[114.479584,22.539333],[114.479584,22.54621],[114.471202,22.551703],[114.462169,22.561754],[114.45574,22.570502],[114.446951,22.57156],[114.445323,22.571763],[114.440359,22.568671],[114.436778,22.577379],[114.437348,22.579372],[114.438487,22.582953],[114.433035,22.591091],[114.424327,22.601671],[114.414236,22.604804],[114.408702,22.61164],[114.395763,22.613511],[114.3956,22.613511],[114.380138,22.610338],[114.360688,22.604804],[114.340261,22.597886],[114.329112,22.605007],[114.328461,22.605455],[114.328054,22.604763],[114.324555,22.598538],[114.317149,22.602362],[114.316905,22.6022],[114.305349,22.594184],[114.30714,22.585435],[114.302175,22.582953],[114.276215,22.587958],[114.269623,22.582953],[114.249685,22.570502],[114.238292,22.559923],[114.229828,22.555813],[114.234711,22.556179],[114.227224,22.547065],[114.222179,22.541449],[114.214854,22.534491],[114.209972,22.534491],[114.209321,22.523708],[114.217947,22.526028],[114.218679,22.529853],[114.230398,22.532945],[114.234304,22.536933],[114.242035,22.550198],[114.245942,22.550971],[114.249034,22.547838],[114.254568,22.550971],[114.25766,22.547838],[114.253266,22.539455],[114.259207,22.540798],[114.265636,22.535264],[114.265147,22.528469],[114.27003,22.52558],[114.278005,22.529853],[114.279796,22.526028],[114.279796,22.519721],[114.27768,22.511664],[114.285167,22.511176],[114.289236,22.505194],[114.298513,22.501003],[114.326589,22.508775],[114.332774,22.511949],[114.335134,22.506415],[114.316335,22.492377],[114.305431,22.483018],[114.29363,22.478258],[114.280447,22.472886],[114.268728,22.465033],[114.264089,22.458075],[114.253754,22.451768],[114.245942,22.451768],[114.231212,22.469794],[114.217133,22.467353],[114.211762,22.470567],[114.209321,22.465806],[114.210948,22.457302],[114.215587,22.454983],[114.217133,22.447943],[114.209972,22.44949],[114.209321,22.454088],[114.20224,22.458075],[114.190603,22.456529],[114.186697,22.451768],[114.167491,22.448065],[114.176524,22.443223],[114.187511,22.436143],[114.200206,22.428168],[114.211762,22.4206],[114.209972,22.412746],[114.214854,22.408881],[114.209321,22.398668],[114.215587,22.400336],[114.223399,22.415025],[114.234223,22.42475],[114.23821,22.43537],[114.243826,22.435533],[114.251475,22.430732],[114.267182,22.430732],[114.269379,22.425523],[114.267182,22.415961],[114.272553,22.409654],[114.276459,22.419827],[114.288992,22.426011],[114.276459,22.443996],[114.288992,22.453315],[114.301606,22.456529],[114.300792,22.465033],[114.323741,22.480048],[114.325043,22.475206],[114.33074,22.474107],[114.325043,22.46426],[114.335704,22.461737],[114.338064,22.446357],[114.332774,22.440009],[114.337413,22.431586],[114.342784,22.43769],[114.347585,22.422919],[114.352306,22.423692],[114.351573,22.440985],[114.359874,22.461168],[114.367849,22.454983],[114.367361,22.446275],[114.370209,22.440009],[114.385753,22.439236],[114.39975,22.436143],[114.39739,22.428412],[114.401296,22.412746],[114.389334,22.417914],[114.381765,22.419053],[114.370209,22.397976],[114.375011,22.400539],[114.384939,22.387356],[114.38974,22.365953],[114.386567,22.36522],[114.385753,22.370185],[114.376394,22.370632],[114.379487,22.362087],[114.37558,22.353461],[114.370209,22.348822],[114.36085,22.345771],[114.357595,22.332424],[114.352306,22.339464],[114.352306,22.351915],[114.34197,22.345771],[114.339041,22.352688],[114.332774,22.359768],[114.334321,22.375312],[114.320404,22.380764],[114.318614,22.38939],[114.310069,22.383775],[114.300059,22.381578],[114.285981,22.390977],[114.278005,22.390977],[114.268728,22.378445],[114.273367,22.363634],[114.279796,22.355007],[114.276459,22.348049],[114.267182,22.35578],[114.266368,22.365953],[114.258393,22.362087],[114.255544,22.355902],[114.265798,22.34634],[114.272553,22.320705],[114.277192,22.3192],[114.29127,22.316555],[114.292084,22.305162],[114.29599,22.305162],[114.303884,22.306708],[114.311615,22.297309],[114.305675,22.290758],[114.297699,22.285631],[114.290538,22.28795],[114.288992,22.287177],[114.289724,22.281684],[114.289561,22.273912],[114.300059,22.277045],[114.303152,22.269192],[114.303152,22.262152],[114.296723,22.258287],[114.288992,22.264594],[114.278331,22.270453],[114.279796,22.279364],[114.273367,22.295762],[114.264822,22.301947],[114.265636,22.309801],[114.266368,22.315985],[114.255544,22.322333],[114.251475,22.305162],[114.253022,22.295762],[114.238943,22.281684],[114.228119,22.291856],[114.211762,22.310574],[114.214854,22.301174],[114.212494,22.301174],[114.195486,22.318264],[114.186534,22.308743],[114.191417,22.301947],[114.191417,22.298896],[114.183686,22.301947],[114.181651,22.29442],[114.176524,22.291083],[114.171886,22.288723],[114.167247,22.294176],[114.168224,22.305487],[114.165701,22.310574],[114.164887,22.315212],[114.159516,22.315212],[114.159516,22.322252],[114.152192,22.328518],[114.138194,22.336005],[114.12436,22.342231],[114.123546,22.337144],[114.113373,22.352688],[114.111013,22.365953],[114.104828,22.369859],[114.097504,22.363023],[114.079112,22.365953],[114.078298,22.36286],[114.070404,22.36286],[114.067231,22.358995],[114.057953,22.361314],[114.050222,22.358995],[114.039887,22.355007],[114.020518,22.350369],[114.014985,22.353461],[114.014985,22.358995],[113.998627,22.358995],[113.991873,22.364081],[113.982677,22.366767],[113.976736,22.379218],[113.972911,22.379991],[113.970632,22.387071],[113.964366,22.380683],[113.97462,22.372056],[113.954926,22.369859],[113.944835,22.362087],[113.930675,22.369086],[113.925955,22.369086],[113.914399,22.376125],[113.918305,22.387844],[113.910574,22.398668],[113.896983,22.408759],[113.909434,22.418606],[113.930675,22.419827],[113.94101,22.426785],[113.954112,22.44949],[113.97755,22.458848],[113.998627,22.488552],[114.004893,22.488552],[114.012706,22.486111],[114.011729,22.480048],[114.01116,22.472886],[114.014985,22.475206],[114.026785,22.478258],[114.029877,22.478258],[114.031423,22.482245],[114.03061,22.487657],[114.03061,22.49551],[114.042247,22.501003],[114.057953,22.504869],[114.061778,22.508775],[114.065766,22.515855],[114.073497,22.518175],[114.078298,22.519721],[114.085297,22.522935],[114.082367,22.529364],[114.079112,22.527574],[114.079682,22.523749],[114.067231,22.521918],[114.058442,22.516995],[114.055268,22.506944],[114.042003,22.506781],[114.038748,22.510565],[114.038097,22.511379],[114.035818,22.513821],[114.035492,22.514146],[114.035411,22.514228],[114.018565,22.522569],[113.999278,22.530626],[113.987478,22.531846],[113.984386,22.533718],[113.970632,22.533718],[113.963796,22.538113],[113.960297,22.528469],[113.951939,22.523841],[113.948901,22.5112],[113.948816,22.500348],[113.947758,22.490406],[113.935802,22.488918],[113.925059,22.487047],[113.915294,22.488674],[113.913422,22.487616],[113.91033,22.485826],[113.909679,22.477647],[113.890345,22.452712],[113.881479,22.473333],[113.874363,22.478184],[113.867873,22.494829],[113.866155,22.511493],[113.881847,22.514146],[113.893891,22.521145],[113.879893,22.536689],[113.843761,22.561957],[113.833832,22.571926],[113.822358,22.587226],[113.812836,22.604397],[113.799157,22.631001],[113.793568,22.661614],[113.772934,22.672448],[113.764659,22.734809],[113.758067,22.753404],[113.744395,22.761176],[113.712169,22.763332],[113.699718,22.761176],[113.695079,22.757473],[113.691173,22.751614],[113.684581,22.746894],[113.672374,22.746894],[113.653575,22.758734],[113.656261,22.776842],[113.662608,22.798082],[113.655284,22.819241],[113.643565,22.834174],[113.632579,22.853095],[113.617198,22.890286],[113.61085,22.87637],[113.610118,22.862047],[113.612885,22.848375],[113.617198,22.836249],[113.605561,22.847235],[113.602306,22.86636],[113.604991,22.887519],[113.610362,22.904527],[113.602875,22.89765],[113.597992,22.889635],[113.596039,22.880561],[113.592296,22.889065],[113.611339,22.933783],[113.617198,22.956041],[113.619151,22.979397],[113.62436,22.999213],[113.638194,23.034898],[113.630707,23.034898],[113.61671,23.00788],[113.612071,22.994696],[113.609141,22.962877],[113.601817,22.930609],[113.59669,22.918199],[113.594981,22.929592],[113.595063,22.94477],[113.597992,22.960517],[113.604096,22.973456],[113.602631,22.987738],[113.605072,23.00141],[113.617198,23.034898],[113.599213,23.009223],[113.586681,22.953559],[113.576182,22.938707],[113.582042,22.957465],[113.583832,22.978461],[113.583018,23.021226],[113.56422,22.996894],[113.553966,22.987616],[113.542003,22.986518],[113.532725,22.995754],[113.528819,23.01081],[113.528331,23.038031],[113.536388,23.063137],[113.556407,23.084133],[113.582123,23.098456],[113.637218,23.109117],[113.691987,23.132554],[113.720225,23.137926],[113.731456,23.133857],[113.744233,23.126044],[113.758067,23.121568],[113.784434,23.131741],[113.800873,23.128404],[113.830089,23.117499],[113.813243,23.129788],[113.797944,23.134345],[113.761078,23.137926],[113.745372,23.143012],[113.719819,23.155341],[113.703136,23.157782],[113.67392,23.150458],[113.626475,23.117987],[113.593272,23.110663],[113.587657,23.106106],[113.550873,23.087877],[113.542003,23.086412],[113.536876,23.075019],[113.524669,23.066596],[113.509125,23.062161],[113.494233,23.062812],[113.44516,23.089342],[113.417491,23.096991],[113.398692,23.083319],[113.419281,23.065497],[113.451427,23.062323],[113.481212,23.0515],[113.502312,23.020424],[113.503844,22.989833],[113.491232,22.953953],[113.480968,22.935696],[113.484223,22.929348],[113.483979,22.924262],[113.473725,22.918199],[113.467865,22.919013],[113.446381,22.928453],[113.429942,22.931342],[113.336518,22.897773],[113.307628,22.89411],[113.212983,22.912014],[113.212983,22.904527],[113.234874,22.899644],[113.258067,22.897773],[113.263927,22.894599],[113.283051,22.880439],[113.292247,22.877265],[113.312592,22.881008],[113.332042,22.887519],[113.350434,22.889716],[113.367931,22.880683],[113.425873,22.815823],[113.440033,22.804145],[113.494233,22.774848],[113.46339,22.762397],[113.451915,22.755113],[113.439545,22.739447],[113.426036,22.749416],[113.377533,22.767401],[113.39503,22.748196],[113.453624,22.725735],[113.466319,22.716498],[113.476329,22.699856],[113.516277,22.671418],[113.553043,22.638472],[113.563844,22.614444],[113.59917,22.57518],[113.594738,22.52339],[113.562511,22.480414],[113.546355,22.437585],[113.551571,22.395837],[113.558116,22.380764],[113.581635,22.371324],[113.610362,22.370185],[113.599457,22.350531],[113.59726,22.341539],[113.59669,22.325751],[113.592296,22.316148],[113.583018,22.309516],[113.573578,22.300727],[113.574702,22.284832],[113.57721,22.266637],[113.583748,22.263459],[113.589987,22.253415],[113.587655,22.237882],[113.561196,22.23373],[113.552857,22.219006],[113.538585,22.221747],[113.52296,22.213039],[113.52947,22.202867],[113.529877,22.202257],[113.528087,22.199937],[113.521495,22.191311],[113.49723,22.171641],[113.483745,22.155142],[113.459214,22.158004],[113.425629,22.186225],[113.419037,22.208808],[113.411876,22.225531],[113.364513,22.267768],[113.362315,22.27497],[113.360199,22.293158],[113.357026,22.301907],[113.351573,22.308336],[113.303233,22.343655],[113.276378,22.372056],[113.255626,22.403876],[113.242686,22.457465],[113.231944,22.479071],[113.177582,22.564114],[113.165294,22.575588],[113.158458,22.506741],[113.160167,22.487616],[113.165619,22.478746],[113.18922,22.462592],[113.227306,22.425279],[113.302989,22.30976],[113.318158,22.289166],[113.328506,22.268476],[113.354015,22.243557],[113.364513,22.230129],[113.401971,22.179574],[113.362559,22.171454],[113.350841,22.171536],[113.32545,22.183661],[113.312999,22.185777],[113.302745,22.183295],[113.297944,22.176825],[113.294688,22.167873],[113.285655,22.153266],[113.282237,22.145413],[113.278168,22.14053],[113.273529,22.138373],[113.263438,22.13703],[113.250987,22.115668],[113.246593,22.103461],[113.25587,22.082668],[113.254975,22.071112],[113.251231,22.060736],[113.247162,22.054267],[113.230561,22.043158],[113.214122,22.045315],[113.194692,22.046395],[113.178314,22.040914],[113.157467,22.0247],[113.13963,22.036852],[113.118857,22.065838],[113.110606,22.099189],[113.115326,22.113471],[113.124522,22.13109],[113.118244,22.143746],[113.127452,22.160956],[113.119151,22.171942],[113.113292,22.187405],[113.110362,22.204169],[113.110606,22.219306],[113.085053,22.207587],[113.07729,22.147267],[113.057893,22.121094],[113.026614,22.143212],[113.020638,22.125978],[113.02211,22.101146],[113.01762,22.081843],[113.016105,22.057712],[113.018304,22.03495],[113.018286,22.021158],[113.022729,22.002534],[113.021213,21.984605],[113.018969,21.97702],[113.021195,21.972191],[113.028618,21.961148],[113.02562,21.949425],[113.016676,21.942533],[113.001475,21.938707],[112.994721,21.938422],[112.98935,21.937323],[112.987071,21.928534],[112.985932,21.920559],[112.980968,21.907172],[112.979584,21.90119],[112.972667,21.892076],[112.957081,21.875653],[112.92878,21.865299],[112.911586,21.856291],[112.879405,21.87519],[112.871104,21.893744],[112.858979,21.932522],[112.851573,21.94831],[112.840831,21.960924],[112.82602,21.966132],[112.814789,21.961575],[112.807709,21.952826],[112.800385,21.94717],[112.788585,21.951809],[112.743744,21.931952],[112.740245,21.925442],[112.737641,21.896877],[112.730479,21.890326],[112.706065,21.891791],[112.70045,21.890326],[112.6963,21.88581],[112.690929,21.875149],[112.685557,21.869859],[112.645112,21.849351],[112.647553,21.822659],[112.633067,21.795803],[112.608002,21.775092],[112.579112,21.766832],[112.550873,21.772854],[112.443207,21.828437],[112.426036,21.84516],[112.41505,21.868476],[112.411143,21.90119],[112.424164,21.917792],[112.481456,21.944648],[112.493663,21.966132],[112.486176,21.966132],[112.468842,21.955959],[112.43629,21.945624],[112.404796,21.942857],[112.390636,21.955512],[112.388438,21.963121],[112.37851,21.976874],[112.376313,21.986558],[112.377208,21.994574],[112.381684,22.006741],[112.392833,22.056301],[112.397472,22.068508],[112.378184,22.058417],[112.364838,22.034491],[112.357514,22.005357],[112.356537,21.979722],[112.370128,21.938788],[112.387706,21.908759],[112.390636,21.90119],[112.387787,21.876166],[112.388438,21.86225],[112.394054,21.856269],[112.39796,21.850572],[112.401134,21.83747],[112.404307,21.81151],[112.40211,21.801418],[112.392833,21.785142],[112.38795,21.75609],[112.38144,21.748521],[112.372569,21.742621],[112.363292,21.733344],[112.332123,21.724066],[112.286225,21.708808],[112.244884,21.706529],[112.226817,21.729641],[112.216645,21.735541],[112.196869,21.742336],[112.182384,21.752997],[112.188975,21.770575],[112.198985,21.786811],[112.203136,21.806708],[112.200938,21.826728],[112.192638,21.843166],[112.182221,21.823147],[112.172699,21.814439],[112.085541,21.796088],[112.047211,21.794989],[112.028168,21.797349],[112.013031,21.804389],[112.007091,21.818671],[112.01295,21.834621],[112.037364,21.862494],[112.04127,21.884182],[112.034434,21.884182],[112.018809,21.859809],[111.993175,21.834174],[111.969249,21.824042],[111.951671,21.864976],[111.934093,21.890448],[111.911876,21.91356],[111.890391,21.925116],[111.888927,21.899115],[111.890636,21.867377],[111.895763,21.837063],[111.904063,21.815253],[111.920665,21.800035],[111.946381,21.785875],[111.975108,21.77619],[112.000255,21.774319],[111.991954,21.763821],[111.914561,21.719062],[111.905772,21.715888],[111.904063,21.708808],[111.904145,21.701728],[111.900645,21.698554],[111.895763,21.695868],[111.884288,21.682847],[111.87672,21.678127],[111.867931,21.676703],[111.838878,21.678127],[111.836925,21.685289],[111.842296,21.699042],[111.85377,21.707424],[111.869884,21.698554],[111.87672,21.698554],[111.875336,21.709703],[111.869477,21.716742],[111.860606,21.721503],[111.849376,21.725816],[111.836192,21.716986],[111.829356,21.728705],[111.828949,21.749213],[111.835053,21.766832],[111.822276,21.752102],[111.806895,21.743313],[111.793956,21.744534],[111.787934,21.759996],[111.769786,21.753607],[111.757904,21.753323],[111.725841,21.766832],[111.721202,21.762641],[111.700938,21.768378],[111.678071,21.781155],[111.695567,21.76142],[111.76059,21.725816],[111.772472,21.705471],[111.779633,21.675442],[111.773692,21.650133],[111.746918,21.643948],[111.760346,21.640204],[111.772472,21.635199],[111.782074,21.62759],[111.787934,21.616034],[111.748139,21.614447],[111.728363,21.61636],[111.712901,21.62344],[111.69044,21.603827],[111.665782,21.558661],[111.651378,21.54092],[111.640473,21.533149],[111.630463,21.529853],[111.619721,21.533026],[111.606456,21.544623],[111.600922,21.554145],[111.596528,21.565497],[111.591075,21.575751],[111.581879,21.581855],[111.580821,21.568345],[111.582042,21.555487],[111.586436,21.543769],[111.595551,21.534084],[111.577729,21.530015],[111.556651,21.522366],[111.537852,21.520453],[111.527192,21.534084],[111.521007,21.534084],[111.516612,21.524563],[111.504487,21.518215],[111.48935,21.514716],[111.476085,21.513617],[111.46811,21.518256],[111.467133,21.529446],[111.472667,21.554592],[111.455333,21.551174],[111.444102,21.563625],[111.432221,21.602973],[111.424327,21.590277],[111.41212,21.576321],[111.411143,21.568264],[111.415538,21.557685],[111.430919,21.544013],[111.437999,21.534084],[111.387787,21.541449],[111.362804,21.541205],[111.349701,21.526679],[111.363048,21.532416],[111.376475,21.532701],[111.404307,21.526679],[111.393565,21.51968],[111.362804,21.506781],[111.356456,21.501288],[111.34433,21.487494],[111.292491,21.450629],[111.267345,21.439358],[111.25294,21.444729],[111.269054,21.452135],[111.280284,21.465318],[111.30128,21.499335],[111.279796,21.506293],[111.255626,21.517279],[111.232188,21.524563],[111.212657,21.520453],[111.206309,21.53205],[111.192393,21.531195],[111.15797,21.520453],[111.15797,21.513617],[111.171641,21.513617],[111.167572,21.508612],[111.164968,21.506008],[111.171641,21.499335],[111.184174,21.505764],[111.198822,21.507799],[111.213634,21.505683],[111.226329,21.499335],[111.184581,21.485663],[111.161632,21.476386],[111.143647,21.465806],[111.134044,21.471625],[111.119884,21.473375],[111.08839,21.472642],[111.08839,21.480129],[111.129975,21.493109],[111.129975,21.499335],[111.12672,21.50259],[111.12379,21.506781],[111.11671,21.500963],[111.107677,21.495795],[111.097911,21.492662],[111.08839,21.493109],[111.079356,21.49787],[111.078461,21.502875],[111.079356,21.508124],[111.07545,21.513617],[111.034434,21.53148],[111.027599,21.54092],[111.023285,21.527818],[111.011729,21.521186],[110.985932,21.513617],[110.995697,21.507636],[111.002208,21.489936],[111.013927,21.485663],[111.001313,21.462877],[110.992442,21.454983],[110.979747,21.452135],[110.979747,21.444729],[110.995372,21.445299],[111.008149,21.449897],[111.016938,21.458075],[111.020112,21.469224],[111.026866,21.479315],[111.042247,21.484565],[111.058604,21.4831],[111.068614,21.472642],[111.043712,21.469387],[111.024913,21.456529],[110.992931,21.424872],[110.965912,21.432847],[110.941173,21.422065],[110.917247,21.405911],[110.893321,21.397528],[110.889659,21.395494],[110.877289,21.386135],[110.869884,21.383246],[110.869395,21.384711],[110.852306,21.389146],[110.829845,21.392239],[110.806163,21.401597],[110.790538,21.403754],[110.768158,21.397528],[110.743988,21.382554],[110.704845,21.348538],[110.690033,21.331],[110.67628,21.309638],[110.664887,21.285631],[110.657074,21.260403],[110.65089,21.260403],[110.654796,21.314602],[110.662852,21.337226],[110.677582,21.348538],[110.664561,21.348375],[110.655528,21.34276],[110.648936,21.333319],[110.643321,21.321845],[110.641856,21.337307],[110.635753,21.346422],[110.631847,21.355373],[110.636485,21.370266],[110.644786,21.374579],[110.671641,21.381293],[110.692393,21.399156],[110.72462,21.403144],[110.755382,21.413398],[110.766368,21.444729],[110.76002,21.444729],[110.727306,21.418891],[110.63559,21.381049],[110.61671,21.345404],[110.615733,21.301215],[110.619721,21.290758],[110.643321,21.252916],[110.636485,21.23017],[110.616954,21.229682],[110.575206,21.246731],[110.577159,21.240383],[110.58017,21.234605],[110.584076,21.229682],[110.588715,21.225572],[110.481456,21.21719],[110.463227,21.212144],[110.447602,21.203599],[110.431163,21.191474],[110.424327,21.191474],[110.427013,21.206],[110.435557,21.226304],[110.437348,21.239244],[110.433442,21.251288],[110.427013,21.261542],[110.425792,21.269232],[110.437348,21.273383],[110.435802,21.279202],[110.433116,21.282864],[110.429291,21.285346],[110.424327,21.287665],[110.427338,21.28856],[110.429942,21.288479],[110.431488,21.289496],[110.431163,21.293891],[110.437348,21.293891],[110.4463,21.289984],[110.456635,21.287746],[110.466319,21.283433],[110.472667,21.273383],[110.478852,21.273383],[110.480317,21.281684],[110.482188,21.286566],[110.486339,21.293891],[110.486339,21.301337],[110.478852,21.301337],[110.473155,21.295478],[110.466075,21.296088],[110.457042,21.299302],[110.444835,21.301337],[110.444835,21.307563],[110.486339,21.328681],[110.486339,21.335517],[110.478038,21.336371],[110.472667,21.334906],[110.468761,21.332017],[110.465343,21.328681],[110.465343,21.348538],[110.451182,21.331977],[110.441905,21.314358],[110.43393,21.308783],[110.424327,21.328681],[110.42392,21.34162],[110.437348,21.397528],[110.431163,21.397528],[110.419526,21.377427],[110.400971,21.38703],[110.368988,21.424872],[110.378673,21.437486],[110.383149,21.441474],[110.389496,21.444729],[110.389496,21.452135],[110.35849,21.435736],[110.372081,21.403022],[110.394379,21.364],[110.389496,21.328681],[110.385834,21.331488],[110.376475,21.335517],[110.38266,21.321845],[110.368175,21.325344],[110.344981,21.338853],[110.328136,21.342271],[110.328136,21.335517],[110.341401,21.330024],[110.3567,21.319159],[110.366303,21.306098],[110.362804,21.293891],[110.362804,21.287665],[110.37379,21.280585],[110.384858,21.271064],[110.393403,21.260403],[110.396983,21.249823],[110.399018,21.245551],[110.408214,21.238023],[110.410655,21.232367],[110.409923,21.223782],[110.407481,21.216986],[110.404552,21.212063],[110.403168,21.208482],[110.402354,21.193671],[110.399425,21.176581],[110.394054,21.162543],[110.386078,21.156724],[110.375336,21.152655],[110.347423,21.133205],[110.333751,21.11636],[110.315278,21.107652],[110.280284,21.095893],[110.269298,21.089179],[110.221772,21.03266],[110.218842,21.027574],[110.210216,21.034573],[110.205577,21.049384],[110.203868,21.066962],[110.2046,21.082221],[110.195567,21.071275],[110.190684,21.059068],[110.184093,21.03384],[110.177826,21.020087],[110.156749,20.986029],[110.143077,20.992255],[110.143077,20.986029],[110.154796,20.977281],[110.155121,20.961982],[110.150971,20.943183],[110.149262,20.923977],[110.154145,20.90644],[110.171641,20.877021],[110.177257,20.862494],[110.167247,20.872992],[110.164154,20.876776],[110.156749,20.876776],[110.160655,20.867906],[110.161876,20.862209],[110.160655,20.856676],[110.156749,20.848863],[110.160737,20.847846],[110.162934,20.847886],[110.16391,20.846747],[110.164154,20.842027],[110.168712,20.842678],[110.169444,20.84394],[110.168793,20.846096],[110.170421,20.848863],[110.177501,20.84748],[110.180186,20.846015],[110.18336,20.846096],[110.191498,20.848863],[110.191498,20.835842],[110.211681,20.840522],[110.28712,20.842027],[110.300792,20.852118],[110.319672,20.859931],[110.335785,20.858832],[110.341807,20.842027],[110.348643,20.848863],[110.355235,20.839667],[110.361095,20.835883],[110.365815,20.838568],[110.368988,20.848863],[110.386241,20.825995],[110.40268,20.790107],[110.409434,20.750963],[110.396983,20.718492],[110.383556,20.713446],[110.368988,20.719672],[110.356456,20.732327],[110.348643,20.746405],[110.34726,20.761786],[110.348155,20.803046],[110.341807,20.821519],[110.333751,20.805732],[110.328624,20.79975],[110.3213,20.794257],[110.333018,20.778754],[110.332123,20.76789],[110.32252,20.759955],[110.307628,20.753241],[110.314464,20.746405],[110.310639,20.745063],[110.308849,20.745103],[110.308116,20.743964],[110.307628,20.738959],[110.337494,20.725816],[110.329438,20.707221],[110.308849,20.683987],[110.300792,20.65705],[110.307709,20.660386],[110.313487,20.664862],[110.317963,20.6706],[110.3213,20.677558],[110.328136,20.677558],[110.3296,20.664455],[110.32838,20.652655],[110.323741,20.643052],[110.314464,20.636542],[110.325938,20.630764],[110.339366,20.631537],[110.352143,20.636542],[110.362804,20.643378],[110.362804,20.622301],[110.371837,20.634345],[110.380626,20.633775],[110.389171,20.625922],[110.396983,20.616116],[110.391938,20.606757],[110.397472,20.595445],[110.408539,20.585924],[110.425141,20.580064],[110.442963,20.570868],[110.451671,20.567694],[110.458018,20.567369],[110.472667,20.56859],[110.478852,20.567694],[110.495209,20.553168],[110.511485,20.527899],[110.53419,20.478258],[110.515391,20.43476],[110.502289,20.412746],[110.482677,20.403225],[110.475352,20.39765],[110.458507,20.36225],[110.40683,20.305162],[110.399994,20.300767],[110.37672,20.305243],[110.362071,20.304877],[110.355479,20.297349],[110.34433,20.279242],[110.319672,20.269721],[110.294037,20.262926],[110.280284,20.252997],[110.265636,20.264146],[110.256358,20.269355],[110.245616,20.273424],[110.237153,20.27497],[110.208018,20.273424],[110.196625,20.27025],[110.192638,20.263251],[110.191173,20.256171],[110.187755,20.252997],[110.127533,20.247992],[110.10963,20.252997],[110.09311,20.270575],[110.085704,20.273424],[110.077647,20.274563],[110.069835,20.277777],[110.063731,20.283026],[110.061127,20.290229],[110.057628,20.296373],[110.04892,20.300238],[110.037852,20.301703],[110.02711,20.300767],[110.021576,20.297024],[110.011811,20.283677],[110.005951,20.280341],[110.000987,20.280829],[109.995209,20.282782],[109.991466,20.28498],[109.992279,20.286526],[109.965831,20.280951],[109.950938,20.272162],[109.944428,20.25609],[109.941417,20.251858],[109.93393,20.244127],[109.924897,20.238267],[109.917247,20.239325],[109.914561,20.248481],[109.917247,20.259955],[109.921723,20.26968],[109.924083,20.273424],[109.928559,20.294582],[109.930919,20.317816],[109.928722,20.326361],[109.919444,20.342231],[109.917247,20.352281],[109.885753,20.36636],[109.874115,20.376288],[109.889903,20.382717],[109.862804,20.406317],[109.865733,20.410061],[109.878917,20.410875],[109.888031,20.414049],[109.893809,20.420478],[109.896088,20.431098],[109.903575,20.431098],[109.914887,20.418647],[109.945811,20.395738],[109.9581,20.382717],[109.974864,20.354641],[109.982432,20.351549],[109.985444,20.372138],[109.992442,20.384955],[110.006114,20.40119],[110.015473,20.418402],[110.009776,20.434231],[109.983979,20.453192],[109.97226,20.464545],[109.964936,20.478258],[109.962983,20.471991],[109.96046,20.466254],[109.958507,20.459906],[109.9581,20.451606],[109.943614,20.460679],[109.93922,20.473863],[109.937511,20.489651],[109.930919,20.506252],[109.929942,20.471381],[109.927013,20.454901],[109.917247,20.44477],[109.914806,20.457017],[109.909516,20.471177],[109.902924,20.484198],[109.896088,20.49258],[109.882823,20.497748],[109.849701,20.500922],[109.835216,20.506252],[109.827485,20.511461],[109.822113,20.516547],[109.819591,20.523505],[109.821056,20.534125],[109.825694,20.542792],[109.831798,20.544582],[109.837494,20.544379],[109.841401,20.547187],[109.843761,20.557074],[109.845225,20.581122],[109.848237,20.595649],[109.841401,20.595649],[109.827729,20.554633],[109.821056,20.554633],[109.818858,20.589097],[109.802013,20.616278],[109.77589,20.631334],[109.74586,20.629788],[109.75172,20.645413],[109.750255,20.660468],[109.751557,20.673733],[109.765717,20.684394],[109.775157,20.686184],[109.779796,20.683539],[109.785248,20.679592],[109.79713,20.677558],[109.805919,20.679511],[109.812755,20.684516],[109.827729,20.697984],[109.830658,20.693671],[109.837006,20.689154],[109.841401,20.684394],[109.844249,20.689683],[109.848888,20.696275],[109.854096,20.70185],[109.858735,20.70425],[109.861908,20.708157],[109.860444,20.715481],[109.854747,20.719916],[109.829438,20.707913],[109.813975,20.708441],[109.801036,20.706285],[109.793712,20.691148],[109.786876,20.691148],[109.760265,20.729967],[109.75644,20.749701],[109.773204,20.766913],[109.763438,20.776557],[109.758149,20.792792],[109.760265,20.807807],[109.773204,20.814114],[109.773204,20.821519],[109.752045,20.842027],[109.752045,20.848863],[109.759532,20.848863],[109.759532,20.855048],[109.753022,20.863715],[109.745372,20.867662],[109.737804,20.865383],[109.731537,20.855048],[109.739024,20.807847],[109.728363,20.815131],[109.713878,20.833686],[109.704356,20.842027],[109.706798,20.831855],[109.717865,20.807847],[109.689464,20.835395],[109.665619,20.880927],[109.661225,20.927558],[109.691254,20.958726],[109.678966,20.973863],[109.680675,20.994452],[109.69752,21.040595],[109.700776,21.03856],[109.708507,21.035875],[109.711681,21.03384],[109.709809,21.057196],[109.699962,21.082994],[109.685557,21.106594],[109.670177,21.123236],[109.676606,21.138495],[109.695893,21.170111],[109.704356,21.178453],[109.720225,21.183417],[109.728363,21.177883],[109.73642,21.169013],[109.752045,21.16413],[109.746674,21.179674],[109.754893,21.192939],[109.7671,21.204535],[109.773204,21.215399],[109.770274,21.271308],[109.765717,21.280829],[109.765717,21.287665],[109.773529,21.299709],[109.773936,21.318671],[109.765717,21.355943],[109.776378,21.353664],[109.783702,21.348293],[109.787364,21.339911],[109.786876,21.328681],[109.799815,21.332913],[109.803477,21.341213],[109.803966,21.350043],[109.807384,21.355943],[109.816254,21.357571],[109.841401,21.355943],[109.924083,21.362779],[109.924083,21.370266],[109.904796,21.390692],[109.917572,21.413804],[109.940522,21.437201],[109.951264,21.458401],[109.933442,21.453803],[109.924571,21.465033],[109.927257,21.479804],[109.944428,21.485663],[109.944428,21.493109],[109.917979,21.489407],[109.886974,21.481513],[109.858979,21.482815],[109.841401,21.506781],[109.827729,21.493109],[109.827729,21.485663],[109.835216,21.485663],[109.835216,21.480129],[109.826915,21.470526],[109.823741,21.465033],[109.821056,21.458401],[109.81422,21.458401],[109.802745,21.473334],[109.799083,21.498603],[109.800548,21.554592],[109.783295,21.546373],[109.770112,21.551581],[109.765147,21.563381],[109.773204,21.5751],[109.773204,21.581855],[109.748057,21.574937],[109.748057,21.574612],[109.747813,21.545233],[109.760265,21.511623],[109.773204,21.493109],[109.773204,21.485663],[109.765717,21.485663],[109.765717,21.493109],[109.759532,21.493109],[109.741466,21.474026],[109.708588,21.483303],[109.649669,21.520453],[109.659923,21.528062],[109.668224,21.559638],[109.677013,21.5751],[109.67335,21.582099],[109.671723,21.596625],[109.670177,21.602973],[109.673676,21.606391],[109.676768,21.610053],[109.677989,21.615302],[109.677013,21.62344],[109.658783,21.614936],[109.637218,21.60163],[109.625255,21.585395],[109.635997,21.568264],[109.628917,21.56684],[109.622325,21.567816],[109.615815,21.570705],[109.608002,21.5751],[109.608002,21.581855],[109.612804,21.589789],[109.613536,21.601223],[109.61085,21.611518],[109.604991,21.616034],[109.603038,21.620592],[109.615489,21.650133],[109.594493,21.634182],[109.585297,21.630845],[109.581391,21.640204],[109.579926,21.650458],[109.575938,21.659369],[109.569428,21.66649],[109.560883,21.671291],[109.56422,21.69123],[109.567719,21.698554],[109.560802,21.707261],[109.567882,21.719957],[109.581554,21.732367],[109.594493,21.74018],[109.594493,21.746405],[109.583344,21.744534],[109.574962,21.745673],[109.569428,21.750637],[109.567719,21.759996],[109.492686,21.698554],[109.498057,21.69538],[109.500987,21.691881],[109.503266,21.688381],[109.506196,21.684963],[109.503022,21.684516],[109.495942,21.685004],[109.492686,21.684963],[109.492686,21.678127],[109.499278,21.680162],[109.513438,21.682685],[109.519867,21.684963],[109.521007,21.665758],[109.506358,21.65766],[109.484711,21.658026],[109.464692,21.664455],[109.464692,21.65762],[109.529877,21.635688],[109.540538,21.626899],[109.543224,21.619574],[109.572765,21.581732],[109.571056,21.576239],[109.564952,21.57274],[109.560883,21.568264],[109.562266,21.536933],[109.560883,21.526679],[109.556977,21.521552],[109.543305,21.508246],[109.540538,21.503079],[109.530772,21.491645],[109.48585,21.474311],[109.472179,21.465806],[109.466889,21.47484],[109.465831,21.482896],[109.467865,21.490871],[109.472179,21.499335],[109.463878,21.492987],[109.4546,21.481838],[109.447276,21.47012],[109.444184,21.462104],[109.438243,21.455064],[109.424408,21.452379],[109.343761,21.453518],[109.335216,21.458157],[109.320811,21.480129],[109.315522,21.459052],[109.29892,21.443264],[109.277599,21.436998],[109.258637,21.444729],[109.253754,21.440334],[109.250255,21.4383],[109.247651,21.436265],[109.244965,21.431627],[109.23878,21.431627],[109.237153,21.458686],[109.23878,21.485663],[109.227061,21.472235],[109.219737,21.449123],[109.21461,21.417426],[109.171967,21.417548],[109.157074,21.423529],[109.149425,21.438544],[109.144298,21.427558],[109.144623,21.417955],[109.148936,21.40998],[109.156261,21.403754],[109.138682,21.401597],[109.096446,21.425198],[109.077403,21.431627],[109.050141,21.437161],[109.039806,21.450263],[109.043712,21.466254],[109.060069,21.480129],[109.08253,21.486029],[109.109874,21.489569],[109.132823,21.495917],[109.142589,21.510199],[109.1421,21.553453],[109.135753,21.602973],[109.128917,21.602973],[109.12436,21.590969],[109.116059,21.590562],[109.107188,21.597968],[109.101085,21.609198],[109.094819,21.609198],[109.087413,21.599555],[109.077647,21.596991],[109.069672,21.60224],[109.066742,21.616034],[109.060069,21.616034],[109.056651,21.611558],[109.046397,21.602973],[109.049815,21.614081],[109.054698,21.622056],[109.066742,21.636542],[109.066742,21.643948],[109.048432,21.636908],[109.013764,21.615383],[108.992442,21.609198],[108.970225,21.60635],[108.958995,21.606594],[108.944591,21.609198],[108.927989,21.615058],[108.920746,21.622016],[108.906505,21.650824],[108.901703,21.665188],[108.897472,21.671291],[108.891612,21.672675],[108.875499,21.670152],[108.869477,21.671291],[108.85727,21.683417],[108.855235,21.684963],[108.855235,21.694281],[108.860362,21.697903],[108.866466,21.700181],[108.869477,21.70539],[108.864268,21.731879],[108.86142,21.733344],[108.865489,21.739732],[108.867442,21.7414],[108.869965,21.742336],[108.875743,21.746405],[108.885997,21.750434],[108.916596,21.753811],[108.922374,21.762885],[108.924083,21.766832],[108.91684,21.76435],[108.904307,21.762763],[108.897472,21.759996],[108.903087,21.774319],[108.893809,21.771552],[108.886322,21.767157],[108.880626,21.761176],[108.875743,21.753811],[108.869477,21.753811],[108.86142,21.759996],[108.86142,21.766832],[108.866954,21.774156],[108.875743,21.800971],[108.869477,21.800971],[108.858246,21.787299],[108.855235,21.781155],[108.849864,21.791693],[108.850678,21.800523],[108.855235,21.808173],[108.86142,21.815253],[108.840831,21.811591],[108.801362,21.818345],[108.779552,21.815253],[108.78891,21.81094],[108.821056,21.800971],[108.817393,21.796576],[108.816254,21.793362],[108.815929,21.789008],[108.81422,21.781155],[108.832612,21.78384],[108.84254,21.768052],[108.843516,21.745022],[108.834727,21.725816],[108.828949,21.720038],[108.822113,21.715033],[108.816661,21.716376],[108.81422,21.729641],[108.814057,21.741116],[108.812104,21.752427],[108.805919,21.75845],[108.793061,21.753811],[108.798595,21.748277],[108.800548,21.744818],[108.799897,21.733344],[108.796641,21.736965],[108.795177,21.737982],[108.792817,21.73843],[108.786876,21.74018],[108.793061,21.733344],[108.789806,21.729153],[108.786388,21.727851],[108.78297,21.727444],[108.779552,21.725816],[108.799897,21.725816],[108.799897,21.719062],[108.793061,21.719062],[108.793061,21.712836],[108.816661,21.699693],[108.834321,21.685736],[108.838634,21.668036],[108.821056,21.643948],[108.842377,21.646389],[108.851817,21.645982],[108.86142,21.643948],[108.849946,21.625963],[108.833995,21.627997],[108.81544,21.637926],[108.796479,21.643948],[108.787364,21.641425],[108.782074,21.635484],[108.778087,21.62873],[108.772716,21.62344],[108.762787,21.620551],[108.745942,21.620266],[108.738536,21.616034],[108.745372,21.602973],[108.73349,21.612738],[108.731293,21.629462],[108.72755,21.644761],[108.711192,21.650133],[108.711192,21.65762],[108.733165,21.662421],[108.740326,21.660142],[108.745372,21.650133],[108.751557,21.650133],[108.751557,21.691718],[108.742442,21.684149],[108.740245,21.679999],[108.738536,21.671291],[108.7317,21.671291],[108.712657,21.688422],[108.715424,21.709133],[108.724701,21.729722],[108.724864,21.746405],[108.717865,21.74315],[108.711192,21.746405],[108.70045,21.72248],[108.694102,21.712144],[108.683197,21.70539],[108.674571,21.715399],[108.654307,21.723538],[108.649181,21.733344],[108.658783,21.733222],[108.667003,21.734849],[108.683197,21.74018],[108.683197,21.746405],[108.665375,21.751858],[108.652599,21.749986],[108.646332,21.75137],[108.649181,21.766832],[108.65561,21.778225],[108.664806,21.787177],[108.673106,21.798],[108.677013,21.815253],[108.669688,21.815253],[108.667003,21.809516],[108.660167,21.801337],[108.656016,21.794827],[108.64975,21.814154],[108.649181,21.822089],[108.642345,21.822089],[108.643077,21.809394],[108.642182,21.796861],[108.639659,21.78498],[108.635509,21.774319],[108.628673,21.774319],[108.623302,21.783515],[108.621837,21.787909],[108.615001,21.787909],[108.625011,21.767808],[108.629161,21.75609],[108.628673,21.746405],[108.594493,21.74018],[108.593761,21.754828],[108.597504,21.766547],[108.607514,21.787909],[108.580577,21.781317],[108.569428,21.794379],[108.571381,21.812812],[108.584239,21.822089],[108.600597,21.830634],[108.622081,21.87108],[108.635509,21.884182],[108.635509,21.890326],[108.622569,21.896226],[108.594493,21.91767],[108.594086,21.9112],[108.592296,21.906806],[108.589692,21.902899],[108.587657,21.897854],[108.583344,21.900539],[108.5796,21.901801],[108.567149,21.904608],[108.570893,21.901272],[108.573985,21.89997],[108.576996,21.899359],[108.580821,21.897854],[108.570323,21.893378],[108.560313,21.895494],[108.553722,21.903754],[108.552989,21.91767],[108.558116,21.923651],[108.566905,21.927802],[108.573822,21.935452],[108.573334,21.951809],[108.567149,21.951809],[108.566987,21.948554],[108.567393,21.941962],[108.567149,21.938788],[108.559825,21.938788],[108.55836,21.942572],[108.552989,21.951809],[108.550548,21.935452],[108.545665,21.923814],[108.53769,21.914496],[108.525645,21.904608],[108.521495,21.906724],[108.505138,21.910834],[108.505138,21.904608],[108.510753,21.901597],[108.513194,21.898505],[108.515391,21.894924],[108.518809,21.890326],[108.50172,21.88581],[108.484874,21.877102],[108.478363,21.8664],[108.491466,21.856269],[108.463145,21.862982],[108.460704,21.887112],[108.477794,21.945014],[108.470225,21.940253],[108.464692,21.934312],[108.460704,21.926947],[108.458018,21.91767],[108.457286,21.888332],[108.448741,21.86579],[108.455658,21.848782],[108.469574,21.832953],[108.48463,21.822089],[108.481537,21.821479],[108.470958,21.822089],[108.472016,21.817532],[108.473888,21.814439],[108.476085,21.811713],[108.477794,21.807807],[108.488292,21.814765],[108.497081,21.809027],[108.50294,21.797593],[108.505138,21.787909],[108.501964,21.776679],[108.496104,21.768256],[108.491303,21.757717],[108.491466,21.74018],[108.482188,21.743598],[108.475922,21.74433],[108.47047,21.743069],[108.463471,21.74018],[108.475434,21.736762],[108.486827,21.731879],[108.496918,21.725898],[108.505138,21.719062],[108.505138,21.712836],[108.491466,21.712836],[108.49171,21.708686],[108.493907,21.705878],[108.495046,21.705634],[108.497651,21.70539],[108.496349,21.704779],[108.493826,21.70539],[108.477794,21.70539],[108.477794,21.698554],[108.48642,21.697252],[108.496349,21.692939],[108.505138,21.691718],[108.505138,21.684963],[108.501475,21.680365],[108.500824,21.680325],[108.502289,21.679145],[108.505138,21.671291],[108.513031,21.700181],[108.520112,21.712633],[108.533051,21.719062],[108.530528,21.710191],[108.525971,21.70539],[108.521495,21.702297],[108.518809,21.698554],[108.517914,21.689276],[108.520763,21.680569],[108.518809,21.671291],[108.524018,21.675605],[108.527924,21.67768],[108.531016,21.679877],[108.533051,21.684963],[108.53712,21.68537],[108.538585,21.684027],[108.539317,21.678127],[108.542247,21.683824],[108.552989,21.698554],[108.559825,21.698554],[108.56544,21.678534],[108.557221,21.671617],[108.545177,21.666083],[108.539317,21.650133],[108.548839,21.656195],[108.552989,21.65762],[108.546886,21.643052],[108.535981,21.638007],[108.523448,21.639309],[108.511974,21.643948],[108.511974,21.636542],[108.517345,21.634955],[108.521007,21.633002],[108.525401,21.631171],[108.533051,21.630316],[108.530528,21.62051],[108.526866,21.614244],[108.521007,21.610785],[108.511974,21.609198],[108.516612,21.599189],[108.518809,21.595526],[108.490489,21.583686],[108.481212,21.581855],[108.480072,21.587836],[108.481781,21.599514],[108.489106,21.607611],[108.505138,21.602973],[108.505138,21.609198],[108.491466,21.62344],[108.478526,21.606147],[108.471772,21.600491],[108.463471,21.595526],[108.469981,21.5869],[108.471202,21.581204],[108.467133,21.577541],[108.458018,21.5751],[108.458018,21.568264],[108.461029,21.567857],[108.470958,21.568264],[108.470958,21.561998],[108.420014,21.556871],[108.40211,21.559801],[108.389659,21.5751],[108.390636,21.595364],[108.406749,21.600246],[108.420909,21.594224],[108.416352,21.581855],[108.431895,21.583238],[108.438731,21.594184],[108.443696,21.62344],[108.437511,21.62344],[108.432465,21.618109],[108.427582,21.616685],[108.422374,21.61872],[108.416352,21.62344],[108.416352,21.630316],[108.421235,21.635159],[108.427338,21.639146],[108.434825,21.642157],[108.443696,21.643948],[108.441417,21.652086],[108.44809,21.658108],[108.459483,21.662095],[108.470958,21.664455],[108.470958,21.671291],[108.423432,21.663275],[108.409679,21.664455],[108.423595,21.679389],[108.427013,21.68773],[108.423839,21.698554],[108.420909,21.693183],[108.413585,21.684801],[108.409679,21.678127],[108.408051,21.683295],[108.406993,21.683295],[108.403331,21.684963],[108.39796,21.672838],[108.385997,21.672919],[108.337657,21.697455],[108.335948,21.706855],[108.341319,21.725816],[108.321544,21.709662],[108.311371,21.681708],[108.312755,21.651842],[108.327647,21.630316],[108.306488,21.630316],[108.311127,21.61994],[108.313975,21.616034],[108.306407,21.612738],[108.300792,21.607245],[108.296641,21.599433],[108.293468,21.589301],[108.309093,21.588935],[108.313975,21.589301],[108.313975,21.581855],[108.30714,21.578111],[108.289561,21.564032],[108.285981,21.558295],[108.283783,21.544745],[108.277843,21.540107],[108.269135,21.538642],[108.258637,21.534084],[108.22641,21.508002],[108.211029,21.500637],[108.210297,21.513617],[108.21933,21.529364],[108.244965,21.564358],[108.251964,21.581855],[108.252778,21.588528],[108.252533,21.595282],[108.24936,21.603095],[108.24171,21.612616],[108.226817,21.625556],[108.227875,21.632066],[108.238292,21.643948],[108.216889,21.635403],[108.210297,21.630316],[108.209809,21.63349],[108.210297,21.643948],[108.206065,21.642564],[108.200938,21.638617],[108.197276,21.636542],[108.204682,21.631008],[108.208832,21.623928],[108.208832,21.616197],[108.204112,21.609198],[108.204112,21.602973],[108.210297,21.602973],[108.176362,21.575751],[108.15797,21.571519],[108.135265,21.581855],[108.128429,21.5751],[108.132335,21.565375],[108.128266,21.56273],[108.120942,21.566311],[108.114757,21.5751],[108.105805,21.559068],[108.092784,21.558661],[108.078461,21.563218],[108.066254,21.561998],[108.076996,21.545478],[108.071056,21.536566],[108.056895,21.536038],[108.031993,21.551907],[108.0171,21.555243],[108.002289,21.554267],[107.991222,21.548407],[108.027354,21.523342],[108.039561,21.520453],[108.018647,21.518948],[108.011241,21.506537],[108.013682,21.492418],[108.022227,21.485663],[108.036225,21.488227],[108.047618,21.49315],[108.061046,21.496161],[108.080577,21.493109],[108.080577,21.485663],[108.043224,21.481635],[108.016612,21.470364],[107.970714,21.431627],[107.963878,21.431627],[107.965343,21.447333],[107.972667,21.460273],[107.991222,21.480129],[107.991222,21.485663],[107.969981,21.475775],[107.948578,21.454983],[107.929698,21.442613],[107.916026,21.458401],[107.91627,21.468248],[107.921235,21.474799],[107.927013,21.479315],[107.929698,21.482856],[107.928559,21.490546],[107.926036,21.495917],[107.923432,21.499945],[107.922211,21.503079],[107.918712,21.517524],[107.909679,21.526516],[107.896739,21.531562],[107.881928,21.534084],[107.8838,21.52676],[107.88266,21.522528],[107.875092,21.513617],[107.868419,21.513617],[107.86546683875439,21.52234572324128],[107.86672780310619,21.54928901604904],[107.87693850178879,21.766690061943294],[107.88717883962835,21.98394893223624],[107.72888502006249,22.13963289140569],[107.57014459353876,22.29495509727982],[107.41095632276058,22.449916014821873],[107.29351678801294,22.62012542561317],[107.17569620129007,22.790097609048686],[107.0574928196465,22.95983335130346],[106.93890489154062,23.12933342970516],[106.75345066113509,23.193647543998882],[106.5678215004831,23.257550889066344],[106.38201878105303,23.321043543440542],[106.19604388261992,23.38412558611099],[106.03294384163816,23.521662870962444],[105.86943498516781,23.65885009201247],[105.70551656654835,23.795687468133146],[105.55864026573308,23.960370550611795],[105.41130288604936,24.124746825418587]]],[[[113.544607,22.768785],[113.535655,22.784329],[113.528575,22.802151],[113.521169,22.787909],[113.506114,22.798041],[113.495291,22.81387],[113.480805,22.849311],[113.473969,22.849311],[113.473155,22.825385],[113.455903,22.830756],[113.434093,22.849066],[113.40211,22.88288],[113.396169,22.898098],[113.405121,22.908108],[113.432953,22.912014],[113.475597,22.900702],[113.487804,22.892808],[113.527029,22.846625],[113.546723,22.834866],[113.573009,22.830064],[113.576427,22.82392],[113.587657,22.794623],[113.593516,22.784817],[113.602875,22.772447],[113.602794,22.762641],[113.594574,22.75609],[113.579845,22.75373],[113.558279,22.75788],[113.544607,22.768785]]],[[[113.745502,21.997795],[113.756859,22.00039],[113.771747,22.000343],[113.775921,21.985859],[113.764477,21.966818],[113.748206,21.972788],[113.739056,21.985973],[113.736279,21.997162],[113.745502,21.997795]]],[[[113.586681,22.129543],[113.587494,22.127224],[113.587494,22.124864],[113.585948,22.124091],[113.583588,22.123318],[113.577485,22.126654],[113.577973,22.120917],[113.574067,22.119371],[113.570974,22.120144],[113.566742,22.123358],[113.566661,22.117377],[113.565196,22.112616],[113.566335,22.107693],[113.563243,22.10692],[113.557384,22.111151],[113.552257,22.107693],[113.551524,22.106147],[113.549164,22.105373],[113.546804,22.105373],[113.543712,22.107693],[113.541108,22.113267],[113.545258,22.114244],[113.542328,22.140733],[113.542247,22.140815],[113.534109,22.14879],[113.532237,22.152533],[113.534434,22.1612],[113.541433,22.16234],[113.542979,22.163804],[113.552908,22.165839],[113.558604,22.163031],[113.569428,22.160753],[113.574067,22.160753],[113.574067,22.156114],[113.571788,22.152899],[113.567882,22.15058],[113.563243,22.15058],[113.560232,22.141547],[113.567638,22.139065],[113.57252,22.137315],[113.577973,22.139635],[113.577973,22.138088],[113.57488,22.135037],[113.579763,22.131903],[113.585948,22.131944],[113.586681,22.129543]]],[[[113.897146,22.158433],[113.899587,22.163031],[113.910574,22.166164],[113.910574,22.158433],[113.903331,22.158433],[113.897146,22.158433]]],[[[113.910574,22.176378],[113.903331,22.178697],[113.903331,22.18651],[113.910574,22.178697],[113.910574,22.176378]]],[[[113.989106,22.18651],[113.984467,22.188056],[113.97755,22.193427],[113.983735,22.198961],[113.987641,22.198961],[113.990733,22.191881],[113.989106,22.18651]]],[[[113.55071,22.195868],[113.551524,22.1942],[113.551524,22.191881],[113.551524,22.191107],[113.551524,22.189561],[113.548432,22.188056],[113.542979,22.18419],[113.539887,22.182644],[113.535981,22.182644],[113.532888,22.178697],[113.528901,22.178697],[113.524832,22.173814],[113.52475,22.173733],[113.519867,22.183702],[113.520193,22.184882],[113.522146,22.190497],[113.524832,22.193061],[113.525401,22.19363],[113.530365,22.201524],[113.535248,22.207546],[113.533702,22.210761],[113.532074,22.210761],[113.532888,22.209174],[113.527354,22.207546],[113.524343,22.212551],[113.528901,22.213853],[113.528901,22.214626],[113.535248,22.214626],[113.536469,22.217068],[113.53891,22.220771],[113.544526,22.217678],[113.544526,22.216132],[113.55071,22.213853],[113.553803,22.211493],[113.555593,22.207546],[113.556814,22.203559],[113.551524,22.204413],[113.548432,22.202053],[113.549164,22.199734],[113.55071,22.198961],[113.55714,22.20246],[113.553803,22.196641],[113.553803,22.195868],[113.552257,22.197414],[113.55071,22.195868]]],[[[114.015798,22.191881],[114.014985,22.198188],[114.022146,22.202826],[114.022146,22.206773],[114.026785,22.205227],[114.034516,22.205227],[114.031423,22.195868],[114.026785,22.198961],[114.015798,22.191881]]],[[[114.104259,22.215969],[114.106375,22.222398],[114.1067,22.235785],[114.113292,22.233344],[114.117442,22.221869],[114.125743,22.213446],[114.132823,22.216132],[114.132823,22.209947],[114.125743,22.205227],[114.138194,22.206041],[114.149669,22.206041],[114.154633,22.203599],[114.143077,22.196112],[114.139089,22.191107],[114.145356,22.178697],[114.13738,22.178778],[114.11085,22.177069],[114.114106,22.185736],[114.114106,22.216132],[114.104259,22.215969]]],[[[114.156342,22.231757],[114.152192,22.230984],[114.14446,22.236477],[114.142182,22.241197],[114.142182,22.241889],[114.156342,22.238837],[114.156342,22.231757]]],[[[114.042979,22.241197],[114.038341,22.241197],[114.031423,22.249742],[114.020518,22.255194],[114.023692,22.255968],[114.042247,22.255968],[114.042979,22.241197]]],[[[114.042979,22.256741],[114.045339,22.262152],[114.050222,22.262152],[114.051768,22.261379],[114.047862,22.256741],[114.042979,22.256741]]],[[[113.906261,22.204006],[113.894054,22.215318],[113.892507,22.222398],[113.883962,22.219997],[113.873709,22.21308],[113.859141,22.201402],[113.846446,22.197089],[113.839203,22.204901],[113.837901,22.217963],[113.837332,22.228624],[113.839203,22.234198],[113.849213,22.234198],[113.849213,22.244127],[113.856781,22.245998],[113.856781,22.252265],[113.850597,22.256781],[113.851085,22.257107],[113.859874,22.263454],[113.866954,22.268988],[113.867605,22.270738],[113.876801,22.272284],[113.883962,22.279364],[113.892507,22.292711],[113.911306,22.292711],[113.921479,22.291856],[113.928396,22.284857],[113.93865,22.288723],[113.961925,22.301174],[113.976736,22.298082],[113.983735,22.309027],[113.992442,22.310574],[113.999522,22.322252],[114.017345,22.335517],[114.020518,22.328518],[114.043793,22.345771],[114.049327,22.342231],[114.054861,22.33633],[114.051768,22.328518],[114.050222,22.319932],[114.046153,22.323147],[114.038341,22.324571],[114.031423,22.324571],[114.029633,22.308987],[114.012706,22.311347],[114.012706,22.298082],[114.022146,22.301907],[114.017589,22.289049],[114.018891,22.264594],[114.004161,22.264594],[113.995372,22.267768],[114.007253,22.252102],[113.992442,22.241197],[114.014985,22.227078],[114.000173,22.216132],[113.981944,22.208238],[113.980642,22.215318],[113.980642,22.23725],[113.969086,22.23725],[113.959565,22.23725],[113.945649,22.23725],[113.928396,22.223985],[113.921479,22.223985],[113.918305,22.219224],[113.928396,22.216905],[113.928396,22.210761],[113.919119,22.205024],[113.906261,22.204006]]],[[[114.069672,22.280137],[114.069672,22.285631],[114.071951,22.285631],[114.074392,22.284084],[114.073497,22.280137],[114.069672,22.280137]]],[[[114.034516,22.279364],[114.034516,22.288723],[114.035248,22.288723],[114.040701,22.291083],[114.038341,22.285631],[114.042979,22.285631],[114.042979,22.281684],[114.034516,22.279364]]],[[[113.923676,22.313666],[113.929942,22.315985],[113.933035,22.322252],[113.936127,22.318427],[113.942556,22.322252],[113.939464,22.312893],[113.936127,22.309801],[113.933767,22.300401],[113.931488,22.292711],[113.929942,22.292711],[113.929942,22.301174],[113.923676,22.311347],[113.923676,22.312893],[113.923676,22.313666]]],[[[114.129812,22.315212],[114.12908,22.315985],[114.134369,22.319932],[114.141368,22.315985],[114.145356,22.316799],[114.146821,22.313666],[114.141368,22.310574],[114.136729,22.313666],[114.129812,22.315212]]],[[[114.089041,22.322252],[114.086843,22.339464],[114.079112,22.349636],[114.079112,22.35578],[114.085297,22.358995],[114.093761,22.35578],[114.10255,22.353461],[114.105642,22.347276],[114.108735,22.340237],[114.104828,22.326117],[114.089041,22.322252]]],[[[114.062673,22.345771],[114.061778,22.339464],[114.056407,22.339464],[114.054861,22.347276],[114.057953,22.351915],[114.065766,22.348822],[114.062673,22.345771]]],[[[113.876069,22.383897],[113.883962,22.379218],[113.879893,22.369859],[113.876069,22.383897]]],[[[113.612272,22.397962],[113.610441,22.413337],[113.611816,22.43047],[113.623379,22.439872],[113.634883,22.438045],[113.649595,22.438566],[113.65787,22.432023],[113.657825,22.423751],[113.653293,22.413728],[113.642422,22.411421],[113.642347,22.40019],[113.631449,22.396102],[113.621187,22.391419],[113.612272,22.397962]]],[[[113.603939,22.684952],[113.635687,22.656475],[113.64511,22.625115],[113.641832,22.601624],[113.628015,22.595785],[113.60261,22.611521],[113.562427,22.655683],[113.525331,22.683182],[113.491368,22.705774],[113.476511,22.719514],[113.476539,22.731268],[113.50208,22.736112],[113.525501,22.744873],[113.546759,22.741884],[113.559505,22.735],[113.563707,22.720303],[113.573204,22.700698],[113.575322,22.698734],[113.603939,22.684952]]],[[[113.529186,22.948594],[113.54514,22.937762],[113.553599,22.911281],[113.553542,22.885811],[113.545014,22.879961],[113.523757,22.896679],[113.50996,22.921216],[113.505754,22.951609],[113.515376,22.96922],[113.52921,22.960354],[113.529186,22.948594]]],[[[114.271658,22.050523],[114.28297,22.052558],[114.292979,22.057807],[114.295421,22.062812],[114.298595,22.067125],[114.30421,22.069281],[114.310069,22.06859],[114.309337,22.062567],[114.306814,22.057196],[114.305349,22.050279],[114.302501,22.044867],[114.222423,22.021674],[114.206716,22.025784],[114.216807,22.032172],[114.271658,22.050523]]],[[[114.26946,22.171658],[114.26946,22.164578],[114.264089,22.16234],[114.256114,22.154568],[114.250662,22.16234],[114.256114,22.171658],[114.266368,22.178697],[114.26946,22.171658]]],[[[114.248383,22.184963],[114.253754,22.18651],[114.256114,22.181871],[114.251475,22.177151],[114.249034,22.177151],[114.242849,22.175564],[114.242849,22.18419],[114.242849,22.184963],[114.248383,22.184963]]],[[[114.206391,22.288235],[114.215587,22.285631],[114.221772,22.279364],[114.228119,22.280911],[114.23585,22.277818],[114.243663,22.264594],[114.251475,22.25906],[114.251475,22.248887],[114.245291,22.241889],[114.249034,22.23253],[114.253754,22.223985],[114.249034,22.222398],[114.256114,22.203599],[114.243663,22.20128],[114.240489,22.205227],[114.232758,22.211493],[114.232677,22.221991],[114.229503,22.233588],[114.222667,22.238837],[114.216807,22.23432],[114.222667,22.23253],[114.222667,22.224758],[114.218679,22.223985],[114.211762,22.216132],[114.218679,22.206],[114.215587,22.198961],[114.219493,22.191881],[114.207693,22.189561],[114.206065,22.205227],[114.209321,22.207546],[114.206554,22.212388],[114.196056,22.207546],[114.191417,22.209947],[114.196056,22.215318],[114.189057,22.219224],[114.193696,22.225531],[114.191417,22.230984],[114.182709,22.23253],[114.183849,22.241034],[114.171153,22.233303],[114.167247,22.227851],[114.164887,22.227851],[114.162608,22.233303],[114.160981,22.240383],[114.152192,22.245022],[114.135997,22.245754],[114.12908,22.248887],[114.125011,22.256741],[114.123546,22.261379],[114.118826,22.269192],[114.112559,22.271511],[114.113373,22.277818],[114.115652,22.279364],[114.120453,22.281684],[114.12908,22.285631],[114.139089,22.288723],[114.149913,22.285631],[114.157074,22.281684],[114.165701,22.279364],[114.178884,22.279364],[114.188162,22.287177],[114.196788,22.291856],[114.206391,22.288235]]],[[[114.282888,22.249742],[114.282888,22.248887],[114.29599,22.254421],[114.29599,22.248114],[114.298513,22.242662],[114.295177,22.23725],[114.288259,22.23253],[114.285167,22.238023],[114.281342,22.238837],[114.282888,22.249742]]],[[[114.34669,22.25906],[114.344412,22.263048],[114.34669,22.269192],[114.349946,22.264594],[114.34669,22.25906]]],[[[114.264822,22.269965],[114.265636,22.279364],[114.272553,22.27619],[114.264822,22.269965]]],[[[114.363943,22.312893],[114.366303,22.318427],[114.370209,22.311347],[114.370209,22.305162],[114.368663,22.305162],[114.363943,22.312893]]],[[[114.34669,22.309801],[114.353038,22.322252],[114.356049,22.322252],[114.352306,22.312893],[114.34669,22.309801]]],[[[114.316335,22.33633],[114.323497,22.339464],[114.328868,22.337144],[114.331228,22.326117],[114.319509,22.323798],[114.316335,22.33633]]],[[[114.328868,22.350369],[114.328868,22.342556],[114.307791,22.342556],[114.305431,22.345771],[114.304698,22.358995],[114.303152,22.36522],[114.310883,22.376125],[114.316335,22.376125],[114.319509,22.358995],[114.328868,22.350369]]],[[[114.29599,22.348822],[114.289724,22.353461],[114.288992,22.36522],[114.288992,22.369086],[114.292817,22.371405],[114.29599,22.362087],[114.29599,22.348822]]],[[[114.359141,22.465806],[114.353038,22.480658],[114.358328,22.486884],[114.363129,22.486111],[114.365408,22.474433],[114.359141,22.465806]]],[[[114.29363,22.512803],[114.298513,22.515855],[114.303152,22.514268],[114.308523,22.526028],[114.317068,22.518175],[114.312429,22.512803],[114.300059,22.506415],[114.29363,22.512803]]],[[[114.308523,22.554063],[114.316335,22.551744],[114.303884,22.547838],[114.298513,22.547838],[114.295177,22.547838],[114.300792,22.535264],[114.288992,22.540798],[114.285981,22.547065],[114.288992,22.556383],[114.297699,22.550198],[114.308523,22.554063]]],[[[114.427908,22.548611],[114.43336,22.543891],[114.422537,22.543891],[114.425629,22.551703],[114.427908,22.548611]]],[[[116.993907,23.44831],[117.000255,23.441555],[117.01002,23.438951],[117.017426,23.441881],[117.026857,23.443855],[117.037579,23.446901],[117.044348,23.464467],[117.049083,23.474084],[117.062999,23.478461],[117.070811,23.475328],[117.071544,23.47309],[117.090328,23.461077],[117.102148,23.467993],[117.108945,23.482294],[117.125852,23.482692],[117.122569,23.465522],[117.134091,23.460469],[117.141794,23.449653],[117.137367,23.419565],[117.128781,23.399369],[117.106944,23.403551],[117.082877,23.411144],[117.048897,23.40471],[117.023936,23.414537],[117.015447,23.416249],[117.004009,23.419759],[116.992445,23.419213],[116.969345,23.418946],[116.948098,23.421805],[116.942989,23.430062],[116.95311,23.442087],[116.967635,23.453148],[116.982188,23.459459],[116.98878,23.455634],[116.993907,23.44831]]],[[[116.946544,23.539455],[116.957774,23.544908],[116.96754,23.554348],[116.974376,23.559394],[116.978526,23.559272],[116.98585,23.560452],[116.995616,23.563544],[117.005138,23.562934],[117.009288,23.554999],[117.003673,23.54621],[116.99586,23.53852],[116.992931,23.533881],[116.987804,23.524115],[116.970958,23.514635],[116.950938,23.517401],[116.937266,23.526272],[116.936046,23.535549],[116.946544,23.539455]]],[[[116.937104,23.566352],[116.945974,23.57449],[116.946056,23.582017],[116.948985,23.591051],[116.953705,23.59573],[116.96697,23.600816],[116.970795,23.59984],[116.971202,23.594184],[116.968923,23.585761],[116.960623,23.574123],[116.960785,23.554714],[116.958263,23.547349],[116.952485,23.543769],[116.942556,23.543565],[116.929454,23.539537],[116.923757,23.543443],[116.919526,23.548489],[116.918875,23.554999],[116.924978,23.560696],[116.937104,23.566352]]],[[[117.393728,23.679185],[117.386729,23.684882],[117.375499,23.689399],[117.363943,23.691474],[117.35613,23.689399],[117.346446,23.68476],[117.340505,23.688951],[117.342459,23.699652],[117.376689,23.728865],[117.375662,23.747301],[117.379242,23.746812],[117.372732,23.76675],[117.385916,23.774156],[117.404307,23.774156],[117.413585,23.771674],[117.41977,23.754299],[117.434825,23.750718],[117.447782,23.742252],[117.468901,23.75309],[117.504161,23.749905],[117.526661,23.740107],[117.516191,23.716278],[117.495942,23.72016],[117.484156,23.710793],[117.476543,23.689432],[117.479835,23.662678],[117.467219,23.657934],[117.444835,23.664944],[117.43267,23.660117],[117.421149,23.646464],[117.417766,23.627466],[117.415375,23.608222],[117.423839,23.601996],[117.431559,23.58263],[117.37446,23.572654],[117.320483,23.574016],[117.337819,23.596463],[117.369125,23.622357],[117.393728,23.679185]]]]},"properties":{"id":"southern-han-phase-936-936","dynastyId":"southern-han","name":"南汉","snapshotId":"phase-936-936","validFromYear":936,"validToYearExclusive":937,"boundaryKind":"controlled","accuracyLevel":"approximate","verificationStatus":"reviewed","sourceRefs":["atlas-943-fixed-master","chronology-song","continuous-method"],"disputedNote":"以943年地理格局为骨架，概括主要政权更替，非逐年精确疆域；刘氏军镇917建国前单列；交趾不纳入本套核心覆盖。","labelLongitude":110.29910442403872,"labelLatitude":22.74917}},{"type":"Feature","geometry":{"type":"Polygon","coordinates":[[[114.35032382705057,29.848369019114894],[114.42276877580998,29.695070672026613],[114.49497533868362,29.541685537926917],[114.34777295941126,29.453199522729903],[114.20088352060057,29.364473635918795],[114.0543068771141,29.275508188993417],[113.90804287809763,29.18630349039701],[113.72071311440399,29.32848004276076],[113.53285240044046,29.47024935139221],[113.34445982237935,29.61161137564505],[113.15553447650368,29.752566063178538],[112.95251621630793,29.765525564890385],[112.74950266395676,29.77804564058726],[112.54649613249421,29.79012651200825],[112.34349893492755,29.801768406172645],[112.07422137198436,29.8307984716086],[111.8048852592541,29.85905624255216],[111.53549592244345,29.886542092846245],[111.26605869431876,29.913256412026048],[111.05953502687254,30.040584571614122],[110.85249496145352,30.16744358998688],[110.83114198690983,30.348292168599254],[110.80969530264332,30.529100686828226],[110.78815428259436,30.70987056357715],[110.80576957017892,30.922754979202775],[110.82345715812771,31.135592543786263],[110.84121762517249,31.348385634913868],[111.04422979016138,31.302749654283065],[111.24709636851868,31.25668509591698],[111.44981533101445,31.21019201030144],[111.65238465739569,31.163270451468154],[111.86238623699482,31.195644626759922],[112.07260586240355,31.22755807885501],[112.28304123480774,31.259010168022865],[112.49369004177161,31.290000259115814],[112.66581429511089,31.170838357365216],[112.83752052269053,31.05135549046441],[113.00880920243,30.931551788299686],[113.0661315329802,30.781594314413738],[113.12326337521912,30.63157998638067],[113.1802057376883,30.481508074605788],[113.38536955381674,30.34962894250389],[113.58999391096111,30.217285511426883],[113.81949612749152,30.145949034703357],[114.04871209890783,30.074047558057813],[114.15015035156664,30.041937557848115],[114.148672,30.039384],[114.143963,30.03438],[114.139841,30.031436],[114.138075,30.032025],[114.137192,30.008182],[114.140136,29.980511],[114.147201,29.953136],[114.158681,29.928998],[114.15191,29.935179],[114.162802,29.92105],[114.179581,29.90957],[114.199597,29.900739],[114.220792,29.893968],[114.242869,29.890436],[114.25641,29.893968],[114.265829,29.904565],[114.275838,29.921933],[114.2517,29.931353],[114.218142,29.940478],[114.201364,29.951958],[114.227562,29.969914],[114.238159,29.965499],[114.244929,29.968442],[114.246401,29.975507],[114.241691,29.983455],[114.275543,29.983749],[114.28433746261342,29.987462099524183],[114.35032382705057,29.848369019114894]],[[113.345647,29.925171],[113.35124,29.907803],[113.340937,29.894557],[113.337699,29.880722],[113.342409,29.870125],[113.357127,29.866887],[113.35124,29.846281],[113.343587,29.846281],[113.335344,29.861294],[113.305614,29.87454],[113.2959,29.887492],[113.30944,29.887492],[113.295311,29.906626],[113.271173,29.91634],[113.245563,29.916634],[113.227018,29.907803],[113.218187,29.886021],[113.22172,29.861294],[113.231139,29.839805],[113.241148,29.82597],[113.246152,29.810663],[113.269995,29.799772],[113.275294,29.788292],[113.273822,29.767392],[113.279415,29.760621],[113.320037,29.736484],[113.327396,29.739722],[113.339465,29.753851],[113.347413,29.757089],[113.356244,29.763271],[113.368607,29.79153],[113.392157,29.803304],[113.394512,29.815079],[113.390685,29.839805],[113.38833,29.846281],[113.39039,29.851286],[113.409524,29.854524],[113.415706,29.859528],[113.42277,29.860705],[113.445731,29.872185],[113.461921,29.899856],[113.466336,29.931353],[113.453384,29.956079],[113.436311,29.949014],[113.419532,29.952252],[113.402165,29.959317],[113.381559,29.963144],[113.368019,29.957257],[113.353301,29.943127],[113.345647,29.925171]],[[114.090388,30.024372],[114.098042,30.035852],[114.088328,30.034674],[114.06625,30.024372],[114.058597,30.019662],[114.039463,29.996701],[114.028277,29.989637],[114.024745,29.993758],[114.015325,30.001411],[114.006495,30.005827],[114.002079,30.000528],[114.000313,29.997585],[113.995897,29.991697],[113.99001,29.986104],[113.985006,29.983455],[113.954981,29.987282],[113.938202,29.991697],[113.926427,29.99729],[113.929077,29.986987],[113.932904,29.976979],[113.940557,29.970503],[113.953803,29.969914],[113.949094,29.95343],[113.947033,29.94872],[113.960279,29.952841],[113.976764,29.972269],[113.992071,29.976685],[114.000019,29.969914],[114.015031,29.928998],[114.002962,29.916929],[113.988538,29.910747],[113.953803,29.901622],[113.957336,29.898089],[113.958808,29.894557],[113.959102,29.891025],[113.960574,29.887492],[113.960574,29.884843],[113.961751,29.877484],[113.964106,29.871597],[113.967933,29.866887],[113.980002,29.876306],[113.989421,29.878661],[113.998252,29.878367],[114.008261,29.879839],[114.014148,29.883077],[114.026511,29.892202],[114.032104,29.893968],[114.039758,29.89544],[114.040641,29.898678],[114.039463,29.903094],[114.042113,29.907803],[114.060658,29.921639],[114.070077,29.934296],[114.069194,29.951075],[114.056242,29.976685],[114.075081,29.969914],[114.084795,29.95549],[114.097159,29.921933],[114.105107,29.914279],[114.111583,29.911336],[114.115998,29.905743],[114.117764,29.89073],[114.115998,29.87925],[114.113054,29.869242],[114.11276,29.858939],[114.117764,29.846281],[114.125123,29.849814],[114.130716,29.855701],[114.135132,29.863354],[114.138075,29.873657],[114.160741,29.85158],[114.165746,29.861588],[114.157798,29.886904],[114.131305,29.926937],[114.128067,29.942538],[114.127773,29.958728],[114.12424,29.976685],[114.117764,29.99052],[114.099514,30.009948],[114.090388,30.024372]]]},"properties":{"id":"jingnan-phase-936-936","dynastyId":"jingnan","name":"荆南","snapshotId":"phase-936-936","validFromYear":936,"validToYearExclusive":937,"boundaryKind":"controlled","accuracyLevel":"approximate","verificationStatus":"reviewed","sourceRefs":["atlas-943-fixed-master","chronology-song","continuous-method"],"disputedNote":"以943年地理格局为骨架，概括主要政权更替，非逐年精确疆域；高氏军镇建国前已有控制，924封南平王。","labelLongitude":112.16379559895512,"labelLatitude":30.28278884001307}},{"type":"Feature","geometry":{"type":"MultiPolygon","coordinates":[[[[121.050088,27.456056],[121.046109,27.465199],[121.053403,27.47332],[121.074002,27.479484],[121.083143,27.473019],[121.094338,27.466535],[121.103479,27.46007],[121.103365,27.45188],[121.093124,27.452894],[121.074716,27.456722],[121.066487,27.454984],[121.069451,27.446762],[121.076517,27.438498],[121.067264,27.43677],[121.059159,27.444133],[121.050088,27.456056]]],[[[121.175059,27.843695],[121.173025,27.84101],[121.174815,27.825873],[121.171235,27.818793],[121.160004,27.818508],[121.147472,27.824368],[121.138438,27.824856],[121.130056,27.820502],[121.116384,27.817816],[121.097992,27.817816],[121.096039,27.827867],[121.114024,27.844143],[121.133067,27.847154],[121.149181,27.845771],[121.156749,27.848782],[121.152599,27.852769],[121.153656,27.856431],[121.158702,27.85814],[121.167979,27.859687],[121.181651,27.864651],[121.188487,27.863715],[121.189708,27.855292],[121.189301,27.848293],[121.187511,27.845933],[121.185395,27.843817],[121.180349,27.842271],[121.175059,27.843695]]],[[[121.051552,27.868773],[121.056917,27.863641],[121.061899,27.86361],[121.069528,27.866054],[121.079104,27.866726],[121.083699,27.865697],[121.077941,27.861623],[121.071792,27.855547],[121.066038,27.851486],[121.066793,27.847417],[121.062575,27.845738],[121.05914,27.847771],[121.056477,27.854216],[121.053039,27.855915],[121.04694,27.855218],[121.032367,27.848498],[121.026589,27.844467],[121.020006,27.837739],[121.015036,27.839781],[121.013128,27.844531],[121.015449,27.849942],[121.020856,27.857026],[121.020874,27.8638],[121.02203,27.868205],[121.029319,27.868517],[121.032384,27.870208],[121.040818,27.875962],[121.046972,27.875225],[121.051552,27.868773]]],[[[121.080821,27.980658],[121.111339,27.983791],[121.127452,27.977484],[121.139659,27.965766],[121.139171,27.956977],[121.125824,27.951361],[121.103282,27.946194],[121.092947,27.94774],[121.083344,27.954739],[121.071788,27.957261],[121.049327,27.950873],[121.044688,27.951972],[121.040212,27.957953],[121.045177,27.967475],[121.064789,27.981431],[121.07016,27.982896],[121.075694,27.981391],[121.080821,27.980658]]],[[[121.146734,28.057811],[121.155235,28.071368],[121.152351,28.078074],[121.142751,28.082587],[121.137462,28.094184],[121.130626,28.103461],[121.132329,28.114314],[121.127359,28.126556],[121.120372,28.135688],[121.125011,28.140082],[121.134939,28.143052],[121.165283,28.150534],[121.187531,28.168902],[121.20407,28.189707],[121.208976,28.200132],[121.210948,28.20897],[121.230588,28.219733],[121.256403,28.214798],[121.268893,28.193942],[121.270241,28.18229],[121.26184,28.168809],[121.255531,28.140001],[121.264536,28.121595],[121.285352,28.101946],[121.279145,28.085435],[121.267833,28.08454],[121.257091,28.08515],[121.247244,28.087795],[121.238129,28.092922],[121.235688,28.085517],[121.233653,28.082424],[121.233897,28.079088],[121.238129,28.071194],[121.231456,28.065009],[121.219249,28.067857],[121.218512,28.058463],[121.202442,28.054754],[121.1864,28.0437],[121.166899,28.043082],[121.151573,28.041232],[121.146734,28.057811]]],[[[121.613617,28.501736],[121.607514,28.503445],[121.60377,28.506212],[121.601573,28.508938],[121.596772,28.511379],[121.595388,28.51378],[121.598806,28.516099],[121.597341,28.524156],[121.600678,28.534166],[121.607677,28.541815],[121.615164,28.541815],[121.618012,28.538072],[121.622081,28.526719],[121.625336,28.523057],[121.62558,28.518622],[121.620291,28.51321],[121.618826,28.509263],[121.618256,28.504462],[121.613617,28.501736]]],[[[121.912283,29.071357],[121.888682,29.072333],[121.900157,29.093736],[121.888438,29.110297],[121.871593,29.126614],[121.868175,29.147406],[121.881358,29.160305],[121.903331,29.166571],[121.926606,29.166734],[121.943207,29.161119],[121.951915,29.152289],[121.955414,29.1435],[121.95753,29.119534],[121.958832,29.108059],[121.958344,29.101874],[121.935313,29.062893],[121.925141,29.063056],[121.912283,29.071357]]],[[[119.06436397084587,28.165983057919938],[119.04693369784856,28.329126923357833],[119.0294425802972,28.492224100943016],[119.01189026151631,28.655275594328344],[119.15705500842503,28.781084136471435],[119.302636233159,28.90665012977348],[119.44863502601083,29.031973451774036],[119.59505247586812,29.157053973506567],[119.64326479251079,29.32237645274801],[119.69165200950202,29.48764157729163],[119.7402151626156,29.652850340788365],[119.66608584055766,29.855681296328516],[119.59163502889518,30.058394668347493],[119.5168604537355,30.260992270581152],[119.62670874506122,30.40390185670171],[119.73691571227616,30.546670075885295],[119.84748292118354,30.68929725082267],[119.95841194480498,30.831783700326067],[120.19168847972486,30.874704937053302],[120.4252464384844,30.917059011505774],[120.65908279443951,30.958845114438777],[120.89319449946008,31.00006244285594],[121.12757848409642,31.040710200128043],[121.36557652831857,31.05097534022248],[121.60368799524018,31.060649513982934],[121.84190921534454,31.069732245791297],[121.8943834330338,31.071601731028256],[121.95082,30.982081],[121.977383,30.914923],[121.960075,30.874257],[121.907399,30.857086],[121.810809,30.853231],[121.732835,30.846317],[121.631132,30.836556],[121.542937,30.816495],[121.492037,30.797734],[121.456406,30.783278],[121.410598,30.767388],[121.350597,30.713446],[121.333507,30.70307],[121.264659,30.689195],[121.221934,30.674994],[121.202891,30.665107],[121.177745,30.645657],[121.158946,30.636705],[121.148529,30.627834],[121.141612,30.617743],[121.136567,30.60814],[121.13087,30.599758],[121.121349,30.593004],[121.102387,30.589057],[121.0474,30.582757],[121.020226,30.571071],[120.998146,30.557924],[120.977759,30.543318],[120.948891,30.506815],[120.931651,30.473049],[120.928803,30.45307],[120.932384,30.439399],[120.938487,30.430732],[120.939545,30.421942],[120.928803,30.408108],[120.921641,30.405219],[120.901703,30.403551],[120.894786,30.401272],[120.904552,30.388617],[120.909028,30.384426],[120.915131,30.380764],[120.915131,30.374579],[120.900727,30.373603],[120.888194,30.368557],[120.85058,30.330218],[120.831791,30.30525],[120.810732,30.296568],[120.787433,30.293625],[120.769619,30.306028],[120.753989,30.327062],[120.744963,30.359614],[120.727119,30.375846],[120.698148,30.393951],[120.667002,30.4015],[120.619193,30.406096],[120.479145,30.403524],[120.430315,30.38984],[120.416025,30.36771],[120.407232,30.354236],[120.397482,30.32158],[120.388832,30.290845],[120.378967,30.273524],[120.364555,30.268637],[120.342276,30.274246],[120.316254,30.29092],[120.285167,30.298814],[120.257904,30.298082],[120.239778,30.28888],[120.195767,30.232888],[120.147094,30.198891],[120.178966,30.20067],[120.199962,30.217841],[120.230243,30.236035],[120.250011,30.270087],[120.274387,30.277618],[120.295523,30.278726],[120.314569,30.263511],[120.331368,30.249238],[120.350338,30.240734],[120.368121,30.240851],[120.38472,30.249588],[120.39503,30.264716],[120.404633,30.279934],[120.420956,30.30542],[120.450494,30.36886],[120.477133,30.374754],[120.524908,30.377873],[120.621606,30.372563],[120.651671,30.35927],[120.657347,30.336294],[120.684941,30.271781],[120.698686,30.251796],[120.725518,30.242636],[120.734401,30.232213],[120.691352,30.197451],[120.665956,30.166242],[120.643813,30.145873],[120.63011,30.134972],[120.631789,30.122388],[120.653323,30.102545],[120.682465,30.084906],[120.70102,30.080756],[120.723399,30.079739],[120.754975,30.086859],[120.764985,30.086615],[120.771983,30.083197],[120.784028,30.071682],[120.792247,30.066067],[120.783702,30.089301],[120.764659,30.096625],[120.714122,30.093329],[120.687999,30.097805],[120.664561,30.109605],[120.646251,30.126939],[120.662852,30.141181],[120.701046,30.184552],[120.751425,30.225626],[120.813487,30.213253],[120.82862,30.18499],[120.853215,30.174436],[120.892812,30.169796],[120.923504,30.185866],[120.954194,30.191962],[120.960216,30.195787],[120.994395,30.211086],[121.109141,30.282782],[121.128779,30.301627],[121.149697,30.325753],[121.185389,30.337564],[121.254102,30.348393],[121.313218,30.338192],[121.377384,30.325064],[121.429592,30.292976],[121.506847,30.220026],[121.554596,30.160891],[121.587034,30.111512],[121.623322,30.059875],[121.643194,30.036493],[121.658306,30.018389],[121.677756,30.000641],[121.706763,29.985109],[121.732344,29.978603],[121.721934,29.960517],[121.732248,29.96206],[121.75011,29.972505],[121.767482,29.973177],[121.796641,29.963039],[121.81643,29.951481],[121.849814,29.94038],[121.873231,29.932337],[121.899253,29.923139],[121.914876,29.918696],[121.935557,29.887356],[121.949591,29.886934],[121.962413,29.888495],[121.9817,29.890286],[122.056244,29.887356],[122.067638,29.889553],[122.086681,29.899359],[122.105887,29.906953],[122.129143,29.903777],[122.136415,29.884535],[122.114755,29.871554],[122.068614,29.851549],[122.028168,29.836005],[121.983039,29.823176],[121.966047,29.811247],[121.936778,29.791693],[121.92441,29.773473],[121.902171,29.752539],[121.885325,29.761284],[121.873149,29.753828],[121.866107,29.736565],[121.862448,29.708002],[121.834598,29.687086],[121.776465,29.652625],[121.717727,29.588654],[121.704112,29.572008],[121.687348,29.562649],[121.667003,29.556586],[121.648204,29.556708],[121.635898,29.554351],[121.623871,29.554429],[121.609141,29.545722],[121.59254,29.543606],[121.574311,29.552151],[121.530822,29.510015],[121.52255,29.512922],[121.520119,29.528062],[121.516836,29.546091],[121.511043,29.548988],[121.499278,29.549262],[121.484386,29.544664],[121.475434,29.538764],[121.467865,29.531195],[121.458344,29.525214],[121.44337,29.524237],[121.44337,29.518012],[121.448253,29.514106],[121.457019,29.500871],[121.455324,29.489355],[121.44116,29.481526],[121.427836,29.467947],[121.442711,29.439767],[121.442593,29.415369],[121.465074,29.420886],[121.473461,29.448933],[121.479747,29.474758],[121.504893,29.483832],[121.500092,29.475898],[121.491791,29.455959],[121.513682,29.451972],[121.511729,29.437567],[121.497162,29.422187],[121.480968,29.414984],[121.477631,29.412746],[121.476654,29.407782],[121.478852,29.402899],[121.484864,29.39054],[121.497314,29.393353],[121.50893,29.398349],[121.51971,29.406975],[121.531325,29.417037],[121.537973,29.424224],[121.548796,29.438601],[121.553809,29.450117],[121.559656,29.463073],[121.569641,29.474574],[121.581256,29.478139],[121.601994,29.483113],[121.642672,29.495218],[121.675548,29.510484],[121.6743,29.520332],[121.681756,29.52391],[121.699799,29.534329],[121.710948,29.538642],[121.72462,29.538479],[121.725352,29.535468],[121.725352,29.529039],[121.726573,29.522284],[121.731293,29.518012],[121.737641,29.518988],[121.74586,29.523098],[121.763999,29.530761],[121.766461,29.520649],[121.757223,29.499049],[121.761289,29.486047],[121.764567,29.47665],[121.778381,29.469423],[121.790326,29.475795],[121.811988,29.490118],[121.821327,29.514599],[121.830577,29.528062],[121.847423,29.524237],[121.844819,29.5362],[121.836518,29.542385],[121.825531,29.546373],[121.813975,29.552151],[121.799815,29.5456],[121.782725,29.543443],[121.765717,29.545722],[121.758274,29.548099],[121.744965,29.544664],[121.748422,29.562567],[121.774322,29.575436],[121.79612,29.600591],[121.81837,29.606635],[121.834528,29.61557],[121.854015,29.615912],[121.867931,29.627265],[121.880138,29.623521],[121.899644,29.627527],[121.915782,29.640855],[121.927257,29.634467],[121.942638,29.611274],[121.953624,29.606147],[121.966319,29.602484],[121.971202,29.593329],[121.970958,29.568915],[121.963715,29.560207],[121.949718,29.556342],[121.941173,29.551174],[121.949799,29.538479],[121.92213,29.531155],[121.910411,29.524563],[121.912364,29.514309],[121.922211,29.509223],[121.935557,29.504381],[121.944102,29.497707],[121.939952,29.487006],[121.942719,29.479722],[121.970958,29.449123],[121.96933,29.439154],[121.963227,29.431952],[121.957774,29.423082],[121.957286,29.408149],[121.94752,29.421088],[121.93629,29.42772],[121.930056,29.425315],[121.922556,29.418146],[121.929102,29.408735],[121.921577,29.398634],[121.915729,29.390704],[121.921443,29.381303],[121.916348,29.363294],[121.916246,29.348937],[121.927013,29.338609],[121.929454,29.33926],[121.931488,29.331204],[121.931407,29.323879],[121.925059,29.319078],[121.908946,29.318793],[121.911632,29.315009],[121.915782,29.305121],[121.900483,29.298651],[121.905854,29.284613],[121.922211,29.270494],[121.939952,29.264146],[121.949555,29.267279],[121.962657,29.28144],[121.974376,29.284613],[121.975597,29.280951],[121.98585,29.263332],[121.991466,29.25731],[121.966563,29.255764],[121.953217,29.249661],[121.950694,29.237128],[121.957286,29.216376],[121.942963,29.223212],[121.939708,29.21011],[121.939952,29.204291],[121.942963,29.195868],[121.92213,29.195787],[121.893809,29.187079],[121.840587,29.161119],[121.812551,29.161485],[121.785347,29.168085],[121.788036,29.201943],[121.78977,29.215625],[121.794901,29.243705],[121.795869,29.266037],[121.801821,29.292668],[121.799653,29.305121],[121.808686,29.311754],[121.81837,29.31623],[121.828868,29.318549],[121.840587,29.318793],[121.830658,29.333889],[121.816987,29.33218],[121.804942,29.323717],[121.799653,29.318793],[121.788178,29.328559],[121.787934,29.342597],[121.799653,29.373969],[121.786632,29.374498],[121.77589,29.372626],[121.766856,29.367743],[121.758637,29.359768],[121.770844,29.337795],[121.777881,29.296384],[121.774314,29.253887],[121.758637,29.229397],[121.745697,29.201606],[121.73878,29.195868],[121.724328,29.182035],[121.70446,29.174182],[121.670597,29.175748],[121.652458,29.18302],[121.641938,29.202094],[121.639171,29.217271],[121.641612,29.267564],[121.645763,29.281195],[121.654552,29.299994],[121.640391,29.306627],[121.624848,29.301459],[121.628917,29.284613],[121.622895,29.264106],[121.632335,29.210639],[121.628917,29.188422],[121.614757,29.206],[121.606456,29.227362],[121.588715,29.29149],[121.583995,29.299872],[121.574311,29.305121],[121.56308,29.304185],[121.562022,29.295844],[121.567231,29.285305],[121.574311,29.277777],[121.562755,29.271877],[121.550548,29.27143],[121.52589,29.277777],[121.52589,29.270982],[121.536388,29.258287],[121.530528,29.238227],[121.516938,29.219062],[121.504893,29.20893],[121.504893,29.202094],[121.511729,29.189276],[121.50351,29.178941],[121.490977,29.175971],[121.484386,29.185289],[121.480235,29.197211],[121.471202,29.191352],[121.461518,29.176459],[121.456391,29.161119],[121.431407,29.172187],[121.41977,29.171454],[121.408539,29.161119],[121.44337,29.147406],[121.439301,29.145453],[121.438487,29.144843],[121.43808,29.143866],[121.436046,29.140611],[121.456391,29.140611],[121.456391,29.133775],[121.441498,29.13109],[121.428315,29.127143],[121.415375,29.119696],[121.401703,29.106513],[121.496837,29.104438],[121.528656,29.115058],[121.62143,29.113267],[121.624522,29.104397],[121.624604,29.088284],[121.62143,29.070868],[121.614757,29.058051],[121.599213,29.050238],[121.585053,29.053616],[121.571137,29.060858],[121.556407,29.064887],[121.536876,29.061184],[121.530284,29.051174],[121.532074,29.020494],[121.538097,29.018052],[121.548595,29.02143],[121.552745,29.028713],[121.539561,29.037584],[121.557384,29.049018],[121.617442,29.039984],[121.641938,29.051256],[121.681733,29.02676],[121.689789,29.017076],[121.675873,29.013251],[121.661713,29.002916],[121.653819,28.988593],[121.659434,28.972724],[121.663829,28.969916],[121.668956,28.96898],[121.680186,28.969306],[121.684662,28.967515],[121.684174,28.963446],[121.682872,28.958889],[121.684174,28.955634],[121.692149,28.953355],[121.709483,28.951158],[121.717784,28.948798],[121.69752,28.936835],[121.689464,28.927802],[121.684174,28.9147],[121.62851,28.931952],[121.605317,28.942572],[121.587413,28.963121],[121.585297,28.9383],[121.570811,28.93008],[121.554291,28.935696],[121.546479,28.952216],[121.53712,28.955024],[121.516856,28.956366],[121.497813,28.949652],[121.491791,28.928371],[121.504893,28.935207],[121.50766,28.924994],[121.511811,28.916938],[121.51767,28.912787],[121.52589,28.9147],[121.535167,28.903713],[121.549815,28.897854],[121.566173,28.893378],[121.580577,28.886786],[121.590343,28.891913],[121.601654,28.893622],[121.61085,28.891181],[121.616954,28.880276],[121.62672,28.880845],[121.628917,28.877143],[121.627778,28.870836],[121.622651,28.861274],[121.62143,28.85635],[121.623546,28.842271],[121.628266,28.841254],[121.63502,28.845201],[121.641938,28.845852],[121.656505,28.838039],[121.662364,28.833441],[121.669932,28.825344],[121.653819,28.811957],[121.646739,28.807685],[121.635753,28.804836],[121.635753,28.798041],[121.662608,28.798041],[121.662608,28.790595],[121.651134,28.787909],[121.642589,28.784003],[121.635509,28.77851],[121.628917,28.770697],[121.626231,28.768052],[121.622325,28.76553],[121.618256,28.761949],[121.614757,28.756415],[121.619721,28.748277],[121.622406,28.741889],[121.62143,28.735907],[121.605561,28.724677],[121.502778,28.700385],[121.351166,28.711859],[121.334239,28.717027],[121.32016,28.72484],[121.306163,28.735907],[121.298432,28.743638],[121.294932,28.748114],[121.290294,28.751614],[121.278901,28.756415],[121.268891,28.758287],[121.24643,28.760077],[121.237885,28.763861],[121.234711,28.769965],[121.227387,28.791409],[121.224376,28.798041],[121.214447,28.807318],[121.208018,28.809556],[121.20102,28.809516],[121.190033,28.811672],[121.173595,28.817857],[121.162852,28.825344],[121.157725,28.831488],[121.155772,28.837551],[121.15211,28.842515],[121.142345,28.845852],[121.142345,28.839586],[121.159679,28.813544],[121.171886,28.806952],[121.193451,28.804836],[121.206065,28.799058],[121.218272,28.785793],[121.227387,28.770738],[121.231212,28.760159],[121.240815,28.752753],[121.285899,28.738267],[121.299327,28.722886],[121.298676,28.701239],[121.286469,28.692694],[121.270356,28.687445],[121.258393,28.675116],[121.327647,28.692043],[121.365001,28.696031],[121.381358,28.681952],[121.413829,28.696601],[121.454845,28.689521],[121.490001,28.665717],[121.510128,28.657059],[121.525556,28.624655],[121.53037,28.599479],[121.538433,28.571446],[121.549439,28.55101],[121.57316,28.525134],[121.581619,28.50469],[121.550873,28.502143],[121.534923,28.503404],[121.521007,28.501044],[121.511567,28.489488],[121.521251,28.490709],[121.544926,28.492474],[121.584601,28.489102],[121.607743,28.477203],[121.600361,28.465425],[121.584439,28.454215],[121.583777,28.442946],[121.592874,28.431106],[121.607463,28.420319],[121.615888,28.397214],[121.632263,28.379446],[121.628525,28.363902],[121.631532,28.355843],[121.634044,28.347235],[121.64088,28.349677],[121.647716,28.348456],[121.656342,28.339301],[121.641694,28.321845],[121.621349,28.285102],[121.607921,28.270453],[121.585541,28.256822],[121.578136,28.260321],[121.580577,28.300849],[121.567489,28.304495],[121.541491,28.321787],[121.521961,28.326869],[121.499986,28.332673],[121.473086,28.330603],[121.456391,28.318834],[121.447765,28.315904],[121.441254,28.311713],[121.437266,28.305609],[121.436046,28.297105],[121.429779,28.297105],[121.420665,28.304185],[121.408946,28.304918],[121.398936,28.298489],[121.395518,28.284084],[121.401378,28.276109],[121.411469,28.273912],[121.418793,28.269721],[121.416026,28.256171],[121.408051,28.246283],[121.398936,28.243842],[121.388031,28.242662],[121.374522,28.236274],[121.364838,28.225816],[121.361095,28.214748],[121.358897,28.202216],[121.354015,28.187893],[121.368663,28.192043],[121.374522,28.195258],[121.37672,28.184149],[121.374034,28.172593],[121.368175,28.162014],[121.36085,28.153754],[121.35141,28.146552],[121.345795,28.145168],[121.340099,28.14643],[121.330089,28.147528],[121.326182,28.151801],[121.309337,28.174872],[121.297211,28.176459],[121.287852,28.180894],[121.275184,28.208199],[121.261695,28.225791],[121.225165,28.238863],[121.248871,28.270209],[121.236827,28.306098],[121.203136,28.331855],[121.210297,28.343736],[121.21754,28.352362],[121.230479,28.34809],[121.244151,28.349107],[121.256196,28.35517],[121.264659,28.366034],[121.230968,28.359076],[121.214122,28.360582],[121.184093,28.382148],[121.168956,28.384833],[121.161632,28.377509],[121.168956,28.359768],[121.144298,28.343573],[121.13025,28.305554],[121.088471,28.293199],[121.072113,28.291693],[121.066661,28.311428],[121.059093,28.311428],[121.034923,28.308173],[121.024994,28.304592],[121.039561,28.285346],[121.058116,28.279934],[121.078949,28.278144],[121.121803,28.284362],[121.130095,28.265929],[121.124753,28.23552],[121.119467,28.218936],[121.108943,28.19961],[121.100527,28.184894],[121.085836,28.166504],[121.053385,28.148163],[121.031376,28.126107],[121.009378,28.103133],[121.002017,28.085642],[121.000886,28.050636],[120.993512,28.025779],[120.980936,28.005537],[120.965228,27.987145],[120.921397,27.981676],[120.898448,27.992662],[120.879975,27.998725],[120.855805,27.996731],[120.819591,27.989244],[120.800792,27.993394],[120.781098,28.002387],[120.762706,28.014309],[120.747569,28.027086],[120.731049,28.035834],[120.70753,28.041205],[120.661957,28.044501],[120.620942,28.039944],[120.606049,28.042222],[120.59018,28.054389],[120.584972,28.095526],[120.576996,28.115627],[120.559581,28.112779],[120.574474,28.100002],[120.58017,28.089789],[120.580089,28.046129],[120.582042,28.034329],[120.588959,28.026679],[120.604259,28.023993],[120.658946,28.023993],[120.673595,28.021715],[120.707286,28.009711],[120.738536,27.9831],[120.75058,27.975572],[120.835297,27.955959],[120.84726,27.948961],[120.854259,27.934638],[120.863762,27.918106],[120.862612,27.902874],[120.868364,27.882559],[120.852272,27.858192],[120.827004,27.849049],[120.807486,27.834827],[120.796018,27.80537],[120.76963,27.772849],[120.74096,27.733203],[120.722614,27.71591],[120.704255,27.712839],[120.687266,27.726711],[120.65268,27.753241],[120.635265,27.763332],[120.636729,27.745836],[120.645274,27.73428],[120.672455,27.711493],[120.673595,27.70425],[120.680181,27.686379],[120.669861,27.677213],[120.667577,27.66806],[120.673106,27.659613],[120.675629,27.659654],[120.666484,27.625358],[120.63559,27.60871],[120.618331,27.593725],[120.606874,27.581488],[120.596574,27.570283],[120.605785,27.549959],[120.613849,27.529633],[120.618459,27.516421],[120.633387,27.507312],[120.65211,27.503363],[120.661957,27.503241],[120.67685,27.494615],[120.681977,27.481594],[120.678071,27.466457],[120.665619,27.451728],[120.656016,27.446275],[120.650483,27.446112],[120.646495,27.444485],[120.637706,27.424302],[120.636241,27.416002],[120.639415,27.408271],[120.648936,27.400214],[120.639415,27.384426],[120.635265,27.379706],[120.622569,27.380357],[120.559581,27.402086],[120.545909,27.403266],[120.544932,27.385199],[120.539643,27.36522],[120.527354,27.349799],[120.504893,27.344957],[120.504893,27.338772],[120.517182,27.337226],[120.53419,27.333197],[120.547455,27.327582],[120.549327,27.321031],[120.546153,27.315497],[120.545258,27.308498],[120.545909,27.294013],[120.543956,27.285956],[120.539399,27.281887],[120.534679,27.279608],[120.531586,27.276679],[120.525971,27.27265],[120.521495,27.268297],[120.517833,27.263007],[120.52003,27.261705],[120.522716,27.253811],[120.525971,27.238837],[120.521007,27.22956],[120.512055,27.223619],[120.508149,27.21601],[120.517833,27.201606],[120.499034,27.197211],[120.481456,27.186347],[120.468354,27.182196],[120.46339,27.197903],[120.459727,27.220445],[120.450287,27.223293],[120.437022,27.219468],[120.421723,27.222073],[120.418712,27.209662],[120.4192,27.206366],[120.420421,27.197903],[120.42921,27.173651],[120.406749,27.184231],[120.376231,27.236274],[120.34726,27.249416],[120.333263,27.247301],[120.317882,27.243232],[120.303071,27.242255],[120.292003,27.249416],[120.288097,27.264472],[120.295258,27.276272],[120.307628,27.284817],[120.319347,27.290351],[120.311127,27.293891],[120.310069,27.295315],[120.310313,27.294176],[120.306407,27.290351],[120.298839,27.297797],[120.305756,27.300605],[120.309093,27.303941],[120.31186,27.317694],[120.291515,27.308905],[120.285167,27.304023],[120.280772,27.311754],[120.276134,27.316718],[120.264008,27.324449],[120.265717,27.316352],[120.265961,27.311916],[120.2671,27.30858],[120.271495,27.304023],[120.258556,27.299994],[120.248302,27.303534],[120.237885,27.309149],[120.223725,27.311469],[120.227306,27.303941],[120.230724,27.298326],[120.235606,27.294013],[120.243663,27.290351],[120.243663,27.283515],[120.225678,27.268622],[120.219249,27.270941],[120.212983,27.283026],[120.195811,27.297797],[120.192149,27.287665],[120.193126,27.278062],[120.195567,27.269761],[120.195811,27.263007],[120.191417,27.256049],[120.175304,27.238837],[120.175548,27.228949],[120.177501,27.221503],[120.182384,27.216864],[120.192393,27.215277],[120.201915,27.217841],[120.205414,27.223863],[120.206635,27.230455],[120.209483,27.235093],[120.23935,27.251125],[120.256602,27.256903],[120.264008,27.252834],[120.27003,27.239447],[120.297618,27.226793],[120.306407,27.215277],[120.319102,27.225898],[120.333588,27.235093],[120.333588,27.228909],[120.339854,27.228909],[120.341319,27.233059],[120.342784,27.235826],[120.34726,27.24258],[120.364838,27.225084],[120.365489,27.209621],[120.34726,27.180487],[120.369884,27.187486],[120.386241,27.179511],[120.401866,27.165229],[120.40629230643742,27.162535143259497],[120.27500374059578,27.17016793541928],[120.10001038476572,27.179999793396323],[120.01510286914375,27.290049894414516],[119.93000822961442,27.399992158164505],[119.81491534586247,27.335067741781913],[119.69999477322209,27.269993480773024],[119.57507850351438,27.335088787532662],[119.45001071659843,27.399998538562777],[119.35021173893257,27.600094818866662],[119.25000347199261,27.799999942649112],[119.13991445890512,27.730070105262733],[119.03000241723304,27.660002683730546],[118.89012672122308,27.75511733607227],[118.74999428745632,27.849993776909255],[118.61516397327814,27.975110956937755],[118.47999844024854,28.09999389205593],[118.67464904729738,28.122404346215486],[118.86943820170431,28.144400862802833],[119.06436397084587,28.165983057919938]]],[[[121.853526,29.097561],[121.842052,29.095038],[121.83725,29.099799],[121.826671,29.107978],[121.814464,29.115383],[121.802501,29.118638],[121.792735,29.118557],[121.785818,29.119696],[121.782725,29.124661],[121.783539,29.13288],[121.785981,29.143744],[121.789806,29.149848],[121.796235,29.1494],[121.843923,29.141913],[121.856781,29.134263],[121.862153,29.129584],[121.864594,29.123847],[121.867361,29.11579],[121.861013,29.106838],[121.853526,29.097561]]],[[[122.103689,29.710517],[122.101573,29.719713],[122.092784,29.725775],[122.073904,29.724433],[122.056814,29.719794],[122.053071,29.71601],[122.045095,29.716986],[122.04005,29.716376],[122.036469,29.717475],[122.033376,29.723456],[122.032888,29.730943],[122.03533,29.739976],[122.039317,29.747545],[122.043224,29.7508],[122.048595,29.75609],[122.056651,29.767808],[122.068207,29.779527],[122.084483,29.784898],[122.097992,29.786851],[122.107432,29.789618],[122.114757,29.78852],[122.122081,29.778713],[122.12379,29.770901],[122.120942,29.757799],[122.122081,29.7508],[122.126475,29.745063],[122.14031,29.734605],[122.14324,29.733385],[122.177013,29.696845],[122.18686,29.673407],[122.162934,29.654527],[122.16977,29.675035],[122.165212,29.673163],[122.149425,29.66885],[122.149425,29.68183],[122.138927,29.672593],[122.132579,29.668891],[122.127452,29.669013],[122.125011,29.673245],[122.123057,29.686469],[122.121104,29.691718],[122.115245,29.698391],[122.108735,29.704006],[122.103689,29.710517]]],[[[121.993826,29.769232],[121.974376,29.771145],[121.968272,29.77383],[121.967296,29.776923],[121.969086,29.779731],[121.968516,29.794623],[121.977468,29.805406],[122.016124,29.824164],[122.024343,29.824652],[122.030203,29.816067],[122.028982,29.806098],[122.005626,29.776923],[121.993826,29.769232]]],[[[121.970225,29.946845],[121.972179,29.94477],[121.986827,29.929877],[121.9935,29.91885],[121.992442,29.908271],[121.974132,29.899848],[121.946137,29.903957],[121.933604,29.921332],[121.940929,29.93769],[121.951915,29.948065],[121.959972,29.953192],[121.966482,29.951728],[121.970225,29.946845]]],[[[122.038259,29.934516],[122.031749,29.940741],[122.026703,29.943671],[122.025238,29.953681],[122.029389,29.959866],[122.033214,29.959499],[122.033702,29.96133],[122.035085,29.963813],[122.03891,29.963813],[122.040457,29.966498],[122.052013,29.96247],[122.053884,29.953274],[122.038259,29.934516]]],[[[121.828868,29.997504],[121.827403,30.004218],[121.829112,30.009101],[121.832205,30.013658],[121.835134,30.019436],[121.835948,30.025702],[121.834483,30.03856],[121.834727,30.044989],[121.837413,30.055894],[121.847667,30.083157],[121.853038,30.087144],[121.864757,30.085924],[121.876475,30.08161],[121.881847,30.076361],[121.885265,30.061184],[121.893077,30.05622],[121.90211,30.053534],[121.90919,30.044989],[121.910492,30.024115],[121.903331,30.001776],[121.889659,29.983954],[121.871593,29.976711],[121.860118,29.978095],[121.847423,29.982123],[121.836192,29.988674],[121.828868,29.997504]]],[[[122.269542,30.066067],[122.289561,30.067328],[122.29713,30.062567],[122.300141,30.048733],[122.30421,30.041978],[122.32252,30.031928],[122.327485,30.024482],[122.326671,30.01081],[122.320974,30.005927],[122.313243,30.003485],[122.306977,29.997219],[122.302989,29.986314],[122.301036,29.975898],[122.300141,29.95246],[122.29363,29.933783],[122.277843,29.939927],[122.245616,29.969875],[122.229177,29.978664],[122.184744,29.994452],[122.144216,30.000393],[122.098969,30.014472],[122.077403,30.017646],[122.065278,30.015937],[122.048839,30.007392],[122.034679,30.002021],[122.030528,29.999335],[122.025727,29.99726],[122.019054,29.997219],[122.010509,30.000312],[122.009613,30.00434],[122.011729,30.00845],[122.012218,30.01142],[122.011241,30.015082],[122.01352,30.025824],[122.012218,30.031928],[122.0088,30.033393],[121.995453,30.036566],[121.99171,30.038072],[121.976817,30.053656],[121.973399,30.059963],[121.971853,30.067694],[121.973806,30.072577],[121.977306,30.077338],[121.980317,30.084621],[121.980805,30.090074],[121.978038,30.107082],[121.965505,30.129706],[121.963145,30.142401],[121.97462,30.148017],[122.087413,30.147528],[122.103282,30.143704],[122.117442,30.135932],[122.132335,30.123765],[122.140798,30.121324],[122.164806,30.12051],[122.16977,30.117255],[122.173595,30.10224],[122.182465,30.098578],[122.193696,30.099799],[122.203868,30.099555],[122.22934,30.09162],[122.23878,30.086615],[122.245372,30.080146],[122.249685,30.073432],[122.256114,30.068183],[122.269542,30.066067]]],[[[121.931,30.114651],[121.941254,30.114122],[121.951996,30.11107],[121.956391,30.108507],[121.955496,30.104478],[121.952566,30.100531],[121.949718,30.087999],[121.940603,30.074652],[121.931733,30.069444],[121.927908,30.075426],[121.926606,30.083808],[121.920421,30.087144],[121.914643,30.08865],[121.911306,30.089789],[121.908214,30.093004],[121.908132,30.098456],[121.91391,30.105333],[121.931,30.114651]]],[[[122.035655,30.170762],[122.023611,30.165758],[122.021495,30.169338],[122.023692,30.172187],[122.026459,30.173245],[122.02825,30.17532],[122.026459,30.177965],[122.017833,30.185492],[122.013845,30.18537],[122.010753,30.186265],[122.026459,30.199042],[122.031749,30.197333],[122.035899,30.194403],[122.037283,30.196153],[122.036957,30.200263],[122.040538,30.202501],[122.047862,30.202135],[122.053233,30.198839],[122.05657,30.192288],[122.056895,30.187812],[122.054047,30.186103],[122.051687,30.182685],[122.035655,30.170762]]],[[[121.961111,30.331285],[121.965668,30.33629],[121.973155,30.334581],[121.973888,30.34394],[121.982351,30.344753],[121.983816,30.340481],[121.981456,30.335354],[121.977468,30.331448],[121.973318,30.327297],[121.973237,30.323717],[121.969819,30.318264],[121.970225,30.307359],[121.965994,30.305162],[121.964203,30.300198],[121.957774,30.298733],[121.955496,30.293362],[121.951345,30.307969],[121.956716,30.318874],[121.961111,30.325059],[121.961111,30.331285]]],[[[122.087901,30.596747],[122.084565,30.592637],[122.07724,30.58983],[122.081147,30.583564],[122.071869,30.575548],[122.064789,30.586819],[122.059418,30.587226],[122.052501,30.588894],[122.050304,30.591661],[122.06544,30.592108],[122.069347,30.594916],[122.071544,30.597235],[122.081798,30.595404],[122.087901,30.596747]]],[[[122.209727,29.719794],[122.21697,29.718533],[122.223399,29.713487],[122.22877,29.70661],[122.25172,29.696275],[122.264334,29.693956],[122.272146,29.690741],[122.274913,29.683417],[122.271821,29.682644],[122.249034,29.69245],[122.240326,29.687038],[122.208181,29.705959],[122.2046,29.710517],[122.204031,29.715237],[122.2046,29.719102],[122.209727,29.719794]]],[[[122.30128,29.743069],[122.305105,29.74022],[122.306977,29.737128],[122.303152,29.735541],[122.290131,29.735867],[122.285167,29.732896],[122.278656,29.731513],[122.267914,29.736802],[122.257335,29.736965],[122.242035,29.744534],[122.22934,29.756985],[122.221609,29.76911],[122.216563,29.772406],[122.215912,29.775784],[122.222504,29.780666],[122.228445,29.782945],[122.231212,29.785386],[122.235037,29.786973],[122.240082,29.786404],[122.251313,29.778347],[122.250011,29.770453],[122.246023,29.764106],[122.247244,29.760443],[122.251069,29.758246],[122.277924,29.749172],[122.28476,29.748928],[122.288748,29.75137],[122.292084,29.751451],[122.298106,29.749457],[122.300955,29.746894],[122.30128,29.743069]]],[[[122.247732,29.846096],[122.271169,29.846829],[122.28419,29.842841],[122.312022,29.829047],[122.310395,29.824612],[122.304698,29.81745],[122.312185,29.795152],[122.314708,29.783677],[122.30836,29.776272],[122.295584,29.77912],[122.272472,29.792141],[122.265391,29.798],[122.251313,29.806098],[122.237559,29.823798],[122.232677,29.827826],[122.2317,29.836249],[122.247732,29.846096]]],[[[122.295421,29.857286],[122.284434,29.863064],[122.284028,29.870225],[122.287608,29.877509],[122.292328,29.883043],[122.29949,29.884589],[122.304617,29.883124],[122.317719,29.88227],[122.334402,29.884548],[122.339041,29.882717],[122.343028,29.879584],[122.341645,29.876247],[122.335623,29.872463],[122.33489,29.869249],[122.336274,29.866848],[122.329519,29.862942],[122.304291,29.855577],[122.295421,29.857286]]],[[[122.333507,29.9206],[122.325206,29.927883],[122.320567,29.937242],[122.322032,29.948432],[122.32545,29.953925],[122.330089,29.958238],[122.33546,29.96133],[122.341807,29.963039],[122.346446,29.949408],[122.359141,29.946275],[122.388927,29.948798],[122.400645,29.952948],[122.406749,29.952704],[122.409434,29.945705],[122.409028,29.936672],[122.407481,29.930609],[122.403168,29.926256],[122.395193,29.922065],[122.409679,29.9112],[122.408051,29.899848],[122.395193,29.883612],[122.392263,29.87641],[122.386729,29.870673],[122.382823,29.864732],[122.385916,29.856879],[122.394054,29.847886],[122.395518,29.842678],[122.395193,29.833319],[122.384776,29.835191],[122.377208,29.838935],[122.365408,29.849758],[122.357107,29.861721],[122.359223,29.869778],[122.365489,29.876288],[122.369151,29.883612],[122.367361,29.895901],[122.362071,29.904486],[122.353852,29.91059],[122.333507,29.9206]]],[[[122.146007,29.980292],[122.161469,29.989936],[122.176443,29.977973],[122.184011,29.967515],[122.176524,29.960069],[122.146251,29.973741],[122.134776,29.974677],[122.146007,29.980292]]],[[[122.37908,30.026394],[122.386567,30.025865],[122.402192,30.032538],[122.405121,30.030015],[122.40032,30.021511],[122.400564,30.015774],[122.403494,30.012519],[122.413748,30.00613],[122.411632,30.002672],[122.402924,30.001695],[122.395274,30.002427],[122.390961,29.996202],[122.391124,29.984565],[122.393484,29.976833],[122.391856,29.974514],[122.383393,29.975491],[122.372,29.981676],[122.369314,29.987698],[122.375173,29.990831],[122.375906,29.996527],[122.37436,30.004299],[122.378754,30.017035],[122.377778,30.024115],[122.37908,30.026394]]],[[[122.763276,30.127712],[122.754731,30.141343],[122.756358,30.144192],[122.771332,30.141059],[122.781423,30.132392],[122.772878,30.128323],[122.763276,30.127712]]],[[[122.147146,30.157538],[122.145112,30.162665],[122.144949,30.188666],[122.148936,30.19241],[122.169037,30.202094],[122.173269,30.20185],[122.175304,30.199693],[122.178884,30.197537],[122.185313,30.196153],[122.188569,30.194078],[122.188975,30.190701],[122.190929,30.189521],[122.199229,30.192939],[122.204112,30.191596],[122.206228,30.188218],[122.204926,30.185818],[122.20102,30.18301],[122.20102,30.177314],[122.19394,30.17711],[122.18865,30.174343],[122.18629,30.171536],[122.183035,30.171495],[122.183279,30.167344],[122.182302,30.162462],[122.162364,30.143988],[122.156912,30.145657],[122.147146,30.157538]]],[[[122.669932,30.203518],[122.674815,30.209703],[122.684662,30.203599],[122.687918,30.19831],[122.684825,30.181871],[122.682791,30.190985],[122.675548,30.194078],[122.669932,30.203518]]],[[[122.632986,30.207302],[122.632253,30.210598],[122.641775,30.214342],[122.646169,30.208564],[122.648611,30.19595],[122.648041,30.186225],[122.638031,30.200588],[122.632986,30.207302]]],[[[122.277599,30.235541],[122.278331,30.240627],[122.287446,30.247789],[122.302501,30.252102],[122.312999,30.259955],[122.318614,30.268378],[122.323985,30.272162],[122.331879,30.273668],[122.342052,30.273627],[122.382579,30.277167],[122.399913,30.274604],[122.407725,30.265937],[122.410655,30.254706],[122.408539,30.243964],[122.395844,30.239447],[122.384532,30.250149],[122.383556,30.261542],[122.380626,30.263739],[122.375011,30.262152],[122.357188,30.247748],[122.345714,30.241929],[122.329112,30.239081],[122.315684,30.240302],[122.305349,30.240139],[122.29477,30.236721],[122.283376,30.235256],[122.277599,30.235541]]],[[[122.223806,30.278876],[122.231944,30.277737],[122.219574,30.270453],[122.217052,30.262519],[122.21754,30.254584],[122.214529,30.247301],[122.202322,30.241929],[122.187999,30.243638],[122.174083,30.247992],[122.137706,30.254625],[122.114024,30.265082],[122.073578,30.291409],[122.083995,30.302436],[122.087901,30.30565],[122.095714,30.310696],[122.104177,30.314154],[122.122081,30.319281],[122.147227,30.321479],[122.152843,30.322699],[122.166026,30.331692],[122.194672,30.338568],[122.211436,30.346625],[122.225108,30.332343],[122.218761,30.326077],[122.22047,30.320705],[122.227875,30.316352],[122.23878,30.313137],[122.203868,30.291409],[122.203868,30.285142],[122.223806,30.278876]]],[[[122.347992,30.435981],[122.306,30.423163],[122.285411,30.422065],[122.272797,30.435981],[122.277354,30.436713],[122.28712,30.442206],[122.278005,30.445746],[122.273774,30.451361],[122.272797,30.459296],[122.272797,30.469468],[122.276622,30.479804],[122.28004,30.482611],[122.28712,30.48314],[122.290782,30.471666],[122.29949,30.47134],[122.31129,30.472642],[122.337413,30.458482],[122.348806,30.460639],[122.369151,30.476996],[122.3685,30.463202],[122.374685,30.457343],[122.385427,30.456204],[122.398936,30.456488],[122.410981,30.452135],[122.416515,30.441596],[122.423106,30.414944],[122.404063,30.418647],[122.36378,30.433417],[122.347992,30.435981]]],[[[122.257498,30.526272],[122.264496,30.529771],[122.269216,30.525051],[122.268321,30.521593],[122.26824,30.516832],[122.262543,30.514472],[122.252452,30.516343],[122.257498,30.526272]]],[[[122.549653,30.667629],[122.552338,30.669908],[122.552419,30.674099],[122.553884,30.678371],[122.556895,30.680976],[122.55836,30.679145],[122.563406,30.676378],[122.567638,30.671698],[122.571625,30.667955],[122.575938,30.665147],[122.581065,30.667344],[122.582205,30.663153],[122.574799,30.658271],[122.569591,30.658555],[122.568696,30.657091],[122.564789,30.658108],[122.565115,30.652737],[122.568289,30.646959],[122.56658,30.645819],[122.559255,30.650784],[122.556163,30.65233],[122.551524,30.650906],[122.546479,30.653469],[122.542817,30.654853],[122.544607,30.65823],[122.547048,30.660793],[122.545584,30.663926],[122.549653,30.667629]]],[[[122.779389,30.699693],[122.776947,30.696316],[122.774425,30.698472],[122.773123,30.701646],[122.772634,30.703396],[122.76531,30.709906],[122.756521,30.705797],[122.751638,30.707546],[122.751638,30.716254],[122.75644,30.71662],[122.758149,30.719957],[122.757498,30.723334],[122.765554,30.723253],[122.771007,30.724392],[122.773774,30.730902],[122.779389,30.730902],[122.785492,30.731106],[122.790782,30.728095],[122.792654,30.72366],[122.789073,30.721829],[122.78712,30.723131],[122.779307,30.716742],[122.7824,30.714342],[122.782237,30.707099],[122.783865,30.700914],[122.779389,30.699693]]],[[[122.466563,30.699123],[122.463064,30.696357],[122.460704,30.694037],[122.455251,30.693996],[122.44516,30.696763],[122.431977,30.697984],[122.427257,30.703925],[122.432628,30.71483],[122.434744,30.727118],[122.42921,30.738023],[122.429942,30.743069],[122.440766,30.741034],[122.458018,30.730658],[122.472911,30.717231],[122.484386,30.714667],[122.496349,30.716783],[122.501964,30.71898],[122.509613,30.721177],[122.524587,30.723578],[122.529307,30.720771],[122.526378,30.714179],[122.531098,30.704413],[122.52475,30.701809],[122.493175,30.703111],[122.487315,30.70185],[122.474376,30.702582],[122.466563,30.699123]]],[[[122.66684,30.847683],[122.664887,30.852688],[122.669281,30.851589],[122.669851,30.859239],[122.677419,30.859565],[122.683442,30.853787],[122.689789,30.853827],[122.698497,30.853787],[122.694021,30.848619],[122.690196,30.842271],[122.682953,30.840847],[122.676117,30.84398],[122.66684,30.847683]]]]},"properties":{"id":"wuyue-phase-936-936","dynastyId":"wuyue","name":"吴越","snapshotId":"phase-936-936","validFromYear":936,"validToYearExclusive":937,"boundaryKind":"controlled","accuracyLevel":"approximate","verificationStatus":"reviewed","sourceRefs":["atlas-943-fixed-master","chronology-song","continuous-method"],"disputedNote":"以943年地理格局为骨架，概括主要政权更替，非逐年精确疆域；978纳土。","labelLongitude":120.48078858264414,"labelLatitude":29.117377}}]}
