{"type":"FeatureCollection","features":[{"type":"Feature","geometry":{"type":"MultiPolygon","coordinates":[[[[98.877356,17.360533],[98.874412,17.362887],[98.869114,17.369952],[98.864698,17.379372],[98.864404,17.388497],[98.874412,17.402332],[98.886776,17.398506],[98.897667,17.386437],[98.90532,17.374956],[98.917389,17.329919],[98.967137,17.218943],[98.953007,17.189213],[98.948003,17.205403],[98.932696,17.210407],[98.913857,17.211879],[98.89855,17.217177],[98.908558,17.222476],[98.91268,17.223948],[98.902966,17.234545],[98.894135,17.240138],[98.887364,17.247202],[98.884715,17.261921],[98.888542,17.26928],[98.91268,17.29901],[98.91268,17.306075],[98.909736,17.308136],[98.906204,17.309902],[98.89855,17.312846],[98.897078,17.307253],[98.892957,17.297833],[98.891485,17.29224],[98.884126,17.296361],[98.874412,17.299305],[98.862932,17.300188],[98.850569,17.29901],[98.85675,17.305486],[98.856456,17.310785],[98.853218,17.316967],[98.850569,17.325798],[98.848214,17.326681],[98.843504,17.325503],[98.839089,17.325503],[98.837028,17.329624],[98.8385,17.338455],[98.84056,17.341988],[98.834967,17.357295],[98.834084,17.363182],[98.857339,17.360533],[98.862049,17.357],[98.867053,17.351113],[98.872352,17.35023],[98.877356,17.360533]]],[[[100.548461,17.86625],[100.565828,17.883323],[100.568183,17.872432],[100.56259,17.836519],[100.577014,17.79001],[100.57672,17.781473],[100.483995,17.767932],[100.473398,17.76911],[100.467511,17.793248],[100.463684,17.799724],[100.478402,17.811498],[100.484584,17.817974],[100.489588,17.826217],[100.457502,17.842112],[100.425711,17.836814],[100.393037,17.824745],[100.358596,17.820918],[100.365072,17.825628],[100.396569,17.855359],[100.422768,17.871549],[100.427772,17.877436],[100.429244,17.885384],[100.42836,17.89392],[100.426006,17.902163],[100.422473,17.909522],[100.413348,17.922768],[100.41011,17.93101],[100.414525,17.933365],[100.438074,17.925417],[100.446022,17.924534],[100.463979,17.92895],[100.466333,17.935131],[100.464567,17.943079],[100.461624,17.951027],[100.461329,17.958092],[100.463684,17.963096],[100.4681,17.965156],[100.477814,17.967806],[100.483112,17.971632],[100.484878,17.97487],[100.485761,17.979286],[100.488705,17.985173],[100.499891,17.988117],[100.508133,17.991355],[100.51402,17.997831],[100.516964,18.009017],[100.516964,18.020497],[100.518142,18.025501],[100.522263,18.029033],[100.526972,18.029622],[100.53963,18.028445],[100.545223,18.028739],[100.549933,18.030505],[100.563768,18.040514],[100.57201,18.04905],[100.576426,18.051111],[100.584962,18.050816],[100.613221,18.039631],[100.619108,18.038747],[100.55582,18.001363],[100.537864,17.984584],[100.533743,17.978108],[100.532271,17.965745],[100.529916,17.958975],[100.524912,17.953382],[100.512254,17.944257],[100.506956,17.938075],[100.503423,17.930716],[100.501363,17.923062],[100.500185,17.907461],[100.501363,17.89392],[100.505189,17.882146],[100.512843,17.872432],[100.524323,17.865073],[100.538158,17.862129],[100.548461,17.86625]]],[[[102.703501,18.514734],[102.693492,18.50502],[102.692021,18.50031],[102.693198,18.495012],[102.690549,18.482943],[102.684367,18.468813],[102.658463,18.432607],[102.606655,18.464692],[102.579279,18.505903],[102.551903,18.608636],[102.548077,18.614524],[102.536008,18.623649],[102.531592,18.629536],[102.530415,18.636601],[102.531592,18.65338],[102.530709,18.661328],[102.512753,18.716962],[102.506571,18.725499],[102.488909,18.743161],[102.4842,18.751109],[102.4842,18.765827],[102.490381,18.77142],[102.50039,18.768476],[102.51187,18.758468],[102.516285,18.77142],[102.52335,18.771714],[102.531003,18.763178],[102.537479,18.749931],[102.543661,18.754052],[102.546016,18.753758],[102.547488,18.751109],[102.551315,18.746988],[102.552492,18.744338],[102.562795,18.733152],[102.573981,18.723733],[102.576924,18.725499],[102.576335,18.709898],[102.573392,18.691647],[102.577219,18.679873],[102.596647,18.683111],[102.583989,18.671336],[102.582811,18.659267],[102.590759,18.652791],[102.605772,18.658384],[102.612542,18.671042],[102.616663,18.699301],[102.626672,18.703422],[102.636974,18.696063],[102.644334,18.680461],[102.647572,18.663683],[102.646689,18.651614],[102.637563,18.643371],[102.626377,18.642488],[102.618724,18.640722],[102.619901,18.628948],[102.637858,18.611286],[102.660229,18.620411],[102.695553,18.655735],[102.780919,18.71343],[102.774737,18.697534],[102.757958,18.668098],[102.753543,18.651319],[102.748538,18.646021],[102.726756,18.640722],[102.717925,18.631302],[102.72028,18.611286],[102.740296,18.597451],[102.765023,18.586853],[102.78239,18.576256],[102.781507,18.571252],[102.776503,18.566248],[102.777681,18.560066],[102.795048,18.552119],[102.808589,18.549469],[102.935165,18.543582],[102.960775,18.538578],[102.936932,18.533574],[102.846856,18.533574],[102.779152,18.524448],[102.739708,18.528864],[102.722929,18.526803],[102.703501,18.514734]]],[[[112.859358,28.904316],[112.863184,28.891953],[112.864362,28.880473],[112.858769,28.860162],[112.846994,28.8425],[112.831099,28.830136],[112.804017,28.823072],[112.792537,28.818656],[112.781351,28.817184],[112.771343,28.821894],[112.766338,28.832786],[112.768988,28.841911],[112.775758,28.848976],[112.78194,28.853391],[112.801662,28.859278],[112.824328,28.861045],[112.842579,28.866638],[112.850232,28.883711],[112.842284,28.908732],[112.823151,28.90932],[112.78194,28.886654],[112.711292,28.867226],[112.700695,28.856335],[112.696869,28.848093],[112.688038,28.847798],[112.669198,28.853391],[112.659779,28.848093],[112.658012,28.836318],[112.659484,28.822483],[112.658307,28.811591],[112.650653,28.804527],[112.619156,28.781272],[112.61062,28.776856],[112.605321,28.780683],[112.603261,28.785982],[112.603849,28.801289],[112.600317,28.81012],[112.593252,28.811591],[112.585893,28.811591],[112.582655,28.815124],[112.575591,28.838379],[112.558223,28.820717],[112.536734,28.793047],[112.517306,28.787454],[112.504354,28.791575],[112.473446,28.781272],[112.456079,28.787454],[112.411335,28.825427],[112.380721,28.863694],[112.360116,28.881356],[112.336861,28.886654],[112.34216,28.867521],[112.338333,28.832197],[112.343043,28.811591],[112.331563,28.815713],[112.32597,28.825427],[112.32332,28.835141],[112.319494,28.839556],[112.312429,28.836024],[112.307719,28.828076],[112.302715,28.811591],[112.324204,28.783921],[112.329208,28.770675],[112.322437,28.770675],[112.312723,28.785982],[112.302715,28.798051],[112.296828,28.789514],[112.295062,28.780683],[112.296828,28.772147],[112.302715,28.763904],[112.29094,28.769792],[112.280343,28.773618],[112.272395,28.770969],[112.26798,28.756545],[112.26121,28.756545],[112.26327,28.773324],[112.27269,28.785099],[112.283581,28.795401],[112.288291,28.808353],[112.288291,28.816007],[112.287408,28.824543],[112.283287,28.825721],[112.27475,28.811591],[112.26798,28.811591],[112.266508,28.815418],[112.26121,28.825427],[112.248552,28.807765],[112.240604,28.790692],[112.233245,28.790692],[112.230301,28.804527],[112.233539,28.817773],[112.240604,28.832197],[112.227358,28.840145],[112.214111,28.835141],[112.202042,28.823366],[112.192917,28.811591],[112.188796,28.824249],[112.185264,28.853391],[112.186441,28.858395],[112.193212,28.861339],[112.192917,28.866343],[112.189385,28.871936],[112.185852,28.872819],[112.181143,28.873114],[112.17555,28.877235],[112.167602,28.884888],[112.159065,28.890187],[112.149351,28.89313],[112.123742,28.896663],[112.089301,28.914619],[112.001875,28.931398],[111.96243,28.950826],[111.966257,28.982911],[111.978326,28.987916],[111.996871,28.983794],[112.013649,28.975258],[112.029545,28.954358],[112.049562,28.949943],[112.089301,28.948765],[112.142287,28.934636],[112.151412,28.938168],[112.157593,28.956124],[112.172017,28.963483],[112.187913,28.967604],[112.199099,28.976141],[112.201159,29.007049],[112.1938,29.042667],[112.194389,29.072398],[112.220293,29.085939],[112.252673,29.076814],[112.263859,29.052087],[112.268274,29.024122],[112.281521,29.004106],[112.269746,28.973492],[112.26798,28.963189],[112.26798,28.951709],[112.282993,28.865754],[112.294178,28.860162],[112.31655,28.873702],[112.31655,28.880473],[112.303892,28.889598],[112.307425,28.908732],[112.319199,28.924627],[112.333329,28.924922],[112.351874,28.913441],[112.394262,28.89578],[112.411335,28.880473],[112.413985,28.873114],[112.415162,28.854569],[112.418106,28.845738],[112.425465,28.835729],[112.428997,28.834552],[112.433118,28.837495],[112.466381,28.844855],[112.476684,28.845738],[112.479333,28.849859],[112.473741,28.870759],[112.472857,28.880473],[112.483455,28.896368],[112.503177,28.906965],[112.525843,28.912853],[112.586482,28.914619],[112.597079,28.911087],[112.612975,28.89313],[112.624161,28.886654],[112.634463,28.886654],[112.65448,28.89313],[112.665666,28.894308],[112.675969,28.891658],[112.691276,28.882533],[112.703345,28.880473],[112.725127,28.882828],[112.745733,28.889304],[112.78194,28.907849],[112.816086,28.935224],[112.847289,28.947882],[112.857591,28.95583],[112.871426,28.977318],[112.877314,28.997924],[112.885262,29.016175],[112.90469,29.031481],[112.903807,29.013525],[112.883201,28.987916],[112.878197,28.966133],[112.857297,28.915796],[112.859358,28.904316]]],[[[112.500822,29.168655],[112.505237,29.155114],[112.520544,29.13392],[112.523194,29.118025],[112.519661,29.103306],[112.509653,29.091826],[112.494052,29.085939],[112.505532,29.114198],[112.497878,29.125972],[112.479628,29.130977],[112.459905,29.140691],[112.44872,29.147755],[112.432235,29.153348],[112.417811,29.160119],[112.411335,29.171304],[112.442244,29.223112],[112.462555,29.233415],[112.491402,29.254609],[112.522311,29.271683],[112.548509,29.271094],[112.557929,29.255493],[112.557046,29.235181],[112.548509,29.198975],[112.547037,29.179252],[112.54115,29.172776],[112.511125,29.174837],[112.500822,29.168655]]],[[[111.505283,32.627139],[111.490859,32.607123],[111.482028,32.579452],[111.476435,32.566795],[111.465838,32.557669],[111.456124,32.557081],[111.445821,32.560319],[111.43493,32.562674],[111.423155,32.558258],[111.406965,32.549721],[111.386654,32.542657],[111.366637,32.53883],[111.351919,32.539419],[111.343088,32.5456],[111.337201,32.554726],[111.329842,32.562085],[111.316301,32.564145],[111.303937,32.559141],[111.292752,32.54825],[111.274501,32.524995],[111.254779,32.507922],[111.250363,32.51793],[111.25625,32.541185],[111.268614,32.56444],[111.284509,32.58534],[111.284509,32.590932],[111.271557,32.592699],[111.248008,32.602413],[111.213862,32.64068],[111.193257,32.650394],[111.174123,32.629494],[111.157344,32.560319],[111.139388,32.53412],[111.105536,32.533531],[111.091701,32.542068],[111.082281,32.553843],[111.080221,32.5665],[111.089052,32.576803],[111.09906,32.576214],[111.109952,32.569444],[111.121432,32.565323],[111.133206,32.571799],[111.137327,32.584456],[111.132323,32.596525],[111.124375,32.6083],[111.119371,32.620663],[111.120843,32.633615],[111.134972,32.670411],[111.116722,32.663052],[111.077571,32.686601],[111.053434,32.688661],[111.028118,32.701319],[111.006041,32.723985],[110.999859,32.740764],[111.023114,32.736054],[111.030768,32.728401],[111.034006,32.719864],[111.03901,32.712505],[111.052551,32.709267],[111.066386,32.713977],[111.078749,32.723985],[111.091701,32.731639],[111.108185,32.730167],[111.123787,32.724868],[111.153223,32.718687],[111.165881,32.711916],[111.167647,32.707795],[111.169413,32.693666],[111.172062,32.688367],[111.180893,32.681597],[111.39313,32.591816],[111.411086,32.589755],[111.421683,32.595054],[111.420211,32.60359],[111.416385,32.612715],[111.419623,32.618603],[111.43228,32.616248],[111.457007,32.597408],[111.469959,32.595937],[111.478201,32.604768],[111.481733,32.618897],[111.481439,32.634498],[111.479084,32.646567],[111.471725,32.660402],[111.451414,32.685423],[111.446115,32.699553],[111.445527,32.711033],[111.447882,32.723102],[111.454063,32.730167],[111.465249,32.72634],[111.489093,32.711622],[111.493214,32.717803],[111.484088,32.753421],[111.490859,32.778148],[111.516763,32.836727],[111.517351,32.864397],[111.50646,32.878821],[111.486149,32.894716],[111.445232,32.920032],[111.317773,32.968602],[111.25625,33.00422],[111.225048,33.0575],[111.241827,33.049552],[111.303643,33.003337],[111.324837,32.991268],[111.344854,32.984203],[111.38842,32.974195],[111.421389,32.961831],[111.439345,32.957121],[111.454063,32.960065],[111.459362,32.96919],[111.458773,32.991268],[111.463483,32.996566],[111.471136,32.992445],[111.511759,32.953295],[111.510581,32.947113],[111.504105,32.942992],[111.500278,32.938577],[111.505577,32.920032],[111.529126,32.894422],[111.541195,32.875583],[111.547965,32.851739],[111.549437,32.836432],[111.558268,32.826424],[111.610076,32.810234],[111.630387,32.79581],[111.644517,32.775499],[111.64746,32.750772],[111.639513,32.733699],[111.626855,32.713977],[111.623028,32.702496],[111.640984,32.709856],[111.648049,32.709856],[111.650993,32.701025],[111.652759,32.68925],[111.657469,32.679242],[111.679252,32.66629],[111.689849,32.658047],[111.692204,32.648922],[111.683962,32.642741],[111.669832,32.642152],[111.623617,32.649511],[111.604189,32.648922],[111.520884,32.636853],[111.505283,32.627139]]],[[[97.396116,34.90905],[97.383752,34.886973],[97.378748,34.872843],[97.366679,34.864307],[97.342247,34.855181],[97.318109,34.835165],[97.304274,34.829277],[97.288378,34.835459],[97.248345,34.836048],[97.109699,34.917292],[97.083795,34.926123],[97.069371,34.935248],[97.06319,34.949378],[97.061718,34.972633],[97.056419,34.988234],[97.055831,34.997948],[97.061718,35.006779],[97.074376,35.012077],[97.085856,35.009723],[97.093804,35.000892],[97.095864,34.986173],[97.107344,34.998242],[97.113526,35.016493],[97.122946,35.027973],[97.162979,35.012961],[97.250111,35.013549],[97.263063,35.016493],[97.288378,35.030034],[97.300742,35.034155],[97.317226,35.034155],[97.333122,35.030622],[97.413189,35.000008],[97.436738,34.994416],[97.466174,34.992355],[97.48678,34.983818],[97.486191,34.96704],[97.472062,34.956148],[97.452045,34.965274],[97.445863,34.93672],[97.396116,34.90905]]],[[[97.779672,34.829572],[97.769958,34.835459],[97.760833,34.849],[97.754945,34.817208],[97.734929,34.808377],[97.712263,34.818386],[97.698428,34.842229],[97.681649,34.820446],[97.678705,34.815148],[97.681649,34.808672],[97.69725,34.799841],[97.698428,34.794542],[97.688419,34.786006],[97.672523,34.781885],[97.65545,34.780707],[97.60482,34.784534],[97.581271,34.79572],[97.565964,34.814853],[97.546241,34.870488],[97.545358,34.889328],[97.5536,34.906401],[97.591573,34.946434],[97.61159,34.957914],[97.636905,34.963507],[97.671935,34.965274],[97.6581,34.968806],[97.644559,34.967628],[97.632784,34.970572],[97.623953,34.986173],[97.631018,35.000008],[97.636317,35.007073],[97.64397,35.013549],[97.634551,35.025618],[97.650446,35.042397],[97.676939,35.058293],[97.692246,35.068301],[97.72963,35.085963],[97.746998,35.088612],[97.768486,35.087729],[97.768486,35.081253],[97.764071,35.06889],[97.771135,35.051228],[97.804399,35.020908],[97.808225,35.010017],[97.80587,35.000008],[97.792918,34.987351],[97.788503,34.978814],[97.788503,34.969983],[97.790564,34.961447],[97.794685,34.951438],[97.796451,34.925829],[97.800278,34.914643],[97.808225,34.903751],[97.855324,34.887267],[97.862977,34.879908],[97.867981,34.871666],[97.900656,34.831632],[97.901539,34.821624],[97.883583,34.821329],[97.850025,34.8281],[97.85709,34.808377],[97.845315,34.806611],[97.808225,34.821624],[97.779672,34.829572]]],[[[100.698881,36.74441],[100.734499,36.706143],[100.741858,36.684066],[100.73862,36.669642],[100.731555,36.655807],[100.72037,36.590164],[100.712716,36.566026],[100.703591,36.555429],[100.694466,36.553074],[100.6718,36.543654],[100.659142,36.541005],[100.649428,36.541593],[100.628234,36.54542],[100.559941,36.566614],[100.539924,36.568969],[100.498419,36.578389],[100.459269,36.599583],[100.445434,36.622838],[100.481052,36.63785],[100.481052,36.644032],[100.450143,36.64521],[100.440135,36.644032],[100.435425,36.641677],[100.423651,36.632552],[100.418941,36.630491],[100.410404,36.631669],[100.403045,36.636673],[100.395392,36.63785],[100.392742,36.644327],[100.390387,36.65669],[100.385383,36.665815],[100.366838,36.658162],[100.330337,36.650803],[100.300018,36.657573],[100.288832,36.657867],[100.276763,36.654629],[100.259101,36.646093],[100.220834,36.641677],[100.159017,36.62431],[100.133996,36.623721],[100.089253,36.634907],[100.022138,36.643738],[99.980927,36.657867],[99.943248,36.676412],[99.92647,36.68907],[99.907925,36.719978],[99.882315,36.722039],[99.836689,36.712325],[99.810785,36.713208],[99.797832,36.72351],[99.781642,36.760895],[99.791356,36.774435],[99.790473,36.79298],[99.780171,36.811231],[99.761626,36.822122],[99.723358,36.83272],[99.70187,36.84155],[99.682736,36.865983],[99.63711,36.889237],[99.623863,36.898068],[99.619153,36.908371],[99.617682,36.91838],[99.619153,36.928388],[99.623863,36.938985],[99.662131,36.96695],[99.682442,36.965772],[99.697454,36.961945],[99.733661,36.945755],[99.781642,36.937513],[99.820793,36.951348],[99.842281,36.981373],[99.836689,37.021407],[99.832567,37.037891],[99.830507,37.042012],[99.827269,37.044367],[99.81991,37.046722],[99.816966,37.048783],[99.780759,37.082046],[99.770162,37.105595],[99.760448,37.122079],[99.754561,37.142096],[99.761626,37.164762],[99.776933,37.178009],[99.796949,37.185073],[99.836689,37.192727],[99.893206,37.211566],[99.935006,37.215687],[99.967681,37.225401],[99.984165,37.227756],[99.999766,37.223929],[100.043038,37.199497],[100.079245,37.191255],[100.182861,37.192727],[100.192575,37.190078],[100.215535,37.180364],[100.223777,37.181835],[100.230548,37.187723],[100.239379,37.193316],[100.249387,37.198025],[100.258218,37.199497],[100.274702,37.196259],[100.286183,37.188606],[100.29678,37.17948],[100.296191,37.178597],[100.34741,37.117664],[100.441607,37.046134],[100.469571,37.017286],[100.559941,36.887471],[100.577897,36.870104],[100.593499,36.863628],[100.638831,36.863333],[100.649722,36.860684],[100.672094,36.851559],[100.679747,36.849498],[100.688578,36.853619],[100.695937,36.86039],[100.704474,36.862745],[100.717426,36.853325],[100.751867,36.82536],[100.765996,36.804461],[100.761581,36.781206],[100.743036,36.773258],[100.72037,36.776496],[100.70153,36.776202],[100.693288,36.757362],[100.698881,36.74441]]],[[[95.201042,36.947816],[95.173666,36.959296],[95.148351,36.96695],[95.116854,37.000213],[95.091244,37.007866],[95.028545,37.010221],[95.000286,37.016403],[95.0,37.01651620980926],[95.0,37.03467465597813],[95.006468,37.034359],[95.019714,37.035242],[95.030017,37.039363],[95.052388,37.052315],[95.064163,37.054964],[95.087123,37.052021],[95.130395,37.038186],[95.193683,37.027294],[95.231067,37.007866],[95.295239,36.962828],[95.299949,36.937808],[95.293767,36.907488],[95.279637,36.88335],[95.259326,36.876874],[95.236955,36.893947],[95.201042,36.947816]]],[[[108.8772,40.90613],[108.852179,40.891412],[108.838638,40.876105],[108.816855,40.86021],[108.768874,40.837249],[108.729723,40.80428],[108.714122,40.801042],[108.708235,40.811934],[108.717654,40.838721],[108.727368,40.855205],[108.730018,40.861976],[108.732078,40.872278],[108.731489,40.88317],[108.728251,40.895239],[108.717654,40.920554],[108.729723,40.921437],[108.74032,40.917905],[108.747974,40.91084],[108.751801,40.899654],[108.766813,40.91084],[108.782414,40.926736],[108.800371,40.939099],[108.8145,40.94116],[108.836283,40.934389],[108.861598,40.93174],[108.861598,40.948813],[108.858949,40.967064],[108.852179,40.975306],[108.831279,40.98502],[108.821859,41.00592],[108.829218,41.027114],[108.858655,41.036828],[108.863953,41.034473],[108.869841,41.029175],[108.873962,41.023582],[108.876022,41.020049],[108.880143,41.013868],[108.888974,41.018577],[108.896628,41.026525],[108.897805,41.030352],[108.921354,41.033001],[108.932834,41.030646],[108.944903,41.023582],[108.951085,40.994145],[108.944903,40.971774],[108.926358,40.952934],[108.903398,40.934389],[108.897511,40.92703],[108.883087,40.912018],[108.876317,40.908191],[108.8772,40.90613]]],[[[97.330178,48.786258],[97.326057,48.783609],[97.321641,48.781254],[97.314871,48.780371],[97.308984,48.782726],[97.305451,48.787435],[97.300447,48.791851],[97.291911,48.794206],[97.269245,48.790379],[97.246873,48.782431],[97.223618,48.777427],[97.198892,48.780371],[97.180935,48.792145],[97.167689,48.810396],[97.160036,48.83159],[97.157092,48.852784],[97.162096,48.859555],[97.172988,48.857494],[97.18594,48.852196],[97.200363,48.848074],[97.209783,48.84307],[97.215965,48.841893],[97.219203,48.844836],[97.219791,48.851312],[97.220969,48.858377],[97.226856,48.862498],[97.246873,48.863087],[97.259825,48.861321],[97.270716,48.862498],[97.298092,48.881926],[97.344013,48.89429],[97.38699,48.886636],[97.42408,48.873095],[97.493256,48.835711],[97.513861,48.817166],[97.510329,48.805392],[97.492078,48.804509],[97.469118,48.818049],[97.447335,48.825408],[97.419076,48.820404],[97.330178,48.786258]]],[[[99.146405,49.19042],[99.152292,49.179528],[99.151703,49.163927],[99.142284,49.149209],[99.12992,49.144794],[99.115496,49.149209],[99.10019,49.160689],[99.073108,49.167754],[99.031897,49.171581],[99.001283,49.180412],[99.004227,49.2019],[99.017473,49.207787],[99.054563,49.214558],[99.062217,49.222506],[99.054857,49.231337],[99.007465,49.253414],[98.98421,49.246644],[98.947415,49.244583],[98.913268,49.247527],[98.89855,49.256946],[98.885892,49.274902],[98.827608,49.288149],[98.809063,49.30169],[98.8385,49.305811],[98.92622,49.30169],[99.010997,49.30169],[99.023655,49.29904],[99.031014,49.292564],[99.036018,49.285205],[99.041611,49.280201],[99.055741,49.274608],[99.066043,49.271959],[99.07458,49.268426],[99.082528,49.260184],[99.077229,49.259007],[99.076052,49.244877],[99.081056,49.232514],[99.093419,49.236046],[99.103722,49.244289],[99.115202,49.249587],[99.12786,49.252531],[99.1414,49.253414],[99.254731,49.23899],[99.228238,49.223094],[99.157002,49.231631],[99.137868,49.212497],[99.139634,49.200428],[99.146405,49.19042]]],[[[100.777771,51.283349],[100.778948,51.272457],[100.776004,51.254501],[100.767468,51.238017],[100.740092,51.205342],[100.734499,51.189447],[100.728317,51.163248],[100.715954,51.145587],[100.708301,51.128219],[100.713894,51.103787],[100.723902,51.082887],[100.730672,51.074645],[100.741858,51.069052],[100.722136,51.056394],[100.700647,51.048741],[100.682397,51.039321],[100.672388,51.02107],[100.692699,51.016066],[100.702119,51.011062],[100.710361,51.004292],[100.711539,50.995755],[100.691816,50.978976],[100.686518,50.969557],[100.682397,50.95631],[100.671505,50.937177],[100.657081,50.919515],[100.642069,50.911861],[100.624407,50.907152],[100.570538,50.870356],[100.559941,50.865941],[100.53757,50.860348],[100.528739,50.856521],[100.519319,50.850339],[100.51196,50.844452],[100.506367,50.837387],[100.502246,50.829439],[100.495475,50.810894],[100.494004,50.800003],[100.498419,50.795293],[100.504601,50.796176],[100.51402,50.800886],[100.519025,50.802064],[100.524029,50.800003],[100.52815,50.795293],[100.529033,50.790583],[100.517258,50.784107],[100.510194,50.765268],[100.498419,50.761147],[100.48635,50.759675],[100.472515,50.755848],[100.459563,50.750255],[100.450438,50.743779],[100.439841,50.733477],[100.441018,50.731416],[100.440135,50.72023],[100.441607,50.695798],[100.440135,50.685201],[100.422473,50.648994],[100.423062,50.632215],[100.446905,50.630155],[100.445728,50.646051],[100.460446,50.650466],[100.480463,50.646639],[100.494887,50.637514],[100.496947,50.626034],[100.482818,50.61161],[100.488411,50.603368],[100.481052,50.593065],[100.471043,50.58865],[100.459269,50.589827],[100.446905,50.596597],[100.43307,50.589238],[100.43307,50.583057],[100.463684,50.571871],[100.474281,50.569222],[100.474281,50.562451],[100.462212,50.557741],[100.449849,50.555681],[100.422768,50.555092],[100.41688,50.550677],[100.409521,50.541257],[100.400101,50.531837],[100.388621,50.527716],[100.322095,50.542729],[100.296191,50.541846],[100.286183,50.537136],[100.274702,50.529482],[100.262928,50.525656],[100.24085,50.536841],[100.228487,50.53537],[100.218479,50.528599],[100.211414,50.50976],[100.197579,50.488271],[100.193164,50.47944],[100.196107,50.469138],[100.196696,50.460896],[100.193164,50.452653],[100.177857,50.465605],[100.166965,50.489154],[100.160783,50.515059],[100.159017,50.534487],[100.165199,50.561862],[100.178151,50.575403],[100.193752,50.585706],[100.206704,50.603368],[100.196402,50.613082],[100.196107,50.623679],[100.202878,50.63457],[100.214358,50.644284],[100.230842,50.652821],[100.244677,50.65812],[100.245855,50.660769],[100.257041,50.674015],[100.262045,50.678431],[100.254686,50.683435],[100.24085,50.699036],[100.249976,50.712871],[100.249093,50.730533],[100.24085,50.764091],[100.24085,50.849751],[100.247032,50.894494],[100.296191,51.014889],[100.305316,51.049918],[100.309732,51.086419],[100.315619,51.106142],[100.327394,51.120566],[100.335341,51.135578],[100.330337,51.158244],[100.285005,51.230658],[100.266755,51.268925],[100.262045,51.309253],[100.266755,51.328387],[100.276763,51.342516],[100.291481,51.35017],[100.309732,51.35017],[100.310026,51.34752],[100.312381,51.341339],[100.316796,51.334274],[100.323567,51.329564],[100.405106,51.346637],[100.431893,51.366654],[100.451026,51.393735],[100.467511,51.425232],[100.458386,51.4426],[100.44926,51.449665],[100.437191,51.449959],[100.418941,51.445544],[100.385089,51.433769],[100.366544,51.432003],[100.358302,51.4426],[100.360362,51.456141],[100.366544,51.46821],[100.376258,51.477041],[100.388621,51.480279],[100.400985,51.485283],[100.412759,51.496763],[100.431598,51.520312],[100.49106,51.536502],[100.505484,51.545922],[100.511371,51.556519],[100.510782,51.56535],[100.508133,51.573886],[100.508427,51.582717],[100.514609,51.590959],[100.522851,51.596258],[100.527267,51.601851],[100.522851,51.610682],[100.549638,51.619807],[100.570538,51.611565],[100.590555,51.59773],[100.615282,51.590371],[100.621463,51.579479],[100.645601,51.514719],[100.659436,51.498235],[100.67857,51.480279],[100.699764,51.465855],[100.720664,51.459967],[100.744802,51.456729],[100.766879,51.44731],[100.784835,51.432297],[100.796021,51.41228],[100.795138,51.389614],[100.780714,51.343105],[100.788957,51.316318],[100.769234,51.302483],[100.772178,51.292769],[100.777771,51.283349]]],[[[106.424852,51.16943],[106.401892,51.144703],[106.365391,51.12292],[106.32153,51.114678],[106.294154,51.126158],[106.305635,51.163543],[106.319175,51.171785],[106.347434,51.184737],[106.360092,51.19239],[106.370395,51.202988],[106.381581,51.219472],[106.391,51.237134],[106.395121,51.250969],[106.402775,51.263627],[106.421025,51.275401],[106.441631,51.284526],[106.456643,51.289236],[106.479309,51.291002],[106.494028,51.284526],[106.501975,51.269219],[106.50433,51.244198],[106.499621,51.226831],[106.488435,51.207992],[106.474011,51.192685],[106.460176,51.186209],[106.441336,51.181205],[106.424852,51.16943]]],[[[99.364528,51.404333],[99.377775,51.393441],[99.43076,51.380783],[99.436353,51.37313],[99.425462,51.359],[99.410744,51.32456],[99.401913,51.311608],[99.386311,51.29689],[99.369533,51.285998],[99.355698,51.285998],[99.350399,51.304837],[99.352754,51.311608],[99.364234,51.33133],[99.371299,51.339278],[99.364528,51.348109],[99.355109,51.356646],[99.350399,51.359589],[99.345689,51.374013],[99.335092,51.389614],[99.321846,51.402861],[99.309777,51.410514],[99.334503,51.420523],[99.388961,51.43112],[99.408977,51.441717],[99.465495,51.489109],[99.476681,51.493231],[99.491988,51.492936],[99.508473,51.490287],[99.517303,51.482633],[99.517892,51.471742],[99.508473,51.45879],[99.492871,51.450253],[99.432821,51.438479],[99.373654,51.414047],[99.364528,51.404333]]],[[[112.540267,51.987174],[112.510536,51.978343],[112.500822,51.988057],[112.502883,52.014549],[112.526432,52.032506],[112.555868,52.038687],[112.575885,52.030445],[112.567643,52.010723],[112.540267,51.987174]]],[[[111.525888,52.531453],[111.514408,52.536163],[111.500278,52.529392],[111.486149,52.539401],[111.479673,52.542344],[111.499395,52.55147],[111.524122,52.557946],[111.572398,52.56295],[111.582112,52.559123],[111.580345,52.550292],[111.573869,52.541167],[111.56916,52.536163],[111.557385,52.531158],[111.541489,52.529687],[111.525888,52.531453]]],[[[111.441994,52.590914],[111.430808,52.592681],[111.421094,52.598273],[111.41403,52.60681],[111.411675,52.617996],[111.422566,52.640368],[111.447882,52.650376],[111.533836,52.6648],[111.557974,52.663622],[111.573869,52.649787],[111.57593,52.617407],[111.563861,52.592681],[111.540312,52.575019],[111.510581,52.564716],[111.463188,52.562067],[111.454946,52.56295],[111.448765,52.566777],[111.44641,52.572958],[111.444938,52.587971],[111.441994,52.590914]]],[[[111.596535,52.632714],[111.603306,52.665977],[111.613609,52.680107],[111.634214,52.690998],[111.657469,52.695119],[111.675131,52.690115],[111.685433,52.685405],[111.695147,52.685405],[111.702801,52.682462],[111.705745,52.66951],[111.70339,52.659207],[111.694264,52.643017],[111.692204,52.635658],[111.671304,52.619173],[111.62921,52.616524],[111.596535,52.632714]]],[[[111.854693,52.883218],[111.880597,52.889988],[111.897376,52.878214],[111.894432,52.849955],[111.86735,52.837592],[111.833793,52.837592],[111.811421,52.846422],[111.828789,52.866145],[111.854693,52.883218]]],[[[111.92063,52.934437],[111.937115,52.945329],[111.954482,52.952394],[111.973027,52.953865],[111.994516,52.949156],[112.007468,52.939736],[112.009823,52.927667],[112.000403,52.912949],[111.975382,52.901469],[111.943591,52.901174],[111.916804,52.908533],[111.906206,52.920897],[111.92063,52.934437]]],[[[109.665801,54.879007],[109.663446,54.876063],[109.665507,54.86841],[109.670217,54.863994],[109.674926,54.861051],[109.677281,54.85899],[109.68258,54.84957],[109.688467,54.845449],[109.690233,54.841328],[109.684052,54.831614],[109.674926,54.826021],[109.649317,54.820428],[109.639308,54.814541],[109.630772,54.795702],[109.634893,54.77804],[109.644018,54.760672],[109.649905,54.742127],[109.638425,54.699445],[109.60369,54.675895],[109.561596,54.657939],[109.527156,54.632918],[109.522151,54.625265],[109.512732,54.605542],[109.51803,54.596123],[109.520091,54.586409],[109.520091,54.564626],[109.521268,54.559916],[109.526273,54.549613],[109.527156,54.542843],[109.524506,54.537544],[109.514792,54.527536],[109.510377,54.508697],[109.501252,54.489563],[109.498897,54.478672],[109.50184,54.47249],[109.507433,54.463659],[109.512437,54.452767],[109.512732,54.440993],[109.501546,54.420387],[109.488005,54.406258],[109.482707,54.391245],[109.510671,54.347385],[109.50655,54.336199],[109.493009,54.32678],[109.478586,54.310295],[109.476819,54.287924],[109.489183,54.271145],[109.505078,54.255544],[109.520091,54.222869],[109.552471,54.184013],[109.561302,54.16694],[109.561007,54.153399],[109.556886,54.143685],[109.540696,54.12514],[109.53687,54.123374],[109.523918,54.120136],[109.520091,54.11837],[109.517442,54.113366],[109.513026,54.099825],[109.50449,54.086578],[109.494776,54.063029],[109.493009,54.05361],[109.489477,54.042424],[109.481235,54.033887],[109.471815,54.027706],[109.440318,54.001507],[109.260462,53.88906],[109.245155,53.868455],[109.235735,53.844022],[109.193935,53.807227],[109.184221,53.786621],[109.188343,53.776613],[109.206593,53.758657],[109.211303,53.749237],[109.207771,53.739229],[109.190992,53.708615],[109.184221,53.700667],[109.21042,53.671231],[109.208065,53.666521],[109.197468,53.663283],[109.186871,53.655041],[109.170092,53.639145],[109.167148,53.633258],[109.168326,53.628842],[109.166854,53.626487],[109.156551,53.625604],[109.150664,53.624427],[109.136534,53.619128],[109.125643,53.618245],[109.046753,53.625604],[108.989352,53.639145],[108.984937,53.643266],[108.99524,53.652097],[109.042044,53.679179],[109.049991,53.688893],[109.056467,53.71774],[109.063826,53.724805],[109.072657,53.730692],[109.0809,53.741584],[109.018789,53.765722],[109.022616,53.769548],[109.03233,53.774847],[109.036451,53.786033],[109.044693,53.795452],[109.067064,53.796335],[109.067064,53.803695],[109.062649,53.811054],[109.065004,53.813997],[109.074424,53.817235],[109.060294,53.835192],[109.051758,53.85197],[109.040866,53.864922],[109.019377,53.871987],[109.005837,53.87081],[108.965214,53.857563],[108.918705,53.859329],[108.906636,53.85462],[108.808318,53.789859],[108.711473,53.692719],[108.698226,53.660045],[108.683508,53.640028],[108.649362,53.60441],[108.596376,53.571147],[108.58784,53.559667],[108.581364,53.544654],[108.564879,53.532585],[108.526023,53.516395],[108.55075,53.504621],[108.597259,53.521399],[108.677326,53.562905],[108.794483,53.579683],[108.855417,53.598228],[108.896628,53.594402],[108.929008,53.573502],[108.97905,53.508742],[108.992296,53.478717],[109.001716,53.434562],[108.998183,53.393057],[108.979344,53.369802],[108.97905,53.364798],[108.929302,53.348019],[108.787124,53.282964],[108.736494,53.273545],[108.709118,53.276194],[108.697049,53.292973],[108.683508,53.305042],[108.653777,53.300626],[108.607856,53.282964],[108.39768,53.150795],[108.379136,53.145791],[108.375603,53.143436],[108.332332,53.121653],[108.304661,53.117532],[108.29377,53.111056],[108.286411,53.104874],[108.294653,53.085152],[108.299363,53.077498],[108.306722,53.070139],[108.317319,53.065724],[108.328799,53.064252],[108.33763,53.059836],[108.341457,53.04659],[108.333215,53.030106],[108.31467,53.010678],[108.279935,52.98183],[108.243728,52.965346],[108.225772,52.953571],[108.218118,52.936792],[108.207227,52.924135],[108.042972,52.857608],[108.019717,52.852604],[108.005587,52.839652],[107.984688,52.803151],[107.968498,52.790199],[107.926109,52.777541],[107.885193,52.751048],[107.862526,52.741334],[107.813368,52.727499],[107.808069,52.72485],[107.798944,52.717197],[107.792762,52.713664],[107.786286,52.712487],[107.772745,52.712192],[107.753906,52.706599],[107.722409,52.701595],[107.554327,52.705422],[107.530484,52.701007],[107.434227,52.672159],[107.410383,52.661267],[107.395076,52.652436],[107.361224,52.626238],[107.31913,52.607987],[107.129854,52.557062],[106.955002,52.488476],[106.914085,52.464338],[106.887887,52.432546],[106.854918,52.358661],[106.828131,52.330991],[106.785448,52.316567],[106.739822,52.321277],[106.66211,52.362488],[106.620899,52.378089],[106.594111,52.378089],[106.566441,52.385448],[106.552312,52.38692],[106.486374,52.382505],[106.38894,52.346592],[106.374516,52.344532],[106.347729,52.346003],[106.336248,52.343649],[106.322708,52.33364],[106.264718,52.27565],[106.257653,52.270352],[106.251177,52.267114],[106.246762,52.261521],[106.244113,52.248275],[106.246173,52.24121],[106.255593,52.22237],[106.263541,52.186458],[106.287384,52.157905],[106.292094,52.138477],[106.287384,52.124347],[106.277081,52.110806],[106.263835,52.099032],[106.250294,52.089907],[106.236753,52.097266],[106.236165,52.09285],[106.234693,52.089907],[106.232632,52.087552],[106.230572,52.083725],[106.233515,52.074894],[106.229983,52.064886],[106.221446,52.05576],[106.210555,52.04899],[106.181413,52.017493],[106.1664,51.996888],[106.172582,51.987468],[106.183473,51.983347],[106.190833,51.973633],[106.195542,51.961269],[106.197014,51.950084],[106.193188,51.943019],[106.184062,51.938898],[106.162279,51.933011],[106.114004,51.906812],[106.091043,51.888562],[106.090454,51.88444],[106.08545,51.880319],[106.075147,51.86148],[106.069849,51.857065],[106.060724,51.85471],[106.040118,51.842346],[106.011859,51.820858],[105.932381,51.737553],[105.918546,51.729899],[105.90265,51.729605],[105.873802,51.733726],[105.847604,51.727839],[105.801683,51.710177],[105.748403,51.70429],[105.4352,51.614509],[105.01632,51.545627],[104.963334,51.542684],[104.941551,51.538268],[104.806438,51.478218],[104.787893,51.473508],[104.708415,51.47498],[104.628053,51.487049],[104.522377,51.480573],[104.417583,51.495585],[104.308963,51.499707],[104.257449,51.508243],[104.187685,51.532087],[104.138526,51.538268],[104.07877,51.562995],[103.993993,51.574769],[103.951605,51.601262],[103.926878,51.606561],[103.873893,51.610682],[103.853581,51.616863],[103.809721,51.638058],[103.794709,51.64836],[103.775281,51.656897],[103.722884,51.672498],[103.708754,51.685745],[103.727299,51.719302],[103.790588,51.731665],[103.913926,51.733726],[103.994876,51.752271],[104.111444,51.758158],[104.246558,51.782002],[104.5995,51.788183],[104.622461,51.784651],[104.633058,51.784651],[104.647187,51.788183],[104.658079,51.794954],[104.679567,51.812616],[104.69193,51.816148],[104.705177,51.823801],[104.733436,51.858831],[104.750215,51.870311],[104.811442,51.877081],[104.937136,51.864129],[104.997186,51.870311],[105.086673,51.901808],[105.186462,51.909756],[105.220903,51.917704],[105.250634,51.933011],[105.26859,51.953027],[105.285957,51.977754],[105.307446,51.998948],[105.336294,52.008073],[105.353072,52.011311],[105.386335,52.025441],[105.401348,52.028385],[105.419304,52.029856],[105.440793,52.034272],[105.4561,52.040453],[105.455805,52.04899],[105.478177,52.056938],[105.519388,52.084314],[105.54176,52.089907],[105.554417,52.0955],[105.607403,52.130823],[105.614468,52.139065],[105.626831,52.157316],[105.634779,52.165853],[105.672163,52.196761],[105.707192,52.251513],[105.723382,52.267997],[105.748992,52.282421],[105.757529,52.289191],[105.788437,52.326281],[105.804921,52.339822],[105.839656,52.36131],[105.87704,52.412824],[105.907654,52.444321],[105.943861,52.471991],[105.9836,52.494657],[106.340958,52.617996],[106.408662,52.631831],[106.470184,52.667155],[106.487552,52.672748],[106.498737,52.678635],[106.564381,52.723378],[106.572623,52.726322],[106.580276,52.730443],[106.586752,52.74104],[106.58793,52.748694],[106.585281,52.755464],[106.573212,52.775186],[106.607063,52.781662],[106.651218,52.81522],[106.683009,52.830527],[106.729813,52.843479],[106.744532,52.850838],[106.761605,52.862318],[106.768669,52.871149],[106.778678,52.899408],[106.796045,52.924429],[106.819889,52.943857],[106.891125,52.981241],[106.903194,52.984479],[106.909375,52.989189],[106.909081,53.001258],[106.90025,53.01421],[106.870519,53.030694],[106.8611,53.042763],[106.776617,53.018625],[106.744532,53.015387],[106.744532,53.022158],[106.783093,53.041586],[106.803404,53.055421],[106.812235,53.066901],[106.817239,53.077498],[106.829014,53.087212],[106.843144,53.094571],[106.869636,53.100753],[106.876407,53.10929],[106.880822,53.120475],[106.887887,53.131956],[106.908787,53.145791],[106.955002,53.158154],[106.973841,53.169929],[107.015935,53.215555],[107.031831,53.228213],[107.109249,53.254117],[107.133092,53.277666],[107.444529,53.39865],[107.460425,53.409541],[107.481031,53.420138],[107.528423,53.432207],[107.547262,53.447514],[107.553444,53.459289],[107.552561,53.464881],[107.549029,53.468414],[107.547262,53.474595],[107.547262,53.510802],[107.550206,53.516395],[107.565513,53.525226],[107.60172,53.584688],[107.652645,53.642677],[107.670307,53.654158],[107.972913,53.793981],[107.984688,53.806933],[107.997051,53.816647],[108.07388,53.837841],[108.13864,53.885233],[108.181912,53.899952],[108.198985,53.917908],[108.210759,53.940574],[108.226655,53.987083],[108.231659,53.995326],[108.24049,54.003273],[108.260212,54.012693],[108.269338,54.019463],[108.274048,54.027706],[108.27758,54.037714],[108.28229,54.046545],[108.289943,54.050077],[108.290238,54.056259],[108.306722,54.090994],[108.305839,54.102474],[108.299952,54.122197],[108.299952,54.132499],[108.304073,54.140153],[108.317319,54.15546],[108.320557,54.163113],[108.32615,54.167823],[108.339691,54.171061],[108.3653,54.17371],[108.375603,54.17636],[108.383551,54.183424],[108.447134,54.25937],[108.453021,54.268496],[108.461557,54.286157],[108.467445,54.293811],[108.476864,54.298815],[108.498059,54.305291],[108.505418,54.310295],[108.50895,54.319126],[108.510128,54.341792],[108.512188,54.351801],[108.531027,54.383886],[108.536032,54.413028],[108.542802,54.432751],[108.560169,54.468369],[108.586662,54.498394],[108.658487,54.539899],[108.690867,54.564626],[108.817444,54.708276],[108.82127,54.714752],[108.823625,54.725054],[108.825097,54.746543],[108.827452,54.756551],[108.832751,54.761261],[108.850707,54.772741],[108.855417,54.776862],[108.857183,54.787754],[108.854534,54.79423],[108.850707,54.801589],[108.848646,54.814541],[108.856594,54.830142],[108.875728,54.841622],[108.897216,54.851925],[108.913406,54.862522],[108.921649,54.877535],[108.926947,54.894019],[108.936956,54.909621],[108.957855,54.920218],[108.946375,54.934053],[108.913995,54.947594],[108.903398,54.961134],[108.934306,54.969965],[108.964626,54.983212],[108.992296,54.99999],[108.99230826388488,55.0],[109.72247318137848,55.0],[109.718198,54.995575],[109.714077,54.972615],[109.724968,54.931109],[109.715254,54.910504],[109.677281,54.889604],[109.674926,54.883717],[109.670511,54.881067],[109.665801,54.879007]],[[107.491628,53.265303],[107.468373,53.244991],[107.364462,53.217321],[107.329727,53.197893],[107.25908,53.186707],[107.240829,53.180231],[107.196969,53.151972],[107.162234,53.161686],[107.125733,53.149323],[107.088643,53.130189],[107.053025,53.118415],[107.010048,53.117532],[106.990914,53.113411],[106.973841,53.101047],[106.963538,53.091628],[106.950292,53.082797],[106.936163,53.075438],[106.922033,53.070139],[106.929687,53.068373],[106.938223,53.067784],[106.957357,53.070139],[106.957357,53.063958],[106.947643,53.061603],[106.939695,53.057187],[106.933513,53.051005],[106.929392,53.042763],[106.949409,53.048062],[106.970603,53.050122],[106.970603,53.042763],[106.960889,53.03982],[106.952353,53.035404],[106.94411,53.029517],[106.936163,53.022158],[106.96766,53.010678],[107.017407,53.018037],[107.107777,53.042763],[107.391838,53.077498],[107.412444,53.087507],[107.428634,53.102519],[107.491628,53.145791],[107.551972,53.171106],[107.570517,53.183175],[107.58759,53.197599],[107.606135,53.209962],[107.626152,53.220265],[107.648818,53.228213],[107.738305,53.237927],[107.752434,53.244991],[107.755378,53.255589],[107.768919,53.272662],[107.77304,53.282964],[107.773334,53.293856],[107.770979,53.300921],[107.767741,53.307691],[107.765386,53.317111],[107.786581,53.387169],[107.782754,53.410424],[107.738305,53.398944],[107.721526,53.388052],[107.674428,53.330063],[107.648818,53.309752],[107.513116,53.27796],[107.491628,53.265303]]],[[[103.65047,53.556723],[103.625744,53.558784],[103.52772,53.582627],[103.45825,53.591752],[103.437645,53.587631],[103.431758,53.580567],[103.424104,53.566731],[103.417923,53.559667],[103.413213,53.549364],[103.417039,53.53965],[103.422338,53.530525],[103.421161,53.522577],[103.413507,53.518161],[103.404676,53.519339],[103.395551,53.523754],[103.387309,53.529347],[103.392607,53.486076],[103.429991,53.405126],[103.441177,53.364798],[103.44,53.320937],[103.429991,53.28061],[103.389958,53.191123],[103.383482,53.171695],[103.380833,53.151972],[103.380244,53.128718],[103.374062,53.107229],[103.360227,53.115766],[103.346098,53.138137],[103.338739,53.159331],[103.342565,53.202897],[103.375534,53.2759],[103.387309,53.317111],[103.390252,53.363326],[103.38672,53.406892],[103.376417,53.446631],[103.341682,53.519044],[103.337561,53.555251],[103.345509,53.639145],[103.336384,53.69007],[103.303121,53.714797],[103.255139,53.724216],[103.103247,53.731281],[103.081759,53.73864],[103.065569,53.74806],[102.927512,53.787799],[102.906612,53.790154],[102.883357,53.78721],[102.840674,53.776613],[102.818008,53.776319],[102.83361,53.79192],[102.878059,53.803695],[102.896309,53.813997],[102.908084,53.819002],[102.924274,53.818118],[102.940464,53.813409],[102.964013,53.799279],[102.978437,53.797219],[103.009051,53.796335],[103.151229,53.757774],[103.231884,53.753947],[103.24778,53.755419],[103.256905,53.762189],[103.25455,53.772786],[103.233945,53.794864],[103.228941,53.806933],[103.227175,53.824594],[103.215989,53.86345],[103.16889,53.943518],[103.127974,53.985317],[103.115611,53.989438],[103.101775,53.992088],[103.092356,53.995326],[103.037015,54.050077],[103.001103,54.073332],[102.987562,54.08599],[102.980497,54.109245],[102.971372,54.128967],[102.968723,54.139564],[102.969312,54.149867],[102.978731,54.195199],[102.987857,54.213155],[103.021414,54.25731],[103.044963,54.279976],[103.12297,54.337965],[103.133272,54.348268],[103.136216,54.352978],[103.149757,54.365636],[103.153289,54.372112],[103.138571,54.401548],[103.136805,54.406258],[103.127091,54.409496],[103.102659,54.422742],[103.092356,54.426863],[103.054972,54.428335],[103.043197,54.433634],[103.092356,54.447763],[103.180665,54.402431],[103.222759,54.413911],[103.236889,54.442759],[103.24101,54.48397],[103.230707,54.620849],[103.215989,54.657939],[103.189496,54.685609],[103.105013,54.726232],[103.073222,54.747426],[103.054383,54.778334],[103.05085,54.824844],[103.060564,54.873414],[103.080876,54.910798],[103.111489,54.941118],[103.20200242759279,55.0],[103.26900679710823,55.0],[103.267502,54.998224],[103.253079,54.989099],[103.242776,54.984978],[103.222465,54.96555],[103.211868,54.961134],[103.160648,54.948182],[103.115611,54.908149],[103.108251,54.880479],[103.091473,54.850748],[103.081759,54.819545],[103.07646,54.786576],[103.078815,54.762733],[103.098832,54.743011],[103.159176,54.730353],[103.184786,54.718284],[103.229824,54.683549],[103.248074,54.664121],[103.256905,54.639689],[103.268386,54.644693],[103.280749,54.647048],[103.293112,54.645576],[103.304592,54.639689],[103.294584,54.635273],[103.2781,54.623499],[103.270446,54.619378],[103.277511,54.597006],[103.260143,54.54667],[103.273684,54.508991],[103.275745,54.479555],[103.273978,54.450707],[103.270446,54.433634],[103.287519,54.433339],[103.316661,54.439815],[103.332557,54.440993],[103.327258,54.431279],[103.318722,54.424509],[103.297233,54.413911],[103.305181,54.404197],[103.326081,54.391834],[103.332557,54.385947],[103.336972,54.3727],[103.336384,54.360926],[103.332557,54.335022],[103.336678,54.314122],[103.346981,54.29646],[103.372885,54.262903],[103.3982,54.218159],[103.417334,54.196376],[103.459428,54.181364],[103.483271,54.166646],[103.50476,54.148689],[103.51624,54.132499],[103.495929,54.136915],[103.457662,54.155165],[103.415568,54.164879],[103.399672,54.17842],[103.326375,54.269379],[103.31048,54.303819],[103.304592,54.348268],[103.289874,54.380943],[103.255434,54.383592],[103.215694,54.368874],[103.099715,54.289101],[103.066746,54.259665],[103.05085,54.248773],[103.04879,54.241414],[103.041136,54.228462],[103.036427,54.213744],[103.043197,54.200203],[103.017882,54.184013],[103.005813,54.163113],[103.008462,54.139858],[103.03466,54.105418],[103.047024,54.082752],[103.057621,54.071272],[103.069984,54.061852],[103.084997,54.053021],[103.100892,54.046545],[103.115905,54.043896],[103.127091,54.040069],[103.138571,54.031238],[103.177721,53.992382],[103.181842,53.9862],[103.185669,53.972365],[103.188613,53.967655],[103.218344,53.958236],[103.235122,53.950288],[103.248074,53.929388],[103.26191,53.919674],[103.277805,53.910843],[103.291052,53.906133],[103.281043,53.900835],[103.277216,53.899363],[103.28487,53.885233],[103.296939,53.873753],[103.325198,53.857563],[103.325198,53.851382],[103.300766,53.854914],[103.291052,53.846966],[103.289874,53.831954],[103.291052,53.813997],[103.385542,53.714797],[103.412918,53.698901],[103.436762,53.655041],[103.447948,53.639145],[103.47238,53.62737],[103.499756,53.623838],[103.554507,53.625604],[103.560689,53.629725],[103.566282,53.648565],[103.574819,53.652686],[103.579823,53.647682],[103.592186,53.618245],[103.607199,53.604999],[103.63222,53.588514],[103.659007,53.577623],[103.677846,53.580861],[103.695508,53.591458],[103.704633,53.598523],[103.708754,53.607942],[103.729948,53.639145],[103.75232,53.648565],[103.76645,53.644149],[103.767627,53.629431],[103.753203,53.607942],[103.725239,53.579683],[103.713464,53.56261],[103.708754,53.543477],[103.716996,53.519928],[103.73613,53.507564],[103.755264,53.498439],[103.7638,53.484898],[103.754675,53.466059],[103.733481,53.469591],[103.710226,53.483426],[103.679907,53.506976],[103.673725,53.513452],[103.667838,53.522577],[103.665483,53.533763],[103.666071,53.544654],[103.663128,53.553191],[103.65047,53.556723]]],[[[112.182026,54.839856],[112.188207,54.848687],[112.199982,54.855752],[112.21264,54.85899],[112.227358,54.856929],[112.246786,54.846038],[112.26121,54.844566],[112.285347,54.853691],[112.305659,54.867527],[112.324204,54.871648],[112.343043,54.851925],[112.34893,54.827493],[112.338922,54.811892],[112.317139,54.804238],[112.225592,54.806888],[112.195861,54.814247],[112.178493,54.831614],[112.182026,54.839856]]],[[[112.394262,54.848393],[112.406626,54.841328],[112.412807,54.848098],[112.413985,54.857518],[112.411335,54.85899],[112.411924,54.863994],[112.408392,54.868115],[112.406626,54.871942],[112.411335,54.876357],[112.418989,54.87989],[112.433118,54.877241],[112.446365,54.87047],[112.452252,54.862522],[112.452841,54.845155],[112.451369,54.834558],[112.441655,54.828376],[112.418106,54.824844],[112.406037,54.825138],[112.373657,54.831614],[112.370419,54.83603],[112.374834,54.845155],[112.383959,54.851631],[112.394262,54.848393]]],[[[114.657922,23.859209],[114.655567,23.862742],[114.651741,23.865391],[114.645265,23.870984],[114.638494,23.85656],[114.630252,23.82889],[114.624659,23.815643],[114.625542,23.810345],[114.628192,23.80328],[114.62672,23.797687],[114.607586,23.793861],[114.583743,23.782086],[114.59434,23.775316],[114.615534,23.757654],[114.621421,23.754416],[114.636139,23.748823],[114.637022,23.738226],[114.628192,23.73175],[114.614651,23.737343],[114.594928,23.74794],[114.565786,23.754416],[114.537822,23.751766],[114.52222,23.73381],[114.51545,23.73381],[114.498966,23.746468],[114.475711,23.73852],[114.451867,23.726746],[114.433617,23.727629],[114.435383,23.735871],[114.441565,23.749117],[114.443625,23.760303],[114.433617,23.761186],[114.423314,23.754416],[114.415072,23.735871],[114.405652,23.727629],[114.389757,23.74529],[114.385636,23.754416],[114.388285,23.760597],[114.395644,23.763835],[114.399765,23.767368],[114.391817,23.774727],[114.391817,23.782086],[114.419782,23.788268],[114.427141,23.788268],[114.430673,23.786501],[114.433911,23.784147],[114.440387,23.782086],[114.505147,23.782086],[114.517805,23.785618],[114.527519,23.794155],[114.533701,23.805929],[114.536056,23.81947],[114.53164,23.828007],[114.510152,23.847435],[114.501909,23.85656],[114.506619,23.864214],[114.502204,23.87275],[114.49249,23.880109],[114.481598,23.884819],[114.480126,23.865097],[114.472473,23.84508],[114.459815,23.829479],[114.44392,23.823297],[114.421548,23.823297],[114.41154,23.825946],[114.402709,23.832717],[114.368562,23.833305],[114.357965,23.836249],[114.383575,23.848612],[114.442448,23.853616],[114.46011,23.870984],[114.440093,23.871573],[114.433617,23.870984],[114.447158,23.904836],[114.455105,23.918082],[114.46011,23.90513],[114.476888,23.913372],[114.491018,23.915433],[114.503676,23.916022],[114.51545,23.91926],[114.527225,23.929562],[114.535467,23.943692],[114.540765,23.959293],[114.543415,23.974011],[114.543415,23.991968],[114.539588,24.00492],[114.534584,24.017872],[114.529874,24.035533],[114.530757,24.05084],[114.534584,24.06497],[114.534289,24.076744],[114.52222,24.08322],[114.52222,24.089402],[114.530168,24.089991],[114.535761,24.088519],[114.543415,24.08322],[114.549596,24.07174],[114.551657,24.037594],[114.556367,24.021698],[114.567258,24.011396],[114.579916,24.009335],[114.591102,24.016694],[114.597578,24.035533],[114.609352,24.013456],[114.593162,23.994911],[114.569024,23.977249],[114.556367,23.956938],[114.555484,23.942514],[114.55254,23.928385],[114.548419,23.915727],[114.543415,23.90513],[114.541649,23.896888],[114.542826,23.890412],[114.541649,23.886291],[114.532818,23.884819],[114.525753,23.886291],[114.501909,23.89836],[114.508385,23.886291],[114.517805,23.880404],[114.527813,23.876577],[114.536056,23.870984],[114.538999,23.864214],[114.544592,23.843902],[114.550185,23.836249],[114.567258,23.833011],[114.585214,23.841548],[114.598755,23.855088],[114.611707,23.888057],[114.628486,23.908368],[114.645265,23.918377],[114.652624,23.908368],[114.662927,23.902775],[114.711497,23.901892],[114.727687,23.89836],[114.704726,23.889823],[114.682943,23.884819],[114.668225,23.874222],[114.665576,23.850673],[114.658805,23.850673],[114.657922,23.859209]]],[[[113.029206,29.232827],[113.017725,29.219874],[113.008895,29.205156],[113.000358,29.1663],[112.993588,29.147461],[112.986228,29.170421],[112.987406,29.254021],[112.992704,29.262557],[113.004479,29.269033],[113.016254,29.278159],[113.021552,29.294643],[113.02008,29.307301],[113.015665,29.322019],[113.008011,29.334088],[112.997414,29.339386],[112.970922,29.333499],[112.944429,29.31937],[112.898802,29.284635],[112.83522,29.215459],[112.816086,29.202213],[112.816086,29.229294],[112.822268,29.250194],[112.832865,29.271977],[112.88379,29.3491],[112.886145,29.365585],[112.87437,29.383835],[112.861124,29.394727],[112.854942,29.394727],[112.851704,29.390606],[112.846994,29.387662],[112.852293,29.380303],[112.845522,29.367057],[112.83522,29.359403],[112.829627,29.370295],[112.827272,29.396199],[112.827861,29.409445],[112.833453,29.415038],[112.842284,29.417393],[112.853765,29.423869],[112.864362,29.4327],[112.870543,29.442414],[112.858769,29.444474],[112.852293,29.45095],[112.846994,29.459781],[112.83728,29.469495],[112.826094,29.475088],[112.804311,29.479798],[112.795775,29.483919],[112.791359,29.480092],[112.787827,29.478621],[112.774286,29.477149],[112.774286,29.483919],[112.795481,29.491278],[112.811376,29.495105],[112.826389,29.493044],[112.844051,29.483919],[112.912343,29.431817],[112.92294,29.427401],[112.979752,29.374121],[112.994176,29.364407],[113.015076,29.357637],[113.033915,29.361169],[113.042158,29.383835],[113.045101,29.387956],[113.05246,29.393255],[113.061586,29.396493],[113.069239,29.393844],[113.071594,29.386485],[113.069239,29.377948],[113.065118,29.369411],[113.063058,29.36323],[113.055698,29.284635],[113.049222,29.267856],[113.029206,29.232827]]],[[[113.409524,29.854524],[113.39039,29.851286],[113.38833,29.846281],[113.390685,29.839805],[113.394512,29.815079],[113.392157,29.803304],[113.368607,29.79153],[113.356244,29.763271],[113.347413,29.757089],[113.339465,29.753851],[113.327396,29.739722],[113.320037,29.736484],[113.279415,29.760621],[113.273822,29.767392],[113.275294,29.788292],[113.269995,29.799772],[113.246152,29.810663],[113.241148,29.82597],[113.231139,29.839805],[113.22172,29.861294],[113.218187,29.886021],[113.227018,29.907803],[113.245563,29.916634],[113.271173,29.91634],[113.295311,29.906626],[113.30944,29.887492],[113.2959,29.887492],[113.305614,29.87454],[113.335344,29.861294],[113.343587,29.846281],[113.35124,29.846281],[113.357127,29.866887],[113.342409,29.870125],[113.337699,29.880722],[113.340937,29.894557],[113.35124,29.907803],[113.345647,29.925171],[113.353301,29.943127],[113.368019,29.957257],[113.381559,29.963144],[113.402165,29.959317],[113.419532,29.952252],[113.436311,29.949014],[113.453384,29.956079],[113.466336,29.931353],[113.461921,29.899856],[113.445731,29.872185],[113.42277,29.860705],[113.415706,29.859528],[113.409524,29.854524]]],[[[114.117764,29.846281],[114.11276,29.858939],[114.113054,29.869242],[114.115998,29.87925],[114.117764,29.89073],[114.115998,29.905743],[114.111583,29.911336],[114.105107,29.914279],[114.097159,29.921933],[114.084795,29.95549],[114.075081,29.969914],[114.056242,29.976685],[114.069194,29.951075],[114.070077,29.934296],[114.060658,29.921639],[114.042113,29.907803],[114.039463,29.903094],[114.040641,29.898678],[114.039758,29.89544],[114.032104,29.893968],[114.026511,29.892202],[114.014148,29.883077],[114.008261,29.879839],[113.998252,29.878367],[113.989421,29.878661],[113.980002,29.876306],[113.967933,29.866887],[113.964106,29.871597],[113.961751,29.877484],[113.960574,29.884843],[113.960574,29.887492],[113.959102,29.891025],[113.958808,29.894557],[113.957336,29.898089],[113.953803,29.901622],[113.988538,29.910747],[114.002962,29.916929],[114.015031,29.928998],[114.000019,29.969914],[113.992071,29.976685],[113.976764,29.972269],[113.960279,29.952841],[113.947033,29.94872],[113.949094,29.95343],[113.953803,29.969914],[113.940557,29.970503],[113.932904,29.976979],[113.929077,29.986987],[113.926427,29.99729],[113.938202,29.991697],[113.954981,29.987282],[113.985006,29.983455],[113.99001,29.986104],[113.995897,29.991697],[114.000313,29.997585],[114.002079,30.000528],[114.006495,30.005827],[114.015325,30.001411],[114.024745,29.993758],[114.028277,29.989637],[114.039463,29.996701],[114.058597,30.019662],[114.06625,30.024372],[114.088328,30.034674],[114.098042,30.035852],[114.090388,30.024372],[114.099514,30.009948],[114.117764,29.99052],[114.12424,29.976685],[114.127773,29.958728],[114.128067,29.942538],[114.131305,29.926937],[114.157798,29.886904],[114.165746,29.861588],[114.160741,29.85158],[114.138075,29.873657],[114.135132,29.863354],[114.130716,29.855701],[114.125123,29.849814],[114.117764,29.846281]]],[[[114.275543,29.983749],[114.241691,29.983455],[114.246401,29.975507],[114.244929,29.968442],[114.238159,29.965499],[114.227562,29.969914],[114.201364,29.951958],[114.218142,29.940478],[114.2517,29.931353],[114.275838,29.921933],[114.265829,29.904565],[114.25641,29.893968],[114.242869,29.890436],[114.220792,29.893968],[114.199597,29.900739],[114.179581,29.90957],[114.162802,29.92105],[114.15191,29.935179],[114.158681,29.928998],[114.147201,29.953136],[114.140136,29.980511],[114.137192,30.008182],[114.138075,30.032025],[114.139841,30.031436],[114.143963,30.03438],[114.148672,30.039384],[114.15191,30.044977],[114.151616,30.049393],[114.147201,30.059401],[114.145729,30.066171],[114.145434,30.092958],[114.147495,30.104733],[114.15191,30.113858],[114.158681,30.099435],[114.177814,30.122689],[114.201658,30.144767],[114.229623,30.154481],[114.261708,30.140645],[114.249934,30.126516],[114.234627,30.116213],[114.22403,30.102673],[114.227562,30.079712],[114.243163,30.075297],[114.248756,30.052336],[114.250817,30.034674],[114.255527,30.044977],[114.25641,30.039384],[114.261708,30.024372],[114.270834,30.030553],[114.278193,30.038501],[114.28408,30.047921],[114.289673,30.058812],[114.2935,30.050276],[114.294971,30.045272],[114.294088,30.040562],[114.289673,30.032025],[114.294088,30.033791],[114.305274,30.036441],[114.309984,30.038207],[114.30969,30.024666],[114.306452,30.012303],[114.302036,30.004061],[114.296443,30.004061],[114.28879,29.989342],[114.275543,29.983749]]],[[[114.435677,30.066466],[114.433617,30.066171],[114.435972,30.067054],[114.436855,30.067054],[114.435677,30.066466]]],[[[114.440976,30.068526],[114.440093,30.067349],[114.436855,30.067054],[114.440976,30.068526]]],[[[114.110994,30.208938],[114.111288,30.208349],[114.110699,30.204817],[114.110699,30.209232],[114.110994,30.208938]]],[[[114.364736,30.223656],[114.373272,30.207466],[114.383281,30.205994],[114.3927,30.214825],[114.399471,30.229838],[114.412423,30.223656],[114.412423,30.229838],[114.406241,30.236314],[114.401531,30.242495],[114.39535,30.247794],[114.385636,30.250443],[114.391228,30.263395],[114.389462,30.274876],[114.382692,30.28459],[114.371506,30.29136],[114.41154,30.270166],[114.428613,30.264278],[114.440387,30.271343],[114.447452,30.267811],[114.453339,30.266339],[114.467469,30.264867],[114.467469,30.271343],[114.453928,30.27517],[114.443037,30.282823],[114.435972,30.29342],[114.433617,30.305784],[114.447158,30.29136],[114.453928,30.298719],[114.485719,30.282529],[114.501615,30.278702],[114.515156,30.299602],[114.546064,30.294304],[114.556367,30.305784],[114.542826,30.306961],[114.527225,30.310494],[114.513978,30.315792],[114.502498,30.329922],[114.487486,30.330216],[114.453928,30.326095],[114.44127,30.328155],[114.429496,30.334043],[114.421254,30.342579],[114.419782,30.354059],[114.42773,30.366128],[114.438327,30.366423],[114.448335,30.358475],[114.453928,30.3467],[114.458049,30.369955],[114.46011,30.374665],[114.464525,30.372899],[114.47159,30.368778],[114.47836,30.366717],[114.481598,30.371133],[114.485131,30.374665],[114.494256,30.375548],[114.522809,30.374371],[114.526636,30.372604],[114.529285,30.368483],[114.536056,30.360241],[114.538116,30.354648],[114.539294,30.339636],[114.543415,30.332277],[114.594045,30.322857],[114.608764,30.315203],[114.631724,30.298719],[114.631724,30.29136],[114.613179,30.285767],[114.604348,30.278408],[114.604642,30.268105],[114.614651,30.25427],[114.632313,30.238374],[114.639083,30.229838],[114.643793,30.221596],[114.652624,30.195692],[114.627014,30.210704],[114.613179,30.215414],[114.597578,30.216297],[114.597578,30.209527],[114.617006,30.200696],[114.62201,30.158013],[114.635256,30.148005],[114.643793,30.140057],[114.650269,30.121217],[114.653507,30.098551],[114.652624,30.079712],[114.643204,30.061756],[114.631724,30.064405],[114.62201,30.078829],[114.612885,30.113858],[114.577561,30.17538],[114.548713,30.134758],[114.537822,30.133875],[114.529874,30.16184],[114.531346,30.168904],[114.540177,30.187449],[114.543415,30.195692],[114.546358,30.219829],[114.550185,30.229838],[114.529285,30.226894],[114.515744,30.218652],[114.504559,30.213648],[114.491901,30.220124],[114.472767,30.232487],[114.471295,30.219535],[114.481598,30.185389],[114.476888,30.119451],[114.464819,30.087954],[114.440976,30.068526],[114.440976,30.069409],[114.440387,30.072942],[114.422137,30.082067],[114.440093,30.114741],[114.426258,30.12681],[114.438915,30.140351],[114.439504,30.158602],[114.42979,30.173026],[114.412423,30.17538],[114.401531,30.165078],[114.371506,30.107088],[114.364736,30.107088],[114.367385,30.113564],[114.367091,30.118274],[114.365619,30.122395],[114.364736,30.12681],[114.364736,30.120629],[114.36032,30.134464],[114.362381,30.147121],[114.36974,30.159485],[114.382103,30.171848],[114.382692,30.182151],[114.366796,30.188627],[114.345602,30.191276],[114.330589,30.188921],[114.334711,30.202756],[114.342953,30.208349],[114.351784,30.212765],[114.357965,30.223656],[114.364736,30.223656]]],[[[114.645265,30.244262],[114.646442,30.243084],[114.650269,30.241024],[114.652624,30.236608],[114.645265,30.244262]]],[[[114.179581,30.281352],[114.181641,30.286944],[114.19371,30.306078],[114.200186,30.313143],[114.219909,30.322857],[114.226679,30.317558],[114.225501,30.30284],[114.220792,30.285178],[114.216671,30.278702],[114.210783,30.271049],[114.206957,30.262512],[114.210195,30.25427],[114.219614,30.247205],[114.228151,30.243673],[114.23551,30.239257],[114.241691,30.229838],[114.227562,30.229838],[114.227562,30.223656],[114.235804,30.224245],[114.253172,30.223067],[114.261708,30.223656],[114.261708,30.216297],[114.244341,30.20099],[114.234038,30.195986],[114.220792,30.195692],[114.220792,30.188921],[114.229328,30.187155],[114.232566,30.185094],[114.23551,30.181562],[114.241691,30.17538],[114.214021,30.173026],[114.172222,30.177147],[114.132482,30.188921],[114.111288,30.208349],[114.115409,30.225717],[114.126595,30.234842],[114.158681,30.250443],[114.160741,30.254859],[114.176048,30.277819],[114.179581,30.281352]]],[[[114.951992,30.253976],[114.952875,30.252209],[114.953758,30.250443],[114.947577,30.257802],[114.949932,30.256919],[114.951992,30.253976]]],[[[114.830125,30.280174],[114.82777,30.284295],[114.822178,30.285178],[114.813641,30.285178],[114.806282,30.286944],[114.798334,30.29136],[114.793919,30.295775],[114.796568,30.298719],[114.785088,30.292537],[114.783027,30.282529],[114.788031,30.272226],[114.796568,30.264867],[114.781555,30.258097],[114.776257,30.266045],[114.773019,30.278702],[114.765365,30.285178],[114.750353,30.289594],[114.733574,30.309316],[114.720916,30.313143],[114.739756,30.27988],[114.741816,30.265456],[114.734751,30.244262],[114.752708,30.243967],[114.763893,30.238374],[114.774196,30.230132],[114.789209,30.223656],[114.789209,30.216297],[114.775668,30.209527],[114.772724,30.214237],[114.766543,30.218652],[114.761833,30.223656],[114.755063,30.209527],[114.753885,30.214237],[114.748881,30.223656],[114.739756,30.219535],[114.732985,30.213648],[114.728864,30.2057],[114.727687,30.195692],[114.70973,30.205111],[114.679411,30.233076],[114.665576,30.229838],[114.657334,30.236608],[114.650269,30.241024],[114.649091,30.253681],[114.663221,30.258685],[114.683238,30.260746],[114.700605,30.264867],[114.700605,30.271343],[114.673229,30.271343],[114.673229,30.277819],[114.676762,30.280763],[114.68206,30.287239],[114.68677,30.29136],[114.679411,30.298719],[114.662338,30.29136],[114.662043,30.301663],[114.668814,30.313143],[114.673229,30.309316],[114.707376,30.317853],[114.717384,30.322563],[114.739461,30.354059],[114.748881,30.360241],[114.750058,30.355531],[114.759184,30.346112],[114.771547,30.336986],[114.783027,30.332277],[114.778023,30.346406],[114.785088,30.352882],[114.797745,30.350821],[114.809814,30.339636],[114.821883,30.345817],[114.82571,30.341402],[114.826887,30.332865],[114.830714,30.326095],[114.853674,30.313732],[114.857501,30.313143],[114.859267,30.301074],[114.849259,30.297542],[114.838368,30.291654],[114.837779,30.271343],[114.830714,30.271343],[114.830125,30.280174]]],[[[115.007627,30.307256],[115.015575,30.326095],[115.005566,30.334926],[114.999385,30.348761],[114.996441,30.364951],[114.995264,30.380847],[115.006449,30.372604],[115.025878,30.351116],[115.046777,30.339636],[115.048838,30.322857],[115.043245,30.288416],[115.033531,30.257214],[115.009982,30.245439],[114.979368,30.246911],[114.949932,30.256919],[114.944044,30.262218],[114.93698,30.26575],[114.919612,30.271343],[114.935213,30.277525],[114.954641,30.278997],[114.991731,30.277819],[115.004683,30.281646],[115.007038,30.291949],[115.007627,30.307256]]],[[[114.37916,30.382318],[114.378571,30.374665],[114.368857,30.384379],[114.364441,30.396742],[114.362086,30.409694],[114.357965,30.422352],[114.34413,30.387617],[114.330884,30.392032],[114.316754,30.377903],[114.309984,30.387617],[114.303214,30.380847],[114.309101,30.454143],[114.316166,30.477104],[114.334416,30.460619],[114.362381,30.441486],[114.38799,30.435893],[114.399471,30.460031],[114.401531,30.46474],[114.405947,30.462974],[114.410362,30.458853],[114.412423,30.456498],[114.41154,30.41882],[114.405652,30.387617],[114.401826,30.390561],[114.39064,30.396742],[114.385636,30.401158],[114.37916,30.382318]]],[[[114.624659,30.3467],[114.597578,30.3467],[114.586098,30.348761],[114.577561,30.354059],[114.568436,30.356709],[114.557544,30.361713],[114.550479,30.368778],[114.553423,30.377609],[114.55725,30.385851],[114.551363,30.390266],[114.536056,30.394976],[114.523692,30.411755],[114.515744,30.419114],[114.505147,30.422352],[114.495728,30.420586],[114.487191,30.417348],[114.478655,30.417053],[114.467469,30.422352],[114.476005,30.431772],[114.493078,30.440014],[114.501909,30.449728],[114.506914,30.444724],[114.52222,30.435893],[114.522809,30.439131],[114.52222,30.449728],[114.54577,30.426767],[114.558427,30.42088],[114.563726,30.435893],[114.580505,30.425296],[114.588158,30.405279],[114.590513,30.360241],[114.606409,30.369072],[114.613473,30.387911],[114.614356,30.409989],[114.611118,30.428534],[114.628192,30.415876],[114.638789,30.412344],[114.64762,30.41882],[114.658805,30.435893],[114.645265,30.428534],[114.646737,30.442074],[114.648503,30.445312],[114.652624,30.449728],[114.652624,30.456498],[114.631724,30.466212],[114.621421,30.468567],[114.607586,30.46945],[114.601993,30.473866],[114.60788,30.495649],[114.604348,30.504774],[114.604348,30.51125],[114.6173,30.506834],[114.627603,30.49712],[114.635845,30.487406],[114.642027,30.483285],[114.648797,30.48093],[114.667342,30.468861],[114.673229,30.463269],[114.679411,30.463269],[114.69354,30.483285],[114.69354,30.490644],[114.679117,30.494471],[114.666459,30.500358],[114.657334,30.509778],[114.652624,30.524202],[114.662927,30.521553],[114.671169,30.520375],[114.678822,30.520964],[114.68677,30.524202],[114.688536,30.508601],[114.700311,30.503891],[114.734751,30.504774],[114.738872,30.50654],[114.740639,30.510072],[114.743582,30.509778],[114.751825,30.501242],[114.753296,30.49506],[114.750941,30.48829],[114.746232,30.481519],[114.741522,30.477104],[114.767131,30.478576],[114.778612,30.476809],[114.775668,30.46945],[114.761833,30.464152],[114.747703,30.463563],[114.735634,30.460914],[114.727687,30.449728],[114.734457,30.450022],[114.748292,30.449139],[114.755063,30.449728],[114.752708,30.432949],[114.756829,30.421469],[114.756534,30.415582],[114.741522,30.414993],[114.727392,30.417936],[114.721799,30.423824],[114.717678,30.434127],[114.707376,30.449728],[114.701783,30.444135],[114.696484,30.433243],[114.69354,30.428534],[114.696484,30.429122],[114.68677,30.408222],[114.670874,30.394976],[114.665576,30.387617],[114.664104,30.379964],[114.66587,30.372604],[114.669108,30.365834],[114.673229,30.360241],[114.662338,30.349644],[114.648797,30.338753],[114.63349,30.333748],[114.617889,30.339636],[114.621127,30.341991],[114.622304,30.341991],[114.622893,30.342579],[114.624659,30.3467]]],[[[114.310867,30.498887],[114.309984,30.497415],[114.309984,30.504774],[114.310867,30.504185],[114.313222,30.502125],[114.310867,30.498887]]],[[[114.391817,30.559526],[114.386519,30.556876],[114.386519,30.553344],[114.387696,30.549517],[114.385636,30.545691],[114.368857,30.530678],[114.361498,30.514488],[114.362969,30.498298],[114.371506,30.483285],[114.357965,30.46945],[114.347368,30.48093],[114.324408,30.493882],[114.313222,30.502125],[114.317049,30.507423],[114.322053,30.510956],[114.328529,30.512133],[114.33736,30.51125],[114.328529,30.523024],[114.320287,30.539215],[114.319109,30.553344],[114.345602,30.563941],[114.378571,30.593083],[114.390345,30.599854],[114.398882,30.602503],[114.40418,30.596321],[114.405652,30.576304],[114.440387,30.524202],[114.42979,30.529206],[114.405652,30.545691],[114.403297,30.549517],[114.40212,30.554521],[114.399176,30.558937],[114.391817,30.559526]]],[[[114.590513,30.641653],[114.595517,30.636355],[114.597578,30.634],[114.590513,30.641653]]],[[[114.673229,30.634],[114.662043,30.638121],[114.654684,30.648129],[114.649091,30.660787],[114.642027,30.672561],[114.628192,30.717305],[114.644382,30.719365],[114.664398,30.729079],[114.673229,30.730257],[114.680883,30.723486],[114.688831,30.712889],[114.697367,30.709651],[114.707376,30.724075],[114.694718,30.729668],[114.697956,30.73585],[114.709142,30.740854],[114.720916,30.743798],[114.714146,30.755278],[114.709142,30.767641],[114.710025,30.778238],[114.720916,30.784714],[114.723271,30.76352],[114.730042,30.743798],[114.741522,30.729668],[114.758595,30.724075],[114.773019,30.714656],[114.783616,30.670207],[114.803633,30.655783],[114.776257,30.644597],[114.761833,30.643419],[114.748881,30.648129],[114.717678,30.621636],[114.675584,30.609273],[114.631724,30.6131],[114.595517,30.636355],[114.570202,30.668735],[114.589041,30.672856],[114.604642,30.664319],[114.613473,30.649307],[114.611118,30.634],[114.625542,30.629584],[114.640849,30.627818],[114.673229,30.627818],[114.673229,30.634]]],[[[114.434794,30.808852],[114.443037,30.802376],[114.447158,30.788541],[114.450984,30.780887],[114.459815,30.776766],[114.481598,30.771762],[114.473356,30.787363],[114.461287,30.805908],[114.453634,30.82622],[114.46011,30.846825],[114.462759,30.8377],[114.467174,30.829752],[114.473356,30.82357],[114.481598,30.819449],[114.482776,30.825042],[114.486897,30.834462],[114.488369,30.840055],[114.495728,30.840055],[114.496905,30.834462],[114.501909,30.819449],[114.514861,30.827103],[114.52487,30.828574],[114.543415,30.827103],[114.550185,30.825336],[114.555778,30.82151],[114.560782,30.819449],[114.566964,30.823276],[114.572851,30.828869],[114.577855,30.830929],[114.583743,30.830046],[114.590513,30.827103],[114.579327,30.810324],[114.554601,30.803259],[114.525753,30.799432],[114.517805,30.797077],[114.523104,30.797961],[114.533406,30.797372],[114.543415,30.792368],[114.538411,30.788835],[114.535761,30.785892],[114.533406,30.782654],[114.529874,30.778533],[114.536644,30.782065],[114.542237,30.783537],[114.556367,30.784714],[114.556367,30.778533],[114.550774,30.775],[114.542237,30.767641],[114.536056,30.764403],[114.536056,30.758221],[114.551068,30.763226],[114.563726,30.769113],[114.576383,30.771173],[114.590513,30.764403],[114.522809,30.734084],[114.488957,30.728785],[114.453928,30.743798],[114.46011,30.743798],[114.44598,30.747624],[114.437738,30.757044],[114.426258,30.784714],[114.433617,30.792368],[114.429201,30.806203],[114.434794,30.808852]]],[[[114.268479,32.956238],[114.25847,32.960948],[114.241691,32.988324],[114.232566,33.00157],[114.215493,33.019232],[114.204307,33.037483],[114.213727,33.053967],[114.245518,33.070452],[114.269362,33.055733],[114.280548,33.023059],[114.273188,32.964186],[114.268479,32.956238]]],[[[112.563227,33.313302],[112.541739,33.306826],[112.53438,33.318895],[112.523782,33.329198],[112.510536,33.33744],[112.495818,33.344799],[112.484043,33.354513],[112.47639,33.366876],[112.474329,33.3813],[112.480217,33.396607],[112.488459,33.37659],[112.499939,33.3604],[112.515246,33.346565],[112.534968,33.334496],[112.54586,33.350392],[112.548509,33.35569],[112.548509,33.341561],[112.555868,33.341561],[112.557929,33.347154],[112.559989,33.350392],[112.561755,33.354513],[112.562933,33.361872],[112.567054,33.349509],[112.571175,33.340972],[112.576179,33.333908],[112.582655,33.327137],[112.588837,33.323016],[112.604144,33.317423],[112.61062,33.313596],[112.617979,33.313596],[112.617685,33.328315],[112.62004,33.340384],[112.626516,33.349803],[112.637996,33.35569],[112.633286,33.334496],[112.634463,33.306826],[112.629459,33.282983],[112.607087,33.27268],[112.589131,33.281805],[112.576768,33.300056],[112.563227,33.313302]]],[[[112.802545,52.203826],[112.789005,52.196172],[112.792243,52.183809],[112.751326,52.153195],[112.737196,52.149074],[112.720418,52.14142],[112.702756,52.136122],[112.685683,52.140243],[112.681267,52.148779],[112.684211,52.161143],[112.691276,52.174978],[112.692747,52.180571],[112.700695,52.189696],[112.716002,52.212951],[112.727188,52.222076],[112.742495,52.226197],[112.813731,52.22973],[112.82109,52.230907],[112.829627,52.235028],[112.834337,52.239444],[112.840224,52.251218],[112.844051,52.255634],[112.859063,52.262993],[112.89056,52.269763],[112.90469,52.276828],[112.937364,52.247686],[112.919113,52.218544],[112.874959,52.19941],[112.829627,52.200293],[112.83728,52.207947],[112.821679,52.207652],[112.802545,52.203826]]],[[[112.987112,52.276533],[113.015665,52.28978],[113.021258,52.270352],[113.004773,52.248569],[112.966212,52.255634],[112.969744,52.263287],[112.974748,52.269174],[112.980341,52.273884],[112.987112,52.276533]]],[[[113.08484,52.330402],[113.106035,52.34041],[113.127523,52.344237],[113.145185,52.338056],[113.123991,52.325692],[113.094554,52.313329],[113.0713,52.307736],[113.069239,52.317156],[113.08484,52.330402]]],[[[116.094419,28.528413],[116.105605,28.549313],[116.129743,28.55785],[116.147699,28.561088],[116.169482,28.56933],[116.190676,28.580516],[116.208044,28.592585],[116.216286,28.582871],[116.226,28.579927],[116.235714,28.578161],[116.243073,28.571979],[116.244839,28.561971],[116.243073,28.523703],[116.219524,28.548724],[116.202451,28.560793],[116.194503,28.554612],[116.189793,28.544014],[116.167127,28.531062],[116.160357,28.523703],[116.160651,28.512812],[116.171248,28.49515],[116.194503,28.434805],[116.201568,28.43245],[116.23277,28.434805],[116.235714,28.43039],[116.24896,28.400659],[116.231299,28.402131],[116.215697,28.408901],[116.201273,28.413317],[116.187733,28.406841],[116.154175,28.454822],[116.145933,28.462181],[116.12886,28.45806],[116.129449,28.443048],[116.136808,28.423914],[116.139751,28.406841],[116.133275,28.413611],[116.11738,28.42568],[116.112081,28.428624],[116.107077,28.451584],[116.130332,28.500743],[116.132981,28.523703],[116.12209,28.535478],[116.109432,28.522232],[116.097952,28.497211],[116.091476,28.475133],[116.091181,28.501332],[116.094419,28.528413]]],[[[116.338447,28.55785],[116.344923,28.560499],[116.351399,28.565209],[116.35817,28.558144],[116.365823,28.551668],[116.369061,28.563442],[116.37436,28.57139],[116.382013,28.578161],[116.393199,28.585225],[116.388489,28.565209],[116.386134,28.544014],[116.393199,28.544014],[116.410272,28.553434],[116.434704,28.5343],[116.45531,28.501332],[116.461197,28.468952],[116.449422,28.47219],[116.442358,28.479254],[116.439414,28.489851],[116.440886,28.503098],[116.43647,28.501332],[116.425285,28.498388],[116.420869,28.496327],[116.417042,28.513401],[116.404679,28.522526],[116.388195,28.523703],[116.372593,28.516933],[116.352282,28.530179],[116.342863,28.521348],[116.342568,28.505158],[116.347867,28.496327],[116.36023,28.494267],[116.377598,28.488085],[116.389667,28.477194],[116.386134,28.462181],[116.372299,28.467774],[116.359347,28.464536],[116.349339,28.455116],[116.344629,28.441576],[116.347278,28.429801],[116.354932,28.419793],[116.364646,28.412139],[116.372593,28.406841],[116.362879,28.403897],[116.353165,28.403603],[116.331088,28.406841],[116.331088,28.414494],[116.313721,28.421265],[116.314898,28.435688],[116.331088,28.462181],[116.314309,28.464242],[116.30018,28.46954],[116.289583,28.479549],[116.283107,28.496327],[116.280457,28.492206],[116.276336,28.489557],[116.27251,28.508102],[116.275748,28.528413],[116.289288,28.571979],[116.283107,28.571979],[116.280163,28.566386],[116.277219,28.563442],[116.269566,28.55785],[116.271626,28.604948],[116.27928,28.620549],[116.30018,28.626731],[116.326084,28.621727],[116.336092,28.607597],[116.338447,28.55785]]],[[[116.689918,29.112137],[116.684325,29.127739],[116.656655,29.12715],[116.645763,29.112726],[116.637227,29.091826],[116.6334,29.072398],[116.625747,29.074164],[116.622803,29.075636],[116.618976,29.07858],[116.623686,29.086233],[116.62663,29.094475],[116.627513,29.103601],[116.626335,29.113315],[116.623686,29.120968],[116.619271,29.130682],[116.615444,29.135686],[116.607202,29.117436],[116.593072,29.12244],[116.576588,29.13392],[116.564519,29.140691],[116.556865,29.137158],[116.543325,29.12244],[116.537143,29.119496],[116.529784,29.123617],[116.523308,29.132154],[116.518598,29.142457],[116.516537,29.151288],[116.506823,29.160707],[116.48769,29.159824],[116.47621,29.152171],[116.488573,29.140691],[116.483274,29.124501],[116.492694,29.112137],[116.508295,29.103601],[116.523308,29.099774],[116.516537,29.085939],[116.53155,29.079757],[116.537143,29.07858],[116.537143,29.072398],[116.512416,29.069749],[116.485629,29.0462],[116.461197,29.051204],[116.459725,29.036486],[116.461197,29.024417],[116.468556,29.017058],[116.482391,29.017058],[116.480036,28.998807],[116.48975,28.983794],[116.504174,28.970254],[116.516537,28.95583],[116.52213,28.940523],[116.522425,28.924627],[116.518009,28.909026],[116.509178,28.894308],[116.52478,28.890481],[116.535377,28.895485],[116.544796,28.898135],[116.558043,28.886654],[116.550684,28.880473],[116.558043,28.873702],[116.541264,28.866049],[116.533905,28.861045],[116.530961,28.856335],[116.533022,28.845738],[116.541264,28.830725],[116.543325,28.825427],[116.54097,28.812769],[116.535082,28.796579],[116.526546,28.782449],[116.516537,28.776856],[116.523308,28.790692],[116.518892,28.791575],[116.515654,28.792752],[116.513005,28.794518],[116.509178,28.798051],[116.481508,28.79128],[116.472088,28.790692],[116.46208,28.794224],[116.456487,28.803055],[116.453249,28.814535],[116.448245,28.825427],[116.438531,28.836024],[116.429994,28.842794],[116.423224,28.850153],[116.420869,28.862811],[116.424107,28.874291],[116.432349,28.882828],[116.454721,28.894308],[116.426168,28.899606],[116.404973,28.874291],[116.388489,28.840145],[116.372593,28.818362],[116.365823,28.825427],[116.371416,28.83308],[116.39261,28.877823],[116.419103,28.917563],[116.424696,28.929926],[116.427934,28.943172],[116.427345,28.95583],[116.420575,28.966133],[116.413804,28.961423],[116.4088,28.948765],[116.40674,28.935224],[116.397614,28.940523],[116.393199,28.938462],[116.386134,28.921389],[116.3879,28.919623],[116.39261,28.906082],[116.393199,28.900489],[116.39055,28.898723],[116.381424,28.894013],[116.379658,28.890481],[116.373182,28.87017],[116.358464,28.850153],[116.342274,28.841322],[116.331088,28.853391],[116.333737,28.863988],[116.354637,28.883122],[116.359053,28.894308],[116.353754,28.904611],[116.344334,28.907554],[116.335209,28.908143],[116.331088,28.911381],[116.333149,28.925216],[116.338742,28.941112],[116.359053,28.976141],[116.344334,28.980851],[116.329911,28.982911],[116.2678,28.980262],[116.260735,28.985855],[116.269566,29.004106],[116.264267,29.007932],[116.259558,29.012642],[116.256614,29.019118],[116.255142,29.027655],[116.252198,29.031481],[116.206572,29.033248],[116.19833,29.037957],[116.194503,29.051204],[116.187733,29.051204],[116.174192,29.038841],[116.155647,29.047083],[116.142989,29.066216],[116.145933,29.085939],[116.131509,29.082701],[116.115908,29.077108],[116.10325,29.078285],[116.093536,29.114492],[116.08235,29.125678],[116.057329,29.140691],[116.042317,29.165417],[116.035841,29.181313],[116.040256,29.188378],[116.074991,29.183668],[116.084117,29.186906],[116.077935,29.202213],[116.140046,29.197208],[116.158885,29.203096],[116.14505,29.212515],[116.123856,29.220758],[116.102661,29.223996],[116.088238,29.219874],[116.077641,29.223996],[116.005816,29.239891],[115.997573,29.254315],[115.98992,29.272271],[115.980795,29.280219],[115.967843,29.264029],[115.967548,29.249017],[115.974907,29.232827],[115.980795,29.215459],[115.975202,29.195737],[115.929281,29.203979],[115.907498,29.216931],[115.922216,29.250194],[115.924277,29.262852],[115.927809,29.273449],[115.97844,29.294643],[115.984916,29.299353],[116.009642,29.311127],[116.01759,29.319075],[116.024066,29.327906],[116.028187,29.338798],[116.029954,29.352927],[116.02701,29.361169],[116.00405,29.410328],[115.998751,29.417393],[115.990509,29.42122],[115.975202,29.42122],[115.975202,29.428579],[115.991392,29.433583],[116.001695,29.440059],[116.01082,29.447712],[116.023183,29.455955],[116.046144,29.448007],[116.060862,29.463314],[116.070576,29.485391],[116.077935,29.49746],[116.077935,29.503642],[116.063217,29.509529],[116.070576,29.51836],[116.086471,29.528957],[116.098246,29.538376],[116.097069,29.544558],[116.092653,29.553683],[116.090298,29.56222],[116.112081,29.579587],[116.116497,29.593717],[116.12886,29.65936],[116.126211,29.66878],[116.116497,29.674667],[116.098246,29.681732],[116.100895,29.685853],[116.105605,29.695567],[116.092653,29.694389],[116.069398,29.688797],[116.060862,29.692035],[116.092947,29.724415],[116.102073,29.730302],[116.150054,29.727947],[116.173603,29.73354],[116.187733,29.750907],[116.229238,29.743843],[116.210399,29.735012],[116.193326,29.718527],[116.188027,29.702632],[116.204806,29.695567],[116.238658,29.708225],[116.256908,29.709696],[116.269566,29.695567],[116.247783,29.691151],[116.243073,29.683792],[116.244839,29.673784],[116.243073,29.661421],[116.232182,29.651412],[116.217758,29.670252],[116.204806,29.664953],[116.202451,29.650235],[116.205983,29.630807],[116.205689,29.613439],[116.190971,29.60608],[116.187733,29.598427],[116.195386,29.581059],[116.207161,29.562809],[116.215697,29.552212],[116.195681,29.556627],[116.186261,29.564869],[116.179491,29.574878],[116.167127,29.585769],[116.152115,29.554272],[116.145639,29.533667],[116.14976,29.524247],[116.157119,29.521303],[116.162417,29.514533],[116.166244,29.506585],[116.17066,29.500698],[116.168893,29.495694],[116.152115,29.477737],[116.145933,29.469495],[116.151232,29.460959],[116.152998,29.452422],[116.150937,29.443591],[116.145933,29.43476],[116.115614,29.443886],[116.08029,29.418276],[116.061745,29.383835],[116.081467,29.366468],[116.114142,29.367645],[116.150643,29.373533],[116.184789,29.387956],[116.208044,29.415038],[116.223056,29.380892],[116.225706,29.363819],[116.221879,29.346157],[116.214225,29.358226],[116.206572,29.356459],[116.198035,29.347923],[116.187733,29.339386],[116.145639,29.342036],[116.132981,29.339386],[116.120323,29.324962],[116.123561,29.312305],[116.145933,29.290816],[116.161829,29.27963],[116.166244,29.273743],[116.130626,29.264029],[116.126211,29.264029],[116.12415,29.24725],[116.140046,29.244012],[116.174192,29.250488],[116.181845,29.248722],[116.189205,29.244601],[116.196858,29.242246],[116.204806,29.246662],[116.217169,29.258436],[116.22394,29.262852],[116.229238,29.264029],[116.236008,29.258436],[116.246017,29.234593],[116.255142,29.223112],[116.266328,29.215753],[116.280752,29.210455],[116.296059,29.209572],[116.310483,29.216342],[116.306656,29.220758],[116.305478,29.22429],[116.305478,29.228705],[116.303712,29.236948],[116.316664,29.232238],[116.325495,29.236065],[116.331971,29.241657],[116.338447,29.243129],[116.346101,29.23577],[116.346395,29.228411],[116.347867,29.221641],[116.359053,29.216342],[116.366412,29.232827],[116.372299,29.238714],[116.379658,29.229294],[116.378775,29.221641],[116.369944,29.196325],[116.365823,29.188378],[116.338153,29.171304],[116.324023,29.156881],[116.324906,29.140691],[116.33933,29.139807],[116.364646,29.166889],[116.365823,29.147461],[116.372888,29.15011],[116.379658,29.15482],[116.393199,29.140691],[116.397909,29.152171],[116.39732,29.163357],[116.394671,29.175131],[116.393199,29.188378],[116.399381,29.188378],[116.407917,29.176603],[116.422047,29.176014],[116.434999,29.183962],[116.440886,29.198975],[116.442358,29.207806],[116.445596,29.215165],[116.447068,29.221346],[116.444713,29.226351],[116.438237,29.234593],[116.435587,29.244307],[116.43647,29.254609],[116.440886,29.264029],[116.437059,29.266973],[116.432055,29.273449],[116.427345,29.277864],[116.445596,29.280808],[116.463552,29.269622],[116.477093,29.249311],[116.488573,29.202507],[116.500053,29.204568],[116.50594,29.223112],[116.495638,29.250488],[116.510356,29.24519],[116.514477,29.231355],[116.516243,29.216636],[116.523308,29.208983],[116.536554,29.213987],[116.541853,29.229294],[116.541264,29.246073],[116.537143,29.257259],[116.543325,29.257259],[116.550389,29.251371],[116.555394,29.252255],[116.558337,29.259025],[116.558043,29.271094],[116.570406,29.248133],[116.588362,29.245484],[116.606613,29.24725],[116.618976,29.236948],[116.605435,29.236948],[116.618976,29.202213],[116.629573,29.232238],[116.630751,29.246367],[116.626335,29.264029],[116.641053,29.257847],[116.65636,29.249017],[116.665191,29.239303],[116.660776,29.229294],[116.688446,29.216342],[116.684031,29.212221],[116.678438,29.2081],[116.667546,29.202213],[116.65636,29.209277],[116.651356,29.207511],[116.648413,29.200741],[116.643703,29.192204],[116.618976,29.168066],[116.623686,29.150405],[116.638404,29.152465],[116.664014,29.168066],[116.67255,29.169833],[116.674611,29.172776],[116.677555,29.173365],[116.688446,29.168066],[116.715233,29.137158],[116.715233,29.097125],[116.70758,29.082995],[116.688446,29.07858],[116.690801,29.091826],[116.689918,29.112137]]],[[[116.263384,29.927526],[116.246017,29.921933],[116.233065,29.915163],[116.218052,29.901622],[116.200685,29.89338],[116.180962,29.901622],[116.158885,29.893674],[116.11738,29.90486],[116.091476,29.901622],[116.051148,29.871597],[116.040256,29.866887],[116.029365,29.870125],[116.001989,29.893968],[115.997573,29.904565],[115.995807,29.915457],[115.995807,29.939006],[115.992275,29.953136],[115.983444,29.9602],[115.961661,29.969914],[115.954302,29.983455],[115.949003,29.986399],[115.942233,29.989048],[115.936346,29.993169],[115.933991,30.000528],[115.933991,30.044977],[115.939878,30.035557],[115.97373,29.996701],[115.981678,29.993463],[115.985799,29.987576],[115.995807,29.983455],[116.007288,29.983455],[116.016413,29.989637],[116.014941,29.996113],[115.999634,30.011714],[115.995807,30.021134],[115.996396,30.031436],[115.998751,30.038795],[116.003755,30.043505],[116.01288,30.044977],[116.021123,30.041739],[116.024655,30.03438],[116.026421,30.025255],[116.029954,30.017601],[116.054091,29.993758],[116.057329,29.986693],[116.061156,29.973741],[116.070576,29.969914],[116.081467,29.973741],[116.091476,29.983455],[116.077052,29.988459],[116.071459,29.989637],[116.085883,29.996996],[116.092653,29.991697],[116.097952,29.981983],[116.108843,29.976685],[116.13563,29.977273],[116.148288,29.979334],[116.160357,29.983455],[116.152703,29.996113],[116.143284,29.99523],[116.132392,29.989931],[116.11944,29.989637],[116.10796,29.996996],[116.113553,30.002],[116.125328,30.006121],[116.132981,30.01142],[116.133275,30.06205],[116.141223,30.085011],[116.163889,30.076474],[116.173309,30.069998],[116.180962,30.067643],[116.185967,30.062639],[116.189793,30.027315],[116.193031,30.016129],[116.198035,30.007887],[116.2051,30.000823],[116.218052,29.990814],[116.230416,29.987576],[116.236008,30.000528],[116.234242,30.01348],[116.228944,30.023194],[116.222468,30.032614],[116.215697,30.044977],[116.247194,30.036441],[116.25632,30.042622],[116.255142,30.066171],[116.240424,30.05999],[116.234831,30.072059],[116.236597,30.091192],[116.243073,30.107088],[116.245722,30.102378],[116.251021,30.097963],[116.255142,30.093547],[116.254259,30.105616],[116.245134,30.120629],[116.243073,30.130637],[116.2469,30.139174],[116.255731,30.135053],[116.264856,30.126516],[116.269566,30.120629],[116.278397,30.078535],[116.286639,30.059695],[116.303712,30.058812],[116.289288,30.099435],[116.291938,30.117391],[116.310483,30.12681],[116.315487,30.095313],[116.320491,30.081184],[116.331088,30.072942],[116.33462,30.086188],[116.339625,30.085305],[116.345512,30.07824],[116.351399,30.072942],[116.386134,30.058812],[116.380836,30.051453],[116.38113,30.044683],[116.387606,30.039973],[116.399381,30.038207],[116.401147,30.050864],[116.407328,30.058224],[116.420869,30.058812],[116.420869,30.066171],[116.410861,30.076474],[116.424107,30.087954],[116.444124,30.101201],[116.454721,30.117391],[116.445596,30.124161],[116.425579,30.115036],[116.393199,30.093547],[116.393199,30.099435],[116.398497,30.10856],[116.394082,30.11327],[116.384074,30.112975],[116.396437,30.122984],[116.40674,30.12681],[116.40674,30.134464],[116.394376,30.137113],[116.383779,30.141234],[116.374654,30.147121],[116.365823,30.154775],[116.370238,30.155364],[116.373182,30.15713],[116.375831,30.15919],[116.379658,30.16184],[116.393199,30.154775],[116.384662,30.168021],[116.371122,30.17538],[116.354932,30.175675],[116.338447,30.16861],[116.319608,30.177441],[116.317547,30.182151],[116.317253,30.192454],[116.321668,30.214531],[116.316075,30.223656],[116.296942,30.223656],[116.31166,30.235431],[116.325789,30.240729],[116.33727,30.237491],[116.344629,30.223656],[116.351399,30.229838],[116.348161,30.235431],[116.346689,30.239552],[116.344629,30.250443],[116.359053,30.244262],[116.358464,30.255153],[116.360524,30.261629],[116.365234,30.266339],[116.372593,30.271343],[116.369061,30.223656],[116.377892,30.219535],[116.387606,30.212176],[116.39732,30.210704],[116.40674,30.223656],[116.411744,30.21041],[116.413216,30.194514],[116.418809,30.181268],[116.434704,30.17538],[116.432938,30.193337],[116.430877,30.201284],[116.427345,30.209527],[116.436176,30.204817],[116.445596,30.203934],[116.454427,30.203934],[116.461197,30.203345],[116.46002,30.205406],[116.464435,30.207761],[116.470911,30.209232],[116.475621,30.209527],[116.476504,30.199224],[116.478859,30.192159],[116.485629,30.188921],[116.50388,30.195692],[116.527135,30.226894],[116.543325,30.236608],[116.542736,30.220418],[116.536849,30.183034],[116.530961,30.16861],[116.535671,30.165372],[116.538026,30.162428],[116.540087,30.158896],[116.543325,30.154775],[116.532727,30.153892],[116.519481,30.150065],[116.508295,30.144472],[116.503585,30.137407],[116.506529,30.125044],[116.514183,30.122689],[116.52478,30.123867],[116.537143,30.120629],[116.549801,30.111209],[116.555394,30.102378],[116.551272,30.095902],[116.533905,30.093547],[116.52007,30.08972],[116.495932,30.072059],[116.482391,30.066171],[116.48298,30.076474],[116.486807,30.084716],[116.493577,30.090604],[116.503585,30.093547],[116.503585,30.099435],[116.4924,30.100318],[116.481508,30.099729],[116.470911,30.097668],[116.461197,30.093547],[116.459725,30.08089],[116.443241,30.0647],[116.436765,30.050864],[116.494755,30.038795],[116.50859,30.023194],[116.517126,30.003177],[116.530961,29.983455],[116.509178,29.96285],[116.477976,29.950781],[116.442358,29.948131],[116.40674,29.956079],[116.395259,29.96491],[116.376126,29.986987],[116.365823,29.989637],[116.354932,29.981983],[116.353754,29.970503],[116.349339,29.958434],[116.331088,29.94872],[116.309011,29.963733],[116.302829,29.973152],[116.303712,29.989637],[116.291349,29.986693],[116.281635,29.989637],[116.27457,29.995818],[116.269566,30.004061],[116.276042,30.007887],[116.284284,30.014952],[116.289288,30.017601],[116.270155,30.0229],[116.258674,30.014952],[116.257203,30.010831],[116.252493,29.999645],[116.24896,29.983455],[116.254259,29.983749],[116.264562,29.983161],[116.269566,29.983455],[116.265445,29.961672],[116.266328,29.941655],[116.263384,29.927526]]],[[[115.161874,30.082067],[115.153043,30.072942],[115.136558,30.067054],[115.11507,30.06676],[115.095642,30.070881],[115.08475,30.079712],[115.072976,30.072942],[115.0665,30.075591],[115.060318,30.082361],[115.050604,30.086482],[115.041479,30.086188],[115.009099,30.079712],[115.005272,30.08089],[114.994381,30.085894],[114.988493,30.086482],[114.983195,30.084128],[114.974069,30.075002],[114.967593,30.072942],[114.943161,30.084128],[114.933153,30.086482],[114.919023,30.085011],[114.905188,30.087071],[114.895474,30.093842],[114.892825,30.107088],[114.898418,30.112681],[114.908721,30.117391],[114.917846,30.125044],[114.919612,30.140645],[114.947577,30.140645],[114.947282,30.117391],[114.954936,30.108854],[114.965827,30.114741],[114.974953,30.134464],[114.977896,30.128871],[114.98555,30.119157],[114.988493,30.113858],[115.012925,30.135347],[115.046483,30.137996],[115.081512,30.133581],[115.112126,30.134464],[115.14068,30.141823],[115.176592,30.146238],[115.2075,30.137996],[115.220452,30.107088],[115.214271,30.108265],[115.190721,30.109443],[115.181007,30.107088],[115.17306,30.100318],[115.161874,30.082067]]],[[[116.790885,30.271343],[116.774695,30.271049],[116.763803,30.2684],[116.743198,30.257802],[116.739665,30.255447],[116.735839,30.251326],[116.73054,30.2475],[116.723475,30.244262],[116.716411,30.243379],[116.694628,30.244262],[116.668724,30.241907],[116.657244,30.237786],[116.646941,30.229838],[116.633989,30.235431],[116.605141,30.239552],[116.5916,30.244262],[116.5916,30.250443],[116.621331,30.249266],[116.637815,30.250443],[116.64959,30.255447],[116.639876,30.262218],[116.613383,30.298719],[116.603964,30.295481],[116.568051,30.297542],[116.550684,30.29136],[116.545974,30.30078],[116.545974,30.308433],[116.550095,30.314909],[116.558043,30.319325],[116.558043,30.313143],[116.5707,30.326095],[116.613972,30.324623],[116.626335,30.339636],[116.6334,30.339636],[116.633989,30.334926],[116.635755,30.332277],[116.63811,30.329922],[116.640759,30.326095],[116.637815,30.322563],[116.6334,30.313143],[116.644291,30.309022],[116.669312,30.29607],[116.674317,30.295187],[116.677849,30.298425],[116.686386,30.290182],[116.701398,30.271343],[116.708463,30.29136],[116.715233,30.29136],[116.719943,30.277525],[116.72583,30.280763],[116.739665,30.302251],[116.749379,30.309905],[116.769102,30.320502],[116.780876,30.329333],[116.790296,30.330805],[116.801776,30.324917],[116.812668,30.31697],[116.821204,30.313143],[116.825031,30.311082],[116.840927,30.285473],[116.839161,30.281352],[116.834451,30.27723],[116.832096,30.268105],[116.82562,30.25898],[116.812079,30.26104],[116.790885,30.271343]]],[[[117.126166,30.367895],[117.133525,30.360241],[117.124399,30.358181],[117.113508,30.361124],[117.103205,30.36554],[117.095552,30.367895],[117.081128,30.368483],[117.069942,30.371721],[117.064055,30.379964],[117.064643,30.394976],[117.057873,30.394976],[117.051103,30.379669],[117.018428,30.367011],[117.002533,30.354059],[117.008714,30.338753],[117.009892,30.320208],[117.004004,30.308433],[116.988992,30.313143],[116.98752,30.312554],[116.985165,30.316675],[116.984576,30.320502],[116.988992,30.326095],[116.979867,30.335515],[116.974274,30.351999],[116.973096,30.369955],[116.978983,30.384085],[116.989875,30.392032],[117.004888,30.398508],[117.036679,30.408222],[117.046982,30.41617],[117.066115,30.419997],[117.082894,30.426767],[117.09879,30.435893],[117.112919,30.449728],[117.12175,30.455321],[117.133525,30.456498],[117.135291,30.451788],[117.133819,30.442369],[117.13588,30.432949],[117.146771,30.428534],[117.146771,30.422352],[117.127049,30.410577],[117.119101,30.403513],[117.11233,30.394976],[117.160312,30.394976],[117.160312,30.387617],[117.14942,30.385851],[117.141178,30.382318],[117.133819,30.376137],[117.126166,30.367895]]],[[[117.875322,31.563602],[117.84618,31.583324],[117.834994,31.588034],[117.820865,31.588917],[117.798493,31.586856],[117.778476,31.591272],[117.768174,31.591272],[117.749923,31.559481],[117.734322,31.545057],[117.70047,31.522391],[117.685163,31.508556],[117.661025,31.475881],[117.647484,31.46234],[117.625113,31.455276],[117.617459,31.446445],[117.612749,31.443501],[117.606273,31.442324],[117.595971,31.443501],[117.562413,31.443501],[117.557998,31.439969],[117.547989,31.438497],[117.500008,31.452921],[117.471455,31.469994],[117.455559,31.476176],[117.442018,31.484123],[117.43407,31.497958],[117.416409,31.517387],[117.383734,31.542996],[117.376375,31.54594],[117.359596,31.548295],[117.338402,31.554771],[117.317797,31.563602],[117.304256,31.573021],[117.288066,31.611583],[117.288949,31.661036],[117.306316,31.704308],[117.338991,31.72403],[117.360479,31.720498],[117.396097,31.70107],[117.438192,31.690178],[117.439369,31.673988],[117.432304,31.653971],[117.427594,31.635132],[117.434954,31.611583],[117.452027,31.596865],[117.474693,31.588917],[117.545929,31.580086],[117.563296,31.583324],[117.585374,31.600397],[117.622758,31.642786],[117.645424,31.657504],[117.678098,31.663097],[117.706652,31.659859],[117.84618,31.607756],[117.857072,31.598631],[117.880621,31.571844],[117.890335,31.566251],[117.913295,31.561541],[117.936256,31.548295],[117.95274,31.526806],[117.955389,31.497958],[117.932429,31.515032],[117.925659,31.524157],[117.928602,31.531516],[117.928602,31.538875],[117.911529,31.548589],[117.875322,31.563602]]],[[[116.347867,32.287737],[116.355815,32.295097],[116.360524,32.32571],[116.36494,32.333953],[116.379658,32.347199],[116.400852,32.37222],[116.414687,32.378402],[116.430877,32.371631],[116.438531,32.360445],[116.434704,32.352792],[116.424696,32.344844],[116.41351,32.333953],[116.37642,32.271253],[116.359053,32.252119],[116.354048,32.248881],[116.342568,32.239167],[116.33462,32.228865],[116.341685,32.224155],[116.356698,32.217973],[116.356992,32.203549],[116.34875,32.187654],[116.338447,32.176468],[116.337858,32.193247],[116.328733,32.201783],[116.317842,32.208259],[116.310483,32.217384],[116.298708,32.235929],[116.295764,32.250353],[116.30018,32.262128],[116.32108,32.275963],[116.326084,32.284205],[116.324906,32.300101],[116.336681,32.289209],[116.347867,32.287737]]],[[[116.926881,32.358974],[116.936301,32.354264],[116.941305,32.344255],[116.937773,32.335424],[116.929825,32.332186],[116.920994,32.331009],[116.913929,32.327182],[116.905981,32.315996],[116.90186,32.306871],[116.900388,32.296568],[116.900094,32.268309],[116.898622,32.261539],[116.893618,32.259184],[116.870657,32.257712],[116.863887,32.253886],[116.837983,32.217679],[116.828563,32.210614],[116.824442,32.220622],[116.826209,32.229748],[116.830918,32.24005],[116.837689,32.250648],[116.845048,32.259184],[116.845342,32.259478],[116.851818,32.270959],[116.879783,32.306871],[116.873012,32.322767],[116.87625,32.341017],[116.892735,32.374869],[116.870363,32.391942],[116.862121,32.404894],[116.858589,32.423439],[116.889791,32.481429],[116.867125,32.507627],[116.858294,32.504389],[116.841515,32.488199],[116.827975,32.477897],[116.811785,32.469654],[116.794417,32.464945],[116.777344,32.464356],[116.816494,32.489377],[116.858589,32.533237],[116.868597,32.533826],[116.878605,32.523817],[116.892735,32.505273],[116.908336,32.490554],[116.912457,32.482606],[116.913929,32.467594],[116.911868,32.460235],[116.907747,32.452876],[116.905098,32.443162],[116.90657,32.429621],[116.915401,32.411076],[116.929236,32.400185],[116.947192,32.393414],[116.968386,32.388704],[116.968386,32.381934],[116.934535,32.377518],[116.92747,32.374869],[116.921288,32.364272],[116.926881,32.358974]]],[[[117.2445,34.49694],[117.229193,34.49017],[117.201817,34.472508],[117.196519,34.486343],[117.201523,34.512836],[117.195047,34.527554],[117.180329,34.524022],[117.169143,34.536091],[117.129109,34.637352],[117.126166,34.660018],[117.134113,34.702701],[117.134113,34.723601],[117.122928,34.732432],[117.117923,34.738024],[117.124694,34.748916],[117.134996,34.755981],[117.140295,34.749799],[117.142356,34.740379],[117.147654,34.734492],[117.156191,34.732137],[117.160312,34.732432],[117.185333,34.718302],[117.234197,34.69858],[117.256569,34.68445],[117.327511,34.627344],[117.338991,34.612331],[117.342818,34.591431],[117.340463,34.579951],[117.318385,34.569943],[117.306316,34.559051],[117.261867,34.505477],[117.260101,34.499589],[117.2445,34.49694]]],[[[116.204511,36.034698],[116.208044,36.020863],[116.23277,36.000847],[116.240718,35.989366],[116.229238,35.979947],[116.24896,35.95051],[116.244839,35.920779],[116.225411,35.904589],[116.170071,35.926667],[116.13563,35.931671],[116.109432,35.944623],[116.105605,35.979947],[116.122678,35.972588],[116.143872,35.980241],[116.156236,35.997903],[116.145933,36.020863],[116.165655,36.036465],[116.177724,36.064135],[116.187733,36.116532],[116.196269,36.110939],[116.200979,36.102991],[116.207749,36.082974],[116.204511,36.034698]]],[[[117.33222,38.754917],[117.34635,38.749324],[117.356064,38.752562],[117.364601,38.759038],[117.376375,38.762571],[117.401985,38.762276],[117.413759,38.760216],[117.427594,38.754917],[117.393743,38.714001],[117.389916,38.70723],[117.32545,38.68633],[117.329277,38.739905],[117.33222,38.754917]]],[[[115.757961,40.350371],[115.722343,40.342717],[115.636094,40.311809],[115.619316,40.301506],[115.612251,40.286199],[115.60813,40.273836],[115.58723,40.237924],[115.578105,40.227915],[115.578693,40.246755],[115.570746,40.293559],[115.581343,40.303567],[115.646397,40.330943],[115.713806,40.345072],[115.731468,40.355081],[115.796523,40.42043],[115.800644,40.411893],[115.800055,40.403651],[115.796523,40.395409],[115.796523,40.386283],[115.783571,40.375981],[115.772091,40.362145],[115.757961,40.350371]]],[[[116.582769,43.301371],[116.5916,43.319033],[116.58483,43.316973],[116.58012,43.317561],[116.575999,43.318739],[116.570995,43.319033],[116.599254,43.357889],[116.616327,43.37349],[116.642231,43.38085],[116.653711,43.385559],[116.660776,43.387326],[116.667252,43.38762],[116.697277,43.385559],[116.736427,43.37349],[116.701987,43.353474],[116.705814,43.34582],[116.728774,43.332574],[116.741726,43.326687],[116.75615,43.315795],[116.762331,43.299899],[116.756739,43.278116],[116.740843,43.2581],[116.719943,43.246914],[116.674317,43.236611],[116.573055,43.223953],[116.46885,43.228958],[116.481508,43.244559],[116.495049,43.257217],[116.510945,43.268108],[116.530961,43.278116],[116.566285,43.290774],[116.582769,43.301371]]],[[[117.622463,45.487908],[117.609511,45.47054],[117.578603,45.44287],[117.568595,45.437277],[117.557703,45.433156],[117.545929,45.430801],[117.53386,45.429918],[117.522968,45.426386],[117.518259,45.418144],[117.515315,45.408724],[117.509722,45.401954],[117.501185,45.401071],[117.435837,45.401659],[117.427889,45.405192],[117.380496,45.439044],[117.359008,45.446991],[117.338991,45.44287],[117.319857,45.456411],[117.326628,45.463476],[117.366367,45.470835],[117.384912,45.478783],[117.427594,45.512046],[117.464684,45.526175],[117.507661,45.532063],[117.598914,45.532357],[117.577426,45.559733],[117.573893,45.572685],[117.585374,45.587109],[117.596854,45.57033],[117.616282,45.568269],[117.63571,45.56356],[117.647484,45.539127],[117.630411,45.536772],[117.621286,45.528236],[117.620403,45.516167],[117.627173,45.504392],[117.622463,45.487908]]],[[[117.60333,47.316498],[117.593321,47.305606],[117.580958,47.304135],[117.578603,47.314437],[117.569478,47.318558],[117.55947,47.320619],[117.548578,47.321208],[117.537687,47.320619],[117.549167,47.330039],[117.564474,47.339458],[117.580075,47.343285],[117.592438,47.335043],[117.598914,47.335043],[117.60333,47.316498]]],[[[117.266872,47.435127],[117.24656,47.431594],[117.235963,47.433949],[117.238024,47.45426],[117.2445,47.473688],[117.255391,47.484285],[117.27011,47.478104],[117.278646,47.448667],[117.266872,47.435127]]],[[[117.102028,48.550178],[117.069353,48.543702],[117.051103,48.568134],[117.091136,48.569017],[117.107621,48.574905],[117.119984,48.58874],[117.113214,48.599042],[117.114391,48.607285],[117.12175,48.613172],[117.133525,48.615821],[117.126166,48.629656],[117.153541,48.629068],[117.169731,48.641431],[117.170615,48.657032],[117.153247,48.664391],[117.147949,48.662919],[117.138823,48.657327],[117.133525,48.657621],[117.11233,48.670573],[117.099378,48.675871],[117.089664,48.678521],[117.078479,48.677932],[117.084955,48.690884],[117.106738,48.70884],[117.11233,48.718849],[117.109092,48.731801],[117.098495,48.743575],[117.08466,48.753289],[117.071414,48.76006],[117.061994,48.76212],[117.04551,48.763003],[117.036679,48.767419],[117.032852,48.772717],[117.035207,48.782431],[117.030497,48.788024],[117.018428,48.793323],[116.99223,48.796855],[116.97604,48.800976],[116.97604,48.807747],[116.995174,48.812162],[116.993113,48.822465],[116.97604,48.841893],[116.977512,48.855728],[116.984576,48.867208],[116.993996,48.874862],[117.002533,48.876628],[117.005182,48.895467],[117.019017,48.899294],[117.038445,48.896939],[117.057873,48.896645],[117.107032,48.920194],[117.126166,48.923726],[117.122928,48.927847],[117.121161,48.931085],[117.118512,48.934323],[117.11233,48.937561],[117.118512,48.946686],[117.126166,48.951691],[117.146771,48.959344],[117.263928,49.020572],[117.286888,49.027637],[117.308966,49.038234],[117.325744,49.054129],[117.33222,49.078562],[117.339285,49.096223],[117.557409,49.303161],[117.565062,49.318468],[117.570361,49.325533],[117.583313,49.328477],[117.624818,49.329949],[117.63571,49.332598],[117.644835,49.337013],[117.653666,49.342901],[117.683102,49.368805],[117.701059,49.377636],[117.709007,49.36645],[117.70518,49.35232],[117.699587,49.34084],[117.702531,49.331126],[117.722547,49.322295],[117.722547,49.314936],[117.706652,49.310815],[117.692522,49.295508],[117.681631,49.280201],[117.674566,49.266366],[117.667796,49.243406],[117.666912,49.221917],[117.678098,49.212497],[117.70047,49.205433],[117.710184,49.188654],[117.71666,49.170403],[117.729612,49.157157],[117.726668,49.165693],[117.725491,49.16746],[117.739032,49.183944],[117.764347,49.183355],[117.787896,49.172464],[117.798493,49.154213],[117.796138,49.14862],[117.786424,49.130664],[117.784069,49.119478],[117.79084,49.11418],[117.831756,49.102699],[117.879149,49.10005],[118.010435,49.130075],[118.033396,49.130958],[118.048114,49.126543],[118.056062,49.112708],[118.058417,49.085332],[118.053413,49.067964],[118.041638,49.050303],[118.026037,49.035879],[118.010435,49.027637],[117.983354,49.023516],[117.904464,49.033818],[117.856483,49.024104],[117.836761,49.024987],[117.826163,49.041177],[117.829696,49.04],[117.836172,49.041766],[117.842942,49.045593],[117.84618,49.051186],[117.844708,49.060017],[117.840587,49.060605],[117.834111,49.059134],[117.826163,49.061783],[117.787896,49.092102],[117.769646,49.091514],[117.746391,49.070908],[117.709007,49.027637],[117.727551,49.026754],[117.735205,49.013507],[117.743741,48.972296],[117.68428,48.975534],[117.667207,48.972296],[117.653077,48.962288],[117.640125,48.947275],[117.61952,48.917544],[117.599503,48.893995],[117.509428,48.819816],[117.457914,48.788319],[117.304256,48.725913],[117.304256,48.718849],[117.333398,48.722381],[117.346939,48.715611],[117.348116,48.698243],[117.338991,48.670573],[117.328394,48.647024],[117.312498,48.619942],[117.291893,48.597865],[117.266872,48.58874],[117.241851,48.583147],[117.215947,48.572844],[117.189159,48.566074],[117.160901,48.571667],[117.136763,48.566368],[117.102028,48.550178]]],[[[116.123561,49.367922],[116.095302,49.36851],[116.077935,49.383817],[116.087649,49.398535],[116.118852,49.401185],[116.150348,49.395297],[116.160357,49.383817],[116.151232,49.376458],[116.123561,49.367922]]],[[[115.822427,49.524229],[115.840972,49.515692],[115.85098,49.502446],[115.835084,49.49597],[115.817128,49.495676],[115.80241,49.502152],[115.796523,49.517164],[115.804765,49.525701],[115.822427,49.524229]]],[[[115.537777,49.487728],[115.536011,49.493026],[115.537188,49.499208],[115.536305,49.53306],[115.529535,49.536003],[115.509223,49.534532],[115.532184,49.552193],[115.56427,49.570444],[115.597238,49.580158],[115.622554,49.571916],[115.634328,49.552193],[115.640804,49.528056],[115.640804,49.505095],[115.633739,49.488316],[115.615194,49.478014],[115.590174,49.469477],[115.565447,49.467417],[115.547196,49.476248],[115.537777,49.487728]]],[[[116.317842,50.478852],[116.317253,50.473553],[116.317253,50.47944],[116.317842,50.478852]]],[[[116.346984,50.464428],[116.326378,50.467372],[116.317842,50.478852],[116.318725,50.489743],[116.340213,50.494159],[116.367295,50.489449],[116.386134,50.47944],[116.370238,50.469138],[116.346984,50.464428]]],[[[119.153157,29.498343],[119.147858,29.490101],[119.139911,29.490689],[119.123426,29.496282],[119.11018,29.49746],[119.09399,29.484802],[119.083981,29.482153],[119.079566,29.493927],[119.073384,29.503347],[119.060138,29.504525],[119.046008,29.501287],[119.038355,29.49746],[119.027169,29.507468],[119.022459,29.516888],[119.017455,29.52513],[119.004503,29.531606],[118.989196,29.531312],[118.968296,29.514827],[118.942687,29.508057],[118.935916,29.501875],[118.930029,29.495105],[118.921787,29.490101],[118.912956,29.488335],[118.907069,29.488335],[118.900593,29.489512],[118.837304,29.49275],[118.826118,29.490101],[118.825235,29.476854],[118.830828,29.461547],[118.830828,29.450067],[118.811989,29.449184],[118.808457,29.453894],[118.803158,29.463314],[118.796093,29.472733],[118.788145,29.477149],[118.780492,29.475677],[118.761358,29.468907],[118.757237,29.466257],[118.743402,29.443886],[118.712788,29.417982],[118.682174,29.403558],[118.668045,29.415038],[118.668045,29.408268],[118.661863,29.417687],[118.651855,29.421808],[118.639492,29.422397],[118.626245,29.42122],[118.626245,29.428579],[118.646851,29.4327],[118.684235,29.42122],[118.701897,29.428579],[118.709845,29.446829],[118.699836,29.461547],[118.680408,29.471556],[118.661569,29.477149],[118.661569,29.483919],[118.67511,29.482742],[118.687179,29.480387],[118.698364,29.475971],[118.70955,29.469495],[118.71426,29.472145],[118.729861,29.483919],[118.726329,29.494516],[118.731628,29.500992],[118.757237,29.510706],[118.785202,29.528662],[118.788145,29.531606],[118.814638,29.537788],[118.861736,29.565752],[118.925025,29.582531],[118.927085,29.590773],[118.92738,29.60608],[118.925908,29.622859],[118.921787,29.634045],[118.904419,29.644348],[118.884402,29.644053],[118.840542,29.630218],[118.845252,29.641993],[118.833772,29.656711],[118.813755,29.669663],[118.771661,29.681437],[118.751056,29.697039],[118.716321,29.730302],[118.729273,29.727653],[118.746346,29.717939],[118.757237,29.715878],[118.763713,29.71941],[118.769012,29.725592],[118.77696,29.730891],[118.791383,29.730302],[118.779314,29.710285],[118.806102,29.687913],[118.847901,29.669369],[118.88087,29.661421],[118.891467,29.662304],[118.908835,29.667602],[118.918843,29.66878],[118.929735,29.66407],[118.933561,29.652884],[118.935033,29.640226],[118.93886,29.630807],[118.960643,29.621976],[118.98272,29.631396],[119.018044,29.661421],[119.000088,29.67084],[119.001854,29.680554],[119.011862,29.686736],[119.018044,29.685264],[119.023931,29.679083],[119.037766,29.674373],[119.053662,29.672607],[119.065142,29.674961],[119.05896,29.688502],[119.043653,29.71264],[119.038355,29.723532],[119.06367,29.704987],[119.074856,29.699394],[119.085748,29.702337],[119.093107,29.715878],[119.089574,29.731479],[119.071912,29.764448],[119.078683,29.779461],[119.089574,29.795062],[119.103409,29.807425],[119.11695,29.812135],[119.135789,29.810075],[119.130197,29.803304],[119.113418,29.792707],[119.099288,29.778578],[119.095756,29.746198],[119.123721,29.737367],[119.160222,29.737367],[119.18171,29.730302],[119.16817,29.72677],[119.123426,29.707047],[119.113418,29.698805],[119.065142,29.640815],[119.055428,29.635811],[119.046008,29.634339],[119.039532,29.630807],[119.038355,29.620504],[119.045125,29.609613],[119.067203,29.601959],[119.071912,29.589007],[119.078683,29.580765],[119.115478,29.60137],[119.134023,29.60608],[119.108119,29.556627],[119.108708,29.53926],[119.140794,29.538376],[119.171702,29.554272],[119.188186,29.558688],[119.195545,29.548385],[119.193485,29.544558],[119.188775,29.541026],[119.184065,29.536022],[119.18171,29.528074],[119.183182,29.519832],[119.186714,29.511589],[119.195545,29.49746],[119.169347,29.49952],[119.158455,29.50217],[119.153157,29.498343]]],[[[118.839954,29.630218],[118.834361,29.628452],[118.826118,29.627274],[118.839954,29.630218]]],[[[118.915605,31.079667],[118.889995,31.087909],[118.853494,31.101744],[118.834361,31.119995],[118.853494,31.141778],[118.879693,31.142367],[118.894705,31.144427],[118.901181,31.151786],[118.904419,31.157379],[118.910895,31.153847],[118.91796,31.146782],[118.921787,31.141778],[118.923259,31.134713],[118.921787,31.107043],[118.933856,31.117934],[118.942098,31.154436],[118.955933,31.169742],[118.9733,31.173864],[118.987724,31.167682],[119.014806,31.138246],[119.020987,31.120584],[119.011862,31.103805],[118.995672,31.088792],[118.962115,31.065243],[118.944453,31.060828],[118.928557,31.064949],[118.915605,31.079667]]],[[[120.213162,30.920416],[120.128385,30.943082],[120.050968,30.994596],[120.025358,31.022266],[119.96207,31.067598],[119.942642,31.086437],[119.93852,31.098506],[119.936754,31.112636],[119.935871,31.138246],[119.93175,31.15002],[119.912911,31.172097],[119.90879,31.186521],[119.905257,31.211542],[119.89937,31.230381],[119.898193,31.248043],[119.90879,31.271298],[119.917032,31.290726],[119.963836,31.354014],[119.984441,31.396992],[119.998571,31.415831],[120.018587,31.429077],[120.009168,31.447622],[120.014466,31.460869],[120.027713,31.468816],[120.042431,31.471466],[120.071573,31.468228],[120.09159,31.468816],[120.100421,31.474409],[120.105425,31.490599],[120.117494,31.496781],[120.133389,31.499725],[120.148991,31.504729],[120.160471,31.515915],[120.169891,31.52975],[120.182548,31.54123],[120.203448,31.54594],[120.200505,31.538875],[120.196089,31.531516],[120.21169,31.535637],[120.229058,31.538286],[120.240538,31.53446],[120.237594,31.518564],[120.278511,31.518564],[120.278511,31.512382],[120.268503,31.506201],[120.263793,31.496487],[120.26291,31.484712],[120.264382,31.471466],[120.257611,31.471466],[120.251724,31.487361],[120.243776,31.502374],[120.23259,31.51356],[120.216695,31.518564],[120.225231,31.499725],[120.224054,31.485595],[120.219344,31.473232],[120.207864,31.428489],[120.208747,31.412887],[120.224054,31.40229],[120.251135,31.406411],[120.285281,31.42319],[120.317367,31.44409],[120.336795,31.460574],[120.34857,31.461457],[120.36947,31.457336],[120.390075,31.450566],[120.402144,31.443501],[120.404499,31.430843],[120.391547,31.402879],[120.38772,31.384628],[120.380067,31.369027],[120.362405,31.364317],[120.342094,31.364023],[120.326492,31.361374],[120.31619,31.350776],[120.295584,31.315453],[120.292346,31.306327],[120.331497,31.330465],[120.34386,31.333409],[120.357401,31.329582],[120.361227,31.321634],[120.35534,31.314275],[120.340033,31.313098],[120.345037,31.299557],[120.336206,31.29102],[120.32973,31.281601],[120.340033,31.265411],[120.351808,31.259229],[120.364465,31.257463],[120.376829,31.254519],[120.38772,31.244217],[120.353868,31.223611],[120.380361,31.217429],[120.446887,31.223317],[120.470436,31.216841],[120.474558,31.192703],[120.427754,31.143838],[120.425693,31.124705],[120.434818,31.109103],[120.421278,31.107337],[120.403027,31.111458],[120.398612,31.114402],[120.384482,31.109987],[120.370058,31.090853],[120.357695,31.086437],[120.351808,31.081728],[120.330908,31.057884],[120.326492,31.049053],[120.331791,31.038456],[120.344154,31.027565],[120.367409,31.011375],[120.37624,31.016379],[120.385071,31.016084],[120.393607,31.011963],[120.402144,31.004604],[120.414802,31.029625],[120.444238,31.069659],[120.449831,31.097035],[120.462489,31.111458],[120.491336,31.116168],[120.523716,31.113519],[120.546088,31.107043],[120.546971,31.127648],[120.552564,31.153847],[120.562867,31.173275],[120.576996,31.172686],[120.601428,31.086437],[120.589654,31.077018],[120.542556,31.056412],[120.520773,31.039634],[120.389192,30.959861],[120.304121,30.93013],[120.213162,30.920416]]],[[[120.820141,31.380802],[120.807483,31.381979],[120.757441,31.375797],[120.750965,31.378152],[120.754792,31.389927],[120.764506,31.39552],[120.775986,31.399641],[120.785112,31.408766],[120.764506,31.406117],[120.747727,31.396992],[120.717408,31.375209],[120.680318,31.361962],[120.641462,31.354014],[120.641462,31.361374],[120.650587,31.362257],[120.657063,31.364612],[120.662362,31.367555],[120.682084,31.379035],[120.690326,31.38139],[120.684439,31.392282],[120.685322,31.401701],[120.69121,31.410238],[120.700335,31.419069],[120.706222,31.427605],[120.712109,31.447917],[120.717408,31.457042],[120.737425,31.470877],[120.748905,31.464107],[120.749199,31.445267],[120.737425,31.422307],[120.724178,31.406117],[120.716525,31.394342],[120.719174,31.393165],[120.775692,31.443795],[120.783345,31.463224],[120.765389,31.477353],[120.777458,31.48324],[120.79041,31.48324],[120.813076,31.477353],[120.8066,31.467345],[120.802774,31.457336],[120.802185,31.447328],[120.805423,31.436436],[120.816903,31.459397],[120.823379,31.468522],[120.833387,31.477353],[120.829561,31.459102],[120.836331,31.426722],[120.833387,31.40229],[120.84163,31.407294],[120.848106,31.413182],[120.860763,31.429077],[120.865473,31.40229],[120.862824,31.392282],[120.850755,31.388161],[120.843396,31.387278],[120.826617,31.38139],[120.820141,31.380802]]],[[[118.758415,31.423779],[118.751056,31.434376],[118.750467,31.443501],[118.74664,31.456159],[118.738104,31.472938],[118.732216,31.488539],[118.736043,31.497958],[118.736043,31.504729],[118.757237,31.504729],[118.74193,31.517681],[118.724268,31.527689],[118.706018,31.534754],[118.688356,31.538875],[118.722502,31.559481],[118.733688,31.556243],[118.750172,31.542113],[118.785791,31.532693],[118.794621,31.531516],[118.801981,31.532105],[118.806396,31.534165],[118.815816,31.542407],[118.82288,31.54594],[118.829062,31.544174],[118.834361,31.540347],[118.839954,31.538875],[118.903242,31.547706],[118.939154,31.565662],[118.951812,31.552416],[118.963292,31.512382],[118.96653,31.506789],[118.971534,31.501196],[118.975361,31.494132],[118.976538,31.484418],[118.973006,31.473526],[118.965941,31.459691],[118.956522,31.448211],[118.945925,31.443501],[118.912956,31.442912],[118.907952,31.439969],[118.906185,31.436436],[118.894411,31.40229],[118.857615,31.381685],[118.82288,31.401996],[118.771661,31.471466],[118.764302,31.484418],[118.791383,31.429077],[118.794916,31.400818],[118.784024,31.389338],[118.773427,31.39287],[118.777843,31.408766],[118.758415,31.423779]]],[[[119.517874,31.555654],[119.511398,31.542407],[119.510221,31.526806],[119.506394,31.514737],[119.500212,31.512088],[119.491087,31.525334],[119.481373,31.547412],[119.496974,31.631894],[119.511692,31.651911],[119.544367,31.663097],[119.579396,31.662802],[119.600002,31.648967],[119.600885,31.621297],[119.583223,31.603635],[119.562617,31.587151],[119.552315,31.563013],[119.545839,31.559481],[119.532004,31.559186],[119.517874,31.555654]]],[[[119.826073,31.525334],[119.819597,31.521213],[119.804585,31.515915],[119.798992,31.512382],[119.796637,31.507672],[119.794282,31.495309],[119.791927,31.491188],[119.780741,31.482652],[119.766612,31.474704],[119.751305,31.469994],[119.736587,31.471466],[119.72599,31.477942],[119.723635,31.486184],[119.730405,31.512382],[119.732171,31.540936],[119.74218,31.563307],[119.770733,31.607756],[119.798697,31.686646],[119.812533,31.704013],[119.839908,31.715199],[119.853155,31.703425],[119.858159,31.678404],[119.86022,31.648967],[119.861397,31.617765],[119.85757,31.597748],[119.848445,31.580675],[119.832844,31.559481],[119.84609,31.550944],[119.844913,31.542407],[119.826073,31.525334]]],[[[119.351853,32.740764],[119.33213,32.7702],[119.319178,32.779031],[119.316529,32.761369],[119.306521,32.741058],[119.293569,32.724574],[119.2815,32.717803],[119.272669,32.727517],[119.250297,32.746945],[119.227337,32.759309],[119.216445,32.748712],[119.213796,32.707795],[119.207614,32.690428],[119.195545,32.676592],[119.177,32.667173],[119.174646,32.676298],[119.172585,32.692488],[119.154629,32.703968],[119.162282,32.70544],[119.166403,32.707206],[119.169641,32.709267],[119.17494,32.711327],[119.17494,32.717803],[119.156101,32.724574],[119.141971,32.738115],[119.131668,32.756071],[119.126075,32.773144],[119.120777,32.785802],[119.124604,32.790806],[119.129608,32.79581],[119.133435,32.801108],[119.134023,32.806996],[119.129019,32.818182],[119.122543,32.819948],[119.113123,32.81877],[119.099288,32.820831],[119.082215,32.832311],[119.06367,32.864691],[119.044831,32.875877],[119.044831,32.882059],[119.066614,32.883825],[119.081921,32.874994],[119.09605,32.861159],[119.113418,32.847912],[119.116361,32.862042],[119.12166,32.878821],[119.129019,32.894716],[119.137556,32.906196],[119.144915,32.910023],[119.150213,32.90708],[119.153451,32.900309],[119.156101,32.885297],[119.16081,32.88147],[119.189952,32.870284],[119.201138,32.868518],[119.21203,32.864102],[119.226454,32.851445],[119.284738,32.875877],[119.266487,32.875288],[119.259128,32.872933],[119.250886,32.868518],[119.239406,32.877349],[119.237345,32.887946],[119.243232,32.909434],[119.242055,32.915616],[119.238228,32.92327],[119.235285,32.930629],[119.237051,32.93681],[119.243527,32.937988],[119.253241,32.935633],[119.261483,32.932395],[119.264427,32.93004],[119.275024,32.941815],[119.276496,32.951234],[119.270314,32.960065],[119.22351,32.998921],[119.255007,33.012462],[119.264427,33.019232],[119.268253,33.028358],[119.267076,33.037483],[119.267959,33.046019],[119.277967,33.053967],[119.284443,33.044842],[119.307404,33.023648],[119.31594,33.019232],[119.327126,33.023648],[119.328304,33.034245],[119.323888,33.047786],[119.300928,33.096944],[119.298573,33.111957],[119.292097,33.11755],[119.250886,33.136095],[119.243527,33.137861],[119.238228,33.136978],[119.234107,33.136978],[119.229692,33.142276],[119.230575,33.146692],[119.240877,33.158467],[119.243232,33.166709],[119.236462,33.176128],[119.220566,33.176423],[119.195545,33.170241],[119.170524,33.155817],[119.158455,33.134329],[119.154923,33.106658],[119.154629,33.073984],[119.16346,33.080754],[119.173174,33.08517],[119.183771,33.087525],[119.195545,33.087525],[119.179944,33.073101],[119.158455,33.0575],[119.135789,33.044842],[119.11695,33.039838],[119.109885,33.0366],[119.087808,33.02247],[119.075739,33.019232],[119.061021,33.021293],[119.030996,33.030418],[119.014806,33.032479],[118.981837,33.044253],[118.970357,33.046608],[118.95711,33.045431],[118.933561,33.040132],[118.921787,33.039838],[118.896766,33.049846],[118.862031,33.087525],[118.839954,33.10136],[118.874394,33.10136],[118.888818,33.09665],[118.900298,33.069569],[118.914722,33.067508],[118.945925,33.073984],[119.052484,33.046608],[119.08251,33.057205],[119.094578,33.063681],[119.108414,33.065742],[119.122249,33.069274],[119.134023,33.080754],[119.139027,33.094001],[119.152863,33.158172],[119.156984,33.165826],[119.225865,33.197323],[119.237051,33.204976],[119.237051,33.211158],[119.23499,33.220872],[119.244999,33.227642],[119.257951,33.221755],[119.268548,33.169358],[119.279734,33.15935],[119.296218,33.152874],[119.31594,33.139038],[119.31859,33.131974],[119.328598,33.086347],[119.335074,33.076633],[119.342139,33.068097],[119.346849,33.060149],[119.349498,33.037777],[119.341844,33.019232],[119.326243,33.003925],[119.305343,32.991268],[119.331542,32.994211],[119.358623,33.010696],[119.379523,33.02041],[119.38806,33.002159],[119.405133,32.847324],[119.411903,32.819653],[119.415141,32.793455],[119.408371,32.766079],[119.401012,32.752538],[119.391592,32.740175],[119.380406,32.732227],[119.367454,32.731344],[119.351853,32.740764]]],[[[118.55913,33.142571],[118.564429,33.127558],[118.565312,33.118727],[118.562662,33.10813],[118.556775,33.101949],[118.549416,33.09665],[118.544412,33.087525],[118.545001,33.078399],[118.548827,33.069274],[118.550299,33.058971],[118.544412,33.046608],[118.52469,33.056617],[118.513798,33.044842],[118.499963,33.009224],[118.481124,32.98538],[118.469643,32.979493],[118.426078,32.975666],[118.409593,32.970957],[118.333647,32.937988],[118.319223,32.93681],[118.323344,32.953],[118.315397,32.955944],[118.294791,32.950351],[118.291259,32.947113],[118.290376,32.940048],[118.288315,32.932984],[118.280956,32.93004],[118.27448,32.931806],[118.270065,32.93475],[118.266238,32.936516],[118.260645,32.933278],[118.255935,32.922386],[118.253286,32.89089],[118.250048,32.882059],[118.237979,32.879409],[118.229442,32.887063],[118.224732,32.899132],[118.222966,32.909434],[118.206188,32.900898],[118.190881,32.871167],[118.174691,32.861747],[118.173513,32.877643],[118.168803,32.887652],[118.16321,32.895894],[118.160855,32.906196],[118.167626,32.917971],[118.180872,32.92533],[118.191175,32.934161],[118.18882,32.950351],[118.200006,32.949468],[118.210603,32.950057],[118.220611,32.952706],[118.229148,32.95771],[118.204716,32.971545],[118.150847,33.022765],[118.134951,33.029535],[118.129064,33.017172],[118.126709,32.985086],[118.116112,32.97184],[118.104926,32.968602],[118.093446,32.967424],[118.081966,32.960948],[118.05459,32.926508],[118.041638,32.917382],[118.014851,32.904725],[118.003076,32.895894],[117.992774,32.871756],[117.985709,32.860276],[117.982765,32.864985],[117.98041,32.877054],[117.976584,32.886768],[117.9757,32.895305],[117.982765,32.903253],[117.975406,32.895894],[117.990419,32.91856],[118.051058,32.970957],[118.069603,32.993623],[118.083732,33.017172],[118.100216,33.0366],[118.126709,33.046608],[118.17263,33.034245],[118.242689,32.972428],[118.291259,32.970957],[118.291259,32.977727],[118.255052,32.988618],[118.230914,33.026297],[118.21649,33.073984],[118.205304,33.139922],[118.198534,33.15464],[118.18411,33.16141],[118.157617,33.163176],[118.135246,33.16141],[118.11729,33.156112],[118.085204,33.142276],[118.062243,33.1358],[118.042521,33.134329],[117.923598,33.140805],[117.907408,33.136095],[117.902992,33.121082],[117.907408,33.050435],[117.896811,33.038072],[117.871496,33.028063],[117.84412,33.021293],[117.826163,33.019232],[117.807324,33.023648],[117.78613,33.033656],[117.767585,33.046608],[117.757282,33.060149],[117.837644,33.045431],[117.877088,33.050435],[117.893867,33.087525],[117.89004,33.104598],[117.882093,33.125792],[117.877972,33.147575],[117.884153,33.166709],[117.902109,33.184076],[117.92036,33.193201],[117.940671,33.196734],[117.965692,33.197323],[117.988358,33.195262],[118.031041,33.185254],[118.051058,33.183782],[118.071369,33.190847],[118.100216,33.218222],[118.116406,33.22411],[118.154379,33.227936],[118.173219,33.226759],[118.195002,33.217928],[118.210603,33.206154],[118.21914,33.194379],[118.236507,33.163176],[118.228559,33.11755],[118.237685,33.064859],[118.260056,33.018349],[118.291259,32.991268],[118.315691,32.983909],[118.343067,32.979493],[118.369854,32.979199],[118.394286,32.985086],[118.415186,33.000099],[118.43903,33.039838],[118.456397,33.060149],[118.43432,33.044548],[118.403117,33.031301],[118.368971,33.025708],[118.338946,33.032479],[118.356902,33.045431],[118.382806,33.058971],[118.410182,33.069569],[118.456986,33.081343],[118.472293,33.095767],[118.469643,33.10607],[118.442562,33.10136],[118.485245,33.137567],[118.490543,33.149636],[118.48289,33.16612],[118.467583,33.171713],[118.43167,33.170241],[118.427255,33.167886],[118.421073,33.162882],[118.413714,33.158172],[118.404883,33.155817],[118.393697,33.1567],[118.313925,33.178778],[118.287138,33.195262],[118.248576,33.201149],[118.23268,33.20792],[118.222378,33.224404],[118.223555,33.242655],[118.228265,33.2612],[118.229148,33.280039],[118.225321,33.288281],[118.213252,33.304765],[118.209131,33.313596],[118.207954,33.322722],[118.209131,33.352158],[118.205599,33.372469],[118.199123,33.389248],[118.197945,33.405144],[118.209131,33.423394],[118.210014,33.394547],[118.231208,33.348331],[118.241511,33.291225],[118.255052,33.269147],[118.276541,33.253252],[118.3048,33.238534],[118.320401,33.265615],[118.330704,33.275918],[118.36014,33.285337],[118.380451,33.308298],[118.397819,33.313596],[118.409004,33.327432],[118.396641,33.389542],[118.411654,33.403377],[118.426078,33.401317],[118.436086,33.396901],[118.445506,33.394252],[118.456397,33.396607],[118.4667,33.407793],[118.470527,33.422217],[118.472293,33.435758],[118.476708,33.444588],[118.488777,33.445766],[118.494664,33.433991],[118.496725,33.403377],[118.492604,33.390425],[118.487305,33.380123],[118.489955,33.373058],[118.510266,33.368937],[118.518214,33.385127],[118.537347,33.391603],[118.556775,33.387776],[118.575026,33.357751],[118.595926,33.350981],[118.618886,33.353924],[118.633899,33.368937],[118.615354,33.370409],[118.603873,33.380417],[118.595337,33.393369],[118.585917,33.403377],[118.579736,33.406027],[118.542057,33.412503],[118.539996,33.419273],[118.542351,33.427515],[118.54088,33.433991],[118.518214,33.458129],[118.496725,33.48786],[118.479652,33.520829],[118.469938,33.553798],[118.461696,33.618852],[118.46199,33.630332],[118.469055,33.639457],[118.548239,33.650055],[118.558541,33.652704],[118.562074,33.657414],[118.564723,33.658297],[118.572377,33.650055],[118.575026,33.64299],[118.575026,33.62886],[118.578558,33.622679],[118.56384,33.606783],[118.558247,33.602073],[118.576792,33.603545],[118.583268,33.596186],[118.582385,33.583234],[118.578558,33.567338],[118.606817,33.577935],[118.615648,33.563217],[118.612999,33.537019],[118.606523,33.512881],[118.622124,33.507877],[118.619475,33.49463],[118.610055,33.474908],[118.606523,33.451359],[118.613293,33.451359],[118.618003,33.474025],[118.633016,33.477557],[118.668045,33.4649],[118.781669,33.44606],[118.793738,33.43929],[118.811989,33.409853],[118.819937,33.399551],[118.82759,33.393369],[118.845841,33.382478],[118.867035,33.373352],[118.876749,33.367465],[118.88087,33.358928],[118.874983,33.345976],[118.861442,33.328609],[118.846135,33.313302],[118.836127,33.306826],[118.830828,33.296523],[118.821114,33.249131],[118.815816,33.235001],[118.78844,33.214984],[118.784613,33.20792],[118.78373,33.199383],[118.778137,33.174362],[118.774605,33.166709],[118.75812,33.148458],[118.744285,33.129619],[118.738104,33.109602],[118.743696,33.087525],[118.72368,33.083992],[118.701014,33.084581],[118.685707,33.079871],[118.688356,33.060149],[118.668045,33.076633],[118.660686,33.105775],[118.669222,33.132562],[118.695715,33.142276],[118.695715,33.149636],[118.668634,33.180838],[118.652149,33.190552],[118.614176,33.172596],[118.603579,33.177895],[118.593276,33.185548],[118.578558,33.183782],[118.573848,33.1776],[118.558247,33.152874],[118.55913,33.142571]]],[[[118.174396,34.037438],[118.156146,34.050095],[118.139956,34.066285],[118.126709,34.088068],[118.131419,34.088363],[118.134363,34.090129],[118.136718,34.092484],[118.14025,34.094839],[118.155851,34.129868],[118.160855,34.136639],[118.173513,34.138405],[118.182638,34.132517],[118.190881,34.123392],[118.202361,34.116033],[118.214724,34.113678],[118.238568,34.112795],[118.250048,34.108674],[118.26506,34.098077],[118.26771,34.090718],[118.263589,34.082181],[118.247693,34.040381],[118.23739,34.023308],[118.2212,34.018304],[118.195002,34.026546],[118.174396,34.037438]]],[[[136.104998,35.205475],[136.077917,35.190462],[136.060255,35.164558],[136.078506,35.158671],[136.073796,35.149251],[136.056428,35.14042],[136.036411,35.136593],[136.018455,35.135416],[135.99991,35.131884],[135.983132,35.125408],[135.970768,35.115988],[135.964587,35.123347],[135.957227,35.103625],[135.953106,35.078309],[135.945159,35.056821],[135.926614,35.047695],[135.919255,35.038865],[135.919255,34.995299],[135.909541,34.978814],[135.898355,34.979992],[135.884814,34.990294],[135.873334,35.005896],[135.86833,35.023558],[135.873628,35.038865],[135.921609,35.105096],[135.928085,35.119226],[135.932207,35.171328],[135.936916,35.186341],[135.957227,35.219015],[136.016395,35.266702],[136.026109,35.2773],[136.034057,35.292312],[136.067908,35.307619],[136.074384,35.321454],[136.042887,35.386509],[136.043182,35.397694],[136.051424,35.410941],[136.058489,35.43655],[136.070852,35.454212],[136.09499,35.444204],[136.113535,35.476584],[136.122366,35.486592],[136.126487,35.47158],[136.128253,35.455684],[136.134729,35.443321],[136.152685,35.438022],[136.157395,35.445381],[136.160339,35.462455],[136.163282,35.499544],[136.177706,35.495129],[136.189775,35.486887],[136.19684,35.474818],[136.197429,35.458628],[136.197429,35.465987],[136.1989,35.435079],[136.205376,35.406231],[136.220978,35.385037],[136.248942,35.376795],[136.278673,35.364726],[136.276613,35.336761],[136.252769,35.28407],[136.239817,35.270823],[136.163282,35.225786],[136.104998,35.205475]]],[[[125.325384,40.632666],[125.314492,40.635904],[125.306545,40.642086],[125.298597,40.645324],[125.287705,40.639436],[125.300069,40.636198],[125.305662,40.631783],[125.305662,40.625896],[125.301246,40.619125],[125.296536,40.618831],[125.268866,40.607056],[125.2671,40.60529],[125.2253,40.59852],[125.214114,40.594104],[125.19086,40.580858],[125.164367,40.574088],[125.119035,40.55466],[125.109909,40.547006],[125.098724,40.541708],[125.027487,40.522868],[125.027487,40.515215],[125.041323,40.516098],[125.047504,40.511682],[125.050448,40.504029],[125.055452,40.496081],[125.07017,40.485778],[125.071348,40.480774],[125.061634,40.474298],[125.064577,40.451632],[125.033669,40.446628],[124.959195,40.453987],[124.970381,40.465762],[124.987748,40.469588],[125.027487,40.468117],[125.01689,40.474593],[124.985982,40.486367],[124.9798,40.492254],[124.976268,40.499025],[124.957429,40.524046],[124.911508,40.550833],[124.915335,40.554365],[124.925049,40.559075],[124.934468,40.566434],[124.938295,40.578209],[124.949775,40.57291],[124.955957,40.564374],[124.965965,40.543179],[124.973619,40.537881],[124.981567,40.535232],[124.988926,40.529933],[124.993341,40.515215],[125.002172,40.526989],[125.010414,40.535232],[125.01689,40.544062],[125.021306,40.557014],[125.029548,40.551716],[125.038085,40.550244],[125.046621,40.55201],[125.055452,40.557014],[125.051037,40.564962],[125.050153,40.5682],[125.055452,40.578209],[125.07282,40.567023],[125.09578,40.567317],[125.115208,40.577326],[125.123745,40.595282],[125.13493,40.599403],[125.204989,40.612355],[125.236486,40.614121],[125.246494,40.619125],[125.253559,40.628251],[125.257091,40.639436],[125.262979,40.64915],[125.277403,40.653272],[125.299774,40.657098],[125.342457,40.6727],[125.363357,40.673583],[125.358647,40.668284],[125.353937,40.665046],[125.349522,40.660631],[125.342163,40.654155],[125.331566,40.636493],[125.325384,40.632666]]],[[[126.920543,43.523911],[126.904942,43.510664],[126.899643,43.540689],[126.898171,43.572775],[126.892579,43.565122],[126.889046,43.562472],[126.877272,43.558645],[126.893756,43.603389],[126.898171,43.606332],[126.892579,43.617813],[126.883748,43.620756],[126.857255,43.613692],[126.858727,43.634003],[126.84077,43.641067],[126.821048,43.632825],[126.816338,43.606332],[126.800148,43.610159],[126.782781,43.610159],[126.770123,43.615163],[126.767768,43.633708],[126.735977,43.60957],[126.718021,43.600445],[126.707129,43.606332],[126.71125,43.618696],[126.74363,43.643422],[126.755405,43.654903],[126.742159,43.661379],[126.745985,43.667855],[126.754522,43.676097],[126.755405,43.689049],[126.748929,43.696702],[126.738332,43.703767],[126.725674,43.706711],[126.713311,43.703178],[126.708012,43.694642],[126.715077,43.673742],[126.713311,43.661084],[126.701536,43.645483],[126.69506,43.652548],[126.689173,43.678452],[126.682403,43.684045],[126.67887,43.685516],[126.677987,43.687871],[126.679165,43.696408],[126.67887,43.708477],[126.679165,43.71407],[126.682403,43.71613],[126.726852,43.723489],[126.737449,43.719957],[126.757171,43.717602],[126.80162,43.751748],[126.823109,43.75116],[126.827818,43.757636],[126.833706,43.761168],[126.851073,43.7647],[126.84813,43.755575],[126.844008,43.748216],[126.83871,43.742917],[126.842242,43.745272],[126.798971,43.712892],[126.784253,43.694347],[126.78543,43.678452],[126.796027,43.670209],[126.807507,43.666088],[126.843125,43.660495],[126.863437,43.661084],[126.870207,43.658729],[126.883748,43.650781],[126.890812,43.648132],[126.889929,43.664617],[126.896405,43.673447],[126.909063,43.676391],[126.925547,43.674625],[126.922309,43.660495],[126.929668,43.65137],[126.943209,43.646955],[126.959694,43.648132],[126.959694,43.641067],[126.948802,43.639007],[126.94056,43.633708],[126.925547,43.620756],[126.939088,43.61693],[126.969408,43.626055],[126.987069,43.627527],[126.952923,43.598385],[126.933495,43.587493],[126.911418,43.58661],[126.920838,43.568065],[126.924959,43.545105],[126.920543,43.523911]]],[[[132.648575,44.854731],[132.640921,44.836775],[132.638566,44.827061],[132.629441,44.806455],[132.627086,44.795564],[132.629147,44.785261],[132.638566,44.7623],[132.640921,44.751703],[132.631207,44.710492],[132.60442,44.683411],[132.491384,44.626304],[132.475783,44.620417],[132.429862,44.610703],[132.418382,44.603933],[132.410434,44.591569],[132.401603,44.566254],[132.394244,44.552419],[132.385413,44.54241],[132.370695,44.532108],[132.353622,44.527987],[132.320653,44.54241],[132.282386,44.548298],[132.260014,44.560661],[132.242647,44.567137],[132.236171,44.573319],[132.232344,44.585093],[132.235287,44.590392],[132.24088,44.592158],[132.24353,44.593335],[132.244707,44.602755],[132.247356,44.606582],[132.247356,44.609525],[132.239997,44.617179],[132.231755,44.622183],[132.224102,44.625127],[132.218509,44.629248],[132.216448,44.638079],[132.224985,44.643672],[132.284446,44.634252],[132.232049,44.663688],[132.107533,44.693714],[132.065439,44.72992],[132.044245,44.775841],[132.039241,44.795858],[132.037475,44.816758],[132.104001,44.859735],[132.120191,44.867683],[132.1093,44.905656],[132.114598,44.949222],[132.114304,44.991316],[132.086045,45.024579],[132.061613,45.031644],[132.034531,45.035765],[132.012454,45.045479],[132.003329,45.069322],[132.012454,45.090516],[132.030116,45.101702],[132.041302,45.112888],[132.030704,45.134377],[132.022757,45.14203],[132.015397,45.147034],[132.008921,45.152627],[132.003329,45.161753],[132.001562,45.171761],[132.000091,45.202964],[131.983017,45.2115],[131.992731,45.230928],[132.013926,45.251828],[132.030704,45.26478],[132.109005,45.308935],[132.151099,45.32483],[132.195843,45.333956],[132.420148,45.337194],[132.50934,45.315116],[132.57204,45.307757],[132.722166,45.250356],[132.754251,45.232106],[132.781039,45.207968],[132.7987,45.189717],[132.820483,45.148212],[132.836085,45.10759],[132.838145,45.066967],[132.819012,45.024579],[132.742477,44.924495],[132.709214,44.895059],[132.667414,44.869743],[132.648575,44.854731]]],[[[124.283629,45.178826],[124.251249,45.187068],[124.232116,45.202964],[124.238297,45.205613],[124.241535,45.209145],[124.243596,45.212972],[124.246834,45.216504],[124.222402,45.230339],[124.205034,45.247707],[124.194437,45.26949],[124.190905,45.295983],[124.174715,45.313644],[124.102007,45.308935],[124.081401,45.32012],[124.134387,45.34102],[124.188844,45.339843],[124.241535,45.323947],[124.299525,45.293628],[124.311005,45.290095],[124.321897,45.285091],[124.340147,45.266546],[124.351039,45.257421],[124.363402,45.249767],[124.376354,45.244469],[124.420214,45.240642],[124.433461,45.232106],[124.424924,45.216504],[124.414327,45.197665],[124.39431,45.185007],[124.369584,45.177943],[124.345446,45.175588],[124.283629,45.178826]]],[[[124.294521,45.354267],[124.272443,45.357799],[124.261846,45.3525],[124.252721,45.344553],[124.235942,45.340432],[124.236237,45.3525],[124.250366,45.374283],[124.270089,45.386058],[124.286867,45.367219],[124.289222,45.359271],[124.294521,45.354267]]],[[[123.965422,45.683071],[123.963067,45.694257],[123.95924,45.703088],[123.953058,45.710742],[123.945111,45.717218],[123.930687,45.70927],[123.906549,45.689547],[123.88977,45.683071],[123.869165,45.682777],[123.850325,45.688076],[123.814707,45.703677],[123.831192,45.721044],[123.8412,45.723694],[123.855624,45.717218],[123.882411,45.740767],[123.942167,45.744593],[124.005161,45.733113],[124.041368,45.709859],[124.030771,45.705737],[124.010459,45.705443],[123.999568,45.703677],[123.990443,45.699556],[123.965422,45.683071]]],[[[124.383419,46.197031],[124.395193,46.192321],[124.393427,46.181135],[124.382536,46.167006],[124.376354,46.152877],[124.382536,46.151405],[124.424924,46.17672],[124.427279,46.15376],[124.410795,46.13757],[124.385479,46.134037],[124.362813,46.149344],[124.354571,46.146106],[124.346329,46.145812],[124.339264,46.14905],[124.334849,46.156115],[124.33426,46.165829],[124.338675,46.167889],[124.344857,46.167595],[124.349273,46.16995],[124.360458,46.196442],[124.368995,46.202918],[124.383419,46.197031]]],[[[117.50354,47.759516],[117.512371,47.785714],[117.533566,47.812207],[117.685163,47.954679],[117.706357,47.967043],[117.739326,47.977345],[117.773472,47.980289],[117.798788,47.970869],[117.820865,47.923477],[117.831756,47.91023],[117.847358,47.901694],[117.861487,47.897278],[117.872967,47.889036],[117.881504,47.869314],[117.882093,47.83399],[117.868846,47.809558],[117.802614,47.747447],[117.729612,47.71389],[117.698704,47.694167],[117.673388,47.677094],[117.640125,47.66267],[117.604802,47.654722],[117.571833,47.656489],[117.580664,47.677683],[117.592438,47.697405],[117.572422,47.697405],[117.55476,47.702115],[117.54063,47.709768],[117.530328,47.718305],[117.507956,47.755395],[117.50354,47.759516]]],[[[136.885652,50.060266],[136.86593,50.054673],[136.853272,50.044665],[136.83561,49.973429],[136.787334,49.90337],[136.777915,49.874228],[136.768201,49.861865],[136.765846,49.856566],[136.768201,49.849501],[136.778209,49.838904],[136.78027,49.832428],[136.78233,49.828896],[136.786746,49.826246],[136.795871,49.822125],[136.799698,49.816532],[136.797637,49.810645],[136.792339,49.805641],[136.786746,49.80152],[136.788512,49.797399],[136.796754,49.787096],[136.807645,49.770317],[136.816182,49.762958],[136.817065,49.760015],[136.797048,49.757954],[136.790278,49.759131],[136.786451,49.760603],[136.778798,49.76443],[136.77556,49.766785],[136.758487,49.782386],[136.750833,49.791806],[136.746123,49.80152],[136.74524,49.811234],[136.747301,49.832722],[136.746123,49.842437],[136.74053,49.850679],[136.733171,49.855389],[136.72434,49.85951],[136.715215,49.866574],[136.696081,49.874817],[136.674299,49.870695],[136.651338,49.861865],[136.629555,49.856566],[136.616603,49.858332],[136.593054,49.866869],[136.581574,49.869812],[136.567444,49.869812],[136.529471,49.863631],[136.510632,49.858332],[136.381995,49.790334],[136.364922,49.777676],[136.350204,49.751184],[136.344611,49.746768],[136.307226,49.726457],[136.295746,49.712328],[136.27308,49.664346],[136.259834,49.652866],[136.228631,49.63697],[136.214796,49.626962],[136.188598,49.612244],[136.146798,49.598409],[136.104998,49.594582],[136.08086,49.609594],[136.099111,49.615482],[136.128547,49.628728],[136.142677,49.630789],[136.148564,49.628139],[136.150036,49.623135],[136.153274,49.618425],[136.163282,49.616659],[136.171819,49.61872],[136.180944,49.624018],[136.197429,49.63697],[136.187715,49.668762],[136.213913,49.682008],[136.250414,49.689662],[136.27308,49.705263],[136.235402,49.700847],[136.22245,49.703497],[136.22451,49.718804],[136.212147,49.721747],[136.205376,49.725868],[136.20155,49.731756],[136.197429,49.739409],[136.1989,49.741764],[136.192719,49.773555],[136.190658,49.777676],[136.198606,49.790923],[136.216562,49.80358],[136.252769,49.822714],[136.233341,49.828013],[136.212736,49.828307],[136.193013,49.830662],[136.177118,49.842437],[136.205965,49.848913],[136.303988,49.849207],[136.329892,49.855683],[136.381701,49.886885],[136.409665,49.897777],[136.404367,49.907491],[136.404072,49.915733],[136.408193,49.92162],[136.416436,49.924858],[136.404072,49.942815],[136.416141,49.955767],[136.440279,49.963715],[136.464711,49.966658],[136.491204,49.964598],[136.518874,49.958416],[136.543601,49.94723],[136.560674,49.931334],[136.577747,49.895716],[136.592465,49.88247],[136.618958,49.877171],[136.711977,49.890712],[136.725224,49.889535],[136.731111,49.88718],[136.735821,49.888357],[136.746123,49.897777],[136.753188,49.908374],[136.761725,49.931629],[136.769672,49.941637],[136.773794,49.954295],[136.773205,49.996095],[136.78027,50.014345],[136.805585,50.043782],[136.812355,50.060266],[136.814416,50.08617],[136.817654,50.097061],[136.825896,50.107953],[136.84503,50.127087],[136.852978,50.138567],[136.857687,50.161233],[136.862103,50.172124],[136.876821,50.187726],[136.951295,50.232763],[136.993095,50.244832],[137.0,50.248027164283535],[137.0,50.23387132411572],[136.935988,50.209803],[136.929807,50.202444],[136.912439,50.173302],[136.905669,50.1577],[136.913322,50.15093],[136.928629,50.152402],[136.992506,50.168003],[137.0,50.17081338259024],[137.0,50.144288395366054],[136.991034,50.144748],[136.981909,50.140627],[136.964836,50.130619],[136.920093,50.119728],[136.903019,50.110014],[136.913617,50.091469],[136.904491,50.073512],[136.885652,50.060266]]],[[[136.485022,51.387554],[136.475014,51.392558],[136.468538,51.396973],[136.4653,51.403744],[136.464123,51.415518],[136.465889,51.420228],[136.467361,51.430531],[136.464711,51.440834],[136.437924,51.453491],[136.436747,51.472036],[136.443811,51.508243],[136.439396,51.512659],[136.431448,51.51678],[136.424383,51.523256],[136.4235,51.53503],[136.427033,51.543861],[136.433803,51.550926],[136.44234,51.556519],[136.471187,51.571826],[136.494442,51.580068],[136.517402,51.581834],[136.536242,51.573003],[136.540657,51.563289],[136.535947,51.55593],[136.526233,51.55122],[136.516225,51.549454],[136.510632,51.545922],[136.521524,51.537974],[136.546839,51.525022],[136.585106,51.507654],[136.598058,51.494997],[136.608361,51.473508],[136.610127,51.452314],[136.601591,51.435241],[136.586284,51.419934],[136.550077,51.391969],[136.530943,51.383138],[136.509455,51.380783],[136.485022,51.387554]]],[[[136.533887,52.057821],[136.529471,52.045752],[136.492087,51.994238],[136.51387,51.996888],[136.53948,52.004835],[136.563618,52.016316],[136.581574,52.028385],[136.57863,52.049873],[136.598353,52.06989],[136.649866,52.097266],[136.679891,52.107568],[136.701969,52.104625],[136.72228,52.091084],[136.746123,52.069595],[136.734054,52.054289],[136.707562,52.034272],[136.697553,52.021614],[136.737587,52.02338],[136.753188,52.021614],[136.769672,52.011311],[136.779681,51.994533],[136.773794,51.980698],[136.742591,51.95656],[136.723457,51.948023],[136.700497,51.946257],[136.635737,51.957737],[136.616603,51.957443],[136.606889,51.948317],[136.61572,51.925357],[136.602474,51.921236],[136.575981,51.915937],[136.563912,51.908578],[136.545367,51.892683],[136.53477,51.887678],[136.519463,51.88444],[136.487083,51.88238],[136.459413,51.887384],[136.444694,51.902985],[136.450582,51.933011],[136.427916,51.940664],[136.406427,51.957737],[136.396713,51.979814],[136.409665,52.001892],[136.402895,51.994238],[136.439396,52.035744],[136.462356,52.054583],[136.488555,52.062825],[136.521229,52.062531],[136.533887,52.057821]]],[[[129.125036,54.607603],[129.097955,54.619378],[129.088241,54.627031],[129.072639,54.645282],[129.064397,54.652641],[129.04909,54.661472],[129.040259,54.662943],[129.031134,54.661177],[129.002286,54.659411],[128.991395,54.657645],[128.981681,54.652641],[128.971378,54.643221],[128.960192,54.638511],[128.944002,54.637628],[128.919864,54.639689],[128.891017,54.638511],[128.865996,54.633801],[128.84333,54.624382],[128.820369,54.60878],[128.80359,54.604659],[128.77386,54.633507],[128.748544,54.639689],[128.731177,54.627325],[128.724701,54.58111],[128.710571,54.570807],[128.686139,54.568747],[128.672598,54.569336],[128.666711,54.57434],[128.664651,54.589647],[128.659941,54.598772],[128.65111,54.605248],[128.626383,54.617611],[128.614609,54.621144],[128.603129,54.621732],[128.590765,54.619378],[128.580168,54.615551],[128.56751,54.609075],[128.56074,54.599655],[128.566627,54.588175],[128.5837,54.575517],[128.787989,54.473667],[128.824196,54.440993],[128.830672,54.429807],[128.839797,54.408613],[128.843624,54.388302],[128.834204,54.379176],[128.807417,54.380354],[128.78534,54.383886],[128.741774,54.399488],[128.735298,54.400371],[128.72058,54.398604],[128.714398,54.399488],[128.709688,54.404492],[128.708511,54.410673],[128.708217,54.416561],[128.706745,54.420093],[128.69497,54.42598],[128.682901,54.430101],[128.669655,54.432751],[128.65582,54.433634],[128.633448,54.44217],[128.601951,54.482498],[128.583995,54.495745],[128.56751,54.497511],[128.550143,54.496333],[128.533364,54.497511],[128.513936,54.509285],[128.50069,54.513406],[128.495391,54.51635],[128.491859,54.522826],[128.493036,54.529597],[128.492153,54.536367],[128.481556,54.542843],[128.456241,54.543137],[128.420034,54.534895],[128.385299,54.522237],[128.364988,54.509285],[128.380001,54.499866],[128.421211,54.482204],[128.43328,54.468369],[128.432397,54.446291],[128.415619,54.440993],[128.393247,54.44688],[128.374996,54.457772],[128.335846,54.508108],[128.327015,54.51635],[128.307881,54.522532],[128.294635,54.536956],[128.284627,54.553146],[128.275501,54.564626],[128.253424,54.575223],[128.228403,54.579344],[128.21133,54.572574],[128.21339,54.550496],[128.225165,54.537839],[128.262844,54.517233],[128.375585,54.434223],[128.405905,54.406258],[128.309942,54.439815],[128.221338,54.494273],[128.205148,54.494567],[128.16953,54.488386],[128.138328,54.493095],[128.130968,54.505459],[128.126259,54.522237],[128.104181,54.539899],[128.089757,54.542254],[128.0353,54.536661],[127.960237,54.542843],[127.960237,54.536661],[128.064148,54.481321],[128.093879,54.457772],[128.133029,54.415383],[128.138916,54.406258],[128.121254,54.399193],[128.096822,54.40979],[128.059438,54.433634],[128.004686,54.478672],[127.985847,54.487797],[127.964358,54.485442],[127.945225,54.475434],[127.93345,54.46101],[127.934333,54.453651],[127.939926,54.447763],[127.944047,54.441876],[127.94022,54.433634],[127.929329,54.426275],[127.921676,54.42863],[127.909018,54.444231],[127.893417,54.44688],[127.88017,54.431573],[127.864863,54.392128],[127.937277,54.362692],[127.960826,54.358571],[127.994089,54.348857],[128.001448,54.330312],[127.990851,54.318243],[127.953467,54.336788],[127.864863,54.365341],[127.837193,54.360043],[127.840431,54.347385],[127.87811,54.317654],[127.864863,54.318832],[127.851911,54.317654],[127.840137,54.312945],[127.830423,54.303819],[127.898715,54.272911],[127.923147,54.269084],[127.944342,54.274677],[127.976427,54.298521],[127.998505,54.303819],[128.011457,54.279976],[128.019993,54.2735],[128.030296,54.26879],[128.055906,54.262903],[128.105064,54.257898],[128.126553,54.253189],[128.145098,54.242591],[128.117722,54.230523],[128.001743,54.248773],[127.985553,54.247301],[127.97054,54.241708],[127.960532,54.231406],[127.960237,54.214627],[127.969363,54.202558],[127.985553,54.196376],[128.004686,54.193727],[128.022348,54.194021],[127.99615,54.18784],[127.96377,54.189017],[127.934922,54.186074],[127.919909,54.16694],[127.931095,54.143391],[127.963181,54.128967],[128.029118,54.11837],[128.005864,54.112188],[127.950523,54.109833],[127.920498,54.096293],[127.907546,54.093349],[127.882231,54.090994],[127.865452,54.094821],[127.852206,54.112188],[127.837487,54.11837],[127.826302,54.116898],[127.796276,54.097764],[127.76007,54.085695],[127.740936,54.07657],[127.714149,54.078336],[127.703257,54.074215],[127.694721,54.067445],[127.666167,54.050077],[127.632021,54.022701],[127.625545,54.012399],[127.615537,53.989144],[127.607295,53.978252],[127.598464,53.975014],[127.559313,53.967655],[127.549305,53.964123],[127.5078,53.940868],[127.497202,53.931154],[127.494848,53.925561],[127.495436,53.920557],[127.494259,53.912904],[127.4869,53.888471],[127.480424,53.876991],[127.470121,53.871987],[127.464528,53.868455],[127.45658,53.859918],[127.449515,53.84991],[127.446277,53.841373],[127.450104,53.827832],[127.460113,53.819002],[127.473653,53.813703],[127.487783,53.810465],[127.624368,53.796335],[127.576681,53.784561],[127.468649,53.807816],[127.418313,53.803695],[127.406538,53.792509],[127.395647,53.760129],[127.38505,53.749237],[127.363561,53.747471],[127.274958,53.762189],[127.274958,53.769548],[127.294974,53.774553],[127.304983,53.779557],[127.309104,53.786621],[127.3041,53.794275],[127.292031,53.798102],[127.278784,53.800457],[127.268776,53.803695],[127.2623,53.810171],[127.251114,53.826949],[127.244638,53.834308],[127.218734,53.856386],[127.21373,53.865217],[127.279962,53.855208],[127.28791,53.849615],[127.294091,53.843139],[127.302922,53.837841],[127.325294,53.834897],[127.334125,53.844022],[127.339718,53.860507],[127.350609,53.879346],[127.366799,53.861096],[127.385344,53.856386],[127.403595,53.864922],[127.418313,53.885528],[127.422434,53.901423],[127.418313,53.957647],[127.411248,53.977369],[127.394764,53.989438],[127.375041,53.997975],[127.358263,54.008572],[127.353553,54.014165],[127.345899,54.026823],[127.340601,54.033299],[127.329121,54.039775],[127.3041,54.046251],[127.276135,54.064501],[127.239928,54.082457],[127.223738,54.094526],[127.199012,54.128084],[127.186354,54.142213],[127.16516,54.153105],[127.046825,54.171355],[126.987953,54.188428],[126.959694,54.221986],[127.018272,54.224341],[127.078028,54.214921],[127.216379,54.171061],[127.237868,54.158698],[127.256413,54.144568],[127.301745,54.098942],[127.321467,54.085401],[127.343839,54.077453],[127.371803,54.073921],[127.381223,54.070977],[127.392409,54.063912],[127.41272,54.03477],[127.42214,54.030355],[127.434209,54.026823],[127.460407,54.01181],[127.473653,54.008572],[127.500735,54.009161],[127.513098,54.011516],[127.551365,54.025351],[127.568733,54.036242],[127.600524,54.067445],[127.609944,54.072449],[127.622307,54.075687],[127.633199,54.080102],[127.638203,54.08805],[127.636437,54.101591],[127.634376,54.108656],[127.636142,54.114837],[127.645562,54.12514],[127.667345,54.138387],[127.692955,54.14398],[127.798043,54.15075],[127.825124,54.158992],[127.844258,54.17371],[127.780381,54.204324],[127.758009,54.207857],[127.747412,54.204913],[127.737109,54.19932],[127.726218,54.195493],[127.71356,54.197259],[127.698842,54.204619],[127.693249,54.210211],[127.689128,54.216982],[127.679708,54.228168],[127.615243,54.269967],[127.600524,54.276738],[127.598758,54.279976],[127.580213,54.300581],[127.565201,54.311178],[127.554898,54.313533],[127.547833,54.31736],[127.542535,54.331784],[127.544301,54.365047],[127.542535,54.372112],[127.533409,54.373878],[127.51928,54.370934],[127.505739,54.366224],[127.497791,54.362103],[127.486017,54.358571],[127.469827,54.361515],[127.453931,54.367991],[127.442745,54.375644],[127.441568,54.386536],[127.453342,54.395661],[127.480424,54.406258],[127.488666,54.407435],[127.497202,54.407435],[127.503678,54.411851],[127.5078,54.426863],[127.506917,54.440404],[127.501618,54.449529],[127.48425,54.464836],[127.460701,54.480438],[127.438624,54.48191],[127.392409,54.468369],[127.379162,54.467191],[127.371803,54.468957],[127.365916,54.47249],[127.358263,54.475139],[127.304983,54.485442],[127.267893,54.503398],[127.242872,54.497511],[127.199895,54.475139],[127.170458,54.473667],[127.13749,54.479555],[127.10717,54.491329],[127.086565,54.505753],[127.079794,54.513406],[127.076556,54.52106],[127.078028,54.529302],[127.086565,54.539899],[127.095395,54.540782],[127.104226,54.532835],[127.117473,54.51635],[127.140728,54.504281],[127.16722,54.497511],[127.194007,54.499277],[127.216968,54.512818],[127.242578,54.518705],[127.27378,54.512523],[127.296446,54.512229],[127.296152,54.536661],[127.281139,54.554029],[127.253175,54.574045],[127.223738,54.591119],[127.203427,54.598183],[127.190475,54.607014],[127.175462,54.627325],[127.163394,54.650286],[127.158978,54.667065],[127.168103,54.683549],[127.185471,54.685609],[127.204899,54.67825],[127.2205,54.667065],[127.224621,54.659705],[127.23198,54.638806],[127.237868,54.629386],[127.246993,54.623204],[127.27172,54.616434],[127.282611,54.611724],[127.29939,54.596123],[127.316463,54.560505],[127.330298,54.542843],[127.340306,54.536073],[127.350609,54.531951],[127.362089,54.530185],[127.374747,54.529891],[127.385344,54.534306],[127.39182,54.543432],[127.391231,54.552851],[127.381812,54.557267],[127.370037,54.56492],[127.355319,54.583465],[127.342661,54.604954],[127.337068,54.622616],[127.340306,54.639689],[127.348549,54.661177],[127.358557,54.679722],[127.367682,54.68767],[127.377985,54.67825],[127.385638,54.657056],[127.392409,54.622616],[127.400062,54.601421],[127.428321,54.57434],[127.425672,54.557267],[127.475714,54.536661],[127.504267,54.53048],[127.560785,54.529891],[127.571382,54.533129],[127.576681,54.542843],[127.573737,54.554029],[127.564612,54.562271],[127.553132,54.567864],[127.542535,54.570807],[127.542535,54.577578],[127.55843,54.58376],[127.571382,54.59259],[127.593754,54.615551],[127.60023,54.630269],[127.596403,54.644987],[127.576681,54.673835],[127.596698,54.68296],[127.618775,54.690025],[127.642324,54.694146],[127.666167,54.693852],[127.654099,54.657645],[127.645562,54.603482],[127.6488,54.554912],[127.672055,54.536661],[127.682063,54.541371],[127.687656,54.550202],[127.692366,54.560799],[127.700314,54.570807],[127.714738,54.580227],[127.723274,54.579344],[127.731811,54.574045],[127.758009,54.567275],[127.767723,54.560799],[127.778026,54.558739],[127.793038,54.567864],[127.798926,54.577578],[127.801575,54.588469],[127.805696,54.598478],[127.816293,54.605542],[127.82954,54.607897],[127.833955,54.603482],[127.83631,54.596712],[127.844258,54.591413],[127.858093,54.589058],[127.902542,54.591413],[127.926385,54.5973],[127.944342,54.612313],[127.973778,54.652641],[127.992323,54.685904],[128.002626,54.725937],[128.004098,54.768915],[127.995561,54.811009],[127.978193,54.8428],[127.977899,54.859284],[127.998505,54.866349],[128.021171,54.864583],[128.035889,54.858696],[128.039127,54.846921],[128.025586,54.828082],[128.018816,54.809537],[128.028824,54.793052],[128.055906,54.769503],[128.06297,54.751841],[128.069152,54.717695],[128.076805,54.701211],[128.052962,54.668242],[128.045603,54.64852],[128.050018,54.632918],[128.07239,54.62497],[128.106831,54.623499],[128.140977,54.62762],[128.162171,54.636451],[128.177478,54.652935],[128.187192,54.668242],[128.192196,54.686493],[128.195434,54.722994],[128.200733,54.733002],[128.209269,54.739772],[128.220455,54.742127],[128.232524,54.738889],[128.238706,54.730942],[128.248714,54.707981],[128.225165,54.666476],[128.221044,54.656173],[128.22752,54.640572],[128.243416,54.638806],[128.275796,54.646459],[128.311708,54.645576],[128.329664,54.647048],[128.344382,54.652641],[128.357629,54.665298],[128.376174,54.690614],[128.392953,54.701211],[128.409143,54.689142],[128.41032,54.673835],[128.402961,54.656762],[128.392953,54.639689],[128.406788,54.626442],[128.4218,54.620555],[128.457418,54.619378],[128.461539,54.62762],[128.466544,54.642927],[128.476258,54.651758],[128.495391,54.639689],[128.53778,54.675601],[128.558385,54.682371],[128.621968,54.675601],[128.636392,54.67619],[128.652287,54.680017],[128.690849,54.704449],[128.703801,54.707981],[128.716164,54.703566],[128.72529,54.684432],[128.738242,54.680017],[128.773271,54.674129],[128.790638,54.674424],[128.806828,54.683843],[128.819781,54.705921],[128.828317,54.711808],[128.853927,54.696207],[128.867762,54.693263],[128.899259,54.693852],[128.90338,54.699445],[128.91957,54.706509],[128.940175,54.712397],[129.003169,54.718578],[129.027307,54.715929],[129.04703,54.704743],[129.082648,54.691791],[129.180082,54.683255],[129.200393,54.659705],[129.207752,54.659705],[129.241899,54.632918],[129.239838,54.623204],[129.231007,54.614373],[129.219233,54.608192],[129.207164,54.605542],[129.151529,54.604071],[129.125036,54.607603]]]]},"properties":{"source":"Natural Earth 1:10m lakes","sha256":"2d036f53dedec578001c5c30c2959ee7d4eebc1306900fa4367c49929ec8f2d9"}}]}
