{"type":"FeatureCollection","features":[{"type":"Feature","properties":{"id":"jurchen-regions","sourceRefs":["atlas-943-fixed-master"]},"geometry":{"type":"MultiPolygon","coordinates":[[[[141.03533,45.446234],[141.052745,45.450426],[141.069021,45.442694],[141.073578,45.424709],[141.059093,45.321967],[141.049571,45.292914],[141.035655,45.264879],[141.029063,45.27851],[141.029959,45.283922],[141.035655,45.292182],[141.010509,45.327786],[140.998871,45.350002],[140.994151,45.371039],[141.000987,45.419135],[140.996349,45.430243],[140.966807,45.463446],[140.974132,45.467719],[140.980642,45.46894],[140.986095,45.467434],[140.990489,45.463365],[140.993175,45.458808],[141.006602,45.440416],[141.02003,45.439846],[141.03533,45.446234]]],[[[141.196788,46.243638],[141.201508,46.249945],[141.205251,46.261094],[141.199148,46.282457],[141.212413,46.281887],[141.222504,46.284898],[141.233084,46.274726],[141.240571,46.259589],[141.238455,46.235256],[141.224457,46.212551],[141.212738,46.218085],[141.201834,46.219387],[141.198416,46.234971],[141.196788,46.243638]]],[[[137.009579,50.237473],[137.023709,50.245127],[137.046375,50.266321],[137.072279,50.282805],[137.080815,50.285455],[137.080227,50.276329],[137.078755,50.272208],[137.074634,50.267498],[137.094062,50.24601],[137.079344,50.223638],[137.019588,50.180072],[137.006636,50.173302],[136.992506,50.168003],[136.928629,50.152402],[136.913322,50.15093],[136.905669,50.1577],[136.912439,50.173302],[136.929807,50.202444],[136.935988,50.209803],[137.009579,50.237473]]],[[[136.513524244813,45.596868625954286],[136.2858338606684,45.72295523803016],[136.05739129822908,45.84862471218268],[135.82819588541392,45.97387583794965],[135.5982469824023,46.098707389121046],[135.3675439821059,46.22311812373552],[135.15260610174522,46.41107641452441],[134.93659803367765,46.59873611259659],[134.71951391648054,46.786097567359725],[134.4323867676542,46.74675240596435],[134.14560827327244,46.706751613472406],[133.8591837661192,46.666096532367085],[133.5731185394333,46.624788522239804],[133.2874178464608,46.58282895948756],[133.0020869000182,46.54021923700896],[132.70080725086473,46.500560286806575],[132.39990237444334,46.46017324809441],[132.09937852313044,46.41905965037388],[131.79924190212964,46.37722104452585],[131.49949866887826,46.3346590024315],[131.21796279333165,46.337533262182305],[130.93645031970203,46.33974892348751],[130.6549671154243,46.34130617913488],[130.3735190449794,46.342205244858526],[130.0921119692221,46.342446359319666],[129.83692580719807,46.413637602948455],[129.58128544571872,46.484288404192824],[129.32519405373995,46.55439752596957],[129.0686548394725,46.62396373507788],[128.81167105031378,46.6929858024335],[128.58227688593493,46.84188980303643],[128.35198544090747,46.99041916623882],[128.1207942324977,47.138572952364385],[127.8887008001836,47.28635020043291],[127.65570270627433,47.43374992802209],[127.50070371543192,47.60474304159793],[127.34499390702139,47.775652503434344],[127.18856888166847,47.946479603268195],[127.03142421095616,48.117225638700866],[126.87355543729296,48.28789191543696],[126.76246581169626,48.49433680941171],[126.65075234160086,48.700883525646226],[126.5384095312077,48.90753631103184],[126.42543182272952,49.11429948082894],[126.31181359556078,49.32117742066262],[126.19754916543494,49.52817458858578],[126.03464823122417,49.69891416149693],[125.87098261781422,49.86958998876727],[125.70654753478519,50.040203527467014],[125.54133816045646,50.21075624673025],[125.37534964176655,50.38124962808873],[125.02998364035066,50.447543710149276],[124.68405587994235,50.512902792317206],[124.33757570383182,50.57732453217367],[124.0383105878301,50.553987886213214],[123.739317240373,50.52995214489475],[123.44060225875552,50.50521857275663],[123.14217220552456,50.47978846096846],[122.84403360774384,50.45366312701858],[122.536976813829,50.43755391377909],[122.23014240896201,50.42070317316544],[121.9235377144852,50.40311201464064],[121.61717002146239,50.384781579262786],[121.31104658976498,50.36571303940651],[121.00517464716862,50.34590759847616],[120.68722205095916,50.27423076713945],[120.37001361631131,50.201797109668796],[120.05355499555203,50.12860983466857],[119.73785174535779,50.05467215828991],[119.42290932673029,49.97998730351709],[119.10873310499774,49.904558499461594],[119.25769633406296,50.0958143651617],[119.40749562893377,50.287130601190086],[119.55813771073666,50.47851016099376],[119.7096293650021,50.66995604192494],[119.8619774423085,50.86147128646077],[119.8561235613943,51.03321649035335],[119.85024066887026,51.20516037796287],[119.84432852824963,51.37730660169287],[119.83838690047432,51.54965887693123],[119.61687166630398,51.701966470808415],[119.39442082209186,51.854041703697646],[119.17103058808817,52.00588423904425],[118.9466971897798,52.1574937252613],[119.14799883318472,52.290153499780814],[119.35011837184207,52.42264087257188],[119.5530589380985,52.554955253553985],[119.7568236609003,52.687096039750166],[119.96141566542462,52.81906261512395],[120.16683807270417,52.95085435041325],[120.49486213230314,53.01797578277164],[120.82362361229677,53.084312852528896],[121.15311579242247,53.149862079884194],[121.4833318499914,53.214619999464745],[121.8142648601817,53.27858316123072],[122.14590779636355,53.34174813138721],[122.0476218765739,53.53974129619768],[121.94877121475378,53.73798043706926],[121.84935068558869,53.93647154158839],[121.74935510356698,54.13522072309351],[121.64877922212648,54.33423422469037],[121.65624408956302,54.54476583101725],[121.6637590789576,54.755706233301524],[121.67132470579469,54.96706447310787],[121.678941492648,55.17884981519468],[122.01172850401248,55.21328134519145],[122.34494231801867,55.24689443648009],[122.67857419535895,55.27968680739546],[123.01261533271553,55.311656216658],[123.34705686389916,55.342800464099824],[123.68188986101127,55.37311739138206],[124.01710533562955,55.40260488270167],[124.35269424001602,55.43126086548819],[124.68864746834777,55.45908331108891],[125.0320452040461,55.456796063407744],[125.37549620115155,55.45362194089599],[125.71899002876967,55.449560591683344],[126.06251624981381,55.444611722345776],[126.40606442276221,55.438775097926154],[126.74962410341666,55.43205054193129],[127.09318484666274,55.42443793630679],[127.43673620822996,55.415937221388305],[127.78240002364986,55.432028059834174],[128.12829753446272,55.44722815820808],[128.47441836370913,55.46153618477198],[128.82075209724175,55.47495086458562],[129.16728828542475,55.487470979948654],[129.51401644484835,55.499095370822225],[129.86092606005715,55.509822935228534],[130.20494140063352,55.4941702065563],[130.54885258396953,55.47762815319738],[130.89264919384826,55.46019730454819],[131.23632083437408,55.441878247175545],[131.5798571317013,55.422671624495074],[131.92324773575342,55.40257813642859],[132.2664823219328,55.38159853904044],[132.60955059281915,55.35973364415333],[132.93394880534277,55.31162397624092],[133.25792305480778,55.26273240839715],[133.58146539874028,55.21306098909414],[133.90456795842803,55.16261179757202],[134.2272229198099,55.111386943112585],[134.54942253434314,55.059388564309884],[134.8711591198482,55.006618828338205],[135.08492526049795,54.80531676859492],[135.2974499392427,54.60399328132056],[135.5087421912078,54.40264484544276],[135.71881098937058,54.201267994081604],[135.92766524461499,53.99985931285089],[136.13531380580093,53.798415438216104],[136.3904545180355,53.92120948254591],[136.6465561702443,54.043678241333595],[136.78665422620531,54.11024435804339],[136.783539,54.106147],[136.768809,54.080227],[136.780284,54.063788],[136.720063,54.032782],[136.689138,54.012274],[136.687348,53.992377],[136.692068,53.98017],[136.684581,53.968207],[136.663585,53.947089],[136.65919,53.935045],[136.65919,53.926174],[136.675548,53.843573],[136.677094,53.820746],[136.684744,53.808498],[136.702485,53.80036],[136.738617,53.790025],[136.764334,53.775295],[136.775157,53.773098],[136.793793,53.776353],[136.80836,53.781073],[136.821788,53.788398],[136.831716,53.799058],[136.83546,53.81391],[136.842052,53.828762],[136.85727,53.834377],[136.87436,53.836575],[136.898692,53.846991],[136.957774,53.857652],[136.966319,53.856838],[136.991873,53.851508],[137.012543,53.852118],[137.019786,53.851508],[137.049571,53.838528],[137.077891,53.820054],[137.107921,53.807929],[137.142751,53.81391],[137.166677,53.830227],[137.18572,53.85106],[137.233653,53.942572],[137.247406,53.961737],[137.263194,53.97842],[137.279959,54.022773],[137.283458,54.029853],[137.288341,54.03262],[137.290863,54.035712],[137.287364,54.043891],[137.280935,54.048529],[137.271658,54.050238],[137.253754,54.050116],[137.188162,54.038804],[137.156993,54.044013],[137.143891,54.074286],[137.138194,54.083441],[137.061371,54.145697],[137.090587,54.154283],[137.177501,54.20775],[137.206798,54.217027],[137.234141,54.220282],[137.260509,54.227444],[137.287364,54.248725],[137.279959,54.255561],[137.300141,54.271918],[137.325206,54.279039],[137.351817,54.283189],[137.37672,54.290269],[137.385997,54.297187],[137.389903,54.303534],[137.394786,54.308295],[137.419119,54.311347],[137.43922,54.316392],[137.451427,54.317613],[137.47755,54.314887],[137.546723,54.297187],[137.643321,54.297187],[137.663422,54.305243],[137.686778,54.320746],[137.711681,54.330471],[137.73585,54.32099],[137.740001,54.306586],[137.726248,54.295478],[137.684581,54.276597],[137.588715,54.206122],[137.580821,54.187323],[137.550792,54.172919],[137.525645,54.156399],[137.504242,54.136542],[137.485362,54.112128],[137.484386,54.102037],[137.487315,54.09162],[137.483897,54.084662],[137.464854,54.084866],[137.450206,54.089057],[137.447032,54.095038],[137.449474,54.104315],[137.451182,54.118354],[137.45338,54.120347],[137.457774,54.121161],[137.460704,54.124172],[137.458018,54.132636],[137.453624,54.138373],[137.448578,54.14175],[137.43686,54.145697],[137.422374,54.148017],[137.405121,54.146674],[137.336925,54.132514],[137.320079,54.126654],[137.307872,54.118354],[137.303966,54.109036],[137.30421,54.098578],[137.302745,54.087877],[137.29363,54.07746],[137.305186,54.067328],[137.310883,54.057685],[137.320079,54.049465],[137.34197,54.043891],[137.399099,54.045396],[137.417735,54.043891],[137.438162,54.037014],[137.546235,53.972073],[137.571137,53.965481],[137.590505,53.956122],[137.602061,53.953843],[137.609223,53.956],[137.627452,53.965399],[137.636241,53.967597],[137.656912,53.965399],[137.696544,53.956],[137.736664,53.950873],[137.753917,53.945624],[137.771332,53.943549],[137.810557,53.95661],[137.862804,53.967597],[137.838715,53.950141],[137.799164,53.913275],[137.773936,53.899319],[137.678966,53.877834],[137.650401,53.865139],[137.64503,53.859442],[137.643565,53.853339],[137.642833,53.847154],[137.639659,53.841254],[137.633149,53.837958],[137.616954,53.836412],[137.609141,53.834418],[137.596934,53.824164],[137.594981,53.813137],[137.595714,53.802395],[137.591807,53.793158],[137.570649,53.777493],[137.565929,53.770941],[137.561046,53.755276],[137.56129,53.745022],[137.564301,53.736396],[137.563975,53.726874],[137.55421,53.714301],[137.539806,53.709133],[137.519054,53.705268],[137.500255,53.698188],[137.492198,53.68358],[137.487966,53.670559],[137.477224,53.665839],[137.380707,53.668402],[137.345388,53.66474],[137.314708,53.652818],[137.302989,53.642076],[137.290863,53.628241],[137.27768,53.6164],[137.263194,53.611274],[137.249034,53.610663],[137.231944,53.607652],[137.217621,53.600572],[137.211681,53.587714],[137.228201,53.566799],[137.265961,53.549018],[137.335134,53.529364],[137.370453,53.527533],[137.437999,53.540025],[137.678071,53.550116],[137.918224,53.586615],[138.047211,53.650458],[138.150076,53.672756],[138.168224,53.680365],[138.219005,53.711168],[138.270518,53.730414],[138.28419,53.738511],[138.298188,53.756171],[138.338878,53.869615],[138.349294,53.888983],[138.366384,53.909491],[138.395681,53.928412],[138.46811,53.949897],[138.55893,53.989569],[138.572113,53.998928],[138.578624,53.999335],[138.583751,53.990546],[138.584727,53.97724],[138.564952,53.942084],[138.568126,53.922024],[138.588878,53.879381],[138.579926,53.828315],[138.536632,53.786078],[138.378754,53.684149],[138.353282,53.660102],[138.34254,53.635484],[138.345958,53.618313],[138.349864,53.611274],[138.345063,53.607123],[138.273936,53.583889],[138.259939,53.577135],[138.246104,53.566352],[138.242931,53.558295],[138.246837,53.532782],[138.240733,53.522895],[138.216563,53.500434],[138.215587,53.491767],[138.226085,53.492255],[138.267345,53.522528],[138.284434,53.524848],[138.405772,53.510565],[138.43922,53.513658],[138.473155,53.525946],[138.502126,53.543524],[138.527843,53.564154],[138.550304,53.5869],[138.655772,53.731757],[138.696788,53.818671],[138.698578,53.836737],[138.688243,53.85456],[138.682465,53.875434],[138.695649,53.897773],[138.732921,53.934027],[138.76059,53.975246],[138.771821,54.01557],[138.772146,54.057807],[138.7671,54.104682],[138.675792,54.071519],[138.664724,54.07746],[138.675466,54.097805],[138.713145,54.137356],[138.725434,54.159329],[138.728038,54.166815],[138.732107,54.174384],[138.732921,54.180487],[138.7317,54.186225],[138.726085,54.194648],[138.725434,54.200344],[138.729503,54.209621],[138.7435,54.231269],[138.746593,54.242499],[138.734386,54.266343],[138.705089,54.281399],[138.643565,54.297187],[138.700369,54.314602],[138.719249,54.317613],[138.738536,54.315985],[138.934418,54.253079],[139.090099,54.223578],[139.161876,54.204739],[139.302257,54.190619],[139.371837,54.195868],[139.644786,54.266059],[139.70338,54.295966],[139.7317,54.304145],[139.767589,54.303941],[139.797048,54.297431],[139.803559,54.286811],[139.799083,54.2685],[139.794932,54.238837],[139.801036,54.226304],[139.815929,54.215155],[139.875173,54.18887],[139.883637,54.187323],[139.891124,54.189521],[139.908214,54.19892],[139.918468,54.200344],[139.908458,54.18887],[139.920421,54.175686],[140.00172,54.122992],[140.017751,54.118354],[140.053071,54.114203],[140.240571,54.056952],[140.244802,54.044379],[140.239268,54.034247],[140.230724,54.024319],[140.226329,54.012274],[140.235688,54.001288],[140.257335,53.989081],[140.281505,53.979071],[140.29835,53.975002],[140.320811,53.974066],[140.330821,53.970282],[140.33074,53.961737],[140.32252,53.947089],[140.302419,53.930487],[140.272797,53.911444],[140.251964,53.89057],[140.257335,53.868557],[140.3567,53.790025],[140.373546,53.782782],[140.416352,53.771877],[140.510916,53.733791],[140.521739,53.727037],[140.528575,53.721137],[140.534434,53.711982],[140.534923,53.708482],[140.533865,53.706204],[140.536632,53.691311],[140.536957,53.681952],[140.539806,53.671698],[140.549083,53.659654],[140.581228,53.639309],[140.651134,53.619818],[140.713145,53.58161],[141.026215,53.492133],[141.083263,53.482164],[141.09783,53.474758],[141.047374,53.478461],[140.994395,53.495185],[140.974294,53.494127],[140.949718,53.488959],[140.933767,53.476508],[140.939464,53.453599],[140.927419,53.444525],[140.930919,53.436347],[140.943126,53.432603],[140.956228,53.436835],[140.972504,53.448432],[140.984548,53.45185],[140.995372,53.448432],[141.007823,53.439927],[141.018321,53.42886],[141.025727,53.418036],[141.035411,53.409735],[141.089529,53.403266],[141.12436,53.392768],[141.117686,53.37523],[141.138438,53.362047],[141.168712,53.351264],[141.189952,53.34101],[141.208995,53.325629],[141.229259,53.315985],[141.251231,53.310981],[141.377696,53.309638],[141.407481,53.303778],[141.411876,53.293647],[141.404307,53.277981],[141.398123,53.255601],[141.37379,53.240302],[141.361095,53.230048],[141.357758,53.220893],[141.368419,53.213528],[141.384613,53.215562],[141.401134,53.222154],[141.411794,53.228339],[141.424001,53.217841],[141.419688,53.206529],[141.412446,53.194973],[141.415538,53.183295],[141.424001,53.174872],[141.429373,53.167304],[141.43214,53.159166],[141.432953,53.148871],[141.426443,53.144517],[141.38502,53.132066],[141.375499,53.12344],[141.349783,53.091132],[141.363536,53.086859],[141.368663,53.079983],[141.364431,53.073391],[141.349783,53.070014],[141.333181,53.07274],[141.298839,53.087104],[141.281993,53.091132],[141.253673,53.087836],[141.23113,53.076483],[141.210134,53.062323],[141.186371,53.050198],[141.186371,53.04267],[141.203624,53.037421],[141.222504,53.035549],[141.261567,53.035875],[141.251801,53.023993],[141.219493,53.002102],[141.188813,52.987494],[141.170421,52.983466],[141.151378,52.983385],[141.131847,52.987494],[140.998302,53.043647],[140.984141,53.05329],[140.966563,53.061957],[140.940684,53.069485],[140.894786,53.07685],[140.886974,53.083401],[140.871267,53.111965],[140.860688,53.118476],[140.777029,53.127834],[140.729991,53.126939],[140.706716,53.111029],[140.773448,53.089911],[140.8296,53.06387],[140.860362,53.045152],[140.876231,53.038479],[140.933442,53.031562],[140.945811,53.023342],[140.946951,53.001166],[140.939464,52.99494],[140.945567,52.984687],[140.954926,52.963609],[140.966075,52.944648],[140.9699,52.940904],[140.97462,52.937812],[140.984141,52.93008],[140.993826,52.925849],[141.006684,52.925116],[141.031993,52.926663],[141.044932,52.924262],[141.052419,52.918606],[141.057302,52.911566],[141.070974,52.896674],[141.075694,52.889797],[141.08253,52.883979],[141.09783,52.878241],[141.148692,52.872016],[141.15797,52.869208],[141.177257,52.855618],[141.186371,52.850898],[141.197765,52.848822],[141.26059,52.85224],[141.259288,52.846625],[141.212087,52.797593],[141.20102,52.777411],[141.210134,52.768378],[141.22877,52.763251],[141.250743,52.7508],[141.270274,52.735256],[141.281993,52.721259],[141.289073,52.701117],[141.292003,52.68476],[141.298513,52.671129],[141.316254,52.659125],[141.306163,52.649482],[141.300059,52.641425],[141.289561,52.61758],[141.285981,52.603949],[141.28419,52.591132],[141.28061,52.578762],[141.272146,52.566636],[141.235118,52.526313],[141.21339,52.50788],[141.135265,52.470526],[141.117686,52.448961],[141.128184,52.422919],[141.167166,52.364895],[141.186371,52.350653],[141.234711,52.335639],[141.258311,52.323717],[141.268403,52.306586],[141.278982,52.293443],[141.349783,52.268134],[141.36085,52.251654],[141.366222,52.246812],[141.39088,52.231106],[141.40211,52.225531],[141.414317,52.221747],[141.465994,52.213609],[141.480724,52.212836],[141.520763,52.219875],[141.529145,52.220364],[141.5324,52.220933],[141.54005,52.220771],[141.544688,52.217719],[141.535655,52.204657],[141.536143,52.199449],[141.539806,52.195258],[141.545909,52.19359],[141.542979,52.1883],[141.546886,52.176907],[141.552745,52.16592],[141.555837,52.162299],[141.550629,52.149848],[141.538829,52.154242],[141.514822,52.171942],[141.500824,52.173814],[141.493663,52.172309],[141.473888,52.158881],[141.402599,52.140204],[141.391368,52.127834],[141.378591,52.117987],[141.354991,52.105902],[141.342784,52.093817],[141.364024,52.083726],[141.326182,52.054023],[141.30893,52.037095],[141.302582,52.021674],[141.31365,52.004096],[141.335948,51.993964],[141.361176,51.986558],[141.381358,51.976996],[141.417817,51.954739],[141.429535,51.941962],[141.425548,51.925482],[141.407725,51.917304],[141.354747,51.909084],[141.343516,51.901923],[141.331798,51.890448],[141.280121,51.880316],[141.2588,51.857489],[141.200206,51.823676],[141.19044,51.805609],[141.178966,51.768215],[141.169119,51.751044],[141.133962,51.721137],[141.122325,51.705024],[141.131847,51.692694],[141.109223,51.678778],[140.987966,51.659247],[140.932628,51.628241],[140.915294,51.623847],[140.90561,51.615424],[140.905528,51.596381],[140.91212,51.562974],[140.901378,51.494086],[140.895518,51.491929],[140.893077,51.487291],[140.891368,51.482611],[140.88795,51.480414],[140.85377,51.480902],[140.844493,51.482896],[140.834727,51.48371],[140.822765,51.480414],[140.803071,51.467108],[140.800059,51.454169],[140.804942,51.439765],[140.808442,51.422105],[140.818858,51.416734],[140.84254,51.418036],[140.878103,51.432685],[140.896007,51.428778],[140.893891,51.41649],[140.884044,51.401068],[140.878103,51.387641],[140.87379,51.371772],[140.862804,51.35928],[140.847179,51.34984],[140.8296,51.343248],[140.749766,51.341742],[140.70574,51.334784],[140.68629,51.312812],[140.693044,51.281806],[140.702647,51.267279],[140.709727,51.259345],[140.713552,51.261379],[140.703868,51.245307],[140.667166,51.23607],[140.658946,51.223822],[140.661794,51.218492],[140.674978,51.207709],[140.679454,51.199286],[140.680024,51.189765],[140.666352,51.141425],[140.667328,51.131415],[140.693044,51.109931],[140.704356,51.092353],[140.708181,51.073554],[140.706716,51.031684],[140.701182,51.021877],[140.674083,51.014716],[140.665212,51.008124],[140.664561,50.997504],[140.675955,50.976508],[140.679454,50.966539],[140.673595,50.94831],[140.656749,50.937812],[140.633149,50.932929],[140.607432,50.931789],[140.599864,50.928453],[140.542247,50.877143],[140.529796,50.862372],[140.530284,50.855699],[140.547618,50.835639],[140.547862,50.826158],[140.544607,50.816636],[140.542247,50.805121],[140.534434,50.78913],[140.49586,50.761298],[140.480724,50.747382],[140.475922,50.737006],[140.476899,50.731513],[140.477306,50.726264],[140.469981,50.716702],[140.465831,50.70954],[140.46339,50.698961],[140.466075,50.689521],[140.477061,50.685289],[140.485362,50.676174],[140.514903,50.617092],[140.495779,50.616767],[140.483897,50.607164],[140.466563,50.575507],[140.442882,50.544379],[140.442149,50.530097],[140.456309,50.510647],[140.506358,50.460679],[140.514903,50.445746],[140.515636,50.434556],[140.51238,50.426988],[140.511078,50.419379],[140.522634,50.399115],[140.52711,50.37641],[140.545421,50.344062],[140.53891,50.330146],[140.524669,50.316636],[140.514903,50.294908],[140.519542,50.279446],[140.529959,50.25849],[140.536957,50.23607],[140.531749,50.216132],[140.520274,50.195543],[140.517833,50.173285],[140.52296,50.151068],[140.534841,50.130439],[140.549164,50.114081],[140.586762,50.081244],[140.600597,50.075181],[140.61085,50.07803],[140.628754,50.091702],[140.638438,50.09634],[140.674571,50.098212],[140.68629,50.103176],[140.690929,50.080268],[140.660655,50.05801],[140.590587,50.027411],[140.545909,50.000718],[140.528575,49.993313],[140.49464,49.983547],[140.48227,49.975287],[140.473318,49.959133],[140.480724,49.952338],[140.452891,49.924791],[140.442556,49.907457],[140.446056,49.890855],[140.425548,49.88345],[140.415212,49.874579],[140.415782,49.862698],[140.458507,49.805609],[140.473318,49.794623],[140.49464,49.788804],[140.517263,49.785549],[140.535004,49.777411],[140.542247,49.756781],[140.538097,49.744208],[140.507498,49.691636],[140.511404,49.687567],[140.519054,49.676744],[140.521169,49.67178],[140.531423,49.634101],[140.539724,49.617255],[140.552094,49.599799],[140.560802,49.575385],[140.550629,49.555243],[140.521169,49.527167],[140.519705,49.517157],[140.519867,49.503404],[140.518321,49.4914],[140.511078,49.486151],[140.501231,49.482164],[140.491466,49.472968],[140.462576,49.438625],[140.454275,49.420844],[140.443977,49.364997],[140.432872,49.306138],[140.435557,49.294379],[140.351085,49.295071],[140.335948,49.287543],[140.338878,49.277737],[140.350352,49.273098],[140.364024,49.273098],[140.384532,49.281562],[140.390229,49.275051],[140.389415,49.265286],[140.380626,49.26024],[140.377533,49.257025],[140.35019,49.239163],[140.345714,49.229193],[140.343761,49.218411],[140.344981,49.207709],[140.35019,49.198188],[140.355317,49.202582],[140.365326,49.208075],[140.370616,49.21247],[140.372569,49.208726],[140.373057,49.207913],[140.374034,49.207668],[140.376801,49.205634],[140.365245,49.189765],[140.359223,49.173651],[140.362071,49.158026],[140.376801,49.143541],[140.365326,49.132392],[140.359874,49.117011],[140.356456,49.095771],[140.344981,49.090074],[140.329682,49.08808],[140.294932,49.088324],[140.294932,49.082099],[140.336029,49.067694],[140.342784,49.061672],[140.343598,49.047065],[140.337169,49.039781],[140.291759,49.028022],[140.242198,49.02147],[140.219249,49.013861],[140.235199,49.007514],[140.250824,49.010891],[140.264496,49.012274],[140.274425,49.00019],[140.265147,48.99494],[140.253917,48.985419],[140.248383,48.976304],[140.257091,48.972235],[140.268403,48.974433],[140.278087,48.977525],[140.283458,48.976264],[140.281261,48.965399],[140.29127,48.964789],[140.301117,48.965399],[140.296641,48.980414],[140.305268,48.996283],[140.321381,49.008734],[140.346202,49.015855],[140.35255,49.019599],[140.359141,49.021308],[140.366954,49.017279],[140.368744,49.013373],[140.369884,49.002834],[140.370616,49.00019],[140.380626,48.99372],[140.38795,48.991767],[140.39796,48.992743],[140.378673,48.958726],[140.356456,48.931301],[140.352306,48.910224],[140.324718,48.891506],[140.266938,48.862372],[140.253917,48.848049],[140.249604,48.836982],[140.248871,48.826728],[140.246593,48.814602],[140.239757,48.801703],[140.221446,48.780585],[140.212983,48.767401],[140.201915,48.739488],[140.194428,48.709784],[140.185802,48.650092],[140.195323,48.603949],[140.193451,48.581122],[140.171967,48.568183],[140.175873,48.556871],[140.189545,48.538031],[140.192638,48.530341],[140.19044,48.50727],[140.185802,48.486274],[140.177013,48.461819],[140.16505,48.449408],[140.123627,48.431586],[140.088634,48.407457],[140.079356,48.403713],[140.072113,48.398627],[140.062999,48.374335],[140.058686,48.365871],[140.052501,48.357001],[140.043468,48.336249],[140.034923,48.327948],[140.026378,48.325426],[139.993256,48.321723],[139.951264,48.304877],[139.777599,48.191352],[139.767345,48.18769],[139.733897,48.163479],[139.726654,48.155341],[139.712006,48.12995],[139.684093,48.095526],[139.651866,48.068752],[139.561127,48.009263],[139.516694,47.971991],[139.507335,47.961493],[139.495697,47.954413],[139.424815,47.923896],[139.390473,47.904242],[139.261729,47.787909],[139.246349,47.767157],[139.236095,47.738715],[139.218028,47.714748],[139.211925,47.704169],[139.209972,47.693549],[139.209565,47.674018],[139.205658,47.663804],[139.188975,47.648098],[139.168305,47.636135],[139.15089,47.621772],[139.143565,47.5987],[139.13974,47.593492],[139.116222,47.567613],[139.096446,47.533515],[139.080658,47.512763],[139.065196,47.496324],[139.053315,47.478705],[139.048595,47.454332],[139.048188,47.434475],[139.045421,47.417426],[139.037364,47.401068],[139.026378,47.389431],[139.0206,47.383246],[138.999848,47.371283],[138.990489,47.363227],[138.986583,47.35163],[138.984711,47.342231],[138.980479,47.332465],[138.974864,47.323676],[138.969493,47.317532],[138.958995,47.313422],[138.917572,47.314399],[138.90561,47.312079],[138.897309,47.309068],[138.890717,47.305162],[138.660981,47.104804],[138.61671,47.083808],[138.594819,47.067328],[138.562755,47.029934],[138.53476,46.98664],[138.513276,46.940823],[138.500011,46.895453],[138.50351,46.876207],[138.501557,46.866156],[138.490001,46.861884],[138.484386,46.857978],[138.40976,46.780951],[138.396983,46.758857],[138.366303,46.687812],[138.35963,46.676337],[138.349132,46.664252],[138.349132,46.637152],[138.356456,46.594387],[138.344574,46.548733],[138.312836,46.523139],[138.232432,46.484565],[138.202403,46.454332],[138.113048,46.289496],[138.107188,46.244859],[138.100352,46.227973],[138.034028,46.155951],[138.009613,46.136461],[137.989024,46.128241],[137.978852,46.126166],[137.965587,46.121039],[137.952891,46.114407],[137.944428,46.107815],[137.941173,46.100287],[137.941173,46.082506],[137.938243,46.073635],[137.924164,46.060981],[137.884369,46.034247],[137.868256,46.00849],[137.782074,45.94599],[137.766612,45.929511],[137.75294,45.896552],[137.704682,45.854478],[137.685802,45.815334],[137.671479,45.794623],[137.638682,45.779039],[137.524425,45.689358],[137.494965,45.6789],[137.40287546262482,45.62736226000664],[137.33183755474874,45.62522291013739],[137.0589718314434,45.616386869167926],[136.7861989934242,45.60693531226056],[136.513524244813,45.596868625954286]],[[137.167653,50.346388],[137.146164,50.332258],[137.13645,50.341384],[137.122909,50.383772],[137.093473,50.419685],[137.089941,50.424689],[137.082876,50.442939],[137.080521,50.446472],[137.06963,50.452065],[137.060799,50.446177],[137.055794,50.434403],[137.055794,50.422039],[137.059916,50.408499],[137.060799,50.401728],[137.061387,50.394369],[137.058738,50.381417],[137.051968,50.370526],[137.017821,50.33167],[137.013995,50.321661],[137.026652,50.32225],[137.036366,50.329315],[137.047847,50.346682],[137.057855,50.350215],[137.064331,50.344327],[137.077872,50.312242],[137.012817,50.253958],[136.993095,50.244832],[136.951295,50.232763],[136.876821,50.187726],[136.862103,50.172124],[136.857687,50.161233],[136.852978,50.138567],[136.84503,50.127087],[136.825896,50.107953],[136.817654,50.097061],[136.814416,50.08617],[136.812355,50.060266],[136.805585,50.043782],[136.78027,50.014345],[136.773205,49.996095],[136.773794,49.954295],[136.769672,49.941637],[136.761725,49.931629],[136.753188,49.908374],[136.746123,49.897777],[136.735821,49.888357],[136.731111,49.88718],[136.725224,49.889535],[136.711977,49.890712],[136.618958,49.877171],[136.592465,49.88247],[136.577747,49.895716],[136.560674,49.931334],[136.543601,49.94723],[136.518874,49.958416],[136.491204,49.964598],[136.464711,49.966658],[136.440279,49.963715],[136.416141,49.955767],[136.404072,49.942815],[136.416436,49.924858],[136.408193,49.92162],[136.404072,49.915733],[136.404367,49.907491],[136.409665,49.897777],[136.381701,49.886885],[136.329892,49.855683],[136.303988,49.849207],[136.205965,49.848913],[136.177118,49.842437],[136.193013,49.830662],[136.212736,49.828307],[136.233341,49.828013],[136.252769,49.822714],[136.216562,49.80358],[136.198606,49.790923],[136.190658,49.777676],[136.192719,49.773555],[136.1989,49.741764],[136.197429,49.739409],[136.20155,49.731756],[136.205376,49.725868],[136.212147,49.721747],[136.22451,49.718804],[136.22245,49.703497],[136.235402,49.700847],[136.27308,49.705263],[136.250414,49.689662],[136.213913,49.682008],[136.187715,49.668762],[136.197429,49.63697],[136.180944,49.624018],[136.171819,49.61872],[136.163282,49.616659],[136.153274,49.618425],[136.150036,49.623135],[136.148564,49.628139],[136.142677,49.630789],[136.128547,49.628728],[136.099111,49.615482],[136.08086,49.609594],[136.104998,49.594582],[136.146798,49.598409],[136.188598,49.612244],[136.214796,49.626962],[136.228631,49.63697],[136.259834,49.652866],[136.27308,49.664346],[136.295746,49.712328],[136.307226,49.726457],[136.344611,49.746768],[136.350204,49.751184],[136.364922,49.777676],[136.381995,49.790334],[136.510632,49.858332],[136.529471,49.863631],[136.567444,49.869812],[136.581574,49.869812],[136.593054,49.866869],[136.616603,49.858332],[136.629555,49.856566],[136.651338,49.861865],[136.674299,49.870695],[136.696081,49.874817],[136.715215,49.866574],[136.72434,49.85951],[136.733171,49.855389],[136.74053,49.850679],[136.746123,49.842437],[136.747301,49.832722],[136.74524,49.811234],[136.746123,49.80152],[136.750833,49.791806],[136.758487,49.782386],[136.77556,49.766785],[136.778798,49.76443],[136.786451,49.760603],[136.790278,49.759131],[136.797048,49.757954],[136.817065,49.760015],[136.816182,49.762958],[136.807645,49.770317],[136.796754,49.787096],[136.788512,49.797399],[136.786746,49.80152],[136.792339,49.805641],[136.797637,49.810645],[136.799698,49.816532],[136.795871,49.822125],[136.786746,49.826246],[136.78233,49.828896],[136.78027,49.832428],[136.778209,49.838904],[136.768201,49.849501],[136.765846,49.856566],[136.768201,49.861865],[136.777915,49.874228],[136.787334,49.90337],[136.83561,49.973429],[136.853272,50.044665],[136.86593,50.054673],[136.885652,50.060266],[136.904491,50.073512],[136.913617,50.091469],[136.903019,50.110014],[136.920093,50.119728],[136.964836,50.130619],[136.981909,50.140627],[136.991034,50.144748],[137.013995,50.143571],[137.02312,50.147398],[137.090824,50.199206],[137.112901,50.207742],[137.126147,50.192141],[137.133212,50.196851],[137.140571,50.205976],[137.143809,50.216279],[137.142337,50.223638],[137.134095,50.245127],[137.117905,50.272208],[137.110252,50.292519],[137.114667,50.308709],[137.139983,50.31548],[137.16412,50.310181],[137.199738,50.287221],[137.225348,50.281333],[137.235945,50.282217],[137.258611,50.286926],[137.266854,50.287515],[137.325138,50.277801],[137.334263,50.274563],[137.358106,50.270442],[137.363111,50.26426],[137.364582,50.255135],[137.376651,50.232763],[137.389898,50.186843],[137.393724,50.178895],[137.404322,50.181838],[137.421983,50.198028],[137.436702,50.205682],[137.426399,50.209214],[137.419923,50.214807],[137.418745,50.222755],[137.424633,50.232763],[137.406676,50.240417],[137.39343,50.256607],[137.390192,50.274563],[137.403438,50.287515],[137.377534,50.301939],[137.383127,50.316657],[137.400789,50.329609],[137.410798,50.339323],[137.426988,50.34786],[137.457013,50.353158],[137.47232,50.35934],[137.444944,50.370526],[137.418451,50.371998],[137.397551,50.364344],[137.379006,50.354924],[137.222699,50.327843],[137.211807,50.328432],[137.199444,50.334025],[137.18767,50.342561],[137.176484,50.348448],[137.167653,50.346388]],[[136.540657,51.563289],[136.536242,51.573003],[136.517402,51.581834],[136.494442,51.580068],[136.471187,51.571826],[136.44234,51.556519],[136.433803,51.550926],[136.427033,51.543861],[136.4235,51.53503],[136.424383,51.523256],[136.431448,51.51678],[136.439396,51.512659],[136.443811,51.508243],[136.436747,51.472036],[136.437924,51.453491],[136.464711,51.440834],[136.467361,51.430531],[136.465889,51.420228],[136.464123,51.415518],[136.4653,51.403744],[136.468538,51.396973],[136.475014,51.392558],[136.485022,51.387554],[136.509455,51.380783],[136.530943,51.383138],[136.550077,51.391969],[136.586284,51.419934],[136.601591,51.435241],[136.610127,51.452314],[136.608361,51.473508],[136.598058,51.494997],[136.585106,51.507654],[136.546839,51.525022],[136.521524,51.537974],[136.510632,51.545922],[136.516225,51.549454],[136.526233,51.55122],[136.535947,51.55593],[136.540657,51.563289]],[[140.334422,51.676619],[140.317938,51.685156],[140.291151,51.687805],[140.250823,51.675736],[140.230806,51.686333],[140.21491,51.704584],[140.204902,51.725778],[140.203136,51.732843],[140.207257,51.73873],[140.222858,51.741085],[140.287324,51.742851],[140.332656,51.754037],[140.350318,51.761691],[140.36798,51.772876],[140.385641,51.788183],[140.399477,51.806728],[140.405069,51.826745],[140.414489,51.839403],[140.436861,51.837048],[140.480721,51.823801],[140.524287,51.826156],[140.607886,51.846173],[140.652041,51.850883],[140.637323,51.866484],[140.608181,51.877081],[140.552252,51.88444],[140.524287,51.891505],[140.509274,51.893566],[140.4975,51.888267],[140.476306,51.875021],[140.452756,51.864129],[140.427441,51.864718],[140.408896,51.875904],[140.402715,51.894154],[140.427441,51.935071],[140.427441,51.955088],[140.41861,51.973338],[140.371218,52.017199],[140.356205,52.02132],[140.339721,52.011311],[140.338249,51.995121],[140.35385,51.976576],[140.373278,51.959209],[140.384464,51.946551],[140.387408,51.925063],[140.373867,51.836459],[140.364153,51.813204],[140.348846,51.792304],[140.329418,51.775231],[140.308518,51.765223],[140.283791,51.758747],[140.204313,51.753448],[140.185768,51.746678],[140.177526,51.732254],[140.179292,51.70635],[140.191361,51.687805],[140.193716,51.676914],[140.18253,51.672204],[140.155743,51.66926],[140.14073,51.669555],[140.127778,51.675442],[140.111,51.680152],[140.035054,51.672204],[140.046828,51.68074],[140.110117,51.754332],[140.113355,51.759041],[140.113943,51.763751],[140.110117,51.767284],[140.106879,51.767872],[140.085096,51.764634],[140.079797,51.763162],[140.075087,51.760808],[139.942329,51.662196],[139.933498,51.652776],[139.905828,51.615097],[139.895231,51.605678],[139.889344,51.601851],[139.859907,51.589193],[139.855786,51.585367],[139.855786,51.580657],[139.857552,51.57889],[139.861379,51.577419],[139.885517,51.573592],[139.889049,51.571237],[139.941446,51.590076],[140.002674,51.623339],[140.034465,51.645417],[140.052421,51.653953],[140.072732,51.658074],[140.156332,51.655425],[140.185474,51.648949],[140.199603,51.637469],[140.187829,51.617747],[140.120125,51.585955],[140.097165,51.569176],[140.121891,51.539151],[140.136315,51.531204],[140.16163,51.52826],[140.172227,51.53032],[140.178115,51.535913],[140.186063,51.549454],[140.184296,51.550632],[140.183413,51.556519],[140.183708,51.563878],[140.186063,51.569176],[140.189889,51.571531],[140.202547,51.574769],[140.206962,51.576536],[140.226685,51.588605],[140.246407,51.597141],[140.267307,51.602145],[140.291739,51.603911],[140.305869,51.594786],[140.317643,51.577124],[140.332656,51.566233],[140.356794,51.576536],[140.38417,51.559757],[140.4139,51.557108],[140.558728,51.582423],[140.608769,51.600379],[140.617895,51.608916],[140.611419,51.630699],[140.619955,51.640707],[140.632907,51.648066],[140.644682,51.651598],[140.659106,51.651304],[140.675296,51.647183],[140.690603,51.641296],[140.71739,51.626872],[140.73358,51.623928],[140.768904,51.623928],[140.747415,51.658369],[140.740939,51.665434],[140.725926,51.671026],[140.682066,51.677797],[140.665287,51.678386],[140.603765,51.668672],[140.423614,51.620101],[140.36062,51.624223],[140.322648,51.665434],[140.334422,51.676619]],[[136.545367,51.892683],[136.563912,51.908578],[136.575981,51.915937],[136.602474,51.921236],[136.61572,51.925357],[136.606889,51.948317],[136.616603,51.957443],[136.635737,51.957737],[136.700497,51.946257],[136.723457,51.948023],[136.742591,51.95656],[136.773794,51.980698],[136.779681,51.994533],[136.769672,52.011311],[136.753188,52.021614],[136.737587,52.02338],[136.697553,52.021614],[136.707562,52.034272],[136.734054,52.054289],[136.746123,52.069595],[136.72228,52.091084],[136.701969,52.104625],[136.679891,52.107568],[136.649866,52.097266],[136.598353,52.06989],[136.57863,52.049873],[136.581574,52.028385],[136.563618,52.016316],[136.53948,52.004835],[136.51387,51.996888],[136.492087,51.994238],[136.529471,52.045752],[136.533887,52.057821],[136.521229,52.062531],[136.488555,52.062825],[136.462356,52.054583],[136.439396,52.035744],[136.402895,51.994238],[136.409665,52.001892],[136.396713,51.979814],[136.406427,51.957737],[136.427916,51.940664],[136.450582,51.933011],[136.444694,51.902985],[136.459413,51.887384],[136.487083,51.88238],[136.519463,51.88444],[136.53477,51.887678],[136.545367,51.892683]],[[139.876686,52.169679],[139.858141,52.176155],[139.843423,52.179393],[139.832237,52.176155],[139.825466,52.169974],[139.817224,52.166441],[139.801623,52.172034],[139.801917,52.16026],[139.804567,52.149663],[139.808688,52.139949],[139.815458,52.130823],[139.783667,52.128763],[139.772187,52.124936],[139.760118,52.117871],[139.749521,52.107863],[139.733331,52.084314],[139.725971,52.076955],[139.701539,52.06989],[139.672986,52.067829],[139.647376,52.061648],[139.630597,52.042808],[139.649731,52.033094],[139.701834,52.019848],[139.712136,52.011311],[139.710959,51.990412],[139.70566,51.971867],[139.693297,51.960386],[139.672103,51.959503],[139.672103,51.953322],[139.680934,51.953322],[139.686821,51.95185],[139.699184,51.946551],[139.685055,51.939192],[139.70095,51.933011],[139.709193,51.932127],[139.719201,51.933011],[139.719201,51.914466],[139.736863,51.91476],[139.757468,51.921236],[139.767477,51.929184],[139.765122,51.934188],[139.760412,51.940075],[139.757174,51.948023],[139.760118,51.959503],[139.764533,51.965685],[139.77042,51.970689],[139.778074,51.973338],[139.788082,51.973927],[139.775719,51.985996],[139.757468,52.000126],[139.74746,52.014844],[139.760118,52.028385],[139.798679,52.025441],[139.824289,52.027796],[139.835769,52.038982],[139.839007,52.04428],[139.846366,52.051639],[139.853725,52.061059],[139.856963,52.073128],[139.852548,52.084019],[139.833414,52.091673],[139.828999,52.100798],[139.840773,52.110218],[139.867266,52.114633],[139.895231,52.114928],[139.911715,52.11169],[139.905828,52.096088],[139.915542,52.09285],[139.931732,52.096971],[139.945567,52.10433],[139.954398,52.114633],[139.956753,52.12317],[139.963229,52.128763],[139.994726,52.133178],[140.020336,52.142892],[140.035054,52.145247],[140.064196,52.140243],[140.078914,52.140537],[140.093632,52.148485],[140.115415,52.168207],[140.121891,52.179688],[140.123952,52.196761],[140.120714,52.212951],[140.112472,52.218838],[140.083035,52.22031],[140.052127,52.222076],[140.026812,52.219427],[139.978241,52.207652],[139.923784,52.179982],[139.908183,52.168796],[139.894642,52.165558],[139.876686,52.169679]],[[139.90465,53.501971],[139.928494,53.507859],[139.945861,53.508447],[139.959991,53.514335],[139.973532,53.536118],[139.911421,53.577034],[139.819579,53.567615],[139.727738,53.532291],[139.665038,53.495201],[139.632069,53.468119],[139.624416,53.453696],[139.626182,53.441921],[139.633835,53.4378],[139.643549,53.434856],[139.651497,53.426908],[139.654735,53.416017],[139.654147,53.397178],[139.657679,53.385403],[139.671514,53.37304],[139.747166,53.337716],[139.769537,53.332123],[139.843423,53.330063],[139.834886,53.351846],[139.829588,53.362737],[139.822228,53.371568],[139.792498,53.383637],[139.788082,53.388936],[139.794558,53.403654],[139.822817,53.439861],[139.828999,53.457228],[139.840185,53.461349],[139.90465,53.501971]]],[[[137.832286,54.491034],[137.858084,54.501899],[137.889659,54.503648],[137.917979,54.509426],[137.925059,54.488715],[137.927501,54.474514],[137.921723,54.464097],[137.904307,54.454779],[137.863536,54.446519],[137.848318,54.43773],[137.835704,54.399115],[137.819672,54.384955],[137.798595,54.375637],[137.732188,54.364407],[137.715099,54.367174],[137.718761,54.385891],[137.716482,54.392157],[137.720388,54.393704],[137.739268,54.392076],[137.748302,54.394599],[137.803477,54.43244],[137.816417,54.444322],[137.821788,54.457831],[137.832286,54.491034]]],[[[137.64503,54.489814],[137.650401,54.482123],[137.637218,54.475653],[137.62322,54.466783],[137.612478,54.45539],[137.608897,54.441107],[137.614024,54.42829],[137.634451,54.411322],[137.641124,54.400458],[137.613455,54.407782],[137.58961,54.40058],[137.568126,54.396633],[137.546723,54.413804],[137.568858,54.426337],[137.572032,54.448635],[137.56550703023763,54.476620622631835],[137.64493113860934,54.5136335572766],[137.650401,54.509426],[137.64503,54.501451],[137.643321,54.495551],[137.64503,54.489814]]],[[[144.448985,43.942043],[144.448253,43.942206],[144.455089,43.942206],[144.448985,43.942043]]],[[[143.975841,44.148261],[143.94044,44.139146],[143.896495,44.145901],[143.813731,44.168402],[143.817638,44.175605],[143.836274,44.17593],[143.859548,44.172756],[143.881521,44.166693],[143.896495,44.158149],[143.911794,44.152289],[143.957205,44.152004],[143.975841,44.148261]]],[[[141.295502,44.421698],[141.304861,44.426703],[141.309662,44.429958],[141.312185,44.43419],[141.32781,44.444648],[141.328054,44.439765],[141.336111,44.432725],[141.323497,44.417629],[141.304861,44.412991],[141.293956,44.412991],[141.295502,44.421698]]],[[[141.397472,44.429348],[141.392019,44.439032],[141.403901,44.441026],[141.409923,44.444159],[141.419526,44.44538],[141.429128,44.438829],[141.415782,44.426703],[141.397472,44.429348]]],[[[141.316417,45.137926],[141.310069,45.124579],[141.304454,45.120185],[141.268403,45.10102],[141.251231,45.099189],[141.235362,45.102484],[141.181814,45.126614],[141.150076,45.147121],[141.131114,45.170152],[141.145518,45.189765],[141.14088,45.196031],[141.135509,45.206122],[141.131847,45.210273],[141.167166,45.239976],[141.179698,45.244371],[141.202647,45.249091],[141.235199,45.241278],[141.268321,45.225531],[141.292979,45.206529],[141.327159,45.172349],[141.335623,45.157782],[141.328461,45.14765],[141.316417,45.137926]]],[[[143.312266,53.04914],[143.31658,53.027899],[143.317882,52.981879],[143.326996,52.936347],[143.335948,52.91352],[143.347992,52.895941],[143.360525,52.871405],[143.352875,52.849555],[143.32488,52.809312],[143.333263,52.784735],[143.337087,52.759426],[143.337901,52.703803],[143.326834,52.622504],[143.331065,52.603909],[143.324718,52.587714],[143.304698,52.471381],[143.296886,52.453681],[143.276052,52.420396],[143.251964,52.389635],[143.224457,52.361762],[143.193696,52.336982],[143.205821,52.382148],[143.207367,52.395331],[143.204275,52.406317],[143.198985,52.415676],[143.197765,52.425849],[143.207367,52.439399],[143.223888,52.447943],[143.240245,52.448391],[143.254893,52.447008],[143.26588,52.450263],[143.272309,52.463324],[143.26295,52.471625],[143.235362,52.480943],[143.244477,52.488756],[143.286469,52.565334],[143.29005,52.577216],[143.291759,52.586412],[143.293468,52.591864],[143.290212,52.595038],[143.276378,52.597724],[143.268321,52.598375],[143.261404,52.597602],[143.255056,52.595201],[143.249034,52.590806],[143.250336,52.587877],[143.249034,52.562934],[143.246349,52.559801],[143.241954,52.558173],[143.237559,52.557359],[143.235362,52.556708],[143.235362,52.552151],[143.237966,52.548082],[143.240571,52.544745],[143.241547,52.542426],[143.229503,52.519477],[143.193696,52.473863],[143.178884,52.446845],[143.165538,52.403795],[143.159679,52.391669],[143.126964,52.358832],[143.118663,52.337795],[143.129405,52.326646],[143.146495,52.327867],[143.159679,52.344428],[143.166515,52.344428],[143.168224,52.332953],[143.177501,52.313788],[143.176036,52.306586],[143.169281,52.294623],[143.169607,52.284654],[143.172537,52.276068],[143.17335,52.268134],[143.155772,52.203681],[143.151378,52.120063],[143.147797,52.119574],[143.125336,52.146145],[143.115571,52.153022],[143.111339,52.148627],[143.110525,52.135728],[143.108165,52.124457],[143.104015,52.114203],[143.097667,52.104234],[143.139171,52.089911],[143.133474,52.07982],[143.1338,52.068508],[143.139171,52.049018],[143.138927,52.037502],[143.136974,52.030341],[143.13852,52.023139],[143.149181,52.01142],[143.159353,51.995673],[143.159923,51.979071],[143.149099,51.967597],[143.125499,51.967027],[143.131114,51.955715],[143.1421,51.924954],[143.149181,51.918647],[143.164806,51.913642],[143.164806,51.901679],[143.160492,51.886949],[143.163097,51.873969],[143.174815,51.866604],[143.194591,51.858466],[143.213064,51.854804],[143.221202,51.860582],[143.224294,51.874457],[143.231456,51.88703],[143.238455,51.891547],[143.255056,51.837104],[143.310395,51.75434],[143.317882,51.706366],[143.29656,51.71308],[143.276215,51.700507],[143.261078,51.678209],[143.252208,51.641547],[143.238536,51.622463],[143.235362,51.613918],[143.236664,51.6022],[143.241466,51.581244],[143.241547,51.569241],[143.237804,51.558295],[143.224132,51.537787],[143.221202,51.531643],[143.224132,51.522162],[143.2317,51.512641],[143.24171,51.507636],[143.273204,51.520738],[143.296072,51.516669],[143.31837,51.509223],[143.337901,51.508368],[143.347179,51.523383],[143.344005,51.548651],[143.335216,51.572333],[143.327891,51.582831],[143.325206,51.592841],[143.332286,51.614488],[143.346528,51.635932],[143.365082,51.644965],[143.37322,51.636542],[143.379649,51.617621],[143.38559,51.579779],[143.394216,51.564643],[143.447765,51.508368],[143.461762,51.46955],[143.474946,51.343248],[143.442393,51.367255],[143.427094,51.370551],[143.416759,51.368069],[143.379405,51.350084],[143.38795,51.343451],[143.403494,51.336005],[143.413422,51.329657],[143.434418,51.321031],[143.43393,51.316962],[143.432791,51.312405],[143.43393,51.309149],[143.445811,51.304185],[143.456391,51.300971],[143.466075,51.296861],[143.474946,51.289252],[143.477875,51.28144],[143.478201,51.263414],[143.483084,51.254543],[143.47934,51.2508],[143.47755,51.247992],[143.474946,51.240871],[143.480805,51.239407],[143.489594,51.235012],[143.495453,51.233385],[143.490977,51.228339],[143.483084,51.213568],[143.5171,51.22012],[143.521251,51.246772],[143.509288,51.280666],[143.495453,51.309149],[143.521658,51.285102],[143.537934,51.239732],[143.586681,51.010728],[143.678966,50.736518],[143.701508,50.605373],[143.790294,50.309231],[143.810069,50.27265],[143.910981,50.150865],[144.002696,50.012844],[144.0442,49.89765],[144.079845,49.837307],[144.090668,49.804511],[144.117442,49.767808],[144.12615,49.746894],[144.132335,49.660875],[144.137218,49.639594],[144.149425,49.622382],[144.16505,49.606513],[144.222179,49.53262],[144.228526,49.517157],[144.219737,49.461859],[144.22169,49.438381],[144.282725,49.25019],[144.38502,49.072699],[144.410411,49.039252],[144.441417,49.013861],[144.66684,48.889635],[144.684744,48.873236],[144.690929,48.864081],[144.693207,48.855414],[144.694591,48.835679],[144.69752,48.825588],[144.706798,48.803046],[144.708263,48.794135],[144.704112,48.781968],[144.690684,48.768012],[144.687836,48.756537],[144.694591,48.715562],[144.702891,48.688666],[144.722016,48.672065],[144.742931,48.659125],[144.756602,48.643256],[144.731456,48.637926],[144.699474,48.642727],[144.677257,48.65644],[144.681651,48.678046],[144.663341,48.70067],[144.657563,48.723863],[144.655121,48.749823],[144.647472,48.780463],[144.632579,48.808295],[144.503673,48.948717],[144.479015,48.959215],[144.47047,48.964748],[144.445486,48.991156],[144.433849,49.00019],[144.417003,49.006049],[144.381847,49.013902],[144.365733,49.020697],[144.32781,49.054755],[144.315684,49.05683],[144.302582,49.062161],[144.290294,49.069648],[144.28004,49.078437],[144.27296,49.088568],[144.263031,49.112372],[144.25587,49.123033],[144.245942,49.131741],[144.101085,49.231269],[144.057872,49.253404],[144.006033,49.269355],[143.702159,49.306098],[143.689708,49.312405],[143.687266,49.322333],[143.728282,49.335354],[143.499034,49.349189],[143.479747,49.353095],[143.462657,49.362738],[143.444347,49.380072],[143.42628,49.393215],[143.403494,49.400458],[143.302013,49.405178],[143.276703,49.402167],[143.258637,49.393378],[143.249766,49.373277],[143.263927,49.360175],[143.310395,49.34276],[143.319102,49.340969],[143.325694,49.34219],[143.3296,49.341132],[143.331065,49.332221],[143.328298,49.329047],[143.322765,49.326972],[143.319102,49.324123],[143.3213,49.31859],[143.331309,49.31391],[143.343028,49.315823],[143.355154,49.320014],[143.366059,49.322333],[143.619395,49.324042],[143.666759,49.314887],[143.639171,49.305609],[143.371104,49.299221],[143.174164,49.245998],[143.145356,49.232896],[143.070323,49.184882],[143.037852,49.156562],[143.0088,49.123033],[142.984548,49.082953],[142.97462,49.045885],[142.976573,49.006537],[142.988455,48.959215],[142.988455,48.916693],[142.969249,48.878485],[142.920095,48.807807],[142.886567,48.736558],[142.792735,48.562567],[142.723155,48.408637],[142.658539,48.269599],[142.614024,48.190172],[142.549571,48.020087],[142.545665,48.013983],[142.54127,48.012193],[142.537446,48.010077],[142.535899,48.002387],[142.538097,47.999213],[142.542735,47.997382],[142.547374,47.994574],[142.549571,47.988715],[142.549571,47.947821],[142.538829,47.920803],[142.535899,47.910224],[142.534516,47.88996],[142.545258,47.766669],[142.592133,47.642076],[142.632091,47.581244],[142.748057,47.44477],[142.739757,47.445543],[142.714041,47.44477],[142.714041,47.437242],[142.722992,47.430609],[142.735118,47.423651],[142.759532,47.43122],[142.78712,47.428209],[142.814301,47.419501],[142.878591,47.38935],[142.910899,47.36522],[143.016368,47.253607],[143.023204,47.235256],[143.025645,47.211656],[143.042979,47.149237],[143.041515,47.128119],[143.031261,47.083197],[143.032481,47.070746],[143.069509,47.019477],[143.102061,46.947577],[143.105154,46.927069],[143.11085,46.90644],[143.119965,46.887112],[143.11964,46.874905],[143.097667,46.875556],[143.106456,46.865871],[143.122813,46.857367],[143.138438,46.855414],[143.151378,46.873847],[143.163829,46.87226],[143.174083,46.862738],[143.17335,46.848293],[143.151215,46.839586],[143.117931,46.841864],[143.090017,46.838568],[143.083832,46.813463],[143.091482,46.803412],[143.10613,46.792426],[143.122406,46.783637],[143.135509,46.779975],[143.137462,46.773505],[143.159679,46.739],[143.166515,46.71662],[143.172862,46.707831],[143.18629,46.704291],[143.20281,46.706366],[143.226899,46.715522],[143.241547,46.717271],[143.254731,46.715033],[143.281993,46.706244],[143.296886,46.704291],[143.308604,46.701077],[143.331065,46.686957],[143.341319,46.683783],[143.365001,46.686754],[143.382009,46.695054],[143.389659,46.708075],[143.38559,46.724758],[143.371349,46.73843],[143.348969,46.749213],[143.323741,46.756293],[143.286794,46.761705],[143.256114,46.775458],[143.241547,46.779975],[143.229828,46.780219],[143.204926,46.778144],[143.193696,46.779975],[143.179535,46.793036],[143.173025,46.813544],[143.177745,46.832465],[143.197113,46.840806],[143.220225,46.835639],[143.296886,46.800482],[143.320974,46.795722],[143.396495,46.793647],[143.418712,46.799709],[143.428071,46.814276],[143.43629,46.832261],[143.4546,46.848293],[143.478201,46.828437],[143.497895,46.800727],[143.511485,46.770209],[143.516612,46.742133],[143.516124,46.679755],[143.520844,46.6494],[143.536957,46.617133],[143.535899,46.607327],[143.531993,46.597968],[143.526703,46.590969],[143.52589,46.585517],[143.529307,46.578559],[143.536957,46.566474],[143.550792,46.506293],[143.576508,46.447496],[143.579926,46.418199],[143.557628,46.39643],[143.573985,46.389472],[143.60963,46.384223],[143.625743,46.374701],[143.591482,46.35342],[143.581798,46.34455],[143.577322,46.335028],[143.574474,46.310126],[143.570567,46.299547],[143.563487,46.294989],[143.552094,46.290188],[143.541677,46.284003],[143.536957,46.275702],[143.535411,46.266099],[143.523285,46.238105],[143.510427,46.222561],[143.475841,46.190009],[143.468761,46.173285],[143.478526,46.107327],[143.474946,46.087307],[143.468028,46.08039],[143.458832,46.076606],[143.451182,46.070502],[143.4463,46.047105],[143.442719,46.036851],[143.437266,46.028632],[143.430512,46.025214],[143.420909,46.035712],[143.415294,46.059556],[143.413097,46.085354],[143.413422,46.101549],[143.424978,46.1164],[143.428966,46.127427],[143.4192,46.148261],[143.420909,46.159125],[143.424978,46.170233],[143.427094,46.18008],[143.425548,46.204047],[143.421397,46.223131],[143.38266,46.316718],[143.379405,46.337388],[143.337901,46.40941],[143.350841,46.432685],[143.346853,46.452704],[143.336681,46.470771],[143.331065,46.488227],[143.335704,46.497463],[143.347423,46.496039],[143.361339,46.491685],[143.37322,46.492011],[143.379893,46.499457],[143.393077,46.532945],[143.368663,46.555487],[143.342784,46.562812],[143.276378,46.560248],[143.310395,46.525458],[143.303233,46.51439],[143.290782,46.517157],[143.258637,46.542222],[143.235362,46.566474],[143.222423,46.573554],[143.195079,46.583441],[143.182872,46.590969],[143.159516,46.598293],[143.067149,46.587592],[142.997732,46.594143],[142.963878,46.602607],[142.933767,46.614895],[142.905772,46.605292],[142.82781,46.592963],[142.796641,46.594387],[142.772227,46.609768],[142.754893,46.638251],[142.735118,46.697414],[142.730317,46.729397],[142.72462,46.74079],[142.710948,46.745185],[142.70045,46.742092],[142.690929,46.727932],[142.683604,46.724758],[142.652599,46.724758],[142.618419,46.718573],[142.529063,46.683783],[142.457205,46.630805],[142.406505,46.553656],[142.324229,46.388983],[142.281912,46.32746],[142.275727,46.309516],[142.274181,46.300116],[142.262218,46.266059],[142.249034,46.192043],[142.248546,46.18008],[142.246349,46.168362],[142.237071,46.148993],[142.234874,46.138821],[142.228038,46.117987],[142.214366,46.098619],[142.203868,46.079657],[142.206879,46.060004],[142.202973,46.051947],[142.201671,46.030666],[142.196951,46.021796],[142.189464,46.018785],[142.133067,46.006171],[142.119965,45.992174],[142.111339,45.950751],[142.094249,45.902777],[142.085297,45.900824],[142.073253,45.909857],[142.053233,45.915961],[142.039806,45.924302],[142.001475,45.978013],[141.942068,46.024359],[141.932628,46.035793],[141.936046,46.099555],[141.899099,46.27912],[141.884776,46.318752],[141.837576,46.415595],[141.827403,46.450344],[141.81422,46.538398],[141.817149,46.580756],[141.822276,46.602281],[141.826671,46.609931],[141.840099,46.62637],[141.848643,46.644761],[141.865896,46.670478],[141.885427,46.731594],[142.056651,47.053697],[142.059744,47.080634],[142.063813,47.10932],[142.062836,47.139228],[142.056651,47.169745],[142.044281,47.204535],[142.028575,47.232489],[141.984386,47.283026],[141.975108,47.297593],[141.976085,47.310736],[141.987804,47.341742],[141.990733,47.357164],[141.991222,47.369574],[141.987153,47.380805],[141.97755,47.39289],[141.963715,47.415676],[141.955251,47.446967],[141.951671,47.481147],[141.96046,47.591783],[141.965831,47.612494],[142.001475,47.663804],[142.003673,47.675482],[142.003754,47.686713],[142.005382,47.697414],[142.011729,47.707587],[142.026134,47.723049],[142.033376,47.7331],[142.036143,47.742662],[142.039806,47.749905],[142.062836,47.779934],[142.093028,47.855618],[142.105724,47.874823],[142.13795,47.891059],[142.177419,47.930406],[142.187022,47.944403],[142.191091,47.966742],[142.172374,48.098334],[142.165863,48.115709],[142.174001,48.151313],[142.138682,48.318061],[142.133149,48.333686],[142.097016,48.396877],[141.919607,48.609117],[141.873057,48.688544],[141.8567,48.735338],[141.857432,48.774237],[141.923025,48.835679],[141.931163,48.839301],[141.960134,48.856594],[141.967296,48.862372],[141.968761,48.873358],[141.965831,48.885199],[141.961762,48.896064],[141.96046,48.903998],[141.965587,48.915229],[141.973643,48.922838],[141.991547,48.934394],[141.99643,48.942939],[142.000255,48.966498],[142.0088,48.984076],[142.015147,49.020697],[142.024425,49.041734],[142.036143,49.061672],[142.023936,49.099311],[142.037364,49.134263],[142.060395,49.16706],[142.077159,49.198188],[142.079926,49.215969],[142.078624,49.232001],[142.062836,49.314887],[142.087657,49.377021],[142.096202,49.410834],[142.11964,49.447659],[142.125011,49.462307],[142.128184,49.500393],[142.142263,49.568061],[142.147716,49.623033],[142.157481,49.659613],[142.159679,49.677965],[142.152354,49.733832],[142.15447,49.790269],[142.151866,49.825507],[142.142426,49.860785],[142.125011,49.89765],[142.131847,49.89765],[142.134451,49.904446],[142.143565,49.915473],[142.145518,49.921576],[142.144379,49.927476],[142.139659,49.936835],[142.138682,49.941799],[142.141856,49.953681],[142.156505,49.968817],[142.159679,49.976508],[142.157481,50.01439],[142.158865,50.028388],[142.165863,50.048529],[142.173839,50.086412],[142.155528,50.239651],[142.135265,50.291205],[142.146739,50.308783],[142.15089,50.327216],[142.150076,50.345689],[142.145518,50.363837],[142.139008,50.379299],[142.117361,50.417629],[142.099294,50.433743],[142.045177,50.528266],[142.041352,50.550971],[142.053233,50.572333],[142.05714,50.581488],[142.057872,50.594672],[142.056651,50.617092],[142.062836,50.658026],[142.092784,50.714097],[142.104503,50.780951],[142.102712,50.789618],[142.098806,50.799506],[142.095958,50.81037],[142.097016,50.821926],[142.102712,50.830512],[142.122813,50.85224],[142.128429,50.856635],[142.129161,50.861274],[142.125255,50.884508],[142.128429,50.894517],[142.200694,50.959662],[142.225597,50.991278],[142.249848,51.030829],[142.266856,51.074286],[142.269216,51.112413],[142.266368,51.135647],[142.255138,51.159125],[142.173025,51.25849],[142.165863,51.278388],[142.168224,51.28559],[142.177989,51.297512],[142.180186,51.305732],[142.178559,51.314154],[142.174978,51.317572],[142.170258,51.319281],[142.165863,51.322821],[142.158865,51.331977],[142.114594,51.372626],[142.077159,51.419013],[142.09783,51.443305],[142.078949,51.471381],[141.942719,51.559272],[141.932628,51.570258],[141.933279,51.574652],[141.937755,51.579047],[141.939952,51.597805],[141.941742,51.605211],[141.93922,51.611884],[141.92628,51.617011],[141.88795,51.610826],[141.86671,51.612454],[141.852061,51.636542],[141.817149,51.672268],[141.703461,51.724026],[141.686778,51.747301],[141.75172,51.728949],[141.78712,51.72484],[141.798025,51.721503],[141.808116,51.720852],[141.817149,51.726874],[141.82252,51.736151],[141.823009,51.744208],[141.818858,51.750434],[141.809744,51.754788],[141.809581,51.80622],[141.760997,51.835883],[141.694102,51.857489],[141.639008,51.884508],[141.675548,51.912421],[141.676117,51.952623],[141.65211,52.031928],[141.649669,52.052314],[141.645844,52.068671],[141.64503,52.084784],[141.65211,52.104234],[141.657888,52.111151],[141.676931,52.127672],[141.683116,52.130927],[141.687755,52.135403],[141.69988,52.165717],[141.658946,52.21662],[141.671886,52.259833],[141.673106,52.27558],[141.664561,52.292182],[141.65089,52.305365],[141.641856,52.318183],[141.65211,52.340481],[141.652843,52.349595],[141.65211,52.367743],[141.654796,52.375556],[141.660981,52.382473],[141.757498,52.445014],[141.78297,52.467353],[141.791759,52.482571],[141.804861,52.519436],[141.813324,52.532782],[141.816661,52.540717],[141.817149,52.550727],[141.819102,52.559272],[141.826996,52.562934],[141.830577,52.566474],[141.843761,52.590806],[141.834727,52.59162],[141.809744,52.597724],[141.809744,52.603909],[141.834483,52.634101],[141.843028,52.668769],[141.843761,52.741034],[141.849457,52.762519],[141.867931,52.794745],[141.871837,52.816799],[141.870779,52.823188],[141.866222,52.840237],[141.865001,52.850898],[141.865733,52.860256],[141.870616,52.878852],[141.871837,52.888821],[141.875011,52.895168],[141.889496,52.912014],[141.892833,52.922919],[141.891775,52.944403],[141.892426,52.95539],[141.896007,52.963935],[141.920095,52.998033],[141.928396,53.020657],[141.923025,53.039293],[141.919444,53.046129],[141.91627,53.056708],[141.913341,53.073432],[141.908946,53.079535],[141.889822,53.098293],[141.878917,53.119778],[141.84783,53.147528],[141.837576,53.15941],[141.833751,53.169135],[141.834239,53.177151],[141.836274,53.185736],[141.837576,53.197252],[141.836681,53.209784],[141.833669,53.21776],[141.803396,53.271389],[141.803722,53.285712],[141.817149,53.302802],[141.807791,53.313056],[141.807384,53.322659],[141.809906,53.330959],[141.809744,53.337592],[141.800792,53.34748],[141.768809,53.371649],[141.796072,53.38703],[141.885427,53.412665],[141.942719,53.450507],[141.957042,53.456285],[142.008311,53.461086],[142.094005,53.494289],[142.241059,53.529364],[142.229747,53.520819],[142.235606,53.511054],[142.247732,53.50019],[142.255382,53.488349],[142.252126,53.474433],[142.244477,53.463935],[142.242361,53.453559],[142.255382,53.439927],[142.241059,53.432115],[142.237071,53.419989],[142.240489,53.406155],[142.248546,53.392768],[142.263927,53.380072],[142.284841,53.371405],[142.307384,53.3664],[142.327403,53.364895],[142.346934,53.3664],[142.392426,53.378485],[142.434337,53.37816],[142.455333,53.380276],[142.521169,53.420356],[142.5231089824292,53.42432235837816],[142.70823654749398,53.33715700770991],[142.99392491793324,53.20157788726324],[143.27849004327777,53.06546492499981],[143.31222351452908,53.04920244751034],[143.312266,53.04914]]]]}},{"type":"Feature","properties":{"id":"tatar","sourceRefs":["atlas-943-fixed-master"]},"geometry":{"type":"MultiPolygon","coordinates":[[[[93.63614324170413,50.412247648579665],[93.92828304428633,50.380559951437206],[94.22029348261492,50.34823004044688],[94.51216862587323,50.3152581772531],[94.80390256001913,50.28164464642484],[95.0954893884449,50.2473897552742],[95.38692323263261,50.212493833670706],[95.70486105861765,50.19299635335917],[96.02278532746796,50.172723120808804],[96.34068802190009,50.15167387825695],[96.65856112937124,50.12984840397771],[96.97639664320727,50.107246512178385],[97.29418656372867,50.08386805288533],[97.60797082577575,50.10045753664749],[97.92207041751897,50.116276397267825],[98.23647763400108,50.13132295447394],[98.5511847287182,50.14559556136768],[98.86618391459919,50.15909260478165],[99.18146736499925,50.171812505627514],[99.47545842781823,50.19831699792833],[99.76981575190709,50.22414432729952],[100.06453318999036,50.249292757779706],[100.35960455180076,50.2737605767514],[100.65502360469604,50.297546095296404],[100.95078407428835,50.32064764854645],[101.24687964508595,50.34306359602953],[101.53415092121557,50.38709669322017],[101.82191835890634,50.43048778749839],[102.11017674948836,50.47323471404769],[102.39892082906725,50.51533532327049],[102.68814527886262,50.556787481221996],[102.97784472556086,50.59758907004396],[103.26773855990757,50.656334177246215],[103.55825351001926,50.71443453524709],[103.84938484213846,50.77188752039351],[104.1411277538469,50.828690517904946],[104.43347737418652,50.88484092238189],[104.72642876379716,50.94033613831794],[105.02029614270597,51.02498691539034],[105.31501192595852,51.1089995682205],[105.61057272726958,51.1923707483715],[105.9069750714964,51.27509710029459],[106.20421539421805,51.35717526184305],[106.50229004133149,51.43860186479689],[106.79982071949888,51.48200618865812],[107.09784797849514,51.5247302314492],[107.39636593320232,51.56677173848766],[107.69536863906099,51.6081284741003],[107.99485009252739,51.6487982221275],[108.29480423154723,51.68877878642677],[108.60259541331591,51.70995135847661],[108.91069737052082,51.73038922607827],[109.21910282773693,51.75009082849254],[109.5278044695364,51.76905463645047],[109.83679494137321,51.787279152518096],[110.14606685048089,51.80476291145279],[110.45561276678276,51.82150448055214],[110.76542522381476,51.837502459994106],[111.07549671966028,51.85275548316918],[111.38581971789715,51.867262217003606],[111.69638664855592,51.88102136227389],[112.00718990908985,51.89403165391225],[112.31822186535554,51.90629186130277],[112.62947485260474,51.91780078856824],[112.94707392777731,51.92597460260179],[113.26486072271248,51.933364518671524],[113.58282698436619,51.939969501501096],[113.90096443482102,51.945788554946205],[114.21926477245115,51.95082072221515],[114.537719673096,51.95506508607712],[114.85632079124187,51.95852076905836],[115.1750597612113,51.96118693362581],[115.4894627620752,51.97533922111414],[115.8040965027264,51.98872429602563],[116.11895305202378,52.001340955540684],[116.43402444816783,52.013188033530504],[116.74930269977315,52.02426440084174],[117.0647797869515,52.03456896557036],[117.38044766240505,52.04410067332468],[117.69308724963088,52.068290848238334],[118.00603960258654,52.091726772799106],[118.31929713542992,52.11440689838255],[118.63285222060226,52.136329709712825],[118.9466971897798,52.1574937252613],[119.17103058808817,52.00588423904425],[119.39442082209186,51.854041703697646],[119.61687166630398,51.701966470808415],[119.83838690047432,51.54965887693123],[119.84432852824963,51.37730660169287],[119.85024066887026,51.20516037796287],[119.8561235613943,51.03321649035335],[119.8619774423085,50.86147128646077],[119.7096293650021,50.66995604192494],[119.55813771073666,50.47851016099376],[119.40749562893377,50.287130601190086],[119.25769633406296,50.0958143651617],[119.10873310499774,49.904558499461594],[118.78404961375881,49.88715063469178],[118.45963269754876,49.86890699503562],[118.13549102408577,49.84982899838758],[117.81163322056403,49.829918101675744],[117.48806787245405,49.8091758004764],[117.20483772248788,49.71806528174282],[116.92242487609447,49.626372996755656],[116.64083164350694,49.53410176950701],[116.36006026162454,49.441254413276425],[116.08011289450963,49.34783373030749],[115.80099163389424,49.25384251149286],[115.5079111788329,49.17586421286995],[115.21557331958726,49.09723625064245],[114.92398183714076,49.017961464544626],[114.6331404343209,48.93804269307654],[114.34305273602823,48.85748277303367],[114.04594793561687,48.8030291559629],[113.74940405161827,48.74788258597],[113.4534264631753,48.69204542526997],[113.15802048301565,48.63552004913932],[112.86319135719677,48.57830884541534],[112.56894426486839,48.520414213997405],[112.2752843180517,48.46183856635031],[111.982216561436,48.402584325010025],[111.68974597219207,48.342653923091795],[111.39787745980243,48.28204980380088],[111.10661586590827,48.220774419946245],[110.81596596417297,48.158830233456904],[110.52626277126427,48.099872132135545],[110.23715019456482,48.0402495626032],[109.94863296836417,47.979964914814694],[109.6607157613584,47.9190205877099],[109.37340317653087,47.8574189887549],[109.08669975104792,47.795162533486106],[108.80961787674377,47.697990316940796],[108.53339485341453,47.600234344470216],[108.25803243923121,47.50189745532199],[107.98353231981046,47.40298247535159],[107.70989610882233,47.3034922167411],[107.53556826659009,47.16267601885437],[107.36196136769341,47.021695419977455],[107.18907223904937,46.88055061936667],[107.01689771439398,46.73924180746832],[106.84543463444746,46.59776916600382],[106.67467984707513,46.456132868053274],[106.53627514573466,46.2744341731821],[106.39857985023724,46.092705613709484],[106.26158892796883,45.91094546281621],[106.12529738819364,45.72915200863558],[105.98970028170159,45.54732355385993],[105.84978353461237,45.38230910652412],[105.71051697009332,45.21722377194667],[105.57189659440164,45.05206659781402],[105.4339184408491,44.886836635670676],[105.29657856964981,44.72153294079041],[105.1598730677676,44.55615457204988],[105.18376733366338,44.37126999378428],[105.20752575524318,44.18649524751952],[105.23114942749461,44.00182757045787],[105.25463943368663,43.81726423570454],[105.27799684552551,43.63280255142854],[105.30122272330804,43.448439860046214],[105.29790233964208,43.25857300700874],[105.29458133135778,43.06880801595939],[105.29125969971663,42.87914204736535],[105.28793744596541,42.689572297474335],[105.28461457133635,42.500095997467824],[105.38700383502893,42.29426122283551],[105.48883282327188,42.08844926701281],[105.59010622938071,41.88265738120331],[105.69082869656461,41.676882845485395],[105.79100481856148,41.47112296804036],[105.50115877954316,41.481634389376744],[105.21137027571469,41.49140433392698],[104.92164575626782,41.50043340964845],[104.63199166398199,41.50872224870459],[104.34241443444132,41.516271507433636],[104.09608766084956,41.54789777923355],[103.84965759280603,41.57899491677425],[103.60312799910334,41.609562884712524],[103.35650265784396,41.63960165895534],[103.10978535612699,41.66911122672871],[102.86218809696483,41.753995615732684],[102.61413649288578,41.8383697754203],[102.36563278177952,41.922232844321634],[102.11667923415372,42.00558396104881],[101.86727815316007,42.08842226446095],[101.61796553887433,42.153525569849236],[101.36832704409169,42.21810774680831],[101.1183657237839,42.28216818409666],[100.86808465910451,42.34570627610022],[100.61748695724587,42.40872142298963],[100.39078614860466,42.28828390379408],[100.16489850706792,42.16741589121697],[99.90820280548292,42.15697282502966],[99.65169877034022,42.145955772632895],[99.39539074310694,42.134365631858465],[99.14578824533949,42.181247798029595],[98.89598538007307,42.22760399280517],[98.64598570814685,42.27343392772888],[98.3957928076286,42.31873732381839],[98.14541027355362,42.363513911681935],[97.9092045658474,42.42116309288207],[97.67273381018124,42.478350779351906],[97.43600066449916,42.535076517264066],[97.19900780590875,42.59133985796871],[96.96629893732023,42.59867880315233],[96.73364704815339,42.605554543399556],[96.50105539968571,42.61196747131593],[96.26852724913182,42.6179179893589],[96.22941515167521,42.79646772649781],[96.19009263219971,42.97509165445403],[96.150558073189,43.153791996091414],[96.05059947564656,43.331240614804656],[95.95014928840266,43.508707723330204],[95.84920390342198,43.68619507422534],[95.74775967929699,43.8637044371674],[95.64581294088877,44.04123759936043],[95.47002583550308,44.19772176599863],[95.29351373803459,44.3540493426881],[95.11627287133511,44.510220495460196],[94.93829944196114,44.66623538326182],[94.75958964023629,44.82209415790467],[94.49604921314028,44.89001422699046],[94.2321360788651,44.957392789461245],[93.96785360877658,45.02422902822339],[93.70320520626184,45.09052213232636],[93.43819430657439,45.15627129716302],[93.15101696827817,45.15430515570261],[92.86401771339459,45.151660527827815],[92.57720254040888,45.148338459736934],[92.29057742758751,45.14434002027741],[92.00414833231403,45.13966630080688],[91.71051153599912,45.17759476683209],[91.41672998745138,45.21483427461153],[91.12280969806983,45.25138472241254],[90.82875669672696,45.28724603025367],[90.53457702908635,45.322418140066354],[90.4466770123668,45.50513944236178],[90.35830401772374,45.68793554475503],[90.26945430605657,45.87080886303327],[89.98593305215033,45.947267423306],[89.70194468415636,46.02312418698114],[89.41749304172221,46.09837800455215],[89.23323301996419,46.207169157295425],[89.04845019241404,46.31575753521551],[88.86314339748239,46.424142618187055],[88.67731148019676,46.5323238789341],[88.41869347913409,46.59930695430051],[88.1597027121824,46.66579592579874],[87.90034214540273,46.73178994023775],[87.64061477445532,46.79728814907999],[87.48304556105786,46.946443960090406],[87.32481614488296,47.09552562012777],[87.16592286625038,47.24453356738523],[87.00636204558093,47.39346823949291],[86.73533008690274,47.47771022550663],[86.46376645896302,47.56143572081535],[86.19167373548872,47.64464341090504],[85.9190545323548,47.72733198059932],[85.64591150764305,47.80950011427635],[85.34108476149,47.8106218644797],[85.03644180542564,47.81102017118722],[84.73198958657954,47.810696211103455],[84.42773502903908,47.80965118960655],[84.37493199627991,47.80934469599654],[84.37433,47.818978],[84.384044,47.834579],[84.398173,47.84076],[84.419073,47.846059],[84.437912,47.853418],[84.446449,47.865781],[84.447332,47.874024],[84.452042,47.884326],[84.453219,47.893157],[84.456457,47.901399],[84.464699,47.906698],[84.475885,47.909642],[84.506499,47.912585],[84.562134,47.930836],[84.543883,47.946143],[84.481184,47.95674],[84.456457,47.96822],[84.435852,47.985293],[84.37433,48.023266],[84.34872,48.033275],[84.218022,48.043283],[84.207425,48.04711],[84.195651,48.057707],[84.185642,48.063888],[84.171807,48.067715],[84.156795,48.068893],[84.143843,48.067421],[84.106458,48.0424],[84.08968,48.039751],[84.082615,48.064183],[84.07349,48.082139],[84.052001,48.095974],[83.969285,48.130415],[83.882447,48.15102],[83.717015,48.214309],[83.595737,48.238446],[83.572187,48.239918],[83.553937,48.243745],[83.530388,48.253165],[83.510665,48.265234],[83.503895,48.276419],[83.54334,48.305561],[83.691405,48.376503],[83.717015,48.366789],[83.776476,48.367672],[83.801203,48.355309],[83.817393,48.361785],[83.884508,48.362668],[83.930723,48.37091],[83.948679,48.379741],[83.965752,48.396814],[83.949562,48.409178],[83.922775,48.411238],[83.870967,48.409766],[83.832111,48.423013],[83.815627,48.42419],[83.799731,48.420658],[83.790606,48.413593],[83.781775,48.405056],[83.767351,48.396814],[83.712893,48.390338],[83.654609,48.40329],[83.601329,48.430372],[83.561885,48.465107],[83.538041,48.498076],[83.528033,48.520447],[83.530976,48.537226],[83.535098,48.547823],[83.530976,48.559303],[83.520674,48.574905],[83.523029,48.586385],[83.532448,48.605518],[83.534509,48.615821],[83.528327,48.63937],[83.513315,48.657327],[83.476225,48.68794],[83.460918,48.703836],[83.45297,48.717671],[83.451793,48.73445],[83.469454,48.794206],[83.476225,48.804509],[83.503012,48.829824],[83.507133,48.838949],[83.509488,48.846014],[83.515375,48.852196],[83.532743,48.866914],[83.543045,48.871918],[83.547461,48.876628],[83.5480261498399,48.87945374919946],[83.65186655046543,48.944178763255074],[83.727023,48.959344],[83.796493,48.988486],[83.819159,48.992607],[83.931606,49.000261],[83.951328,49.011447],[83.985475,49.047359],[83.996661,49.054718],[84.010201,49.056779],[84.05465,49.069142],[84.109991,49.074735],[84.316046,49.123011],[84.334296,49.133019],[84.387576,49.170698],[84.433791,49.173936],[84.480301,49.184533],[84.464699,49.195719],[84.4438,49.203372],[84.422605,49.205138],[84.404649,49.198073],[84.393463,49.203666],[84.37904,49.204549],[84.364616,49.201311],[84.35343,49.19513],[84.341655,49.190126],[84.328998,49.191892],[84.290436,49.202195],[84.243926,49.221623],[84.233918,49.229276],[84.214196,49.251353],[84.088796,49.314936],[84.058477,49.345844],[84.026686,49.360268],[84.024331,49.362623],[84.017855,49.366744],[83.997544,49.386172],[83.993128,49.393237],[83.986652,49.39412],[83.928074,49.41031],[83.92042,49.425028],[83.916005,49.442984],[83.905113,49.45888],[83.885391,49.467122],[83.861253,49.469183],[83.815627,49.46565],[83.824752,49.476542],[83.829462,49.480074],[83.798259,49.489788],[83.731733,49.494204],[83.698764,49.499797],[83.681691,49.505095],[83.672271,49.510394],[83.674626,49.517164],[83.691405,49.527173],[83.703179,49.528644],[83.71466,49.526878],[83.723491,49.527761],[83.727023,49.53777],[83.724079,49.54454],[83.705829,49.568089],[83.732322,49.566912],[83.785896,49.556609],[83.808856,49.561907],[83.790606,49.589283],[83.788251,49.59988],[83.790311,49.6093],[83.794727,49.616954],[83.799437,49.622841],[83.801203,49.626962],[83.863608,49.671705],[83.882447,49.680831],[83.90423,49.687012],[83.948385,49.691722],[83.968107,49.696432],[83.98518,49.707912],[84.014322,49.732639],[84.006963,49.746768],[83.98518,49.737054],[83.965458,49.730578],[83.89746,49.723808],[83.872439,49.715271],[83.851833,49.701436],[83.831522,49.660519],[83.805029,49.649039],[83.775004,49.641091],[83.753516,49.630789],[83.749395,49.621958],[83.747334,49.610478],[83.743802,49.600469],[83.736737,49.596054],[83.671094,49.598703],[83.651077,49.603413],[83.621641,49.614893],[83.613398,49.616659],[83.535392,49.612832],[83.517141,49.606651],[83.506544,49.600175],[83.49477,49.596937],[83.46916,49.596054],[83.457385,49.599292],[83.45297,49.606945],[83.450615,49.61607],[83.445022,49.62343],[83.428538,49.6302],[83.381734,49.64168],[83.363778,49.643741],[83.377024,49.62343],[83.417352,49.598114],[83.431481,49.58163],[83.433248,49.571033],[83.431187,49.546306],[83.431481,49.540713],[83.444433,49.536003],[83.45768,49.539241],[83.470043,49.539536],[83.479168,49.527173],[83.508016,49.548661],[83.526267,49.557786],[83.534509,49.551605],[83.539219,49.53512],[83.551288,49.528644],[83.566889,49.525995],[83.582196,49.520991],[83.62429,49.485078],[83.630472,49.476248],[83.632238,49.457408],[83.636948,49.442984],[83.64519,49.430327],[83.657553,49.417375],[83.669328,49.430915],[83.675215,49.441807],[83.683457,49.44946],[83.702296,49.45211],[83.835643,49.436803],[83.870378,49.427089],[83.89746,49.411193],[83.912472,49.38941],[83.921598,49.37999],[83.935138,49.376164],[83.958393,49.375575],[83.967813,49.372631],[83.986652,49.358208],[84.02021,49.342901],[84.101749,49.271076],[84.109991,49.256946],[84.115878,49.258124],[84.150613,49.23899],[84.156795,49.23222],[84.171807,49.205727],[84.181521,49.161572],[84.1565,49.134785],[83.968402,49.073852],[83.764996,49.046476],[83.743507,49.037351],[83.735265,49.031169],[83.705829,49.020572],[83.68145879277857,49.00753920883749],[83.4574758915063,49.04058238675592],[83.17503173742249,49.08163806670557],[82.89239930313242,49.12210982236943],[82.60958351608637,49.16199726645702],[82.32658932331621,49.20130002844196],[82.02036846950462,49.27608088221238],[81.71363796133296,49.35021150309368],[81.40640258654524,49.42369037379815],[81.25769811668349,49.61214413043704],[81.10814291349065,49.800663008203514],[80.95773012717746,49.989249617619706],[80.80645284248601,50.17790660707658],[80.81532386128185,50.398700694041864],[80.82421483696557,50.619775857760985],[80.83312597551141,50.84113939909087],[80.84205748571165,51.06279877361438],[80.9802834117835,51.26477221475661],[81.11939181778015,51.466822658843796],[81.25939011968863,51.66895413342143],[81.40028580816784,51.871170733319595],[81.65032030520604,52.02592555945072],[81.90167999009708,52.18032787890521],[82.15437000268507,52.33437531773489],[82.40839544762794,52.48806545700646],[82.66376139287868,52.64139583219966],[82.91037528995807,52.75962235187641],[83.15801692504598,52.87746522015799],[83.40668789102479,52.994921752853436],[83.65638972959178,53.111989234910205],[83.90712393028055,53.22866492024335],[84.15889192947581,53.34494603156842],[84.4116951094216,53.46082976023739],[84.65750463861104,53.52303660068932],[84.90390758059115,53.58481227786282],[85.15090182261365,53.64615464159875],[85.37326911030439,53.48250761328662],[85.59456128687961,53.31876158297283],[85.81478454436666,53.15491612684142],[86.0339450510767,52.990970818158694],[86.25204895128125,52.82692522728023],[86.46910236490173,52.66277892165665],[86.62172536812727,52.49202614998099],[86.77355756670143,52.32134807180121],[86.92460467810895,52.15074239691955],[87.0748723723068,51.98020686864675],[87.22436627210368,51.80973926296613],[87.37309195353808,51.639337387721795],[87.52105494625488,51.46899908183025],[87.73848385432352,51.3321410875913],[87.95507289924925,51.195089325018195],[88.17082532300593,51.05784437627448],[88.38574437051484,50.92040680994086],[88.66560608270352,50.87997182612559],[88.94526664079348,50.83896798783505],[89.22472121352551,50.797395822470435],[89.50396499136468,50.755255873643726],[89.78299318694152,50.71254870097824],[90.08133495431879,50.70325638958529],[90.37975515446568,50.69328962662897],[90.67824720327565,50.68264781211026],[90.97680450904464,50.67133037435534],[91.27542047328372,50.659336770042046],[91.57408849153347,50.646666484218464],[91.87280195418064,50.633319030314475],[92.16711025667978,50.598083314982375],[92.46125921471354,50.56220326884886],[92.53738545126677,50.552745483046905],[92.511437,50.548027],[92.486711,50.537725],[92.47523,50.528894],[92.470521,50.517119],[92.465222,50.513587],[92.44079,50.507405],[92.432253,50.504167],[92.409882,50.491804],[92.381623,50.485328],[92.325988,50.47944],[92.283011,50.467666],[92.244743,50.445589],[92.226787,50.41468],[92.24386,50.377002],[92.317157,50.330198],[92.348654,50.301939],[92.353364,50.267498],[92.329815,50.23659],[92.324516,50.226287],[92.326577,50.215101],[92.331286,50.204799],[92.333936,50.195968],[92.337762,50.171241],[92.34836,50.156229],[92.405172,50.124143],[92.419596,50.113546],[92.426955,50.100299],[92.429015,50.078811],[92.434314,50.071452],[92.446677,50.067625],[92.460512,50.06527],[92.470521,50.062327],[92.47994,50.054084],[92.485533,50.04702],[92.492598,50.040249],[92.504667,50.034362],[92.518208,50.03083],[92.562951,50.027297],[92.569133,50.023176],[92.571782,50.013756],[92.573254,50.004337],[92.576492,50.000216],[92.689822,49.993151],[92.743396,49.997272],[92.930906,50.053201],[92.965935,50.079105],[92.967113,50.082638],[92.973,50.087642],[92.990662,50.117373],[93.05395,50.170358],[93.067491,50.188903],[93.073378,50.20892],[93.082798,50.226582],[93.105758,50.236884],[93.238517,50.266321],[93.252057,50.25749],[93.260005,50.238356],[93.280316,50.234824],[93.380989,50.263966],[93.388054,50.271031],[93.393647,50.278095],[93.399239,50.281333],[93.403655,50.285749],[93.396885,50.295463],[93.382461,50.309298],[93.371569,50.31548],[93.360089,50.320189],[93.347431,50.322544],[93.333891,50.32225],[93.32241,50.318129],[93.301805,50.304588],[93.289442,50.301645],[93.279728,50.304883],[93.265009,50.319012],[93.255001,50.32225],[93.248231,50.325488],[93.238517,50.334025],[93.231158,50.34521],[93.230863,50.356396],[93.269131,50.361106],[93.27855,50.363755],[93.291502,50.381123],[93.278845,50.38701],[93.255295,50.383478],[93.234396,50.373764],[93.214673,50.358457],[93.196423,50.349332],[93.177289,50.34786],[93.1558,50.356396],[93.137844,50.371114],[93.090451,50.42881],[93.074556,50.439996],[92.998316,50.47738],[92.992428,50.484445],[92.99086990153168,50.49587223180158],[93.04905538399728,50.48851171380909],[93.34269078984138,50.45070102585596],[93.63614324170413,50.412247648579665]],[[85.859985,48.812162],[85.850271,48.806569],[85.831726,48.808924],[85.780801,48.828941],[85.758135,48.833945],[85.728699,48.830413],[85.658346,48.806569],[85.606244,48.804509],[85.580928,48.796855],[85.570331,48.776544],[85.5615,48.766241],[85.544133,48.752995],[85.530886,48.734744],[85.535596,48.710312],[85.570037,48.688235],[85.67483,48.679404],[85.713686,48.669984],[85.75372,48.662036],[85.805822,48.662919],[85.855864,48.677343],[85.898841,48.70413],[85.932988,48.739748],[85.953004,48.753289],[85.977437,48.758882],[86.002752,48.768007],[86.02012,48.788907],[86.02218,48.811868],[86.001869,48.827175],[85.92504,48.807747],[85.912382,48.810102],[85.908556,48.817755],[85.89943,48.826292],[85.888244,48.832768],[85.878236,48.833945],[85.870583,48.828941],[85.859985,48.812162]],[[93.301805,47.845176],[93.296506,47.84812],[93.282966,47.858422],[93.282671,47.881971],[93.304749,47.957917],[93.306515,47.96145],[93.317406,47.975285],[93.317995,47.98235],[93.303277,47.985293],[93.277373,47.979995],[93.265304,47.979112],[93.258239,47.985293],[93.260594,47.992064],[93.286204,48.012669],[93.250586,48.015907],[93.254707,48.022972],[93.279139,48.034158],[93.303277,48.050348],[93.324471,48.068598],[93.374807,48.102156],[93.396001,48.122467],[93.406304,48.139246],[93.419551,48.16986],[93.4222,48.199002],[93.399239,48.211954],[93.272369,48.211954],[93.183471,48.222551],[93.144614,48.214897],[93.128424,48.173981],[93.131074,48.168682],[93.136961,48.162206],[93.141965,48.15367],[93.141965,48.143661],[93.137255,48.139246],[93.118416,48.131592],[93.111057,48.126294],[93.096927,48.122467],[93.076616,48.128649],[93.057483,48.139834],[93.046003,48.149843],[93.027752,48.136302],[93.017449,48.113342],[93.012739,48.087143],[93.011856,48.064183],[93.0148,48.040045],[93.023631,48.024149],[93.038643,48.01208],[93.082209,47.987059],[93.102815,47.981172],[93.207608,47.981761],[93.232335,47.978228],[93.252057,47.964982],[93.235573,47.9588],[93.216734,47.954385],[93.200249,47.948792],[93.189947,47.938195],[93.265598,47.938195],[93.262949,47.92907],[93.259416,47.923182],[93.248231,47.913763],[93.244698,47.906109],[93.249702,47.901105],[93.256767,47.89669],[93.258239,47.889625],[93.251763,47.884326],[93.242343,47.88256],[93.234396,47.880205],[93.230863,47.872257],[93.243521,47.857834],[93.248231,47.855184],[93.269425,47.847236],[93.297978,47.828397],[93.322999,47.804848],[93.333891,47.783654],[93.337717,47.771585],[93.343899,47.760988],[93.346254,47.749802],[93.32977,47.724487],[93.327709,47.713595],[93.329475,47.702115],[93.333891,47.691223],[93.35273,47.669735],[93.380106,47.645891],[93.397768,47.622637],[93.388054,47.601737],[93.437212,47.576127],[93.490787,47.576127],[93.541123,47.594378],[93.580273,47.622342],[93.607061,47.655605],[93.613537,47.675033],[93.597641,47.68357],[93.577918,47.687691],[93.49373,47.729785],[93.45664,47.754512],[93.4222,47.766286],[93.390997,47.800138],[93.374807,47.813973],[93.314757,47.831341],[93.301805,47.845176]],[[92.662152,48.335292],[92.615053,48.344123],[92.600924,48.341768],[92.594448,48.311154],[92.63507,48.26906],[92.724263,48.198118],[92.706012,48.201945],[92.690116,48.210482],[92.662152,48.232265],[92.654498,48.225789],[92.648022,48.216369],[92.643312,48.205478],[92.641841,48.194586],[92.637131,48.189876],[92.541757,48.136008],[92.532043,48.126294],[92.524684,48.109515],[92.506433,48.100978],[92.483767,48.098918],[92.463162,48.101861],[92.416946,48.11658],[92.391925,48.127765],[92.381034,48.139834],[92.383094,48.202534],[92.393397,48.243745],[92.410765,48.290549],[92.439612,48.32234],[92.449326,48.327933],[92.45904,48.327933],[92.511143,48.320574],[92.527333,48.319985],[92.540285,48.322929],[92.545583,48.33176],[92.540579,48.335881],[92.516441,48.341474],[92.497602,48.349716],[92.469638,48.34795],[92.456686,48.348539],[92.439318,48.355309],[92.402228,48.369733],[92.350126,48.36885],[92.346593,48.365023],[92.348065,48.355898],[92.353364,48.33853],[92.349243,48.335292],[92.340117,48.336764],[92.302733,48.347361],[92.273591,48.368555],[92.252102,48.36885],[92.23709,48.362668],[92.212658,48.344417],[92.196762,48.335292],[92.207359,48.322929],[92.252102,48.299968],[92.265643,48.288783],[92.29508,48.249043],[92.299201,48.239624],[92.296257,48.230499],[92.289192,48.222256],[92.281539,48.214897],[92.278595,48.208421],[92.280656,48.201357],[92.283894,48.193114],[92.284777,48.184578],[92.281245,48.158674],[92.278006,48.149843],[92.273297,48.143955],[92.266526,48.139834],[92.260639,48.135125],[92.251808,48.109221],[92.237679,48.099212],[92.223549,48.092736],[92.217367,48.085377],[92.209714,48.068304],[92.191758,48.062122],[92.155257,48.061239],[92.011018,48.033863],[91.965686,48.012375],[91.962154,47.979995],[92.004542,47.90346],[92.02868,47.842821],[92.041926,47.82457],[92.050463,47.807792],[92.053995,47.788952],[92.059294,47.771585],[92.073129,47.759516],[92.098444,47.759516],[92.157317,47.776295],[92.199117,47.761576],[92.227965,47.763931],[92.255635,47.773351],[92.272119,47.787481],[92.270647,47.80161],[92.26476,47.823393],[92.261228,47.846648],[92.268587,47.865781],[92.282716,47.883738],[92.300673,47.919356],[92.32275,47.951736],[92.351303,47.985293],[92.364255,47.992064],[92.428132,48.012669],[92.442556,48.020028],[92.458746,48.033275],[92.473464,48.048876],[92.489066,48.061828],[92.508199,48.067421],[92.514381,48.070953],[92.524095,48.088909],[92.532043,48.095091],[92.544112,48.096857],[92.679814,48.08155],[92.695709,48.088026],[92.816987,48.187816],[92.827584,48.207833],[92.823463,48.228732],[92.816987,48.249338],[92.82052,48.266411],[92.805213,48.286428],[92.782841,48.307622],[92.756937,48.325284],[92.731327,48.335292],[92.714254,48.336764],[92.662152,48.335292]],[[88.537816,48.56313],[88.521626,48.561658],[88.502492,48.566368],[88.48954,48.57461],[88.477471,48.584619],[88.464225,48.5908],[88.448624,48.587562],[88.495722,48.539875],[88.530162,48.527218],[88.550768,48.522508],[88.564014,48.522213],[88.604048,48.531927],[88.64467,48.534282],[88.680877,48.541641],[88.708547,48.566368],[88.675578,48.567545],[88.608758,48.578437],[88.570785,48.574021],[88.537816,48.56313]],[[97.226856,48.862498],[97.220969,48.858377],[97.219791,48.851312],[97.219203,48.844836],[97.215965,48.841893],[97.209783,48.84307],[97.200363,48.848074],[97.18594,48.852196],[97.172988,48.857494],[97.162096,48.859555],[97.157092,48.852784],[97.160036,48.83159],[97.167689,48.810396],[97.180935,48.792145],[97.198892,48.780371],[97.223618,48.777427],[97.246873,48.782431],[97.269245,48.790379],[97.291911,48.794206],[97.300447,48.791851],[97.305451,48.787435],[97.308984,48.782726],[97.314871,48.780371],[97.321641,48.781254],[97.326057,48.783609],[97.330178,48.786258],[97.419076,48.820404],[97.447335,48.825408],[97.469118,48.818049],[97.492078,48.804509],[97.510329,48.805392],[97.513861,48.817166],[97.493256,48.835711],[97.42408,48.873095],[97.38699,48.886636],[97.344013,48.89429],[97.298092,48.881926],[97.270716,48.862498],[97.259825,48.861321],[97.246873,48.863087],[97.226856,48.862498]],[[93.406599,48.937856],[93.38982,48.936678],[93.375396,48.932263],[93.362738,48.924904],[93.351258,48.914306],[93.34125,48.898999],[93.345665,48.891935],[93.357734,48.887519],[93.371569,48.879866],[93.401594,48.855434],[93.431325,48.840421],[93.464588,48.837477],[93.505211,48.849252],[93.519929,48.856022],[93.53082,48.863676],[93.537002,48.875156],[93.540829,48.91519],[93.539357,48.923726],[93.536413,48.931085],[93.525522,48.948158],[93.517574,48.965526],[93.499029,48.965231],[93.48019,48.957284],[93.470476,48.951691],[93.442217,48.941977],[93.425732,48.939033],[93.406599,48.937856]],[[93.383049,48.958461],[93.416313,48.969058],[93.429559,48.979067],[93.430736,48.984659],[93.428087,49.000555],[93.429559,49.006442],[93.435446,49.01233],[93.453697,49.024104],[93.478718,49.036173],[93.515808,49.043238],[93.553486,49.042944],[93.580273,49.033818],[93.656514,49.061783],[93.699197,49.082683],[93.786328,49.102111],[93.811938,49.121539],[93.806639,49.157157],[93.787506,49.170992],[93.690071,49.205727],[93.658574,49.218679],[93.645034,49.21809],[93.635614,49.205727],[93.635319,49.189831],[93.642384,49.173936],[93.651215,49.15804],[93.656514,49.143616],[93.645034,49.150681],[93.618246,49.188359],[93.604411,49.199545],[93.588516,49.206021],[93.521106,49.217796],[93.485783,49.219562],[93.458701,49.211025],[93.44987,49.184533],[93.4431,49.184533],[93.423966,49.237224],[93.36892,49.272842],[93.29945,49.293742],[93.238222,49.30169],[93.207903,49.299923],[93.192301,49.301101],[93.176406,49.308166],[93.151974,49.332009],[93.135784,49.339663],[93.086625,49.320235],[93.015389,49.322001],[92.990662,49.308166],[92.976827,49.318174],[92.951806,49.325239],[92.927668,49.328771],[92.916528,49.329043],[92.917071,49.328771],[92.879098,49.327005],[92.842597,49.314936],[92.815221,49.294625],[92.80639,49.266955],[92.826701,49.233103],[92.869973,49.210437],[93.063076,49.170698],[93.080737,49.163633],[93.092806,49.147443],[93.10252,49.128898],[93.114001,49.115651],[93.136667,49.106821],[93.163159,49.102994],[93.217028,49.102699],[93.244698,49.105643],[93.264421,49.110353],[93.281199,49.10947],[93.299744,49.095635],[93.315934,49.062666],[93.322705,49.022632],[93.334774,48.983482],[93.368037,48.951691],[93.383049,48.958461]],[[92.916482,49.329065],[92.915599,49.329065],[92.916528,49.329043],[92.916482,49.329065]],[[99.082528,49.260184],[99.07458,49.268426],[99.066043,49.271959],[99.055741,49.274608],[99.041611,49.280201],[99.036018,49.285205],[99.031014,49.292564],[99.023655,49.29904],[99.010997,49.30169],[98.92622,49.30169],[98.8385,49.305811],[98.809063,49.30169],[98.827608,49.288149],[98.885892,49.274902],[98.89855,49.256946],[98.913268,49.247527],[98.947415,49.244583],[98.98421,49.246644],[99.007465,49.253414],[99.054857,49.231337],[99.062217,49.222506],[99.054563,49.214558],[99.017473,49.207787],[99.004227,49.2019],[99.001283,49.180412],[99.031897,49.171581],[99.073108,49.167754],[99.10019,49.160689],[99.115496,49.149209],[99.12992,49.144794],[99.142284,49.149209],[99.151703,49.163927],[99.152292,49.179528],[99.146405,49.19042],[99.139634,49.200428],[99.137868,49.212497],[99.157002,49.231631],[99.228238,49.223094],[99.254731,49.23899],[99.1414,49.253414],[99.12786,49.252531],[99.115202,49.249587],[99.103722,49.244289],[99.093419,49.236046],[99.081056,49.232514],[99.076052,49.244877],[99.077229,49.259007],[99.082528,49.260184]],[[90.527717,49.565146],[90.517709,49.558964],[90.494749,49.550133],[90.470905,49.53306],[90.430283,49.517164],[90.414093,49.506567],[90.422041,49.496559],[90.427045,49.48449],[90.429105,49.471538],[90.428811,49.457703],[90.44559,49.434153],[90.515648,49.430327],[90.531544,49.414137],[90.540081,49.410016],[90.592772,49.396769],[90.606607,49.400302],[90.638693,49.41502],[90.647524,49.417375],[90.653117,49.410016],[90.650173,49.40089],[90.643402,49.393237],[90.636632,49.389999],[90.633394,49.384995],[90.636632,49.375869],[90.645169,49.369393],[90.657532,49.37322],[90.667835,49.387055],[90.672839,49.4056],[90.672545,49.425911],[90.667246,49.445045],[90.653705,49.461529],[90.619853,49.483901],[90.613377,49.503329],[90.62368,49.522168],[90.647524,49.528644],[90.674899,49.531882],[90.695211,49.540713],[90.700804,49.576331],[90.658415,49.594582],[90.600425,49.598114],[90.558626,49.589283],[90.527717,49.565146]],[[91.141467,50.142982],[91.136757,50.162999],[91.128809,50.180367],[91.120567,50.192435],[91.107615,50.201855],[91.089659,50.209803],[91.07023,50.216279],[91.051686,50.219811],[90.975445,50.214218],[90.956606,50.219811],[90.939533,50.220694],[90.93394,50.214218],[90.933057,50.203621],[90.92923,50.192435],[90.904798,50.161527],[90.874184,50.135918],[90.868885,50.122966],[90.909508,50.112074],[90.946009,50.087936],[90.96632,50.082638],[91.065815,50.089408],[91.090542,50.089702],[91.112913,50.093235],[91.130575,50.103243],[91.140878,50.123554],[91.141467,50.142982]],[[89.6564,50.504461],[89.667585,50.473553],[89.71851,50.461484],[89.747947,50.459718],[89.771202,50.473553],[89.736467,50.495336],[89.68878,50.508877],[89.6564,50.504461]],[[115.840972,49.515692],[115.822427,49.524229],[115.804765,49.525701],[115.796523,49.517164],[115.80241,49.502152],[115.817128,49.495676],[115.835084,49.49597],[115.85098,49.502446],[115.840972,49.515692]],[[115.536305,49.53306],[115.537188,49.499208],[115.536011,49.493026],[115.537777,49.487728],[115.547196,49.476248],[115.565447,49.467417],[115.590174,49.469477],[115.615194,49.478014],[115.633739,49.488316],[115.640804,49.505095],[115.640804,49.528056],[115.634328,49.552193],[115.622554,49.571916],[115.597238,49.580158],[115.56427,49.570444],[115.532184,49.552193],[115.509223,49.534532],[115.529535,49.536003],[115.536305,49.53306]],[[106.391,51.237134],[106.381581,51.219472],[106.370395,51.202988],[106.360092,51.19239],[106.347434,51.184737],[106.319175,51.171785],[106.305635,51.163543],[106.294154,51.126158],[106.32153,51.114678],[106.365391,51.12292],[106.401892,51.144703],[106.424852,51.16943],[106.441336,51.181205],[106.460176,51.186209],[106.474011,51.192685],[106.488435,51.207992],[106.499621,51.226831],[106.50433,51.244198],[106.501975,51.269219],[106.494028,51.284526],[106.479309,51.291002],[106.456643,51.289236],[106.441631,51.284526],[106.421025,51.275401],[106.402775,51.263627],[106.395121,51.250969],[106.391,51.237134]],[[116.095302,49.36851],[116.123561,49.367922],[116.151232,49.376458],[116.160357,49.383817],[116.150348,49.395297],[116.118852,49.401185],[116.087649,49.398535],[116.077935,49.383817],[116.095302,49.36851]],[[116.317842,50.478852],[116.317253,50.47944],[116.317253,50.473553],[116.317842,50.478852]],[[116.326378,50.467372],[116.346984,50.464428],[116.370238,50.469138],[116.386134,50.47944],[116.367295,50.489449],[116.340213,50.494159],[116.318725,50.489743],[116.317842,50.478852],[116.326378,50.467372]]],[[[84.096156,47.820744],[84.10813524197,47.81254673709276],[84.01606415985098,47.84014117544808],[84.07555,47.828397],[84.096156,47.820744]]],[[[83.98112944019813,47.85061138982739],[83.91628094589431,47.87004700128452],[83.925424,47.869314],[83.98112944019813,47.85061138982739]]],[[[83.00362405265257,48.230673197914236],[83.012013,48.209599],[83.044098,48.179574],[83.085015,48.155436],[83.123577,48.143661],[83.137706,48.144544],[83.148009,48.147782],[83.157134,48.147782],[83.168025,48.139834],[83.195696,48.11187],[83.211886,48.099507],[83.306671,48.05388],[83.325805,48.048582],[83.352592,48.046815],[83.367899,48.04917],[83.394686,48.059179],[83.410876,48.061239],[83.417941,48.059179],[83.445022,48.046815],[83.470337,48.042106],[83.496241,48.040634],[83.50831,48.038279],[83.52244,48.028565],[83.530976,48.02621],[83.583373,48.025621],[83.609572,48.021794],[83.630472,48.012669],[83.649605,48.019439],[83.666384,48.009725],[83.698764,47.979112],[83.720841,47.971458],[83.76794,47.962922],[83.788251,47.951147],[83.800025,47.935251],[83.817687,47.899928],[83.81831928311226,47.899345904040146],[83.56054103277955,47.975950925821785],[83.27814408163862,48.05915865835295],[82.99520114961938,48.14181476590823],[83.00362405265257,48.230673197914236]]],[[[83.42727856701667,48.80383888430569],[83.416469,48.75741],[83.414997,48.732978],[83.421179,48.715611],[83.434425,48.697949],[83.4462,48.674105],[83.449438,48.651439],[83.438252,48.636427],[83.441784,48.613761],[83.425005,48.58874],[83.39763,48.569017],[83.369371,48.560775],[83.390565,48.526629],[83.384089,48.505729],[83.401751,48.46599],[83.431481,48.427428],[83.462095,48.409766],[83.476225,48.408],[83.51096,48.398875],[83.547755,48.393871],[83.5663,48.386512],[83.595737,48.36885],[83.547166,48.356486],[83.524795,48.34795],[83.507133,48.335292],[83.493003,48.307622],[83.482406,48.279363],[83.479168,48.273476],[83.460329,48.262584],[83.436191,48.258463],[83.359951,48.261407],[83.31874,48.271121],[83.298723,48.273476],[83.256923,48.273476],[83.245443,48.271121],[83.221305,48.261407],[83.209236,48.259052],[83.161255,48.259052],[83.155662,48.256108],[83.142416,48.242862],[83.129464,48.238446],[83.116806,48.231676],[83.107386,48.2252],[83.102677,48.226966],[83.097967,48.230499],[83.092668,48.232265],[83.087075,48.235208],[83.058228,48.256108],[83.042038,48.264939],[83.023493,48.266705],[83.007597,48.259052],[83.00591560214276,48.25484817580029],[83.01482934326133,48.34888476342119],[83.03454524860985,48.556148991553115],[83.26845727366059,48.704111560604424],[83.42727856701667,48.80383888430569]]]]}},{"type":"Feature","properties":{"id":"kyrgyz","sourceRefs":["atlas-943-fixed-master"]},"geometry":{"type":"MultiPolygon","coordinates":[[[[107.738305,53.237927],[107.648818,53.228213],[107.626152,53.220265],[107.606135,53.209962],[107.58759,53.197599],[107.570517,53.183175],[107.551972,53.171106],[107.491628,53.145791],[107.428634,53.102519],[107.412444,53.087507],[107.391838,53.077498],[107.107777,53.042763],[107.017407,53.018037],[106.96766,53.010678],[106.936163,53.022158],[106.94411,53.029517],[106.952353,53.035404],[106.960889,53.03982],[106.970603,53.042763],[106.970603,53.050122],[106.949409,53.048062],[106.929392,53.042763],[106.933513,53.051005],[106.939695,53.057187],[106.947643,53.061603],[106.957357,53.063958],[106.957357,53.070139],[106.938223,53.067784],[106.929687,53.068373],[106.922033,53.070139],[106.936163,53.075438],[106.950292,53.082797],[106.963538,53.091628],[106.973841,53.101047],[106.990914,53.113411],[107.010048,53.117532],[107.053025,53.118415],[107.088643,53.130189],[107.125733,53.149323],[107.162234,53.161686],[107.196969,53.151972],[107.240829,53.180231],[107.25908,53.186707],[107.329727,53.197893],[107.364462,53.217321],[107.468373,53.244991],[107.491628,53.265303],[107.513116,53.27796],[107.648818,53.309752],[107.674428,53.330063],[107.721526,53.388052],[107.738305,53.398944],[107.782754,53.410424],[107.786581,53.387169],[107.765386,53.317111],[107.767741,53.307691],[107.770979,53.300921],[107.773334,53.293856],[107.77304,53.282964],[107.768919,53.272662],[107.755378,53.255589],[107.752434,53.244991],[107.738305,53.237927]]],[[[92.16711025667978,50.598083314982375],[91.87280195418064,50.633319030314475],[91.57408849153347,50.646666484218464],[91.27542047328372,50.659336770042046],[90.97680450904464,50.67133037435534],[90.67824720327565,50.68264781211026],[90.37975515446568,50.69328962662897],[90.08133495431879,50.70325638958529],[89.78299318694152,50.71254870097824],[89.50396499136468,50.755255873643726],[89.22472121352551,50.797395822470435],[88.94526664079348,50.83896798783505],[88.66560608270352,50.87997182612559],[88.38574437051484,50.92040680994086],[88.17082532300593,51.05784437627448],[87.95507289924925,51.195089325018195],[87.73848385432352,51.3321410875913],[87.52105494625488,51.46899908183025],[87.37309195353808,51.639337387721795],[87.22436627210368,51.80973926296613],[87.0748723723068,51.98020686864675],[86.92460467810895,52.15074239691955],[86.77355756670143,52.32134807180121],[86.62172536812727,52.49202614998099],[86.46910236490173,52.66277892165665],[86.25204895128125,52.82692522728023],[86.0339450510767,52.990970818158694],[85.81478454436666,53.15491612684142],[85.59456128687961,53.31876158297283],[85.37326911030439,53.48250761328662],[85.15090182261365,53.64615464159875],[85.46996785224653,53.73112751202064],[85.79007266858245,53.815379067890504],[86.11121195313906,53.89890447543191],[86.43338125860187,53.981698888434956],[86.64046455478605,54.15621045651484],[86.84874478337196,54.330623144417764],[87.05822932151206,54.50493775897117],[87.26892557603232,54.679155108710326],[87.48084098296562,54.85327600399825],[87.69398300706492,55.0273012571479],[87.78522949888264,55.2479352598206],[87.87709065635939,55.468945379448506],[87.96957277819884,55.69034155775433],[88.06268224741574,55.91213398993183],[88.15642553271324,56.13433313423689],[88.34116471428425,56.29752236018564],[88.52690512522491,56.460706602860796],[88.71365285900038,56.62388748500856],[88.90141403892626,56.78706665136289],[89.09019481800385,56.95024576924572],[89.28000137874484,57.11342652918508],[89.47083993298513,57.276610645552275],[89.75324117094084,57.40782130587392],[90.03694858366423,57.538615620564194],[90.3219644220581,57.66898987225843],[90.608290853362,57.79894028790219],[90.89592995935871,57.9284630381676],[91.18488373456712,58.05755423687042],[91.51034636752081,58.1179816973873],[91.83660406090476,58.177675125830106],[92.16365033552677,58.23663022589779],[92.4914786034836,58.29484271234687],[92.82008216832166,58.352308312094],[93.14945422522979,58.40902276533194],[93.47958786126478,58.46498182665872],[93.84226739429658,58.536976572242914],[94.20597633135269,58.60806859686495],[94.57070602104258,58.67825171872347],[94.93644763836245,58.747519766316096],[95.30319218479387,58.81586658036189],[95.60914002585767,58.735040525523296],[95.91443856669146,58.65364947904319],[96.21908370674066,58.5716960731044],[96.52307141436548,58.489182934236446],[96.82639772678691,58.406112682871964],[97.12905875001876,58.32248793291341],[97.4835424366188,58.35155635771694],[97.83853220996944,58.37971986289201],[98.19401753196651,58.40697528298393],[98.54998777971872,58.43331950966711],[98.90643224708812,58.45874949286492],[99.26334014626568,58.48326224185233],[99.60210437467661,58.44551167264211],[99.94062535807163,58.40695845403559],[100.27889403977362,58.36760388515153],[100.61690140369414,58.32744931015675],[100.95463847563092,58.28649611759713],[101.29209632454948,58.24474573971687],[101.6292660638485,58.202199651766655],[101.98999656447818,58.14386647037576],[102.3502413597239,58.084642580852815],[102.70999037170351,58.024530643613055],[103.06923360845481,57.963533359527005],[103.4279611652653,57.90165346871083],[103.78616322596692,57.838893749315986],[104.12068070102097,57.770145332426125],[104.45462563073949,57.70064801686601],[104.78799078101761,57.63040455256158],[105.12076900038576,57.55941770585468],[105.4529532205705,57.487690258621996],[105.78453645702879,57.41522500740119],[106.11551180945611,57.34202476252619],[106.47322125189802,57.25683376887647],[106.830144932841,57.17079827194141],[107.18627486644316,57.08392209164772],[107.541603191687,56.99620905543298],[107.8961221727316,56.90766299706051],[108.24982419922306,56.81828775545474],[108.60270178656374,56.72808717355577],[108.95098235176444,56.649056879001925],[109.29855947009966,56.5692048600532],[109.6454253301237,56.4885344531698],[109.99157222921028,56.4070490076179],[110.33699257402361,56.32475188440309],[110.68167888095341,56.241646455216866],[110.99933136171569,56.29469484062811],[111.31760770635302,56.34701915978157],[111.63650124845772,56.398616242814555],[111.9560052383407,56.44948293949394],[112.2761128434893,56.499616120059976],[112.59681714905071,56.54901267607466],[112.91811115834068,56.59766952127275],[113.23998779337828,56.64558359241602],[113.56568482189154,56.59189401095812],[113.8909574509191,56.53744802831914],[114.21579801735625,56.48224766793177],[114.54019892078827,56.42629498082492],[114.86415262431485,56.36959204488293],[115.18765165535297,56.31214096410407],[115.51068860641857,56.25394386785859],[115.8292027028034,56.17182268502118],[116.1470217665117,56.08901300941907],[116.4641403369891,56.00551774923952],[116.78055304148299,55.921339813632095],[117.09625459510205,55.836482112038404],[117.41123980085312,55.75094755353281],[117.72550354965632,55.664739046175484],[118.04451953949794,55.60411257758287],[118.36304407361011,55.54275490050696],[118.6810702442895,55.480668213232676],[118.99859121223061,55.4178547341045],[119.31560020712165,55.35431670082311],[119.6320905282191,55.29005636974399],[119.94805554490058,55.22507601517911],[120.2942141265392,55.21763827761268],[120.64039271731329,55.209296956644074],[120.98658061196096,55.20005185451793],[121.33276710501727,55.18990283337835],[121.678941492648,55.17884981519468],[121.67132470579469,54.96706447310787],[121.6637590789576,54.755706233301524],[121.65624408956302,54.54476583101725],[121.64877922212648,54.33423422469037],[121.74935510356698,54.13522072309351],[121.84935068558869,53.93647154158839],[121.94877121475378,53.73798043706926],[122.0476218765739,53.53974129619768],[122.14590779636355,53.34174813138721],[121.8142648601817,53.27858316123072],[121.4833318499914,53.214619999464745],[121.15311579242247,53.149862079884194],[120.82362361229677,53.084312852528896],[120.49486213230314,53.01797578277164],[120.16683807270417,52.95085435041325],[119.96141566542462,52.81906261512395],[119.7568236609003,52.687096039750166],[119.5530589380985,52.554955253553985],[119.35011837184207,52.42264087257188],[119.14799883318472,52.290153499780814],[118.9466971897798,52.1574937252613],[118.63285222060226,52.136329709712825],[118.31929713542992,52.11440689838255],[118.00603960258654,52.091726772799106],[117.69308724963088,52.068290848238334],[117.38044766240505,52.04410067332468],[117.0647797869515,52.03456896557036],[116.74930269977315,52.02426440084174],[116.43402444816783,52.013188033530504],[116.11895305202378,52.001340955540684],[115.8040965027264,51.98872429602563],[115.4894627620752,51.97533922111414],[115.1750597612113,51.96118693362581],[114.85632079124187,51.95852076905836],[114.537719673096,51.95506508607712],[114.21926477245115,51.95082072221515],[113.90096443482102,51.945788554946205],[113.58282698436619,51.939969501501096],[113.26486072271248,51.933364518671524],[112.94707392777731,51.92597460260179],[112.62947485260474,51.91780078856824],[112.31822186535554,51.90629186130277],[112.00718990908985,51.89403165391225],[111.69638664855592,51.88102136227389],[111.38581971789715,51.867262217003606],[111.07549671966028,51.85275548316918],[110.76542522381476,51.837502459994106],[110.45561276678276,51.82150448055214],[110.14606685048089,51.80476291145279],[109.83679494137321,51.787279152518096],[109.5278044695364,51.76905463645047],[109.21910282773693,51.75009082849254],[108.91069737052082,51.73038922607827],[108.60259541331591,51.70995135847661],[108.29480423154723,51.68877878642677],[107.99485009252739,51.6487982221275],[107.69536863906099,51.6081284741003],[107.39636593320232,51.56677173848766],[107.09784797849514,51.5247302314492],[106.79982071949888,51.48200618865812],[106.50229004133149,51.43860186479689],[106.20421539421805,51.35717526184305],[105.9069750714964,51.27509710029459],[105.61057272726958,51.1923707483715],[105.31501192595852,51.1089995682205],[105.02029614270597,51.02498691539034],[104.72642876379716,50.94033613831794],[104.43347737418652,50.88484092238189],[104.1411277538469,50.828690517904946],[103.84938484213846,50.77188752039351],[103.55825351001926,50.71443453524709],[103.26773855990757,50.656334177246215],[102.97784472556086,50.59758907004396],[102.68814527886262,50.556787481221996],[102.39892082906725,50.51533532327049],[102.11017674948836,50.47323471404769],[101.82191835890634,50.43048778749839],[101.53415092121557,50.38709669322017],[101.24687964508595,50.34306359602953],[100.95078407428835,50.32064764854645],[100.65502360469604,50.297546095296404],[100.35960455180076,50.2737605767514],[100.06453318999036,50.249292757779706],[99.76981575190709,50.22414432729952],[99.47545842781823,50.19831699792833],[99.18146736499925,50.171812505627514],[98.86618391459919,50.15909260478165],[98.5511847287182,50.14559556136768],[98.23647763400108,50.13132295447394],[97.92207041751897,50.116276397267825],[97.60797082577575,50.10045753664749],[97.29418656372867,50.08386805288533],[96.97639664320727,50.107246512178385],[96.65856112937124,50.12984840397771],[96.34068802190009,50.15167387825695],[96.02278532746796,50.172723120808804],[95.70486105861765,50.19299635335917],[95.38692323263261,50.212493833670706],[95.0954893884449,50.2473897552742],[94.80390256001913,50.28164464642484],[94.51216862587323,50.3152581772531],[94.22029348261492,50.34823004044688],[93.92828304428633,50.380559951437206],[93.63614324170413,50.412247648579665],[93.34269078984138,50.45070102585596],[93.04905538399728,50.48851171380909],[92.99086990153168,50.49587223180158],[92.990662,50.497397],[92.985952,50.505345],[92.974472,50.515353],[92.961814,50.524184],[92.952983,50.527716],[92.955044,50.535958],[92.990662,50.583057],[93.006558,50.625445],[92.994783,50.65341],[92.962109,50.671955],[92.92914,50.685201],[92.900587,50.692854],[92.872916,50.684024],[92.848779,50.666362],[92.830234,50.648111],[92.82258,50.637808],[92.812277,50.618086],[92.80639,50.610138],[92.795793,50.601896],[92.773421,50.588944],[92.761941,50.57923],[92.750755,50.573343],[92.713371,50.563923],[92.68629,50.560685],[92.641841,50.548027],[92.609461,50.547439],[92.543817,50.553915],[92.53738545126677,50.552745483046905],[92.46125921471354,50.56220326884886],[92.16711025667978,50.598083314982375]],[[87.694463,51.672204],[87.688281,51.707528],[87.68622,51.751682],[87.683866,51.757864],[87.683866,51.763162],[87.69093,51.771699],[87.698878,51.776114],[87.722427,51.784357],[87.728315,51.788183],[87.72596,51.801135],[87.705354,51.795542],[87.666204,51.775231],[87.647364,51.769933],[87.545809,51.755509],[87.520199,51.755509],[87.488408,51.761691],[87.462504,51.762868],[87.416289,51.760219],[87.391856,51.761691],[87.418938,51.746972],[87.628231,51.724601],[87.639122,51.718713],[87.632057,51.70635],[87.641477,51.689866],[87.645009,51.667788],[87.648248,51.599202],[87.652369,51.581245],[87.6612,51.565055],[87.677095,51.545922],[87.68416,51.534147],[87.684454,51.524727],[87.681805,51.515308],[87.680039,51.504711],[87.681216,51.492936],[87.684454,51.487049],[87.697701,51.477041],[87.708887,51.462322],[87.72802,51.428765],[87.735674,51.413458],[87.738029,51.388731],[87.74215,51.377545],[87.751275,51.368126],[87.764227,51.360178],[87.777768,51.353996],[87.802494,51.346932],[87.820156,51.344282],[87.836346,51.346637],[87.844588,51.357529],[87.838995,51.366065],[87.80426,51.398445],[87.729198,51.529437],[87.721544,51.555636],[87.697406,51.58154],[87.692991,51.605678],[87.696229,51.633937],[87.694463,51.672204]],[[99.334503,51.420523],[99.309777,51.410514],[99.321846,51.402861],[99.335092,51.389614],[99.345689,51.374013],[99.350399,51.359589],[99.355109,51.356646],[99.364528,51.348109],[99.371299,51.339278],[99.364234,51.33133],[99.352754,51.311608],[99.350399,51.304837],[99.355698,51.285998],[99.369533,51.285998],[99.386311,51.29689],[99.401913,51.311608],[99.410744,51.32456],[99.425462,51.359],[99.436353,51.37313],[99.43076,51.380783],[99.377775,51.393441],[99.364528,51.404333],[99.373654,51.414047],[99.432821,51.438479],[99.492871,51.450253],[99.508473,51.45879],[99.517892,51.471742],[99.517303,51.482633],[99.508473,51.490287],[99.491988,51.492936],[99.476681,51.493231],[99.465495,51.489109],[99.408977,51.441717],[99.388961,51.43112],[99.334503,51.420523]],[[89.530412,55.609324],[89.534238,55.596372],[89.564558,55.54427],[89.578982,55.533673],[89.610479,55.529846],[89.630496,55.546919],[89.619015,55.585186],[89.592228,55.618449],[89.563381,55.641999],[89.528351,55.655539],[89.483019,55.660249],[89.493616,55.643176],[89.523936,55.622865],[89.530412,55.609324]],[[100.645601,51.514719],[100.621463,51.579479],[100.615282,51.590371],[100.590555,51.59773],[100.570538,51.611565],[100.549638,51.619807],[100.522851,51.610682],[100.527267,51.601851],[100.522851,51.596258],[100.514609,51.590959],[100.508427,51.582717],[100.508133,51.573886],[100.510782,51.56535],[100.511371,51.556519],[100.505484,51.545922],[100.49106,51.536502],[100.431598,51.520312],[100.412759,51.496763],[100.400985,51.485283],[100.388621,51.480279],[100.376258,51.477041],[100.366544,51.46821],[100.360362,51.456141],[100.358302,51.4426],[100.366544,51.432003],[100.385089,51.433769],[100.418941,51.445544],[100.437191,51.449959],[100.44926,51.449665],[100.458386,51.4426],[100.467511,51.425232],[100.451026,51.393735],[100.431893,51.366654],[100.405106,51.346637],[100.323567,51.329564],[100.316796,51.334274],[100.312381,51.341339],[100.310026,51.34752],[100.309732,51.35017],[100.291481,51.35017],[100.276763,51.342516],[100.266755,51.328387],[100.262045,51.309253],[100.266755,51.268925],[100.285005,51.230658],[100.330337,51.158244],[100.335341,51.135578],[100.327394,51.120566],[100.315619,51.106142],[100.309732,51.086419],[100.305316,51.049918],[100.296191,51.014889],[100.247032,50.894494],[100.24085,50.849751],[100.24085,50.764091],[100.249093,50.730533],[100.249976,50.712871],[100.24085,50.699036],[100.254686,50.683435],[100.262045,50.678431],[100.257041,50.674015],[100.245855,50.660769],[100.244677,50.65812],[100.230842,50.652821],[100.214358,50.644284],[100.202878,50.63457],[100.196107,50.623679],[100.196402,50.613082],[100.206704,50.603368],[100.193752,50.585706],[100.178151,50.575403],[100.165199,50.561862],[100.159017,50.534487],[100.160783,50.515059],[100.166965,50.489154],[100.177857,50.465605],[100.193164,50.452653],[100.196696,50.460896],[100.196107,50.469138],[100.193164,50.47944],[100.197579,50.488271],[100.211414,50.50976],[100.218479,50.528599],[100.228487,50.53537],[100.24085,50.536841],[100.262928,50.525656],[100.274702,50.529482],[100.286183,50.537136],[100.296191,50.541846],[100.322095,50.542729],[100.388621,50.527716],[100.400101,50.531837],[100.409521,50.541257],[100.41688,50.550677],[100.422768,50.555092],[100.449849,50.555681],[100.462212,50.557741],[100.474281,50.562451],[100.474281,50.569222],[100.463684,50.571871],[100.43307,50.583057],[100.43307,50.589238],[100.446905,50.596597],[100.459269,50.589827],[100.471043,50.58865],[100.481052,50.593065],[100.488411,50.603368],[100.482818,50.61161],[100.496947,50.626034],[100.494887,50.637514],[100.480463,50.646639],[100.460446,50.650466],[100.445728,50.646051],[100.446905,50.630155],[100.423062,50.632215],[100.422473,50.648994],[100.440135,50.685201],[100.441607,50.695798],[100.440135,50.72023],[100.441018,50.731416],[100.439841,50.733477],[100.450438,50.743779],[100.459563,50.750255],[100.472515,50.755848],[100.48635,50.759675],[100.498419,50.761147],[100.510194,50.765268],[100.517258,50.784107],[100.529033,50.790583],[100.52815,50.795293],[100.524029,50.800003],[100.519025,50.802064],[100.51402,50.800886],[100.504601,50.796176],[100.498419,50.795293],[100.494004,50.800003],[100.495475,50.810894],[100.502246,50.829439],[100.506367,50.837387],[100.51196,50.844452],[100.519319,50.850339],[100.528739,50.856521],[100.53757,50.860348],[100.559941,50.865941],[100.570538,50.870356],[100.624407,50.907152],[100.642069,50.911861],[100.657081,50.919515],[100.671505,50.937177],[100.682397,50.95631],[100.686518,50.969557],[100.691816,50.978976],[100.711539,50.995755],[100.710361,51.004292],[100.702119,51.011062],[100.692699,51.016066],[100.672388,51.02107],[100.682397,51.039321],[100.700647,51.048741],[100.722136,51.056394],[100.741858,51.069052],[100.730672,51.074645],[100.723902,51.082887],[100.713894,51.103787],[100.708301,51.128219],[100.715954,51.145587],[100.728317,51.163248],[100.734499,51.189447],[100.740092,51.205342],[100.767468,51.238017],[100.776004,51.254501],[100.778948,51.272457],[100.777771,51.283349],[100.772178,51.292769],[100.769234,51.302483],[100.788957,51.316318],[100.780714,51.343105],[100.795138,51.389614],[100.796021,51.41228],[100.784835,51.432297],[100.766879,51.44731],[100.744802,51.456729],[100.720664,51.459967],[100.699764,51.465855],[100.67857,51.480279],[100.659436,51.498235],[100.645601,51.514719]],[[112.500822,51.988057],[112.510536,51.978343],[112.540267,51.987174],[112.567643,52.010723],[112.575885,52.030445],[112.555868,52.038687],[112.526432,52.032506],[112.502883,52.014549],[112.500822,51.988057]],[[112.82109,52.230907],[112.813731,52.22973],[112.742495,52.226197],[112.727188,52.222076],[112.716002,52.212951],[112.700695,52.189696],[112.692747,52.180571],[112.691276,52.174978],[112.684211,52.161143],[112.681267,52.148779],[112.685683,52.140243],[112.702756,52.136122],[112.720418,52.14142],[112.737196,52.149074],[112.751326,52.153195],[112.792243,52.183809],[112.789005,52.196172],[112.802545,52.203826],[112.821679,52.207652],[112.83728,52.207947],[112.829627,52.200293],[112.874959,52.19941],[112.919113,52.218544],[112.937364,52.247686],[112.90469,52.276828],[112.89056,52.269763],[112.859063,52.262993],[112.844051,52.255634],[112.840224,52.251218],[112.834337,52.239444],[112.829627,52.235028],[112.82109,52.230907]],[[113.015665,52.28978],[112.987112,52.276533],[112.980341,52.273884],[112.974748,52.269174],[112.969744,52.263287],[112.966212,52.255634],[113.004773,52.248569],[113.021258,52.270352],[113.015665,52.28978]],[[113.127523,52.344237],[113.106035,52.34041],[113.08484,52.330402],[113.069239,52.317156],[113.0713,52.307736],[113.094554,52.313329],[113.123991,52.325692],[113.145185,52.338056],[113.127523,52.344237]],[[111.525888,52.531453],[111.541489,52.529687],[111.557385,52.531158],[111.56916,52.536163],[111.573869,52.541167],[111.580345,52.550292],[111.582112,52.559123],[111.572398,52.56295],[111.524122,52.557946],[111.499395,52.55147],[111.479673,52.542344],[111.486149,52.539401],[111.500278,52.529392],[111.514408,52.536163],[111.525888,52.531453]],[[111.447882,52.650376],[111.422566,52.640368],[111.411675,52.617996],[111.41403,52.60681],[111.421094,52.598273],[111.430808,52.592681],[111.441994,52.590914],[111.444938,52.587971],[111.44641,52.572958],[111.448765,52.566777],[111.454946,52.56295],[111.463188,52.562067],[111.510581,52.564716],[111.540312,52.575019],[111.563861,52.592681],[111.57593,52.617407],[111.573869,52.649787],[111.557974,52.663622],[111.533836,52.6648],[111.447882,52.650376]],[[111.603306,52.665977],[111.596535,52.632714],[111.62921,52.616524],[111.671304,52.619173],[111.692204,52.635658],[111.694264,52.643017],[111.70339,52.659207],[111.705745,52.66951],[111.702801,52.682462],[111.695147,52.685405],[111.685433,52.685405],[111.675131,52.690115],[111.657469,52.695119],[111.634214,52.690998],[111.613609,52.680107],[111.603306,52.665977]],[[111.897376,52.878214],[111.880597,52.889988],[111.854693,52.883218],[111.828789,52.866145],[111.811421,52.846422],[111.833793,52.837592],[111.86735,52.837592],[111.894432,52.849955],[111.897376,52.878214]],[[111.916804,52.908533],[111.943591,52.901174],[111.975382,52.901469],[112.000403,52.912949],[112.009823,52.927667],[112.007468,52.939736],[111.994516,52.949156],[111.973027,52.953865],[111.954482,52.952394],[111.937115,52.945329],[111.92063,52.934437],[111.906206,52.920897],[111.916804,52.908533]],[[109.796499,55.782116],[109.615759,55.790358],[109.615759,55.782999],[109.667273,55.783588],[109.723202,55.776229],[109.776776,55.762393],[109.821225,55.742671],[109.803858,55.739727],[109.696121,55.764748],[109.603102,55.770636],[109.559241,55.766515],[109.519502,55.753857],[109.486239,55.72913],[109.441496,55.690863],[109.417358,55.674379],[109.374381,55.658777],[109.368788,55.650241],[109.363489,55.634934],[109.350832,55.624631],[109.311387,55.601965],[109.25899,55.591957],[109.246332,55.585775],[109.221311,55.568113],[109.201295,55.558105],[109.197468,55.542209],[109.197468,55.50924],[109.191286,55.49776],[109.175685,55.481864],[109.170092,55.468324],[109.17804,55.467441],[109.190403,55.46332],[109.197468,55.462142],[109.197468,55.455372],[109.188343,55.442714],[109.197468,55.422992],[109.211892,55.402092],[109.218368,55.38649],[109.211009,55.363824],[109.199823,55.343219],[109.19423,55.323497],[109.204827,55.303774],[109.195702,55.274926],[109.190697,55.219586],[109.184221,55.188383],[109.166854,55.162774],[109.112691,55.115675],[109.101211,55.088888],[109.106509,55.063279],[109.102683,55.049738],[109.084432,55.043851],[109.065593,55.042673],[109.047342,55.038552],[109.030563,55.031193],[108.992296,54.99999],[108.964626,54.983212],[108.934306,54.969965],[108.903398,54.961134],[108.913995,54.947594],[108.946375,54.934053],[108.957855,54.920218],[108.936956,54.909621],[108.926947,54.894019],[108.921649,54.877535],[108.913406,54.862522],[108.897216,54.851925],[108.875728,54.841622],[108.856594,54.830142],[108.848646,54.814541],[108.850707,54.801589],[108.854534,54.79423],[108.857183,54.787754],[108.855417,54.776862],[108.850707,54.772741],[108.832751,54.761261],[108.827452,54.756551],[108.825097,54.746543],[108.823625,54.725054],[108.82127,54.714752],[108.817444,54.708276],[108.690867,54.564626],[108.658487,54.539899],[108.586662,54.498394],[108.560169,54.468369],[108.542802,54.432751],[108.536032,54.413028],[108.531027,54.383886],[108.512188,54.351801],[108.510128,54.341792],[108.50895,54.319126],[108.505418,54.310295],[108.498059,54.305291],[108.476864,54.298815],[108.467445,54.293811],[108.461557,54.286157],[108.453021,54.268496],[108.447134,54.25937],[108.383551,54.183424],[108.375603,54.17636],[108.3653,54.17371],[108.339691,54.171061],[108.32615,54.167823],[108.320557,54.163113],[108.317319,54.15546],[108.304073,54.140153],[108.299952,54.132499],[108.299952,54.122197],[108.305839,54.102474],[108.306722,54.090994],[108.290238,54.056259],[108.289943,54.050077],[108.28229,54.046545],[108.27758,54.037714],[108.274048,54.027706],[108.269338,54.019463],[108.260212,54.012693],[108.24049,54.003273],[108.231659,53.995326],[108.226655,53.987083],[108.210759,53.940574],[108.198985,53.917908],[108.181912,53.899952],[108.13864,53.885233],[108.07388,53.837841],[107.997051,53.816647],[107.984688,53.806933],[107.972913,53.793981],[107.670307,53.654158],[107.652645,53.642677],[107.60172,53.584688],[107.565513,53.525226],[107.550206,53.516395],[107.547262,53.510802],[107.547262,53.474595],[107.549029,53.468414],[107.552561,53.464881],[107.553444,53.459289],[107.547262,53.447514],[107.528423,53.432207],[107.481031,53.420138],[107.460425,53.409541],[107.444529,53.39865],[107.133092,53.277666],[107.109249,53.254117],[107.031831,53.228213],[107.015935,53.215555],[106.973841,53.169929],[106.955002,53.158154],[106.908787,53.145791],[106.887887,53.131956],[106.880822,53.120475],[106.876407,53.10929],[106.869636,53.100753],[106.843144,53.094571],[106.829014,53.087212],[106.817239,53.077498],[106.812235,53.066901],[106.803404,53.055421],[106.783093,53.041586],[106.744532,53.022158],[106.744532,53.015387],[106.776617,53.018625],[106.8611,53.042763],[106.870519,53.030694],[106.90025,53.01421],[106.909081,53.001258],[106.909375,52.989189],[106.903194,52.984479],[106.891125,52.981241],[106.819889,52.943857],[106.796045,52.924429],[106.778678,52.899408],[106.768669,52.871149],[106.761605,52.862318],[106.744532,52.850838],[106.729813,52.843479],[106.683009,52.830527],[106.651218,52.81522],[106.607063,52.781662],[106.573212,52.775186],[106.585281,52.755464],[106.58793,52.748694],[106.586752,52.74104],[106.580276,52.730443],[106.572623,52.726322],[106.564381,52.723378],[106.498737,52.678635],[106.487552,52.672748],[106.470184,52.667155],[106.408662,52.631831],[106.340958,52.617996],[105.9836,52.494657],[105.943861,52.471991],[105.907654,52.444321],[105.87704,52.412824],[105.839656,52.36131],[105.804921,52.339822],[105.788437,52.326281],[105.757529,52.289191],[105.748992,52.282421],[105.723382,52.267997],[105.707192,52.251513],[105.672163,52.196761],[105.634779,52.165853],[105.626831,52.157316],[105.614468,52.139065],[105.607403,52.130823],[105.554417,52.0955],[105.54176,52.089907],[105.519388,52.084314],[105.478177,52.056938],[105.455805,52.04899],[105.4561,52.040453],[105.440793,52.034272],[105.419304,52.029856],[105.401348,52.028385],[105.386335,52.025441],[105.353072,52.011311],[105.336294,52.008073],[105.307446,51.998948],[105.285957,51.977754],[105.26859,51.953027],[105.250634,51.933011],[105.220903,51.917704],[105.186462,51.909756],[105.086673,51.901808],[104.997186,51.870311],[104.937136,51.864129],[104.811442,51.877081],[104.750215,51.870311],[104.733436,51.858831],[104.705177,51.823801],[104.69193,51.816148],[104.679567,51.812616],[104.658079,51.794954],[104.647187,51.788183],[104.633058,51.784651],[104.622461,51.784651],[104.5995,51.788183],[104.246558,51.782002],[104.111444,51.758158],[103.994876,51.752271],[103.913926,51.733726],[103.790588,51.731665],[103.727299,51.719302],[103.708754,51.685745],[103.722884,51.672498],[103.775281,51.656897],[103.794709,51.64836],[103.809721,51.638058],[103.853581,51.616863],[103.873893,51.610682],[103.926878,51.606561],[103.951605,51.601262],[103.993993,51.574769],[104.07877,51.562995],[104.138526,51.538268],[104.187685,51.532087],[104.257449,51.508243],[104.308963,51.499707],[104.417583,51.495585],[104.522377,51.480573],[104.628053,51.487049],[104.708415,51.47498],[104.787893,51.473508],[104.806438,51.478218],[104.941551,51.538268],[104.963334,51.542684],[105.01632,51.545627],[105.4352,51.614509],[105.748403,51.70429],[105.801683,51.710177],[105.847604,51.727839],[105.873802,51.733726],[105.90265,51.729605],[105.918546,51.729899],[105.932381,51.737553],[106.011859,51.820858],[106.040118,51.842346],[106.060724,51.85471],[106.069849,51.857065],[106.075147,51.86148],[106.08545,51.880319],[106.090454,51.88444],[106.091043,51.888562],[106.114004,51.906812],[106.162279,51.933011],[106.184062,51.938898],[106.193188,51.943019],[106.197014,51.950084],[106.195542,51.961269],[106.190833,51.973633],[106.183473,51.983347],[106.172582,51.987468],[106.1664,51.996888],[106.181413,52.017493],[106.210555,52.04899],[106.221446,52.05576],[106.229983,52.064886],[106.233515,52.074894],[106.230572,52.083725],[106.232632,52.087552],[106.234693,52.089907],[106.236165,52.09285],[106.236753,52.097266],[106.250294,52.089907],[106.263835,52.099032],[106.277081,52.110806],[106.287384,52.124347],[106.292094,52.138477],[106.287384,52.157905],[106.263541,52.186458],[106.255593,52.22237],[106.246173,52.24121],[106.244113,52.248275],[106.246762,52.261521],[106.251177,52.267114],[106.257653,52.270352],[106.264718,52.27565],[106.322708,52.33364],[106.336248,52.343649],[106.347729,52.346003],[106.374516,52.344532],[106.38894,52.346592],[106.486374,52.382505],[106.552312,52.38692],[106.566441,52.385448],[106.594111,52.378089],[106.620899,52.378089],[106.66211,52.362488],[106.739822,52.321277],[106.785448,52.316567],[106.828131,52.330991],[106.854918,52.358661],[106.887887,52.432546],[106.914085,52.464338],[106.955002,52.488476],[107.129854,52.557062],[107.31913,52.607987],[107.361224,52.626238],[107.395076,52.652436],[107.410383,52.661267],[107.434227,52.672159],[107.530484,52.701007],[107.554327,52.705422],[107.722409,52.701595],[107.753906,52.706599],[107.772745,52.712192],[107.786286,52.712487],[107.792762,52.713664],[107.798944,52.717197],[107.808069,52.72485],[107.813368,52.727499],[107.862526,52.741334],[107.885193,52.751048],[107.926109,52.777541],[107.968498,52.790199],[107.984688,52.803151],[108.005587,52.839652],[108.019717,52.852604],[108.042972,52.857608],[108.207227,52.924135],[108.218118,52.936792],[108.225772,52.953571],[108.243728,52.965346],[108.279935,52.98183],[108.31467,53.010678],[108.333215,53.030106],[108.341457,53.04659],[108.33763,53.059836],[108.328799,53.064252],[108.317319,53.065724],[108.306722,53.070139],[108.299363,53.077498],[108.294653,53.085152],[108.286411,53.104874],[108.29377,53.111056],[108.304661,53.117532],[108.332332,53.121653],[108.375603,53.143436],[108.379136,53.145791],[108.39768,53.150795],[108.607856,53.282964],[108.653777,53.300626],[108.683508,53.305042],[108.697049,53.292973],[108.709118,53.276194],[108.736494,53.273545],[108.787124,53.282964],[108.929302,53.348019],[108.97905,53.364798],[108.979344,53.369802],[108.998183,53.393057],[109.001716,53.434562],[108.992296,53.478717],[108.97905,53.508742],[108.929008,53.573502],[108.896628,53.594402],[108.855417,53.598228],[108.794483,53.579683],[108.677326,53.562905],[108.597259,53.521399],[108.55075,53.504621],[108.526023,53.516395],[108.564879,53.532585],[108.581364,53.544654],[108.58784,53.559667],[108.596376,53.571147],[108.649362,53.60441],[108.683508,53.640028],[108.698226,53.660045],[108.711473,53.692719],[108.808318,53.789859],[108.906636,53.85462],[108.918705,53.859329],[108.965214,53.857563],[109.005837,53.87081],[109.019377,53.871987],[109.040866,53.864922],[109.051758,53.85197],[109.060294,53.835192],[109.074424,53.817235],[109.065004,53.813997],[109.062649,53.811054],[109.067064,53.803695],[109.067064,53.796335],[109.044693,53.795452],[109.036451,53.786033],[109.03233,53.774847],[109.022616,53.769548],[109.018789,53.765722],[109.0809,53.741584],[109.072657,53.730692],[109.063826,53.724805],[109.056467,53.71774],[109.049991,53.688893],[109.042044,53.679179],[108.99524,53.652097],[108.984937,53.643266],[108.989352,53.639145],[109.046753,53.625604],[109.125643,53.618245],[109.136534,53.619128],[109.150664,53.624427],[109.156551,53.625604],[109.166854,53.626487],[109.168326,53.628842],[109.167148,53.633258],[109.170092,53.639145],[109.186871,53.655041],[109.197468,53.663283],[109.208065,53.666521],[109.21042,53.671231],[109.184221,53.700667],[109.190992,53.708615],[109.207771,53.739229],[109.211303,53.749237],[109.206593,53.758657],[109.188343,53.776613],[109.184221,53.786621],[109.193935,53.807227],[109.235735,53.844022],[109.245155,53.868455],[109.260462,53.88906],[109.440318,54.001507],[109.471815,54.027706],[109.481235,54.033887],[109.489477,54.042424],[109.493009,54.05361],[109.494776,54.063029],[109.50449,54.086578],[109.513026,54.099825],[109.517442,54.113366],[109.520091,54.11837],[109.523918,54.120136],[109.53687,54.123374],[109.540696,54.12514],[109.556886,54.143685],[109.561007,54.153399],[109.561302,54.16694],[109.552471,54.184013],[109.520091,54.222869],[109.505078,54.255544],[109.489183,54.271145],[109.476819,54.287924],[109.478586,54.310295],[109.493009,54.32678],[109.50655,54.336199],[109.510671,54.347385],[109.482707,54.391245],[109.488005,54.406258],[109.501546,54.420387],[109.512732,54.440993],[109.512437,54.452767],[109.507433,54.463659],[109.50184,54.47249],[109.498897,54.478672],[109.501252,54.489563],[109.510377,54.508697],[109.514792,54.527536],[109.524506,54.537544],[109.527156,54.542843],[109.526273,54.549613],[109.521268,54.559916],[109.520091,54.564626],[109.520091,54.586409],[109.51803,54.596123],[109.512732,54.605542],[109.522151,54.625265],[109.527156,54.632918],[109.561596,54.657939],[109.60369,54.675895],[109.638425,54.699445],[109.649905,54.742127],[109.644018,54.760672],[109.634893,54.77804],[109.630772,54.795702],[109.639308,54.814541],[109.649317,54.820428],[109.674926,54.826021],[109.684052,54.831614],[109.690233,54.841328],[109.688467,54.845449],[109.68258,54.84957],[109.677281,54.85899],[109.674926,54.861051],[109.670217,54.863994],[109.665507,54.86841],[109.663446,54.876063],[109.665801,54.879007],[109.670511,54.881067],[109.674926,54.883717],[109.677281,54.889604],[109.715254,54.910504],[109.724968,54.931109],[109.714077,54.972615],[109.718198,54.995575],[109.734977,55.012942],[109.77295,55.035903],[109.780309,55.054448],[109.771772,55.069166],[109.755877,55.087711],[109.747046,55.107139],[109.759703,55.125684],[109.748517,55.138047],[109.73792,55.145112],[109.731444,55.152765],[109.731739,55.167778],[109.737626,55.179258],[109.769712,55.211638],[109.795321,55.227534],[109.804447,55.237837],[109.807685,55.256087],[109.801797,55.269922],[109.790317,55.279342],[109.778543,55.286701],[109.773538,55.293766],[109.777659,55.305835],[109.796499,55.324968],[109.800914,55.342041],[109.803269,55.346751],[109.816221,55.353227],[109.821225,55.358526],[109.837415,55.408273],[109.840653,55.423875],[109.841537,55.438004],[109.849779,55.450367],[109.868324,55.458904],[109.903942,55.468324],[109.88157,55.476566],[109.863319,55.480981],[109.853311,55.489224],[109.85596,55.50924],[109.861553,55.515128],[109.87009,55.521309],[109.876566,55.528668],[109.875977,55.537205],[109.868324,55.540443],[109.838887,55.543975],[109.827996,55.54427],[109.838298,55.558988],[109.854783,55.577533],[109.873033,55.59284],[109.883336,55.598727],[109.901292,55.608735],[109.910712,55.621099],[109.917482,55.635228],[109.927785,55.650241],[109.945447,55.66231],[109.958988,55.667019],[109.961048,55.672612],[109.944564,55.688214],[109.873328,55.718533],[109.862142,55.725892],[109.858315,55.748558],[109.847424,55.760333],[109.830351,55.76622],[109.807685,55.770047],[109.814455,55.776817],[109.796499,55.782116]],[[112.199982,54.855752],[112.188207,54.848687],[112.182026,54.839856],[112.178493,54.831614],[112.195861,54.814247],[112.225592,54.806888],[112.317139,54.804238],[112.338922,54.811892],[112.34893,54.827493],[112.343043,54.851925],[112.324204,54.871648],[112.305659,54.867527],[112.285347,54.853691],[112.26121,54.844566],[112.246786,54.846038],[112.227358,54.856929],[112.21264,54.85899],[112.199982,54.855752]],[[112.418989,54.87989],[112.411335,54.876357],[112.406626,54.871942],[112.408392,54.868115],[112.411924,54.863994],[112.411335,54.85899],[112.413985,54.857518],[112.412807,54.848098],[112.406626,54.841328],[112.394262,54.848393],[112.383959,54.851631],[112.374834,54.845155],[112.370419,54.83603],[112.373657,54.831614],[112.406037,54.825138],[112.418106,54.824844],[112.441655,54.828376],[112.451369,54.834558],[112.452841,54.845155],[112.452252,54.862522],[112.446365,54.87047],[112.433118,54.877241],[112.418989,54.87989]],[[113.027734,55.235482],[112.929122,55.209872],[112.918525,55.2084],[112.907045,55.197803],[112.894681,55.19015],[112.880846,55.184557],[112.864362,55.181024],[112.882024,55.169838],[113.035093,55.153648],[113.07807,55.158358],[113.094849,55.173076],[113.103385,55.235482],[113.116043,55.260797],[113.11516,55.271688],[113.097204,55.276693],[113.079542,55.271688],[113.027734,55.235482]],[[111.737241,55.316726],[111.723995,55.312311],[111.725467,55.306718],[111.735475,55.301714],[111.749016,55.298476],[111.760791,55.297004],[111.811716,55.297004],[111.816131,55.299947],[111.814659,55.306129],[111.810833,55.312311],[111.808772,55.314371],[111.80524,55.317609],[111.751665,55.318492],[111.737241,55.316726]],[[113.506959,55.33115],[113.555823,55.338509],[113.592324,55.339687],[113.605276,55.345574],[113.610575,55.362353],[113.594385,55.384724],[113.556706,55.381781],[113.514612,55.365591],[113.484881,55.348518],[113.472224,55.344396],[113.460449,55.338509],[113.482232,55.330856],[113.506959,55.33115]],[[111.251246,55.838634],[111.269497,55.850703],[111.280683,55.866304],[111.262432,55.867187],[111.246831,55.863949],[111.232407,55.857179],[111.22652,55.85188],[111.205914,55.838339],[111.205914,55.831569],[111.228875,55.831569],[111.251246,55.838634]]]]}},{"type":"Feature","properties":{"id":"liao","sourceRefs":["atlas-943-fixed-master"]},"geometry":{"type":"MultiPolygon","coordinates":[[[[117.565971,38.612507],[117.580438,38.58481],[117.668045,38.446157],[117.716082,38.378511],[117.803894,38.294018],[117.837169,38.270901],[117.900157,38.246161],[117.941698,38.233946],[117.95094675182811,38.2240119655623],[117.8483973820701,38.20433380870196],[117.63831601692706,38.16356249948792],[117.60899833692196,38.3290177319008],[117.57955983323676,38.4944935538478],[117.55791523653305,38.61567476676871],[117.565971,38.612507]]],[[[121.83253,38.882676],[121.83839,38.870551],[121.82602,38.860582],[121.822032,38.864936],[121.821137,38.872341],[121.819347,38.876125],[121.819998,38.880072],[121.823904,38.880764],[121.823416,38.883572],[121.821462,38.886746],[121.823578,38.890245],[121.829682,38.892605],[121.833751,38.892646],[121.83253,38.882676]]],[[[117.731503,38.954469],[117.769123,38.943906],[117.762132,38.929277],[117.778205,38.92708],[117.785638,38.938446],[117.814789,38.930446],[117.810865,38.914665],[117.789289,38.90463],[117.760962,38.909365],[117.718365,38.921352],[117.69711,38.934768],[117.713711,38.966441],[117.731503,38.954469]]],[[[117.879402,38.946554],[117.88005,38.930526],[117.835649,38.93809],[117.796125,38.949843],[117.758541,38.958932],[117.733231,38.964288],[117.720451,38.973943],[117.729952,38.976724],[117.752941,38.973122],[117.808853,38.96423],[117.819264,38.958403],[117.879402,38.946554]]],[[[118.469477,39.006319],[118.478483,39.042858],[118.488193,39.050492],[118.526381,39.046694],[118.559718,39.003125],[118.577812,39.008619],[118.610196,39.034034],[118.628711,39.048554],[118.614637,39.067649],[118.632743,39.074581],[118.648672,39.055851],[118.648736,39.044651],[118.594321,38.972197],[118.514308,38.919445],[118.502699,38.919028],[118.480276,38.93482],[118.4909,38.943187],[118.470698,38.970551],[118.469477,39.006319]]],[[[117.77335,39.047577],[117.796251,39.049901],[117.8108,39.027191],[117.826843,38.983718],[117.819697,38.977408],[117.803232,38.979609],[117.791224,38.989276],[117.780519,39.031915],[117.77335,39.047577]]],[[[122.747406,39.009345],[122.713796,39.021633],[122.711274,39.025417],[122.712413,39.030544],[122.710053,39.038967],[122.712087,39.045681],[122.717459,39.048814],[122.721528,39.04918],[122.727306,39.038479],[122.75408,39.024563],[122.760427,39.016669],[122.758149,39.010443],[122.747406,39.009345]]],[[[122.389903,39.193549],[122.388927,39.187079],[122.397472,39.165839],[122.402599,39.159125],[122.388927,39.15233],[122.376313,39.16059],[122.355235,39.151557],[122.333995,39.146308],[122.3213,39.165961],[122.330577,39.180121],[122.354828,39.195624],[122.382579,39.208319],[122.402599,39.213813],[122.392914,39.203803],[122.389903,39.193549]]],[[[122.692149,39.201402],[122.692556,39.207668],[122.693696,39.213772],[122.69752,39.221259],[122.683604,39.224311],[122.635997,39.228013],[122.635997,39.23428],[122.66212,39.232733],[122.718598,39.241889],[122.741954,39.23607],[122.739513,39.222235],[122.725597,39.210028],[122.690684,39.193305],[122.692149,39.201402]]],[[[122.540457,39.23428],[122.544444,39.230333],[122.542817,39.226182],[122.535899,39.223538],[122.520112,39.221829],[122.51531,39.22309],[122.508149,39.221706],[122.497976,39.219346],[122.490001,39.228502],[122.487966,39.23314],[122.501882,39.234931],[122.511404,39.234931],[122.526378,39.231838],[122.53655,39.232449],[122.540457,39.23428]]],[[[122.643891,39.27851],[122.663259,39.272203],[122.684418,39.262193],[122.643077,39.255072],[122.586192,39.258002],[122.533458,39.271674],[122.505056,39.296942],[122.536632,39.298041],[122.54656,39.296942],[122.584727,39.284369],[122.643891,39.27851]]],[[[121.45045,39.450263],[121.443126,39.441148],[121.41627,39.440334],[121.41627,39.433539],[121.425548,39.430121],[121.431977,39.424262],[121.435557,39.416205],[121.436046,39.409817],[121.433604,39.38581],[121.421723,39.373684],[121.403494,39.370592],[121.353201,39.373196],[121.336925,39.377387],[121.336111,39.387356],[121.354259,39.406195],[121.371755,39.417548],[121.379649,39.424872],[121.381602,39.433539],[121.375255,39.442369],[121.364268,39.445461],[121.351899,39.444281],[121.340587,39.440334],[121.327322,39.427639],[121.313324,39.408433],[121.296153,39.391425],[121.27296,39.385077],[121.264415,39.386908],[121.259451,39.391506],[121.257579,39.399644],[121.258637,39.412421],[121.261729,39.427802],[121.26588,39.43358],[121.29477,39.443345],[121.302908,39.445217],[121.311046,39.447943],[121.32016,39.454006],[121.324718,39.460761],[121.327322,39.468451],[121.331309,39.475775],[121.340587,39.48135],[121.35255,39.482408],[121.388438,39.474514],[121.413259,39.476508],[121.422537,39.474514],[121.442393,39.462877],[121.45045,39.450263]]],[[[123.08074,39.432685],[123.081554,39.423651],[123.069753,39.430813],[123.060639,39.432196],[123.051768,39.442939],[123.048676,39.44717],[123.049653,39.451646],[123.055675,39.454779],[123.062266,39.451646],[123.076264,39.44949],[123.093516,39.442939],[123.092296,39.441067],[123.085785,39.442491],[123.08074,39.432685]]],[[[122.968028,39.541083],[122.989757,39.549506],[123.017589,39.544501],[123.04005,39.529731],[123.029959,39.50788],[123.005707,39.497301],[122.979747,39.499335],[122.964366,39.515448],[122.968028,39.541083]]],[[[124.23526,39.798386],[124.23039,39.798261],[124.227397,39.79464],[124.226015,39.791423],[124.223189,39.791557],[124.221201,39.79384],[124.216098,39.794711],[124.211662,39.795157],[124.211533,39.795573],[124.211316,39.799505],[124.212588,39.804049],[124.214651,39.807242],[124.219273,39.810922],[124.217575,39.814864],[124.220272,39.81526],[124.223116,39.816788],[124.220994,39.818974],[124.223426,39.819987],[124.227065,39.821298],[124.230017,39.821172],[124.231896,39.819199],[124.234433,39.817628],[124.235861,39.813482],[124.239887,39.812623],[124.239586,39.809831],[124.239561,39.807657],[124.242788,39.807321],[124.242751,39.804633],[124.241627,39.801856],[124.237835,39.800967],[124.23526,39.798386]]],[[[124.305512,39.928616],[124.292003,39.91946],[124.304373,39.932563],[124.305512,39.928616]]],[[[120.804535,40.515611],[120.806651,40.516262],[120.821056,40.511257],[120.825369,40.504706],[120.825938,40.492296],[120.818044,40.484524],[120.802664,40.482856],[120.794281,40.479153],[120.791026,40.474758],[120.785085,40.470689],[120.777273,40.474636],[120.774343,40.485419],[120.781912,40.491278],[120.790294,40.492987],[120.792166,40.497748],[120.790619,40.503852],[120.79184,40.507025],[120.799978,40.507066],[120.804779,40.510972],[120.804535,40.515611]]],[[[116.91480997319705,38.83504946757259],[116.80000581735246,38.70000421639692],[116.77496515930048,38.559989529091595],[116.75000977229493,38.41999336186275],[116.65489677549718,38.33503769276212],[116.55999296354858,38.250008092739755],[116.40495514440916,38.23511662958363],[116.25000370338215,38.22000120949908],[116.02507503288088,38.260233804520546],[115.7999864998667,38.2999922834593],[115.79000588543664,38.40999513389894],[115.77999656959956,38.520010621104134],[115.76502391288383,38.649995063856636],[115.75000086413877,38.77999758026499],[115.65013628418005,38.8900382313158],[115.55000868684752,38.999999515829096],[115.35014008202559,39.06518636706077],[115.14999632427498,39.13000671509167],[114.94493562896159,39.1227414749504],[114.73996615787023,39.11508857138431],[114.55712900194845,39.04340825826833],[114.37466111065184,38.97142850916582],[114.19256301026383,38.899150040194904],[113.97457379941137,38.85941898628092],[113.75686313857163,38.81925125782588],[113.53943334046726,38.77864766798588],[113.35872669310434,38.70498918231796],[113.17839391118419,38.63103578266005],[112.99843543322456,38.55678817464315],[112.74576580130835,38.547091513036754],[112.49324585050357,38.53680160134905],[112.24087985672972,38.525919124174145],[112.28665350383861,38.671876726825424],[112.33259141047162,38.817840855959346],[112.37869454340827,38.96381245096945],[112.29477942241812,39.122563683015294],[112.21053305715441,39.28128455799357],[112.12595341786115,39.43997610833258],[111.8968632607436,39.483141697821075],[111.66759730496616,39.52582899509201],[111.4381584682048,39.56803776265059],[111.22365354858263,39.47412624739575],[111.0097194979591,39.37980565562556],[110.79635672678685,39.28507723410642],[110.58356561862615,39.18994222272996],[110.48653368117743,38.997509050874044],[110.38997130194748,38.805036055822015],[110.29387501073889,38.61252138493394],[110.08594455498475,38.51450846102629],[109.87858328577985,38.416102994380786],[109.67179133354018,38.31730613541938],[109.41862231807434,38.25719903837765],[109.16592867626535,38.19649657118602],[108.91371359955433,38.135200283361776],[108.70847056495754,38.18446043250582],[108.50304070268564,38.233332735237056],[108.29742594281764,38.28181696316692],[108.03490830854001,38.38320829758517],[107.77183072821397,38.48397775117012],[107.50819567015431,38.584124342104104],[107.38940562513345,38.761691571997694],[107.27009362777144,38.93917419288326],[107.15025625806895,39.11657336417079],[107.02989006893635,39.29389024837259],[106.8869260632345,39.48503736352007],[106.74328288583958,39.67606105659952],[106.59895584056198,39.866962627468965],[106.45394019330693,40.057743377302806],[106.30823117177225,40.24840460875343],[106.22317749496612,40.4521414314907],[106.13766861529994,40.655894610028156],[106.05170075097605,40.859666729125884],[105.96527007950793,41.063460399309456],[105.87837273719033,41.26727825756309],[105.79100481856148,41.47112296804036],[105.69082869656461,41.676882845485395],[105.59010622938071,41.88265738120331],[105.48883282327188,42.08844926701281],[105.38700383502893,42.29426122283551],[105.28461457133635,42.500095997467824],[105.28793744596541,42.689572297474335],[105.29125969971663,42.87914204736535],[105.29458133135778,43.06880801595939],[105.29790233964208,43.25857300700874],[105.30122272330804,43.448439860046214],[105.27799684552551,43.63280255142854],[105.25463943368663,43.81726423570454],[105.23114942749461,44.00182757045787],[105.20752575524318,44.18649524751952],[105.18376733366338,44.37126999378428],[105.1598730677676,44.55615457204988],[105.29657856964981,44.72153294079041],[105.4339184408491,44.886836635670676],[105.57189659440164,45.05206659781402],[105.71051697009332,45.21722377194667],[105.84978353461237,45.38230910652412],[105.98970028170159,45.54732355385993],[106.12529738819364,45.72915200863558],[106.26158892796883,45.91094546281621],[106.39857985023724,46.092705613709484],[106.53627514573466,46.2744341731821],[106.67467984707513,46.456132868053274],[106.84543463444746,46.59776916600382],[107.01689771439398,46.73924180746832],[107.18907223904937,46.88055061936667],[107.36196136769341,47.021695419977455],[107.53556826659009,47.16267601885437],[107.70989610882233,47.3034922167411],[107.98353231981046,47.40298247535159],[108.25803243923121,47.50189745532199],[108.53339485341453,47.600234344470216],[108.80961787674377,47.697990316940796],[109.08669975104792,47.795162533486106],[109.37340317653087,47.8574189887549],[109.6607157613584,47.9190205877099],[109.94863296836417,47.979964914814694],[110.23715019456482,48.0402495626032],[110.52626277126427,48.099872132135545],[110.81596596417297,48.158830233456904],[111.10661586590827,48.220774419946245],[111.39787745980243,48.28204980380088],[111.68974597219207,48.342653923091795],[111.982216561436,48.402584325010025],[112.2752843180517,48.46183856635031],[112.56894426486839,48.520414213997405],[112.86319135719677,48.57830884541534],[113.15802048301565,48.63552004913932],[113.4534264631753,48.69204542526997],[113.74940405161827,48.74788258597],[114.04594793561687,48.8030291559629],[114.34305273602823,48.85748277303367],[114.6331404343209,48.93804269307654],[114.92398183714076,49.017961464544626],[115.21557331958726,49.09723625064245],[115.5079111788329,49.17586421286995],[115.80099163389424,49.25384251149286],[116.08011289450963,49.34783373030749],[116.36006026162454,49.441254413276425],[116.64083164350694,49.53410176950701],[116.92242487609447,49.626372996755656],[117.20483772248788,49.71806528174282],[117.48806787245405,49.8091758004764],[117.81163322056403,49.829918101675744],[118.13549102408577,49.84982899838758],[118.45963269754876,49.86890699503562],[118.78404961375881,49.88715063469178],[119.10873310499774,49.904558499461594],[119.42290932673029,49.97998730351709],[119.73785174535779,50.05467215828991],[120.05355499555203,50.12860983466857],[120.37001361631131,50.201797109668796],[120.68722205095916,50.27423076713945],[121.00517464716862,50.34590759847616],[121.31104658976498,50.36571303940651],[121.61717002146239,50.384781579262786],[121.9235377144852,50.40311201464064],[122.23014240896201,50.42070317316544],[122.536976813829,50.43755391377909],[122.84403360774384,50.45366312701858],[123.14217220552456,50.47978846096846],[123.44060225875552,50.50521857275663],[123.739317240373,50.52995214489475],[124.0383105878301,50.553987886213214],[124.33757570383182,50.57732453217367],[124.68405587994235,50.512902792317206],[125.02998364035066,50.447543710149276],[125.37534964176655,50.38124962808873],[125.54133816045646,50.21075624673025],[125.70654753478519,50.040203527467014],[125.87098261781422,49.86958998876727],[126.03464823122417,49.69891416149693],[126.19754916543494,49.52817458858578],[126.31181359556078,49.32117742066262],[126.42543182272952,49.11429948082894],[126.5384095312077,48.90753631103184],[126.65075234160086,48.700883525646226],[126.76246581169626,48.49433680941171],[126.87355543729296,48.28789191543696],[127.03142421095616,48.117225638700866],[127.18856888166847,47.946479603268195],[127.34499390702139,47.775652503434344],[127.50070371543192,47.60474304159793],[127.65570270627433,47.43374992802209],[127.8887008001836,47.28635020043291],[128.1207942324977,47.138572952364385],[128.35198544090747,46.99041916623882],[128.58227688593493,46.84188980303643],[128.81167105031378,46.6929858024335],[129.0686548394725,46.62396373507788],[129.32519405373995,46.55439752596957],[129.58128544571872,46.484288404192824],[129.83692580719807,46.413637602948455],[130.0921119692221,46.342446359319666],[130.3735190449794,46.342205244858526],[130.6549671154243,46.34130617913488],[130.93645031970203,46.33974892348751],[131.21796279333165,46.337533262182305],[131.49949866887826,46.3346590024315],[131.79924190212964,46.37722104452585],[132.09937852313044,46.41905965037388],[132.39990237444334,46.46017324809441],[132.70080725086473,46.500560286806575],[133.0020869000182,46.54021923700896],[133.2874178464608,46.58282895948756],[133.5731185394333,46.624788522239804],[133.8591837661192,46.666096532367085],[134.14560827327244,46.706751613472406],[134.4323867676542,46.74675240596435],[134.71951391648054,46.786097567359725],[134.93659803367765,46.59873611259659],[135.15260610174522,46.41107641452441],[135.3675439821059,46.22311812373552],[135.5982469824023,46.098707389121046],[135.82819588541392,45.97387583794965],[136.05739129822908,45.84862471218268],[136.2858338606684,45.72295523803016],[136.513524244813,45.596868625954286],[136.7861989934242,45.60693531226056],[137.0589718314434,45.616386869167926],[137.33183755474874,45.62522291013739],[137.40287546262482,45.62736226000664],[137.396739,45.623928],[137.335948,45.570624],[137.266205,45.485907],[137.256358,45.477118],[137.236664,45.472602],[137.219493,45.461005],[137.144542,45.374661],[137.125743,45.367336],[137.103282,45.363756],[137.082774,45.355211],[136.926362,45.254381],[136.825531,45.204088],[136.810802,45.193183],[136.800304,45.175279],[136.788585,45.128119],[136.78004,45.107856],[136.760753,45.087877],[136.718516,45.067369],[136.700938,45.056342],[136.698009,45.052558],[136.691417,45.041164],[136.690522,45.038967],[136.684337,45.037909],[136.669444,45.040229],[136.663341,45.038967],[136.656505,45.033393],[136.577647,44.952948],[136.571625,44.950263],[136.564789,44.949652],[136.558197,44.94831],[136.553477,44.943345],[136.553071,44.937893],[136.555186,44.931952],[136.558116,44.928127],[136.560313,44.929104],[136.558116,44.918443],[136.556651,44.902045],[136.553477,44.894965],[136.51588,44.875067],[136.510265,44.869696],[136.498302,44.845771],[136.488292,44.840277],[136.478038,44.839301],[136.467621,44.836615],[136.458018,44.832261],[136.450287,44.826646],[136.447276,44.818061],[136.443614,44.785102],[136.426117,44.77265],[136.408458,44.776679],[136.388682,44.786811],[136.364757,44.792548],[136.354584,44.788804],[136.349946,44.779853],[136.346934,44.7685],[136.341075,44.757758],[136.334972,44.752753],[136.326996,44.748847],[136.317638,44.745998],[136.306977,44.744086],[136.312022,44.733222],[136.321137,44.725002],[136.329845,44.718655],[136.333751,44.71369],[136.328868,44.707343],[136.317719,44.701809],[136.305431,44.697821],[136.274506,44.692939],[136.260753,44.68358],[136.235362,44.651679],[136.227306,44.631049],[136.233165,44.586086],[136.228119,44.569729],[136.219005,44.565375],[136.208832,44.564195],[136.200531,44.560533],[136.19516,44.538967],[136.186046,44.521145],[136.184093,44.515082],[136.165294,44.496527],[136.132843,44.48058],[136.122569,44.475531],[136.046397,44.449897],[136.034028,44.450832],[136.009044,44.456936],[135.998546,44.456122],[135.993175,44.451972],[135.98935,44.440579],[135.984874,44.435614],[135.950938,44.420111],[135.908214,44.409613],[135.888682,44.401516],[135.88087,44.393744],[135.872081,44.38227],[135.862153,44.371894],[135.837901,44.362698],[135.835704,44.351711],[135.840831,44.329495],[135.834565,44.311225],[135.819428,44.290595],[135.786225,44.258124],[135.766938,44.250434],[135.742279,44.24494],[135.720958,44.236558],[135.711762,44.220282],[135.704845,44.198391],[135.688487,44.187161],[135.669932,44.179592],[135.655854,44.168687],[135.65089,44.15762],[135.649425,44.145697],[135.65211,44.134101],[135.659272,44.12401],[135.659679,44.116441],[135.653087,44.106024],[135.63852,44.089301],[135.62851,44.068549],[135.628429,44.052191],[135.624034,44.038479],[135.601329,44.025377],[135.560883,44.01439],[135.54127,44.003974],[135.53297,43.987209],[135.53419,43.967841],[135.53297,43.962633],[135.529877,43.959784],[135.525157,43.957831],[135.518809,43.956488],[135.511974,43.921698],[135.505382,43.931708],[135.493175,43.943915],[135.478282,43.951972],[135.463634,43.949652],[135.458751,43.938178],[135.466401,43.925482],[135.472667,43.911119],[135.463634,43.894436],[135.47934,43.893988],[135.48463,43.894436],[135.48463,43.887519],[135.480805,43.877997],[135.490001,43.878648],[135.518809,43.887519],[135.518809,43.880764],[135.487885,43.832709],[135.474376,43.825507],[135.472504,43.818101],[135.429291,43.778306],[135.429535,43.771308],[135.425792,43.76317],[135.417735,43.758979],[135.390147,43.754828],[135.381358,43.747463],[135.375092,43.738349],[135.367931,43.729926],[135.359223,43.722317],[135.354991,43.719468],[135.33961,43.715399],[135.331147,43.716457],[135.323253,43.716539],[135.316417,43.712836],[135.309174,43.706773],[135.285411,43.691881],[135.275401,43.688951],[135.259776,43.693752],[135.256358,43.704535],[135.258067,43.716254],[135.258067,43.7237],[135.24936,43.729438],[135.235606,43.734076],[135.223237,43.732611],[135.217621,43.719957],[135.210216,43.71369],[135.182221,43.710639],[135.183604,43.703192],[135.196056,43.696479],[135.208832,43.695461],[135.220958,43.69302],[135.230724,43.682115],[135.226817,43.682196],[135.224864,43.668362],[135.223888,43.644599],[135.219574,43.634955],[135.210216,43.630439],[135.200776,43.627834],[135.196544,43.624091],[135.176117,43.593329],[135.17213,43.583564],[135.167247,43.566555],[135.162446,43.55858],[135.153901,43.551256],[135.144867,43.546129],[135.13795,43.539496],[135.135265,43.527899],[135.136241,43.52497],[135.138682,43.523098],[135.14088,43.520168],[135.1421,43.514228],[135.139903,43.508368],[135.135265,43.505601],[135.130626,43.50373],[135.128429,43.500556],[135.115326,43.500678],[135.056163,43.488105],[134.974701,43.45954],[134.963878,43.45246],[134.956391,43.436347],[134.938324,43.426988],[134.895518,43.415229],[134.873546,43.404975],[134.835704,43.379706],[134.770274,43.315253],[134.750987,43.305365],[134.728038,43.312567],[134.702891,43.304185],[134.680186,43.288764],[134.665294,43.274319],[134.656016,43.267239],[134.633637,43.261542],[134.621186,43.256985],[134.613129,43.251125],[134.59726,43.236029],[134.587169,43.22899],[134.560069,43.234809],[134.530365,43.220364],[134.477306,43.18183],[134.430431,43.157904],[134.409434,43.152167],[134.375824,43.138495],[134.357432,43.125556],[134.347911,43.121568],[134.337901,43.120429],[134.321381,43.127387],[134.314545,43.123481],[134.305919,43.113593],[134.255219,43.095526],[134.240733,43.092475],[134.223888,43.090806],[134.207856,43.08633],[134.193696,43.079779],[134.182384,43.071967],[134.178315,43.066596],[134.176036,43.054877],[134.171886,43.048041],[134.165375,43.044338],[134.14796,43.040188],[134.14088,43.037258],[134.129649,43.024604],[134.120372,43.008979],[134.10849,42.995673],[134.069835,42.985053],[134.049571,42.973293],[133.926768,42.882717],[133.910655,42.879828],[133.896251,42.884914],[133.871349,42.899319],[133.864513,42.90119],[133.850352,42.900702],[133.83961,42.89761],[133.818451,42.883938],[133.794281,42.876695],[133.729991,42.845445],[133.723969,42.825181],[133.717296,42.816636],[133.706309,42.822455],[133.677745,42.848822],[133.671641,42.852851],[133.642914,42.853827],[133.633637,42.852851],[133.614106,42.846381],[133.604991,42.846259],[133.593354,42.852851],[133.589447,42.842475],[133.584972,42.835639],[133.579194,42.830756],[133.572276,42.826239],[133.551768,42.818752],[133.545502,42.819729],[133.524425,42.826239],[133.511974,42.821723],[133.50766,42.816962],[133.505138,42.811428],[133.497813,42.804429],[133.488048,42.799954],[133.468028,42.793199],[133.444347,42.77912],[133.420177,42.77143],[133.377452,42.763495],[133.31837,42.765815],[133.298595,42.763495],[133.237397,42.743964],[133.222911,42.736233],[133.193696,42.706773],[133.177745,42.693793],[133.157725,42.688422],[133.062022,42.688422],[133.03769,42.691392],[133.024425,42.699368],[133.013438,42.710354],[132.996349,42.722561],[133.008637,42.727851],[133.026866,42.739651],[133.038422,42.742987],[133.05185,42.741197],[133.066173,42.737372],[133.076671,42.738105],[133.078868,42.749823],[133.067393,42.762844],[133.043224,42.779608],[132.996349,42.804429],[133.006602,42.815497],[133.010509,42.818752],[132.989757,42.826972],[132.963227,42.826077],[132.911632,42.818752],[132.900483,42.815579],[132.890391,42.808498],[132.887462,42.801459],[132.89796,42.798285],[132.900157,42.793931],[132.887706,42.763495],[132.875336,42.755927],[132.865001,42.748114],[132.852306,42.746487],[132.833018,42.749823],[132.815929,42.756415],[132.805186,42.765815],[132.791515,42.790839],[132.798432,42.808417],[132.791108,42.820502],[132.775401,42.828111],[132.757335,42.832424],[132.766368,42.851793],[132.773692,42.875067],[132.774425,42.895901],[132.763438,42.908149],[132.739757,42.907172],[132.703705,42.87873],[132.681651,42.873358],[132.68629,42.868842],[132.691173,42.862738],[132.695323,42.859687],[132.683197,42.855699],[132.637218,42.859687],[132.618907,42.859198],[132.608165,42.856838],[132.600108,42.85163],[132.589122,42.842353],[132.577891,42.840399],[132.564708,42.846259],[132.544444,42.859687],[132.517833,42.865953],[132.510509,42.871405],[132.503429,42.88703],[132.503429,42.900092],[132.50587,42.913642],[132.502696,42.924302],[132.486095,42.928616],[132.428315,42.935981],[132.413341,42.941107],[132.404389,42.942288],[132.397065,42.939358],[132.395274,42.932766],[132.3956,42.925767],[132.394135,42.92178],[132.366303,42.915676],[132.354259,42.910834],[132.345795,42.900702],[132.35019,42.896633],[132.355317,42.887519],[132.360118,42.880805],[132.355235,42.875067],[132.353526,42.870266],[132.355235,42.865465],[132.360118,42.859687],[132.348399,42.854926],[132.325694,42.851467],[132.31837,42.845445],[132.311534,42.845445],[132.289317,42.882717],[132.28769,42.890448],[132.294526,42.902777],[132.295665,42.917548],[132.291108,42.949123],[132.299571,42.997138],[132.30128,43.023912],[132.291108,43.044623],[132.303233,43.053168],[132.304942,43.064032],[132.299815,43.075507],[132.291108,43.085639],[132.307465,43.086615],[132.320567,43.094184],[132.325694,43.106269],[132.31837,43.120429],[132.324799,43.122952],[132.333751,43.130194],[132.33961,43.134019],[132.332774,43.138332],[132.325938,43.140855],[132.327485,43.148993],[132.327647,43.1706],[132.329112,43.174994],[132.339366,43.173651],[132.348155,43.171454],[132.356537,43.170966],[132.366954,43.174994],[132.381684,43.19123],[132.376069,43.204739],[132.358979,43.215522],[132.317149,43.23135],[132.307709,43.238186],[132.308442,43.247016],[132.316742,43.251899],[132.340668,43.261542],[132.345795,43.267157],[132.349213,43.279202],[132.354828,43.282538],[132.356212,43.285956],[132.345795,43.297919],[132.314952,43.31566],[132.305431,43.319037],[132.289561,43.312567],[132.281993,43.27851],[132.260509,43.270575],[132.253998,43.266506],[132.242524,43.24551],[132.235932,43.236518],[132.226654,43.229804],[132.136811,43.191636],[132.116466,43.188666],[132.095958,43.180976],[132.07545,43.163031],[132.0442,43.127265],[132.029633,43.116523],[131.991303,43.095852],[131.972016,43.082506],[131.95224,43.071967],[131.929942,43.069566],[131.907237,43.074408],[131.886485,43.085639],[131.896251,43.095364],[131.90797,43.10106],[131.917247,43.107856],[131.920665,43.120429],[131.870942,43.090318],[131.859141,43.085639],[131.847179,43.089911],[131.849864,43.100491],[131.879405,43.137397],[131.900157,43.18183],[131.911713,43.197577],[131.923676,43.207831],[131.958588,43.229926],[131.978038,43.235541],[131.996837,43.238715],[132.000499,43.244534],[132.001964,43.252183],[132.006602,43.260321],[132.044932,43.286444],[132.051524,43.297919],[132.052013,43.314765],[132.044444,43.324368],[132.031016,43.325141],[132.014008,43.315619],[132.00351,43.299506],[131.999848,43.284084],[131.992035,43.273098],[131.968354,43.270575],[131.978119,43.29206],[131.956798,43.305854],[131.895274,43.31863],[131.884776,43.317776],[131.856944,43.307318],[131.846039,43.305365],[131.832042,43.309882],[131.82602,43.317939],[131.828136,43.326402],[131.838634,43.332709],[131.826671,43.337958],[131.815684,43.336737],[131.807628,43.330959],[131.804535,43.322089],[131.799327,43.315863],[131.774181,43.302069],[131.764252,43.291693],[131.756358,43.263739],[131.756847,43.242499],[131.750499,43.225287],[131.722667,43.209784],[131.722667,43.202338],[131.74171,43.201483],[131.758311,43.19538],[131.763927,43.185858],[131.749848,43.174994],[131.730724,43.17414],[131.71754,43.184475],[131.706635,43.196845],[131.694672,43.202338],[131.683849,43.199286],[131.679535,43.193671],[131.677826,43.187323],[131.674164,43.18183],[131.651134,43.169623],[131.646983,43.16885],[131.651459,43.155992],[131.666759,43.156887],[131.684093,43.165229],[131.694672,43.174994],[131.68336,43.148505],[131.664887,43.12519],[131.586762,43.049954],[131.562999,43.038316],[131.563731,43.02383],[131.567638,43.007554],[131.564952,42.996283],[131.547862,42.993109],[131.53297,43.002265],[131.51767,43.009345],[131.499522,42.999986],[131.491954,42.98432],[131.494884,42.970608],[131.49936,42.957099],[131.496104,42.942288],[131.491954,42.944892],[131.477306,42.941962],[131.455089,42.93476],[131.438243,42.934149],[131.429942,42.935045],[131.405528,42.950629],[131.393891,42.945014],[131.38795,42.930121],[131.386241,42.914293],[131.406342,42.910061],[131.410737,42.900946],[131.400401,42.873358],[131.458995,42.884426],[131.471934,42.883938],[131.47169,42.873236],[131.456147,42.863837],[131.436371,42.85578],[131.409028,42.839342],[131.378917,42.831122],[131.365733,42.818752],[131.360362,42.806627],[131.35963,42.794257],[131.363617,42.782172],[131.352017,42.774328],[131.300134,42.793277],[131.273127,42.777331],[131.257069,42.751561],[131.246896,42.732534],[131.236447,42.706644],[131.249604,42.694566],[131.251801,42.690823],[131.261078,42.688056],[131.263276,42.685004],[131.262299,42.681098],[131.258067,42.675238],[131.257091,42.671332],[131.254161,42.668199],[131.247081,42.667304],[131.232677,42.667914],[131.224213,42.66059],[131.216563,42.644192],[131.209017,42.636295],[131.209784,42.622613],[131.203483,42.619063],[131.201182,42.614025],[131.20801,42.608522],[131.224301,42.604926],[131.228736,42.597125],[131.22797,42.591676],[131.23409,42.588854],[131.234047,42.587262],[131.21805,42.586132],[131.212751,42.583939],[131.224376,42.570624],[131.22156,42.566304],[131.219547,42.554712],[131.213275,42.551393],[131.203751,42.557244],[131.19456,42.558967],[131.185346,42.55955],[131.179637,42.564003],[131.17099,42.572943],[131.167003,42.575629],[131.167003,42.585395],[131.171153,42.585273],[131.179197,42.594382],[131.18065,42.605205],[131.158494,42.601305],[131.143565,42.612698],[131.126903,42.617256],[131.127415,42.64681],[131.120347,42.66719],[131.105701,42.668348],[131.092886,42.654888],[131.087027,42.640375],[131.073578,42.638861],[131.034434,42.645209],[130.994884,42.640692],[130.95248,42.627798],[130.931163,42.60692],[130.914317,42.601508],[130.889659,42.599595],[130.872569,42.603949],[130.832506,42.625775],[130.815478,42.634172],[130.838587,42.642995],[130.862876,42.640816],[130.889481,42.638612],[130.911513,42.616826],[130.93214,42.618354],[130.944591,42.631171],[130.949714,42.653123],[130.931781,42.657509],[130.899445,42.654631],[130.881525,42.658988],[130.847833,42.661317],[130.803441,42.651151],[130.786981,42.653764],[130.795947,42.66285],[130.832042,42.674058],[130.83701,42.691592],[130.825457,42.699322],[130.801786,42.696845],[130.781866,42.690282],[130.769298,42.681586],[130.745349,42.681096],[130.734667,42.691689],[130.720758,42.700025],[130.693526,42.68545],[130.65667,42.66408],[130.660789,42.643185],[130.683442,42.643541],[130.732921,42.615546],[130.736908,42.607245],[130.729503,42.579169],[130.754649,42.597235],[130.763031,42.599595],[130.774181,42.596829],[130.778087,42.591132],[130.779552,42.584662],[130.783539,42.579169],[130.842133,42.558539],[130.851817,42.547797],[130.854991,42.539252],[130.86964,42.535468],[130.872895,42.527655],[130.870209,42.517971],[130.864594,42.517279],[130.859711,42.521064],[130.85849,42.524563],[130.850597,42.520006],[130.846446,42.520697],[130.843028,42.519761],[130.838145,42.51024],[130.83839,42.506293],[130.843761,42.493964],[130.844981,42.486314],[130.838715,42.472357],[130.823253,42.465033],[130.80421,42.462348],[130.786632,42.461859],[130.780772,42.453437],[130.763031,42.400377],[130.75275,42.380777],[130.743194,42.353687],[130.734805,42.337598],[130.703603,42.295241],[130.699962,42.295111],[130.695557,42.289001],[130.667129,42.283092],[130.631577,42.274397],[130.616621,42.272318],[130.603823,42.26326],[130.597544,42.26278],[130.598481,42.280951],[130.597667,42.291938],[130.594981,42.298163],[130.582042,42.307929],[130.569366,42.315259],[130.540501,42.318371],[130.519053,42.327603],[130.51019,42.33578],[130.480684,42.339752],[130.465653,42.334752],[130.469396,42.322075],[130.45646,42.311769],[130.440098,42.309128],[130.431839,42.318125],[130.419159,42.324398],[130.40745,42.324577],[130.406993,42.315741],[130.405854,42.307115],[130.393999,42.299952],[130.384157,42.291195],[130.386322,42.277655],[130.386241,42.270657],[130.391124,42.264106],[130.399262,42.26317],[130.405854,42.26081],[130.406016,42.249579],[130.40089,42.242499],[130.393321,42.244086],[130.378182,42.257855],[130.367992,42.255687],[130.360655,42.243664],[130.369837,42.232011],[130.358829,42.229272],[130.351505,42.216083],[130.335057,42.213999],[130.330645,42.191508],[130.31877,42.18473],[130.307026,42.183154],[130.30816,42.197595],[130.315635,42.218883],[130.307418,42.236295],[130.294182,42.237045],[130.251363,42.205291],[130.228986,42.182452],[130.214936,42.174628],[130.202274,42.173551],[130.204286,42.159644],[130.199311,42.101304],[130.193858,42.100979],[130.185313,42.103909],[130.17392,42.098782],[130.160248,42.08511],[130.163585,42.083482],[130.166596,42.077094],[130.159432,42.072838],[130.150108,42.074103],[130.133198,42.084719],[130.120069,42.090081],[130.092772,42.089811],[130.073041,42.078459],[130.067955,42.059414],[130.067015,42.051899],[130.052222,42.050365],[130.049712,42.042288],[130.044908,42.035976],[130.03647,42.011624],[130.033879,41.995514],[130.026817,41.9927],[130.01495,42.014404],[130.002884,42.010912],[130.001297,41.990466],[129.982188,41.982652],[129.989024,41.978176],[129.994151,41.973049],[130.002696,41.962226],[129.992931,41.959784],[129.985606,41.955268],[129.974864,41.941636],[129.978282,41.943793],[129.975678,41.933987],[129.971039,41.922065],[129.968598,41.917467],[129.964692,41.898749],[129.954438,41.892035],[129.946787,41.894935],[129.937394,41.903898],[129.91362,41.911195],[129.89674,41.904263],[129.890391,41.883002],[129.883393,41.857408],[129.884532,41.824164],[129.869652,41.791457],[129.855171,41.781792],[129.85246,41.764923],[129.842813,41.758783],[129.826546,41.778446],[129.813315,41.777733],[129.77476,41.759417],[129.762787,41.731024],[129.749766,41.696275],[129.741361,41.684018],[129.715019,41.675337],[129.690823,41.649716],[129.683185,41.61772],[129.669409,41.575959],[129.648798,41.549403],[129.660655,41.525946],[129.657723,41.509239],[129.65273,41.494124],[129.659403,41.464647],[129.681678,41.443084],[129.70167,41.428666],[129.714603,41.419646],[129.736056,41.421286],[129.744151,41.406963],[129.758184,41.392594],[129.769298,41.386176],[129.775645,41.385484],[129.791108,41.387763],[129.796641,41.386176],[129.806163,41.376044],[129.805186,41.372789],[129.799897,41.368598],[129.796641,41.355455],[129.794688,41.352281],[129.786876,41.330064],[129.786143,41.324774],[129.770356,41.315131],[129.759125,41.292873],[129.719574,41.166938],[129.711925,41.122626],[129.728282,41.08515],[129.722016,41.071845],[129.719819,41.05622],[129.720795,41.023668],[129.728282,40.978705],[129.732514,40.96894],[129.750824,40.951728],[129.764891,40.944414],[129.755574,40.93897],[129.749229,40.91701],[129.752997,40.90994],[129.734272,40.891102],[129.737343,40.871456],[129.725219,40.847818],[129.716558,40.834586],[129.706087,40.835661],[129.698357,40.845606],[129.68456,40.841829],[129.662852,40.838772],[129.643922,40.841618],[129.626167,40.838312],[129.609803,40.840929],[129.597968,40.838541],[129.571773,40.839716],[129.553941,40.828932],[129.551051,40.810117],[129.531997,40.807277],[129.518081,40.795467],[129.50624,40.792074],[129.476529,40.793878],[129.426954,40.781296],[129.389187,40.76076],[129.351687,40.745343],[129.339756,40.73443],[129.32783,40.718128],[129.31121,40.687472],[129.303233,40.673651],[129.296153,40.676256],[129.286632,40.68358],[129.277917,40.698037],[129.270138,40.70798],[129.253157,40.709132],[129.233482,40.705714],[129.217703,40.696353],[129.212393,40.685952],[129.206426,40.675546],[129.206386,40.670089],[129.206995,40.663632],[129.201709,40.656207],[129.200362,40.650753],[129.197765,40.638007],[129.19337,40.632636],[129.190522,40.622504],[129.18705,40.616535],[129.179165,40.609599],[129.174555,40.60366],[129.173676,40.593451],[129.172618,40.568915],[129.161235,40.565549],[129.155312,40.556635],[129.150899,40.545897],[129.115066,40.511165],[129.077564,40.472565],[129.030116,40.47397],[128.975812,40.459933],[128.899755,40.398165],[128.860532,40.371848],[128.830534,40.367387],[128.813567,40.35498],[128.780974,40.347025],[128.764042,40.34653],[128.752005,40.335095],[128.721645,40.338947],[128.687808,40.331197],[128.669669,40.310771],[128.656655,40.310763],[128.65534,40.320177],[128.636489,40.313217],[128.618948,40.297331],[128.616447,40.271443],[128.628792,40.266009],[128.656722,40.25714],[128.66063,40.247722],[128.66778,40.240309],[128.662599,40.225413],[128.664561,40.201239],[128.650931,40.197148],[128.641847,40.190693],[128.634713,40.184239],[128.628875,40.180266],[128.621732,40.180756],[128.608103,40.185702],[128.588611,40.186673],[128.577607,40.180211],[128.543199,40.166767],[128.536093,40.151375],[128.527681,40.143424],[128.510189,40.135456],[128.479799,40.134749],[128.466266,40.124374],[128.448563,40.1095],[128.434946,40.104002],[128.411388,40.096381],[128.391844,40.099577],[128.364765,40.09689],[128.337765,40.067048],[128.327753,40.028216],[128.302094,40.033433],[128.280132,40.065477],[128.263444,40.077105],[128.236322,40.067904],[128.227837,40.056206],[128.234386,40.029364],[128.225108,40.027574],[128.203217,40.029608],[128.19337,40.029364],[128.182384,40.026109],[128.164317,40.017971],[128.155121,40.016303],[128.146821,40.018297],[128.143565,40.022854],[128.139415,40.02733],[128.006847,40.045152],[128.002289,40.040473],[128.000987,40.025946],[127.997813,40.020413],[127.989757,40.014838],[127.979828,40.010565],[127.970551,40.008857],[127.963715,40.004096],[127.947276,39.981635],[127.940033,39.974758],[127.930268,39.97191],[127.906659,39.983942],[127.891038,39.961225],[127.891263,39.943831],[127.884044,39.902086],[127.874604,39.892808],[127.78183,39.885403],[127.796397,39.875637],[127.794037,39.865668],[127.762438,39.853534],[127.727383,39.857189],[127.69575,39.848201],[127.679629,39.816439],[127.663291,39.806801],[127.648699,39.820897],[127.623749,39.830935],[127.607188,39.810248],[127.593028,39.80622],[127.57602,39.796291],[127.56186,39.784003],[127.549408,39.761054],[127.520844,39.746975],[127.514415,39.738593],[127.512462,39.731106],[127.503754,39.715522],[127.501313,39.707221],[127.50172,39.698472],[127.506358,39.683783],[127.508556,39.660061],[127.512218,39.649482],[127.518565,39.644843],[127.528087,39.645819],[127.552745,39.636786],[127.570323,39.617865],[127.574555,39.595038],[127.53677,39.552012],[127.5307166018543,39.536611808170996],[127.40535211437931,39.607916441169],[127.2009925141593,39.72344955959346],[126.9498416716931,39.738084632872614],[126.69864815028829,39.752140175311354],[126.44741621660435,39.76561620909385],[126.19615014136238,39.778512770097116],[125.94485419894974,39.79082990792246],[125.67566221416793,39.77696744580192],[125.40662410756246,39.76244711560006],[125.13774498079599,39.74726956746011],[124.86902991914384,39.731435468630615],[124.81397488489515,39.72805483422941],[124.81129,39.728339],[124.803071,39.730455],[124.799164,39.739814],[124.77065,39.741811],[124.76039,39.748008],[124.75644,39.770657],[124.746104,39.782945],[124.740245,39.772162],[124.739513,39.762112],[124.742931,39.752997],[124.749522,39.745063],[124.754731,39.73371],[124.75097626436485,39.72418642679494],[124.60801156444515,39.71540773127141],[124.600352,39.719306],[124.591563,39.720852],[124.584809,39.723578],[124.582286,39.731757],[124.583263,39.740546],[124.587901,39.756293],[124.589122,39.765855],[124.584727,39.770941],[124.56601,39.778876],[124.561615,39.786689],[124.56544,39.807115],[124.564057,39.814276],[124.554942,39.817084],[124.519786,39.818061],[124.434418,39.830756],[124.430024,39.829332],[124.426362,39.826483],[124.422618,39.824205],[124.417735,39.82453],[124.413666,39.827826],[124.40976,39.835924],[124.407237,39.837592],[124.403575,39.841498],[124.399181,39.859809],[124.396576,39.865546],[124.389659,39.867865],[124.362559,39.871731],[124.348888,39.892808],[124.341807,39.89997],[124.334809,39.905585],[124.327973,39.909735],[124.321544,39.912665],[124.332123,39.925116],[124.345714,39.930243],[124.359386,39.933539],[124.369965,39.940009],[124.376069,39.954088],[124.383067,40.002672],[124.405772,40.027777],[124.434093,40.024563],[124.465831,40.015286],[124.499604,40.022528],[124.479259,40.030748],[124.432872,40.032782],[124.410248,40.0362],[124.391449,40.048285],[124.384369,40.064887],[124.380382,40.082668],[124.369965,40.098293],[124.358246,40.089057],[124.356944,40.076321],[124.362559,40.04678],[124.364024,40.020901],[124.361339,40.011176],[124.352306,39.998969],[124.307872,39.961086],[124.302989,39.954088],[124.299083,39.940375],[124.2942,39.933783],[124.286713,39.929348],[124.280284,39.928697],[124.273692,39.9289],[124.266368,39.926947],[124.202159,39.878607],[124.15504,39.861314],[124.137218,39.842353],[124.118175,39.833157],[124.088145,39.851874],[124.066905,39.836168],[124.055431,39.829901],[124.041026,39.82453],[123.998057,39.815904],[123.985688,39.810248],[123.975108,39.815009],[123.967784,39.820543],[123.954926,39.834174],[123.942149,39.840562],[123.930675,39.836859],[123.920258,39.829495],[123.910655,39.82453],[123.887543,39.822903],[123.860362,39.824408],[123.834076,39.829169],[123.814464,39.837592],[123.807628,39.837592],[123.773041,39.818345],[123.720063,39.830552],[123.669688,39.856594],[123.643077,39.878567],[123.656749,39.919501],[123.640147,39.9147],[123.630951,39.903998],[123.626231,39.889106],[123.622569,39.871731],[123.601573,39.817084],[123.597667,39.792629],[123.591401,39.784329],[123.563731,39.770941],[123.563243,39.768785],[123.563243,39.770413],[123.553722,39.776109],[123.550792,39.779486],[123.547374,39.785346],[123.54184,39.791693],[123.533214,39.796617],[123.513194,39.797797],[123.495616,39.790717],[123.481537,39.77969],[123.445649,39.737047],[123.427745,39.72663],[123.410411,39.735175],[123.408458,39.745998],[123.410411,39.796617],[123.413097,39.801825],[123.418224,39.806545],[123.421153,39.813218],[123.417084,39.82453],[123.411632,39.82567],[123.403087,39.823554],[123.398204,39.818345],[123.403575,39.810248],[123.386729,39.789618],[123.364513,39.785224],[123.339366,39.784898],[123.314057,39.776109],[123.302989,39.784491],[123.285004,39.803453],[123.273204,39.810248],[123.264171,39.797309],[123.257172,39.801093],[123.252778,39.811184],[123.252045,39.817084],[123.244721,39.814032],[123.238048,39.809231],[123.23585,39.802436],[123.242198,39.793524],[123.252778,39.782904],[123.26352,39.767646],[123.265391,39.754096],[123.249034,39.748236],[123.222992,39.75495],[123.209972,39.75495],[123.204194,39.745063],[123.206391,39.734687],[123.212169,39.731391],[123.220795,39.730699],[123.242279,39.725491],[123.249278,39.725328],[123.255138,39.724107],[123.26295,39.718085],[123.269135,39.707587],[123.26588,39.701077],[123.223155,39.679755],[123.174327,39.665758],[123.128429,39.664862],[123.108002,39.690131],[123.099946,39.685777],[123.058116,39.67475],[123.039806,39.673082],[123.029633,39.674709],[123.016612,39.679511],[123.009125,39.680487],[123.005707,39.677436],[123.00058,39.671088],[122.991954,39.66592],[122.977631,39.666246],[122.977631,39.65884],[122.996349,39.649644],[122.992442,39.636705],[122.964122,39.61164],[122.944916,39.619696],[122.871593,39.60578],[122.848643,39.617865],[122.788178,39.572333],[122.779796,39.560452],[122.769135,39.558173],[122.710785,39.535956],[122.696544,39.523871],[122.688243,39.518622],[122.676768,39.515448],[122.672944,39.519965],[122.660981,39.528022],[122.648448,39.532416],[122.642589,39.526028],[122.636567,39.50845],[122.587901,39.466986],[122.576915,39.475653],[122.569102,39.483547],[122.562104,39.486762],[122.553233,39.48135],[122.553233,39.477525],[122.557221,39.473293],[122.561046,39.467963],[122.560069,39.460761],[122.555431,39.456],[122.551117,39.455959],[122.546479,39.45661],[122.54005,39.454006],[122.495616,39.427191],[122.469819,39.416693],[122.447032,39.412421],[122.413829,39.413642],[122.396332,39.411038],[122.383311,39.395657],[122.355968,39.387885],[122.344737,39.382025],[122.333263,39.372056],[122.318858,39.362006],[122.303559,39.354153],[122.29005,39.350979],[122.283702,39.343411],[122.27711,39.328518],[122.267426,39.31802],[122.251475,39.323676],[122.250743,39.319037],[122.249522,39.316555],[122.245372,39.310614],[122.240245,39.285631],[122.198578,39.251207],[122.115001,39.200751],[122.11671,39.188666],[122.110606,39.174994],[122.104015,39.163804],[122.104503,39.159125],[122.135834,39.158149],[122.149913,39.154446],[122.16269,39.146145],[122.14267,39.146308],[122.127452,39.141995],[122.073334,39.10456],[122.063975,39.101752],[122.055675,39.101386],[122.047862,39.099189],[122.039317,39.090888],[122.05128,39.067125],[122.042328,39.059719],[121.988048,39.062934],[121.980479,39.058783],[121.971283,39.049628],[121.959321,39.040473],[121.942963,39.036282],[121.929454,39.039862],[121.917247,39.046332],[121.904307,39.049384],[121.888438,39.042467],[121.901947,39.038031],[121.912934,39.030707],[121.920258,39.020941],[121.923188,39.008979],[121.879405,39.027411],[121.855968,39.033759],[121.826915,39.036282],[121.837983,39.015082],[121.880138,38.997016],[121.895274,38.981024],[121.894786,38.970771],[121.887543,38.962388],[121.871349,38.950629],[121.859874,38.944648],[121.847911,38.947455],[121.811534,38.972846],[121.78712,39.006903],[121.772472,39.021959],[121.744884,39.033515],[121.724701,39.030178],[121.720063,39.019517],[121.73878,39.008979],[121.73878,39.001532],[121.71046,39.006741],[121.680186,39.008979],[121.670909,39.007717],[121.635753,38.995307],[121.649262,38.994452],[121.656016,38.990627],[121.657807,38.983873],[121.656342,38.974189],[121.652599,38.963446],[121.647797,38.959377],[121.628917,38.954332],[121.60434,38.951972],[121.592133,38.948676],[121.587413,38.94009],[121.59254,38.935981],[121.618175,38.926418],[121.65919,38.926256],[121.676768,38.921536],[121.693614,38.909613],[121.703624,38.891913],[121.704845,38.873114],[121.6963,38.862942],[121.676117,38.871161],[121.654796,38.857856],[121.581065,38.862982],[121.552745,38.85814],[121.512218,38.826972],[121.504893,38.826483],[121.498871,38.814643],[121.484955,38.809882],[121.380138,38.816596],[121.344737,38.814643],[121.287608,38.788072],[121.260753,38.795111],[121.236664,38.798489],[121.21754,38.77558],[121.225597,38.776313],[121.244721,38.77558],[121.198497,38.727851],[121.179535,38.720933],[121.153087,38.727607],[121.141368,38.742743],[121.132416,38.758734],[121.114513,38.768134],[121.124115,38.778388],[121.134044,38.782213],[121.139252,38.789496],[121.134858,38.80976],[121.127778,38.818915],[121.117931,38.828192],[121.111339,38.840277],[121.114513,38.85814],[121.140147,38.874254],[121.152354,38.886298],[121.148529,38.899075],[121.090424,38.899075],[121.086192,38.905707],[121.096202,38.9206],[121.117931,38.943427],[121.128754,38.947333],[121.179535,38.954332],[121.188813,38.952297],[121.201996,38.942857],[121.210704,38.94009],[121.219493,38.940497],[121.234386,38.945624],[121.256847,38.949652],[121.29184,38.967353],[121.320323,38.966498],[121.334321,38.968573],[121.340343,38.977607],[121.338145,38.985256],[121.328868,39.00141],[121.326752,39.01203],[121.334239,39.026597],[121.352306,39.038072],[121.374848,39.044176],[121.395518,39.042467],[121.403331,39.038275],[121.408539,39.032864],[121.4192,39.018541],[121.428071,39.014716],[121.441498,39.013902],[121.467296,39.015123],[121.486339,39.019599],[121.546479,39.049262],[121.632335,39.069485],[121.674083,39.088039],[121.689789,39.11815],[121.681,39.13642],[121.649181,39.158149],[121.641938,39.176215],[121.629893,39.173245],[121.6067,39.180813],[121.592621,39.192206],[121.607921,39.200751],[121.605968,39.20539],[121.603363,39.216498],[121.601654,39.221259],[121.626313,39.224514],[121.633067,39.236151],[121.604086,39.25295],[121.589939,39.264054],[121.611984,39.274981],[121.636974,39.27265],[121.641938,39.272162],[121.646983,39.264879],[121.658458,39.266791],[121.680186,39.275214],[121.717784,39.296942],[121.736095,39.311754],[121.738292,39.319648],[121.731293,39.330471],[121.75351,39.355211],[121.765147,39.365383],[121.779796,39.371487],[121.79127,39.371324],[121.837494,39.364651],[121.865489,39.370551],[121.91505,39.395413],[121.942963,39.399359],[121.931244,39.417182],[121.922374,39.415229],[121.91269,39.40526],[121.898692,39.399359],[121.880951,39.397162],[121.848888,39.387356],[121.830658,39.385077],[121.745372,39.397895],[121.707774,39.395657],[121.717784,39.371487],[121.54892,39.361884],[121.52589,39.364651],[121.491954,39.388983],[121.461436,39.4737],[121.436046,39.508612],[121.419932,39.516059],[121.399506,39.520209],[121.354015,39.522203],[121.340424,39.519273],[121.319428,39.505683],[121.306163,39.501776],[121.299815,39.503363],[121.282481,39.512152],[121.272716,39.515448],[121.236827,39.514716],[121.227794,39.518866],[121.223399,39.528632],[121.228526,39.536444],[121.238373,39.54149],[121.248546,39.543402],[121.260001,39.563673],[121.291515,39.586371],[121.306163,39.597968],[121.326508,39.602362],[121.382183,39.601337],[121.449805,39.615098],[121.470714,39.632148],[121.463878,39.645819],[121.498165,39.652924],[121.52589,39.617865],[121.533295,39.622301],[121.536143,39.626654],[121.537201,39.631985],[121.539561,39.638983],[121.53769,39.641425],[121.527843,39.649604],[121.52589,39.652655],[121.528656,39.655951],[121.53769,39.662909],[121.539561,39.666246],[121.542328,39.669379],[121.547374,39.673163],[121.550141,39.678656],[121.546479,39.686713],[121.537446,39.692532],[121.530284,39.690985],[121.524018,39.687323],[121.518403,39.686713],[121.506847,39.694322],[121.490864,39.720994],[121.463878,39.738593],[121.462657,39.741523],[121.459809,39.74433],[121.457286,39.748481],[121.474185,39.756074],[121.484612,39.764005],[121.48732,39.778],[121.47755,39.78677],[121.471528,39.80508],[121.470714,39.810248],[121.509917,39.824031],[121.535899,39.861762],[121.566292,39.858842],[121.616093,39.871701],[121.635972,39.896687],[121.684906,39.922512],[121.707123,39.926947],[121.734386,39.923285],[121.754649,39.91828],[121.774425,39.920844],[121.799653,39.940009],[121.803803,39.948717],[121.805186,39.957831],[121.809662,39.965033],[121.836029,39.971137],[121.854747,39.985175],[121.87379,39.9914],[121.880138,39.998725],[121.880951,40.007961],[121.874766,40.016303],[121.864757,40.019436],[121.837901,40.020453],[121.826915,40.022528],[121.880461,40.041499],[121.929468,40.077286],[121.933116,40.101386],[121.995668,40.123895],[122.006358,40.156317],[121.991466,40.186998],[122.015961,40.188137],[122.038585,40.196357],[122.058849,40.209215],[122.091646,40.227207],[122.102306,40.248725],[122.107514,40.262152],[122.109386,40.275458],[122.108165,40.283881],[122.108653,40.291815],[122.106116,40.310123],[122.128687,40.325917],[122.180328,40.35242],[122.211029,40.380601],[122.203624,40.427232],[122.241954,40.427232],[122.250092,40.430609],[122.250987,40.438422],[122.249766,40.447333],[122.251475,40.453925],[122.265636,40.461371],[122.279552,40.465725],[122.288097,40.472846],[122.286876,40.488715],[122.30185,40.502346],[122.293956,40.523017],[122.275645,40.543647],[122.224864,40.578518],[122.176497,40.586583],[122.150434,40.603864],[122.137586,40.62402],[122.167979,40.65351],[122.170665,40.68651],[122.159434,40.701606],[122.136974,40.685126],[122.121837,40.680121],[122.108653,40.69953],[122.067149,40.735053],[122.049083,40.74608],[121.897185,40.807837],[121.872005,40.815057],[121.851085,40.832261],[121.843761,40.859687],[121.840587,40.913804],[121.836192,40.919745],[121.82838,40.933905],[121.825938,40.948188],[121.837494,40.954779],[121.848888,40.958441],[121.858897,40.967475],[121.874766,40.989569],[121.867931,40.995795],[121.82602,40.974026],[121.807384,40.960028],[121.777709,40.934972],[121.780056,40.90791],[121.769202,40.888949],[121.75839,40.871992],[121.739552,40.849079],[121.694423,40.848363],[121.594962,40.845924],[121.575043,40.841498],[121.567638,40.845526],[121.528888,40.867267],[121.510428,40.879357],[121.479997,40.884489],[121.450206,40.885932],[121.440929,40.891343],[121.43686,40.899075],[121.434581,40.907213],[121.429779,40.913804],[121.418468,40.918891],[121.394542,40.924221],[121.384776,40.930609],[121.361339,40.939643],[121.33725,40.928168],[121.315522,40.910142],[121.299327,40.899604],[121.285655,40.899237],[121.273936,40.903022],[121.264903,40.910386],[121.258393,40.92064],[121.244721,40.906399],[121.224946,40.927069],[121.200287,40.930732],[121.175792,40.922309],[121.155365,40.906399],[121.142426,40.900702],[121.130626,40.893297],[121.119965,40.884914],[121.111095,40.876044],[121.106049,40.873236],[121.083588,40.865424],[121.079926,40.862982],[121.080089,40.857082],[121.081147,40.850246],[121.08017,40.844916],[121.080273,40.828395],[121.065721,40.818396],[121.068351,40.803389],[121.04985,40.797401],[121.041924,40.814401],[121.029633,40.826483],[121.004975,40.833075],[120.990977,40.831285],[120.981944,40.826809],[120.97047,40.817939],[120.963227,40.806586],[120.967052,40.794013],[120.968516,40.783596],[120.957856,40.774726],[120.943858,40.765855],[120.93629,40.755561],[120.939545,40.740546],[120.956036,40.737331],[120.975847,40.739341],[120.994395,40.736274],[121.010265,40.730862],[121.020738,40.71933],[120.995649,40.715319],[120.962637,40.70929],[120.940195,40.691246],[120.92303,40.689223],[120.895305,40.685181],[120.884776,40.680487],[120.867686,40.678656],[120.847764,40.683097],[120.825321,40.674033],[120.819591,40.656928],[120.816417,40.640041],[120.808604,40.618354],[120.798432,40.599677],[120.788585,40.591742],[120.77003,40.585761],[120.700113,40.537244],[120.678788,40.521916],[120.669619,40.502841],[120.665703,40.4908],[120.659114,40.483761],[120.633311,40.475165],[120.620942,40.474433],[120.604096,40.465155],[120.597016,40.450019],[120.598481,40.43183],[120.597376,40.422423],[120.584076,40.413723],[120.562104,40.411322],[120.545665,40.402411],[120.539073,40.38288],[120.547526,40.376159],[120.567316,40.380237],[120.588396,40.38432],[120.591153,40.367298],[120.564868,40.354182],[120.534584,40.344059],[120.501758,40.32691],[120.500987,40.307847],[120.501313,40.291897],[120.506602,40.273342],[120.504893,40.249091],[120.492524,40.231269],[120.472016,40.214301],[120.450694,40.201077],[120.436046,40.194485],[120.394352,40.194312],[120.358002,40.191799],[120.333588,40.186998],[120.309027,40.179668],[120.289474,40.163484],[120.261322,40.146715],[120.246357,40.144123],[120.225469,40.134947],[120.19394,40.126654],[120.188975,40.126166],[120.183197,40.123236],[120.154964,40.111355],[120.118429,40.100035],[119.950277,40.056502],[119.91531,40.036153],[119.911798,40.011106],[119.911998,39.998088],[119.875501,39.994739],[119.85019,39.986314],[119.811046,39.973049],[119.792491,39.963446],[119.774425,39.950507],[119.749649,39.952397],[119.708217,39.934935],[119.660899,39.932685],[119.620616,39.911038],[119.603038,39.90644],[119.571864,39.904296],[119.5537,39.899063],[119.535592,39.890826],[119.524913,39.871731],[119.519867,39.858303],[119.524899,39.841649],[119.530699,39.814702],[119.495524,39.813236],[119.466795,39.814848],[119.429406,39.795306],[119.411538,39.778029],[119.385869,39.75963],[119.367866,39.748348],[119.355805,39.735785],[119.349864,39.731757],[119.33961,39.715562],[119.314057,39.641181],[119.302338,39.617825],[119.284923,39.595445],[119.281016,39.596747],[119.267589,39.597968],[119.245372,39.594468],[119.223237,39.584662],[119.208588,39.569566],[119.208995,39.550198],[119.232677,39.56623],[119.243012,39.570705],[119.238048,39.56273],[119.234141,39.554389],[119.231212,39.545478],[119.22934,39.535956],[119.242686,39.545885],[119.262397,39.577512],[119.270142,39.580636],[119.281398,39.575014],[119.261981,39.535084],[119.256425,39.493111],[119.270763,39.489061],[119.297103,39.455217],[119.305075,39.432978],[119.296128,39.411639],[119.279429,39.384006],[119.25566,39.365522],[119.22585,39.357767],[119.203345,39.363438],[119.184804,39.354814],[119.129266,39.294074],[119.093767,39.260808],[119.062349,39.231466],[119.039317,39.212877],[119.015636,39.189765],[118.9935,39.179633],[118.940196,39.138861],[118.926036,39.130601],[118.910411,39.125434],[118.894298,39.124416],[118.894298,39.131822],[118.931895,39.152248],[118.941987,39.159125],[118.947602,39.168606],[118.950694,39.179023],[118.956309,39.188056],[118.969981,39.193305],[118.945567,39.192125],[118.90268,39.176663],[118.880626,39.172797],[118.885509,39.185248],[118.87143,39.2001],[118.87379,39.213813],[118.858979,39.207506],[118.840535,39.17563],[118.8162,39.163665],[118.795991,39.151777],[118.774694,39.14817],[118.727779,39.14725],[118.687204,39.153473],[118.649082,39.159732],[118.61936,39.161042],[118.590151,39.148312],[118.560493,39.147043],[118.52711,39.149237],[118.519379,39.13935],[118.529146,39.124653],[118.512146,39.11598],[118.487096,39.102018],[118.469106,39.097793],[118.409959,39.0629],[118.380115,39.050422],[118.360351,39.041948],[118.34427,39.030709],[118.326096,39.030932],[118.300126,39.040564],[118.267855,39.043004],[118.235285,39.053098],[118.207122,39.076706],[118.186804,39.11008],[118.170936,39.135251],[118.140528,39.172835],[118.096404,39.202392],[118.04538,39.218972],[118.02802,39.219798],[117.973725,39.216132],[117.931163,39.212104],[117.88559,39.201117],[117.811816,39.15137],[117.757335,39.114447],[117.737559,39.106391],[117.715424,39.111396],[117.718272,39.093004],[117.726649,39.088291],[117.737817,39.078387],[117.751478,39.067914],[117.757484,39.045086],[117.765772,39.026155],[117.773615,38.998904],[117.775264,38.981058],[117.743256,38.982245],[117.729503,38.984361],[117.701915,38.995307],[117.704356,38.986151],[117.705577,38.984361],[117.708751,38.981024],[117.583995,38.811591],[117.57838,38.79267],[117.576264,38.773749],[117.573222,38.713748],[117.558778,38.690941],[117.557246,38.672349],[117.560473,38.657097],[117.55295431522737,38.64344938734755],[117.54999969042368,38.6599913919106],[117.44022103843301,38.83004140413995],[117.32999004437377,39.00000946801633],[117.17996058081367,38.985108387665996],[117.03001337473184,38.97000010032832],[116.91480997319705,38.83504946757259]],[[108.863953,41.034473],[108.858655,41.036828],[108.829218,41.027114],[108.821859,41.00592],[108.831279,40.98502],[108.852179,40.975306],[108.858949,40.967064],[108.861598,40.948813],[108.861598,40.93174],[108.836283,40.934389],[108.8145,40.94116],[108.800371,40.939099],[108.782414,40.926736],[108.766813,40.91084],[108.751801,40.899654],[108.747974,40.91084],[108.74032,40.917905],[108.729723,40.921437],[108.717654,40.920554],[108.728251,40.895239],[108.731489,40.88317],[108.732078,40.872278],[108.730018,40.861976],[108.727368,40.855205],[108.717654,40.838721],[108.708235,40.811934],[108.714122,40.801042],[108.729723,40.80428],[108.768874,40.837249],[108.816855,40.86021],[108.838638,40.876105],[108.852179,40.891412],[108.8772,40.90613],[108.876317,40.908191],[108.883087,40.912018],[108.897511,40.92703],[108.903398,40.934389],[108.926358,40.952934],[108.944903,40.971774],[108.951085,40.994145],[108.944903,41.023582],[108.932834,41.030646],[108.921354,41.033001],[108.897805,41.030352],[108.896628,41.026525],[108.888974,41.018577],[108.880143,41.013868],[108.876022,41.020049],[108.873962,41.023582],[108.869841,41.029175],[108.863953,41.034473]],[[116.736427,43.37349],[116.697277,43.385559],[116.667252,43.38762],[116.660776,43.387326],[116.653711,43.385559],[116.642231,43.38085],[116.616327,43.37349],[116.599254,43.357889],[116.570995,43.319033],[116.575999,43.318739],[116.58012,43.317561],[116.58483,43.316973],[116.5916,43.319033],[116.582769,43.301371],[116.566285,43.290774],[116.530961,43.278116],[116.510945,43.268108],[116.495049,43.257217],[116.481508,43.244559],[116.46885,43.228958],[116.573055,43.223953],[116.674317,43.236611],[116.719943,43.246914],[116.740843,43.2581],[116.756739,43.278116],[116.762331,43.299899],[116.75615,43.315795],[116.741726,43.326687],[116.728774,43.332574],[116.705814,43.34582],[116.701987,43.353474],[116.736427,43.37349]],[[126.909063,43.676391],[126.896405,43.673447],[126.889929,43.664617],[126.890812,43.648132],[126.883748,43.650781],[126.870207,43.658729],[126.863437,43.661084],[126.843125,43.660495],[126.807507,43.666088],[126.796027,43.670209],[126.78543,43.678452],[126.784253,43.694347],[126.798971,43.712892],[126.842242,43.745272],[126.83871,43.742917],[126.844008,43.748216],[126.84813,43.755575],[126.851073,43.7647],[126.833706,43.761168],[126.827818,43.757636],[126.823109,43.75116],[126.80162,43.751748],[126.757171,43.717602],[126.737449,43.719957],[126.726852,43.723489],[126.682403,43.71613],[126.679165,43.71407],[126.67887,43.708477],[126.679165,43.696408],[126.677987,43.687871],[126.67887,43.685516],[126.682403,43.684045],[126.689173,43.678452],[126.69506,43.652548],[126.701536,43.645483],[126.713311,43.661084],[126.715077,43.673742],[126.708012,43.694642],[126.713311,43.703178],[126.725674,43.706711],[126.738332,43.703767],[126.748929,43.696702],[126.755405,43.689049],[126.754522,43.676097],[126.745985,43.667855],[126.742159,43.661379],[126.755405,43.654903],[126.74363,43.643422],[126.71125,43.618696],[126.707129,43.606332],[126.718021,43.600445],[126.735977,43.60957],[126.767768,43.633708],[126.770123,43.615163],[126.782781,43.610159],[126.800148,43.610159],[126.816338,43.606332],[126.821048,43.632825],[126.84077,43.641067],[126.858727,43.634003],[126.857255,43.613692],[126.883748,43.620756],[126.892579,43.617813],[126.898171,43.606332],[126.893756,43.603389],[126.877272,43.558645],[126.889046,43.562472],[126.892579,43.565122],[126.898171,43.572775],[126.899643,43.540689],[126.904942,43.510664],[126.920543,43.523911],[126.924959,43.545105],[126.920838,43.568065],[126.911418,43.58661],[126.933495,43.587493],[126.952923,43.598385],[126.987069,43.627527],[126.969408,43.626055],[126.939088,43.61693],[126.925547,43.620756],[126.94056,43.633708],[126.948802,43.639007],[126.959694,43.641067],[126.959694,43.648132],[126.943209,43.646955],[126.929668,43.65137],[126.922309,43.660495],[126.925547,43.674625],[126.909063,43.676391]],[[132.109005,45.308935],[132.030704,45.26478],[132.013926,45.251828],[131.992731,45.230928],[131.983017,45.2115],[132.000091,45.202964],[132.001562,45.171761],[132.003329,45.161753],[132.008921,45.152627],[132.015397,45.147034],[132.022757,45.14203],[132.030704,45.134377],[132.041302,45.112888],[132.030116,45.101702],[132.012454,45.090516],[132.003329,45.069322],[132.012454,45.045479],[132.034531,45.035765],[132.061613,45.031644],[132.086045,45.024579],[132.114304,44.991316],[132.114598,44.949222],[132.1093,44.905656],[132.120191,44.867683],[132.104001,44.859735],[132.037475,44.816758],[132.039241,44.795858],[132.044245,44.775841],[132.065439,44.72992],[132.107533,44.693714],[132.232049,44.663688],[132.284446,44.634252],[132.224985,44.643672],[132.216448,44.638079],[132.218509,44.629248],[132.224102,44.625127],[132.231755,44.622183],[132.239997,44.617179],[132.247356,44.609525],[132.247356,44.606582],[132.244707,44.602755],[132.24353,44.593335],[132.24088,44.592158],[132.235287,44.590392],[132.232344,44.585093],[132.236171,44.573319],[132.242647,44.567137],[132.260014,44.560661],[132.282386,44.548298],[132.320653,44.54241],[132.353622,44.527987],[132.370695,44.532108],[132.385413,44.54241],[132.394244,44.552419],[132.401603,44.566254],[132.410434,44.591569],[132.418382,44.603933],[132.429862,44.610703],[132.475783,44.620417],[132.491384,44.626304],[132.60442,44.683411],[132.631207,44.710492],[132.640921,44.751703],[132.638566,44.7623],[132.629147,44.785261],[132.627086,44.795564],[132.629441,44.806455],[132.638566,44.827061],[132.640921,44.836775],[132.648575,44.854731],[132.667414,44.869743],[132.709214,44.895059],[132.742477,44.924495],[132.819012,45.024579],[132.838145,45.066967],[132.836085,45.10759],[132.820483,45.148212],[132.7987,45.189717],[132.781039,45.207968],[132.754251,45.232106],[132.722166,45.250356],[132.57204,45.307757],[132.50934,45.315116],[132.420148,45.337194],[132.195843,45.333956],[132.151099,45.32483],[132.109005,45.308935]],[[124.081401,45.32012],[124.102007,45.308935],[124.174715,45.313644],[124.190905,45.295983],[124.194437,45.26949],[124.205034,45.247707],[124.222402,45.230339],[124.246834,45.216504],[124.243596,45.212972],[124.241535,45.209145],[124.238297,45.205613],[124.232116,45.202964],[124.251249,45.187068],[124.283629,45.178826],[124.345446,45.175588],[124.369584,45.177943],[124.39431,45.185007],[124.414327,45.197665],[124.424924,45.216504],[124.433461,45.232106],[124.420214,45.240642],[124.376354,45.244469],[124.363402,45.249767],[124.351039,45.257421],[124.340147,45.266546],[124.321897,45.285091],[124.311005,45.290095],[124.299525,45.293628],[124.241535,45.323947],[124.188844,45.339843],[124.134387,45.34102],[124.081401,45.32012]],[[124.261846,45.3525],[124.272443,45.357799],[124.294521,45.354267],[124.289222,45.359271],[124.286867,45.367219],[124.270089,45.386058],[124.250366,45.374283],[124.236237,45.3525],[124.235942,45.340432],[124.252721,45.344553],[124.261846,45.3525]],[[117.326628,45.463476],[117.319857,45.456411],[117.338991,45.44287],[117.359008,45.446991],[117.380496,45.439044],[117.427889,45.405192],[117.435837,45.401659],[117.501185,45.401071],[117.509722,45.401954],[117.515315,45.408724],[117.518259,45.418144],[117.522968,45.426386],[117.53386,45.429918],[117.545929,45.430801],[117.557703,45.433156],[117.568595,45.437277],[117.578603,45.44287],[117.609511,45.47054],[117.622463,45.487908],[117.627173,45.504392],[117.620403,45.516167],[117.621286,45.528236],[117.630411,45.536772],[117.647484,45.539127],[117.63571,45.56356],[117.616282,45.568269],[117.596854,45.57033],[117.585374,45.587109],[117.573893,45.572685],[117.577426,45.559733],[117.598914,45.532357],[117.507661,45.532063],[117.464684,45.526175],[117.427594,45.512046],[117.384912,45.478783],[117.366367,45.470835],[117.326628,45.463476]],[[123.945111,45.717218],[123.953058,45.710742],[123.95924,45.703088],[123.963067,45.694257],[123.965422,45.683071],[123.990443,45.699556],[123.999568,45.703677],[124.010459,45.705443],[124.030771,45.705737],[124.041368,45.709859],[124.005161,45.733113],[123.942167,45.744593],[123.882411,45.740767],[123.855624,45.717218],[123.8412,45.723694],[123.831192,45.721044],[123.814707,45.703677],[123.850325,45.688076],[123.869165,45.682777],[123.88977,45.683071],[123.906549,45.689547],[123.930687,45.70927],[123.945111,45.717218]],[[124.382536,46.167006],[124.393427,46.181135],[124.395193,46.192321],[124.383419,46.197031],[124.368995,46.202918],[124.360458,46.196442],[124.349273,46.16995],[124.344857,46.167595],[124.338675,46.167889],[124.33426,46.165829],[124.334849,46.156115],[124.339264,46.14905],[124.346329,46.145812],[124.354571,46.146106],[124.362813,46.149344],[124.385479,46.134037],[124.410795,46.13757],[124.427279,46.15376],[124.424924,46.17672],[124.382536,46.151405],[124.376354,46.152877],[124.382536,46.167006]],[[117.549167,47.330039],[117.537687,47.320619],[117.548578,47.321208],[117.55947,47.320619],[117.569478,47.318558],[117.578603,47.314437],[117.580958,47.304135],[117.593321,47.305606],[117.60333,47.316498],[117.598914,47.335043],[117.592438,47.335043],[117.580075,47.343285],[117.564474,47.339458],[117.549167,47.330039]],[[117.27011,47.478104],[117.255391,47.484285],[117.2445,47.473688],[117.238024,47.45426],[117.235963,47.433949],[117.24656,47.431594],[117.266872,47.435127],[117.278646,47.448667],[117.27011,47.478104]],[[117.872967,47.889036],[117.861487,47.897278],[117.847358,47.901694],[117.831756,47.91023],[117.820865,47.923477],[117.798788,47.970869],[117.773472,47.980289],[117.739326,47.977345],[117.706357,47.967043],[117.685163,47.954679],[117.533566,47.812207],[117.512371,47.785714],[117.50354,47.759516],[117.507956,47.755395],[117.530328,47.718305],[117.54063,47.709768],[117.55476,47.702115],[117.572422,47.697405],[117.592438,47.697405],[117.580664,47.677683],[117.571833,47.656489],[117.604802,47.654722],[117.640125,47.66267],[117.673388,47.677094],[117.698704,47.694167],[117.729612,47.71389],[117.802614,47.747447],[117.868846,47.809558],[117.882093,47.83399],[117.881504,47.869314],[117.872967,47.889036]],[[117.599503,48.893995],[117.61952,48.917544],[117.640125,48.947275],[117.653077,48.962288],[117.667207,48.972296],[117.68428,48.975534],[117.743741,48.972296],[117.735205,49.013507],[117.727551,49.026754],[117.709007,49.027637],[117.746391,49.070908],[117.769646,49.091514],[117.787896,49.092102],[117.826163,49.061783],[117.834111,49.059134],[117.840587,49.060605],[117.844708,49.060017],[117.84618,49.051186],[117.842942,49.045593],[117.836172,49.041766],[117.829696,49.04],[117.826163,49.041177],[117.836761,49.024987],[117.856483,49.024104],[117.904464,49.033818],[117.983354,49.023516],[118.010435,49.027637],[118.026037,49.035879],[118.041638,49.050303],[118.053413,49.067964],[118.058417,49.085332],[118.056062,49.112708],[118.048114,49.126543],[118.033396,49.130958],[118.010435,49.130075],[117.879149,49.10005],[117.831756,49.102699],[117.79084,49.11418],[117.784069,49.119478],[117.786424,49.130664],[117.796138,49.14862],[117.798493,49.154213],[117.787896,49.172464],[117.764347,49.183355],[117.739032,49.183944],[117.725491,49.16746],[117.726668,49.165693],[117.729612,49.157157],[117.71666,49.170403],[117.710184,49.188654],[117.70047,49.205433],[117.678098,49.212497],[117.666912,49.221917],[117.667796,49.243406],[117.674566,49.266366],[117.681631,49.280201],[117.692522,49.295508],[117.706652,49.310815],[117.722547,49.314936],[117.722547,49.322295],[117.702531,49.331126],[117.699587,49.34084],[117.70518,49.35232],[117.709007,49.36645],[117.701059,49.377636],[117.683102,49.368805],[117.653666,49.342901],[117.644835,49.337013],[117.63571,49.332598],[117.624818,49.329949],[117.583313,49.328477],[117.570361,49.325533],[117.565062,49.318468],[117.557409,49.303161],[117.339285,49.096223],[117.33222,49.078562],[117.325744,49.054129],[117.308966,49.038234],[117.286888,49.027637],[117.263928,49.020572],[117.146771,48.959344],[117.126166,48.951691],[117.118512,48.946686],[117.11233,48.937561],[117.118512,48.934323],[117.121161,48.931085],[117.122928,48.927847],[117.126166,48.923726],[117.107032,48.920194],[117.057873,48.896645],[117.038445,48.896939],[117.019017,48.899294],[117.005182,48.895467],[117.002533,48.876628],[116.993996,48.874862],[116.984576,48.867208],[116.977512,48.855728],[116.97604,48.841893],[116.993113,48.822465],[116.995174,48.812162],[116.97604,48.807747],[116.97604,48.800976],[116.99223,48.796855],[117.018428,48.793323],[117.030497,48.788024],[117.035207,48.782431],[117.032852,48.772717],[117.036679,48.767419],[117.04551,48.763003],[117.061994,48.76212],[117.071414,48.76006],[117.08466,48.753289],[117.098495,48.743575],[117.109092,48.731801],[117.11233,48.718849],[117.106738,48.70884],[117.084955,48.690884],[117.078479,48.677932],[117.089664,48.678521],[117.099378,48.675871],[117.11233,48.670573],[117.133525,48.657621],[117.138823,48.657327],[117.147949,48.662919],[117.153247,48.664391],[117.170615,48.657032],[117.169731,48.641431],[117.153541,48.629068],[117.126166,48.629656],[117.133525,48.615821],[117.12175,48.613172],[117.114391,48.607285],[117.113214,48.599042],[117.119984,48.58874],[117.107621,48.574905],[117.091136,48.569017],[117.051103,48.568134],[117.069353,48.543702],[117.102028,48.550178],[117.136763,48.566368],[117.160901,48.571667],[117.189159,48.566074],[117.215947,48.572844],[117.241851,48.583147],[117.266872,48.58874],[117.291893,48.597865],[117.312498,48.619942],[117.328394,48.647024],[117.338991,48.670573],[117.348116,48.698243],[117.346939,48.715611],[117.333398,48.722381],[117.304256,48.718849],[117.304256,48.725913],[117.457914,48.788319],[117.509428,48.819816],[117.599503,48.893995]]],[[[124.526703,39.72016],[124.521739,39.711493],[124.517507,39.717678],[124.53061,39.725328],[124.541596,39.731391],[124.548839,39.730129],[124.543549,39.72484],[124.53533,39.720771],[124.526703,39.72016]]],[[[124.352631,39.87523],[124.344981,39.862982],[124.334565,39.86579],[124.332612,39.883205],[124.341156,39.885199],[124.352631,39.87523]]],[[[124.335297,39.888617],[124.323578,39.892361],[124.319184,39.896389],[124.32073,39.900702],[124.330251,39.900824],[124.340343,39.892808],[124.335297,39.888617]]],[[[124.3449,39.939358],[124.351736,39.953721],[124.358897,39.962144],[124.36085,39.949042],[124.3449,39.939358]]],[[[128.210216,39.988634],[128.195974,39.986436],[128.168224,39.98725],[128.163178,39.992906],[128.165375,39.997138],[128.175955,39.997504],[128.172781,40.004218],[128.174815,40.009263],[128.180837,40.009263],[128.188406,40.005601],[128.191824,40.005845],[128.194021,40.002956],[128.198009,40.001614],[128.202322,40.006293],[128.207937,40.009508],[128.211762,39.996161],[128.216075,40.001044],[128.217865,40.005927],[128.221202,40.008205],[128.22462,40.0126],[128.229096,40.011461],[128.22877,40.006171],[128.226248,39.999213],[128.220063,39.992336],[128.210216,39.988634]]],[[[139.813731,41.358507],[139.806163,41.35338],[139.799327,41.352118],[139.796723,41.353868],[139.793061,41.358669],[139.795828,41.363186],[139.802908,41.36636],[139.811534,41.364488],[139.814871,41.36461],[139.813731,41.358507]]],[[[139.345551,41.493354],[139.340831,41.497504],[139.336436,41.511135],[139.336436,41.518059],[139.336436,41.5185],[139.340343,41.52383],[139.348155,41.524237],[139.355724,41.522162],[139.372895,41.522162],[139.378266,41.519232],[139.381847,41.513577],[139.374278,41.50434],[139.358526,41.498316],[139.345551,41.493354]]],[[[139.452159,42.215318],[139.463715,42.216254],[139.485525,42.221137],[139.497325,42.222235],[139.509125,42.225775],[139.538341,42.240668],[139.548513,42.243354],[139.56422,42.231757],[139.553966,42.211575],[139.520681,42.174506],[139.513682,42.148179],[139.512706,42.123725],[139.508962,42.100816],[139.493907,42.078843],[139.455333,42.051581],[139.445649,42.054836],[139.435395,42.062934],[139.429454,42.073798],[139.432384,42.08511],[139.427257,42.09394],[139.425059,42.102688],[139.425059,42.122992],[139.422699,42.131496],[139.412852,42.143988],[139.410818,42.153998],[139.414317,42.172512],[139.423839,42.191596],[139.437022,42.207221],[139.452159,42.215318]]],[[[130.2671,42.156602],[130.266449,42.160305],[130.264659,42.160631],[130.261567,42.161851],[130.263682,42.167507],[130.273855,42.177436],[130.285004,42.170315],[130.287771,42.156928],[130.273936,42.146308],[130.269054,42.151882],[130.2671,42.156602]]],[[[130.918061,42.473497],[130.931163,42.475694],[130.935069,42.470201],[130.933116,42.467515],[130.923839,42.460924],[130.914561,42.455878],[130.913748,42.456448],[130.909841,42.456081],[130.906423,42.459906],[130.90919,42.46308],[130.910004,42.471788],[130.918061,42.473497]]],[[[131.462738,42.642401],[131.461762,42.637193],[131.460867,42.637152],[131.439138,42.639635],[131.420339,42.643378],[131.435883,42.643663],[131.455089,42.651638],[131.459158,42.670152],[131.463959,42.672634],[131.472016,42.670762],[131.463064,42.655504],[131.463959,42.64761],[131.462738,42.642401]]],[[[132.345063,42.727403],[132.337738,42.750637],[132.327973,42.747382],[132.315603,42.749701],[132.311371,42.759548],[132.32781,42.772935],[132.342052,42.778144],[132.355642,42.772203],[132.362153,42.758409],[132.362397,42.742133],[132.36614,42.732001],[132.364024,42.73078],[132.345063,42.727403]]],[[[132.475597,42.800238],[132.467133,42.79682],[132.458263,42.798285],[132.45338,42.800971],[132.447276,42.807318],[132.439464,42.817532],[132.429861,42.826483],[132.417491,42.830024],[132.406423,42.828762],[132.401541,42.831977],[132.400076,42.841702],[132.399669,42.852118],[132.404633,42.859117],[132.413259,42.864447],[132.418468,42.879869],[132.427501,42.895901],[132.43922,42.892035],[132.447276,42.876776],[132.453624,42.860907],[132.448985,42.845404],[132.44988,42.828111],[132.467459,42.81094],[132.477712,42.8039],[132.475597,42.800238]]],[[[131.643891,42.868272],[131.647634,42.870754],[131.651215,42.873196],[131.659028,42.885688],[131.675304,42.891588],[131.678477,42.874172],[131.661143,42.875556],[131.656993,42.872748],[131.659272,42.864651],[131.650157,42.859524],[131.639496,42.865424],[131.643891,42.868272]]],[[[131.712006,42.910183],[131.712087,42.91885],[131.718435,42.924343],[131.729828,42.923692],[131.740082,42.921536],[131.744314,42.922105],[131.744884,42.919827],[131.742279,42.916815],[131.745372,42.906236],[131.733246,42.902818],[131.723074,42.897528],[131.720876,42.899359],[131.714773,42.901597],[131.712006,42.910183]]],[[[131.715505,42.984036],[131.724213,42.984239],[131.727224,42.995347],[131.730398,42.993516],[131.734386,42.987087],[131.739268,42.981879],[131.745779,42.97134],[131.756196,42.962144],[131.75644,42.959296],[131.749197,42.953111],[131.736664,42.95071],[131.726736,42.932196],[131.723562,42.934394],[131.722097,42.941474],[131.72047,42.944363],[131.717296,42.947333],[131.712738,42.949042],[131.710867,42.951768],[131.713552,42.954779],[131.716319,42.959662],[131.714203,42.965562],[131.710541,42.969509],[131.709727,42.977769],[131.715505,42.984036]]],[[[131.840099,43.041693],[131.859386,43.037258],[131.859386,43.044623],[131.826508,43.065172],[131.854991,43.061347],[131.875743,43.051011],[131.892263,43.035834],[131.920909,43.024156],[131.920095,43.019517],[131.922537,43.008938],[131.924001,43.005845],[131.920909,42.996283],[131.91505,42.98428],[131.883311,42.960761],[131.83725,42.961127],[131.790538,42.974555],[131.757009,42.990058],[131.791189,42.996283],[131.774587,43.005316],[131.769379,43.015367],[131.773448,43.021186],[131.784353,43.017401],[131.791189,43.017401],[131.787364,43.034369],[131.783865,43.040107],[131.777517,43.044623],[131.798839,43.052639],[131.819672,43.049262],[131.840099,43.041693]]]]}},{"type":"Feature","properties":{"id":"ganzhou","sourceRefs":["atlas-943-fixed-master"]},"geometry":{"type":"Polygon","coordinates":[[[106.96160776464826,39.090232950699004],[106.89366631665615,38.886583270253496],[106.82606296221019,38.6829386527983],[106.64258220328323,38.55779407744588],[106.4597255339035,38.43234823519436],[106.27749145199826,38.3066018630059],[106.09587844597391,38.18055568672075],[105.84715112871694,38.10139294571667],[105.59901680903467,38.02165339833569],[105.35147773759921,37.941338816481625],[105.10453611928244,37.860450970242375],[104.85819411332137,37.77899162766656],[104.61245383348975,37.69696255454243],[104.39270687466643,37.740136712850465],[104.17280653666711,37.782866556852746],[103.95275534428855,37.825151958817585],[103.73255583289824,37.86699279670152],[103.49784269529064,37.81995212954365],[103.26350279359463,37.77239442378275],[103.02953890178814,37.724320890593724],[102.79595376558353,37.67573274597877],[102.56275010234737,37.626631210616594],[102.27058426539487,37.62864824534427],[101.97856083590028,37.629870187212944],[101.68668643990495,37.63029805350537],[101.39496768645746,37.62993288528486],[101.21453880433147,37.80034389700891],[101.03337879517461,37.97049962423519],[100.85148398744188,38.14040023258853],[100.66885069559436,38.310045874953715],[100.4854752201951,38.479436691419345],[100.55133340584027,38.66739972771486],[100.61749569813279,38.85535273139123],[100.68396435483209,39.043297662582326],[100.75074165562175,39.23123649669746],[100.5950310509501,39.401286958028535],[100.43866454037271,39.57117712039265],[100.2816383611151,39.74090752051593],[100.12394872821613,39.910478689537136],[100.19019716255414,40.0936444905847],[100.25675018935574,40.276814579618154],[100.32361004866085,40.45999088890158],[100.39077900203918,40.64317536732497],[100.29121072972116,40.829997119577655],[100.19114921439026,41.01680996307377],[100.09059075668434,41.20361570557484],[99.98953162212618,41.39041616966515],[100.03306366218015,41.58457831607724],[100.07680103686721,41.77879718670732],[100.12074542089351,41.9730754715511],[100.16489850706792,42.16741589121697],[100.39078614860466,42.28828390379408],[100.61748695724587,42.40872142298963],[100.86808465910451,42.34570627610022],[101.1183657237839,42.28216818409666],[101.36832704409169,42.21810774680831],[101.61796553887433,42.153525569849236],[101.86727815316007,42.08842226446095],[102.11667923415372,42.00558396104881],[102.36563278177952,41.922232844321634],[102.61413649288578,41.8383697754203],[102.86218809696483,41.753995615732684],[103.10978535612699,41.66911122672871],[103.35650265784396,41.63960165895534],[103.60312799910334,41.609562884712524],[103.84965759280603,41.57899491677425],[104.09608766084956,41.54789777923355],[104.34241443444132,41.516271507433636],[104.63199166398199,41.50872224870459],[104.92164575626782,41.50043340964845],[105.21137027571469,41.49140433392698],[105.50115877954316,41.481634389376744],[105.79100481856148,41.47112296804036],[105.87837273719033,41.26727825756309],[105.96527007950793,41.063460399309456],[106.05170075097605,40.859666729125884],[106.13766861529994,40.655894610028156],[106.22317749496612,40.4521414314907],[106.30823117177225,40.24840460875343],[106.45394019330693,40.057743377302806],[106.59895584056198,39.866962627468965],[106.74328288583958,39.67606105659952],[106.8869260632345,39.48503736352007],[107.02989006893635,39.29389024837259],[106.96160776464826,39.090232950699004]]]}},{"type":"Feature","properties":{"id":"xizhou","sourceRefs":["atlas-943-fixed-master"]},"geometry":{"type":"MultiPolygon","coordinates":[[[[84.73198958657954,47.810696211103455],[85.03644180542564,47.81102017118722],[85.34108476149,47.8106218644797],[85.64591150764305,47.80950011427635],[85.9190545323548,47.72733198059932],[86.19167373548872,47.64464341090504],[86.46376645896302,47.56143572081535],[86.73533008690274,47.47771022550663],[87.00636204558093,47.39346823949291],[87.16592286625038,47.24453356738523],[87.32481614488296,47.09552562012777],[87.48304556105786,46.946443960090406],[87.64061477445532,46.79728814907999],[87.90034214540273,46.73178994023775],[88.1597027121824,46.66579592579874],[88.41869347913409,46.59930695430051],[88.67731148019676,46.5323238789341],[88.86314339748239,46.424142618187055],[89.04845019241404,46.31575753521551],[89.23323301996419,46.207169157295425],[89.41749304172221,46.09837800455215],[89.70194468415636,46.02312418698114],[89.98593305215033,45.947267423306],[90.26945430605657,45.87080886303327],[90.35830401772374,45.68793554475503],[90.4466770123668,45.50513944236178],[90.53457702908635,45.322418140066354],[90.82875669672696,45.28724603025367],[91.12280969806983,45.25138472241254],[91.41672998745138,45.21483427461153],[91.71051153599912,45.17759476683209],[92.00414833231403,45.13966630080688],[92.29057742758751,45.14434002027741],[92.57720254040888,45.148338459736934],[92.86401771339459,45.151660527827815],[93.15101696827817,45.15430515570261],[93.43819430657439,45.15627129716302],[93.70320520626184,45.09052213232636],[93.96785360877658,45.02422902822339],[94.2321360788651,44.957392789461245],[94.49604921314028,44.89001422699046],[94.75958964023629,44.82209415790467],[94.93829944196114,44.66623538326182],[95.11627287133511,44.510220495460196],[95.29351373803459,44.3540493426881],[95.47002583550308,44.19772176599863],[95.64581294088877,44.04123759936043],[95.74775967929699,43.8637044371674],[95.84920390342198,43.68619507422534],[95.95014928840266,43.508707723330204],[96.05059947564656,43.331240614804656],[96.150558073189,43.153791996091414],[96.19009263219971,42.97509165445403],[96.22941515167521,42.79646772649781],[96.26852724913182,42.6179179893589],[96.10203586819321,42.43721643362092],[95.93638932885989,42.25632548101719],[95.97203361501158,42.113927075142215],[96.0075291207559,41.97156854808346],[96.04287674079963,41.82924884248283],[95.82394179270156,41.73212629220621],[95.60566582730941,41.63458728277233],[95.38804901413731,41.53663339904898],[95.17109149072014,41.43826621620588],[94.95162488661667,41.36631128498034],[94.73267468800412,41.29393120741084],[94.51424218711293,41.22112741412887],[94.29632864606127,41.14790133295985],[94.08031888184206,41.06353566161769],[93.86488722238515,40.97875639542337],[93.6500343741233,40.89356501048831],[93.43576101333313,40.80796297691248],[93.45722591523791,40.65091113860489],[93.47858376308805,40.49390023475826],[93.49983525573475,40.336928903924736],[93.24732796423284,40.30905131169657],[92.99514072831772,40.28060588667314],[92.74327738931142,40.251593935003505],[92.491741760122,40.22201677307318],[92.24053762500048,40.191875727334015],[91.98966873930391,40.161172134133174],[91.73913882926428,40.12990733954102],[91.47449410136555,40.15483372132453],[91.20982328806733,40.179153853828744],[90.94513102287276,40.20286807852045],[90.6804219423976,40.22597675188687],[90.4281266047354,40.30514098151717],[90.17542794385963,40.38378326249617],[89.92232848188408,40.461902898729114],[89.66883077065563,40.539499196247085],[89.41493739171425,40.6165714633685],[89.17158858871025,40.66236340273326],[88.92806637876716,40.70765997061598],[88.6843739457591,40.752461010846694],[88.44051448729135,40.79676637534294],[88.19649121447979,40.840575924199825],[87.95230735172818,40.883889525778514],[87.67990776537498,40.89403732854789],[87.40759874027142,40.90355058116787],[87.13538536262575,40.91243004046342],[86.86327270984408,40.920676480624],[86.59126585000959,40.92829069315904],[86.30079802327603,40.963473703618945],[86.01024033210886,40.99795072339372],[85.71959861936037,41.031722003680265],[85.42887873871832,41.06478781592808],[85.13808655404513,41.09714845194265],[84.85517789501358,41.12117548935786],[84.57226518042745,41.14453247002299],[84.28935393043749,41.167219899770124],[84.00644966621414,41.18923830369718],[83.72355790934087,41.21058822619652],[83.45684567895523,41.23833385004101],[83.1900926217007,41.26549024732445],[82.92330326579655,41.2920577228469],[82.65648214380529,41.318036596064],[82.38963379219764,41.34342720113203],[82.13780947472551,41.3960785367577],[81.88576029974251,41.448222159455845],[81.6334894953969,41.49985777812634],[81.38100030775485,41.550985109428346],[81.12829600058947,41.6016038778953],[80.87537985516659,41.65171381604939],[80.6501364391341,41.59617804097593],[80.42536421117221,41.54020370950839],[80.20106504383207,41.48379233944679],[79.97724077920614,41.42694544895543],[79.75389322899676,41.36966455642283],[79.49096055852225,41.40349351162449],[79.2279415657127,41.43676267101292],[78.96484039495166,41.469472182565596],[78.70166119872763,41.50162220702904],[78.43840813726291,41.53321291798615],[78.17508537814088,41.56424450192104],[77.95525239015535,41.49935097094721],[77.73593970813506,41.434039392368526],[77.51714869510258,41.36831134207712],[77.29888068344754,41.30216839364051],[77.0811369750695,41.23561211817813],[76.85615083018362,41.16235219723028],[76.63175439435915,41.08865146848612],[76.40794886041361,41.01451171526347],[76.18473538589353,40.93993471642203],[75.96211509329429,40.86492224622892],[75.74008907028292,40.789476074226506],[75.49819595338109,40.840893020807584],[75.2560913951745,40.89185025014365],[75.01377812009476,40.94234750570785],[74.77125886754902,40.992384537026005],[74.52853639176374,41.041961099766716],[74.29012996605029,41.06469683785278],[74.05170931330215,41.08697526205391],[73.8132775425364,41.10879665662377],[73.57483776400927,41.13016131472148],[73.33639308898347,41.151069538427805],[73.56409822602042,41.27158964355446],[73.79271596804699,41.39165191508304],[74.02224753897814,41.511254060880525],[74.25269412134618,41.63039376763878],[74.48405685557789,41.74906870089036],[74.7163368392672,41.8672765050277],[74.89268548535708,42.038449175061274],[75.06996713707332,42.20936106844429],[75.24818674619192,42.38001186635638],[75.42734928017555,42.55040123135748],[75.60745972189348,42.720528807215686],[75.59855985340678,42.90142182067258],[75.589588568194,43.082382964878704],[75.58054531740692,43.26341464619808],[75.57142954655184,43.44451929896362],[75.5622406954169,43.625699386130904],[75.76004347890994,43.78538279334716],[75.9588542107363,43.94475771200003],[76.15867742812254,44.103823076997486],[76.3595176675135,44.26257779840068],[76.56137946399686,44.4210207611816],[76.76426735071453,44.579150824976495],[77.0039278460309,44.66294824133329],[77.2443114993532,44.74627498949628],[77.48541723676577,44.82912877954086],[77.72724393657315,44.91150731287788],[77.96979042891422,44.9934082824297],[78.21305549538016,45.07482937281025],[78.45703786863618,45.155768260509404],[78.66740043024001,45.310748472711765],[78.87881512226413,45.46539879715791],[79.09128628668488,45.61971782437328],[79.30481825561908,45.77370411701718],[79.51941535058633,45.9273562096095],[79.73508188175691,46.08067260825469],[80.00173337001628,46.166968288916266],[80.2692227196866,46.252694736445044],[80.53754803885555,46.337848943861694],[80.80670736521523,46.42242789420679],[81.00870983915404,46.48527563209972],[81.012397,46.484625],[81.026526,46.487569],[81.051842,46.497871],[81.067149,46.498754],[81.077451,46.494928],[81.100412,46.481387],[81.112481,46.478443],[81.146038,46.460781],[81.157519,46.457838],[81.166644,46.46608],[81.171648,46.479621],[81.170176,46.491984],[81.161934,46.49846],[81.136619,46.502287],[81.128671,46.506408],[81.123372,46.516711],[81.12305646751174,46.52070786396512],[81.14361096521642,46.52703913702905],[81.149571,46.514944],[81.152809,46.509352],[81.17518,46.50317],[81.199613,46.516711],[81.219924,46.537316],[81.231698,46.553506],[81.23205634066142,46.554282411529336],[81.34751983516063,46.589847907854924],[81.512918598279,46.74943101839643],[81.67914676587341,46.90885727476118],[81.84620881544743,47.06812680689851],[82.01410924279824,47.22723973652725],[82.1828525618842,47.386196177059546],[82.35244330468602,47.54499623352226],[82.2140520169109,47.721660455225546],[82.07493590826996,47.89834928261825],[81.93508962694796,48.07506449746128],[81.79450777436335,48.25180790195199],[81.7308417266341,48.446688307951185],[81.66677320345593,48.64173661511478],[81.60229864751146,48.83695684779136],[81.53741446016241,49.032353098336515],[81.47211700085997,49.22792952898717],[81.40640258654524,49.42369037379815],[81.71363796133296,49.35021150309368],[82.02036846950462,49.27608088221238],[82.32658932331621,49.20130002844196],[82.60958351608637,49.16199726645702],[82.89239930313242,49.12210982236943],[83.17503173742249,49.08163806670557],[83.4574758915063,49.04058238675592],[83.68145879277857,49.00753920883749],[83.638125,48.984365],[83.626939,48.975534],[83.614576,48.971119],[83.584256,48.973474],[83.572187,48.968764],[83.471809,48.89164],[83.448849,48.865442],[83.434425,48.834534],[83.42727856701667,48.80383888430569],[83.26845727366059,48.704111560604424],[83.03454524860985,48.556148991553115],[83.01482934326133,48.34888476342119],[83.00591560214276,48.25484817580029],[82.999944,48.239918],[83.00362405265257,48.230673197914236],[82.99520114961938,48.14181476590823],[83.27814408163862,48.05915865835295],[83.56054103277955,47.975950925821785],[83.81831928311226,47.899345904040146],[83.836232,47.882855],[83.85566,47.874907],[83.91628094589431,47.87004700128452],[83.98112944019813,47.85061138982739],[84.006963,47.841938],[84.01606415985098,47.84014117544808],[84.10813524197,47.81254673709276],[84.112934,47.809263],[84.145903,47.778944],[84.164448,47.765698],[84.173279,47.761576],[84.191235,47.755984],[84.198594,47.752451],[84.205953,47.746564],[84.220672,47.729196],[84.256584,47.718011],[84.292496,47.714773],[84.328409,47.719777],[84.363733,47.73214],[84.346071,47.738322],[84.278073,47.73214],[84.272185,47.735967],[84.267476,47.744503],[84.263649,47.753629],[84.260705,47.759516],[84.251874,47.763343],[84.243926,47.76246],[84.237745,47.763637],[84.233918,47.773057],[84.245398,47.773645],[84.26983,47.77865],[84.278073,47.776589],[84.285432,47.771291],[84.293674,47.767758],[84.344599,47.759222],[84.356668,47.759516],[84.365204,47.762754],[84.371975,47.768347],[84.379628,47.772762],[84.390814,47.773057],[84.375213,47.804848],[84.37493199627991,47.80934469599654],[84.42773502903908,47.80965118960655],[84.73198958657954,47.810696211103455]],[[84.213018,47.73214],[84.226559,47.724781],[84.220672,47.729196],[84.213018,47.73214]],[[78.08995,42.632576],[78.111144,42.659069],[78.120858,42.6679],[78.132338,42.671138],[78.157948,42.671726],[78.169134,42.67467],[78.175021,42.680263],[78.193272,42.703518],[78.201514,42.72118],[78.211817,42.721474],[78.2336,42.716175],[78.24979,42.719413],[78.282758,42.732954],[78.306308,42.736192],[78.306308,42.742962],[78.235955,42.746495],[78.223886,42.742962],[78.204752,42.7462],[78.137343,42.740313],[78.11762,42.732954],[78.103785,42.725595],[78.082885,42.722357],[78.033138,42.720296],[78.011649,42.715881],[77.983096,42.713232],[77.956014,42.714115],[77.917158,42.726772],[77.832676,42.716175],[77.797646,42.722651],[77.7844,42.722651],[77.771448,42.720002],[77.745544,42.710877],[77.704333,42.705578],[77.620439,42.681735],[77.579228,42.676142],[77.56922,42.671432],[77.549497,42.657008],[77.537723,42.650238],[77.528009,42.647294],[77.435578,42.653476],[77.373468,42.677908],[77.349624,42.681735],[77.325486,42.679674],[77.238943,42.657008],[77.229818,42.652593],[77.219515,42.648766],[77.206269,42.647294],[77.195377,42.64906],[77.18478,42.652004],[77.173889,42.653476],[77.135916,42.643467],[77.083813,42.639641],[77.058204,42.634342],[77.047312,42.627866],[77.027001,42.60991],[77.014049,42.606378],[76.994032,42.612265],[76.981669,42.614031],[76.97637,42.609616],[76.674647,42.565461],[76.653159,42.555747],[76.619895,42.527194],[76.599584,42.513653],[76.575152,42.509237],[76.5204,42.51483],[76.497146,42.51012],[76.48802,42.502761],[76.465649,42.472736],[76.456229,42.468321],[76.443277,42.467732],[76.332596,42.482745],[76.304632,42.482156],[76.225742,42.469204],[76.202487,42.460079],[76.196011,42.439767],[76.201898,42.418573],[76.215439,42.407093],[76.208374,42.407093],[76.216322,42.405621],[76.21956,42.404149],[76.222798,42.400323],[76.212496,42.39473],[76.208374,42.392964],[76.216617,42.381189],[76.225742,42.373241],[76.233101,42.36441],[76.239577,42.337329],[76.247819,42.328792],[76.258711,42.322905],[76.270485,42.318489],[76.293151,42.31378],[76.314051,42.315546],[76.33289,42.322905],[76.349375,42.335857],[76.371747,42.347337],[76.396767,42.345571],[76.561906,42.280222],[76.606355,42.270802],[76.675825,42.266681],[76.692015,42.260205],[76.706439,42.25108],[76.717919,42.253435],[76.729399,42.259911],[76.743528,42.263738],[76.755009,42.261972],[76.765311,42.256673],[76.819769,42.220466],[76.840669,42.21193],[76.883646,42.205748],[76.907489,42.197506],[76.926623,42.184259],[76.935454,42.167186],[76.942224,42.167186],[76.960769,42.186614],[76.987851,42.182199],[77.018465,42.168658],[77.048195,42.16071],[77.113544,42.16071],[77.121492,42.159238],[77.129145,42.155117],[77.136799,42.153351],[77.151223,42.160122],[77.174772,42.166009],[77.28928,42.181021],[77.318716,42.181316],[77.389952,42.169836],[77.427042,42.17013],[77.462954,42.181316],[77.481205,42.161888],[77.515351,42.168952],[77.55303,42.185731],[77.583055,42.194856],[77.622205,42.196623],[77.65694,42.203099],[77.68726,42.214579],[77.792053,42.293763],[77.830026,42.342627],[77.851809,42.361467],[77.87948,42.372652],[77.914803,42.37383],[77.892726,42.391786],[77.822667,42.402678],[77.812365,42.420928],[77.829438,42.434763],[77.900674,42.458018],[77.9254,42.461845],[77.995753,42.465671],[78.028722,42.475091],[78.055804,42.493342],[78.107612,42.551037],[78.128217,42.565461],[78.150883,42.573997],[78.172961,42.575175],[78.30042,42.5634],[78.320143,42.571643],[78.327502,42.595192],[78.306308,42.602551],[78.254794,42.599607],[78.11085,42.599607],[78.099664,42.604023],[78.088772,42.613148],[78.081708,42.622862],[78.083474,42.626983],[78.08995,42.632576]],[[87.351234,41.913739],[87.357416,41.974966],[87.354472,42.002931],[87.337399,42.023537],[87.311789,42.032073],[87.253211,42.035017],[87.196399,42.04738],[87.187273,42.051501],[87.169906,42.047969],[87.073943,42.060921],[86.93412,42.11008],[86.857585,42.115378],[86.834919,42.121265],[86.816669,42.133629],[86.803128,42.119794],[86.810782,42.112435],[86.814314,42.106547],[86.81402,42.10066],[86.809898,42.092418],[86.818729,42.087414],[86.830504,42.077994],[86.837569,42.069163],[86.833742,42.065336],[86.829621,42.060038],[86.836097,42.048852],[86.845811,42.03796],[86.850815,42.034134],[86.844339,42.002637],[86.827266,41.993217],[86.802834,41.991451],[86.775164,41.98262],[86.763095,41.972612],[86.754852,41.960248],[86.750143,41.945824],[86.748376,41.931106],[86.745138,41.92463],[86.73042,41.909029],[86.727182,41.904025],[86.721295,41.889601],[86.721589,41.882536],[86.730715,41.879593],[86.733069,41.876943],[86.734836,41.871056],[86.735424,41.864286],[86.734247,41.858987],[86.725416,41.85516],[86.680084,41.845446],[86.698334,41.833377],[86.737485,41.833966],[86.753381,41.82543],[86.786644,41.834555],[86.844339,41.865757],[86.874953,41.872822],[86.914692,41.876355],[87.049511,41.911973],[87.133993,41.921981],[87.212294,41.906674],[87.24909,41.892839],[87.28147,41.884302],[87.296482,41.893428],[87.307079,41.884008],[87.316499,41.872822],[87.312672,41.870173],[87.310023,41.866052],[87.378316,41.844563],[87.416877,41.839265],[87.433656,41.848979],[87.42718,41.858693],[87.398332,41.881359],[87.391856,41.89019],[87.38803,41.902847],[87.377433,41.91315],[87.364186,41.91786],[87.351234,41.913739]],[[82.834805,44.992788],[82.821265,44.991021],[82.803014,44.985428],[82.794477,44.977481],[82.788296,44.966883],[82.777404,44.953048],[82.757093,44.937447],[82.707934,44.908894],[82.68468,44.887994],[82.701753,44.875336],[82.755327,44.853553],[82.766513,44.843545],[82.86954,44.833537],[82.89044,44.820585],[82.932829,44.785555],[82.9552,44.778196],[82.973451,44.774664],[83.00642,44.757591],[83.027319,44.751703],[83.072063,44.754353],[83.11504,44.772309],[83.148597,44.802334],[83.164493,44.840307],[83.153896,44.87828],[83.121516,44.907716],[83.080011,44.929205],[83.041155,44.943334],[82.972862,44.973654],[82.89515,44.986017],[82.876899,44.991316],[82.834805,44.992788]],[[81.37417,46.096359],[81.371816,46.099008],[81.368872,46.101657],[81.375642,46.087233],[81.375937,46.088116],[81.37682,46.090471],[81.375642,46.093415],[81.37417,46.096359]],[[81.378292,46.078697],[81.376525,46.056914],[81.379175,46.049849],[81.393599,46.037486],[81.407728,46.029538],[81.480436,46.009227],[81.519586,46.0054],[81.537837,46.00069],[81.554321,45.989799],[81.616727,45.92916],[81.626146,45.923273],[81.641747,45.916797],[81.651167,45.900606],[81.659115,45.882356],[81.670595,45.868226],[81.709157,45.854391],[81.729762,45.844089],[81.738888,45.830253],[81.74919,45.820245],[81.772445,45.819362],[81.908441,45.846443],[81.957895,45.846149],[82.005582,45.83408],[82.074168,45.776679],[82.116557,45.750481],[82.143344,45.759017],[82.143933,45.771675],[82.136574,45.780506],[82.127448,45.787865],[82.122738,45.796107],[82.10596,45.830253],[82.092419,45.84821],[82.060922,45.909732],[82.050031,45.953592],[82.041494,46.040429],[82.026776,46.080463],[82.03178,46.093121],[82.042966,46.169361],[82.046793,46.180841],[82.049147,46.19291],[82.047381,46.204685],[82.040905,46.21381],[82.032957,46.217342],[82.023832,46.219403],[82.012941,46.223818],[81.99263,46.237359],[81.979972,46.249428],[81.97379,46.265618],[81.968786,46.313305],[81.958483,46.326257],[81.94141,46.332439],[81.917567,46.333616],[81.914623,46.361286],[81.854867,46.387779],[81.862226,46.402497],[81.855456,46.409268],[81.838971,46.402497],[81.82337,46.403086],[81.793345,46.415449],[81.780393,46.426635],[81.773034,46.429873],[81.765675,46.431051],[81.742126,46.429873],[81.734178,46.430756],[81.728879,46.4337],[81.725936,46.439293],[81.725053,46.447241],[81.720931,46.452539],[81.710923,46.450479],[81.694144,46.443414],[81.629679,46.443414],[81.629679,46.451067],[81.635271,46.453128],[81.639687,46.456072],[81.642336,46.460487],[81.643219,46.467552],[81.639393,46.47079],[81.58258,46.456955],[81.572278,46.459015],[81.568156,46.474617],[81.562564,46.482564],[81.549906,46.474322],[81.526651,46.451067],[81.513405,46.444591],[81.471899,46.429873],[81.468661,46.425458],[81.465718,46.418687],[81.461302,46.412211],[81.454826,46.409268],[81.447467,46.408679],[81.439814,46.406618],[81.432749,46.40338],[81.41126,46.38513],[81.405667,46.376593],[81.397131,46.339209],[81.387417,46.315954],[81.388889,46.295643],[81.416559,46.279159],[81.396542,46.274155],[81.386828,46.270622],[81.382707,46.265912],[81.386534,46.256787],[81.396542,46.254727],[81.408317,46.254727],[81.416559,46.251783],[81.423624,46.229117],[81.411555,46.187317],[81.424212,46.16995],[81.41126,46.162591],[81.393599,46.155231],[81.381824,46.145812],[81.389772,46.121968],[81.386828,46.111077],[81.37682,46.090471],[81.378292,46.078697]]],[[[83.548344,48.881043],[83.546283,48.892229],[83.547461,48.896645],[83.582196,48.924315],[83.627822,48.939327],[83.65186655046543,48.944178763255074],[83.5480261498399,48.87945374919946],[83.548344,48.881043]]]]}},{"type":"Feature","properties":{"id":"guiyi","sourceRefs":["atlas-943-fixed-master"]},"geometry":{"type":"Polygon","coordinates":[[[100.12074542089351,41.9730754715511],[100.07680103686721,41.77879718670732],[100.03306366218015,41.58457831607724],[99.98953162212618,41.39041616966515],[100.09059075668434,41.20361570557484],[100.19114921439026,41.01680996307377],[100.29121072972116,40.829997119577655],[100.39077900203918,40.64317536732497],[100.32361004866085,40.45999088890158],[100.25675018935574,40.276814579618154],[100.19019716255414,40.0936444905847],[100.12394872821613,39.910478689537136],[100.2816383611151,39.74090752051593],[100.43866454037271,39.57117712039265],[100.5950310509501,39.401286958028535],[100.75074165562175,39.23123649669746],[100.68396435483209,39.043297662582326],[100.61749569813279,38.85535273139123],[100.55133340584027,38.66739972771486],[100.4854752201951,38.479436691419345],[100.66885069559436,38.310045874953715],[100.85148398744188,38.14040023258853],[101.03337879517461,37.97049962423519],[101.21453880433147,37.80034389700891],[101.39496768645746,37.62993288528486],[101.16379874674688,37.56494756948508],[100.93310435013382,37.49945732291017],[100.70288660623972,37.43346354838959],[100.47314759172754,37.366967649330086],[100.24388935035878,37.29997102955754],[100.00330638027991,37.278623919624366],[99.76296355924185,37.25673289623279],[99.52286439449321,37.23429892378751],[99.28301237355289,37.21132297600925],[99.04341096397319,37.18780603582314],[98.80406361310654,37.16374909524582],[98.56168837004695,37.083503455582445],[98.31991364174222,37.002696265863115],[98.0787413895488,36.92132931032901],[97.83817353098189,36.83940437031301],[97.59821193990882,36.75692322403616],[97.35885844674766,36.673887646406186],[97.12011483867121,36.59029940881846],[96.87992342928956,36.53056146504606],[96.64020769546865,36.470269580944986],[96.40097026385033,36.40942529973412],[96.16221372446165,36.34803016705317],[95.92394063072564,36.28608573077374],[95.68615349947785,36.22359354081168],[95.44885481098852,36.16055514893996],[95.20996329884063,36.18171826437142],[94.9710666303468,36.202350567306894],[94.7321683211038,36.22245241089949],[94.4932718876201,36.24202415823981],[94.25438084702994,36.26106618237077],[94.01549871680729,36.27957886630102],[93.78305280982443,36.32244044310717],[93.55047214620082,36.36480896797102],[93.31775966988552,36.40668444943496],[93.08491833506156,36.448066903124875],[92.85195110594638,36.48895635181658],[92.6317225453579,36.43559161596904],[92.41189686840414,36.381761884185806],[92.1924761066459,36.32746838746914],[91.97346226558565,36.272712358574005],[91.75485732467503,36.21749503188533],[91.48222963404463,36.260184272237495],[91.2094733310117,36.30219715844158],[90.93659328811772,36.34353387937851],[90.6635943916205,36.38419463844221],[90.39048154101499,36.424179653650164],[90.47872178164957,36.57806130772257],[90.56731030445701,36.73185834678946],[90.65624899654402,36.88557151150491],[90.79814403022057,37.00858161863942],[90.94052215905833,37.131388480774966],[91.08338487463914,37.25399181910782],[90.94210004679138,37.37498101814254],[90.80040707803995,37.49581798577264],[90.65830458820484,37.616502659650926],[90.5157911946319,37.73703497304112],[90.75265411024695,37.83193546432678],[90.99021827315784,37.926300882665124],[91.22848260839473,38.02012924452211],[91.467445995131,38.113418558142854],[91.68252027205588,38.22443034721502],[91.8983079639266,38.335001354101394],[92.11480940783773,38.445129998784196],[92.33202490912213,38.554814688721045],[92.54995474094402,38.66405381890778],[92.76498908732768,38.798462753645794],[92.98086494088497,38.932437006141086],[93.19758400175445,39.06597503625769],[93.41514794269239,39.19907528416152],[93.63355840850348,39.33173617029897],[93.53200763052124,39.504150003839705],[93.42999473236831,39.676529968743715],[93.327516601801,39.84887726707066],[93.38472080819584,40.01156270990278],[93.44215985296006,40.17424613839112],[93.49983525573475,40.336928903924736],[93.47858376308805,40.49390023475826],[93.45722591523791,40.65091113860489],[93.43576101333313,40.80796297691248],[93.6500343741233,40.89356501048831],[93.86488722238515,40.97875639542337],[94.08031888184206,41.06353566161769],[94.29632864606127,41.14790133295985],[94.51424218711293,41.22112741412887],[94.73267468800412,41.29393120741084],[94.95162488661667,41.36631128498034],[95.17109149072014,41.43826621620588],[95.38804901413731,41.53663339904898],[95.60566582730941,41.63458728277233],[95.82394179270156,41.73212629220621],[96.04287674079963,41.82924884248283],[96.0075291207559,41.97156854808346],[95.97203361501158,42.113927075142215],[95.93638932885989,42.25632548101719],[96.10203586819321,42.43721643362092],[96.26852724913182,42.6179179893589],[96.50105539968571,42.61196747131593],[96.73364704815339,42.605554543399556],[96.96629893732023,42.59867880315233],[97.19900780590875,42.59133985796871],[97.43600066449916,42.535076517264066],[97.67273381018124,42.478350779351906],[97.9092045658474,42.42116309288207],[98.14541027355362,42.363513911681935],[98.3957928076286,42.31873732381839],[98.64598570814685,42.27343392772888],[98.89598538007307,42.22760399280517],[99.14578824533949,42.181247798029595],[99.39539074310694,42.134365631858465],[99.65169877034022,42.145955772632895],[99.90820280548292,42.15697282502966],[100.16489850706792,42.16741589121697],[100.12074542089351,41.9730754715511]],[[95.052388,37.052315],[95.030017,37.039363],[95.019714,37.035242],[95.006468,37.034359],[94.994399,37.034948],[94.983213,37.03377],[94.972027,37.027589],[95.000286,37.016403],[95.028545,37.010221],[95.091244,37.007866],[95.116854,37.000213],[95.148351,36.96695],[95.173666,36.959296],[95.201042,36.947816],[95.236955,36.893947],[95.259326,36.876874],[95.279637,36.88335],[95.293767,36.907488],[95.299949,36.937808],[95.295239,36.962828],[95.231067,37.007866],[95.193683,37.027294],[95.130395,37.038186],[95.087123,37.052021],[95.064163,37.054964],[95.052388,37.052315]]]}},{"type":"Feature","properties":{"id":"khotan","sourceRefs":["atlas-943-fixed-master"]},"geometry":{"type":"Polygon","coordinates":[[[93.41514794269239,39.19907528416152],[93.19758400175445,39.06597503625769],[92.98086494088497,38.932437006141086],[92.76498908732768,38.798462753645794],[92.54995474094402,38.66405381890778],[92.33202490912213,38.554814688721045],[92.11480940783773,38.445129998784196],[91.8983079639266,38.335001354101394],[91.68252027205588,38.22443034721502],[91.467445995131,38.113418558142854],[91.22848260839473,38.02012924452211],[90.99021827315784,37.926300882665124],[90.75265411024695,37.83193546432678],[90.5157911946319,37.73703497304112],[90.65830458820484,37.616502659650926],[90.80040707803995,37.49581798577264],[90.94210004679138,37.37498101814254],[91.08338487463914,37.25399181910782],[90.94052215905833,37.131388480774966],[90.79814403022057,37.00858161863942],[90.65624899654402,36.88557151150491],[90.56731030445701,36.73185834678946],[90.47872178164957,36.57806130772257],[90.39048154101499,36.424179653650164],[90.15282935935427,36.45443555730668],[89.91512228441124,36.48417915683975],[89.67736361605772,36.51341068593815],[89.4395566588703,36.54213038721826],[89.20170472187533,36.570338512261706],[88.96878243485003,36.60190057187555],[88.73579650094362,36.63297426343199],[88.5027499847313,36.6635597795275],[88.26964595589016,36.69365732079856],[88.01909822723617,36.783045806440285],[87.76811215418635,36.87189455895084],[87.51668989193294,36.96020294676369],[87.26483362595965,37.04797033809073],[87.01254557205975,37.13519610108206],[86.81063016363885,37.03685680622659],[86.6093210328942,36.938120505140134],[86.40861812281508,36.8389885259279],[86.20852135164779,36.73946218807636],[86.00903061316538,36.63954280239759],[85.77645399593182,36.63918790003215],[85.54401024738652,36.6383402047071],[85.31170254217373,36.63700043571904],[85.0795340452219,36.635169321006934],[84.84750791151635,36.632847597104096],[84.68702390873055,36.4967786184487],[84.52715742174713,36.36044194659938],[84.36790640222608,36.22383805719895],[84.20926880006903,36.08696741478887],[84.05124256359481,35.94983047285279],[83.82010960049418,35.86120084895742],[83.58963490156734,35.7720473871967],[83.35981957016274,35.68237197961828],[83.13066466846308,35.59217651132406],[82.90217121779129,35.50146286031074],[82.69030779069843,35.413239030191605],[82.47903607652246,35.32456889300473],[82.26835667433237,35.23545396154272],[82.05827015320463,35.14589574201521],[81.84877705246778,35.05589573394981],[81.62883529248728,35.07307332457761],[81.40891979104963,35.08981224950118],[81.18903315980879,35.10611291633034],[80.96917800898541,35.12197573926492],[80.75061743866844,35.0096817996366],[80.53280807697776,34.89689996039058],[80.31574961463734,34.78363200140196],[80.09944170735308,34.66987968872322],[79.89228388365026,34.5742473618028],[79.68574495115428,34.478178092511435],[79.47982511528366,34.381673371840286],[79.27452455311806,34.28473468242352],[79.04831956543481,34.32805459656035],[78.82199491457693,34.37091940785095],[78.59555310576744,34.41332920858346],[78.36899665222761,34.45528409653843],[78.21417305934669,34.598265063452274],[78.05881946750709,34.74105512558501],[77.90293365258101,34.883654215340606],[77.74651338377613,35.02606225745058],[77.50032220526232,35.071442339895114],[77.25399646878236,35.1162924332336],[77.00753939365464,35.16061265385937],[76.78353069427223,35.20630663356494],[76.55938335516139,35.25156578180981],[76.3350997068854,35.296390116934155],[76.11068208880322,35.34077966216467],[75.88945959008932,35.442341730514016],[75.66776143340314,35.54350281825811],[75.4455880316661,35.644262290280295],[75.26027004064181,35.731764660767325],[75.07460319722938,35.81898903083191],[74.88858764328897,35.905935004523165],[74.70222353022717,35.992602182864886],[74.45842787952738,36.023490678914136],[74.21458744308033,36.05386755234411],[73.97070550973287,36.083733130421265],[73.72678537201071,36.11308774925801],[73.50384751783871,36.10541876992413],[73.28108961099389,36.09730894709841],[73.05851426303336,36.08875910850498],[72.83612407364242,36.07977008820397],[72.61392163048401,36.070342726535024],[72.40636812542358,35.995530331525174],[72.19934990745926,35.920306900165826],[71.99286777904683,35.84467391500354],[71.78692251576275,35.76863285425946],[71.5815148664836,35.692185191736996],[71.46169829219555,35.80227507997908],[71.34155306955046,35.912259199226824],[71.22107809306841,36.022137496771784],[71.21981971883838,36.230644448837964],[71.21852786702001,36.43913468850234],[71.21720226616284,36.64761090131383],[71.28373550477924,36.830274014174115],[71.35059716043483,37.01286708297031],[71.41778944332873,37.19539169161261],[71.48531458277823,37.37784943110776],[71.55317482741691,37.560241899790974],[71.6505357113253,37.75579662251387],[71.74843085824138,37.95123532493053],[71.84686403595317,38.14655970566354],[71.94583904490871,38.341771468241205],[72.04535971853277,38.53687232135041],[72.10885073163865,38.73532240738257],[72.17268337874245,38.93372979349475],[72.23686025609177,39.1320967788725],[72.30138398563726,39.33042567940186],[72.36625721534264,39.528718828152726],[72.46487969884969,39.703883714810104],[72.56400051496662,39.878956761393056],[72.66362284490074,40.05393917243533],[72.76374989424647,40.22883215604501],[72.86438489318512,40.40363692405733],[72.98141976200162,40.59067013858474],[73.0990965128213,40.77758574546315],[73.21741949420208,40.964385094496784],[73.33639308898347,41.151069538427805],[73.57483776400927,41.13016131472148],[73.8132775425364,41.10879665662377],[74.05170931330215,41.08697526205391],[74.29012996605029,41.06469683785278],[74.52853639176374,41.041961099766716],[74.77125886754902,40.992384537026005],[75.01377812009476,40.94234750570785],[75.2560913951745,40.89185025014365],[75.49819595338109,40.840893020807584],[75.74008907028292,40.789476074226506],[75.96211509329429,40.86492224622892],[76.18473538589353,40.93993471642203],[76.40794886041361,41.01451171526347],[76.63175439435915,41.08865146848612],[76.85615083018362,41.16235219723028],[77.0811369750695,41.23561211817813],[77.29888068344754,41.30216839364051],[77.51714869510258,41.36831134207712],[77.73593970813506,41.434039392368526],[77.95525239015535,41.49935097094721],[78.17508537814088,41.56424450192104],[78.43840813726291,41.53321291798615],[78.70166119872763,41.50162220702904],[78.96484039495166,41.469472182565596],[79.2279415657127,41.43676267101292],[79.49096055852225,41.40349351162449],[79.75389322899676,41.36966455642283],[79.97724077920614,41.42694544895543],[80.20106504383207,41.48379233944679],[80.42536421117221,41.54020370950839],[80.6501364391341,41.59617804097593],[80.87537985516659,41.65171381604939],[81.12829600058947,41.6016038778953],[81.38100030775485,41.550985109428346],[81.6334894953969,41.49985777812634],[81.88576029974251,41.448222159455845],[82.13780947472551,41.3960785367577],[82.38963379219764,41.34342720113203],[82.65648214380529,41.318036596064],[82.92330326579655,41.2920577228469],[83.1900926217007,41.26549024732445],[83.45684567895523,41.23833385004101],[83.72355790934087,41.21058822619652],[84.00644966621414,41.18923830369718],[84.28935393043749,41.167219899770124],[84.57226518042745,41.14453247002299],[84.85517789501358,41.12117548935786],[85.13808655404513,41.09714845194265],[85.42887873871832,41.06478781592808],[85.71959861936037,41.031722003680265],[86.01024033210886,40.99795072339372],[86.30079802327603,40.963473703618945],[86.59126585000959,40.92829069315904],[86.86327270984408,40.920676480624],[87.13538536262575,40.91243004046342],[87.40759874027142,40.90355058116787],[87.67990776537498,40.89403732854789],[87.95230735172818,40.883889525778514],[88.19649121447979,40.840575924199825],[88.44051448729135,40.79676637534294],[88.6843739457591,40.752461010846694],[88.92806637876716,40.70765997061598],[89.17158858871025,40.66236340273326],[89.41493739171425,40.6165714633685],[89.66883077065563,40.539499196247085],[89.92232848188408,40.461902898729114],[90.17542794385963,40.38378326249617],[90.4281266047354,40.30514098151717],[90.6804219423976,40.22597675188687],[90.94513102287276,40.20286807852045],[91.20982328806733,40.179153853828744],[91.47449410136555,40.15483372132453],[91.73913882926428,40.12990733954102],[91.98966873930391,40.161172134133174],[92.24053762500048,40.191875727334015],[92.491741760122,40.22201677307318],[92.74327738931142,40.251593935003505],[92.99514072831772,40.28060588667314],[93.24732796423284,40.30905131169657],[93.49983525573475,40.336928903924736],[93.44215985296006,40.17424613839112],[93.38472080819584,40.01156270990278],[93.327516601801,39.84887726707066],[93.42999473236831,39.676529968743715],[93.53200763052124,39.504150003839705],[93.63355840850348,39.33173617029897],[93.41514794269239,39.19907528416152]],[[79.794318,35.295844],[79.764587,35.283776],[79.749281,35.258755],[79.767237,35.242565],[79.795496,35.229907],[79.812274,35.214894],[79.811391,35.209007],[79.801677,35.201059],[79.798734,35.195172],[79.799028,35.187224],[79.801383,35.181042],[79.804327,35.175744],[79.805504,35.17074],[79.813452,35.164264],[79.831702,35.158376],[79.852602,35.154844],[79.867615,35.153667],[79.888809,35.165735],[79.905294,35.192228],[79.910003,35.223137],[79.895874,35.248746],[79.884099,35.268469],[79.880567,35.277005],[79.887043,35.278183],[79.901761,35.283776],[79.875563,35.296433],[79.835235,35.30026],[79.794318,35.295844]],[[88.470995,37.067622],[88.49896,37.066445],[88.517799,37.062324],[88.522215,37.052904],[88.525453,37.043484],[88.540171,37.039069],[88.551651,37.05467],[88.557538,37.089994],[88.555772,37.127084],[88.550179,37.148867],[88.514855,37.165351],[88.46658,37.173593],[88.415655,37.173299],[88.372089,37.16329],[88.342358,37.143568],[88.276421,37.060263],[88.288489,37.050549],[88.308506,37.024645],[88.334705,37.014931],[88.359431,36.996092],[88.404763,36.984317],[88.420365,36.983434],[88.440381,36.991971],[88.450684,37.000801],[88.455394,37.009927],[88.465991,37.059969],[88.470995,37.067622]],[[89.639032,37.546553],[89.649924,37.550085],[89.654928,37.558621],[89.657283,37.571574],[89.654339,37.582759],[89.643448,37.587764],[89.62608,37.591002],[89.601942,37.598949],[89.578393,37.609841],[89.571328,37.615728],[89.544247,37.625737],[89.341724,37.641632],[89.311699,37.626914],[89.289916,37.623676],[89.249883,37.601599],[89.194542,37.587764],[89.182179,37.590118],[89.166578,37.599244],[89.156864,37.601599],[89.108294,37.606603],[89.08445,37.603365],[89.071498,37.587764],[89.076797,37.56392],[89.097991,37.551851],[89.123895,37.544786],[89.164517,37.525653],[89.188655,37.52477],[89.235459,37.533306],[89.281968,37.531834],[89.400008,37.484147],[89.440042,37.4762],[89.497149,37.47149],[89.550428,37.474728],[89.579276,37.491506],[89.586635,37.486208],[89.594289,37.484147],[89.612834,37.484147],[89.612834,37.491506],[89.608713,37.492978],[89.598704,37.498571],[89.619015,37.500926],[89.647274,37.498866],[89.670235,37.499749],[89.674356,37.512112],[89.659932,37.52006],[89.633439,37.530068],[89.611068,37.542431],[89.609301,37.556855],[89.61931,37.560093],[89.639032,37.546553]],[[90.706691,38.111732],[90.708163,38.104078],[90.709046,38.09407],[90.71405,38.090832],[90.725824,38.087299],[90.738482,38.085533],[90.761148,38.090537],[90.780576,38.084061],[90.79971,38.074642],[90.815311,38.069932],[90.831501,38.067577],[90.850929,38.061395],[90.868885,38.052564],[90.880954,38.042556],[90.899499,38.008999],[90.914217,37.996635],[90.932468,38.004289],[90.939827,38.009293],[90.961316,38.016652],[90.969852,38.021362],[90.972207,38.027838],[90.972502,38.044028],[90.976328,38.049326],[91.009003,38.048738],[91.020189,38.05021],[91.003704,38.056097],[91.007237,38.081118],[90.985748,38.100251],[90.953662,38.112615],[90.899499,38.122034],[90.825614,38.159124],[90.80177,38.17031],[90.763503,38.167367],[90.728768,38.153237],[90.709046,38.13116],[90.706102,38.11968],[90.706691,38.111732]]]}},{"type":"Feature","properties":{"id":"tibetan-regions","sourceRefs":["atlas-943-fixed-master"]},"geometry":{"type":"Polygon","coordinates":[[[90.6635943916205,36.38419463844221],[90.93659328811772,36.34353387937851],[91.2094733310117,36.30219715844158],[91.48222963404463,36.260184272237495],[91.75485732467503,36.21749503188533],[91.97346226558565,36.272712358574005],[92.1924761066459,36.32746838746914],[92.41189686840414,36.381761884185806],[92.6317225453579,36.43559161596904],[92.85195110594638,36.48895635181658],[93.08491833506156,36.448066903124875],[93.31775966988552,36.40668444943496],[93.55047214620082,36.36480896797102],[93.78305280982443,36.32244044310717],[94.01549871680729,36.27957886630102],[94.25438084702994,36.26106618237077],[94.4932718876201,36.24202415823981],[94.7321683211038,36.22245241089949],[94.9710666303468,36.202350567306894],[95.20996329884063,36.18171826437142],[95.44885481098852,36.16055514893996],[95.68615349947785,36.22359354081168],[95.92394063072564,36.28608573077374],[96.16221372446165,36.34803016705317],[96.40097026385033,36.40942529973412],[96.64020769546865,36.470269580944986],[96.87992342928956,36.53056146504606],[97.12011483867121,36.59029940881846],[97.35885844674766,36.673887646406186],[97.59821193990882,36.75692322403616],[97.83817353098189,36.83940437031301],[98.0787413895488,36.92132931032901],[98.31991364174222,37.002696265863115],[98.56168837004695,37.083503455582445],[98.80406361310654,37.16374909524582],[99.04341096397319,37.18780603582314],[99.28301237355289,37.21132297600925],[99.52286439449321,37.23429892378751],[99.76296355924185,37.25673289623279],[100.00330638027991,37.278623919624366],[100.24388935035878,37.29997102955754],[100.47314759172754,37.366967649330086],[100.70288660623972,37.43346354838959],[100.93310435013382,37.49945732291017],[101.16379874674688,37.56494756948508],[101.39496768645746,37.62993288528486],[101.68668643990495,37.63029805350537],[101.97856083590028,37.629870187212944],[102.27058426539487,37.62864824534427],[102.56275010234737,37.626631210616594],[102.79595376558353,37.67573274597877],[103.02953890178814,37.724320890593724],[103.26350279359463,37.77239442378275],[103.49784269529064,37.81995212954365],[103.73255583289824,37.86699279670152],[103.95275534428855,37.825151958817585],[104.17280653666711,37.782866556852746],[104.39270687466643,37.740136712850465],[104.61245383348975,37.69696255454243],[104.85819411332137,37.77899162766656],[105.10453611928244,37.860450970242375],[105.35147773759921,37.941338816481625],[105.59901680903467,38.02165339833569],[105.84715112871694,38.10139294571667],[106.09587844597391,38.18055568672075],[106.13008309563605,38.00098445774216],[106.16412270096792,37.82143655662724],[106.19799845645736,37.64191021920954],[106.38870886413444,37.53540151581586],[106.57897055378172,37.42857016620113],[106.76878369250271,37.321416600932345],[106.95814845985463,37.21394124474078],[107.14706504772077,37.10614451649641],[107.07246396245775,36.95323529582053],[106.99814200527734,36.80028469892615],[106.92409758478563,36.647291867028315],[107.01373604827313,36.46482560022258],[107.10297623757566,36.2823063400872],[107.19182088121255,36.09973266662473],[107.13629089981126,35.92462566030555],[107.08098859372816,35.74949639009056],[107.02591243565288,35.57434342594849],[106.77306768496494,35.53346063300043],[106.52057934122986,35.49195579775296],[106.26845120605418,35.44983020756395],[106.01668704885233,35.40708515857425],[106.10820519889062,35.27521805283339],[106.19944067121367,35.143278082576934],[106.29039474712027,35.011264860307826],[106.07669657076715,35.00971720480231],[105.86308539533313,35.00772410124312],[105.64956384617619,35.005285972557544],[105.43613454305634,35.00240324836517],[105.33854348181525,34.86354055016036],[105.24128427295156,34.724579059291635],[105.14435538881588,34.585518371552155],[105.19793168695358,34.42369394574476],[105.2512956732022,34.261843691560045],[105.30444864853581,34.099966569582804],[105.35739190355764,33.9380615448559],[105.32646383941025,33.7968429417247],[105.29563159591761,33.65560759142819],[105.26489466086605,33.51435476359381],[105.15000214512611,33.3403129631415],[105.0355874157204,33.166117806508126],[104.9216477387677,32.99176845498469],[104.76000024019051,32.83646882918685],[104.59897278616627,32.68088069571341],[104.43856292632904,32.52500414360475],[104.27876821412157,32.36883924949455],[104.07215255373302,32.31490054786363],[103.86587299066981,32.26052079398302],[103.65993126566774,32.20570087052863],[103.45432910004324,32.150441661587486],[103.31771954221026,32.01366014920882],[103.18156714829563,31.876663038437755],[103.0458703105543,31.739450331974197],[102.91062742401483,31.60202202556947],[102.85776163815875,31.403052718180138],[102.80512276471681,31.204011889403933],[102.7527091720248,31.004897667739165],[102.7543149192777,30.816675199953036],[102.75589701678452,30.62841591180984],[102.75745562541748,30.440118164063204],[102.75899090456248,30.251780324209488],[102.76050301213613,30.063400766268746],[102.77974812212025,29.87768357544862],[102.79889791101422,29.69192125048731],[102.81795302165604,29.506112275538467],[102.75552796180402,29.33523559557436],[102.69333376075502,29.16426919776989],[102.63136906867828,28.993212011589485],[102.56963254593407,28.82206296679392],[102.50812286298091,28.650820993348233],[102.43634250536604,28.479532404911954],[102.3648285379841,28.308132458757665],[102.29357944661398,28.13662013395257],[102.22259372799543,27.964994408324948],[102.1518698897351,27.793254258383822],[101.91879531987284,27.72159976541118],[101.6861934675413,27.649333532097224],[101.45406666607877,27.57645687646914],[101.23808168203783,27.66616653689538],[101.0217682104986,27.755370469288774],[100.80512783770703,27.844068558581498],[100.58816216829541,27.932260688274177],[100.53897673798178,28.121331605554825],[100.48957364129946,28.310323621588836],[100.43995142159902,28.49923818837538],[100.39010860942832,28.68807676016128],[100.34004372239399,28.87684079360408],[100.28975526502114,29.065531747936756],[100.09261992257447,29.061734320592937],[99.89558330787479,29.057524186894874],[99.81375867558177,28.912515770096576],[99.7322011549326,28.767393043509212],[99.65090952914795,28.622155479845816],[99.45270327696593,28.670634470397886],[99.25436657406397,28.718699903747467],[99.22770124649246,28.91844317537914],[99.20089694085301,29.118122410337435],[99.17395265464181,29.317739442192384],[98.97701276000713,29.218582715608118],[98.780588616536,29.11898370937851],[98.58468055067249,29.01894337393936],[98.5620649744233,28.830036530192356],[98.5395263239005,28.641063642290963],[98.51706408033675,28.452023125385878],[98.49467772958036,28.262913398485235],[98.2974574586438,28.303600562769496],[98.10014401949412,28.343877019136883],[97.90273929240861,28.383742898620792],[97.70524516300999,28.423198335533524],[97.57973715811355,28.25036515225028],[97.45472867476684,28.07728899819193],[97.33021726708418,27.90396924498101],[97.20620050124793,27.7304052544426],[96.95496302747927,27.72758214841757],[96.70388521385559,27.72407914234542],[96.45297131201929,27.71989722765684],[96.20222555947682,27.71503740699504],[96.00366540237027,27.783146833430298],[95.80489363531447,27.850840310382253],[95.60591174336194,27.918117819880727],[95.40672122216571,27.984979344736512],[95.22646342521013,27.836691763043167],[95.04686269204002,27.687983201706313],[94.86791733410303,27.538854139016035],[94.68962565313251,27.389305037147597],[94.49550114156996,27.278046627771037],[94.30193665557042,27.16633012766679],[94.10893213335137,27.054156456631294],[93.91648749199969,26.94152652519129],[93.7246026276943,26.8284412345289],[93.51185793483765,26.78051805987045],[93.29944703050695,26.7320861223796],[93.08737201454846,26.683146443010695],[92.87563496582695,26.633700044855498],[92.66423794218528,26.58374795304311],[92.45318298040714,26.533291194640086],[92.24247209618241,26.482330798550446],[92.01089441514718,26.48193387444911],[91.7794533543634,26.48095535006277],[91.54815220563958,26.47939606770551],[91.31699425067875,26.47725687744699],[91.08598276083671,26.474538637067802],[90.85512099688256,26.47124221201309],[90.62441220876086,26.467368475345083],[90.39385963535624,26.46291830769411],[90.16346650425993,26.457892597208307],[89.93323603153857,26.45229223950206],[89.70317142150512,26.446118137603303],[89.47327586649209,26.439371201899124],[89.26549459242038,26.45349742754327],[89.05776039129462,26.467163088388105],[88.85007560890148,26.480368687331794],[88.64244258851149,26.493114732236794],[88.43486367073481,26.50540173592572],[88.22734119337773,26.517230216176426],[88.01346524067228,26.516586362980426],[87.79971374301242,26.515452206846824],[87.58608925227891,26.51382845181714],[87.37259431257434,26.511715807421897],[87.15923146006644,26.50911498864879],[86.94600322283287,26.506026715910266],[86.96557494460446,26.680304041920174],[86.98520491873971,26.854501155495242],[87.00489349386065,27.028619273021473],[87.02464102136507,27.202659612019673],[86.81376865171879,27.24781419049218],[86.60279666530731,27.292511203093518],[86.39172722505182,27.336750879810285],[86.18056250006005,27.380533454396538],[85.96930466550549,27.42385916441617],[85.75795590250614,27.466728251284575],[85.55664305863274,27.568887288983454],[85.35495895725207,27.67063605695091],[85.1529041331231,27.77197437363953],[84.95047913475995,27.872902053132485],[84.74768452450247,27.973418905211343],[84.54452087858628,28.073524735423952],[84.34098878721194,28.173219345152457],[84.14357889279528,28.24211373044563],[83.94595387167833,28.310621522142025],[83.74811500673245,28.37874268007201],[83.550063590609,28.446477164459886],[83.35180092571352,28.51382493597511],[83.15332832417896,28.58078595578326],[82.95464710783773,28.64736018559746],[82.77568464588362,28.587418737259135],[82.59706099893927,28.52712355057946],[82.41877702330741,28.466475430464573],[82.24083356140696,28.40547518073999],[82.0278799198446,28.492557798979266],[81.81460791171722,28.579197874821553],[81.6010187534539,28.665395243958525],[81.38711367667895,28.751149740512776],[81.20854758388833,28.84835649753647],[81.02964917597733,28.94525557932272],[80.85041854110301,29.041846785503616],[80.6708557757415,29.138129912053973],[80.49096098474702,29.234104751322327],[80.31073428141107,29.329771092062394],[80.4066718258442,29.524314993892173],[80.50306135068959,29.71865971158435],[80.59990565347124,29.912806603075957],[80.40546023774426,30.007550322603855],[80.21066462577866,30.101939538320647],[80.015519229012,30.195973985924972],[79.82002447052074,30.289653397714584],[79.64202240715824,30.381656064454354],[79.46370014568805,30.47336534698455],[79.28505783211435,30.564781010667716],[79.10609562063095,30.65590281779012],[78.92681367367479,30.746730527589868],[78.7472121619792,30.837263896285],[78.56854747631444,30.959996646752792],[78.38941564916148,31.08243940578139],[78.20981573897916,31.20459187849221],[78.0297468099173,31.326453762475836],[77.84920793193399,31.448024747798303],[77.66819818091385,31.569304517007506],[77.48671663878754,31.690292745139555],[77.31271984174504,31.822217880016193],[77.13821432230579,31.953875874788704],[76.963198628129,32.08526645659498],[76.78767130912412,32.216389343935056],[76.61163091756862,32.34724424665981],[76.43507600822802,32.477830865958914],[76.2767975239477,32.60563013459046],[76.11805777241588,32.733214736931615],[75.95885530550356,32.860584478891546],[75.79918867461426,32.98773915959349],[75.63905643075991,33.11467857135829],[75.47845712463779,33.24140249968749],[75.31443363507503,33.363298417819394],[75.14995363152289,33.4849699466138],[74.98501586436647,33.60641681406213],[74.81961908563493,33.72763874156392],[74.65376204909053,33.84863544391333],[74.48744351031866,33.96940662928547],[74.27427440761352,34.07374173577612],[74.06063617632026,34.17769766029625],[73.84652896189002,34.281273830295724],[73.63195292635527,34.38446966741417],[73.41690824847029,34.48728458753322],[73.38979844074797,34.663154185491926],[73.36254336906431,34.839002923563854],[73.33514205548589,35.014832266917075],[73.30759351332406,35.19064368894652],[73.2798967470374,35.366438671484985],[73.03772282134885,35.41447095453695],[72.79539336644903,35.462004154461866],[72.55291127722485,35.50903830129571],[72.31027945986833,35.555573431696594],[72.0675008316859,35.601609589017585],[71.82457832090586,35.64714682337857],[71.5815148664836,35.692185191736996],[71.78692251576275,35.76863285425946],[71.99286777904683,35.84467391500354],[72.19934990745926,35.920306900165826],[72.40636812542358,35.995530331525174],[72.61392163048401,36.070342726535024],[72.83612407364242,36.07977008820397],[73.05851426303336,36.08875910850498],[73.28108961099389,36.09730894709841],[73.50384751783871,36.10541876992413],[73.72678537201071,36.11308774925801],[73.97070550973287,36.083733130421265],[74.21458744308033,36.05386755234411],[74.45842787952738,36.023490678914136],[74.70222353022717,35.992602182864886],[74.88858764328897,35.905935004523165],[75.07460319722938,35.81898903083191],[75.26027004064181,35.731764660767325],[75.4455880316661,35.644262290280295],[75.66776143340314,35.54350281825811],[75.88945959008932,35.442341730514016],[76.11068208880322,35.34077966216467],[76.3350997068854,35.296390116934155],[76.55938335516139,35.25156578180981],[76.78353069427223,35.20630663356494],[77.00753939365464,35.16061265385937],[77.25399646878236,35.1162924332336],[77.50032220526232,35.071442339895114],[77.74651338377613,35.02606225745058],[77.90293365258101,34.883654215340606],[78.05881946750709,34.74105512558501],[78.21417305934669,34.598265063452274],[78.36899665222761,34.45528409653843],[78.59555310576744,34.41332920858346],[78.82199491457693,34.37091940785095],[79.04831956543481,34.32805459656035],[79.27452455311806,34.28473468242352],[79.47982511528366,34.381673371840286],[79.68574495115428,34.478178092511435],[79.89228388365026,34.5742473618028],[80.09944170735308,34.66987968872322],[80.31574961463734,34.78363200140196],[80.53280807697776,34.89689996039058],[80.75061743866844,35.0096817996366],[80.96917800898541,35.12197573926492],[81.18903315980879,35.10611291633034],[81.40891979104963,35.08981224950118],[81.62883529248728,35.07307332457761],[81.84877705246778,35.05589573394981],[82.05827015320463,35.14589574201521],[82.26835667433237,35.23545396154272],[82.47903607652246,35.32456889300473],[82.69030779069843,35.413239030191605],[82.90217121779129,35.50146286031074],[83.13066466846308,35.59217651132406],[83.35981957016274,35.68237197961828],[83.58963490156734,35.7720473871967],[83.82010960049418,35.86120084895742],[84.05124256359481,35.94983047285279],[84.20926880006903,36.08696741478887],[84.36790640222608,36.22383805719895],[84.52715742174713,36.36044194659938],[84.68702390873055,36.4967786184487],[84.84750791151635,36.632847597104096],[85.0795340452219,36.635169321006934],[85.31170254217373,36.63700043571904],[85.54401024738652,36.6383402047071],[85.77645399593182,36.63918790003215],[86.00903061316538,36.63954280239759],[86.20852135164779,36.73946218807636],[86.40861812281508,36.8389885259279],[86.6093210328942,36.938120505140134],[86.81063016363885,37.03685680622659],[87.01254557205975,37.13519610108206],[87.26483362595965,37.04797033809073],[87.51668989193294,36.96020294676369],[87.76811215418635,36.87189455895084],[88.01909822723617,36.783045806440285],[88.26964595589016,36.69365732079856],[88.5027499847313,36.6635597795275],[88.73579650094362,36.63297426343199],[88.96878243485003,36.60190057187555],[89.20170472187533,36.570338512261706],[89.4395566588703,36.54213038721826],[89.67736361605772,36.51341068593815],[89.91512228441124,36.48417915683975],[90.15282935935427,36.45443555730668],[90.39048154101499,36.424179653650164],[90.6635943916205,36.38419463844221]],[[74.52991,34.402744],[74.522845,34.389792],[74.521079,34.380961],[74.522845,34.355057],[74.515781,34.32091],[74.525495,34.305604],[74.540802,34.298833],[74.557286,34.301188],[74.571121,34.31414],[74.574654,34.332391],[74.563762,34.365654],[74.571121,34.382433],[74.57848,34.37684],[74.587311,34.376545],[74.596731,34.380666],[74.605267,34.389792],[74.61351,34.383316],[74.627345,34.375662],[74.642357,34.370069],[74.652954,34.369481],[74.663257,34.375368],[74.665023,34.382727],[74.660608,34.3998],[74.649422,34.398328],[74.593493,34.410986],[74.569944,34.419817],[74.555225,34.420406],[74.541096,34.413635],[74.52991,34.402744]],[[85.69102,29.954313],[85.677774,29.968737],[85.658346,29.963144],[85.657169,29.952547],[85.674242,29.923993],[85.678951,29.91163],[85.682189,29.893085],[85.685722,29.883077],[85.694258,29.868359],[85.692492,29.859233],[85.688077,29.850402],[85.672181,29.778578],[85.672181,29.785054],[85.665999,29.750907],[85.69573,29.75915],[85.722223,29.773868],[85.741357,29.794768],[85.754309,29.857762],[85.754014,29.875423],[85.7443,29.89073],[85.719868,29.906037],[85.709565,29.914279],[85.699851,29.928998],[85.698968,29.935768],[85.69102,29.954313]],[[84.822941,30.107088],[84.829711,30.107088],[84.827945,30.108265],[84.822941,30.107088]],[[84.848256,30.112681],[84.86268,30.154186],[84.856498,30.201284],[84.819114,30.223656],[84.816465,30.233665],[84.761419,30.318736],[84.750821,30.329333],[84.73051,30.358181],[84.719913,30.367895],[84.705195,30.348467],[84.718147,30.31226],[84.77908,30.208938],[84.795565,30.16861],[84.795859,30.15919],[84.793799,30.149476],[84.792621,30.138585],[84.795565,30.12681],[84.801158,30.122395],[84.827945,30.108265],[84.848256,30.112681]],[[86.405737,30.382613],[86.384837,30.372604],[86.349219,30.361419],[86.336855,30.3467],[86.320077,30.316087],[86.320077,30.303723],[86.339505,30.261924],[86.343626,30.250443],[86.347747,30.241612],[86.349807,30.232781],[86.350985,30.212765],[86.353634,30.204522],[86.360699,30.19893],[86.377772,30.188921],[86.39249,30.176264],[86.406914,30.167727],[86.420455,30.169493],[86.433112,30.188921],[86.435762,30.200107],[86.433112,30.234253],[86.433701,30.239552],[86.458722,30.303134],[86.462549,30.332277],[86.467847,30.349938],[86.467259,30.360241],[86.462549,30.372016],[86.457839,30.376137],[86.451363,30.378492],[86.443415,30.384085],[86.426636,30.389089],[86.405737,30.382613]],[[84.010496,30.495649],[84.028746,30.470628],[84.034633,30.456498],[84.034339,30.425884],[84.03846,30.413227],[84.051412,30.408222],[84.062009,30.360241],[84.061126,30.352293],[84.062009,30.342874],[84.065542,30.335515],[84.072312,30.332277],[84.08026,30.333748],[84.082026,30.337575],[84.08232,30.343168],[84.085558,30.350233],[84.089091,30.361419],[84.08703,30.392916],[84.088796,30.408222],[84.094684,30.427062],[84.096156,30.452966],[84.091446,30.462974],[84.062009,30.504774],[84.050529,30.510367],[84.03169,30.515665],[84.014322,30.516548],[84.006963,30.508012],[84.010496,30.495649]],[[86.292112,30.648424],[86.275333,30.648129],[86.263264,30.662553],[86.252667,30.701704],[86.241187,30.717305],[86.228824,30.720837],[86.182609,30.727019],[86.175544,30.715244],[86.1726,30.697877],[86.174661,30.679921],[86.187613,30.65696],[86.192028,30.637532],[86.199682,30.627818],[86.207335,30.623991],[86.254728,30.617515],[86.263264,30.613983],[86.275333,30.586902],[86.276805,30.573066],[86.283575,30.563647],[86.292406,30.559526],[86.302709,30.561586],[86.318899,30.571006],[86.326553,30.573066],[86.333323,30.581603],[86.336267,30.600737],[86.336855,30.637826],[86.329496,30.6549],[86.312423,30.654605],[86.292112,30.648424]],[[81.369166,30.724075],[81.378586,30.641359],[81.362102,30.614277],[81.377409,30.592494],[81.394482,30.584547],[81.412438,30.579837],[81.430394,30.566296],[81.424212,30.566296],[81.445407,30.565413],[81.451294,30.566296],[81.498392,30.601325],[81.509578,30.607213],[81.540192,30.634],[81.574338,30.655783],[81.60348,30.690223],[81.602891,30.722603],[81.57787,30.748507],[81.53401,30.764403],[81.450411,30.787658],[81.406551,30.788541],[81.375642,30.764403],[81.369166,30.724075]],[[81.248771,30.724958],[81.240824,30.745858],[81.242884,30.766758],[81.259663,30.784714],[81.272321,30.788247],[81.282623,30.78648],[81.291749,30.787658],[81.299991,30.799138],[81.300874,30.810913],[81.296164,30.82151],[81.283212,30.836522],[81.273204,30.841821],[81.247005,30.843881],[81.224045,30.857422],[81.212859,30.857716],[81.201673,30.853595],[81.189899,30.846825],[81.203439,30.812679],[81.203734,30.782654],[81.189899,30.724075],[81.188427,30.723781],[81.179007,30.713184],[81.176652,30.709651],[81.178418,30.708768],[81.180773,30.70347],[81.183717,30.692578],[81.180185,30.68728],[81.171942,30.681687],[81.159579,30.676094],[81.151631,30.678154],[81.148982,30.682864],[81.14545,30.68728],[81.135441,30.68934],[81.130143,30.687868],[81.108654,30.676094],[81.125138,30.665791],[81.132792,30.646952],[81.143683,30.628996],[81.170176,30.621048],[81.183423,30.614866],[81.194903,30.616632],[81.206089,30.620459],[81.218158,30.621048],[81.219924,30.618693],[81.225517,30.608096],[81.228166,30.603975],[81.235525,30.599854],[81.241412,30.601914],[81.246711,30.605741],[81.252304,30.607213],[81.277325,30.605446],[81.299108,30.608096],[81.315886,30.618987],[81.327955,30.641653],[81.322068,30.65225],[81.312943,30.674328],[81.30735,30.68257],[81.297341,30.688751],[81.273498,30.698171],[81.262606,30.706413],[81.248771,30.724958]],[[83.573365,30.968692],[83.537747,30.922477],[83.524206,30.895984],[83.519202,30.865664],[83.527444,30.833284],[83.535686,30.817389],[83.543634,30.806792],[83.55482,30.800904],[83.572187,30.799138],[83.578369,30.806792],[83.586611,30.843881],[83.592499,30.857128],[83.603684,30.86537],[83.621052,30.875084],[83.636653,30.880971],[83.643718,30.878028],[83.640186,30.928953],[83.641952,30.936017],[83.631649,30.951913],[83.616342,30.968103],[83.602507,30.97664],[83.584256,30.976051],[83.573365,30.968692]],[[85.783745,31.005487],[85.747244,31.02727],[85.698968,31.037573],[85.685133,31.037573],[85.678951,31.028448],[85.67483,31.019028],[85.665705,31.02256],[85.656285,31.031686],[85.651576,31.03875],[85.627732,31.02727],[85.626555,31.020794],[85.634503,31.014907],[85.638035,31.004604],[85.629204,30.999011],[85.613603,31.001955],[85.586816,31.011375],[85.567682,31.015496],[85.536774,31.034335],[85.522055,31.03875],[85.497034,31.041694],[85.480844,31.049348],[85.446698,31.073485],[85.43669,31.077606],[85.424327,31.080845],[85.411963,31.081139],[85.40166,31.076429],[85.3996,31.070247],[85.406076,31.05494],[85.405193,31.045521],[85.396656,31.036101],[85.353973,31.008137],[85.341905,30.993418],[85.333368,30.975757],[85.331307,30.957212],[85.358683,30.909525],[85.36928,30.895689],[85.377817,30.888625],[85.413435,30.87008],[85.522055,30.846825],[85.555319,30.82622],[85.574452,30.819744],[85.582694,30.830046],[85.584461,30.848297],[85.589759,30.864781],[85.598001,30.871257],[85.610659,30.86066],[85.658935,30.879499],[85.675419,30.88156],[85.69102,30.878028],[85.70515,30.871257],[85.718985,30.868019],[85.733998,30.874201],[85.743417,30.852418],[85.761962,30.830929],[85.785806,30.817683],[85.809944,30.819449],[85.803468,30.810324],[85.791693,30.800315],[85.780801,30.793839],[85.775797,30.795606],[85.772854,30.795606],[85.769027,30.789424],[85.771676,30.782065],[85.788749,30.778533],[85.788749,30.771762],[85.778152,30.772351],[85.770793,30.770585],[85.765789,30.766169],[85.761373,30.758221],[85.784039,30.756455],[85.799935,30.749096],[85.815536,30.747624],[85.836731,30.764403],[85.843501,30.777355],[85.85557,30.814445],[85.861752,30.85595],[85.862046,30.886859],[85.856453,30.91394],[85.841735,30.931308],[85.852332,30.93013],[85.862046,30.93013],[85.870877,30.931896],[85.878236,30.936312],[85.873232,30.926009],[85.876764,30.916589],[85.885889,30.913646],[85.898841,30.922477],[85.902963,30.933957],[85.900019,30.944554],[85.89472,30.955445],[85.891777,30.966926],[85.880591,30.984293],[85.854393,30.992241],[85.802879,30.996951],[85.783745,31.005487]],[[87.152538,31.14796],[87.140175,31.143838],[87.133993,31.136185],[87.129284,31.12706],[87.122219,31.117934],[87.113388,31.112047],[87.096903,31.104982],[87.060991,31.069659],[87.045978,31.060533],[86.982985,31.039045],[86.971799,31.025504],[86.967972,31.000777],[86.970033,30.989297],[86.979158,30.973696],[86.981218,30.963688],[86.979747,30.957212],[86.967972,30.936312],[86.962379,30.919533],[86.971504,30.908053],[86.988872,30.902165],[87.0083,30.902165],[87.02655,30.908936],[87.041563,30.920416],[87.06364,30.943082],[87.11957,30.987825],[87.15401,31.004015],[87.194044,31.011375],[87.277349,30.998717],[87.308257,31.010197],[87.303253,31.05965],[87.291184,31.072897],[87.242908,31.107337],[87.224658,31.114402],[87.208173,31.119995],[87.169317,31.143838],[87.152538,31.14796]],[[86.625627,31.32811],[86.630336,31.307211],[86.631514,31.29573],[86.629748,31.284544],[86.620622,31.265705],[86.615029,31.211248],[86.605021,31.169742],[86.574996,31.112636],[86.570875,31.08997],[86.565576,31.082022],[86.552919,31.075252],[86.529369,31.066126],[86.519067,31.05965],[86.513768,31.054057],[86.501405,31.03875],[86.454012,30.999894],[86.446653,30.987531],[86.442238,30.950147],[86.433112,30.908936],[86.426636,30.89304],[86.421632,30.885092],[86.416039,30.878028],[86.406325,30.875673],[86.389841,30.874201],[86.376006,30.871257],[86.374828,30.864193],[86.408091,30.80061],[86.412507,30.784714],[86.429874,30.770585],[86.451069,30.769113],[86.47344,30.780887],[86.514946,30.813562],[86.524954,30.824159],[86.529369,30.836522],[86.527309,30.849769],[86.520833,30.869491],[86.521716,30.88156],[86.529664,30.894218],[86.552035,30.913646],[86.559689,30.936312],[86.567342,30.94632],[86.583827,30.963688],[86.59619,30.980466],[86.606787,31.001955],[86.609142,31.026387],[86.597368,31.052291],[86.614146,31.078784],[86.634752,31.099389],[86.659184,31.113519],[86.686854,31.121172],[86.748671,31.119406],[86.773986,31.122939],[86.796063,31.141778],[86.77899,31.180928],[86.768982,31.223611],[86.766333,31.291904],[86.761917,31.313098],[86.734247,31.34695],[86.689798,31.368438],[86.647704,31.368733],[86.625627,31.339885],[86.625627,31.32811]],[[84.128536,31.209776],[84.09645,31.203889],[84.06878,31.183283],[84.044347,31.205361],[84.013145,31.207715],[83.948385,31.196235],[83.943086,31.187699],[83.925424,31.141778],[83.930723,31.126177],[83.958982,31.086437],[83.964575,31.067598],[83.965752,31.05965],[83.977821,31.065243],[84.02021,31.074957],[84.031395,31.078784],[84.037871,31.079667],[84.045231,31.077606],[84.050235,31.072897],[84.05465,31.066126],[84.099394,31.067009],[84.127064,31.071425],[84.150613,31.079667],[84.175634,31.065538],[84.203893,31.073485],[84.260705,31.107043],[84.291319,31.118523],[84.303388,31.126765],[84.312808,31.146782],[84.322227,31.158851],[84.329881,31.172097],[84.329586,31.183283],[84.31634,31.190348],[84.295734,31.19182],[84.257173,31.189465],[84.240983,31.191525],[84.210663,31.200356],[84.128536,31.209776]],[[83.500363,31.339885],[83.486527,31.347244],[83.467394,31.351071],[83.449143,31.348421],[83.37408,31.316041],[83.358185,31.30515],[83.331986,31.281601],[83.324627,31.271592],[83.32816,31.265411],[83.349354,31.265411],[83.358479,31.267766],[83.375552,31.276302],[83.386738,31.278363],[83.394686,31.274242],[83.39763,31.264822],[83.397924,31.255697],[83.397335,31.251576],[83.405872,31.245688],[83.414703,31.244511],[83.421767,31.242745],[83.427066,31.224789],[83.432953,31.218901],[83.441784,31.216252],[83.451793,31.216841],[83.462978,31.215663],[83.489765,31.216841],[83.499185,31.21949],[83.499479,31.22626],[83.497419,31.235386],[83.499774,31.244217],[83.527738,31.263939],[83.539513,31.27748],[83.541279,31.298674],[83.533331,31.312509],[83.51773,31.327227],[83.500363,31.339885]],[[83.972228,31.250693],[83.982531,31.252164],[83.993423,31.255697],[84.003431,31.257757],[84.024625,31.264528],[84.030512,31.281012],[84.031984,31.301618],[84.040815,31.320457],[84.060243,31.328993],[84.099982,31.321634],[84.120293,31.330171],[84.126475,31.34224],[84.122943,31.354014],[84.109991,31.375209],[84.108519,31.383451],[84.109991,31.408766],[84.099688,31.449977],[84.078199,31.491482],[84.048763,31.514149],[84.014322,31.497958],[83.998721,31.457631],[83.996661,31.45557],[83.994306,31.452332],[83.993128,31.446445],[83.995483,31.443501],[83.999899,31.441735],[84.004608,31.438791],[84.006963,31.432904],[84.014617,31.418186],[84.033456,31.403762],[84.056122,31.396403],[84.07555,31.40229],[84.090857,31.389632],[84.08497,31.381685],[84.067602,31.379035],[84.048469,31.38139],[84.01756,31.392282],[84.010496,31.391693],[83.976349,31.375209],[83.957216,31.360785],[83.973406,31.331643],[83.98312,31.308682],[83.944852,31.313098],[83.944558,31.302206],[83.946913,31.293964],[83.951328,31.288077],[83.958982,31.285133],[83.962809,31.276302],[83.960159,31.260701],[83.962514,31.254814],[83.972228,31.250693]],[[83.261633,31.537109],[83.247209,31.54594],[83.226015,31.549472],[83.21689,31.553299],[83.212769,31.563013],[83.209531,31.568017],[83.201289,31.57361],[83.19128,31.578026],[83.14065,31.586856],[83.138,31.593332],[83.135645,31.60599],[83.130641,31.615115],[83.11975,31.611289],[83.10827,31.60393],[83.10091,31.600692],[83.095612,31.600397],[83.089136,31.605696],[83.09208,31.610111],[83.102382,31.614821],[83.11033,31.623358],[83.120339,31.631894],[83.125048,31.642197],[83.115923,31.655738],[83.097967,31.659564],[83.072652,31.65456],[83.050574,31.643963],[83.041155,31.631894],[83.034679,31.619825],[83.018783,31.623652],[82.99906,31.634249],[82.979632,31.641314],[82.958144,31.643374],[82.941659,31.641903],[82.928413,31.634838],[82.917522,31.621003],[82.923703,31.619531],[82.941659,31.617765],[82.945781,31.613055],[82.949313,31.60393],[82.951668,31.600397],[82.954023,31.595393],[82.952845,31.590978],[82.954023,31.588034],[82.961971,31.586856],[82.965209,31.58509],[82.967858,31.581264],[82.972273,31.573021],[82.957261,31.579203],[82.939599,31.581264],[82.838632,31.579792],[82.823325,31.57361],[82.822148,31.559481],[82.832745,31.545351],[82.866008,31.533871],[82.878077,31.523568],[82.891912,31.514149],[82.910751,31.512382],[82.939599,31.499725],[82.94843,31.497958],[82.958733,31.501491],[82.970507,31.519153],[82.979632,31.525334],[82.995234,31.523568],[83.01319,31.517975],[83.027908,31.518564],[83.03409,31.535343],[83.042921,31.53652],[83.06176,31.530927],[83.080894,31.518858],[83.08943,31.501491],[83.097378,31.490894],[83.133585,31.462046],[83.144182,31.449683],[83.178328,31.463812],[83.190103,31.459691],[83.21012,31.459397],[83.230136,31.461457],[83.240145,31.463812],[83.248976,31.459397],[83.253097,31.459102],[83.25604,31.462929],[83.260161,31.471466],[83.285771,31.456159],[83.316385,31.443795],[83.348176,31.436142],[83.37673,31.436436],[83.364072,31.451449],[83.324038,31.474704],[83.305788,31.502963],[83.261633,31.537109]],[[88.142191,31.752878],[88.09833,31.73816],[88.08479,31.751112],[88.110105,31.760531],[88.108044,31.781137],[88.088028,31.794678],[88.040635,31.772011],[88.01061,31.766419],[87.979113,31.766124],[87.954386,31.772306],[87.939962,31.769362],[87.929071,31.764358],[87.906699,31.751112],[87.869021,31.734922],[87.851947,31.723147],[87.844588,31.707251],[87.84606,31.695477],[87.851359,31.674871],[87.851359,31.663097],[87.846943,31.648379],[87.840762,31.643374],[87.83458,31.642786],[87.830753,31.641314],[87.821628,31.62012],[87.832814,31.617765],[87.875202,31.628362],[87.898751,31.630128],[87.918768,31.634543],[87.997069,31.661919],[88.086261,31.677521],[88.125706,31.689884],[88.143368,31.698126],[88.162502,31.711372],[88.172804,31.728151],[88.163385,31.748168],[88.142191,31.752878]],[[88.280542,31.826469],[88.265529,31.820876],[88.221374,31.833239],[88.199003,31.839126],[88.177809,31.832062],[88.158969,31.817638],[88.143074,31.80292],[88.135126,31.78673],[88.151021,31.779665],[88.206656,31.779959],[88.216076,31.78202],[88.224907,31.785847],[88.250811,31.803508],[88.259347,31.805275],[88.26288,31.795855],[88.268473,31.791145],[88.296732,31.781137],[88.307918,31.779076],[88.31822,31.781431],[88.33912,31.790851],[88.352366,31.792323],[88.345007,31.803214],[88.335588,31.806452],[88.328229,31.810573],[88.324991,31.823231],[88.319986,31.834122],[88.307918,31.843836],[88.294082,31.851195],[88.283485,31.855022],[88.280542,31.826469]],[[87.539038,31.979244],[87.499888,31.962465],[87.418938,31.912718],[87.409224,31.877099],[87.417466,31.843542],[87.447197,31.833239],[87.463092,31.839126],[87.481343,31.841187],[87.519022,31.840598],[87.538155,31.843542],[87.555228,31.850901],[87.570535,31.861498],[87.597617,31.887108],[87.610863,31.903887],[87.617045,31.922137],[87.606153,31.944214],[87.606153,31.953634],[87.604976,31.957461],[87.601444,31.958638],[87.592024,31.958638],[87.580838,31.965114],[87.557289,31.97424],[87.539038,31.979244]],[[78.855885,33.730416],[78.840284,33.732477],[78.833514,33.735715],[78.820856,33.74484],[78.813497,33.746017],[78.805255,33.742485],[78.792597,33.728944],[78.785532,33.725117],[78.75904,33.728944],[78.729014,33.744545],[78.679561,33.783107],[78.641588,33.824318],[78.637467,33.831972],[78.618334,33.846101],[78.61068,33.869945],[78.60126,33.874949],[78.589191,33.87907],[78.576534,33.886429],[78.559461,33.905857],[78.551807,33.907918],[78.545331,33.896437],[78.511185,33.937943],[78.505003,33.949129],[78.502648,33.95531],[78.501765,33.973561],[78.49735,33.977682],[78.488225,33.979154],[78.473506,33.978859],[78.464675,33.975033],[78.456728,33.968851],[78.447897,33.967674],[78.435533,33.978859],[78.435533,33.951483],[78.456728,33.92087],[78.486458,33.893199],[78.563582,33.839919],[78.576534,33.834915],[78.590958,33.826967],[78.605382,33.809011],[78.628048,33.773393],[78.656307,33.738364],[78.69163,33.703629],[78.727543,33.678019],[78.758157,33.669777],[78.776407,33.677136],[78.799956,33.690088],[78.8238,33.698919],[78.861773,33.689499],[78.928888,33.704512],[78.948316,33.706573],[78.970393,33.711577],[78.984817,33.720996],[78.980401,33.735715],[78.962445,33.74013],[78.913286,33.734243],[78.895625,33.746017],[78.880023,33.737186],[78.868249,33.731888],[78.855885,33.730416]],[[81.632917,34.095428],[81.595532,34.088068],[81.591411,34.110146],[81.573161,34.121037],[81.554027,34.122215],[81.532833,34.119565],[81.505163,34.111912],[81.486323,34.10102],[81.492505,34.088068],[81.499864,34.088363],[81.522824,34.096311],[81.53401,34.094839],[81.539898,34.088952],[81.539309,34.082476],[81.533127,34.077177],[81.523119,34.075116],[81.508989,34.067757],[81.493977,34.050684],[81.456298,33.991811],[81.451294,33.98563],[81.440697,33.983569],[81.426862,33.984158],[81.415087,33.981214],[81.409789,33.968262],[81.416265,33.950012],[81.430394,33.955605],[81.454826,33.978859],[81.476904,33.982686],[81.495154,33.991517],[81.540192,34.02272],[81.548434,34.026252],[81.560797,34.026546],[81.569628,34.02272],[81.574338,34.015655],[81.580225,34.009179],[81.592,34.006235],[81.607307,33.998287],[81.621731,33.982686],[81.639393,33.972089],[81.663825,33.978859],[81.658526,33.958254],[81.652639,33.945302],[81.650873,33.931761],[81.657349,33.909978],[81.682958,33.924991],[81.691495,33.9506],[81.694733,33.981509],[81.704741,34.012417],[81.717105,34.026841],[81.729174,34.030373],[81.740948,34.02478],[81.752428,34.012417],[81.768324,33.984158],[81.776566,33.979742],[81.797172,33.978859],[81.809241,33.987396],[81.814539,34.006235],[81.811007,34.025075],[81.797172,34.033611],[81.778627,34.037732],[81.751545,34.056571],[81.70062,34.068935],[81.667063,34.08483],[81.632917,34.095428]],[[82.322023,34.25409],[82.295236,34.276461],[82.191325,34.32091],[82.18897,34.289413],[82.211636,34.255856],[82.244016,34.229363],[82.28405,34.211113],[82.306716,34.178144],[82.317608,34.17049],[82.338213,34.166369],[82.353226,34.155478],[82.367061,34.141937],[82.382956,34.128985],[82.398263,34.122215],[82.422107,34.114561],[82.445067,34.111029],[82.458314,34.116033],[82.45537,34.131634],[82.43918,34.144586],[82.419752,34.153712],[82.407094,34.15695],[82.37913,34.166958],[82.357052,34.191096],[82.322023,34.25409]],[[87.289418,34.627344],[87.286768,34.625577],[87.268518,34.609976],[87.214649,34.61969],[87.191983,34.615863],[87.180797,34.589665],[87.194044,34.597024],[87.191394,34.590842],[87.189334,34.583778],[87.188745,34.576713],[87.190511,34.572297],[87.198165,34.569354],[87.202875,34.575535],[87.20729,34.584072],[87.214649,34.589665],[87.244969,34.591725],[87.282059,34.589665],[87.298543,34.5826],[87.311201,34.574358],[87.324447,34.569943],[87.344169,34.575535],[87.353295,34.582306],[87.360948,34.593492],[87.364186,34.607621],[87.358888,34.622339],[87.348585,34.627344],[87.338282,34.627638],[87.313261,34.6244],[87.300309,34.629993],[87.29295,34.631465],[87.289418,34.627344]],[[81.101001,35.105685],[81.09423,35.105685],[81.08746,35.08714],[81.074508,35.080664],[81.057435,35.081547],[81.03889,35.085374],[81.018284,35.086552],[80.967065,35.078604],[80.952052,35.071539],[80.937628,35.054466],[80.927031,35.032977],[80.922616,35.012961],[80.929092,34.997654],[80.945282,34.988234],[80.965593,34.983524],[80.984138,34.982347],[81.017696,34.991472],[81.060084,35.008839],[81.101589,35.020908],[81.13132,35.012961],[81.146627,35.007073],[81.206677,35.016493],[81.224928,35.014727],[81.229638,35.018553],[81.240824,35.037393],[81.242884,35.044163],[81.244062,35.051228],[81.244062,35.058881],[81.230815,35.070362],[81.185777,35.090967],[81.176063,35.102742],[81.164289,35.103625],[81.138385,35.097443],[81.112481,35.094499],[81.101001,35.105685]],[[90.236591,28.59229],[90.240712,28.591113],[90.243656,28.589347],[90.254253,28.572568],[90.258669,28.568152],[90.271621,28.558733],[90.272504,28.557261],[90.272798,28.5552],[90.273681,28.552257],[90.27633,28.549019],[90.282512,28.543426],[90.287222,28.54166],[90.30194,28.538422],[90.311654,28.532534],[90.317247,28.533712],[90.323429,28.538127],[90.335203,28.551374],[90.341679,28.553434],[90.346978,28.551079],[90.35051,28.544309],[90.352276,28.538127],[90.354631,28.53695],[90.366406,28.545781],[90.369938,28.546369],[90.372588,28.544898],[90.377886,28.537538],[90.381713,28.535478],[90.386128,28.535184],[90.392016,28.535772],[90.396137,28.535184],[90.396137,28.531946],[90.393193,28.527824],[90.389366,28.524292],[90.389955,28.521054],[90.396725,28.517227],[90.406439,28.514578],[90.414976,28.513401],[90.421158,28.514578],[90.42675,28.517522],[90.440586,28.530474],[90.446179,28.53224],[90.451477,28.531651],[90.459719,28.523409],[90.465312,28.520465],[90.472377,28.519288],[90.510056,28.523703],[90.524479,28.522232],[90.529189,28.523998],[90.532133,28.527236],[90.534193,28.531062],[90.532427,28.564326],[90.530661,28.568447],[90.527423,28.572273],[90.523302,28.574923],[90.519181,28.5761],[90.514471,28.578161],[90.499753,28.593173],[90.457659,28.619666],[90.437053,28.625848],[90.404968,28.628203],[90.39702,28.626436],[90.385834,28.615839],[90.379652,28.615839],[90.373176,28.618783],[90.366406,28.623198],[90.358164,28.625848],[90.348155,28.625259],[90.330199,28.620843],[90.265733,28.62467],[90.248955,28.625259],[90.241007,28.620549],[90.233059,28.597294],[90.233353,28.594056],[90.236591,28.59229]],[[90.951896,28.94435],[90.953074,28.953181],[90.969852,28.960245],[90.978978,28.957596],[90.991341,28.950531],[91.004882,28.944644],[91.017539,28.946705],[91.022838,28.957302],[91.013418,28.967604],[90.963376,28.993803],[90.953662,29.001751],[90.941888,29.015586],[90.94542,29.024417],[90.932762,29.028243],[90.898027,29.028538],[90.88537,29.0253],[90.874184,29.020001],[90.861821,29.019118],[90.846219,29.028538],[90.844748,29.024417],[90.839449,29.015586],[90.846219,29.015586],[90.823259,28.992625],[90.818255,28.980851],[90.832384,28.974375],[90.832384,28.967016],[90.782342,28.986149],[90.759088,28.99969],[90.743192,29.015586],[90.759382,29.014114],[90.773806,29.016469],[90.784697,29.023239],[90.791468,29.035308],[90.781165,29.034131],[90.763209,29.029715],[90.753789,29.028538],[90.743781,29.031776],[90.736422,29.038841],[90.730829,29.045905],[90.726119,29.048849],[90.719937,29.056797],[90.715816,29.11096],[90.722586,29.107722],[90.729357,29.103601],[90.73701,29.11096],[90.731712,29.115964],[90.722586,29.130977],[90.738188,29.134803],[90.741131,29.142162],[90.734067,29.148933],[90.701981,29.155114],[90.68844,29.162473],[90.675783,29.171304],[90.661064,29.179252],[90.606607,29.194559],[90.548323,29.199858],[90.520947,29.193382],[90.473849,29.165123],[90.44559,29.158941],[90.423512,29.147461],[90.400846,29.125384],[90.380535,29.111843],[90.366406,29.124795],[90.361107,29.111548],[90.369349,29.105661],[90.381418,29.099774],[90.387306,29.086822],[90.390544,29.077697],[90.396725,29.078874],[90.399669,29.086528],[90.39437,29.097419],[90.435876,29.130977],[90.460602,29.145989],[90.502402,29.157764],[90.545674,29.181902],[90.572461,29.186317],[90.583647,29.183668],[90.603663,29.174542],[90.628684,29.169244],[90.63781,29.155114],[90.650762,29.152171],[90.656649,29.139807],[90.66548,29.11302],[90.665774,29.086822],[90.647524,29.076225],[90.678432,29.041195],[90.690501,29.022062],[90.695211,28.998218],[90.694622,28.982028],[90.691089,28.979085],[90.68373,28.979085],[90.671073,28.970842],[90.661653,28.966427],[90.648701,28.965838],[90.623386,28.967016],[90.609845,28.964955],[90.600425,28.959068],[90.59601,28.950531],[90.599248,28.93964],[90.606607,28.934341],[90.629273,28.930515],[90.640164,28.926099],[90.641342,28.919623],[90.630745,28.915208],[90.58659,28.907849],[90.586296,28.905788],[90.580703,28.896957],[90.573049,28.891953],[90.563335,28.890481],[90.551855,28.891953],[90.558626,28.876057],[90.553621,28.845443],[90.56569,28.836612],[90.559803,28.833963],[90.549795,28.826015],[90.544496,28.823072],[90.547145,28.819245],[90.551855,28.809531],[90.533016,28.807765],[90.524774,28.813063],[90.523008,28.823366],[90.524185,28.836612],[90.530367,28.853391],[90.531544,28.861045],[90.529189,28.867815],[90.524774,28.871053],[90.520064,28.871347],[90.517709,28.867815],[90.515943,28.860456],[90.510939,28.854274],[90.504168,28.850448],[90.496809,28.851036],[90.490333,28.856335],[90.491805,28.862222],[90.495632,28.867521],[90.496809,28.870759],[90.493277,28.877235],[90.492982,28.88165],[90.490333,28.884299],[90.48003,28.885182],[90.471788,28.887243],[90.459131,28.896074],[90.45236,28.898135],[90.437348,28.893719],[90.437642,28.882533],[90.444707,28.868109],[90.448828,28.85398],[90.456187,28.846032],[90.491216,28.833374],[90.50358,28.823072],[90.505051,28.814535],[90.502402,28.806293],[90.498575,28.798639],[90.496809,28.792163],[90.499753,28.785687],[90.507406,28.782155],[90.514765,28.781861],[90.517709,28.785099],[90.523891,28.786276],[90.553621,28.785393],[90.56569,28.788337],[90.56569,28.782155],[90.582763,28.780683],[90.593066,28.785687],[90.597776,28.796579],[90.599248,28.812769],[90.604252,28.8216],[90.680198,28.878706],[90.682259,28.88842],[90.647524,28.891953],[90.656649,28.905788],[90.67225,28.910203],[90.689323,28.90932],[90.702275,28.905788],[90.701981,28.903139],[90.719643,28.88636],[90.722586,28.885182],[90.728474,28.878706],[90.733772,28.874291],[90.735244,28.868109],[90.729357,28.857218],[90.766152,28.87223],[90.764386,28.896957],[90.722586,28.952886],[90.725824,28.961128],[90.729357,28.974375],[90.749374,28.967899],[90.759382,28.963189],[90.763503,28.956419],[90.761443,28.948765],[90.756733,28.94435],[90.752023,28.940523],[90.749962,28.936402],[90.757616,28.922567],[90.775278,28.925216],[90.794117,28.937874],[90.805303,28.952886],[90.80648,28.945821],[90.810601,28.933753],[90.811484,28.926099],[90.833562,28.936696],[90.844748,28.939934],[90.85976,28.93964],[90.853873,28.931986],[90.851224,28.925805],[90.851224,28.919329],[90.85299,28.911675],[90.867119,28.919034],[90.877716,28.927277],[90.884487,28.937874],[90.887136,28.952886],[90.893906,28.952886],[90.895084,28.941995],[90.899205,28.935813],[90.905387,28.93493],[90.915101,28.93964],[91.002232,28.876057],[91.017539,28.870759],[91.041972,28.874585],[91.02431,28.891953],[90.969852,28.926099],[90.95955,28.934636],[90.951896,28.94435]],[[90.512116,30.567768],[90.523008,30.558643],[90.535076,30.565119],[90.555388,30.579248],[90.590711,30.582486],[90.633394,30.593083],[90.798827,30.657843],[90.864176,30.714361],[90.846219,30.784714],[90.977506,30.784714],[90.995168,30.787952],[91.007531,30.800315],[91.030491,30.862132],[91.03108,30.874201],[91.025487,30.88627],[91.007531,30.906581],[91.003704,30.912174],[90.998111,30.926303],[90.984276,30.933368],[90.967792,30.936017],[90.952779,30.936312],[90.938944,30.932191],[90.933057,30.922182],[90.92923,30.894806],[90.917455,30.901282],[90.905975,30.913646],[90.894789,30.922477],[90.884192,30.918944],[90.88066,30.904815],[90.889491,30.871257],[90.887136,30.86066],[90.875361,30.863309],[90.845336,30.887447],[90.839449,30.885092],[90.832679,30.880383],[90.80442,30.901577],[90.797944,30.898339],[90.792056,30.889802],[90.77881,30.888036],[90.762914,30.890685],[90.749962,30.894806],[90.747313,30.898044],[90.746724,30.902754],[90.743486,30.90717],[90.733184,30.908936],[90.718465,30.908347],[90.711401,30.90923],[90.705513,30.912174],[90.67019,30.888036],[90.658121,30.865664],[90.68167,30.840055],[90.623386,30.840055],[90.611611,30.835934],[90.595127,30.817094],[90.582763,30.812679],[90.521241,30.813856],[90.496809,30.819449],[90.479736,30.829163],[90.438525,30.878028],[90.428222,30.883326],[90.417331,30.881266],[90.400552,30.874201],[90.38083,30.875084],[90.359635,30.88156],[90.314598,30.887447],[90.284867,30.869785],[90.271915,30.835639],[90.277508,30.792368],[90.301057,30.736438],[90.304295,30.713478],[90.298702,30.695522],[90.277802,30.646363],[90.277508,30.627818],[90.284867,30.623403],[90.315186,30.614277],[90.315775,30.610451],[90.301646,30.591906],[90.298113,30.583075],[90.306944,30.565119],[90.324606,30.552167],[90.337558,30.539803],[90.33226,30.524202],[90.326667,30.518609],[90.325489,30.515665],[90.325489,30.51125],[90.337558,30.50448],[90.361107,30.510956],[90.384068,30.523319],[90.39437,30.535093],[90.399375,30.542158],[90.410855,30.544807],[90.435287,30.545691],[90.498575,30.566296],[90.512116,30.567768]],[[88.12865,31.298968],[88.109516,31.308682],[88.043873,31.317219],[88.03151,31.31192],[88.04299,31.292492],[88.052998,31.287194],[88.067128,31.282484],[88.079491,31.276891],[88.103923,31.242745],[88.108633,31.238035],[88.123646,31.231265],[88.173393,31.183283],[88.181047,31.169154],[88.189583,31.165327],[88.215193,31.169742],[88.245218,31.171214],[88.256698,31.168565],[88.346774,31.115579],[88.359137,31.103805],[88.363847,31.069659],[88.377387,31.047287],[88.399759,31.035512],[88.44568,31.030214],[88.457749,31.024621],[88.465697,31.015201],[88.468346,31.000777],[88.473056,30.994596],[88.509263,30.983999],[88.518388,30.987237],[88.539876,30.990475],[88.547236,30.994007],[88.574611,31.021972],[88.580793,31.035512],[88.576378,31.052586],[88.566664,31.068481],[88.557244,31.079667],[88.536344,31.095857],[88.460987,31.135008],[88.159852,31.278363],[88.12865,31.298968]],[[90.568928,31.352543],[90.560392,31.349599],[90.556271,31.34224],[90.551855,31.326639],[90.550383,31.310154],[90.557743,31.285722],[90.558626,31.271298],[90.553621,31.260112],[90.535371,31.240684],[90.516826,31.183283],[90.520947,31.175924],[90.52183,31.170037],[90.555388,31.138246],[90.567162,31.135596],[90.584235,31.139129],[90.599837,31.14531],[90.606607,31.151786],[90.609256,31.161795],[90.627212,31.2033],[90.619853,31.220962],[90.627507,31.249515],[90.616321,31.268354],[90.612494,31.28219],[90.617498,31.30044],[90.633394,31.333409],[90.626918,31.34695],[90.615438,31.353131],[90.601308,31.354898],[90.586296,31.354014],[90.568928,31.352543]],[[88.701482,31.673399],[88.69118,31.676049],[88.681466,31.67075],[88.685587,31.658093],[88.701777,31.635132],[88.674106,31.634249],[88.645553,31.626301],[88.621121,31.612466],[88.604931,31.594216],[88.628186,31.591861],[88.669691,31.582147],[88.69118,31.579792],[88.70472,31.570372],[88.720322,31.549178],[88.729741,31.527984],[88.725326,31.518564],[88.701777,31.518858],[88.69118,31.520625],[88.680582,31.525334],[88.671752,31.533282],[88.667925,31.541524],[88.665276,31.550061],[88.660271,31.559481],[88.648497,31.567428],[88.629658,31.574493],[88.610524,31.573904],[88.598749,31.559481],[88.634073,31.559186],[88.639372,31.556243],[88.642021,31.546823],[88.648202,31.534165],[88.655856,31.523274],[88.677639,31.509439],[88.687942,31.488244],[88.693535,31.463224],[88.694123,31.443501],[88.691474,31.43467],[88.697656,31.429372],[88.708253,31.424956],[88.718555,31.419069],[88.720616,31.410238],[88.712963,31.399346],[88.694123,31.38139],[88.703249,31.369321],[88.707958,31.348716],[88.714729,31.339885],[88.732391,31.381685],[88.739161,31.391693],[88.744754,31.404645],[88.740927,31.41848],[88.728269,31.443501],[88.726798,31.475292],[88.736217,31.493837],[88.754762,31.502668],[88.780372,31.504729],[88.799506,31.517681],[88.810103,31.54594],[88.814224,31.573904],[88.814813,31.586856],[88.830708,31.597454],[88.833063,31.621886],[88.827176,31.64779],[88.818345,31.663097],[88.770364,31.650439],[88.742693,31.647495],[88.725326,31.652205],[88.710902,31.666923],[88.701482,31.673399]],[[89.269605,31.879454],[89.241641,31.88387],[89.205728,31.893584],[89.191304,31.895939],[89.178647,31.900943],[89.155392,31.924198],[89.136553,31.929496],[89.0662,31.91625],[89.029993,31.916839],[89.009682,31.936855],[88.927554,31.90212],[88.865149,31.883281],[88.845721,31.874156],[88.838362,31.881515],[88.831886,31.874156],[88.824527,31.881515],[88.80451,31.866502],[88.798328,31.849429],[88.805393,31.833239],[88.824527,31.819404],[88.806865,31.813517],[88.787142,31.80969],[88.76742,31.810868],[88.749464,31.819404],[88.7371,31.835594],[88.738572,31.848252],[88.745343,31.859732],[88.749464,31.870918],[88.730624,31.882692],[88.687353,31.887108],[88.638783,31.886225],[88.604931,31.881515],[88.585797,31.875922],[88.571373,31.869152],[88.561659,31.85826],[88.557244,31.840598],[88.558716,31.818521],[88.568724,31.816166],[88.584325,31.818521],[88.601693,31.809984],[88.60552,31.800859],[88.602576,31.793794],[88.601987,31.787024],[88.61229,31.779076],[88.618472,31.779665],[88.650263,31.786141],[88.648202,31.77731],[88.646731,31.756999],[88.648202,31.734333],[88.653795,31.717848],[88.653795,31.72403],[88.667925,31.71461],[88.683526,31.710784],[88.718555,31.710195],[88.734451,31.708134],[88.76271,31.698715],[88.780372,31.696654],[88.787142,31.70107],[88.811869,31.722558],[88.824527,31.7308],[88.840717,31.73551],[88.85985,31.737865],[88.87869,31.736688],[88.893702,31.7308],[88.915779,31.740809],[88.937857,31.735805],[88.980245,31.709901],[88.95964,31.702836],[88.945216,31.686057],[88.924316,31.652205],[88.925493,31.639548],[88.941095,31.622769],[88.960817,31.607756],[88.975241,31.600397],[89.051481,31.61541],[89.064139,31.611289],[89.070909,31.597454],[89.087688,31.578909],[89.107999,31.563896],[89.12625,31.559481],[89.137141,31.569783],[89.146267,31.588623],[89.158335,31.606579],[89.177469,31.614821],[89.188361,31.622474],[89.225156,31.661625],[89.235459,31.676049],[89.242524,31.717848],[89.241641,31.763475],[89.248411,31.80292],[89.276964,31.827058],[89.269899,31.792028],[89.296981,31.777899],[89.331127,31.783197],[89.345257,31.806452],[89.342607,31.816166],[89.338486,31.818521],[89.332893,31.819993],[89.325534,31.827058],[89.31111,31.855022],[89.299925,31.864736],[89.285795,31.873273],[89.269605,31.879454]],[[91.421113,32.047536],[91.424056,32.012507],[91.431415,31.980716],[91.442601,31.964231],[91.454081,31.958638],[91.463501,31.952457],[91.467622,31.943331],[91.463207,31.929496],[91.506184,31.942154],[91.518253,31.950396],[91.511482,31.971296],[91.516192,31.999261],[91.532088,32.046653],[91.534443,32.067553],[91.533854,32.094046],[91.527084,32.119067],[91.510894,32.135551],[91.483812,32.135257],[91.455847,32.118772],[91.433476,32.095223],[91.421996,32.07344],[91.421113,32.047536]],[[90.842393,32.149386],[90.836211,32.140261],[90.828852,32.132313],[90.799121,32.12466],[90.79029,32.114946],[90.784697,32.103465],[90.777044,32.094046],[90.741131,32.076384],[90.729357,32.06667],[90.761148,32.050186],[90.852695,32.046064],[90.880954,32.025459],[90.880954,32.032524],[90.888019,32.024576],[90.897733,32.020455],[90.910096,32.018983],[90.925403,32.018689],[90.941888,32.023398],[90.946009,32.03429],[90.934823,32.111119],[90.923637,32.133196],[90.904798,32.142322],[90.892435,32.144971],[90.868297,32.155274],[90.85299,32.155274],[90.842393,32.149386]],[[89.987559,32.514103],[89.969014,32.497913],[89.955474,32.492026],[89.927215,32.483784],[89.914557,32.478191],[89.903371,32.46936],[89.898661,32.46259],[89.894246,32.458469],[89.883943,32.456997],[89.876584,32.451993],[89.87364,32.440218],[89.872757,32.412842],[89.879528,32.410193],[89.940167,32.408721],[89.986382,32.41608],[90.002866,32.405189],[90.01258,32.401068],[90.016996,32.406072],[90.019351,32.409899],[90.03819,32.423439],[90.05644,32.422556],[90.0638,32.447577],[90.060562,32.477308],[90.047904,32.491732],[90.039956,32.49703],[90.024649,32.520579],[90.014052,32.525878],[89.999334,32.522346],[89.987559,32.514103]],[[89.847442,33.509349],[89.84597,33.499635],[89.846264,33.488449],[89.84391,33.475497],[89.838022,33.470198],[89.830074,33.46696],[89.821832,33.461367],[89.788569,33.453419],[89.739116,33.464605],[89.692606,33.483445],[89.667585,33.499046],[89.661404,33.492275],[89.674356,33.478146],[89.728813,33.436935],[89.752657,33.430459],[89.806231,33.430165],[89.8183,33.423394],[89.788863,33.41162],[89.777383,33.383361],[89.777678,33.347743],[89.784154,33.313596],[89.790041,33.302116],[89.807408,33.286221],[89.811529,33.280039],[89.807703,33.271797],[89.798577,33.269736],[89.793573,33.266498],[89.800932,33.255901],[89.82507,33.242949],[89.843321,33.247364],[89.848325,33.260317],[89.832429,33.27268],[89.85274,33.282099],[89.870402,33.292991],[89.882471,33.308298],[89.887181,33.330964],[89.891597,33.343622],[89.902488,33.35834],[89.916912,33.370409],[89.93163,33.375707],[89.946937,33.38601],[89.949292,33.410442],[89.947231,33.437818],[89.948703,33.45754],[89.955768,33.464016],[89.964893,33.46696],[89.972841,33.471964],[89.976668,33.484916],[89.973135,33.492275],[89.956357,33.512587],[89.948703,33.519063],[89.929569,33.525244],[89.863043,33.519063],[89.852152,33.516413],[89.847442,33.509349]],[[90.343151,33.383066],[90.347567,33.401317],[90.352865,33.409853],[90.364051,33.414563],[90.400258,33.420745],[90.407911,33.419862],[90.407028,33.49257],[90.402024,33.530543],[90.390838,33.546733],[90.378475,33.555564],[90.362285,33.593537],[90.356103,33.602073],[90.344034,33.608549],[90.336086,33.623856],[90.325489,33.656825],[90.341679,33.66389],[90.337558,33.670954],[90.318719,33.680668],[90.31607,33.689499],[90.298113,33.725117],[90.296936,33.632393],[90.293404,33.612965],[90.286928,33.599424],[90.277508,33.602073],[90.270149,33.602073],[90.293109,33.529071],[90.302823,33.479912],[90.294287,33.45754],[90.281923,33.453419],[90.207449,33.402789],[90.195969,33.398079],[90.181251,33.396607],[90.158879,33.398668],[90.137979,33.403672],[90.11914,33.413091],[90.091175,33.43458],[90.052908,33.453714],[90.023177,33.463428],[90.005515,33.473142],[89.994918,33.475202],[89.99639,33.45754],[90.0011,33.452242],[90.008165,33.450181],[90.014346,33.44606],[90.016996,33.433991],[90.014641,33.426044],[89.99639,33.403377],[90.085877,33.362461],[90.124144,33.357751],[90.160351,33.389837],[90.194497,33.360989],[90.213337,33.349803],[90.236003,33.341561],[90.290754,33.313596],[90.310771,33.319189],[90.314598,33.33273],[90.311654,33.34892],[90.311654,33.361872],[90.339619,33.375707],[90.343151,33.383066]],[[91.161483,33.910861],[91.181794,33.909978],[91.181794,33.902619],[91.163544,33.892905],[91.143527,33.873771],[91.134107,33.851988],[91.147943,33.834915],[91.167371,33.836093],[91.187093,33.840803],[91.205049,33.848456],[91.219473,33.858464],[91.232131,33.874066],[91.23949,33.890844],[91.242728,33.90674],[91.243317,33.920575],[91.236252,33.934116],[91.218884,33.942064],[91.198573,33.945596],[91.181794,33.944713],[91.164427,33.935293],[91.156479,33.921458],[91.161483,33.910861]],[[89.139791,34.615569],[89.124484,34.615863],[89.117124,34.611448],[89.112709,34.606149],[89.105644,34.602028],[89.064728,34.597613],[89.021456,34.599379],[88.933736,34.615569],[88.935796,34.61969],[88.923727,34.621456],[88.911364,34.620573],[88.900473,34.615569],[88.895763,34.637352],[88.876335,34.645594],[88.853374,34.642356],[88.838362,34.629993],[88.868092,34.587899],[88.888109,34.574652],[88.920784,34.581717],[88.916663,34.566704],[88.914013,34.513425],[88.941978,34.533736],[88.94551,34.512836],[88.96435,34.500767],[88.989076,34.49488],[89.029698,34.491053],[89.052364,34.493997],[89.070321,34.503711],[89.07768,34.523727],[89.07974,34.564644],[89.07768,34.568471],[89.08239,34.577302],[89.086511,34.58054],[89.105644,34.581717],[89.128016,34.579657],[89.163928,34.564644],[89.18424,34.561112],[89.189244,34.555519],[89.194837,34.543744],[89.204845,34.533736],[89.221918,34.533736],[89.229866,34.539329],[89.234281,34.547865],[89.235753,34.558168],[89.235459,34.568471],[89.229572,34.59202],[89.216914,34.599379],[89.170699,34.595847],[89.162457,34.598496],[89.151271,34.611153],[89.139791,34.615569]],[[90.442352,34.683567],[90.460308,34.68445],[90.460602,34.694164],[90.435287,34.705056],[90.449417,34.709471],[90.483268,34.71477],[90.490039,34.721834],[90.493866,34.737436],[90.499753,34.748622],[90.499164,34.757452],[90.483563,34.766578],[90.469433,34.76805],[90.451183,34.76805],[90.435287,34.769816],[90.428517,34.777175],[90.420274,34.78159],[90.38083,34.78424],[90.366406,34.787183],[90.366406,34.794542],[90.386423,34.803668],[90.424101,34.808966],[90.442057,34.815148],[90.452949,34.826039],[90.456187,34.837519],[90.460897,34.84635],[90.476204,34.849],[90.476204,34.846939],[90.476792,34.842229],[90.479736,34.837519],[90.486801,34.835459],[90.555388,34.835459],[90.580114,34.839286],[90.626918,34.854593],[90.653705,34.855181],[90.665774,34.851355],[90.689323,34.838108],[90.698743,34.835459],[90.733184,34.835459],[90.739071,34.840169],[90.733772,34.85106],[90.723764,34.86254],[90.715816,34.869016],[90.706396,34.870783],[90.684613,34.868722],[90.674899,34.869016],[90.668423,34.871666],[90.660181,34.87667],[90.649584,34.88138],[90.553327,34.896098],[90.531544,34.896687],[90.51035,34.890799],[90.50564,34.87196],[90.499164,34.864601],[90.486801,34.872843],[90.476498,34.883146],[90.469728,34.885795],[90.434698,34.881674],[90.428222,34.88344],[90.414093,34.890799],[90.406734,34.896981],[90.402907,34.902868],[90.398492,34.907578],[90.388778,34.909639],[90.362579,34.908461],[90.339619,34.904046],[90.319308,34.895215],[90.301057,34.879908],[90.292226,34.877847],[90.279568,34.880202],[90.268677,34.880497],[90.263967,34.872843],[90.266028,34.854298],[90.263967,34.84635],[90.256608,34.835459],[90.338441,34.813382],[90.352865,34.800724],[90.314009,34.798075],[90.297525,34.79101],[90.290754,34.777175],[90.29517,34.758924],[90.30665,34.747738],[90.322546,34.745384],[90.339619,34.753331],[90.414093,34.698285],[90.442352,34.683567]],[[90.39437,34.909933],[90.387894,34.909933],[90.388483,34.909639],[90.388778,34.909639],[90.39437,34.909933]],[[97.288378,35.030034],[97.263063,35.016493],[97.250111,35.013549],[97.162979,35.012961],[97.122946,35.027973],[97.113526,35.016493],[97.107344,34.998242],[97.095864,34.986173],[97.093804,35.000892],[97.085856,35.009723],[97.074376,35.012077],[97.061718,35.006779],[97.055831,34.997948],[97.056419,34.988234],[97.061718,34.972633],[97.06319,34.949378],[97.069371,34.935248],[97.083795,34.926123],[97.109699,34.917292],[97.248345,34.836048],[97.288378,34.835459],[97.304274,34.829277],[97.318109,34.835165],[97.342247,34.855181],[97.366679,34.864307],[97.378748,34.872843],[97.383752,34.886973],[97.396116,34.90905],[97.445863,34.93672],[97.452045,34.965274],[97.472062,34.956148],[97.486191,34.96704],[97.48678,34.983818],[97.466174,34.992355],[97.436738,34.994416],[97.413189,35.000008],[97.333122,35.030622],[97.317226,35.034155],[97.300742,35.034155],[97.288378,35.030034]],[[97.796451,34.925829],[97.794685,34.951438],[97.790564,34.961447],[97.788503,34.969983],[97.788503,34.978814],[97.792918,34.987351],[97.80587,35.000008],[97.808225,35.010017],[97.804399,35.020908],[97.771135,35.051228],[97.764071,35.06889],[97.768486,35.081253],[97.768486,35.087729],[97.746998,35.088612],[97.72963,35.085963],[97.692246,35.068301],[97.676939,35.058293],[97.650446,35.042397],[97.634551,35.025618],[97.64397,35.013549],[97.636317,35.007073],[97.631018,35.000008],[97.623953,34.986173],[97.632784,34.970572],[97.644559,34.967628],[97.6581,34.968806],[97.671935,34.965274],[97.636905,34.963507],[97.61159,34.957914],[97.591573,34.946434],[97.5536,34.906401],[97.545358,34.889328],[97.546241,34.870488],[97.565964,34.814853],[97.581271,34.79572],[97.60482,34.784534],[97.65545,34.780707],[97.672523,34.781885],[97.688419,34.786006],[97.698428,34.794542],[97.69725,34.799841],[97.681649,34.808672],[97.678705,34.815148],[97.681649,34.820446],[97.698428,34.842229],[97.712263,34.818386],[97.734929,34.808377],[97.754945,34.817208],[97.760833,34.849],[97.769958,34.835459],[97.779672,34.829572],[97.808225,34.821624],[97.845315,34.806611],[97.85709,34.808377],[97.850025,34.8281],[97.883583,34.821329],[97.901539,34.821624],[97.900656,34.831632],[97.867981,34.871666],[97.862977,34.879908],[97.855324,34.887267],[97.808225,34.903751],[97.800278,34.914643],[97.796451,34.925829]],[[90.481208,35.183692],[90.499753,35.173095],[90.517709,35.17074],[90.575993,35.188402],[90.643697,35.194583],[90.648995,35.204886],[90.642519,35.212539],[90.631039,35.217249],[90.619559,35.219015],[90.609551,35.216072],[90.597482,35.210184],[90.585707,35.206063],[90.575993,35.208418],[90.567457,35.214894],[90.560686,35.21666],[90.555388,35.211951],[90.551855,35.197821],[90.536843,35.211951],[90.529778,35.216955],[90.520947,35.219015],[90.492394,35.216955],[90.483563,35.219015],[90.467667,35.226963],[90.418214,35.263759],[90.406145,35.265231],[90.400258,35.263759],[90.39437,35.259932],[90.389661,35.280243],[90.380241,35.277888],[90.373765,35.266702],[90.377003,35.259932],[90.385834,35.252867],[90.39231,35.236972],[90.400552,35.205475],[90.383773,35.216366],[90.364934,35.263759],[90.356103,35.274356],[90.352865,35.276122],[90.344623,35.285247],[90.339619,35.287897],[90.333143,35.287602],[90.321957,35.282009],[90.315186,35.280538],[90.303706,35.276122],[90.295464,35.265231],[90.291049,35.251984],[90.290754,35.239621],[90.274564,35.244919],[90.264556,35.231673],[90.257785,35.211951],[90.250426,35.197821],[90.255136,35.196055],[90.258963,35.1937],[90.263673,35.19164],[90.270149,35.191051],[90.266911,35.183692],[90.261318,35.178393],[90.254547,35.177216],[90.2466,35.181337],[90.236591,35.189579],[90.230998,35.191345],[90.225405,35.190756],[90.20009,35.193111],[90.170654,35.198999],[90.154169,35.205475],[90.154169,35.211656],[90.187138,35.213422],[90.21157,35.223431],[90.213631,35.234322],[90.181251,35.239621],[90.165061,35.244036],[90.153286,35.252279],[90.141806,35.257577],[90.126205,35.252573],[90.118551,35.241387],[90.116196,35.228435],[90.110015,35.21931],[90.092058,35.219015],[90.098829,35.206358],[90.108543,35.200765],[90.120317,35.197527],[90.133564,35.191051],[90.145633,35.180454],[90.163883,35.158671],[90.17448,35.150134],[90.183311,35.156021],[90.19067,35.156316],[90.196852,35.152195],[90.201856,35.143364],[90.240124,35.161026],[90.354631,35.151017],[90.400552,35.164558],[90.422629,35.147191],[90.437936,35.165735],[90.455598,35.219015],[90.465901,35.199587],[90.481208,35.183692]],[[92.162027,35.161614],[92.1582,35.170151],[92.157906,35.176038],[92.162027,35.189579],[92.194113,35.178982],[92.234441,35.183986],[92.272119,35.199587],[92.298612,35.222842],[92.281539,35.236383],[92.258578,35.25375],[92.233852,35.264347],[92.213541,35.260815],[92.190875,35.253456],[92.164676,35.259049],[92.120816,35.278183],[92.095795,35.270823],[92.038688,35.271118],[91.994534,35.251395],[91.968041,35.243742],[91.944786,35.233734],[91.935661,35.21666],[91.963331,35.221665],[92.035745,35.211068],[92.062826,35.219898],[92.081666,35.217838],[92.111691,35.199882],[92.140538,35.177216],[92.155257,35.161614],[92.162027,35.161614]],[[89.335837,35.320277],[89.314054,35.351185],[89.309933,35.367081],[89.302574,35.379149],[89.280497,35.384154],[89.19572,35.375028],[89.1863,35.371496],[89.178647,35.366786],[89.173937,35.362371],[89.172759,35.3556],[89.173937,35.347064],[89.17688,35.341471],[89.180707,35.343237],[89.180118,35.338822],[89.181002,35.334112],[89.181002,35.330579],[89.177469,35.328813],[89.158041,35.329991],[89.153626,35.328813],[89.137436,35.312623],[89.135081,35.304381],[89.139791,35.294078],[89.157158,35.299966],[89.180413,35.299377],[89.203373,35.293784],[89.236048,35.274945],[89.284323,35.271412],[89.30434,35.266702],[89.290799,35.250512],[89.300219,35.24227],[89.319647,35.236972],[89.335543,35.229613],[89.353205,35.218132],[89.372338,35.215189],[89.386173,35.223725],[89.387056,35.246391],[89.374693,35.265525],[89.361152,35.260226],[89.349967,35.252279],[89.345257,35.263464],[89.344374,35.283187],[89.341724,35.30232],[89.335837,35.320277]],[[91.812028,35.61052],[91.811439,35.595213],[91.804963,35.583144],[91.795249,35.574902],[91.784652,35.569603],[91.825863,35.528686],[91.839698,35.521327],[91.849707,35.519856],[91.870901,35.521622],[91.880909,35.521327],[91.889151,35.518384],[91.907991,35.507492],[91.93625,35.508964],[91.970102,35.518678],[92.004248,35.533102],[92.031624,35.549292],[92.036334,35.543405],[92.047519,35.533691],[92.052229,35.528098],[92.089319,35.551941],[92.099916,35.556062],[92.099916,35.562833],[92.057528,35.569603],[92.038688,35.574902],[91.966864,35.631125],[91.946258,35.634069],[91.904164,35.645843],[91.880909,35.645549],[91.86207,35.639367],[91.812028,35.61052]],[[91.21859,35.641428],[91.223005,35.634658],[91.149709,35.62671],[91.139112,35.62877],[91.113502,35.642017],[91.094368,35.646726],[91.028136,35.648787],[91.021072,35.645549],[91.018422,35.638484],[91.016067,35.631714],[91.011946,35.628182],[91.006648,35.630242],[91.001644,35.634952],[90.998111,35.639956],[90.996934,35.642017],[90.967792,35.653202],[90.956606,35.654969],[90.935412,35.647904],[90.932174,35.63142],[90.941888,35.614641],[90.959844,35.607282],[90.985454,35.605516],[91.003704,35.599923],[91.019305,35.589325],[91.03785,35.573135],[91.072291,35.557534],[91.160012,35.551353],[91.2024,35.538989],[91.218884,35.530747],[91.233014,35.526626],[91.274519,35.524565],[91.300129,35.528686],[91.298951,35.538695],[91.270692,35.565482],[91.288649,35.565188],[91.306605,35.568426],[91.338985,35.579906],[91.297774,35.609048],[91.283056,35.630242],[91.262745,35.64025],[91.241256,35.648198],[91.223005,35.662328],[91.218884,35.653497],[91.217118,35.647021],[91.21859,35.641428]],[[90.346389,35.797735],[90.347861,35.805683],[90.346095,35.812748],[90.328727,35.818046],[90.283984,35.794497],[90.267205,35.79538],[90.244833,35.806566],[90.223051,35.803034],[90.188316,35.785372],[90.101478,35.79332],[90.060267,35.788021],[90.057912,35.757407],[90.083522,35.736213],[90.126499,35.720906],[90.215397,35.703539],[90.258669,35.70295],[90.296347,35.715313],[90.324312,35.741217],[90.338147,35.78184],[90.346389,35.797735]],[[92.840536,35.809215],[92.82258,35.818929],[92.809922,35.830704],[92.785785,35.857786],[92.776659,35.851604],[92.771655,35.850132],[92.673632,35.86014],[92.621235,35.858374],[92.607106,35.843362],[92.623001,35.834531],[92.674221,35.82776],[92.693354,35.819224],[92.70925,35.80951],[92.788728,35.78184],[92.806684,35.771831],[92.821108,35.757407],[92.826701,35.737096],[92.899409,35.673514],[92.914422,35.66586],[92.983597,35.666743],[93.006558,35.671159],[93.025986,35.681167],[93.038938,35.700006],[92.996255,35.718846],[92.973883,35.732975],[92.964169,35.744455],[92.954455,35.758879],[92.901764,35.788904],[92.887046,35.796558],[92.840536,35.809215]],[[89.448873,36.388524],[89.373516,36.410013],[89.339369,36.424142],[89.30434,36.450046],[89.282852,36.457405],[89.276375,36.441804],[89.277847,36.420021],[89.280497,36.40913],[89.288739,36.401182],[89.295804,36.382637],[89.299336,36.362031],[89.29757,36.347607],[89.327889,36.34643],[89.356443,36.336127],[89.443574,36.28844],[89.448873,36.282259],[89.45476,36.27696],[89.483019,36.271662],[89.500681,36.266363],[89.519815,36.265774],[89.523347,36.261948],[89.52423,36.254588],[89.526585,36.248112],[89.530706,36.242519],[89.537182,36.23781],[89.554255,36.230745],[89.563381,36.233983],[89.572506,36.240459],[89.588696,36.243991],[89.611656,36.253705],[89.602825,36.274016],[89.57751,36.291384],[89.551312,36.29315],[89.533061,36.324058],[89.510395,36.350551],[89.482725,36.372334],[89.448873,36.388524]],[[100.672094,36.851559],[100.649722,36.860684],[100.638831,36.863333],[100.593499,36.863628],[100.577897,36.870104],[100.559941,36.887471],[100.469571,37.017286],[100.441607,37.046134],[100.34741,37.117664],[100.296191,37.178597],[100.29678,37.17948],[100.286183,37.188606],[100.274702,37.196259],[100.258218,37.199497],[100.249387,37.198025],[100.239379,37.193316],[100.230548,37.187723],[100.223777,37.181835],[100.215535,37.180364],[100.192575,37.190078],[100.182861,37.192727],[100.079245,37.191255],[100.043038,37.199497],[99.999766,37.223929],[99.984165,37.227756],[99.967681,37.225401],[99.935006,37.215687],[99.893206,37.211566],[99.836689,37.192727],[99.796949,37.185073],[99.776933,37.178009],[99.761626,37.164762],[99.754561,37.142096],[99.760448,37.122079],[99.770162,37.105595],[99.780759,37.082046],[99.816966,37.048783],[99.81991,37.046722],[99.827269,37.044367],[99.830507,37.042012],[99.832567,37.037891],[99.836689,37.021407],[99.842281,36.981373],[99.820793,36.951348],[99.781642,36.937513],[99.733661,36.945755],[99.697454,36.961945],[99.682442,36.965772],[99.662131,36.96695],[99.623863,36.938985],[99.619153,36.928388],[99.617682,36.91838],[99.619153,36.908371],[99.623863,36.898068],[99.63711,36.889237],[99.682736,36.865983],[99.70187,36.84155],[99.723358,36.83272],[99.761626,36.822122],[99.780171,36.811231],[99.790473,36.79298],[99.791356,36.774435],[99.781642,36.760895],[99.797832,36.72351],[99.810785,36.713208],[99.836689,36.712325],[99.882315,36.722039],[99.907925,36.719978],[99.92647,36.68907],[99.943248,36.676412],[99.980927,36.657867],[100.022138,36.643738],[100.089253,36.634907],[100.133996,36.623721],[100.159017,36.62431],[100.220834,36.641677],[100.259101,36.646093],[100.276763,36.654629],[100.288832,36.657867],[100.300018,36.657573],[100.330337,36.650803],[100.366838,36.658162],[100.385383,36.665815],[100.390387,36.65669],[100.392742,36.644327],[100.395392,36.63785],[100.403045,36.636673],[100.410404,36.631669],[100.418941,36.630491],[100.423651,36.632552],[100.435425,36.641677],[100.440135,36.644032],[100.450143,36.64521],[100.481052,36.644032],[100.481052,36.63785],[100.445434,36.622838],[100.459269,36.599583],[100.498419,36.578389],[100.539924,36.568969],[100.559941,36.566614],[100.628234,36.54542],[100.649428,36.541593],[100.659142,36.541005],[100.6718,36.543654],[100.694466,36.553074],[100.703591,36.555429],[100.712716,36.566026],[100.72037,36.590164],[100.731555,36.655807],[100.73862,36.669642],[100.741858,36.684066],[100.734499,36.706143],[100.698881,36.74441],[100.693288,36.757362],[100.70153,36.776202],[100.72037,36.776496],[100.743036,36.773258],[100.761581,36.781206],[100.765996,36.804461],[100.751867,36.82536],[100.717426,36.853325],[100.704474,36.862745],[100.695937,36.86039],[100.688578,36.853619],[100.679747,36.849498],[100.672094,36.851559]]]}},{"type":"Feature","properties":{"id":"karluk","sourceRefs":["atlas-943-fixed-master"]},"geometry":{"type":"MultiPolygon","coordinates":[[[[79.95183559701093,46.923516569358256],[80.1178575748602,47.07449304349006],[80.28467845124996,47.2253064500841],[80.45230219331043,47.37595668489845],[80.62073278045003,47.52644363401983],[80.78997420417528,47.676767173760965],[80.89225285298244,47.844417209984876],[80.99505185951575,48.01208392538328],[81.09837477494722,48.179769169723315],[81.20222518012264,48.347474813324936],[81.3066066858362,48.515202747547406],[81.3263984700546,48.696589118358446],[81.34627326719311,48.87812751018539],[81.36623175855009,49.05982145108135],[81.38627463288987,49.241674525110625],[81.40640258654524,49.42369037379815],[81.47211700085997,49.22792952898717],[81.53741446016241,49.032353098336515],[81.60229864751146,48.83695684779136],[81.66677320345593,48.64173661511478],[81.7308417266341,48.446688307951185],[81.79450777436335,48.25180790195199],[81.93508962694796,48.07506449746128],[82.07493590826996,47.89834928261825],[82.2140520169109,47.721660455225546],[82.35244330468602,47.54499623352226],[82.1828525618842,47.386196177059546],[82.01410924279824,47.22723973652725],[81.84620881544743,47.06812680689851],[81.67914676587341,46.90885727476118],[81.512918598279,46.74943101839643],[81.34751983516063,46.589847907854924],[81.23205634066142,46.554282411529336],[81.240529,46.57264],[81.243178,46.592068],[81.237586,46.612085],[81.213742,46.641227],[81.208738,46.64888],[81.202262,46.65565],[81.189899,46.662715],[81.162228,46.672429],[81.156047,46.676256],[81.119251,46.657122],[81.072153,46.649469],[80.975013,46.649469],[80.953819,46.653001],[80.917906,46.668014],[80.902599,46.670074],[80.892296,46.665953],[80.879344,46.652412],[80.871985,46.649469],[80.861094,46.651824],[80.854323,46.657417],[80.849025,46.664187],[80.84196,46.670074],[80.802221,46.686264],[80.759538,46.694212],[80.67329,46.69745],[80.632079,46.703632],[80.615889,46.700394],[80.608529,46.683909],[80.610884,46.666542],[80.618538,46.651235],[80.639143,46.625625],[80.642676,46.629158],[80.652978,46.615911],[80.668874,46.607375],[80.688008,46.602665],[80.730102,46.599133],[80.741288,46.592362],[80.759244,46.566458],[80.833424,46.501109],[80.847553,46.492573],[80.86286,46.489629],[80.882288,46.491984],[80.918789,46.504642],[80.933802,46.506408],[80.945282,46.504936],[80.985904,46.496399],[81.002389,46.486391],[81.00870983915404,46.48527563209972],[80.80670736521523,46.42242789420679],[80.53754803885555,46.337848943861694],[80.2692227196866,46.252694736445044],[80.00173337001628,46.166968288916266],[79.73508188175691,46.08067260825469],[79.51941535058633,45.9273562096095],[79.30481825561908,45.77370411701718],[79.09128628668488,45.61971782437328],[78.87881512226413,45.46539879715791],[78.66740043024001,45.310748472711765],[78.45703786863618,45.155768260509404],[78.21305549538016,45.07482937281025],[77.96979042891422,44.9934082824297],[77.72724393657315,44.91150731287788],[77.48541723676577,44.82912877954086],[77.2443114993532,44.74627498949628],[77.0039278460309,44.66294824133329],[76.76426735071453,44.579150824976495],[76.56137946399686,44.4210207611816],[76.3595176675135,44.26257779840068],[76.15867742812254,44.103823076997486],[75.9588542107363,43.94475771200003],[75.76004347890994,43.78538279334716],[75.5622406954169,43.625699386130904],[75.57142954655184,43.44451929896362],[75.58054531740692,43.26341464619808],[75.589588568194,43.082382964878704],[75.59855985340678,42.90142182067258],[75.60745972189348,42.720528807215686],[75.42734928017555,42.55040123135748],[75.24818674619192,42.38001186635638],[75.06996713707332,42.20936106844429],[74.89268548535708,42.038449175061274],[74.7163368392672,41.8672765050277],[74.48405685557789,41.74906870089036],[74.25269412134618,41.63039376763878],[74.02224753897814,41.511254060880525],[73.79271596804699,41.39165191508304],[73.56409822602042,41.27158964355446],[73.33639308898347,41.151069538427805],[73.11703297765048,41.193456661356926],[72.89752311172721,41.235469344245026],[72.67786557308426,41.27710744640116],[72.40657900640093,41.29099790360803],[72.13536809489506,41.30429584392385],[71.86423749324172,41.317002002019],[71.59319184902698,41.329117128027825],[71.3599287131212,41.42682467504015],[71.12612991885946,41.52414559803471],[70.89179588704913,41.62107893648683],[70.6569270624888,41.71762372365696],[70.5988194198713,41.911341969889776],[70.5403640276227,42.10510936593778],[70.4815580697359,42.29892845983104],[70.47703733459016,42.508327205919585],[70.47246103652398,42.71780196070993],[70.46782868528626,42.92735637788605],[70.46313978484821,43.1369941584638],[70.45839383331787,43.346719052074434],[70.60291647388014,43.53949090122447],[70.74830506816737,43.73212486408895],[70.89456567975884,43.92462219843435],[71.04170441788979,44.11698416281685],[71.31374719693285,44.17861047267455],[71.58646862960592,44.23963606944556],[71.859865408106,44.30005821600937],[72.1339341613042,44.35987417702121],[72.40867145460989,44.41908121927776],[72.68407378984631,44.477676612087166],[72.89415714207232,44.57721279542548],[73.10496787451336,44.67639157301946],[73.31650655579121,44.775211161568315],[73.52877372461813,44.8736697646771],[73.74176988937982,44.971765572877494],[73.69137359455625,45.16255522784896],[73.64066555366122,45.35344761598382],[73.59427214412915,45.527117603731604],[73.617087,45.514989],[73.635632,45.501449],[73.648878,45.482609],[73.668601,45.436394],[73.680375,45.415789],[73.697448,45.396655],[73.717465,45.380465],[73.739542,45.368102],[73.762503,45.361037],[73.756027,45.354267],[73.747785,45.357799],[73.742486,45.358388],[73.728357,45.354267],[73.801948,45.320415],[73.824319,45.30658],[73.811367,45.29245],[73.813134,45.281264],[73.824319,45.272139],[73.838154,45.26478],[73.84463,45.262425],[73.853756,45.260659],[73.858466,45.25801],[73.86347,45.252711],[73.868768,45.242703],[73.872301,45.237404],[73.896144,45.220625],[73.925875,45.212678],[73.957666,45.213855],[73.98828,45.223863],[74.003293,45.215916],[74.007119,45.207085],[73.99976,45.201492],[73.98151,45.202964],[73.98151,45.196487],[73.994462,45.193249],[74.00447,45.186479],[74.008003,45.177943],[74.001821,45.169112],[74.007414,45.159398],[74.015656,45.15145],[74.025664,45.145562],[74.035967,45.14203],[74.024487,45.13997],[73.994167,45.137615],[73.98828,45.131433],[73.988575,45.105529],[73.991813,45.094638],[73.998877,45.083746],[74.031552,45.060491],[74.035967,45.053132],[74.029197,45.045773],[73.999172,45.031938],[73.98828,45.024579],[73.993873,45.02193],[74.004176,45.013982],[74.009474,45.011038],[74.006531,45.007211],[74.001821,44.998086],[74.080711,44.986017],[74.098078,44.991021],[74.126043,44.966589],[74.136051,44.96394],[74.144293,44.970416],[74.140172,44.98484],[74.127809,44.998969],[74.111913,45.004856],[74.116329,45.015454],[74.132224,45.039003],[74.118978,45.036353],[74.081005,45.021635],[74.072174,45.032527],[74.069819,45.042829],[74.074823,45.050189],[74.087775,45.053132],[74.116917,45.055487],[74.140172,45.062552],[74.159306,45.073149],[74.17373,45.087278],[74.148709,45.133788],[74.139878,45.205024],[74.139583,45.223863],[74.14812,45.256538],[74.160778,45.287446],[74.167842,45.318649],[74.1596,45.354267],[74.148709,45.351323],[74.142233,45.346319],[74.140761,45.340432],[74.145765,45.333956],[74.131047,45.326302],[74.113091,45.32483],[74.095134,45.328363],[74.081005,45.337194],[74.072763,45.349851],[74.076589,45.356916],[74.08542,45.363392],[74.091308,45.374872],[74.089541,45.390473],[74.07394,45.411668],[74.070113,45.426386],[74.098078,45.477017],[74.079827,45.489969],[74.070408,45.504687],[74.071585,45.520877],[74.084537,45.539127],[74.12045,45.562088],[74.1596,45.580927],[74.23584,45.595351],[74.256446,45.608009],[74.27087,45.630675],[74.27087,45.650103],[74.26145,45.666881],[74.249676,45.683071],[74.299717,45.662466],[74.322972,45.660111],[74.339162,45.676301],[74.331509,45.683071],[74.339162,45.690725],[74.327388,45.701911],[74.276168,45.731641],[74.255268,45.72075],[74.239667,45.721044],[74.230542,45.731641],[74.228481,45.751658],[74.231719,45.759312],[74.237312,45.767554],[74.245849,45.774619],[74.256446,45.77874],[74.26822,45.774913],[74.27764,45.769909],[74.281467,45.762255],[74.276168,45.751658],[74.28706,45.753424],[74.296774,45.759312],[74.30531,45.767848],[74.311786,45.77874],[74.314141,45.7808],[74.318262,45.783155],[74.322383,45.785804],[74.32415,45.789042],[74.322089,45.79493],[74.313553,45.804055],[74.311786,45.809942],[74.308254,45.815241],[74.293241,45.834375],[74.290003,45.843794],[74.28706,45.86911],[74.279112,45.890304],[74.26616,45.909732],[74.249676,45.929749],[74.239667,45.944761],[74.230247,45.967722],[74.231425,45.988621],[74.258506,46.00069],[74.279995,46.013937],[74.290003,46.018352],[74.302367,46.020413],[74.331509,46.018352],[74.353292,46.021296],[74.398624,46.03572],[74.423939,46.038663],[74.443661,46.036014],[74.459263,46.028949],[74.49547,46.0054],[74.511365,45.992154],[74.521079,45.98921],[74.533148,45.994803],[74.543745,46.009227],[74.551104,46.013348],[74.560524,46.008638],[74.632643,46.032776],[74.628228,46.059563],[74.655898,46.082524],[74.691222,46.090766],[74.708295,46.073693],[74.763047,46.094592],[74.781297,46.105484],[74.801314,46.120496],[74.811617,46.139041],[74.800725,46.159353],[74.786301,46.17672],[74.785124,46.191438],[74.792777,46.204979],[74.839581,46.249134],[74.853416,46.267679],[74.859009,46.29005],[74.86107,46.313599],[74.866074,46.331556],[74.896394,46.403969],[74.910229,46.415155],[74.931128,46.40603],[74.949673,46.393666],[74.972045,46.386896],[74.995005,46.38513],[75.0162,46.388957],[75.037983,46.401909],[75.049463,46.41957],[75.058588,46.439882],[75.074484,46.460781],[75.110985,46.490807],[75.132768,46.49846],[75.146603,46.484625],[75.127175,46.479032],[75.10186,46.454011],[75.084492,46.443414],[75.084492,46.437527],[75.09921,46.434877],[75.111574,46.430756],[75.12276,46.42428],[75.132768,46.415449],[75.139833,46.428107],[75.146309,46.426635],[75.153373,46.419865],[75.163382,46.415449],[75.176923,46.417216],[75.200472,46.422808],[75.214601,46.423103],[75.208419,46.415449],[75.227259,46.418687],[75.251691,46.438704],[75.266704,46.443414],[75.276123,46.449007],[75.266998,46.460487],[75.242566,46.478443],[75.277301,46.486391],[75.283482,46.491984],[75.27995,46.496399],[75.260816,46.50523],[75.256401,46.509352],[75.262582,46.522304],[75.278478,46.529074],[75.318217,46.532901],[75.336762,46.529957],[75.352364,46.522892],[75.356779,46.515828],[75.342061,46.512295],[75.332936,46.504936],[75.332641,46.489335],[75.340883,46.474617],[75.35884,46.47079],[75.356779,46.467552],[75.354718,46.460487],[75.352658,46.457249],[75.371497,46.455483],[75.38857,46.46608],[75.4027,46.48227],[75.41418,46.498754],[75.41889,46.493456],[75.430076,46.483742],[75.434491,46.478443],[75.435669,46.495222],[75.445971,46.496694],[75.460101,46.494045],[75.472464,46.499343],[75.47423,46.499932],[75.475113,46.501404],[75.475702,46.503464],[75.475996,46.506408],[75.45333,46.517299],[75.445088,46.524953],[75.44185,46.536433],[75.43979,46.549679],[75.434491,46.55645],[75.427721,46.560571],[75.42095,46.566458],[75.411531,46.581765],[75.402405,46.60502],[75.401522,46.626214],[75.417418,46.635339],[75.427132,46.638872],[75.455685,46.662715],[75.468049,46.668897],[75.479234,46.673312],[75.491598,46.675667],[75.552531,46.676845],[75.573137,46.670957],[75.585206,46.655945],[75.573137,46.653001],[75.563423,46.647997],[75.561068,46.641521],[75.571665,46.635339],[75.556358,46.624154],[75.533103,46.620916],[75.515736,46.626803],[75.516913,46.64211],[75.513969,46.649763],[75.510143,46.662715],[75.500429,46.660066],[75.493953,46.655356],[75.490715,46.648586],[75.489537,46.638872],[75.486005,46.635339],[75.478351,46.632396],[75.470698,46.626803],[75.468637,46.615028],[75.475996,46.603842],[75.52074,46.556744],[75.576375,46.52613],[75.585206,46.515828],[75.579024,46.501992],[75.548116,46.484625],[75.537519,46.47079],[75.576669,46.474028],[75.594036,46.478149],[75.611993,46.484625],[75.636131,46.496988],[75.643195,46.498754],[75.651732,46.496105],[75.654381,46.490512],[75.657619,46.485214],[75.667333,46.484625],[75.67793,46.490807],[75.686172,46.51465],[75.695298,46.525542],[75.710016,46.53084],[75.724734,46.530251],[75.752993,46.525542],[75.762707,46.522598],[75.767417,46.516416],[75.771244,46.509646],[75.777131,46.506408],[75.783901,46.50788],[75.800974,46.517299],[75.808039,46.51936],[75.843952,46.521126],[75.859553,46.52613],[75.873977,46.547619],[75.892227,46.54497],[75.924607,46.532901],[75.951983,46.534961],[75.960814,46.531429],[75.969351,46.51936],[75.949334,46.513178],[75.941681,46.512295],[75.941681,46.506408],[76.044708,46.512295],[76.049418,46.511412],[76.062075,46.507291],[76.068551,46.506408],[76.07385,46.508174],[76.078265,46.512884],[76.079737,46.517299],[76.075616,46.51936],[76.069435,46.523775],[76.061781,46.533195],[76.057366,46.542909],[76.061781,46.547324],[76.084741,46.54497],[76.124186,46.535256],[76.199249,46.527308],[76.214556,46.532312],[76.208374,46.553506],[76.228097,46.551151],[76.246347,46.544381],[76.257828,46.545264],[76.256945,46.566458],[76.264009,46.56322],[76.28432,46.560276],[76.28432,46.566458],[76.27755,46.567636],[76.263126,46.573817],[76.281082,46.579116],[76.304043,46.575583],[76.3794,46.545264],[76.397356,46.540848],[76.752065,46.532606],[76.792098,46.51936],[76.912493,46.457838],[76.9278,46.457249],[76.928978,46.478443],[77.044663,46.451067],[77.073216,46.449596],[77.09706,46.45195],[77.11687566369947,46.45910622770387],[77.24031366421981,46.45614751618053],[77.243947,46.453422],[77.253661,46.451067],[77.264553,46.454011],[77.26657317373396,46.45551809644699],[77.36660899903087,46.453120316607674],[77.5152624012021,46.44925151217177],[77.595124,46.41957],[77.737302,46.409268],[77.705216,46.390723],[77.695502,46.382186],[77.713753,46.375416],[77.728765,46.383658],[77.743778,46.396021],[77.76144,46.402497],[77.800884,46.405441],[77.822667,46.409562],[77.839152,46.415449],[77.820607,46.42222],[77.799118,46.423986],[77.777335,46.421631],[77.757613,46.415449],[77.757613,46.423103],[77.811481,46.438704],[77.871237,46.425752],[77.976914,46.368351],[78.02048,46.336854],[78.042852,46.324785],[78.132044,46.311539],[78.164424,46.312422],[78.18238,46.327434],[78.170606,46.327434],[78.160303,46.329495],[78.150589,46.33391],[78.142641,46.34127],[78.134988,46.335971],[78.126157,46.333027],[78.117031,46.332439],[78.107317,46.333616],[78.107317,46.34127],[78.14794,46.345979],[78.261859,46.330967],[78.292178,46.34804],[78.278932,46.354222],[78.306896,46.362169],[78.338099,46.356577],[78.366947,46.339798],[78.387846,46.313305],[78.380193,46.313305],[78.404625,46.295054],[78.440832,46.287401],[78.471151,46.294466],[78.477039,46.320075],[78.467619,46.329201],[78.434356,46.338032],[78.421698,46.34804],[78.417872,46.367468],[78.426114,46.383364],[78.440832,46.395138],[78.456139,46.402497],[78.472035,46.406913],[78.525314,46.409268],[78.546803,46.40603],[78.593901,46.382186],[78.607736,46.377476],[78.622749,46.374533],[78.638939,46.37365],[78.655129,46.374827],[78.67544,46.379831],[78.711353,46.394549],[78.731075,46.396316],[78.794658,46.377771],[78.884144,46.365113],[78.908577,46.368351],[78.953026,46.38513],[78.992176,46.407207],[79.025733,46.4337],[79.052521,46.464019],[79.061352,46.479621],[79.065473,46.494928],[79.0671742534577,46.53349359838986],[79.24638510282612,46.59364897057837],[79.5160565889205,46.68330074476448],[79.78660856302463,46.772377122359316],[79.95183559701093,46.923516569358256]],[[80.635317,46.621799],[80.642676,46.621799],[80.639143,46.625625],[80.635317,46.621799]]],[[[73.552327,45.74165],[73.54002475809583,45.73735811342638],[73.55746313163706,45.75565107810004],[73.55792,45.755779],[73.559392,45.750186],[73.552327,45.74165]]],[[[74.040971,46.222935],[74.050391,46.231177],[74.045092,46.219403],[74.03214,46.207923],[74.001821,46.190261],[73.984748,46.184374],[73.973562,46.184668],[73.97022075132799,46.18611283734408],[74.00629380366782,46.22349615084829],[74.00651789486864,46.223726972881416],[74.030963,46.221169],[74.040971,46.222935]]],[[[74.394208,46.550268],[74.390676,46.533784],[74.377724,46.50994],[74.379196,46.498754],[74.351231,46.497577],[74.299717,46.48227],[74.27293,46.478443],[74.249381,46.471673],[74.232897,46.456366],[74.218473,46.440176],[74.21482945641644,46.4379772399964],[74.32236485619426,46.54807054581078],[74.40004299465835,46.563361154987554],[74.399801,46.56322],[74.394208,46.550268]]],[[[81.138974,46.539671],[81.139562,46.535256],[81.14361096521642,46.52703913702905],[81.12305646751174,46.52070786396512],[81.122489,46.527896],[81.127199,46.536433],[81.138974,46.539671]]],[[[76.490375,46.629158],[76.48387650944508,46.63177572819821],[76.5229815105003,46.620930402266126],[76.5204,46.613556],[76.510392,46.615323],[76.490375,46.629158]]],[[[76.378517,46.658888],[76.3776011211418,46.661249994752495],[76.40457680534502,46.65376859647784],[76.402066,46.644759],[76.390291,46.646231],[76.378517,46.658888]]],[[[75.95315627798452,46.77795275974368],[75.98600902898887,46.768991986399705],[75.970234,46.766626],[75.94904,46.765743],[75.94904,46.772513],[75.95315627798452,46.77795275974368]]],[[[75.821874,46.786348],[75.804801,46.788997],[75.769772,46.799889],[75.749755,46.800478],[75.740041,46.79724],[75.722379,46.788114],[75.712077,46.786348],[75.707072,46.787231],[75.692943,46.79253],[75.684701,46.793707],[75.669982,46.789292],[75.628477,46.770158],[75.609049,46.765743],[75.589621,46.763682],[75.489537,46.734246],[75.35884,46.731596],[75.312624,46.723354],[75.285837,46.721294],[75.266704,46.728064],[75.26337048678631,46.73033453738241],[75.48396780182827,46.77194762484612],[75.77607164567894,46.826253593137544],[75.86145493873563,46.80296481782793],[75.854254,46.798123],[75.821874,46.786348]]]]}},{"type":"Feature","properties":{"id":"later-jin","sourceRefs":["atlas-943-fixed-master"]},"geometry":{"type":"MultiPolygon","coordinates":[[[[125.113292,34.092841],[125.122081,34.083808],[125.136404,34.059272],[125.13738,34.051337],[125.134288,34.046861],[125.129893,34.047553],[125.127696,34.04857],[125.122813,34.051174],[125.103282,34.066067],[125.092133,34.071763],[125.089692,34.079535],[125.094574,34.090074],[125.102224,34.095933],[125.113292,34.092841]]],[[[113.58999391096111,30.217285511426883],[113.38536955381674,30.34962894250389],[113.1802057376883,30.481508074605788],[113.12326337521912,30.63157998638067],[113.0661315329802,30.781594314413738],[113.00880920243,30.931551788299686],[112.83752052269053,31.05135549046441],[112.66581429511089,31.170838357365216],[112.49369004177161,31.290000259115814],[112.28304123480774,31.259010168022865],[112.07260586240355,31.22755807885501],[111.86238623699482,31.195644626759922],[111.65238465739569,31.163270451468154],[111.44981533101445,31.21019201030144],[111.24709636851868,31.25668509591698],[111.04422979016138,31.302749654283065],[110.84121762517249,31.348385634913868],[110.64499219046924,31.478710978153348],[110.4482464308189,31.608626177473308],[110.2509798555601,31.738130987207562],[110.05319198806977,31.867225151854853],[109.87746033557404,31.98872550638362],[109.70128820108219,32.109901949587886],[109.52467502437953,32.23075430932442],[109.30790217064516,32.31147994610038],[109.09080398712526,32.39172527327033],[108.87338223875665,32.47148998417605],[108.82883680597922,32.65284232040429],[108.78409747001943,32.83415926693609],[108.73916290586851,33.01544228143297],[108.70333799571057,33.19605692182062],[108.66735375709182,33.37664778874951],[108.63120909161306,33.55721637691228],[108.47723112752072,33.65296430557908],[108.32294441866156,33.74847676950296],[108.16834879343125,33.84375360114948],[107.96769472319855,33.781350366096405],[107.76739953154055,33.71854171323742],[107.56746456388097,33.655328487170934],[107.36789114697937,33.591711532415104],[107.18174427596199,33.61598779478518],[106.99555060839302,33.63991970060108],[106.80931183995362,33.66350732333591],[106.6361318546143,33.52954431322902],[106.46353863468977,33.39526740863368],[106.29153061448173,33.2606770870911],[106.13656700916374,33.36705890565588],[105.98125521380484,33.47320336698866],[105.82559477126374,33.579110325587266],[105.6385390850526,33.55787567243435],[105.45163849703577,33.53629033310961],[105.26489466086605,33.51435476359381],[105.29563159591761,33.65560759142819],[105.32646383941025,33.7968429417247],[105.35739190355764,33.9380615448559],[105.30444864853581,34.099966569582804],[105.2512956732022,34.261843691560045],[105.19793168695358,34.42369394574476],[105.14435538881588,34.585518371552155],[105.24128427295156,34.724579059291635],[105.33854348181525,34.86354055016036],[105.43613454305634,35.00240324836517],[105.64956384617619,35.005285972557544],[105.86308539533313,35.00772410124312],[106.07669657076715,35.00971720480231],[106.29039474712027,35.011264860307826],[106.19944067121367,35.143278082576934],[106.10820519889062,35.27521805283339],[106.01668704885233,35.40708515857425],[106.26845120605418,35.44983020756395],[106.52057934122986,35.49195579775296],[106.77306768496494,35.53346063300043],[107.02591243565288,35.57434342594849],[107.08098859372816,35.74949639009056],[107.13629089981126,35.92462566030555],[107.19182088121255,36.09973266662473],[107.10297623757566,36.2823063400872],[107.01373604827313,36.46482560022258],[106.92409758478563,36.647291867028315],[106.99814200527734,36.80028469892615],[107.07246396245775,36.95323529582053],[107.14706504772077,37.10614451649641],[106.95814845985463,37.21394124474078],[106.76878369250271,37.321416600932345],[106.57897055378172,37.42857016620113],[106.38870886413444,37.53540151581586],[106.19799845645736,37.64191021920954],[106.16412270096792,37.82143655662724],[106.13008309563605,38.00098445774216],[106.09587844597391,38.18055568672075],[106.27749145199826,38.3066018630059],[106.4597255339035,38.43234823519436],[106.64258220328323,38.55779407744588],[106.82606296221019,38.6829386527983],[106.89366631665615,38.886583270253496],[106.96160776464826,39.090232950699004],[107.02989006893635,39.29389024837259],[107.15025625806895,39.11657336417079],[107.27009362777144,38.93917419288326],[107.38940562513345,38.761691571997694],[107.50819567015431,38.584124342104104],[107.77183072821397,38.48397775117012],[108.03490830854001,38.38320829758517],[108.29742594281764,38.28181696316692],[108.50304070268564,38.233332735237056],[108.70847056495754,38.18446043250582],[108.91371359955433,38.135200283361776],[109.16592867626535,38.19649657118602],[109.41862231807434,38.25719903837765],[109.67179133354018,38.31730613541938],[109.87858328577985,38.416102994380786],[110.08594455498475,38.51450846102629],[110.29387501073889,38.61252138493394],[110.38997130194748,38.805036055822015],[110.48653368117743,38.997509050874044],[110.58356561862615,39.18994222272996],[110.79635672678685,39.28507723410642],[111.0097194979591,39.37980565562556],[111.22365354858263,39.47412624739575],[111.4381584682048,39.56803776265059],[111.66759730496616,39.52582899509201],[111.8968632607436,39.483141697821075],[112.12595341786115,39.43997610833258],[112.21053305715441,39.28128455799357],[112.29477942241812,39.122563683015294],[112.37869454340827,38.96381245096945],[112.33259141047162,38.817840855959346],[112.28665350383861,38.671876726825424],[112.24087985672972,38.525919124174145],[112.49324585050357,38.53680160134905],[112.74576580130835,38.547091513036754],[112.99843543322456,38.55678817464315],[113.17839391118419,38.63103578266005],[113.35872669310434,38.70498918231796],[113.53943334046726,38.77864766798588],[113.75686313857163,38.81925125782588],[113.97457379941137,38.85941898628092],[114.19256301026383,38.899150040194904],[114.37466111065184,38.97142850916582],[114.55712900194845,39.04340825826833],[114.73996615787023,39.11508857138431],[114.94493562896159,39.1227414749504],[115.14999632427498,39.13000671509167],[115.35014008202559,39.06518636706077],[115.55000868684752,38.999999515829096],[115.65013628418005,38.8900382313158],[115.75000086413877,38.77999758026499],[115.76502391288383,38.649995063856636],[115.77999656959956,38.520010621104134],[115.79000588543664,38.40999513389894],[115.7999864998667,38.2999922834593],[116.02507503288088,38.260233804520546],[116.25000370338215,38.22000120949908],[116.40495514440916,38.23511662958363],[116.55999296354858,38.250008092739755],[116.65489677549718,38.33503769276212],[116.75000977229493,38.41999336186275],[116.77496515930048,38.559989529091595],[116.80000581735246,38.70000421639692],[116.91480997319705,38.83504946757259],[117.03001337473184,38.97000010032832],[117.17996058081367,38.985108387665996],[117.32999004437377,39.00000946801633],[117.44022103843301,38.83004140413995],[117.54999969042368,38.6599913919106],[117.55295431522737,38.64344938734755],[117.552953,38.643447],[117.543549,38.621324],[117.55791523653305,38.61567476676871],[117.57955983323676,38.4944935538478],[117.60899833692196,38.3290177319008],[117.63831601692706,38.16356249948792],[117.8483973820701,38.20433380870196],[117.95094675182811,38.2240119655623],[117.963346,38.210694],[117.977544,38.194837],[117.988995,38.198566],[118.007197,38.19701],[118.038225,38.180718],[118.053727,38.173253],[118.057785,38.161079],[118.052408,38.153659],[118.065214,38.143082],[118.081798,38.140692],[118.084809,38.138739],[118.095795,38.14232],[118.107677,38.148586],[118.119233,38.152289],[118.146088,38.142483],[118.215831,38.144965],[118.312022,38.127875],[118.424005,38.111569],[118.448928,38.107787],[118.472505,38.101881],[118.494151,38.093817],[118.512299,38.08808],[118.533946,38.072943],[118.542979,38.068345],[118.550629,38.070014],[118.556895,38.07392],[118.561534,38.076077],[118.573009,38.079901],[118.583507,38.089179],[118.599376,38.110826],[118.615777,38.12512],[118.654871,38.145695],[118.760353,38.155132],[118.805431,38.151801],[118.825066,38.151642],[118.840099,38.152574],[118.898245,38.123299],[118.950037,38.097262],[118.924815,38.057766],[118.941987,38.049384],[118.956147,38.033596],[118.973399,37.996487],[118.996593,37.963121],[119.048405,37.947978],[119.092493,37.912773],[119.116942,37.853271],[119.155697,37.823964],[119.206836,37.802839],[119.243083,37.769482],[119.259597,37.715847],[119.255664,37.671867],[119.217736,37.675248],[119.189313,37.700735],[119.120141,37.737508],[119.069472,37.740631],[119.037128,37.722089],[119.027527,37.703943],[119.025401,37.689923],[119.010753,37.653754],[118.992442,37.633368],[118.976654,37.610907],[118.969981,37.593451],[118.967784,37.573228],[118.957856,37.531399],[118.944591,37.378119],[118.949474,37.336168],[118.961192,37.29564],[118.972423,37.280666],[118.990489,37.274726],[119.01474,37.269843],[119.030121,37.257799],[119.042735,37.242377],[119.058604,37.227607],[119.115001,37.201117],[119.145518,37.17886],[119.28712,37.137274],[119.441173,37.120551],[119.475108,37.133287],[119.524506,37.139065],[119.538585,37.1376],[119.563487,37.141791],[119.660737,37.1376],[119.716807,37.141588],[119.7706,37.151842],[119.778901,37.16706],[119.79184,37.180569],[119.877452,37.233832],[119.897309,37.249416],[119.886729,37.284654],[119.863536,37.321926],[119.846283,37.343695],[119.858897,37.360175],[119.882335,37.370754],[119.928966,37.384589],[119.988292,37.413275],[119.997813,37.42182],[120.009044,37.422349],[120.059825,37.440416],[120.187592,37.511786],[120.297618,37.597886],[120.32252,37.632392],[120.306407,37.665188],[120.293793,37.670315],[120.278575,37.672431],[120.247569,37.672593],[120.235362,37.67475],[120.222911,37.679429],[120.215668,37.684068],[120.219981,37.686265],[120.31186,37.686265],[120.3685,37.694729],[120.385997,37.704535],[120.391368,37.706732],[120.410981,37.712104],[120.443126,37.738186],[120.46339,37.747748],[120.556163,37.761379],[120.564545,37.76435],[120.593598,37.781887],[120.635265,37.788723],[120.674327,37.801988],[120.704926,37.82095],[120.738048,37.83397],[120.784923,37.829657],[120.821625,37.817328],[120.836681,37.815985],[120.846446,37.818101],[120.865977,37.827541],[120.877696,37.829657],[120.899425,37.827053],[120.925792,37.819281],[120.940766,37.806464],[120.928803,37.788723],[120.940929,37.773993],[120.956879,37.760891],[120.975352,37.75137],[120.99464,37.747748],[121.005382,37.744289],[121.011485,37.735907],[121.016124,37.725735],[121.021983,37.716702],[121.032563,37.710395],[121.043549,37.710354],[121.054698,37.712714],[121.066661,37.713568],[121.113292,37.708238],[121.13795,37.701158],[121.148529,37.689399],[121.142426,37.676825],[121.132172,37.664496],[121.130138,37.651801],[121.148529,37.637885],[121.135509,37.626288],[121.134369,37.610541],[121.1421,37.594672],[121.155365,37.582587],[121.171641,37.577094],[121.191498,37.575181],[121.308116,37.581244],[121.344737,37.590806],[121.374522,37.610541],[121.360606,37.631334],[121.354015,37.637885],[121.372162,37.632717],[121.393565,37.622463],[121.414073,37.609687],[121.429779,37.596869],[121.398448,37.594875],[121.38144,37.582994],[121.381684,37.566107],[121.401703,37.549058],[121.424571,37.536322],[121.446788,37.519599],[121.463959,37.499457],[121.470714,37.476467],[121.476899,37.468004],[121.491466,37.462958],[121.522227,37.459703],[121.53712,37.456244],[121.549815,37.447821],[121.570323,37.428656],[121.591645,37.424465],[121.651622,37.437079],[121.676117,37.439195],[121.654877,37.457709],[121.634288,37.462388],[121.587413,37.453559],[121.592784,37.463853],[121.60255,37.471869],[121.613048,37.477281],[121.62143,37.48017],[121.63502,37.481269],[121.644786,37.478461],[121.652354,37.474677],[121.659434,37.472724],[121.732432,37.461737],[121.937836,37.46426],[121.957286,37.459703],[121.957286,37.453559],[121.949067,37.448391],[121.944591,37.440741],[121.944591,37.432522],[121.949799,37.425605],[121.957286,37.423814],[121.988048,37.425605],[121.997406,37.434068],[121.977794,37.471666],[121.981212,37.48017],[121.99464,37.486721],[122.016368,37.517564],[122.02021360592285,37.521899167267556],[122.13083867867259,37.486364330005806],[122.129893,37.483466],[122.141449,37.45661],[122.16212,37.433092],[122.183197,37.418158],[122.197765,37.432359],[122.209727,37.447333],[122.22267753917475,37.456863974605966],[122.22510881784004,37.45608300253914],[122.26704907146505,37.44247196857297],[122.278575,37.423896],[122.296479,37.418158],[122.34196872937754,37.418158],[122.505238481881,37.36517143089524],[122.5918508519571,37.31048259707335],[122.594737,37.295233],[122.557628,37.319078],[122.549653,37.31977],[122.549083,37.310858],[122.560069,37.274726],[122.566661,37.266343],[122.589854,37.243354],[122.594737,37.236884],[122.59669,37.220893],[122.602875,37.209906],[122.613536,37.20307],[122.628917,37.199652],[122.628917,37.192816],[122.585216,37.188707],[122.574311,37.18537],[122.563243,37.173163],[122.568858,37.165676],[122.577159,37.157782],[122.574311,37.144436],[122.543468,37.156643],[122.51002,37.155219],[122.482677,37.13996],[122.470714,37.110297],[122.464447,37.110297],[122.465831,37.145168],[122.464447,37.151842],[122.453949,37.154283],[122.447602,37.147447],[122.444347,37.136542],[122.441742,37.117092],[122.43629,37.099189],[122.436371,37.089789],[122.440522,37.084906],[122.44752,37.082261],[122.454112,37.07746],[122.457042,37.065904],[122.448497,37.057196],[122.411225,37.036526],[122.402354,37.02147],[122.40919,37.006293],[122.424327,37.003648],[122.437022,37.011623],[122.436371,37.027737],[122.461192,37.030829],[122.513031,37.020494],[122.54005,37.027737],[122.525401,36.944485],[122.532725,36.92593],[122.526459,36.914252],[122.517345,36.903144],[122.507416,36.898017],[122.498546,36.904202],[122.500092,36.915595],[122.509044,36.926256],[122.512706,36.934638],[122.498546,36.93891],[122.493907,36.932603],[122.477306,36.925971],[122.456635,36.92064],[122.439952,36.918443],[122.430512,36.920111],[122.420909,36.923082],[122.412201,36.92475],[122.405772,36.922187],[122.402192,36.914496],[122.403412,36.906643],[122.407481,36.900458],[122.412608,36.898017],[122.421397,36.895168],[122.429454,36.888129],[122.435151,36.879218],[122.436371,36.870673],[122.431,36.864651],[122.420665,36.860785],[122.402354,36.857001],[122.397227,36.85692],[122.393321,36.859117],[122.389903,36.861965],[122.38559,36.863227],[122.379731,36.861396],[122.377778,36.857123],[122.377208,36.852484],[122.375743,36.849555],[122.371186,36.845649],[122.361095,36.833441],[122.355235,36.829088],[122.319835,36.822943],[122.200287,36.84276],[122.185313,36.849921],[122.180675,36.8664],[122.184825,36.884955],[122.196869,36.898017],[122.26588,36.898017],[122.25294,36.905951],[122.211192,36.918443],[122.174653,36.941107],[122.16269,36.945787],[122.178559,36.986274],[122.179698,37.005805],[122.166108,37.014106],[122.149994,37.005316],[122.14796,36.985012],[122.149181,36.962144],[122.142914,36.945787],[122.128429,36.945624],[122.110118,36.95189],[122.09433,36.950914],[122.087657,36.929023],[122.080903,36.916571],[122.065196,36.906724],[122.046886,36.900336],[122.033051,36.898017],[122.035411,36.916815],[122.03476,36.94184],[122.037608,36.96369],[122.049815,36.97309],[122.053803,36.975246],[122.049164,36.979926],[122.039643,36.984605],[122.029307,36.986762],[122.004161,36.986029],[121.961436,36.992865],[121.92628,36.993598],[121.914887,36.985826],[121.92335,36.968492],[121.949799,36.93891],[121.915131,36.920233],[121.785981,36.891181],[121.776866,36.886461],[121.75587,36.872301],[121.751801,36.866929],[121.750011,36.857408],[121.744884,36.847235],[121.737153,36.839179],[121.728038,36.835924],[121.708507,36.832831],[121.671479,36.819281],[121.649425,36.816067],[121.649425,36.822252],[121.674083,36.833238],[121.684174,36.835924],[121.684174,36.84276],[121.658214,36.840155],[121.637462,36.831366],[121.624522,36.814765],[121.62143,36.788764],[121.632091,36.761217],[121.634288,36.746568],[121.625255,36.740383],[121.612559,36.742987],[121.603526,36.749661],[121.597667,36.75849],[121.594249,36.767646],[121.583018,36.762844],[121.573009,36.763617],[121.560069,36.767646],[121.550385,36.76435],[121.53712,36.755764],[121.52589,36.753974],[121.50351,36.760443],[121.49643,36.774482],[121.503184,36.788642],[121.522227,36.794989],[121.53712,36.79564],[121.547374,36.798163],[121.555186,36.803412],[121.563243,36.812323],[121.573009,36.819648],[121.595225,36.826321],[121.604747,36.832506],[121.607188,36.844957],[121.588145,36.846177],[121.562836,36.841376],[121.546479,36.835924],[121.538097,36.828843],[121.530528,36.819892],[121.522227,36.812161],[121.511567,36.80858],[121.498139,36.810858],[121.494233,36.816881],[121.492279,36.82392],[121.484386,36.829088],[121.459483,36.828681],[121.452973,36.816392],[121.458018,36.801947],[121.467296,36.794989],[121.470714,36.789618],[121.466156,36.777574],[121.45338,36.757392],[121.444835,36.753485],[121.432465,36.752753],[121.408946,36.753974],[121.390147,36.746812],[121.377778,36.731513],[121.379405,36.716986],[121.401703,36.712388],[121.385265,36.706488],[121.368419,36.706773],[121.333507,36.712388],[121.31422,36.711819],[121.157725,36.668606],[121.128022,36.650946],[121.089692,36.6164],[121.08017,36.610012],[121.062755,36.610053],[121.042491,36.627672],[121.032481,36.624254],[121.030772,36.617092],[121.034028,36.596829],[121.032481,36.589504],[121.023529,36.58393],[121.014659,36.58454],[121.006114,36.587633],[120.998383,36.589504],[120.944672,36.591213],[120.928803,36.59634],[120.936534,36.611965],[120.93336,36.620266],[120.92213,36.623684],[120.905528,36.624254],[120.89267,36.628485],[120.864757,36.646715],[120.850597,36.650946],[120.824067,36.643988],[120.770844,36.617174],[120.75058,36.616848],[120.747325,36.608222],[120.746918,36.603176],[120.750011,36.59984],[120.757579,36.59634],[120.747325,36.577297],[120.742279,36.555854],[120.750255,36.540758],[120.778656,36.541083],[120.793793,36.550971],[120.813569,36.583686],[120.826427,36.59634],[120.850352,36.60456],[120.864594,36.597724],[120.894786,36.561591],[120.905284,36.557074],[120.914073,36.557034],[120.920258,36.55329],[120.922618,36.537665],[120.927501,36.532904],[120.938487,36.534369],[120.950206,36.540025],[120.956798,36.547919],[120.963634,36.547919],[120.961436,36.53144],[120.951915,36.519924],[120.941173,36.509711],[120.93629,36.497016],[120.937836,36.487698],[120.949962,36.459174],[120.934337,36.456773],[120.919526,36.456488],[120.906261,36.452379],[120.894786,36.438666],[120.900971,36.42768],[120.901378,36.419013],[120.898285,36.411607],[120.890391,36.397935],[120.88266,36.388739],[120.874278,36.380601],[120.867442,36.377183],[120.849701,36.386135],[120.844005,36.422675],[120.826427,36.432522],[120.832042,36.455268],[120.806895,36.463935],[120.772472,36.463528],[120.75058,36.459174],[120.747813,36.455634],[120.740489,36.442816],[120.737071,36.438666],[120.7317,36.436225],[120.719005,36.432359],[120.714122,36.428697],[120.686534,36.387152],[120.690684,36.370836],[120.709565,36.349351],[120.722179,36.330552],[120.707286,36.322659],[120.693696,36.324897],[120.669037,36.334621],[120.661957,36.33633],[120.647716,36.330878],[120.643647,36.322496],[120.648692,36.312405],[120.661957,36.3015],[120.654552,36.288275],[120.660248,36.27733],[120.670421,36.265815],[120.675629,36.250637],[120.687511,36.187893],[120.69337,36.174872],[120.704845,36.156236],[120.696788,36.143988],[120.627778,36.116523],[120.623871,36.117662],[120.620616,36.121283],[120.61671,36.123358],[120.593598,36.109768],[120.565196,36.11579],[120.551606,36.113715],[120.545909,36.099758],[120.536225,36.091457],[120.514171,36.088568],[120.473643,36.08926],[120.461925,36.085761],[120.435639,36.068508],[120.421723,36.061957],[120.369477,36.048774],[120.353526,36.040839],[120.339366,36.049954],[120.324718,36.057196],[120.309093,36.06151],[120.292003,36.061957],[120.292003,36.068101],[120.308442,36.079535],[120.312266,36.091295],[120.313487,36.104478],[120.322765,36.11994],[120.334972,36.136135],[120.361583,36.191636],[120.348481,36.213365],[120.339203,36.222602],[120.322765,36.226386],[120.311778,36.265855],[120.306407,36.274237],[120.286469,36.263821],[120.273529,36.23428],[120.275157,36.204088],[120.298839,36.191636],[120.284516,36.175971],[120.264252,36.180854],[120.243988,36.191107],[120.229991,36.191636],[120.226085,36.194078],[120.223888,36.196519],[120.221283,36.198391],[120.216319,36.199123],[120.219086,36.22191],[120.186778,36.219062],[120.144542,36.208889],[120.117279,36.209662],[120.112397,36.217475],[120.11142,36.222724],[120.108165,36.225531],[120.097179,36.226386],[120.092865,36.223212],[120.087901,36.216213],[120.085948,36.209133],[120.090343,36.205959],[120.105317,36.200873],[120.109223,36.188788],[120.105235,36.174221],[120.089366,36.147691],[120.086436,36.130032],[120.089692,36.111721],[120.10019,36.096096],[120.116791,36.087592],[120.135753,36.083401],[120.154063,36.077053],[120.168468,36.061957],[120.171886,36.046129],[120.170746,36.008694],[120.175304,35.993638],[120.186046,35.984524],[120.197765,35.985297],[120.229991,35.999905],[120.229503,35.972805],[120.242768,35.973578],[120.274913,35.993638],[120.280772,35.998236],[120.281993,36.006659],[120.284923,36.010932],[120.295421,36.003323],[120.303071,35.994045],[120.305268,35.987006],[120.303477,35.980536],[120.298839,35.973131],[120.284434,35.962592],[120.244395,35.95307],[120.226817,35.94184],[120.185151,35.903754],[120.175304,35.890041],[120.170502,35.907457],[120.179454,35.920071],[120.189708,35.931545],[120.188975,35.945258],[120.168468,35.938422],[120.162852,35.933295],[120.145518,35.913804],[120.141856,35.907945],[120.135753,35.90412],[120.107188,35.903998],[120.097179,35.900824],[120.052257,35.862616],[120.038829,35.842841],[120.019786,35.759752],[120.00294,35.727769],[119.969981,35.732367],[119.949718,35.753811],[119.937755,35.761135],[119.925548,35.756822],[119.908214,35.744859],[119.900157,35.736274],[119.931244,35.710842],[119.935639,35.705024],[119.930756,35.69953],[119.908295,35.680894],[119.901622,35.671536],[119.900483,35.660549],[119.902924,35.652411],[119.906749,35.644477],[119.908458,35.633979],[119.904552,35.624579],[119.8956,35.620307],[119.885265,35.617621],[119.877452,35.613186],[119.860199,35.606106],[119.843272,35.61579],[119.834076,35.635321],[119.840099,35.657904],[119.811615,35.647895],[119.771007,35.593329],[119.743907,35.575914],[119.748057,35.599799],[119.748383,35.60932],[119.743907,35.616889],[119.732514,35.620836],[119.718761,35.619534],[119.707123,35.614163],[119.702403,35.606024],[119.696788,35.599433],[119.683849,35.59398],[119.668956,35.590318],[119.657725,35.588935],[119.64796,35.58393],[119.641368,35.572008],[119.634125,35.548041],[119.604096,35.488023],[119.599864,35.469184],[119.595958,35.461982],[119.569591,35.43476],[119.564545,35.424709],[119.562266,35.400621],[119.55893,35.390326],[119.551524,35.380032],[119.522309,35.352729],[119.51352,35.339301],[119.50766,35.332343],[119.469574,35.321479],[119.435802,35.322577],[119.428722,35.321479],[119.42392,35.313463],[119.421886,35.300523],[119.421886,35.277411],[119.418712,35.271308],[119.404552,35.25373],[119.4036064998818,35.25101686479203],[119.29980354552143,35.23371511250033],[119.10000234882925,35.19999063115834],[118.9330405022634,35.13359776856581],[118.76637126432809,35.06693768639536],[118.5999950987246,35.000010871389556],[118.5999920811631,34.80000882845162],[118.59998747652536,34.60000891712696],[118.47476593333313,34.45007745732203],[118.34999845738082,34.2999984128561],[118.47520421943632,34.15008022453415],[118.59999245048844,33.99999514287014],[118.74035146618928,33.88353740747634],[118.88035545508698,33.76687268507288],[119.0200052322601,33.65000098966856],[118.91304079863298,33.53344891379212],[118.80715980658455,33.41764199603148],[118.793738,33.43929],[118.781669,33.44606],[118.668045,33.4649],[118.633016,33.477557],[118.618003,33.474025],[118.613293,33.451359],[118.606523,33.451359],[118.610055,33.474908],[118.619475,33.49463],[118.622124,33.507877],[118.606523,33.512881],[118.612999,33.537019],[118.615648,33.563217],[118.606817,33.577935],[118.578558,33.567338],[118.582385,33.583234],[118.583268,33.596186],[118.576792,33.603545],[118.558247,33.602073],[118.56384,33.606783],[118.578558,33.622679],[118.575026,33.62886],[118.575026,33.64299],[118.572377,33.650055],[118.564723,33.658297],[118.562074,33.657414],[118.558541,33.652704],[118.548239,33.650055],[118.469055,33.639457],[118.46199,33.630332],[118.461696,33.618852],[118.469938,33.553798],[118.479652,33.520829],[118.496725,33.48786],[118.518214,33.458129],[118.54088,33.433991],[118.542351,33.427515],[118.539996,33.419273],[118.542057,33.412503],[118.579736,33.406027],[118.585917,33.403377],[118.595337,33.393369],[118.603873,33.380417],[118.615354,33.370409],[118.633899,33.368937],[118.618886,33.353924],[118.60620398092404,33.35229842586496],[118.56405938696594,33.375792343287905],[118.556775,33.387776],[118.537347,33.391603],[118.5363206119779,33.391255595576695],[118.49602891622021,33.413716596717265],[118.494664,33.433991],[118.488777,33.445766],[118.476708,33.444588],[118.472293,33.435758],[118.47122005208026,33.4275310533515],[118.25001059512118,33.55000720495961],[118.10016759778722,33.650125319384465],[117.95000545518957,33.750008563775914],[117.84984659680492,33.62505126347541],[117.74998676473241,33.499994413498555],[117.649786747771,33.325053510819856],[117.54999814143027,33.150008035655375],[117.34984265254347,33.090208699013935],[117.15001074506662,33.03000721043484],[116.9997295963854,32.87511653123622],[116.8500047059522,32.719994177850154],[116.70003437445465,32.75011694266856],[116.54999010624064,32.78000871433704],[116.34970823769535,32.66520828137364],[116.14999965332366,32.5500001546773],[115.94971668969194,32.50040633799591],[115.74971215507485,32.450404451033634],[115.54998769922788,32.39999515557238],[115.37483030880277,32.3251573447776],[115.20001049066992,32.25000539204718],[115.06629832740819,32.1335249099412],[114.93296017612862,32.01685560076624],[114.79999502519675,31.899997578948902],[114.74982915133417,31.750039483760375],[114.69983211569046,31.600040127265874],[114.65000299793812,31.449998739355813],[114.52475435817439,31.275090149651096],[114.40001112839474,31.09999610482632],[114.40328211658961,30.943726006420658],[114.40653776770033,30.787432731591448],[114.40977817004887,30.63111534041194],[114.40277982120516,30.59795480621172],[114.398882,30.602503],[114.390345,30.599854],[114.378571,30.593083],[114.345602,30.563941],[114.319109,30.553344],[114.320287,30.539215],[114.328529,30.523024],[114.33736,30.51125],[114.328529,30.512133],[114.322053,30.510956],[114.317049,30.507423],[114.313222,30.502125],[114.324408,30.493882],[114.347368,30.48093],[114.357965,30.46945],[114.371506,30.483285],[114.362969,30.498298],[114.361498,30.514488],[114.368857,30.530678],[114.385636,30.545691],[114.387696,30.549517],[114.386519,30.553344],[114.386519,30.556876],[114.391817,30.559526],[114.39462224736064,30.55930147347528],[114.37657512388702,30.473788123322585],[114.36945766399695,30.439940458130543],[114.362381,30.441486],[114.334416,30.460619],[114.316166,30.477104],[114.309101,30.454143],[114.303214,30.380847],[114.309984,30.387617],[114.316754,30.377903],[114.330884,30.392032],[114.34413,30.387617],[114.357965,30.422352],[114.362086,30.409694],[114.36255503189764,30.407114424145114],[114.34348471949599,30.316423986931742],[114.31050631019872,30.159022015540344],[114.28952748609488,30.05852864724825],[114.28408,30.047921],[114.278193,30.038501],[114.270834,30.030553],[114.261708,30.024372],[114.25641,30.039384],[114.255527,30.044977],[114.250817,30.034674],[114.248756,30.052336],[114.243163,30.075297],[114.227562,30.079712],[114.22403,30.102673],[114.234627,30.116213],[114.249934,30.126516],[114.261708,30.140645],[114.229623,30.154481],[114.201658,30.144767],[114.177814,30.122689],[114.158681,30.099435],[114.15191,30.113858],[114.147495,30.104733],[114.145434,30.092958],[114.145729,30.066171],[114.147201,30.059401],[114.151616,30.049393],[114.15191,30.044977],[114.15015035156664,30.041937557848115],[114.04871209890783,30.074047558057813],[113.81949612749152,30.145949034703357],[113.58999391096111,30.217285511426883]],[[114.310867,30.504185],[114.309984,30.504774],[114.309984,30.497415],[114.310867,30.498887],[114.313222,30.502125],[114.310867,30.504185]],[[114.111288,30.208349],[114.110994,30.208938],[114.110699,30.209232],[114.110699,30.204817],[114.111288,30.208349]],[[114.132482,30.188921],[114.172222,30.177147],[114.214021,30.173026],[114.241691,30.17538],[114.23551,30.181562],[114.232566,30.185094],[114.229328,30.187155],[114.220792,30.188921],[114.220792,30.195692],[114.234038,30.195986],[114.244341,30.20099],[114.261708,30.216297],[114.261708,30.223656],[114.253172,30.223067],[114.235804,30.224245],[114.227562,30.223656],[114.227562,30.229838],[114.241691,30.229838],[114.23551,30.239257],[114.228151,30.243673],[114.219614,30.247205],[114.210195,30.25427],[114.206957,30.262512],[114.210783,30.271049],[114.216671,30.278702],[114.220792,30.285178],[114.225501,30.30284],[114.226679,30.317558],[114.219909,30.322857],[114.200186,30.313143],[114.19371,30.306078],[114.181641,30.286944],[114.179581,30.281352],[114.176048,30.277819],[114.160741,30.254859],[114.158681,30.250443],[114.126595,30.234842],[114.115409,30.225717],[114.111288,30.208349],[114.132482,30.188921]],[[114.245518,33.070452],[114.213727,33.053967],[114.204307,33.037483],[114.215493,33.019232],[114.232566,33.00157],[114.241691,32.988324],[114.25847,32.960948],[114.268479,32.956238],[114.273188,32.964186],[114.280548,33.023059],[114.269362,33.055733],[114.245518,33.070452]],[[112.582655,33.327137],[112.576179,33.333908],[112.571175,33.340972],[112.567054,33.349509],[112.562933,33.361872],[112.561755,33.354513],[112.559989,33.350392],[112.557929,33.347154],[112.555868,33.341561],[112.548509,33.341561],[112.548509,33.35569],[112.54586,33.350392],[112.534968,33.334496],[112.515246,33.346565],[112.499939,33.3604],[112.488459,33.37659],[112.480217,33.396607],[112.474329,33.3813],[112.47639,33.366876],[112.484043,33.354513],[112.495818,33.344799],[112.510536,33.33744],[112.523782,33.329198],[112.53438,33.318895],[112.541739,33.306826],[112.563227,33.313302],[112.576768,33.300056],[112.589131,33.281805],[112.607087,33.27268],[112.629459,33.282983],[112.634463,33.306826],[112.633286,33.334496],[112.637996,33.35569],[112.626516,33.349803],[112.62004,33.340384],[112.617685,33.328315],[112.617979,33.313596],[112.61062,33.313596],[112.604144,33.317423],[112.588837,33.323016],[112.582655,33.327137]],[[118.160855,34.136639],[118.155851,34.129868],[118.14025,34.094839],[118.136718,34.092484],[118.134363,34.090129],[118.131419,34.088363],[118.126709,34.088068],[118.139956,34.066285],[118.156146,34.050095],[118.174396,34.037438],[118.195002,34.026546],[118.2212,34.018304],[118.23739,34.023308],[118.247693,34.040381],[118.263589,34.082181],[118.26771,34.090718],[118.26506,34.098077],[118.250048,34.108674],[118.238568,34.112795],[118.214724,34.113678],[118.202361,34.116033],[118.190881,34.123392],[118.182638,34.132517],[118.173513,34.138405],[118.160855,34.136639]],[[117.142356,34.740379],[117.140295,34.749799],[117.134996,34.755981],[117.124694,34.748916],[117.117923,34.738024],[117.122928,34.732432],[117.134113,34.723601],[117.134113,34.702701],[117.126166,34.660018],[117.129109,34.637352],[117.169143,34.536091],[117.180329,34.524022],[117.195047,34.527554],[117.201523,34.512836],[117.196519,34.486343],[117.201817,34.472508],[117.229193,34.49017],[117.2445,34.49694],[117.260101,34.499589],[117.261867,34.505477],[117.306316,34.559051],[117.318385,34.569943],[117.340463,34.579951],[117.342818,34.591431],[117.338991,34.612331],[117.327511,34.627344],[117.256569,34.68445],[117.234197,34.69858],[117.185333,34.718302],[117.160312,34.732432],[117.156191,34.732137],[117.147654,34.734492],[117.142356,34.740379]],[[116.244839,35.920779],[116.24896,35.95051],[116.229238,35.979947],[116.240718,35.989366],[116.23277,36.000847],[116.208044,36.020863],[116.204511,36.034698],[116.207749,36.082974],[116.200979,36.102991],[116.196269,36.110939],[116.187733,36.116532],[116.177724,36.064135],[116.165655,36.036465],[116.145933,36.020863],[116.156236,35.997903],[116.143872,35.980241],[116.122678,35.972588],[116.105605,35.979947],[116.109432,35.944623],[116.13563,35.931671],[116.170071,35.926667],[116.225411,35.904589],[116.244839,35.920779]]],[[[120.174897,35.775295],[120.182302,35.76024],[120.183442,35.754543],[120.180349,35.748399],[120.170909,35.743313],[120.159434,35.743313],[120.153331,35.753689],[120.157319,35.767646],[120.164968,35.778957],[120.171479,35.78441],[120.175304,35.783189],[120.174734,35.780137],[120.174897,35.775295]]],[[[120.746593,37.897895],[120.73699,37.904608],[120.726329,37.90884],[120.722423,37.919094],[120.7237933693422,37.92753397418279],[120.75787011616796,37.91714595328693],[120.7588,37.907538],[120.754568,37.896674],[120.746593,37.897895]]],[[[120.615489,37.94831],[120.609386,37.955024],[120.604777531552,37.9638149905669],[120.62534293158717,37.957545794555045],[120.622895,37.948798],[120.618419,37.947008],[120.615489,37.94831]]]]}},{"type":"Feature","properties":{"id":"goryeo","sourceRefs":["atlas-943-fixed-master"]},"geometry":{"type":"MultiPolygon","coordinates":[[[[125.989268,34.790025],[125.995942,34.790758],[126.000743,34.790107],[126.004405,34.787177],[126.007172,34.780951],[126.007579,34.759711],[126.00294,34.761461],[125.991547,34.764106],[125.986501,34.766547],[125.977875,34.757148],[125.964203,34.757066],[125.951671,34.759263],[125.946137,34.756659],[125.944102,34.743232],[125.938731,34.731431],[125.930024,34.722602],[125.918142,34.718166],[125.906423,34.719306],[125.897797,34.72602],[125.892589,34.73664],[125.89088,34.749823],[125.893891,34.762274],[125.901866,34.771064],[125.912852,34.776923],[125.925059,34.780829],[125.93865,34.776516],[125.956554,34.779731],[125.989268,34.790025]]],[[[125.947602,37.094672],[125.950776,37.092841],[125.964854,37.089057],[125.964529,37.081732],[125.958344,37.081529],[125.952485,37.083075],[125.952973,37.076443],[125.951671,37.069729],[125.948822,37.067247],[125.945242,37.068915],[125.944916,37.073228],[125.940033,37.07628],[125.940766,37.082831],[125.945323,37.085354],[125.945974,37.091946],[125.947602,37.094672]]],[[[122.484955,37.413804],[122.488048,37.411933],[122.570567,37.401557],[122.591645,37.404364],[122.600922,37.415025],[122.612397,37.418606],[122.66505,37.414049],[122.680431,37.415025],[122.688243,37.409817],[122.688731,37.389716],[122.678966,37.374661],[122.656098,37.384589],[122.614594,37.370917],[122.585053,37.352688],[122.577403,37.34984],[122.570811,37.344794],[122.591156,37.314154],[122.5918508519571,37.31048259707335],[122.505238481881,37.36517143089524],[122.34196872937756,37.418158],[122.457042,37.418158],[122.461518,37.419623],[122.466075,37.422675],[122.471202,37.42536],[122.478038,37.425605],[122.482188,37.422675],[122.484955,37.413804]]],[[[122.224213,37.457994],[122.245372,37.459703],[122.261811,37.450914],[122.26704907146504,37.442471968572974],[122.22510881784004,37.456083002539145],[122.22267753917477,37.45686397460597],[122.224213,37.457994]]],[[[122.176768,37.497829],[122.170258,37.498806],[122.165375,37.50259],[122.169526,37.504747],[122.174571,37.508775],[122.180268,37.512966],[122.18214,37.510647],[122.186453,37.510159],[122.187592,37.507636],[122.189871,37.508897],[122.192231,37.510159],[122.19394,37.503892],[122.20753,37.496405],[122.176768,37.497829]]],[[[122.095063,37.54914],[122.109467,37.552232],[122.121837,37.56273],[122.139496,37.550605],[122.151866,37.532864],[122.152599,37.514553],[122.135509,37.500678],[122.13083867867259,37.486364330005806],[122.02021360592285,37.521899167267556],[122.025645,37.528022],[122.043793,37.533922],[122.061534,37.537177],[122.071788,37.544501],[122.067149,37.56273],[122.073334,37.56273],[122.082042,37.552924],[122.095063,37.54914]]],[[[125.708832,37.611029],[125.718598,37.613837],[125.7199,37.608791],[125.713064,37.60342],[125.705821,37.601671],[125.708832,37.611029]]],[[[125.67921,37.669664],[125.680431,37.67829],[125.688243,37.679267],[125.699229,37.678127],[125.706228,37.672309],[125.703136,37.661444],[125.693614,37.653957],[125.687836,37.65176],[125.684581,37.657294],[125.67921,37.669664]]],[[[125.284841,37.749498],[125.287446,37.750678],[125.288748,37.753648],[125.292735,37.755439],[125.299327,37.756171],[125.328787,37.766669],[125.337738,37.768704],[125.312755,37.7414],[125.295746,37.727607],[125.269379,37.714097],[125.260997,37.707424],[125.246837,37.699856],[125.226329,37.696357],[125.220551,37.703762],[125.250173,37.731676],[125.264334,37.737209],[125.274587,37.733832],[125.27711,37.740465],[125.27947,37.749416],[125.284841,37.749498]]],[[[125.649587,37.737942],[125.650401,37.73371],[125.646658,37.735256],[125.649587,37.737942]]],[[[125.239919,37.754747],[125.235606,37.747911],[125.237315,37.744371],[125.238129,37.74079],[125.234955,37.739976],[125.22462,37.749701],[125.214285,37.755154],[125.21811,37.75552],[125.224457,37.757392],[125.239919,37.754747]]],[[[124.741222,37.772976],[124.741466,37.775336],[124.743175,37.778144],[124.75644,37.777818],[124.765229,37.778551],[124.7706,37.774807],[124.76824,37.76968],[124.761322,37.768459],[124.751882,37.77025],[124.745372,37.768052],[124.738862,37.761949],[124.729828,37.758612],[124.734141,37.768744],[124.741222,37.772976]]],[[[125.917898,37.781073],[125.921316,37.784084],[125.921235,37.779975],[125.917898,37.776394],[125.904633,37.769232],[125.894054,37.766099],[125.888276,37.76793],[125.890961,37.774482],[125.895925,37.778551],[125.90211,37.774848],[125.910492,37.780219],[125.917898,37.781073]]],[[[125.351329,37.811713],[125.359955,37.810533],[125.347911,37.799913],[125.343272,37.796658],[125.34197,37.792548],[125.334646,37.790188],[125.331554,37.7862],[125.3296,37.781073],[125.329926,37.789455],[125.336436,37.80036],[125.345958,37.805365],[125.351329,37.811713]]],[[[125.147716,37.78559],[125.142833,37.794135],[125.141368,37.799506],[125.146495,37.802232],[125.166189,37.813707],[125.183849,37.818834],[125.188487,37.819078],[125.191417,37.815497],[125.192882,37.811103],[125.190278,37.809027],[125.185069,37.808173],[125.171723,37.797187],[125.156261,37.786689],[125.147716,37.78559]]],[[[125.774181,37.802436],[125.77003,37.796658],[125.760102,37.798529],[125.757742,37.802965],[125.762462,37.81037],[125.772309,37.813585],[125.773774,37.809719],[125.774181,37.802436]]],[[[124.997813,37.813056],[125.002615,37.815416],[125.006847,37.819281],[125.011974,37.821845],[125.019054,37.820299],[125.025401,37.817857],[125.028494,37.818834],[125.02947,37.822984],[125.030121,37.8251],[125.027843,37.830024],[125.030447,37.836168],[125.040782,37.834459],[125.044607,37.824612],[125.041759,37.817288],[125.039561,37.817613],[125.036388,37.81745],[125.025645,37.808295],[125.01588,37.80565],[125.005056,37.805569],[124.997732,37.808417],[124.997813,37.813056]]],[[[124.676524,37.824897],[124.69337,37.835517],[124.704112,37.844387],[124.709158,37.847561],[124.716482,37.84691],[124.724457,37.843655],[124.725841,37.837388],[124.721365,37.828437],[124.718272,37.818183],[124.714203,37.809556],[124.706798,37.806342],[124.698985,37.806871],[124.692393,37.804999],[124.687266,37.800767],[124.684581,37.799994],[124.684581,37.802639],[124.684744,37.803941],[124.681488,37.808824],[124.673513,37.817043],[124.676524,37.824897]]],[[[124.957367,37.91824],[124.955577,37.924425],[124.957042,37.927802],[124.960785,37.928616],[124.966238,37.92418],[124.96518,37.915758],[124.958344,37.914415],[124.957367,37.91824]]],[[[120.734548,37.947659],[120.748383,37.938707],[120.757335,37.922675],[120.75787011616796,37.91714595328693],[120.7237933693422,37.92753397418279],[120.727061,37.947659],[120.734548,37.947659]]],[[[124.732677,37.980455],[124.743663,37.969672],[124.742035,37.955024],[124.728201,37.947008],[124.708751,37.956285],[124.683279,37.954535],[124.677989,37.952541],[124.678396,37.942043],[124.688162,37.938178],[124.69988,37.93651],[124.705333,37.932685],[124.684906,37.919989],[124.644054,37.924506],[124.613617,37.945054],[124.624034,37.980455],[124.649425,37.973293],[124.704926,37.988674],[124.732677,37.980455]]],[[[120.601899,37.969306],[120.606781,37.979885],[120.618988,37.981147],[120.625824,37.972561],[120.625662,37.958686],[120.62534293158717,37.957545794555045],[120.604777531552,37.9638149905669],[120.601899,37.969306]]],[[[120.727306,37.969428],[120.72047,37.964016],[120.709158,37.965766],[120.700531,37.969875],[120.694998,37.974677],[120.690929,37.981431],[120.688243,37.985256],[120.690196,37.990627],[120.704112,37.989651],[120.720063,37.980943],[120.727306,37.969428]]],[[[124.824148,38.061387],[124.823822,38.051418],[124.819998,38.052965],[124.819591,38.058702],[124.824148,38.061387]]],[[[120.754568,38.158189],[120.746593,38.161851],[120.73878,38.175605],[120.742686,38.187567],[120.760427,38.170478],[120.772716,38.165432],[120.773285,38.159735],[120.761241,38.158026],[120.754568,38.158189]]],[[[120.799978,38.293891],[120.802745,38.298407],[120.807384,38.304877],[120.819835,38.313666],[120.833751,38.312567],[120.836192,38.304267],[120.82838,38.298814],[120.824392,38.298326],[120.820486,38.297512],[120.813324,38.293769],[120.806488,38.288235],[120.800059,38.287502],[120.799978,38.293891]]],[[[120.917817,38.395453],[120.924571,38.386868],[120.923188,38.383246],[120.917247,38.384426],[120.914236,38.384101],[120.907563,38.385159],[120.906912,38.392564],[120.917817,38.395453]]],[[[124.794444,38.533922],[124.832205,38.553046],[124.844249,38.555162],[124.849376,38.545885],[124.865733,38.54149],[124.877208,38.536322],[124.883474,38.528551],[124.900401,38.505316],[124.903982,38.494371],[124.861095,38.503852],[124.840831,38.510688],[124.822032,38.522366],[124.79949,38.50849],[124.790294,38.517401],[124.794444,38.533922]]],[[[124.985037,38.639635],[124.990977,38.639553],[124.994151,38.636623],[124.996755,38.637519],[125.00294,38.6435],[125.003998,38.647528],[124.996267,38.646226],[124.985362,38.647325],[124.982758,38.652533],[124.985688,38.656765],[124.989106,38.659084],[124.990245,38.662665],[124.988373,38.668118],[124.988292,38.67357],[124.99464,38.670885],[125.003673,38.659695],[125.007823,38.657497],[125.015636,38.660549],[125.020193,38.659044],[125.016124,38.64647],[125.007498,38.636298],[124.984386,38.622667],[124.97934,38.62519],[124.97934,38.63345],[124.985037,38.639635]]],[[[123.15089,39.073432],[123.143321,39.075832],[123.143565,39.080878],[123.168142,39.08393],[123.17628,39.089993],[123.180675,39.091946],[123.184825,39.086127],[123.195811,39.065334],[123.195567,39.052069],[123.185232,39.042304],[123.172537,39.033677],[123.160655,39.029242],[123.149913,39.036566],[123.145193,39.04328],[123.148123,39.056342],[123.153087,39.062323],[123.164887,39.060492],[123.164724,39.066392],[123.15919,39.071682],[123.15089,39.073432]]],[[[124.720063,39.4171],[124.72698,39.421129],[124.732921,39.418077],[124.72641,39.411566],[124.716807,39.408108],[124.716156,39.414171],[124.720063,39.4171]]],[[[124.61907,39.43301],[124.606619,39.428046],[124.602061,39.427395],[124.596039,39.430243],[124.59311,39.439032],[124.592865,39.446804],[124.601736,39.449327],[124.612559,39.457139],[124.614431,39.449205],[124.615082,39.447496],[124.617849,39.444281],[124.61907,39.43301]]],[[[124.78712,39.463121],[124.787446,39.461493],[124.792003,39.459133],[124.779959,39.451646],[124.773448,39.447333],[124.770274,39.449286],[124.769216,39.451972],[124.772878,39.454495],[124.768891,39.457709],[124.769135,39.465481],[124.779063,39.465155],[124.78712,39.463121]]],[[[124.628429,39.468248],[124.630544,39.463406],[124.627045,39.461575],[124.621267,39.468695],[124.623383,39.473009],[124.628429,39.468248]]],[[[124.624522,39.485297],[124.621918,39.4855],[124.617931,39.493232],[124.625092,39.498969],[124.631358,39.489651],[124.627045,39.489651],[124.624522,39.485297]]],[[[125.111746,39.503363],[125.109711,39.509263],[125.114594,39.509101],[125.111746,39.503363]]],[[[124.804942,39.515815],[124.801524,39.518948],[124.812673,39.513332],[124.809662,39.514146],[124.804942,39.515815]]],[[[124.684587,39.503243],[124.680149,39.507726],[124.683769,39.516094],[124.681974,39.52118],[124.687673,39.527167],[124.69362,39.535079],[124.704708,39.537076],[124.707779,39.530399],[124.707746,39.519317],[124.704845,39.508734],[124.697765,39.50259],[124.684587,39.503243]]],[[[125.203298,39.519639],[125.194672,39.526719],[125.19516,39.531236],[125.203787,39.534329],[125.206065,39.529364],[125.217621,39.525173],[125.210704,39.517076],[125.203298,39.519639]]],[[[125.156505,39.540758],[125.163422,39.540758],[125.15797,39.534491],[125.156098,39.535712],[125.148855,39.529975],[125.144542,39.520779],[125.14031,39.527045],[125.131928,39.529853],[125.138194,39.536607],[125.143809,39.539415],[125.152843,39.541083],[125.156505,39.540758]]],[[[125.162527,39.547065],[125.163585,39.544135],[125.152192,39.543199],[125.146169,39.548367],[125.136078,39.551703],[125.137625,39.555569],[125.141124,39.556301],[125.150727,39.554429],[125.160492,39.555609],[125.162527,39.547065]]],[[[124.741466,39.558214],[124.734141,39.54446],[124.73349,39.551663],[124.736583,39.558661],[124.741466,39.558214]]],[[[124.69809,39.562893],[124.695649,39.553778],[124.687022,39.544745],[124.675548,39.53852],[124.661632,39.538398],[124.644786,39.547675],[124.603526,39.53852],[124.600352,39.5362],[124.595876,39.537909],[124.597423,39.544582],[124.604666,39.549262],[124.614268,39.553412],[124.63087,39.56509],[124.63502,39.563951],[124.648774,39.565253],[124.673839,39.570624],[124.691254,39.569648],[124.69809,39.562893]]],[[[124.909674,39.593554],[124.920254,39.572278],[124.933609,39.550543],[124.912092,39.540803],[124.883182,39.52747],[124.861664,39.507636],[124.842656,39.505162],[124.818563,39.495444],[124.836927,39.520939],[124.849816,39.516534],[124.85697,39.527899],[124.842773,39.538426],[124.845007,39.543176],[124.856588,39.544228],[124.85705,39.548303],[124.859738,39.553139],[124.85441,39.556577],[124.854475,39.573754],[124.870522,39.580934],[124.869706,39.595657],[124.881769,39.603869],[124.880471,39.612455],[124.899193,39.614124],[124.926741,39.604786],[124.922227,39.598289],[124.909674,39.593554]]],[[[124.763357,39.619249],[124.754731,39.614895],[124.759288,39.626085],[124.763357,39.619249]]],[[[124.905365,39.63231],[124.910004,39.628689],[124.909679,39.622301],[124.908458,39.622341],[124.898855,39.628567],[124.901215,39.629503],[124.905365,39.63231]]],[[[124.768077,39.639797],[124.76474,39.63109],[124.757986,39.632717],[124.759613,39.640082],[124.768077,39.639797]]],[[[124.842296,39.643785],[124.838715,39.637926],[124.825206,39.644924],[124.831554,39.647488],[124.842296,39.643785]]],[[[124.729805,39.665293],[124.734244,39.654996],[124.743907,39.644355],[124.735137,39.641588],[124.716412,39.647128],[124.695017,39.63754],[124.674929,39.622069],[124.649063,39.612121],[124.640575,39.594604],[124.637452,39.590483],[124.62379,39.597968],[124.624115,39.6022],[124.625336,39.60517],[124.629405,39.61164],[124.621918,39.613105],[124.618663,39.614732],[124.615733,39.617865],[124.610803,39.628651],[124.628574,39.644748],[124.632149,39.662946],[124.645095,39.669466],[124.649913,39.683661],[124.646983,39.697577],[124.639903,39.698065],[124.63144,39.693915],[124.62379,39.693549],[124.619884,39.697943],[124.613373,39.709784],[124.609467,39.714667],[124.60801156444515,39.71540773127141],[124.75097626436485,39.72418642679494],[124.750255,39.722357],[124.750021,39.709892],[124.744187,39.701308],[124.744624,39.691356],[124.757115,39.687906],[124.753045,39.672459],[124.740532,39.671792],[124.729805,39.665293]]],[[[124.447927,39.686387],[124.453787,39.687649],[124.45696,39.682807],[124.452322,39.682563],[124.447927,39.686387]]],[[[126.414887,34.457913],[126.417166,34.449856],[126.413829,34.452786],[126.414317,34.456366],[126.414887,34.457913]]],[[[126.408214,34.461208],[126.41212,34.467922],[126.414887,34.458116],[126.413097,34.458848],[126.408214,34.461208]]],[[[126.350352,34.538153],[126.380056,34.49844],[126.381602,34.484687],[126.378917,34.469306],[126.373546,34.454413],[126.353852,34.419582],[126.345876,34.409003],[126.335948,34.403469],[126.334239,34.406562],[126.317149,34.419908],[126.309255,34.423977],[126.309255,34.417711],[126.305186,34.401679],[126.209972,34.358791],[126.198497,34.355536],[126.156423,34.352607],[126.144786,34.355048],[126.142589,34.363756],[126.148204,34.37108],[126.15561,34.377183],[126.158458,34.38231],[126.153087,34.388495],[126.124278,34.403469],[126.124278,34.38231],[126.103282,34.402777],[126.115733,34.436184],[126.144216,34.463202],[126.17213,34.464911],[126.181163,34.486518],[126.187022,34.494208],[126.1963,34.502753],[126.207042,34.507636],[126.216563,34.508979],[126.223806,34.513414],[126.226573,34.527574],[126.238292,34.515692],[126.254161,34.51435],[126.268321,34.52204],[126.274425,34.537258],[126.266775,34.54975],[126.241059,34.566474],[126.247732,34.574774],[126.263927,34.575751],[126.280447,34.568305],[126.29477,34.558905],[126.305431,34.554267],[126.307872,34.551459],[126.310802,34.545152],[126.315603,34.538275],[126.322276,34.53384],[126.326834,34.535061],[126.349457,34.54682],[126.350352,34.538153]]],[[[126.062511,34.491116],[126.057302,34.484849],[126.059418,34.483018],[126.06544,34.483181],[126.067719,34.482082],[126.065196,34.47781],[126.053966,34.470933],[126.045421,34.46308],[126.04480431857814,34.462851644515965],[126.03696388719284,34.47141632751809],[126.036794,34.472398],[126.032563,34.47956],[126.033295,34.481838],[126.039154,34.484727],[126.045665,34.490627],[126.04835,34.497138],[126.056977,34.495632],[126.062511,34.491116]]],[[[126.064952,34.563788],[126.076345,34.57099],[126.081309,34.580756],[126.076427,34.590766],[126.066417,34.60399],[126.060069,34.620795],[126.067638,34.625474],[126.079845,34.617377],[126.087087,34.611151],[126.099376,34.605455],[126.100108,34.596747],[126.102387,34.594875],[126.104259,34.589789],[126.103363,34.579413],[126.100271,34.568305],[126.099376,34.558661],[126.093761,34.553656],[126.085704,34.548733],[126.077322,34.542182],[126.057628,34.532538],[126.046723,34.531155],[126.035167,34.533922],[126.031586,34.539049],[126.037364,34.540717],[126.043468,34.540961],[126.048513,34.545152],[126.054454,34.548896],[126.053477,34.552314],[126.031261,34.556383],[126.036632,34.561672],[126.050466,34.563422],[126.064952,34.563788]]],[[[126.060395,34.584296],[126.057628,34.572577],[126.048595,34.570054],[126.038097,34.569485],[126.028575,34.565863],[126.020518,34.571438],[126.016612,34.606147],[126.020193,34.625434],[126.028575,34.634223],[126.041352,34.611151],[126.052013,34.598334],[126.060395,34.584296]]],[[[125.96811,34.64232],[125.970876,34.634833],[125.974132,34.634101],[125.977061,34.628811],[125.976817,34.618679],[125.96811,34.62169],[125.964447,34.627387],[125.96046,34.625963],[125.951101,34.627712],[125.94573,34.63642],[125.950369,34.638821],[125.95753,34.644151],[125.962576,34.644355],[125.96811,34.64232]]],[[[126.153982,34.672268],[126.160492,34.669664],[126.16155,34.663682],[126.156749,34.657416],[126.158051,34.653551],[126.174246,34.663764],[126.185069,34.653876],[126.187266,34.640611],[126.198822,34.640937],[126.200206,34.637437],[126.181814,34.629665],[126.176199,34.623643],[126.169688,34.623643],[126.16212,34.625881],[126.156098,34.623847],[126.152924,34.620063],[126.149669,34.619289],[126.143891,34.619289],[126.138031,34.61754],[126.132172,34.614163],[126.127615,34.613349],[126.125499,34.616197],[126.128917,34.641547],[126.121511,34.644843],[126.115896,34.649359],[126.11964,34.653062],[126.126394,34.655788],[126.130138,34.660142],[126.149099,34.67182],[126.153982,34.672268]]],[[[125.929454,34.672309],[125.925059,34.670966],[125.916026,34.687649],[125.922862,34.69538],[125.952403,34.705146],[125.970551,34.725653],[125.976736,34.728258],[125.980479,34.726223],[125.989024,34.713324],[126.000987,34.704413],[126.00408,34.700263],[126.005382,34.692613],[126.003184,34.68476],[125.999034,34.677436],[125.983897,34.660631],[125.976899,34.656399],[125.969981,34.655911],[125.959727,34.656684],[125.959646,34.659817],[125.94516,34.666815],[125.929454,34.672309]]],[[[126.108246,34.701443],[126.102631,34.696519],[126.094574,34.702419],[126.097667,34.70836],[126.107758,34.713365],[126.108246,34.701443]]],[[[126.133149,34.761217],[126.141938,34.757554],[126.153819,34.756903],[126.163585,34.75495],[126.170258,34.749945],[126.173839,34.744452],[126.173106,34.739447],[126.174083,34.732815],[126.177501,34.724066],[126.177908,34.713365],[126.17213,34.703803],[126.159434,34.702786],[126.147716,34.712348],[126.138438,34.723456],[126.127696,34.723578],[126.122325,34.719631],[126.118826,34.718248],[126.111339,34.717719],[126.104259,34.721991],[126.10255,34.730536],[126.093435,34.744289],[126.073741,34.761379],[126.069591,34.76968],[126.079275,34.767564],[126.087169,34.767524],[126.094574,34.770657],[126.105235,34.771552],[126.117849,34.769965],[126.127208,34.766547],[126.133149,34.761217]]],[[[126.319509,34.765489],[126.318858,34.760606],[126.315033,34.760077],[126.305919,34.779527],[126.313813,34.783108],[126.317393,34.787624],[126.321625,34.786322],[126.324799,34.783515],[126.328543,34.780788],[126.322846,34.774685],[126.317475,34.772488],[126.316661,34.768175],[126.319509,34.765489]]],[[[126.164236,34.769761],[126.158214,34.764472],[126.146251,34.761868],[126.134613,34.76732],[126.121593,34.776516],[126.104828,34.781643],[126.09254,34.787584],[126.102387,34.794379],[126.127289,34.797756],[126.141856,34.802965],[126.149425,34.808092],[126.159028,34.804592],[126.16627,34.796454],[126.168712,34.792304],[126.165538,34.7897],[126.16212,34.783271],[126.164236,34.769761]]],[[[126.115896,34.803127],[126.105235,34.798163],[126.096202,34.798774],[126.094005,34.804674],[126.094412,34.808661],[126.079438,34.822659],[126.071056,34.83218],[126.064138,34.842597],[126.067149,34.850531],[126.081798,34.856594],[126.093761,34.857611],[126.103282,34.853176],[126.112559,34.85342],[126.115245,34.859442],[126.113292,34.871161],[126.122813,34.878811],[126.135916,34.878607],[126.142263,34.879136],[126.147227,34.876858],[126.152029,34.871161],[126.153087,34.864976],[126.139659,34.857896],[126.144542,34.842353],[126.1421,34.832913],[126.13502,34.829291],[126.125173,34.829657],[126.118907,34.823798],[126.119151,34.812649],[126.115896,34.803127]]],[[[126.236095,34.859809],[126.251964,34.860663],[126.272309,34.866767],[126.27589,34.87051],[126.279145,34.873277],[126.280121,34.877509],[126.292654,34.880683],[126.29713,34.886908],[126.297618,34.894232],[126.289806,34.903022],[126.286469,34.912909],[126.297374,34.917548],[126.314708,34.91413],[126.33253,34.906724],[126.345225,34.896226],[126.343923,34.890326],[126.335216,34.88939],[126.319998,34.88109],[126.318126,34.876451],[126.318696,34.870551],[126.320079,34.865871],[126.326508,34.864203],[126.340668,34.864081],[126.35963,34.858588],[126.361664,34.837388],[126.342052,34.822496],[126.331309,34.825832],[126.337657,34.831732],[126.340831,34.83747],[126.338227,34.841457],[126.310313,34.854071],[126.306163,34.855902],[126.276622,34.851955],[126.26352,34.846666],[126.248709,34.844713],[126.236827,34.848049],[126.230724,34.85456],[126.236095,34.859809]]],[[[126.08074,34.870998],[126.069102,34.862738],[126.054698,34.859198],[126.046397,34.861802],[126.039887,34.866441],[126.031423,34.868964],[125.99879,34.862942],[125.986501,34.862738],[125.986501,34.868964],[125.996349,34.876044],[126.014334,34.899644],[126.028005,34.909898],[126.034434,34.909573],[126.043956,34.907416],[126.052257,34.907538],[126.056,34.913642],[126.060313,34.926907],[126.070079,34.9289],[126.081228,34.922593],[126.089122,34.911322],[126.091482,34.896918],[126.08839,34.882961],[126.08074,34.870998]]],[[[126.24643,34.916246],[126.237559,34.913072],[126.225352,34.913398],[126.220388,34.922431],[126.222423,34.931952],[126.230235,34.935452],[126.247325,34.935452],[126.253184,34.933498],[126.253429,34.929185],[126.250173,34.91885],[126.24643,34.916246]]],[[[126.294851,34.948188],[126.300141,34.938218],[126.296316,34.932603],[126.280447,34.936957],[126.276947,34.947577],[126.273855,34.952379],[126.268321,34.960679],[126.262055,34.9678],[126.266775,34.968166],[126.272309,34.965644],[126.272309,34.968736],[126.276134,34.969062],[126.280284,34.965155],[126.288585,34.961412],[126.294851,34.948188]]],[[[126.199474,34.969631],[126.20338,34.978258],[126.211355,34.982652],[126.217214,34.98546],[126.218191,34.981472],[126.215668,34.977159],[126.216645,34.974351],[126.213796,34.966254],[126.211681,34.953152],[126.206716,34.955634],[126.201671,34.963772],[126.199474,34.969631]]],[[[126.128266,34.95364],[126.135509,34.967271],[126.13795,34.988267],[126.148448,34.992133],[126.151785,34.996772],[126.147878,34.997504],[126.1421,34.995917],[126.115082,34.995266],[126.111501,34.996609],[126.10491,34.995469],[126.098155,34.998358],[126.097179,35.00255],[126.100434,35.005032],[126.108328,35.00727],[126.111501,35.009508],[126.113292,35.01378],[126.117605,35.01671],[126.122569,35.0185],[126.127452,35.022447],[126.133962,35.024563],[126.142426,35.023383],[126.146821,35.021552],[126.151622,35.021267],[126.153819,35.019517],[126.155447,35.017239],[126.158865,35.016343],[126.160899,35.014309],[126.161306,35.009508],[126.163503,35.003485],[126.170584,34.999742],[126.177989,34.996609],[126.179861,34.991726],[126.177582,34.978135],[126.165375,34.969591],[126.146007,34.965928],[126.14446,34.959621],[126.146414,34.953843],[126.14503,34.951158],[126.132091,34.948839],[126.129487,34.946967],[126.126801,34.947333],[126.128266,34.95364]]],[[[126.262055,34.999905],[126.264496,34.99669],[126.270193,34.991116],[126.271007,34.981716],[126.270356,34.976996],[126.260265,34.976223],[126.255056,34.97248],[126.250743,34.975572],[126.244721,34.975572],[126.248464,34.979967],[126.250011,34.985785],[126.24936,34.998074],[126.243093,35.004462],[126.247406,35.006659],[126.253754,35.005479],[126.262055,34.999905]]],[[[126.180919,35.044013],[126.181895,35.038886],[126.181651,35.02912],[126.177419,35.025946],[126.172374,35.023627],[126.167003,35.025295],[126.158051,35.033433],[126.153982,35.035712],[126.148611,35.033515],[126.143809,35.033922],[126.142345,35.038275],[126.13852,35.039862],[126.133556,35.03974],[126.132172,35.041938],[126.139415,35.046454],[126.136567,35.047756],[126.132091,35.047105],[126.127778,35.048163],[126.129649,35.05268],[126.13738,35.056871],[126.143809,35.057685],[126.152517,35.054389],[126.165294,35.055243],[126.174164,35.053168],[126.178396,35.048489],[126.180919,35.044013]]],[[[126.177501,35.10578],[126.18922,35.10224],[126.198578,35.097113],[126.207042,35.099514],[126.216645,35.103664],[126.22283,35.101142],[126.224946,35.096747],[126.229828,35.09691],[126.236013,35.098375],[126.238536,35.091864],[126.231619,35.086127],[126.222423,35.085639],[126.218516,35.081936],[126.218516,35.076606],[126.229503,35.067328],[126.23878,35.06387],[126.249197,35.0633],[126.255138,35.056383],[126.258149,35.047512],[126.263194,35.041897],[126.264985,35.034247],[126.261078,35.024563],[126.257172,35.021959],[126.254568,35.025092],[126.242931,35.027289],[126.238048,35.032416],[126.23406,35.038316],[126.234223,35.047065],[126.236095,35.051947],[126.229259,35.053656],[126.203624,35.057196],[126.197927,35.061265],[126.189138,35.061957],[126.184825,35.06269],[126.180512,35.065904],[126.174815,35.068264],[126.169444,35.073676],[126.158702,35.094224],[126.164806,35.102281],[126.177501,35.10578]]],[[[126.009369,35.088772],[126.010265,35.097032],[126.014985,35.099351],[126.021007,35.100124],[126.025727,35.093329],[126.025564,35.075832],[126.021983,35.078884],[126.01531,35.081529],[126.009369,35.088772]]],[[[126.110606,35.051174],[126.105235,35.050035],[126.078624,35.055854],[126.069102,35.054592],[126.06544,35.05683],[126.062999,35.059027],[126.060395,35.060736],[126.056,35.061347],[126.063813,35.093085],[126.069102,35.102362],[126.07602,35.105618],[126.087901,35.108873],[126.098888,35.113267],[126.10377,35.119696],[126.111339,35.133287],[126.129405,35.14289],[126.149913,35.146877],[126.165212,35.1435],[126.134776,35.128974],[126.127778,35.120551],[126.126964,35.110541],[126.131358,35.100246],[126.144786,35.082465],[126.134044,35.078803],[126.122813,35.06981],[126.114268,35.059312],[126.110606,35.051174]]],[[[126.137706,35.272935],[126.133718,35.280097],[126.130626,35.284491],[126.130219,35.287909],[126.134369,35.291571],[126.135916,35.294338],[126.137869,35.297471],[126.144379,35.294745],[126.149343,35.290147],[126.151215,35.281114],[126.154145,35.276435],[126.149343,35.274604],[126.140554,35.268948],[126.137706,35.272935]]],[[[126.036876,35.349148],[126.039073,35.342841],[126.032319,35.338568],[126.029877,35.33572],[126.025076,35.335313],[126.013682,35.331895],[126.015798,35.33747],[126.009613,35.341457],[126.006196,35.344346],[126.009613,35.345974],[126.013031,35.346829],[126.016775,35.344957],[126.019379,35.345201],[126.017019,35.349677],[126.012543,35.352484],[126.008881,35.354641],[126.014008,35.357408],[126.021658,35.363023],[126.027924,35.358303],[126.029552,35.354967],[126.034841,35.353095],[126.036876,35.349148]]],[[[126.252452,35.587307],[126.26295,35.591783],[126.261485,35.593411],[126.256521,35.596015],[126.258962,35.598375],[126.264496,35.600898],[126.26824,35.605211],[126.274262,35.606024],[126.277843,35.607367],[126.276134,35.61286],[126.280447,35.612698],[126.291759,35.611029],[126.299327,35.616034],[126.302989,35.61933],[126.307302,35.616645],[126.309418,35.610663],[126.305675,35.603217],[126.287283,35.590277],[126.274913,35.579047],[126.2671,35.574123],[126.263845,35.571682],[126.258067,35.570624],[126.253673,35.574368],[126.250499,35.580959],[126.252452,35.587307]]],[[[126.372488,35.853217],[126.378754,35.854071],[126.380544,35.848334],[126.370453,35.84455],[126.362966,35.844997],[126.360362,35.847724],[126.363943,35.84809],[126.364838,35.85045],[126.365245,35.852769],[126.372488,35.853217]]],[[[125.970063,36.119086],[125.978608,36.126207],[125.991222,36.122341],[125.995128,36.111436],[125.988943,36.117703],[125.983735,36.116726],[125.985606,36.1105],[125.97991,36.107408],[125.973237,36.111884],[125.970063,36.119086]]],[[[126.0949,36.224921],[126.076589,36.218899],[126.064708,36.220771],[126.069998,36.227607],[126.073497,36.229478],[126.073741,36.233547],[126.077729,36.23428],[126.091156,36.232774],[126.0949,36.224921]]],[[[126.342621,36.340847],[126.349539,36.346584],[126.353201,36.355943],[126.358002,36.354153],[126.360769,36.342637],[126.367686,36.336575],[126.36378,36.332343],[126.359141,36.326361],[126.357921,36.326036],[126.348399,36.331],[126.339203,36.327623],[126.338145,36.330105],[126.342621,36.340847]]],[[[126.382986,36.375067],[126.386078,36.380357],[126.392751,36.380723],[126.398774,36.379218],[126.406179,36.375596],[126.410981,36.377468],[126.412446,36.383002],[126.423025,36.385688],[126.428071,36.384955],[126.431895,36.380723],[126.436778,36.369656],[126.441173,36.364773],[126.458018,36.361599],[126.458181,36.358018],[126.450287,36.355292],[126.387462,36.368923],[126.382986,36.375067]]],[[[126.377615,36.446194],[126.35377,36.434068],[126.342621,36.438381],[126.345714,36.453315],[126.36378,36.473456],[126.356944,36.479641],[126.343272,36.46662],[126.33864,36.475611],[126.328143,36.471089],[126.333606,36.495093],[126.329763,36.531724],[126.325153,36.553864],[126.314818,36.581787],[126.323463,36.590891],[126.341181,36.604134],[126.360244,36.60936],[126.373546,36.592231],[126.375336,36.586086],[126.370994,36.578754],[126.363367,36.57384],[126.364266,36.56697],[126.381114,36.536282],[126.3838,36.526516],[126.379405,36.518378],[126.384566,36.511198],[126.39591,36.505792],[126.404796,36.493313],[126.3838,36.493313],[126.3838,36.487128],[126.390636,36.486029],[126.404796,36.479641],[126.403691,36.473344],[126.402687,36.468392],[126.405414,36.458836],[126.412934,36.440334],[126.426443,36.42357],[126.43214,36.407945],[126.422618,36.411526],[126.378184,36.409491],[126.36378,36.411363],[126.361053,36.426321],[126.365874,36.431645],[126.373556,36.437337],[126.377615,36.446194]]],[[[126.047862,36.671698],[126.052826,36.674547],[126.066254,36.679226],[126.07488,36.681749],[126.08017,36.690985],[126.083588,36.690579],[126.084646,36.686347],[126.08253,36.677395],[126.079031,36.672349],[126.074392,36.670315],[126.069835,36.67296],[126.054698,36.666734],[126.047862,36.671698]]],[[[125.978689,37.040473],[125.986664,37.040391],[125.992361,37.033393],[125.990571,37.029405],[125.999278,37.026801],[126.005463,37.024888],[126.01116,37.028673],[126.013927,37.028469],[126.00823,37.020616],[125.992035,37.019232],[125.987559,37.024848],[125.984304,37.026801],[125.978689,37.040473]]],[[[126.072765,37.083075],[126.067068,37.083035],[126.063324,37.087185],[126.072846,37.093736],[126.065278,37.096544],[126.059744,37.095933],[126.065603,37.103705],[126.085134,37.106838],[126.075369,37.082831],[126.072765,37.083075]]],[[[126.38144,37.114895],[126.388601,37.115261],[126.392914,37.097805],[126.386241,37.102769],[126.381196,37.103868],[126.38144,37.114895]]],[[[126.275727,37.16413],[126.280691,37.156968],[126.271414,37.160061],[126.266449,37.166938],[126.258881,37.166938],[126.250011,37.169298],[126.244965,37.177843],[126.253429,37.177517],[126.258393,37.182522],[126.267996,37.176581],[126.270763,37.168077],[126.275727,37.16413]]],[[[126.109955,37.171536],[126.110688,37.168077],[126.109467,37.165066],[126.095225,37.165391],[126.090017,37.171495],[126.087657,37.18065],[126.089529,37.185777],[126.100759,37.186265],[126.10727,37.179674],[126.109141,37.181016],[126.112966,37.18008],[126.109711,37.17532],[126.109955,37.171536]]],[[[126.15504,37.225735],[126.142345,37.215399],[126.133311,37.212348],[126.121593,37.210924],[126.111664,37.214545],[126.105154,37.223578],[126.10255,37.228664],[126.099864,37.228013],[126.092784,37.22484],[126.088634,37.225979],[126.088715,37.22956],[126.091807,37.245917],[126.097423,37.259426],[126.104747,37.267524],[126.112804,37.263088],[126.119802,37.253607],[126.126964,37.248928],[126.151622,37.238593],[126.15919,37.23192],[126.15504,37.225735]]],[[[126.340343,37.255154],[126.333181,37.246649],[126.322032,37.244737],[126.312348,37.247301],[126.303396,37.251614],[126.296397,37.251573],[126.28183,37.26024],[126.280691,37.26321],[126.283458,37.267198],[126.287608,37.268744],[126.325043,37.258612],[126.33196,37.258897],[126.337413,37.260525],[126.340343,37.255154]]],[[[126.438487,37.383083],[126.438487,37.378201],[126.436127,37.371975],[126.424815,37.367214],[126.412364,37.367458],[126.404389,37.387966],[126.399343,37.391913],[126.399099,37.398627],[126.403168,37.407131],[126.409272,37.408352],[126.417491,37.403388],[126.429373,37.390367],[126.434662,37.387397],[126.438487,37.383083]]],[[[126.320893,37.543484],[126.311697,37.553412],[126.312511,37.55622],[126.318044,37.55626],[126.334321,37.549384],[126.348481,37.537421],[126.377778,37.536485],[126.382335,37.532091],[126.36964,37.527899],[126.337738,37.52733],[126.331554,37.52558],[126.328054,37.528835],[126.320893,37.543484]]],[[[126.257009,37.631903],[126.260346,37.627997],[126.255544,37.626614],[126.23935,37.636054],[126.22698,37.647895],[126.22698,37.65119],[126.252778,37.653225],[126.254731,37.64879],[126.253591,37.634385],[126.257009,37.631903]]],[[[126.206472,37.661404],[126.203787,37.654975],[126.195486,37.655911],[126.179617,37.667467],[126.171886,37.667467],[126.164968,37.668647],[126.157888,37.674018],[126.194835,37.683865],[126.201427,37.674587],[126.206472,37.661404]]],[[[126.142019,37.686998],[126.138682,37.679551],[126.134776,37.681464],[126.125173,37.682644],[126.12322,37.68887],[126.130219,37.691352],[126.142019,37.686998]]],[[[126.294932,37.713568],[126.300629,37.732367],[126.303722,37.737209],[126.308604,37.742336],[126.31422,37.74608],[126.319998,37.747219],[126.323741,37.745551],[126.326182,37.742499],[126.327647,37.738267],[126.33074,37.719957],[126.331879,37.716498],[126.336681,37.709906],[126.343028,37.704291],[126.3567,37.695136],[126.369151,37.687323],[126.378754,37.678697],[126.380707,37.669176],[126.370128,37.658352],[126.349864,37.657375],[126.281993,37.699286],[126.290782,37.705634],[126.294932,37.713568]]],[[[126.218435,37.720649],[126.22462,37.723131],[126.236827,37.72248],[126.243093,37.716986],[126.234304,37.71662],[126.232107,37.714382],[126.218435,37.720649]]],[[[126.276541,37.81151],[126.295258,37.802476],[126.314952,37.80272],[126.333263,37.800442],[126.34254,37.792141],[126.335948,37.7744],[126.318207,37.762274],[126.296235,37.761135],[126.254568,37.768215],[126.245372,37.765367],[126.234141,37.760647],[126.224457,37.760443],[126.22047,37.771308],[126.222667,37.774726],[126.234141,37.802314],[126.24643,37.811754],[126.260509,37.814765],[126.276541,37.81151]]],[[[126.951427,33.524929],[126.955414,33.522976],[126.959402,33.519436],[126.958914,33.51675],[126.96250150245889,33.508937238637444],[126.94792359764774,33.521711678454594],[126.948334,33.52265],[126.951427,33.524929]]],[[[126.912446,33.970852],[126.911794,33.975531],[126.91033,33.986436],[126.91863,33.990627],[126.92571,33.989651],[126.935232,33.974107],[126.912446,33.970852]]],[[[127.324718,34.010688],[127.323497,34.005764],[127.309337,34.011461],[127.295665,34.014106],[127.293224,34.017239],[127.289806,34.024075],[127.287608,34.032416],[127.283865,34.034613],[127.280772,34.037787],[127.278331,34.044623],[127.279796,34.048651],[127.279307,34.05329],[127.28004,34.05744],[127.283214,34.058295],[127.286876,34.057278],[127.291515,34.058498],[127.2942,34.061103],[127.295665,34.061469],[127.298106,34.057196],[127.294688,34.047919],[127.296397,34.037584],[127.309093,34.020087],[127.314952,34.015774],[127.322113,34.014106],[127.324718,34.010688]]],[[[127.332856,34.03323],[127.330333,34.033149],[127.318696,34.03734],[127.312836,34.044501],[127.306977,34.053982],[127.30836,34.060411],[127.312511,34.058702],[127.318777,34.056179],[127.323009,34.059312],[127.325369,34.056383],[127.327566,34.049384],[127.327973,34.044135],[127.332123,34.041897],[127.333832,34.039455],[127.334646,34.036892],[127.334809,34.035386],[127.332856,34.03323]]],[[[126.587576,34.107978],[126.584646,34.113756],[126.588064,34.116319],[126.5949,34.115343],[126.601085,34.106838],[126.604096,34.099148],[126.603445,34.097317],[126.596121,34.100409],[126.584646,34.10102],[126.581554,34.101671],[126.584646,34.105414],[126.587576,34.107978]]],[[[126.613536,34.152533],[126.609386,34.155666],[126.605805,34.156155],[126.604015,34.152248],[126.600271,34.153469],[126.591156,34.15762],[126.581798,34.157416],[126.576427,34.153062],[126.573009,34.147691],[126.56186,34.141425],[126.551931,34.133979],[126.536876,34.126451],[126.517751,34.127143],[126.507091,34.138861],[126.506358,34.153998],[126.515147,34.16885],[126.532888,34.179104],[126.548106,34.179104],[126.567882,34.168647],[126.573741,34.168036],[126.582042,34.170152],[126.593272,34.169989],[126.598969,34.168647],[126.607677,34.165595],[126.615977,34.156968],[126.613536,34.152533]]],[[[126.67628,34.143541],[126.671886,34.142971],[126.670421,34.13703],[126.670421,34.126939],[126.665375,34.119086],[126.655528,34.116848],[126.650401,34.119371],[126.648611,34.12401],[126.643809,34.127183],[126.638682,34.128119],[126.636485,34.141547],[126.642833,34.164618],[126.64503,34.177476],[126.638438,34.182563],[126.636485,34.187161],[126.644786,34.193752],[126.645274,34.19717],[126.653819,34.197089],[126.670746,34.189887],[126.673106,34.180121],[126.663585,34.173326],[126.661876,34.165717],[126.672048,34.153266],[126.676036,34.151435],[126.679454,34.146552],[126.67628,34.143541]]],[[[126.856944,34.157172],[126.853201,34.159003],[126.849132,34.174384],[126.855317,34.18476],[126.856944,34.194281],[126.86085,34.20185],[126.867931,34.207465],[126.882172,34.213284],[126.899262,34.209662],[126.909353,34.197699],[126.918956,34.190497],[126.924978,34.184882],[126.922374,34.172349],[126.919932,34.166978],[126.913585,34.15766],[126.901866,34.152411],[126.886974,34.151353],[126.875987,34.156073],[126.866954,34.162828],[126.860362,34.162177],[126.856944,34.157172]]],[[[126.759125,34.177029],[126.752615,34.185411],[126.747325,34.189358],[126.749685,34.196967],[126.749197,34.202582],[126.763682,34.212104],[126.767751,34.202135],[126.769949,34.198757],[126.769786,34.195502],[126.768321,34.19066],[126.761729,34.183498],[126.759125,34.177029]]],[[[126.562185,34.222317],[126.561534,34.225165],[126.556407,34.232123],[126.559744,34.234524],[126.567638,34.232408],[126.575369,34.228949],[126.596202,34.22602],[126.606944,34.221381],[126.612153,34.218166],[126.616222,34.213284],[126.617035,34.204535],[126.610118,34.199693],[126.606619,34.1883],[126.592052,34.187649],[126.583995,34.186265],[126.588878,34.179104],[126.583832,34.175605],[126.568614,34.179023],[126.56072,34.185126],[126.558767,34.189154],[126.554535,34.190416],[126.549815,34.19123],[126.548839,34.194566],[126.553966,34.206529],[126.556895,34.211005],[126.557302,34.214057],[126.555349,34.216457],[126.556163,34.218655],[126.559825,34.22016],[126.562185,34.222317]]],[[[127.263276,34.213284],[127.258393,34.212063],[127.240082,34.215033],[127.222423,34.211127],[127.230642,34.232652],[127.240571,34.240465],[127.244151,34.245795],[127.248546,34.248725],[127.253673,34.250515],[127.258311,34.250067],[127.261241,34.246121],[127.262625,34.241319],[127.261485,34.229926],[127.262055,34.22842],[127.257823,34.225206],[127.256114,34.221584],[127.260753,34.217149],[127.263276,34.213284]]],[[[126.625987,34.239325],[126.62086,34.239936],[126.614024,34.234971],[126.60906,34.23607],[126.598481,34.2331],[126.592621,34.241645],[126.600434,34.247667],[126.601817,34.250718],[126.604421,34.248928],[126.607107,34.250474],[126.612153,34.251166],[126.620535,34.24787],[126.625987,34.239325]]],[[[127.534028,34.271104],[127.538422,34.270046],[127.538097,34.263373],[127.534028,34.261094],[127.525971,34.268134],[127.534028,34.271104]]],[[[126.557384,34.274807],[126.547944,34.276679],[126.53891,34.275743],[126.539236,34.284776],[126.548595,34.282294],[126.565033,34.284776],[126.57073,34.280788],[126.561371,34.276842],[126.557384,34.274807]]],[[[127.34905,34.267971],[127.351573,34.296007],[127.354828,34.289211],[127.361339,34.291775],[127.367361,34.293321],[127.370779,34.288845],[127.366384,34.286648],[127.363943,34.281236],[127.34905,34.267971]]],[[[127.389578,34.277981],[127.387625,34.284939],[127.386648,34.294135],[127.400645,34.294582],[127.399506,34.28262],[127.396658,34.280422],[127.395437,34.281236],[127.392182,34.280056],[127.389578,34.277981]]],[[[126.968842,34.305162],[126.965831,34.309475],[126.96046,34.311998],[126.955984,34.316596],[126.956065,34.325466],[126.959321,34.331651],[126.972748,34.338121],[126.997406,34.338853],[127.002778,34.337144],[127.013031,34.331732],[127.013601,34.324978],[127.009044,34.319566],[126.989106,34.307563],[126.983816,34.307156],[126.975759,34.304551],[126.968842,34.305162]]],[[[126.757579,34.336127],[126.767833,34.337226],[126.777843,34.339667],[126.782237,34.341783],[126.785899,34.343248],[126.793793,34.342231],[126.802908,34.33869],[126.813975,34.342515],[126.827485,34.35163],[126.837657,34.353746],[126.843516,34.350043],[126.850759,34.348456],[126.854991,34.3487],[126.859223,34.349351],[126.870372,34.348375],[126.884532,34.345526],[126.893321,34.341254],[126.891368,34.33393],[126.88559,34.328315],[126.884044,34.324897],[126.883067,34.317939],[126.876801,34.312242],[126.868175,34.313625],[126.858897,34.312201],[126.853852,34.308539],[126.84962,34.304918],[126.840587,34.303371],[126.835704,34.309149],[126.833669,34.31684],[126.828298,34.322903],[126.820567,34.325629],[126.810313,34.324368],[126.79835,34.320868],[126.788748,34.32095],[126.784923,34.322577],[126.781098,34.324652],[126.758962,34.33275],[126.757579,34.336127]]],[[[126.476003,34.342678],[126.474701,34.336859],[126.474457,34.333401],[126.470551,34.334215],[126.464854,34.340725],[126.465994,34.346381],[126.471609,34.345404],[126.476003,34.342678]]],[[[126.688813,34.307563],[126.69809,34.313422],[126.695649,34.320787],[126.687022,34.322699],[126.676606,34.320461],[126.663585,34.323432],[126.651866,34.329779],[126.644867,34.337104],[126.641938,34.347968],[126.640961,34.360338],[126.641775,34.372952],[126.645763,34.385565],[126.653656,34.395209],[126.664399,34.399482],[126.670177,34.40058],[126.687755,34.402045],[126.699229,34.398912],[126.709972,34.39289],[126.721853,34.381293],[126.73113,34.362006],[126.733897,34.346177],[126.737071,34.338853],[126.742524,34.33275],[126.745616,34.324205],[126.763927,34.309231],[126.76588,34.303046],[126.771495,34.291897],[126.768077,34.289211],[126.763194,34.289781],[126.758311,34.29092],[126.74936,34.294135],[126.74171,34.298245],[126.737478,34.297553],[126.736501,34.291693],[126.7317,34.289374],[126.722911,34.292711],[126.707774,34.29564],[126.688975,34.301093],[126.688813,34.307563]]],[[[127.042817,34.327948],[127.049164,34.331448],[127.045584,34.335435],[127.023692,34.339179],[127.026622,34.343166],[127.024262,34.348212],[127.017589,34.351549],[127.000824,34.352851],[126.994314,34.354682],[126.991466,34.356269],[126.993826,34.35814],[127.001231,34.359361],[127.007009,34.362616],[127.016287,34.371894],[127.026215,34.37873],[127.025401,34.381334],[127.028575,34.380439],[127.035655,34.374742],[127.042166,34.366685],[127.045909,34.357652],[127.053722,34.354804],[127.067393,34.358385],[127.077403,34.35932],[127.082042,34.355943],[127.08546,34.351386],[127.091563,34.344916],[127.094981,34.342475],[127.096934,34.337795],[127.090831,34.336737],[127.082367,34.340277],[127.072439,34.342108],[127.065278,34.339789],[127.067882,34.337063],[127.073985,34.334174],[127.066742,34.328192],[127.049083,34.316718],[127.038829,34.312893],[127.037852,34.321723],[127.042817,34.327948]]],[[[126.946462,34.404364],[126.94101,34.38817],[126.937266,34.384996],[126.940929,34.374172],[126.933767,34.367784],[126.925466,34.367621],[126.92099,34.362331],[126.91448,34.357652],[126.909272,34.356676],[126.906993,34.355333],[126.90268,34.355536],[126.894298,34.358425],[126.88738,34.362901],[126.884044,34.367458],[126.88266,34.371405],[126.884695,34.381212],[126.883311,34.384996],[126.876964,34.381944],[126.870616,34.375556],[126.868337,34.370632],[126.865896,34.375108],[126.866303,34.390733],[126.866873,34.401801],[126.862641,34.40587],[126.863129,34.409532],[126.869721,34.407375],[126.876801,34.403022],[126.899181,34.402004],[126.902354,34.402615],[126.907563,34.400743],[126.914236,34.396186],[126.922862,34.393948],[126.931326,34.394355],[126.937836,34.400987],[126.942149,34.410509],[126.945567,34.411648],[126.946462,34.404364]]],[[[126.793305,34.378892],[126.784028,34.368598],[126.781098,34.357856],[126.775727,34.354722],[126.769216,34.360989],[126.769379,34.371324],[126.767263,34.380032],[126.762462,34.382961],[126.757579,34.383246],[126.753184,34.386949],[126.756847,34.39289],[126.761485,34.398749],[126.768403,34.411363],[126.782481,34.426744],[126.802257,34.435777],[126.823009,34.439846],[126.83546,34.438056],[126.84018,34.432074],[126.840994,34.425482],[126.835785,34.421047],[126.836599,34.418647],[126.845876,34.413967],[126.853526,34.406887],[126.860199,34.398871],[126.861095,34.392768],[126.85377,34.39175],[126.833263,34.396959],[126.824718,34.395209],[126.819672,34.389065],[126.793305,34.378892]]],[[[127.248057,34.393866],[127.250173,34.397691],[127.249604,34.401516],[127.245453,34.403835],[127.241222,34.405137],[127.239919,34.408433],[127.239513,34.413682],[127.242361,34.415839],[127.247895,34.4147],[127.252126,34.408474],[127.254487,34.407457],[127.258393,34.404527],[127.260916,34.398546],[127.265636,34.392239],[127.269786,34.388088],[127.271658,34.384711],[127.271332,34.382554],[127.2706,34.381334],[127.266694,34.380194],[127.252289,34.383938],[127.24822,34.388577],[127.248057,34.393866]]],[[[127.063813,34.404608],[127.060313,34.408596],[127.055919,34.424669],[127.051606,34.427395],[127.050629,34.424547],[127.052094,34.420274],[127.050873,34.416327],[127.047048,34.416571],[127.042003,34.419908],[127.025483,34.452053],[127.030203,34.45657],[127.042328,34.458564],[127.052338,34.45425],[127.055756,34.456244],[127.06308,34.449774],[127.074229,34.425035],[127.07016,34.420193],[127.070323,34.412991],[127.06837,34.411038],[127.065847,34.409532],[127.063813,34.404608]]],[[[127.536388,34.44066],[127.536388,34.43476],[127.528819,34.428046],[127.51059,34.41828],[127.49464,34.414252],[127.488943,34.416938],[127.488536,34.425482],[127.481781,34.431342],[127.47169,34.434027],[127.467052,34.439195],[127.469737,34.443183],[127.458832,34.44892],[127.452159,34.45303],[127.45574,34.460517],[127.455089,34.466132],[127.45338,34.470608],[127.458263,34.472886],[127.465343,34.470364],[127.47283,34.466783],[127.486827,34.463853],[127.487071,34.461249],[127.49171,34.462226],[127.500743,34.469631],[127.509939,34.470038],[127.531912,34.450588],[127.536388,34.44066]]],[[[127.122813,34.450588],[127.12379,34.455227],[127.119884,34.459703],[127.110525,34.464911],[127.12436,34.473334],[127.14031,34.478705],[127.173025,34.48371],[127.204275,34.486762],[127.220551,34.485745],[127.234223,34.480292],[127.245128,34.464057],[127.241873,34.445461],[127.228689,34.430243],[127.210216,34.423977],[127.168956,34.417711],[127.153005,34.419582],[127.141287,34.424302],[127.117361,34.437567],[127.117361,34.445014],[127.122813,34.450588]]],[[[127.450694,34.540351],[127.466482,34.541409],[127.47641,34.53384],[127.470063,34.529283],[127.462901,34.528713],[127.463878,34.526272],[127.470551,34.521837],[127.474132,34.516343],[127.47226,34.513699],[127.466075,34.515204],[127.462332,34.513414],[127.468028,34.510606],[127.499848,34.502346],[127.502859,34.498521],[127.505138,34.493435],[127.502859,34.490139],[127.494558,34.485338],[127.485199,34.485785],[127.463796,34.481431],[127.456147,34.478909],[127.450531,34.482652],[127.444347,34.488837],[127.443533,34.495022],[127.451508,34.498969],[127.459158,34.498603],[127.458018,34.501451],[127.452973,34.506537],[127.452322,34.510362],[127.450776,34.513983],[127.435883,34.517157],[127.435557,34.519558],[127.439708,34.519843],[127.44044,34.520941],[127.439464,34.52501],[127.442149,34.532538],[127.450694,34.540351]]],[[[127.12615,34.506049],[127.112885,34.501573],[127.108897,34.507473],[127.103038,34.508734],[127.102143,34.516791],[127.108979,34.516425],[127.112153,34.521267],[127.118175,34.519029],[127.120453,34.513251],[127.124197,34.515733],[127.126801,34.523871],[127.134125,34.522121],[127.133556,34.513251],[127.12615,34.506049]]],[[[127.756521,34.498236],[127.741954,34.502265],[127.732188,34.50849],[127.727712,34.516995],[127.72283,34.523179],[127.71461,34.526842],[127.70753,34.533881],[127.712901,34.542426],[127.729747,34.549058],[127.748057,34.551093],[127.761078,34.543118],[127.776215,34.518785],[127.774425,34.511786],[127.774913,34.508205],[127.78297,34.506985],[127.789561,34.503974],[127.793956,34.498236],[127.791759,34.492011],[127.779307,34.488471],[127.771169,34.488186],[127.769054,34.489936],[127.765798,34.493964],[127.756521,34.498236]]],[[[127.666189,34.556098],[127.653982,34.5539],[127.643077,34.566067],[127.638194,34.564154],[127.637055,34.567939],[127.641775,34.57685],[127.647309,34.581407],[127.657888,34.585517],[127.662446,34.584459],[127.666677,34.580593],[127.667979,34.575303],[127.671072,34.573717],[127.682791,34.573961],[127.686046,34.576483],[127.693207,34.574612],[127.697765,34.567776],[127.693696,34.562812],[127.687999,34.561143],[127.68629,34.565456],[127.682872,34.569241],[127.677013,34.559149],[127.671072,34.555976],[127.666189,34.556098]]],[[[127.40447,34.570095],[127.395763,34.563218],[127.404959,34.57453],[127.409434,34.580064],[127.406912,34.57571],[127.40447,34.570095]]],[[[127.098643,34.595608],[127.092133,34.6081],[127.094412,34.610419],[127.098725,34.611233],[127.101003,34.609971],[127.107595,34.604641],[127.104096,34.597927],[127.098643,34.595608]]],[[[127.550141,34.619371],[127.5595,34.616319],[127.565359,34.611355],[127.565929,34.606187],[127.561534,34.604356],[127.553884,34.603664],[127.552582,34.598782],[127.549571,34.594387],[127.542735,34.595974],[127.538748,34.602322],[127.538422,34.609117],[127.532888,34.604153],[127.524343,34.604763],[127.522065,34.610419],[127.526622,34.617458],[127.532237,34.614122],[127.537608,34.613064],[127.541515,34.6164],[127.550141,34.619371]]],[[[127.801606,34.670478],[127.808767,34.655829],[127.817231,34.630764],[127.818126,34.616156],[127.815115,34.601955],[127.807872,34.588202],[127.797862,34.579739],[127.786632,34.579006],[127.775401,34.58397],[127.740001,34.613674],[127.73585,34.62523],[127.741873,34.643622],[127.746267,34.648424],[127.764985,34.660102],[127.768321,34.666083],[127.77589,34.691474],[127.760753,34.704739],[127.762543,34.712836],[127.773448,34.716986],[127.785899,34.718166],[127.796641,34.714179],[127.799327,34.70482],[127.7942,34.693793],[127.782074,34.684556],[127.792491,34.682359],[127.801606,34.670478]]],[[[127.722911,34.719102],[127.725759,34.719875],[127.730968,34.718492],[127.731049,34.715969],[127.727224,34.715033],[127.730235,34.711737],[127.734467,34.710069],[127.742686,34.706529],[127.732677,34.699652],[127.724132,34.703192],[127.718354,34.71133],[127.716482,34.712714],[127.720307,34.716498],[127.722911,34.719102]]],[[[127.460867,34.788031],[127.454763,34.784329],[127.453136,34.778673],[127.451182,34.777533],[127.445079,34.778998],[127.441254,34.782253],[127.445486,34.78559],[127.444998,34.791978],[127.447358,34.795315],[127.45045,34.796169],[127.459483,34.794745],[127.467133,34.800564],[127.46575,34.793118],[127.465505,34.789984],[127.460867,34.788031]]],[[[127.699392,34.88996],[127.710134,34.89647],[127.721772,34.897081],[127.729991,34.893663],[127.734467,34.895087],[127.739431,34.894761],[127.744884,34.891791],[127.722748,34.870836],[127.71225,34.869452],[127.704356,34.871405],[127.694835,34.879136],[127.693858,34.88345],[127.699392,34.88996]]],[[[126.641531,35.791815],[126.637869,35.786566],[126.625824,35.77912],[126.622244,35.783067],[126.623627,35.793362],[126.634776,35.800686],[126.641531,35.791815]]],[[[126.455496,35.809516],[126.452078,35.806505],[126.447765,35.811672],[126.447276,35.819241],[126.445323,35.821926],[126.44337,35.826361],[126.442393,35.831977],[126.455089,35.829983],[126.461029,35.825222],[126.470714,35.824001],[126.478201,35.818793],[126.485769,35.816026],[126.479421,35.812161],[126.47755,35.810248],[126.475027,35.812161],[126.464447,35.811184],[126.460867,35.813341],[126.461762,35.819241],[126.459483,35.82217],[126.458751,35.816433],[126.455496,35.809516]]],[[[126.9498416716931,39.738084632872614],[127.2009925141593,39.72344955959346],[127.40535211437931,39.607916441169],[127.5307166018543,39.536611808170996],[127.520439,39.510465],[127.535411,39.443752],[127.562999,39.343736],[127.562104,39.31623],[127.554454,39.305976],[127.543468,39.301947],[127.53183,39.305121],[127.521821,39.31623],[127.5206,39.329413],[127.526947,39.344224],[127.542247,39.371487],[127.507579,39.409247],[127.503998,39.422838],[127.495128,39.433417],[127.482921,39.436998],[127.469981,39.429755],[127.44044,39.407864],[127.43808,39.405178],[127.431,39.397284],[127.425548,39.392524],[127.378429,39.378852],[127.378429,39.371487],[127.389903,39.367011],[127.414073,39.361802],[127.425548,39.357123],[127.437836,39.364244],[127.453868,39.367987],[127.46754,39.363837],[127.473399,39.347561],[127.466807,39.340155],[127.435395,39.334784],[127.425548,39.330471],[127.420258,39.336371],[127.414561,39.340644],[127.408295,39.343248],[127.401378,39.344143],[127.391938,39.341864],[127.39267,39.336412],[127.396983,39.329657],[127.398285,39.323676],[127.386729,39.297187],[127.378429,39.268988],[127.37203,39.240426],[127.382904,39.221991],[127.393403,39.201728],[127.408539,39.193305],[127.420177,39.189195],[127.441254,39.170844],[127.45224,39.165961],[127.471934,39.16828],[127.476085,39.177069],[127.473643,39.187161],[127.473399,39.193305],[127.491303,39.194892],[127.511729,39.15644],[127.531749,39.146145],[127.606944,39.152045],[127.631684,39.146145],[127.643077,39.138577],[127.651703,39.129299],[127.661388,39.121487],[127.675629,39.11815],[127.744151,39.118598],[127.759288,39.117011],[127.769623,39.109198],[127.792572,39.077541],[127.823741,39.043036],[127.830333,39.032864],[127.836518,39.0185],[127.851573,39.00141],[127.885509,38.974189],[127.888682,38.961371],[127.892914,38.957465],[127.902192,38.963935],[127.908702,38.96719],[127.914317,38.964179],[127.918224,38.95775],[127.921479,38.942328],[127.92628,38.934475],[127.933849,38.928656],[127.943614,38.926418],[127.961762,38.917914],[127.995453,38.875312],[128.014659,38.85814],[128.091156,38.843736],[128.210216,38.727729],[128.225108,38.732327],[128.270356,38.751654],[128.282807,38.755072],[128.313243,38.717231],[128.321056,38.711412],[128.338145,38.703559],[128.347667,38.696723],[128.35963,38.678656],[128.359955,38.67536],[128.361339,38.660712],[128.360362,38.642768],[128.364594,38.624742],[128.364919,38.624335],[128.394786,38.57807],[128.441417,38.505805],[128.450694,38.474107],[128.474457,38.426093],[128.562755,38.288967],[128.631602,38.144965],[128.642833,38.129299],[128.678722,38.094306],[128.692475,38.064927],[128.859141,37.876776],[128.923839,37.802314],[129.001313,37.734361],[129.012299,37.72724],[129.06422,37.67886],[129.066905,37.658433],[129.067149,37.633857],[129.073334,37.613023],[129.108735,37.597398],[129.118988,37.580634],[129.148204,37.505113],[129.161225,37.487616],[129.17685,37.48017],[129.189952,37.469387],[129.235444,37.398261],[129.262787,37.370917],[129.272227,37.355862],[129.27589,37.339911],[129.282807,37.324449],[129.331065,37.282172],[129.346446,37.247504],[129.360118,37.17178],[129.378917,37.130113],[129.430186,37.073065],[129.434093,37.061103],[129.428233,37.049547],[129.418956,37.03852],[129.413097,37.027737],[129.41269,37.018052],[129.419932,36.986762],[129.428722,36.897406],[129.437999,36.856147],[129.471202,36.771877],[129.473888,36.730618],[129.463471,36.69245],[129.440929,36.657782],[129.422618,36.616645],[129.422862,36.614976],[129.427989,36.57567],[129.441661,36.534654],[129.447113,36.493313],[129.440929,36.407945],[129.434825,36.389594],[129.403901,36.359442],[129.391856,36.342475],[129.386567,36.322699],[129.382335,36.20185],[129.385753,36.185452],[129.391856,36.176337],[129.398529,36.172675],[129.403901,36.167629],[129.409679,36.133612],[129.417084,36.107571],[129.425141,36.103013],[129.430512,36.097398],[129.426768,36.081773],[129.418712,36.072984],[129.408295,36.068915],[129.398448,36.066311],[129.381783,36.055175],[129.380859,36.041487],[129.401937,36.02566],[129.417081,36.011913],[129.433051,35.996108],[129.453331,35.993287],[129.479015,36.009589],[129.542572,36.065904],[129.554795,36.082478],[129.5713,36.071845],[129.574962,36.054674],[129.582042,36.036811],[129.58725,36.016913],[129.571644,35.997124],[129.53559,35.939036],[129.532839,35.913013],[129.522134,35.844552],[129.496216,35.785074],[129.497651,35.74787],[129.471126,35.683222],[129.451576,35.651802],[129.443053,35.63609],[129.451376,35.618243],[129.46059,35.609294],[129.467275,35.599668],[129.463488,35.577883],[129.461351,35.552061],[129.4546,35.513251],[129.444428,35.496812],[129.427989,35.478746],[129.412852,35.472073],[129.406261,35.489691],[129.400401,35.512641],[129.387462,35.529853],[129.373546,35.532782],[129.365245,35.513251],[129.378917,35.510688],[129.387055,35.502265],[129.390961,35.489936],[129.391856,35.475735],[129.387462,35.462307],[129.377208,35.459174],[129.365733,35.458319],[129.357758,35.451809],[129.359223,35.444648],[129.360503,35.426056],[129.364581,35.40687],[129.355262,35.394572],[129.346787,35.382273],[129.35513,35.372667],[129.361814,35.367172],[129.360444,35.353583],[129.339875,35.348074],[129.320513,35.338545],[129.29272,35.316049],[129.269206,35.316767],[129.264126,35.302428],[129.2624,35.283989],[129.256484,35.274422],[129.249735,35.266228],[129.255382,35.25259],[129.255707,35.246975],[129.24439,35.228218],[129.228479,35.200531],[129.210693,35.183001],[129.201084,35.166628],[129.194347,35.155504],[129.178896,35.155757],[129.16748,35.156168],[129.153412,35.154283],[129.143077,35.154771],[129.132205,35.150766],[129.120257,35.149617],[129.119297,35.135567],[129.127281,35.125825],[129.128601,35.114148],[129.12347,35.100845],[129.101078,35.092276],[129.082966,35.105185],[129.071998,35.112617],[129.06384,35.120847],[129.037627,35.097834],[129.02569,35.079502],[129.021862,35.059983],[129.013754,35.055307],[129.008957,35.065134],[128.997026,35.075728],[128.998015,35.066281],[129.000402,35.04595],[128.99277,35.045963],[128.989405,35.052694],[128.985112,35.054284],[128.974864,35.048651],[128.965125,35.043649],[128.958447,35.050387],[128.95036,35.072913],[128.953704,35.093202],[128.961341,35.118955],[128.962778,35.133386],[128.95801,35.136897],[128.948944,35.125975],[128.91842,35.081882],[128.904593,35.081099],[128.903635,35.10139],[128.904586,35.12051],[128.897926,35.121305],[128.889252,35.105455],[128.882186,35.081485],[128.857402,35.083823],[128.791555,35.082953],[128.787773,35.101319],[128.781077,35.111062],[128.771988,35.083313],[128.761971,35.079392],[128.738689,35.087988],[128.727794,35.104722],[128.715831,35.105862],[128.70045,35.096137],[128.70045,35.139879],[128.6963,35.1435],[128.687755,35.140611],[128.680512,35.131415],[128.679942,35.115953],[128.664073,35.126125],[128.651703,35.140774],[128.638031,35.149848],[128.617931,35.143256],[128.622325,35.157375],[128.614024,35.177436],[128.617931,35.184882],[128.607921,35.211168],[128.602061,35.213935],[128.590587,35.20539],[128.578136,35.189358],[128.577891,35.178656],[128.590587,35.156968],[128.597667,35.13052],[128.601817,35.121243],[128.610362,35.109198],[128.627045,35.090766],[128.629487,35.081488],[128.624766,35.068183],[128.63266,35.067288],[128.64503,35.062893],[128.65211,35.061347],[128.643321,35.056545],[128.634532,35.054633],[128.614268,35.054592],[128.603608,35.056627],[128.600597,35.061916],[128.600108,35.06859],[128.596772,35.075019],[128.587169,35.083319],[128.580333,35.087877],[128.526378,35.103461],[128.511241,35.104234],[128.478119,35.099066],[128.469086,35.095404],[128.469737,35.088365],[128.481293,35.075019],[128.462738,35.071967],[128.428477,35.057807],[128.389171,35.049018],[128.384044,35.036363],[128.382091,35.02261],[128.37143,35.013577],[128.37143,35.006781],[128.471202,35.050238],[128.488129,35.051174],[128.491547,35.033596],[128.497569,35.020697],[128.499604,35.009223],[128.491547,34.995917],[128.47877,34.990058],[128.459239,34.987372],[128.439708,34.988105],[128.426768,34.992499],[128.420014,34.982733],[128.424653,34.978013],[128.433686,34.9737],[128.44044,34.965155],[128.441417,34.959947],[128.441742,34.95246],[128.44044,34.931627],[128.432953,34.890692],[128.442149,34.88349],[128.450938,34.885891],[128.457856,34.893866],[128.460948,34.903713],[128.474457,34.890692],[128.460541,34.870185],[128.435313,34.843166],[128.41293,34.837635],[128.382883,34.83929],[128.383397,34.854587],[128.40268,34.854804],[128.410899,34.856024],[128.415863,34.862738],[128.35377,34.868476],[128.340831,34.872707],[128.326508,34.889065],[128.324474,34.897284],[128.334727,34.902574],[128.357758,34.909898],[128.335053,34.947333],[128.318696,34.934068],[128.302257,34.908026],[128.279063,34.906806],[128.257904,34.930162],[128.246837,34.935981],[128.224132,34.937893],[128.214122,34.932929],[128.208588,34.920844],[128.206554,34.905504],[128.207042,34.890692],[128.185883,34.893622],[128.139415,34.891913],[128.121104,34.900295],[128.118988,34.905707],[128.118744,34.920356],[128.117686,34.924221],[128.113048,34.925198],[128.101899,34.923529],[128.087494,34.926256],[128.063975,34.927924],[128.055675,34.931627],[128.051036,34.939643],[128.051524,34.947496],[128.054047,34.955024],[128.055675,34.961737],[128.054047,35.035834],[128.055675,35.047756],[128.058604,35.05329],[128.063731,35.060614],[128.068126,35.070217],[128.069347,35.082465],[128.053722,35.067125],[128.040863,35.049221],[128.024994,35.035793],[128.000987,35.034084],[128.019298,34.998684],[128.006847,34.991767],[127.979747,34.992255],[127.953868,34.978827],[127.94337,35.002834],[127.937022,35.012641],[127.925792,35.019761],[127.922862,34.987535],[127.91212,34.962063],[127.891205,34.946682],[127.864513,34.944729],[127.853852,34.948188],[127.84433,34.950181],[127.836436,34.949449],[127.830333,34.944729],[127.81544,34.95482],[127.805024,34.957139],[127.798432,34.958645],[127.757904,34.958319],[127.744395,34.960191],[127.739024,34.965277],[127.736583,34.972886],[127.730724,34.982571],[127.719249,34.990058],[127.716563,34.982367],[127.718272,34.970404],[127.72047,34.965155],[127.713227,34.946723],[127.709239,34.940416],[127.699962,34.931627],[127.66212,34.906806],[127.641124,34.899115],[127.626069,34.909735],[127.607188,34.941311],[127.591563,34.946438],[127.580658,34.933661],[127.575287,34.913642],[127.576427,34.896918],[127.585704,34.879218],[127.601166,34.85635],[127.618907,34.836412],[127.634776,34.82803],[127.646007,34.816067],[127.656505,34.811916],[127.668956,34.818345],[127.699962,34.842271],[127.721446,34.844631],[127.739757,34.841702],[127.756847,34.840806],[127.775645,34.849066],[127.774506,34.829332],[127.771251,34.815334],[127.761322,34.787055],[127.749848,34.737128],[127.741547,34.725572],[127.706391,34.715888],[127.678559,34.727362],[127.656261,34.731269],[127.63795,34.698228],[127.632091,34.701402],[127.630626,34.701117],[127.629242,34.699286],[127.624278,34.698228],[127.632091,34.685045],[127.63795,34.670966],[127.645274,34.626288],[127.640717,34.617987],[127.630382,34.622707],[127.614024,34.636868],[127.590099,34.639309],[127.572276,34.647406],[127.560802,34.662177],[127.555919,34.684556],[127.562022,34.705715],[127.575043,34.726549],[127.584483,34.746243],[127.579845,34.763129],[127.571788,34.772528],[127.555919,34.800727],[127.551768,34.802924],[127.546153,34.803046],[127.540294,34.803778],[127.535411,34.808092],[127.534923,34.813218],[127.536632,34.819241],[127.539561,34.823065],[127.524425,34.84927],[127.521821,34.859036],[127.522716,34.864936],[127.52711,34.874701],[127.528087,34.879828],[127.52589,34.885443],[127.521251,34.889838],[127.516612,34.891099],[127.514415,34.886949],[127.510997,34.884711],[127.493907,34.849066],[127.487315,34.841498],[127.483897,34.839545],[127.47877,34.839057],[127.444672,34.829169],[127.424815,34.827135],[127.381602,34.82803],[127.365326,34.824042],[127.37851,34.815131],[127.404307,34.805854],[127.425548,34.800727],[127.425548,34.79442],[127.383067,34.783271],[127.361583,34.773342],[127.357921,34.759711],[127.366466,34.753974],[127.385265,34.760199],[127.395274,34.756659],[127.402354,34.747138],[127.400238,34.743638],[127.394867,34.742499],[127.3921,34.739814],[127.406016,34.700019],[127.434906,34.678697],[127.466156,34.662177],[127.487559,34.636868],[127.477306,34.63817],[127.459727,34.638251],[127.45224,34.636868],[127.495209,34.623236],[127.500759,34.612164],[127.50359,34.591325],[127.49444,34.583777],[127.484141,34.576565],[127.46461,34.577338],[127.45224,34.574774],[127.406749,34.598131],[127.3921,34.602037],[127.379161,34.600002],[127.363048,34.593899],[127.349376,34.585842],[127.343598,34.578192],[127.345958,34.575019],[127.357921,34.554267],[127.37194,34.551733],[127.380408,34.547105],[127.418419,34.55528],[127.43922,34.540676],[127.391788,34.50478],[127.374941,34.485037],[127.356618,34.491965],[127.327802,34.473929],[127.330821,34.456488],[127.343598,34.445014],[127.315926,34.444901],[127.275082,34.489453],[127.260997,34.513332],[127.223481,34.54682],[127.212006,34.544664],[127.172374,34.527574],[127.176362,34.51732],[127.17921,34.513332],[127.162934,34.517971],[127.147227,34.520494],[127.1338,34.526313],[127.124522,34.540676],[127.123302,34.555365],[127.129649,34.56391],[127.151866,34.574774],[127.159028,34.580024],[127.17921,34.602037],[127.191661,34.623603],[127.198822,34.631008],[127.21339,34.636868],[127.212413,34.620185],[127.20753,34.60399],[127.192882,34.574774],[127.222179,34.576361],[127.246674,34.583726],[127.261322,34.600409],[127.260997,34.62995],[127.255138,34.641506],[127.247406,34.648098],[127.241466,34.655829],[127.240571,34.670966],[127.245942,34.6789],[127.27475,34.705146],[127.285167,34.700629],[127.292003,34.694525],[127.293712,34.686713],[127.288422,34.677191],[127.294444,34.66413],[127.302989,34.655015],[127.314464,34.651923],[127.329926,34.656684],[127.336436,34.663642],[127.350108,34.687812],[127.357921,34.698228],[127.344005,34.715277],[127.338634,34.7331],[127.331554,34.741156],[127.312592,34.72899],[127.290782,34.721381],[127.272716,34.733791],[127.248057,34.766547],[127.233897,34.748236],[127.213715,34.705552],[127.199718,34.691474],[127.185313,34.686672],[127.173106,34.687201],[127.148041,34.691474],[127.136241,34.688056],[127.125255,34.679755],[127.107188,34.660102],[127.099132,34.654486],[127.062511,34.636868],[127.042735,34.624457],[127.03004,34.618354],[127.017833,34.615709],[127.010265,34.612494],[127.008556,34.604234],[127.009044,34.593207],[127.007172,34.581529],[127.00058,34.57331],[126.991303,34.564358],[126.986664,34.553697],[126.994151,34.540676],[126.938975,34.495917],[126.940766,34.454576],[126.931407,34.447699],[126.904796,34.458686],[126.896007,34.449937],[126.891856,34.440131],[126.892345,34.429389],[126.89796,34.417711],[126.88502,34.421088],[126.857026,34.437567],[126.818614,34.446845],[126.809825,34.451239],[126.802013,34.470404],[126.806163,34.521064],[126.802338,34.540676],[126.807872,34.553168],[126.806651,34.568549],[126.800059,34.582017],[126.788666,34.589057],[126.777843,34.586493],[126.766938,34.57803],[126.758556,34.567206],[126.755219,34.557685],[126.759288,34.54385],[126.765636,34.531806],[126.765961,34.523383],[126.735118,34.514879],[126.739106,34.502672],[126.761485,34.479193],[126.723155,34.460842],[126.708751,34.449897],[126.723643,34.445014],[126.727061,34.442776],[126.728038,34.437893],[126.726899,34.43301],[126.723643,34.430813],[126.71754,34.43183],[126.708263,34.436469],[126.70338,34.437567],[126.690196,34.43594],[126.687511,34.431342],[126.687348,34.423896],[126.682221,34.414008],[126.674408,34.409654],[126.644786,34.403469],[126.633637,34.395697],[126.629649,34.389228],[126.605317,34.321682],[126.603282,34.311998],[126.603282,34.300442],[126.578868,34.304755],[126.532807,34.292222],[126.521251,34.294176],[126.519867,34.305976],[126.529307,34.330024],[126.527436,34.341376],[126.518321,34.347846],[126.505707,34.349921],[126.479584,34.348822],[126.479584,34.355048],[126.484874,34.360826],[126.486583,34.364814],[126.488536,34.380561],[126.491954,34.38109],[126.49643,34.379869],[126.500743,34.38231],[126.514903,34.403551],[126.517589,34.413764],[126.513764,34.423977],[126.5088,34.427232],[126.501475,34.429348],[126.486583,34.430813],[126.475841,34.433254],[126.474376,34.438666],[126.477306,34.44359],[126.479584,34.445014],[126.479991,34.457831],[126.483735,34.47016],[126.481944,34.476752],[126.465912,34.472357],[126.470307,34.496487],[126.490245,34.508612],[126.516856,34.512844],[126.541759,34.513332],[126.537201,34.521064],[126.531016,34.527004],[126.523204,34.531155],[126.513764,34.53384],[126.529552,34.542955],[126.539317,34.553616],[126.539643,34.562974],[126.527436,34.568549],[126.52296,34.567084],[126.513927,34.557807],[126.507579,34.554267],[126.499278,34.554348],[126.486339,34.56094],[126.479584,34.561103],[126.473481,34.556545],[126.46933,34.549709],[126.465912,34.540676],[126.457042,34.539049],[126.448497,34.539293],[126.438731,34.540676],[126.417328,34.540351],[126.40561,34.538642],[126.39088,34.53384],[126.389008,34.549709],[126.380463,34.558905],[126.3567,34.568549],[126.357026,34.571723],[126.352061,34.579779],[126.346039,34.584621],[126.343028,34.578192],[126.340099,34.574368],[126.333018,34.57099],[126.324962,34.569648],[126.318614,34.571682],[126.297862,34.588039],[126.295258,34.589057],[126.29184,34.599107],[126.293549,34.601996],[126.297618,34.603339],[126.301524,34.608873],[126.305512,34.604193],[126.315522,34.604071],[126.322765,34.608873],[126.318614,34.619127],[126.29184,34.62995],[126.271088,34.642483],[126.269379,34.671291],[126.278087,34.703315],[126.288585,34.725572],[126.289643,34.73314],[126.288829,34.742418],[126.290294,34.75023],[126.298432,34.753485],[126.305919,34.752875],[126.313731,34.751044],[126.319591,34.747748],[126.326182,34.735826],[126.3567,34.698228],[126.347179,34.687893],[126.344249,34.677883],[126.345958,34.66767],[126.349213,34.656684],[126.369884,34.608873],[126.382335,34.602729],[126.431895,34.595893],[126.453136,34.583808],[126.46461,34.584662],[126.472748,34.602037],[126.461518,34.600653],[126.455577,34.603095],[126.434997,34.606786],[126.425299,34.619272],[126.412567,34.629766],[126.416108,34.652737],[126.402902,34.650748],[126.396519,34.636604],[126.386134,34.635835],[126.379855,34.654506],[126.376775,34.67947],[126.384379,34.693699],[126.378613,34.711182],[126.405969,34.713408],[126.447881,34.705879],[126.453336,34.697884],[126.450694,34.684882],[126.450938,34.680854],[126.450531,34.676988],[126.452891,34.670966],[126.463306,34.665421],[126.469362,34.658674],[126.4824,34.65167],[126.500345,34.645819],[126.511193,34.637155],[126.525126,34.628902],[126.535711,34.623178],[126.54005,34.62759],[126.519111,34.65037],[126.531556,34.652597],[126.550038,34.64383],[126.573873,34.633111],[126.602701,34.625532],[126.623627,34.62995],[126.60255,34.63288],[126.58546,34.641791],[126.555431,34.66352],[126.562755,34.670966],[126.541108,34.683987],[126.508393,34.718492],[126.490245,34.725572],[126.465343,34.729682],[126.435767,34.728105],[126.415375,34.739],[126.390179,34.733397],[126.36706,34.739664],[126.364017,34.74916],[126.378317,34.763888],[126.392328,34.768607],[126.422128,34.764784],[126.460149,34.778755],[126.50587,34.751044],[126.521251,34.753485],[126.525157,34.751288],[126.527599,34.749254],[126.530284,34.747504],[126.534923,34.746039],[126.530528,34.765286],[126.532481,34.782864],[126.544444,34.795722],[126.56894,34.800727],[126.614757,34.789455],[126.638194,34.788031],[126.631114,34.800727],[126.646576,34.807115],[126.654877,34.808539],[126.665294,34.808092],[126.650401,34.82217],[126.627696,34.825588],[126.575776,34.821763],[126.579682,34.831448],[126.57838,34.838039],[126.575776,34.844875],[126.575776,34.855292],[126.579438,34.861884],[126.584727,34.866767],[126.589122,34.87287],[126.589447,34.883246],[126.581391,34.898017],[126.567638,34.901435],[126.552745,34.895697],[126.541759,34.883246],[126.540538,34.874945],[126.54713,34.8581],[126.548595,34.849066],[126.546886,34.847724],[126.534923,34.82803],[126.523692,34.793931],[126.513276,34.782294],[126.493419,34.780829],[126.493419,34.783149],[126.487153,34.787055],[126.491222,34.792385],[126.496593,34.802802],[126.500743,34.808092],[126.487153,34.813788],[126.478038,34.810452],[126.469249,34.804104],[126.456065,34.800727],[126.429454,34.805609],[126.42099,34.802314],[126.419318,34.791988],[126.40561,34.792182],[126.384044,34.786322],[126.373546,34.790717],[126.370128,34.801337],[126.377289,34.811265],[126.397716,34.82803],[126.405121,34.837226],[126.409272,34.844468],[126.410981,34.851264],[126.411388,34.859036],[126.408702,34.873969],[126.41212,34.881334],[126.425059,34.890692],[126.412608,34.898749],[126.401703,34.915473],[126.395763,34.935045],[126.397716,34.951483],[126.411632,34.961982],[126.430512,34.972602],[126.436371,34.981391],[126.411388,34.986274],[126.399994,34.984565],[126.393321,34.979804],[126.38795,34.97484],[126.380382,34.972602],[126.370616,34.968492],[126.372081,34.958726],[126.376964,34.947252],[126.377289,34.937893],[126.363292,34.927436],[126.345225,34.926418],[126.327729,34.931098],[126.315196,34.937893],[126.324718,34.943264],[126.328868,34.944729],[126.320079,34.949897],[126.312592,34.956122],[126.306407,34.963568],[126.301524,34.972602],[126.312999,34.977444],[126.324229,34.976955],[126.349213,34.972602],[126.346202,34.994086],[126.374115,35.016832],[126.36671,35.037787],[126.338227,35.070136],[126.320649,35.083319],[126.301524,35.08869],[126.309418,35.06623],[126.302501,35.053371],[126.288341,35.052965],[126.274181,35.068183],[126.283539,35.078843],[126.257823,35.106838],[126.254242,35.12344],[126.268647,35.137152],[126.289073,35.13939],[126.307221,35.131781],[126.315196,35.115953],[126.327891,35.122626],[126.334972,35.134101],[126.343028,35.156968],[126.350108,35.145575],[126.35141,35.135972],[126.348725,35.117499],[126.344249,35.10814],[126.343028,35.102362],[126.344981,35.096422],[126.348969,35.096422],[126.353608,35.097846],[126.3567,35.096137],[126.360688,35.082953],[126.361664,35.077297],[126.365326,35.074042],[126.377289,35.068183],[126.386974,35.065375],[126.403819,35.064887],[126.411388,35.061347],[126.40561,35.049954],[126.407237,35.038967],[126.414399,35.028754],[126.425059,35.019761],[126.450287,35.066596],[126.452891,35.082465],[126.452403,35.100287],[126.44752,35.106676],[126.428722,35.110541],[126.420746,35.114203],[126.414154,35.119696],[126.403901,35.142157],[126.371104,35.173529],[126.363536,35.187974],[126.365733,35.192857],[126.370372,35.196967],[126.375092,35.202379],[126.377289,35.211615],[126.36671,35.217719],[126.361583,35.225653],[126.363536,35.239488],[126.350678,35.235338],[126.337413,35.233588],[126.30893,35.233303],[126.320079,35.244574],[126.33839,35.248033],[126.359141,35.248969],[126.377289,35.25259],[126.371349,35.254462],[126.368175,35.256741],[126.364513,35.258734],[126.3567,35.259996],[126.361583,35.269029],[126.367442,35.274319],[126.373871,35.278388],[126.380382,35.284166],[126.3838,35.291734],[126.382172,35.298285],[126.378998,35.304592],[126.377289,35.31151],[126.380707,35.327094],[126.389415,35.342475],[126.411388,35.369859],[126.417247,35.364895],[126.431895,35.349351],[126.449555,35.344957],[126.458507,35.345445],[126.456065,35.352769],[126.423106,35.383368],[126.418224,35.394029],[126.425548,35.41767],[126.442719,35.446926],[126.469814,35.498526],[126.492663,35.525333],[126.525283,35.534858],[126.56245,35.541087],[126.594233,35.542488],[126.608894,35.552056],[126.622977,35.568612],[126.642889,35.572775],[126.660737,35.556464],[126.679047,35.538031],[126.692475,35.534369],[126.679454,35.571723],[126.670177,35.58869],[126.65504,35.595771],[126.513158,35.576897],[126.463736,35.601973],[126.466744,35.628875],[126.467559,35.639638],[126.490977,35.649115],[126.511416,35.665533],[126.530335,35.683164],[126.560346,35.697392],[126.597168,35.71389],[126.625132,35.745626],[126.629389,35.775481],[126.644755,35.782902],[126.656117,35.788736],[126.662154,35.792998],[126.698023,35.795939],[126.733127,35.792415],[126.755382,35.778469],[126.771332,35.775214],[126.781993,35.76024],[126.786143,35.768378],[126.789561,35.77969],[126.791026,35.791449],[126.777668,35.800092],[126.768465,35.805555],[126.749344,35.813257],[126.727622,35.825278],[126.709972,35.836005],[126.700694,35.83983],[126.70338,35.848456],[126.711681,35.857733],[126.719981,35.863267],[126.729096,35.864976],[126.784923,35.862047],[126.79713,35.86286],[126.806163,35.866685],[126.812266,35.875678],[126.814545,35.883043],[126.819347,35.888129],[126.8331,35.890041],[126.837494,35.893297],[126.832286,35.900621],[126.821625,35.908149],[126.809825,35.911689],[126.806651,35.909654],[126.733165,35.885565],[126.708507,35.884589],[126.660091,35.887158],[126.612289,35.890224],[126.611838,35.90744],[126.608809,35.931127],[126.599576,35.937654],[126.56974,35.945952],[126.525736,35.940359],[126.521417,35.97052],[126.612046,35.97843],[126.661335,35.983399],[126.711192,35.985785],[126.727306,35.993638],[126.744477,35.989569],[126.765473,35.998277],[126.802338,36.020941],[126.849132,36.036038],[126.868907,36.047512],[126.870697,36.061957],[126.812104,36.047309],[126.791515,36.042182],[126.771332,36.030911],[126.754405,36.017727],[126.735688,36.010443],[126.71339,36.007392],[126.692475,35.999905],[126.677257,36.005927],[126.67213,36.012885],[126.670502,36.02204],[126.665294,36.034613],[126.656993,36.045478],[126.640147,36.063422],[126.631114,36.075588],[126.64503,36.084703],[126.63852,36.090969],[126.624848,36.095608],[126.612328,36.098992],[126.589447,36.130805],[126.571869,36.136979],[126.558573,36.130764],[126.552282,36.130809],[126.551768,36.141823],[126.529172,36.153514],[126.509648,36.151025],[126.503579,36.13219],[126.500255,36.125718],[126.493419,36.130805],[126.497401,36.160019],[126.531357,36.17394],[126.561341,36.181588],[126.603282,36.17182],[126.588471,36.191596],[126.580089,36.199368],[126.56894,36.205959],[126.562266,36.207221],[126.554291,36.203437],[126.548595,36.205959],[126.541108,36.212551],[126.534923,36.219631],[126.555919,36.266262],[126.567963,36.286811],[126.582612,36.294664],[126.571544,36.305609],[126.529063,36.316107],[126.513764,36.322659],[126.528819,36.333889],[126.573334,36.342597],[126.582612,36.353013],[126.576182,36.366278],[126.560395,36.369615],[126.527436,36.369778],[126.5206,36.373603],[126.5088,36.385199],[126.500743,36.390937],[126.500743,36.397691],[126.513764,36.397691],[126.498779,36.420106],[126.516895,36.428187],[126.537537,36.433221],[126.556778,36.45583],[126.59796,36.465073],[126.617442,36.473456],[126.559093,36.473456],[126.545014,36.466986],[126.523448,36.441107],[126.507579,36.438666],[126.497651,36.448391],[126.488536,36.466864],[126.482758,36.485826],[126.483409,36.497016],[126.504242,36.516669],[126.513927,36.528795],[126.510753,36.534247],[126.49158,36.52867],[126.482921,36.535224],[126.475071,36.539414],[126.470329,36.540199],[126.465685,36.549387],[126.470059,36.557766],[126.469218,36.566934],[126.464182,36.584121],[126.458095,36.591407],[126.457657,36.595596],[126.471456,36.596291],[126.491453,36.603762],[126.512312,36.603209],[126.513868,36.615392],[126.519867,36.626166],[126.51171,36.634848],[126.499855,36.636836],[126.483799,36.649603],[126.493956,36.661316],[126.50803,36.670413],[126.49851,36.684273],[126.474535,36.687885],[126.469687,36.704587],[126.477349,36.716888],[126.500743,36.719875],[126.487315,36.732164],[126.482677,36.738349],[126.479584,36.747138],[126.471202,36.7414],[126.457042,36.72899],[126.441173,36.723538],[126.437999,36.716457],[126.438569,36.709418],[126.445636,36.700722],[126.44688,36.683762],[126.439513,36.664265],[126.443907,36.638081],[126.43329,36.615727],[126.424238,36.606581],[126.405728,36.618196],[126.386391,36.618888],[126.36715,36.629065],[126.371969,36.683078],[126.377909,36.702582],[126.366422,36.706972],[126.369884,36.732327],[126.359141,36.742662],[126.343028,36.740383],[126.333995,36.727362],[126.331554,36.711371],[126.324311,36.699652],[126.301524,36.699368],[126.310883,36.683987],[126.329112,36.66059],[126.335704,36.64411],[126.324718,36.636623],[126.326182,36.628363],[126.343028,36.610012],[126.327729,36.607571],[126.314789,36.60163],[126.303966,36.593085],[126.295258,36.582709],[126.295421,36.590033],[126.294281,36.59748],[126.292003,36.604234],[126.288585,36.610012],[126.302338,36.634426],[126.27296,36.673163],[126.281749,36.692572],[126.274181,36.719875],[126.255707,36.711575],[126.229259,36.684719],[126.209727,36.6789],[126.198253,36.677069],[126.187999,36.673814],[126.177745,36.673245],[126.165619,36.6789],[126.16269,36.683539],[126.158539,36.692857],[126.156993,36.702053],[126.161876,36.706204],[126.203136,36.705878],[126.213634,36.711615],[126.21339,36.726711],[126.202647,36.742418],[126.187266,36.748481],[126.171153,36.752265],[126.158214,36.76081],[126.153087,36.748847],[126.150157,36.723944],[126.144542,36.712388],[126.132823,36.703843],[126.128917,36.7119],[126.130138,36.736965],[126.128184,36.761298],[126.130951,36.768052],[126.156586,36.794176],[126.161632,36.80329],[126.165619,36.816067],[126.168793,36.806383],[126.173106,36.797675],[126.178477,36.789455],[126.185395,36.781317],[126.190684,36.785305],[126.197276,36.784898],[126.204845,36.782782],[126.21339,36.781317],[126.202891,36.793199],[126.192231,36.80858],[126.220714,36.801744],[126.232432,36.804185],[126.240001,36.816067],[126.214447,36.817532],[126.198741,36.823228],[126.196869,36.835679],[126.21339,36.857001],[126.190766,36.872016],[126.192231,36.885932],[126.209483,36.897162],[126.233897,36.904202],[126.22755,36.879788],[126.229991,36.873033],[126.243744,36.870673],[126.268565,36.871039],[126.275238,36.874742],[126.281749,36.883734],[126.283539,36.906236],[126.281016,36.936469],[126.285655,36.961127],[126.30893,36.966864],[126.305919,36.95307],[126.306651,36.931464],[126.311046,36.909573],[126.323497,36.883246],[126.317393,36.873969],[126.307628,36.865668],[126.301524,36.857001],[126.30185,36.847805],[126.308116,36.833075],[126.30893,36.829088],[126.303477,36.824368],[126.285492,36.814927],[126.281749,36.812323],[126.282725,36.803697],[126.285981,36.794582],[126.29127,36.789252],[126.298432,36.791897],[126.315278,36.804348],[126.327891,36.804633],[126.3567,36.788764],[126.336029,36.824652],[126.328705,36.846991],[126.339366,36.857001],[126.355479,36.840481],[126.365326,36.835354],[126.369884,36.846177],[126.374115,36.849555],[126.384532,36.852932],[126.404552,36.857001],[126.404552,36.863227],[126.396576,36.864203],[126.377289,36.870673],[126.377289,36.876899],[126.401378,36.881415],[126.415538,36.899848],[126.4192,36.922309],[126.411388,36.93891],[126.40268,36.94123],[126.376475,36.941596],[126.363536,36.945787],[126.353852,36.955227],[126.350678,36.964504],[126.355479,36.96776],[126.369884,36.959418],[126.376475,36.974921],[126.369395,36.984117],[126.354015,36.98786],[126.335704,36.986762],[126.34311,36.994452],[126.353038,36.999986],[126.36378,37.001451],[126.373546,36.997016],[126.383067,36.991156],[126.391449,36.989814],[126.395274,36.992906],[126.39088,37.000434],[126.39088,37.00788],[126.427745,37.008368],[126.445404,37.003404],[126.452891,36.99018],[126.447846,36.982001],[126.438243,36.973334],[126.432384,36.961982],[126.438731,36.945787],[126.44752,36.952826],[126.458832,36.95775],[126.468598,36.957587],[126.472748,36.949205],[126.473888,36.942206],[126.478526,36.935858],[126.479584,36.929023],[126.477794,36.926418],[126.468761,36.917792],[126.465912,36.911607],[126.465912,36.866929],[126.469249,36.85399],[126.476573,36.844916],[126.483897,36.841498],[126.487153,36.846177],[126.491222,36.87108],[126.509532,36.91885],[126.513764,36.942369],[126.519135,36.947903],[126.531261,36.941311],[126.548595,36.92593],[126.555675,36.915107],[126.560802,36.905097],[126.56837,36.898505],[126.582612,36.898017],[126.582612,36.904202],[126.57545,36.911811],[126.566742,36.932196],[126.559093,36.942369],[126.497813,36.994208],[126.493419,36.997016],[126.496837,37.007799],[126.505382,37.006578],[126.515636,36.998847],[126.531586,36.982896],[126.54005,36.976874],[126.550304,36.973131],[126.562755,36.97309],[126.572113,36.977484],[126.573009,36.984361],[126.566173,36.99079],[126.552013,36.993598],[126.53297,37.000922],[126.512254,37.01643],[126.502921,37.039521],[126.500743,37.054999],[126.519054,37.055406],[126.535004,37.049262],[126.549327,37.039211],[126.569341,37.027778],[126.588452,37.017221],[126.596292,37.010828],[126.611467,37.00256],[126.626095,36.996104],[126.636095,36.982453],[126.631383,36.968931],[126.621674,36.959784],[126.623627,36.952623],[126.633556,36.937405],[126.634776,36.928046],[126.631114,36.911607],[126.6421,36.917711],[126.646495,36.925116],[126.649181,36.933417],[126.645375,36.957953],[126.649449,36.966056],[126.655793,36.974594],[126.665043,36.988525],[126.681544,36.994704],[126.697032,36.994818],[126.714348,36.993042],[126.733512,36.987431],[126.757767,36.98222],[126.775157,36.97309],[126.796235,36.955756],[126.797699,36.934394],[126.781993,36.891181],[126.793956,36.897528],[126.812755,36.916938],[126.823009,36.918443],[126.83017,36.910224],[126.834321,36.895494],[126.836518,36.866929],[126.83546,36.860826],[126.830821,36.847235],[126.829845,36.839342],[126.831798,36.831122],[126.840668,36.819159],[126.849132,36.788031],[126.846283,36.77912],[126.829845,36.775092],[126.832856,36.766669],[126.836762,36.760932],[126.84254,36.757025],[126.850841,36.753974],[126.8567,36.776435],[126.866547,36.789781],[126.871593,36.804023],[126.863292,36.829088],[126.883556,36.824368],[126.904796,36.822252],[126.870453,36.852769],[126.860199,36.869574],[126.880626,36.876899],[126.899018,36.87934],[126.942475,36.893378],[126.974457,36.912909],[126.989513,36.918606],[127.000336,36.928371],[127.007172,36.952623],[127.005219,36.956936],[126.995942,36.964789],[126.994151,36.966864],[126.999522,36.970893],[127.004893,36.971422],[127.01002,36.971259],[127.023936,36.977444],[127.032807,36.978502],[127.039399,36.982001],[127.042003,36.993598],[126.982188,36.98017],[126.973155,36.969957],[126.976329,36.939032],[126.969086,36.932034],[126.945811,36.92593],[126.91269,36.929633],[126.873383,36.947984],[126.837901,36.975898],[126.82441,37.002616],[126.884288,37.00788],[126.884288,37.014106],[126.880138,37.015692],[126.870697,37.02147],[126.881928,37.02265],[126.892589,37.022162],[126.902354,37.019477],[126.910981,37.014106],[126.906749,37.033149],[126.893077,37.050116],[126.883149,37.069566],[126.890473,37.095933],[126.879161,37.100002],[126.870453,37.090766],[126.865082,37.074856],[126.863292,37.058783],[126.858653,37.041327],[126.849132,37.037299],[126.839692,37.044867],[126.820567,37.041693],[126.80128,37.037746],[126.755219,37.048814],[126.755527,37.060141],[126.751191,37.070092],[126.754814,37.083556],[126.752859,37.100688],[126.764451,37.117658],[126.778268,37.132804],[126.794182,37.13892],[126.81121,37.144121],[126.836518,37.144436],[126.863536,37.150295],[126.869151,37.156968],[126.870697,37.175482],[126.864513,37.179104],[126.850597,37.173041],[126.829845,37.158677],[126.816905,37.160793],[126.807384,37.165269],[126.802257,37.173163],[126.802338,37.18537],[126.778575,37.175686],[126.759288,37.1647],[126.723643,37.133857],[126.714447,37.127997],[126.702891,37.124701],[126.692149,37.124986],[126.685639,37.130113],[126.686046,37.139309],[126.692149,37.148261],[126.706879,37.164862],[126.677745,37.159491],[126.668468,37.161811],[126.665294,37.175482],[126.670665,37.185614],[126.682872,37.191352],[126.696788,37.195136],[126.706879,37.199652],[126.719005,37.212877],[126.715831,37.216295],[126.689057,37.213324],[126.680186,37.217678],[126.673188,37.22842],[126.666515,37.241848],[126.658458,37.254299],[126.662934,37.255316],[126.665782,37.256903],[126.67213,37.261705],[126.679454,37.257229],[126.690522,37.257717],[126.709972,37.261705],[126.725841,37.258205],[126.739106,37.251654],[126.752208,37.248277],[126.767589,37.254299],[126.766368,37.24315],[126.767589,37.232327],[126.772472,37.223944],[126.781993,37.22016],[126.792491,37.223456],[126.797374,37.232856],[126.802338,37.254299],[126.819184,37.2744],[126.833018,37.272854],[126.848643,37.265326],[126.870697,37.26789],[126.865977,37.276068],[126.859874,37.282131],[126.852143,37.2862],[126.842784,37.288398],[126.828891,37.287984],[126.822544,37.295607],[126.807603,37.297766],[126.79556,37.294725],[126.783573,37.295268],[126.764643,37.298267],[126.73331,37.30617],[126.689793,37.332486],[126.687488,37.344028],[126.706865,37.366469],[126.720045,37.377053],[126.717162,37.383839],[126.66475,37.389168],[126.64034,37.36439],[126.615087,37.379745],[126.625382,37.397918],[126.638629,37.413791],[126.630308,37.425013],[126.612405,37.432741],[126.595985,37.439657],[126.598291,37.457928],[126.595018,37.472273],[126.604761,37.485697],[126.633444,37.492571],[126.642022,37.496062],[126.644163,37.504385],[126.630675,37.507301],[126.627025,37.498595],[126.606451,37.496812],[126.601106,37.506802],[126.598905,37.525107],[126.603792,37.549297],[126.598907,37.558088],[126.591105,37.57287],[126.58225,37.584483],[126.571935,37.598495],[126.560515,37.607353],[126.560286,37.620847],[126.556163,37.641018],[126.545421,37.672512],[126.531016,37.754706],[126.534923,37.768215],[126.548188,37.770168],[126.603282,37.754543],[126.62086,37.757554],[126.635509,37.763007],[126.648529,37.765041],[126.661876,37.757961],[126.66684,37.746161],[126.668793,37.727729],[126.667328,37.708808],[126.661876,37.695868],[126.661469,37.672431],[126.692149,37.652045],[126.731049,37.639065],[126.755219,37.637885],[126.73642,37.653306],[126.678803,37.686265],[126.695567,37.721747],[126.700531,37.742987],[126.6963,37.757961],[126.68686,37.773627],[126.686046,37.782172],[126.684906,37.793606],[126.689464,37.813666],[126.699962,37.829657],[126.692475,37.837104],[126.682628,37.836005],[126.667491,37.827826],[126.667003,37.827582],[126.655772,37.814521],[126.651622,37.799262],[126.6421,37.798],[126.620779,37.787706],[126.593272,37.7744],[126.576182,37.777533],[126.436615,37.848375],[126.428477,37.854193],[126.404307,37.887152],[126.397716,37.89175],[126.378673,37.889594],[126.358002,37.884345],[126.279552,37.851264],[126.259532,37.845445],[126.236908,37.843329],[126.199962,37.844224],[126.178477,37.840522],[126.158214,37.829657],[126.149181,37.82217],[126.147716,37.819037],[126.14975,37.815253],[126.152843,37.799709],[126.159679,37.778876],[126.165375,37.768256],[126.164317,37.754625],[126.161225,37.740668],[126.158214,37.733466],[126.110362,37.740912],[126.096934,37.781399],[126.086925,37.80036],[126.072113,37.799262],[126.062836,37.802232],[126.058604,37.824693],[126.055756,37.870592],[126.026134,37.853664],[126.012787,37.854315],[126.007335,37.874335],[126.000743,37.885565],[125.985932,37.898383],[125.969819,37.908677],[125.959483,37.912177],[125.944102,37.901923],[125.950531,37.88935],[125.96461,37.878648],[125.972504,37.874335],[125.974457,37.864163],[125.983653,37.837104],[125.986176,37.822821],[125.977875,37.829332],[125.967133,37.835435],[125.955903,37.840318],[125.945893,37.843329],[125.93336,37.844631],[125.927013,37.84398],[125.921641,37.844875],[125.911632,37.850775],[125.895518,37.864814],[125.84547,37.9265],[125.841075,37.936347],[125.834972,37.943549],[125.81129,37.947577],[125.805186,37.951565],[125.802501,37.95893],[125.801768,37.970201],[125.803966,37.988959],[125.799327,37.992906],[125.78419,37.994086],[125.773774,37.99608],[125.756358,38.005072],[125.746593,38.007758],[125.70517,38.009345],[125.687348,38.012274],[125.647309,38.027289],[125.622162,38.031928],[125.596934,38.032213],[125.578949,38.025133],[125.578217,38.009019],[125.596528,37.992255],[125.62143,37.97899],[125.640717,37.973619],[125.675385,37.977607],[125.685313,37.972113],[125.678315,37.952541],[125.688813,37.956041],[125.698985,37.958197],[125.708832,37.957424],[125.71933,37.952541],[125.70753,37.939765],[125.698822,37.925238],[125.71754,37.925279],[125.72519,37.927476],[125.732921,37.932685],[125.739757,37.925238],[125.727794,37.91592],[125.715343,37.908271],[125.701508,37.902493],[125.685069,37.898586],[125.668956,37.899156],[125.657074,37.905829],[125.645518,37.915473],[125.630626,37.925238],[125.627452,37.902167],[125.636811,37.878648],[125.641205,37.856391],[125.623057,37.837104],[125.637787,37.825344],[125.644135,37.822821],[125.640147,37.813422],[125.633556,37.809556],[125.613536,37.809149],[125.609223,37.806301],[125.611095,37.79975],[125.616954,37.788723],[125.620372,37.774115],[125.620128,37.765326],[125.613536,37.761379],[125.602794,37.761786],[125.593028,37.763617],[125.583995,37.767524],[125.575206,37.7744],[125.579356,37.776679],[125.580089,37.777655],[125.580414,37.778795],[125.582774,37.781887],[125.570567,37.787095],[125.559581,37.787746],[125.551606,37.782701],[125.548595,37.771308],[125.54184,37.770453],[125.528901,37.772528],[125.520518,37.780178],[125.527599,37.796129],[125.50351,37.778795],[125.490977,37.754055],[125.47462,37.731187],[125.438731,37.719794],[125.403656,37.719062],[125.385265,37.716376],[125.377289,37.71015],[125.372651,37.693549],[125.361583,37.68008],[125.347504,37.675605],[125.335053,37.686265],[125.348643,37.737982],[125.36378,37.760891],[125.390391,37.754543],[125.444916,37.7744],[125.429454,37.781562],[125.395112,37.776435],[125.377289,37.781887],[125.389903,37.796129],[125.410981,37.809394],[125.434906,37.819037],[125.455821,37.822821],[125.505138,37.813178],[125.524181,37.817816],[125.527599,37.843329],[125.510834,37.837714],[125.497325,37.839667],[125.486664,37.847073],[125.479096,37.857611],[125.508637,37.883734],[125.510102,37.894273],[125.483165,37.898586],[125.463878,37.90412],[125.455089,37.914618],[125.445649,37.920396],[125.424408,37.912177],[125.427501,37.908352],[125.430024,37.902004],[125.431895,37.898586],[125.406261,37.898627],[125.394542,37.896674],[125.383556,37.89175],[125.402843,37.885565],[125.427989,37.874498],[125.4463,37.860012],[125.444916,37.843329],[125.42628,37.856024],[125.399669,37.865465],[125.371837,37.869127],[125.349376,37.864407],[125.354015,37.857001],[125.360362,37.85106],[125.368012,37.846625],[125.377289,37.843329],[125.345958,37.822577],[125.326671,37.812974],[125.30836,37.809149],[125.309093,37.811103],[125.308116,37.815497],[125.305431,37.820217],[125.301036,37.822821],[125.239513,37.822821],[125.25172,37.837836],[125.294932,37.859849],[125.30836,37.878079],[125.300629,37.895209],[125.257091,37.914618],[125.26002,37.932685],[125.240082,37.929592],[125.228526,37.915229],[125.219574,37.896715],[125.208507,37.881171],[125.193126,37.871772],[125.176606,37.867621],[125.158214,37.86758],[125.100352,37.875067],[125.089366,37.878079],[125.062104,37.896145],[125.051524,37.898586],[125.029389,37.900092],[125.013194,37.905992],[125.006602,37.918443],[125.01352,37.939521],[124.989024,37.927436],[124.979503,37.925238],[124.983653,37.942328],[124.992198,37.952948],[125.005463,37.958441],[125.024181,37.960028],[125.036632,37.963609],[125.062022,37.978583],[125.075694,37.980455],[125.08961,37.975816],[125.115977,37.962714],[125.1338,37.960028],[125.149913,37.960761],[125.163829,37.963772],[125.175385,37.969916],[125.184906,37.980455],[125.177501,37.987942],[125.166515,37.981269],[125.155284,37.979967],[125.144298,37.983466],[125.123302,37.99844],[125.1185,37.999457],[125.115326,38.002387],[125.109711,38.015286],[125.1067,38.034613],[125.116222,38.041938],[125.157563,38.042548],[125.201671,38.049384],[125.213227,38.045722],[125.217296,38.037177],[125.219574,38.027818],[125.22519,38.02143],[125.246349,38.020087],[125.253184,38.053941],[125.273692,38.062405],[125.264903,38.077948],[125.248302,38.083808],[125.208507,38.083482],[125.19044,38.085761],[125.155854,38.095526],[125.140636,38.097805],[125.124522,38.09512],[125.075694,38.076077],[125.027354,38.068996],[125.01352,38.062405],[124.937836,38.097805],[124.904877,38.124823],[124.885265,38.131659],[124.876475,38.113959],[124.865489,38.107082],[124.840099,38.101996],[124.793793,38.097805],[124.677094,38.115383],[124.667247,38.125718],[124.673595,38.137193],[124.697765,38.144965],[124.745128,38.147935],[124.765147,38.156073],[124.773285,38.175971],[124.78004,38.178616],[124.821788,38.18594],[124.829112,38.193793],[124.84547,38.218411],[124.855968,38.226955],[124.879161,38.230658],[124.895274,38.221503],[124.920909,38.189358],[124.931,38.192939],[124.993012,38.226955],[124.967621,38.235338],[124.91505,38.229071],[124.886567,38.244574],[124.872325,38.257636],[124.870128,38.265448],[124.86964,38.282131],[124.879731,38.345201],[124.883881,38.355292],[124.927989,38.409084],[124.935069,38.4206],[124.947276,38.450507],[124.958995,38.460883],[124.966563,38.463365],[124.972179,38.462144],[124.974864,38.455146],[124.972667,38.440375],[124.985199,38.451361],[125.002045,38.473619],[125.016368,38.497952],[125.021007,38.514879],[125.01474,38.52497],[124.996837,38.535875],[124.993012,38.545885],[124.994884,38.557685],[124.997081,38.566148],[124.995697,38.574042],[124.980866,38.584157],[124.983949,38.591942],[124.997747,38.592522],[125.017686,38.583523],[125.0292,38.589495],[125.037625,38.591271],[125.042966,38.581683],[125.058241,38.568468],[125.079744,38.583989],[125.102769,38.593523],[125.128009,38.580281],[125.134532,38.591254],[125.134044,38.610012],[125.137218,38.624742],[125.126069,38.633246],[125.118419,38.645168],[125.116547,38.657213],[125.123383,38.666327],[125.13756,38.662332],[125.148229,38.646128],[125.1566,38.631727],[125.179623,38.634655],[125.183496,38.642432],[125.178198,38.656826],[125.179797,38.670002],[125.18899,38.666979],[125.193545,38.657379],[125.203485,38.652553],[125.220381,38.656092],[125.235734,38.657837],[125.259614,38.669739],[125.267295,38.67031],[125.277983,38.663078],[125.301036,38.656806],[125.311324,38.665017],[125.319791,38.668584],[125.330605,38.678747],[125.346016,38.687079],[125.369108,38.694761],[125.397227,38.693671],[125.406749,38.692857],[125.429698,38.687486],[125.441905,38.686225],[125.444428,38.689521],[125.446137,38.696723],[125.45102,38.704006],[125.462657,38.707261],[125.507091,38.686225],[125.511811,38.676703],[125.514659,38.657864],[125.520763,38.652655],[125.532725,38.65412],[125.537934,38.663642],[125.540782,38.674262],[125.545177,38.679389],[125.555186,38.676663],[125.564952,38.670111],[125.572358,38.662299],[125.575206,38.655748],[125.585948,38.641913],[125.610362,38.63109],[125.63795,38.62641],[125.657807,38.631008],[125.648529,38.638495],[125.636811,38.653998],[125.630626,38.658881],[125.619884,38.661444],[125.59962,38.662258],[125.588959,38.666327],[125.543712,38.711127],[125.527599,38.720933],[125.51474,38.722805],[125.490977,38.722886],[125.479096,38.727729],[125.472911,38.73432],[125.447032,38.771552],[125.448009,38.77619],[125.447765,38.777248],[125.438731,38.77558],[125.435883,38.771308],[125.43214,38.763088],[125.424571,38.755927],[125.410899,38.755072],[125.420014,38.75019],[125.427826,38.744127],[125.434174,38.736762],[125.419313,38.729265],[125.389244,38.717449],[125.373128,38.720541],[125.363048,38.734565],[125.356212,38.734565],[125.350352,38.721259],[125.341075,38.717475],[125.314545,38.720933],[125.312755,38.723863],[125.310313,38.729804],[125.306407,38.734605],[125.301036,38.734565],[125.295909,38.728461],[125.297944,38.722113],[125.303477,38.716742],[125.30836,38.713528],[125.30836,38.707261],[125.293712,38.703192],[125.27768,38.703315],[125.262462,38.707913],[125.249766,38.717231],[125.2435,38.728339],[125.246918,38.736721],[125.266856,38.755072],[125.259776,38.758287],[125.253184,38.762519],[125.257823,38.771918],[125.252696,38.783596],[125.240977,38.793118],[125.22519,38.796088],[125.230479,38.771918],[125.216557,38.739717],[125.18812,38.738608],[125.176664,38.751228],[125.172111,38.76323],[125.15677,38.769267],[125.145274,38.777088],[125.137218,38.803534],[125.143321,38.82038],[125.147553,38.837144],[125.150727,38.874579],[125.151966,38.891529],[125.163627,38.91546],[125.172981,38.9388],[125.190027,38.95852],[125.200901,38.975262],[125.198643,38.986056],[125.212169,39.001532],[125.233368,39.029887],[125.252002,39.049639],[125.26002,39.066352],[125.270803,39.080606],[125.291108,39.080471],[125.31601,39.079535],[125.335053,39.083441],[125.28407,39.089556],[125.286694,39.097046],[125.290612,39.104531],[125.290335,39.111281],[125.286179,39.117049],[125.288153,39.123542],[125.287364,39.131822],[125.289154,39.139065],[125.293305,39.143541],[125.294444,39.147366],[125.287364,39.15233],[125.296723,39.161526],[125.30714,39.165432],[125.332042,39.165961],[125.343516,39.168891],[125.340099,39.176011],[125.332042,39.184963],[125.328868,39.193305],[125.343598,39.212877],[125.365082,39.220893],[125.389008,39.220282],[125.410899,39.213813],[125.404877,39.228949],[125.396007,39.236558],[125.393565,39.245795],[125.431895,39.300727],[125.444916,39.310614],[125.42921,39.312242],[125.41627,39.320258],[125.411143,39.333482],[125.418224,39.350979],[125.413422,39.354438],[125.404633,39.364651],[125.414806,39.362006],[125.418956,39.360541],[125.424408,39.357123],[125.445649,39.366929],[125.454194,39.374335],[125.459239,39.385077],[125.438487,39.384996],[125.376475,39.392524],[125.357026,39.398749],[125.359955,39.413153],[125.383556,39.440334],[125.372569,39.440985],[125.361827,39.439927],[125.351654,39.437405],[125.34254,39.433539],[125.346039,39.459621],[125.360362,39.474677],[125.379405,39.486274],[125.397227,39.501776],[125.402599,39.513739],[125.406586,39.527493],[125.413666,39.538723],[125.441987,39.547553],[125.450287,39.557929],[125.451752,39.571275],[125.444916,39.584377],[125.429698,39.575385],[125.325694,39.533189],[125.303559,39.527289],[125.294932,39.523017],[125.285981,39.521186],[125.27711,39.526028],[125.250743,39.551215],[125.246349,39.553616],[125.237071,39.562893],[125.219574,39.566474],[125.210297,39.573065],[125.22519,39.591213],[125.157563,39.591213],[125.160981,39.585191],[125.167817,39.56977],[125.171235,39.56387],[125.126801,39.56387],[125.116954,39.565863],[125.114268,39.57095],[125.113536,39.577582],[125.109711,39.584377],[125.10377,39.592475],[125.101654,39.5987],[125.097504,39.602729],[125.085541,39.604193],[125.070079,39.601508],[125.060313,39.601142],[125.047699,39.604193],[125.04005,39.608547],[125.018077,39.62401],[125.01352,39.62873],[125.01059,39.635321],[125.003266,39.636868],[124.994395,39.636908],[124.986339,39.638983],[124.958263,39.662014],[124.947276,39.662991],[124.937836,39.645819],[124.926524,39.652981],[124.913097,39.656236],[124.901622,39.662055],[124.89267,39.691962],[124.881602,39.704169],[124.866303,39.713853],[124.849132,39.721503],[124.833588,39.725979],[124.81397488489515,39.72805483422941],[124.86902991914384,39.731435468630615],[125.13774498079599,39.74726956746011],[125.40662410756246,39.76244711560006],[125.67566221416793,39.77696744580192],[125.94485419894974,39.79082990792246],[126.19615014136238,39.778512770097116],[126.44741621660435,39.76561620909385],[126.69864815028829,39.752140175311354],[126.9498416716931,39.738084632872614]]],[[[126.445323,37.057359],[126.448009,37.049262],[126.445649,37.044827],[126.429535,37.041368],[126.424653,37.043931],[126.421235,37.05093],[126.418305,37.057156],[126.421153,37.062323],[126.445323,37.057359]]],[[[126.630707,37.21719],[126.626475,37.225653],[126.633556,37.232978],[126.642751,37.229519],[126.647065,37.211737],[126.630707,37.21719]]],[[[126.562511,37.200385],[126.539317,37.198065],[126.539561,37.203111],[126.550466,37.214911],[126.551931,37.221666],[126.547374,37.227484],[126.560395,37.239325],[126.560802,37.251288],[126.555431,37.266059],[126.548025,37.276313],[126.540782,37.282945],[126.542979,37.28498],[126.559418,37.278632],[126.573497,37.288479],[126.576671,37.287665],[126.573741,37.278998],[126.577891,37.271145],[126.58961,37.265774],[126.608653,37.259426],[126.613943,37.255194],[126.616384,37.250556],[126.618826,37.242011],[126.613536,37.232815],[126.562511,37.200385]]],[[[126.483165,37.25434],[126.479015,37.247748],[126.478201,37.241604],[126.469493,37.233466],[126.458181,37.231269],[126.45045,37.235826],[126.442231,37.235175],[126.43572,37.23843],[126.433442,37.251044],[126.435313,37.263983],[126.443533,37.273098],[126.461192,37.280585],[126.48406,37.278998],[126.494395,37.273505],[126.498302,37.26142],[126.493907,37.25727],[126.483165,37.25434]]],[[[126.57114,37.506348],[126.57644,37.50237],[126.580579,37.495627],[126.583066,37.490384],[126.577626,37.488585],[126.569184,37.483588],[126.565766,37.479967],[126.548291,37.476637],[126.540559,37.477657],[126.529933,37.473683],[126.506572,37.465568],[126.493984,37.456585],[126.487012,37.446796],[126.443413,37.420625],[126.433595,37.422406],[126.424434,37.421569],[126.420461,37.422356],[126.416278,37.434555],[126.408367,37.438537],[126.404727,37.435368],[126.401427,37.43447],[126.400289,37.43653],[126.401992,37.440053],[126.399492,37.444921],[126.393412,37.445545],[126.389386,37.441316],[126.3832,37.437455],[126.375731,37.440137],[126.364973,37.442291],[126.371327,37.447311],[126.369115,37.452736],[126.358178,37.461012],[126.355511,37.466223],[126.359342,37.47363],[126.365292,37.475064],[126.373568,37.471643],[126.418885,37.496861],[126.451327,37.499682],[126.47338,37.499257],[126.493709,37.507781],[126.500661,37.530185],[126.51483,37.534347],[126.526378,37.525092],[126.531993,37.523342],[126.537771,37.520738],[126.543468,37.518866],[126.549083,37.518622],[126.555111,37.517684],[126.563303,37.514443],[126.56723,37.511231],[126.57114,37.506348]]],[[[126.431977,37.522203],[126.440929,37.529771],[126.449067,37.533311],[126.452159,37.536729],[126.458751,37.539862],[126.467621,37.538601],[126.472504,37.533474],[126.470958,37.517646],[126.468516,37.513617],[126.465099,37.511094],[126.435883,37.517605],[126.431977,37.522203]]],[[[126.462738,37.604315],[126.410167,37.602037],[126.390636,37.60928],[126.370128,37.631049],[126.40089,37.637437],[126.408214,37.641303],[126.416677,37.651842],[126.415538,37.656684],[126.409923,37.659735],[126.404796,37.665188],[126.369151,37.719062],[126.366954,37.72724],[126.370616,37.737982],[126.36964,37.785346],[126.37379,37.796129],[126.383474,37.799018],[126.407074,37.820705],[126.425304,37.824449],[126.441254,37.815334],[126.456309,37.801215],[126.471446,37.790229],[126.503591,37.777411],[126.516368,37.767239],[126.521495,37.751166],[126.520356,37.743109],[126.515147,37.72956],[126.514008,37.723538],[126.516287,37.716783],[126.525564,37.703274],[126.52768,37.695868],[126.530935,37.659898],[126.52768,37.651516],[126.533214,37.646145],[126.538829,37.635443],[126.542003,37.631049],[126.529063,37.624905],[126.517833,37.603827],[126.507823,37.596869],[126.500173,37.596177],[126.494151,37.598375],[126.483653,37.607408],[126.476085,37.61107],[126.470714,37.609565],[126.466563,37.606187],[126.462738,37.604315]]],[[[127.524913,39.225653],[127.537039,39.224189],[127.536876,39.219957],[127.527843,39.219346],[127.515473,39.224962],[127.524913,39.225653]]],[[[127.639252,39.235704],[127.640229,39.226182],[127.632498,39.225409],[127.618826,39.221829],[127.617198,39.222398],[127.621511,39.227769],[127.621186,39.235093],[127.622895,39.238186],[127.6303,39.238674],[127.639252,39.235704]]],[[[128.890147,32.564683],[128.898855,32.571397],[128.903575,32.572496],[128.903168,32.560045],[128.900076,32.560045],[128.890147,32.564683]]],[[[128.832856,32.605943],[128.841156,32.600246],[128.838959,32.594957],[128.826182,32.598822],[128.82545,32.60163],[128.832856,32.605943]]],[[[128.679047,32.782904],[128.685738,32.770916],[128.699653,32.743771],[128.705365,32.747461],[128.721849,32.754283],[128.743175,32.758287],[128.779224,32.776625],[128.784125,32.788181],[128.80849,32.799908],[128.812022,32.782416],[128.810802,32.774888],[128.810557,32.766059],[128.827688,32.761903],[128.842296,32.759467],[128.849783,32.742743],[128.842069,32.703861],[128.855226,32.688864],[128.878427,32.673925],[128.893712,32.657618],[128.901134,32.646918],[128.901134,32.645982],[128.899262,32.642524],[128.880931,32.642359],[128.857899,32.643409],[128.817716,32.63459],[128.815488,32.64681],[128.793224,32.652493],[128.788097,32.648505],[128.779633,32.646796],[128.77589,32.642524],[128.772227,32.631903],[128.775157,32.627143],[128.780121,32.624823],[128.794959,32.610093],[128.792228,32.597942],[128.790201,32.586385],[128.77311,32.571666],[128.755382,32.580512],[128.736042,32.603494],[128.712413,32.604315],[128.662852,32.601549],[128.652631,32.591075],[128.618544,32.609536],[128.600439,32.614178],[128.603819,32.630598],[128.610606,32.642524],[128.613536,32.650214],[128.618175,32.659654],[128.624278,32.667304],[128.631847,32.669867],[128.633067,32.665473],[128.636241,32.643744],[128.638682,32.635159],[128.639659,32.641262],[128.65268,32.667914],[128.654307,32.677965],[128.654552,32.68887],[128.653494,32.699612],[128.650645,32.709296],[128.64796,32.713853],[128.64503,32.717963],[128.642589,32.722398],[128.642263,32.728013],[128.644054,32.733303],[128.650401,32.744534],[128.641768,32.761384],[128.65094,32.775413],[128.660818,32.782782],[128.679047,32.782904]]],[[[128.600841,32.729438],[128.602387,32.723171],[128.59783,32.709459],[128.589692,32.720079],[128.594981,32.732245],[128.602631,32.740017],[128.610281,32.73192],[128.600841,32.729438]]],[[[128.985932,32.748765],[128.987804,32.745022],[128.986339,32.742499],[128.982595,32.741767],[128.980968,32.744249],[128.976736,32.745266],[128.969737,32.746772],[128.96518,32.745022],[128.966156,32.75434],[128.978526,32.75967],[128.983165,32.759589],[128.986583,32.764879],[128.985037,32.77733],[128.987641,32.788398],[128.991547,32.791734],[128.999604,32.788601],[129.003022,32.778835],[129.00587,32.768866],[129.004649,32.762112],[129.006196,32.756415],[129.006928,32.753079],[129.000011,32.751085],[128.989187,32.75373],[128.985932,32.748765]]],[[[128.866222,32.825385],[128.862966,32.835273],[128.868175,32.837836],[128.892263,32.823717],[128.89975,32.818305],[128.902843,32.814154],[128.908539,32.801337],[128.907237,32.794013],[128.894867,32.781724],[128.882335,32.765286],[128.875336,32.763495],[128.866466,32.76496],[128.847911,32.774888],[128.840099,32.777574],[128.835216,32.787665],[128.835948,32.818996],[128.834646,32.827053],[128.83725,32.833808],[128.846202,32.834866],[128.856944,32.830024],[128.863455,32.818834],[128.866222,32.807359],[128.869884,32.801093],[128.873871,32.798733],[128.875011,32.801744],[128.874197,32.804348],[128.873383,32.807847],[128.870779,32.816067],[128.866222,32.825385]]],[[[128.681651,32.808865],[128.677013,32.801703],[128.67392,32.804389],[128.67571,32.809678],[128.681651,32.808865]]],[[[128.909923,32.842434],[128.895763,32.856431],[128.889659,32.85814],[128.883149,32.855943],[128.880707,32.862616],[128.89088,32.870917],[128.908946,32.866441],[128.924327,32.851508],[128.929454,32.849799],[128.926768,32.862209],[128.928966,32.864691],[128.937673,32.860785],[128.942149,32.86518],[128.94337,32.876288],[128.946544,32.880194],[128.951182,32.876451],[128.953136,32.874213],[128.955414,32.863105],[128.958018,32.841498],[128.954438,32.830715],[128.946951,32.82803],[128.944591,32.823391],[128.947765,32.81981],[128.949392,32.813381],[128.945079,32.804348],[128.94044,32.804429],[128.938487,32.812934],[128.931977,32.817125],[128.923025,32.818061],[128.920584,32.820746],[128.924083,32.824612],[128.924001,32.829657],[128.920177,32.835028],[128.915701,32.838853],[128.909923,32.842434]]],[[[128.995616,32.89053],[128.994477,32.895331],[128.98878,32.900214],[128.983735,32.906643],[128.98227,32.912421],[128.979666,32.91649],[128.97934,32.920233],[128.982677,32.923245],[128.984711,32.926093],[128.98463,32.929185],[128.992442,32.929429],[129.009613,32.924506],[129.020681,32.916693],[129.024587,32.908637],[129.027843,32.899807],[129.02947,32.89175],[129.029959,32.888617],[129.028168,32.855658],[129.024099,32.848049],[129.017914,32.848049],[129.017426,32.856676],[129.013682,32.858791],[129.006602,32.864691],[128.996837,32.866645],[128.982677,32.86225],[128.97755,32.864],[128.973806,32.869045],[128.969493,32.871487],[128.968028,32.873684],[128.964122,32.889553],[128.96461,32.898261],[128.972992,32.898505],[128.99171,32.889838],[128.995616,32.89053]]],[[[128.935069,32.92418],[128.942312,32.924465],[128.946707,32.920844],[128.952078,32.916897],[128.948578,32.904446],[128.934255,32.910712],[128.931407,32.914862],[128.931814,32.920274],[128.935069,32.92418]]],[[[129.191824,32.919094],[129.187918,32.916287],[129.184174,32.920762],[129.194509,32.924262],[129.191824,32.919094]]],[[[129.108594,33.122418],[129.115908,33.113975],[129.123911,33.109173],[129.11831,33.088531],[129.111967,33.070309],[129.102712,33.054493],[129.099271,33.035687],[129.097254,33.018106],[129.097992,32.988267],[129.109711,32.982896],[129.169628,33.005817],[129.182807,32.984686],[129.175955,32.966986],[129.156325,32.95849],[129.137218,32.938178],[129.117543,32.935841],[129.100352,32.919013],[129.092537,32.906608],[129.090551,32.89148],[129.098481,32.875149],[129.097992,32.868476],[129.096572,32.856942],[129.086192,32.857245],[129.06792,32.861183],[129.061495,32.848384],[129.068696,32.839179],[129.068533,32.825914],[129.064952,32.817816],[129.045723,32.822093],[129.04713,32.841457],[129.040414,32.862728],[129.041475,32.896],[129.04782,32.909965],[129.033051,32.933336],[129.024262,32.937893],[128.98878,32.944159],[128.979423,32.947609],[128.98146,32.960352],[128.998076,32.966534],[129.02042,32.980625],[129.035038,32.967404],[129.054454,32.979315],[129.042584,33.00016],[129.048622,33.039603],[129.065211,33.043954],[129.067645,33.019116],[129.077737,33.020398],[129.083995,33.023383],[129.084321,33.043199],[129.080997,33.056782],[129.085875,33.076208],[129.101725,33.082973],[129.106619,33.101188],[129.098547,33.114491],[129.096262,33.125375],[129.10818,33.166688],[129.117667,33.158859],[129.116387,33.140656],[129.112128,33.131535],[129.108594,33.122418]]],[[[129.255707,33.003201],[129.251882,32.99608],[129.24586,32.992296],[129.240082,32.989814],[129.236339,32.992011],[129.239594,32.996812],[129.237966,32.997301],[129.234874,32.998399],[129.224213,32.996975],[129.223237,33.000393],[129.228038,33.00731],[129.231863,33.012885],[129.241466,33.019761],[129.246186,33.022854],[129.246918,33.015041],[129.255219,33.020819],[129.259451,33.0185],[129.256847,33.015489],[129.252615,33.007921],[129.255707,33.003201]]],[[[129.341889,33.005072],[129.337332,33.00906],[129.344086,33.01907],[129.353608,33.021918],[129.352143,33.000393],[129.341889,33.005072]]],[[[129.177338,33.016059],[129.184174,33.015774],[129.187104,33.018012],[129.189871,33.019761],[129.195893,33.015041],[129.189789,33.00731],[129.178396,33.00731],[129.174897,33.009996],[129.177338,33.016059]]],[[[129.526052,33.146145],[129.529877,33.149929],[129.536632,33.150539],[129.542328,33.152411],[129.548106,33.147081],[129.548106,33.134914],[129.539887,33.136176],[129.530203,33.130601],[129.521495,33.13585],[129.512543,33.136786],[129.503266,33.140082],[129.5053,33.142483],[129.513601,33.142971],[129.518403,33.144273],[129.526052,33.146145]]],[[[128.898529,33.165798],[128.896983,33.1706],[128.899425,33.173529],[128.903168,33.166083],[128.898529,33.165798]]],[[[129.119721,33.212755],[129.130463,33.205634],[129.136648,33.196438],[129.138927,33.193386],[129.143484,33.189765],[129.138682,33.187242],[129.132904,33.157986],[129.122976,33.161729],[129.122406,33.167955],[129.122406,33.171658],[129.119314,33.174791],[129.118012,33.19831],[129.119721,33.212755]]],[[[129.095714,33.211982],[129.093923,33.208441],[129.088064,33.207913],[129.083832,33.205634],[129.082367,33.201931],[129.085623,33.197211],[129.09075,33.194729],[129.092621,33.192165],[129.091156,33.188503],[129.077322,33.18769],[129.061209,33.190334],[129.05714,33.186021],[129.051199,33.182766],[129.046072,33.185818],[129.04363,33.19245],[129.040701,33.194078],[129.03297,33.194892],[129.029063,33.199612],[129.032156,33.20539],[129.036388,33.209377],[129.041026,33.209662],[129.045584,33.21776],[129.049001,33.219387],[129.061941,33.210232],[129.067312,33.209825],[129.084483,33.214057],[129.095714,33.211982]]],[[[129.026459,33.206895],[129.022146,33.199042],[129.014252,33.199734],[129.014578,33.211534],[129.022472,33.213406],[129.026459,33.206895]]],[[[129.135509,33.299872],[129.143321,33.284817],[129.150157,33.276516],[129.149587,33.269029],[129.134288,33.258612],[129.127289,33.247504],[129.119151,33.246527],[129.103201,33.249172],[129.092133,33.255439],[129.085785,33.260077],[129.079763,33.261298],[129.075043,33.259914],[129.076182,33.268785],[129.089122,33.283271],[129.10377,33.288967],[129.113129,33.291409],[129.128266,33.301581],[129.135509,33.299872]]],[[[129.501148,33.280032],[129.502478,33.26526],[129.493095,33.245163],[129.446605,33.19852],[129.412591,33.178318],[129.376021,33.169719],[129.358084,33.176947],[129.342501,33.17962],[129.34496,33.190197],[129.349869,33.213468],[129.360701,33.198718],[129.384782,33.183493],[129.400157,33.185696],[129.406505,33.194037],[129.403087,33.197659],[129.396007,33.202582],[129.384665,33.2041],[129.377657,33.21464],[129.382005,33.22892],[129.393961,33.239526],[129.416769,33.23693],[129.408432,33.253824],[129.406411,33.274951],[129.437265,33.29668],[129.440896,33.32526],[129.442663,33.348066],[129.49513,33.358295],[129.50831,33.382092],[129.515914,33.378395],[129.522916,33.368377],[129.53931,33.379488],[129.523456,33.390567],[129.525321,33.404927],[129.555684,33.410805],[129.562163,33.366394],[129.555874,33.353145],[129.542028,33.335677],[129.527528,33.323477],[129.538317,33.315595],[129.52634,33.303384],[129.514342,33.298045],[129.514386,33.288012],[129.501148,33.280032]]],[[[129.421804,33.42654],[129.424571,33.435899],[129.431163,33.44066],[129.434174,33.439032],[129.435232,33.434312],[129.431082,33.424954],[129.431895,33.419501],[129.431488,33.413886],[129.431326,33.409288],[129.433767,33.40469],[129.434744,33.396348],[129.432221,33.386013],[129.433604,33.356676],[129.424164,33.352322],[129.409679,33.352647],[129.406179,33.364366],[129.411225,33.396267],[129.419851,33.411933],[129.421397,33.417589],[129.421804,33.42654]]],[[[129.535004,33.437242],[129.531912,33.436103],[129.528575,33.435696],[129.525564,33.436713],[129.521495,33.433987],[129.512869,33.430203],[129.512218,33.425238],[129.506033,33.425238],[129.507009,33.438015],[129.517833,33.440823],[129.524587,33.449205],[129.526378,33.453559],[129.531423,33.452786],[129.533051,33.449205],[129.540131,33.446438],[129.544932,33.442206],[129.537527,33.442288],[129.535655,33.439765],[129.535004,33.437242]]],[[[129.275288,34.307597],[129.270787,34.31532],[129.268925,34.322464],[129.280197,34.322872],[129.289385,34.317824],[129.302462,34.307787],[129.301436,34.288097],[129.312528,34.279756],[129.316784,34.294469],[129.342583,34.293052],[129.347103,34.286978],[129.34296,34.278278],[129.32561,34.271385],[129.318076,34.25835],[129.321053,34.240796],[129.324803,34.229253],[129.309384,34.219052],[129.297464,34.218658],[129.298021,34.213177],[129.302579,34.209285],[129.299714,34.197823],[129.29809,34.181964],[129.297212,34.170476],[129.294494,34.166678],[129.287848,34.16512],[129.283735,34.157505],[129.283519,34.146005],[129.276587,34.129111],[129.264583,34.123787],[129.262424,34.114496],[129.25109,34.10757],[129.248297,34.099927],[129.235858,34.100763],[129.2318,34.094814],[129.220421,34.088878],[129.216062,34.098339],[129.210731,34.099961],[129.198307,34.110992],[129.190308,34.114811],[129.177629,34.10893],[129.171634,34.106807],[129.170354,34.146816],[129.178803,34.169765],[129.17588,34.195509],[129.1805,34.227217],[129.18926,34.234227],[129.188822,34.249553],[129.195885,34.272993],[129.198535,34.316228],[129.207361,34.329277],[129.225245,34.327403],[129.228461,34.320781],[129.224356,34.312611],[129.224053,34.293443],[129.230672,34.293363],[129.238718,34.299287],[129.24822,34.300442],[129.262043,34.307761],[129.275288,34.307597]]],[[[129.364838,34.300238],[129.372569,34.299099],[129.376313,34.301011],[129.383149,34.303534],[129.390961,34.299302],[129.388601,34.291327],[129.360118,34.270006],[129.3567,34.272813],[129.352631,34.289862],[129.353608,34.293687],[129.35727,34.298],[129.364838,34.300238]]],[[[127.796397,34.45779],[127.801524,34.459744],[127.804535,34.454942],[127.812511,34.449612],[127.806082,34.426134],[127.806977,34.421291],[127.806488,34.416571],[127.804942,34.413886],[127.803803,34.410142],[127.802664,34.408515],[127.790294,34.416449],[127.786794,34.422431],[127.791596,34.427395],[127.790701,34.428819],[127.78655,34.431545],[127.792735,34.439846],[127.795014,34.444892],[127.79477,34.451606],[127.796397,34.45779]]],[[[127.807546,34.478909],[127.804128,34.47842],[127.800304,34.473782],[127.797293,34.475206],[127.797293,34.485012],[127.804128,34.493598],[127.814138,34.497463],[127.822276,34.498725],[127.824392,34.496568],[127.818777,34.490505],[127.821788,34.485867],[127.822927,34.479926],[127.817149,34.47602],[127.810069,34.476264],[127.807546,34.478909]]],[[[129.29169,34.440756],[129.297389,34.447546],[129.310867,34.460511],[129.308895,34.466841],[129.293328,34.453327],[129.280734,34.450647],[129.276044,34.462188],[129.289024,34.487237],[129.304931,34.520287],[129.326119,34.535439],[129.325546,34.542327],[129.308456,34.560387],[129.290945,34.556072],[129.289107,34.569867],[129.303359,34.586877],[129.307844,34.603463],[129.3233,34.648072],[129.33657,34.648411],[129.360968,34.648007],[129.378337,34.644852],[129.39037,34.654471],[129.409662,34.675173],[129.425745,34.677801],[129.418228,34.685392],[129.423305,34.695071],[129.438615,34.693713],[129.45062,34.701002],[129.464561,34.700805],[129.470664,34.692685],[129.480724,34.683987],[129.487751,34.676397],[129.483278,34.662697],[129.477579,34.657036],[129.46912,34.652559],[129.478142,34.650721],[129.487802,34.646006],[129.488278,34.635678],[129.480913,34.61991],[129.472423,34.616767],[129.461925,34.621894],[129.452647,34.619452],[129.462901,34.609117],[129.478201,34.597113],[129.475374,34.588451],[129.473102,34.579332],[129.464241,34.554274],[129.446083,34.514776],[129.402326,34.481647],[129.379473,34.452623],[129.384288,34.424018],[129.361831,34.405486],[129.359464,34.390622],[129.375506,34.394416],[129.393181,34.4108],[129.394422,34.403332],[129.388598,34.389659],[129.384312,34.383416],[129.388145,34.366755],[129.399587,34.355048],[129.407969,34.35158],[129.400756,34.337924],[129.386053,34.331258],[129.379161,34.324652],[129.368242,34.307432],[129.343833,34.300314],[129.324512,34.304593],[129.305464,34.324875],[129.320905,34.333849],[129.345064,34.327244],[129.347003,34.355852],[129.334596,34.360591],[129.316204,34.342496],[129.305104,34.343206],[129.304059,34.362123],[129.304938,34.372424],[129.309322,34.384402],[129.297384,34.377105],[129.287444,34.365768],[129.293398,34.349078],[129.286359,34.344008],[129.271992,34.356219],[129.248291,34.351925],[129.228913,34.355601],[129.235384,34.368132],[129.259727,34.369553],[129.272349,34.375697],[129.273751,34.412932],[129.268569,34.433051],[129.277089,34.441527],[129.286864,34.443112],[129.29169,34.440756]]],[[[128.294607,34.639553],[128.29713,34.637315],[128.295665,34.631985],[128.286062,34.622219],[128.281749,34.619859],[128.27532,34.619086],[128.26588,34.620836],[128.258067,34.6199],[128.247406,34.615546],[128.242198,34.611518],[128.236257,34.61046],[128.235281,34.614203],[128.23878,34.620592],[128.237804,34.625759],[128.233409,34.629381],[128.229666,34.630072],[128.225271,34.632839],[128.225678,34.637844],[128.228363,34.642401],[128.22877,34.647854],[128.232758,34.651028],[128.239513,34.652411],[128.271169,34.638495],[128.271251,34.63231],[128.275808,34.631903],[128.294607,34.639553]]],[[[128.561534,34.632392],[128.562511,34.637152],[128.569347,34.640163],[128.578624,34.649156],[128.579926,34.644843],[128.584239,34.643459],[128.584239,34.639228],[128.575125,34.634101],[128.566905,34.63113],[128.561534,34.632392]]],[[[128.374604,34.64232],[128.380382,34.639065],[128.37558,34.634263],[128.364268,34.639228],[128.359304,34.639187],[128.348969,34.637519],[128.342377,34.646064],[128.344981,34.649156],[128.349457,34.649522],[128.34783,34.652859],[128.342377,34.654853],[128.337332,34.660834],[128.340668,34.66352],[128.352061,34.654608],[128.367361,34.643785],[128.374604,34.64232]]],[[[128.2435,34.668484],[128.239431,34.669379],[128.229666,34.670722],[128.223643,34.672268],[128.221772,34.680325],[128.228608,34.674099],[128.234141,34.677843],[128.239675,34.675971],[128.243175,34.6789],[128.247813,34.678453],[128.252696,34.677965],[128.256521,34.675564],[128.252778,34.669704],[128.2435,34.668484]]],[[[128.167898,34.702419],[128.175059,34.710557],[128.183116,34.709621],[128.195486,34.707139],[128.202322,34.695299],[128.20281,34.691067],[128.196788,34.68594],[128.19516,34.685858],[128.194021,34.688707],[128.184093,34.690782],[128.174001,34.694078],[128.167898,34.702419]]],[[[128.51002,34.731716],[128.492035,34.73192],[128.485688,34.733303],[128.469574,34.740465],[128.473237,34.743883],[128.489268,34.748074],[128.496593,34.744981],[128.512218,34.734524],[128.51002,34.731716]]],[[[128.28891,34.760077],[128.293305,34.761827],[128.303803,34.757188],[128.307791,34.752305],[128.303396,34.750759],[128.302989,34.747219],[128.304047,34.743232],[128.296723,34.745592],[128.292003,34.746365],[128.28769,34.755398],[128.28891,34.760077]]],[[[128.548269,34.758775],[128.557628,34.755357],[128.557628,34.749416],[128.552175,34.747301],[128.543061,34.748684],[128.534434,34.753241],[128.512706,34.756415],[128.508556,34.761217],[128.515717,34.765163],[128.535981,34.757514],[128.548269,34.758775]]],[[[128.468598,34.764512],[128.469168,34.76675],[128.471365,34.769355],[128.470144,34.774237],[128.462576,34.785997],[128.461599,34.800727],[128.463064,34.802639],[128.466319,34.796861],[128.470144,34.792955],[128.472423,34.796129],[128.472992,34.800727],[128.470388,34.803819],[128.470632,34.81037],[128.476573,34.816514],[128.480968,34.815538],[128.480642,34.811347],[128.481944,34.809149],[128.485606,34.808824],[128.492442,34.788398],[128.496918,34.78266],[128.504731,34.780626],[128.508474,34.77143],[128.502859,34.762437],[128.491384,34.757392],[128.47462,34.759101],[128.470632,34.760688],[128.468598,34.764512]]],[[[128.423083,34.763253],[128.406534,34.763098],[128.399281,34.770716],[128.395363,34.77854],[128.38699,34.778804],[128.388957,34.785363],[128.386206,34.791917],[128.373305,34.793491],[128.368702,34.796537],[128.378272,34.80279],[128.380089,34.810404],[128.370416,34.816686],[128.352395,34.821804],[128.340974,34.818844],[128.334192,34.819132],[128.332049,34.825702],[128.340093,34.832973],[128.351831,34.835422],[128.367247,34.830274],[128.379013,34.82287],[128.38583,34.820125],[128.395366,34.823348],[128.410764,34.826522],[128.428226,34.827448],[128.437997,34.819572],[128.440635,34.806735],[128.435334,34.798709],[128.438976,34.793903],[128.434636,34.787882],[128.424572,34.79122],[128.420597,34.789236],[128.420886,34.78672],[128.429101,34.785397],[128.437332,34.779809],[128.433294,34.773784],[128.423083,34.763253]]],[[[128.240733,34.807074],[128.241466,34.799994],[128.238455,34.796942],[128.229015,34.79914],[128.223155,34.8015],[128.212169,34.807807],[128.205821,34.815619],[128.207042,34.821031],[128.213878,34.830227],[128.227306,34.838568],[128.239919,34.836168],[128.254893,34.822414],[128.260509,34.814643],[128.256521,34.809272],[128.245779,34.809272],[128.240733,34.807074]]],[[[127.961925,34.806952],[127.981293,34.80976],[128.00587,34.817694],[128.029063,34.821763],[128.062755,34.817125],[128.069591,34.815009],[128.074718,34.803656],[128.071788,34.793647],[128.066254,34.783026],[128.063324,34.769965],[128.066091,34.749335],[128.065278,34.737535],[128.059581,34.732408],[128.051606,34.728705],[128.060069,34.708401],[128.055919,34.698228],[128.040538,34.695868],[128.02589,34.703111],[128.010102,34.708808],[127.991547,34.701728],[127.975271,34.699937],[127.965343,34.719306],[127.954112,34.759711],[127.937673,34.767035],[127.924571,34.759589],[127.915701,34.742743],[127.912364,34.721869],[127.906261,34.71308],[127.8921,34.712714],[127.877126,34.716946],[127.868012,34.721869],[127.861827,34.730862],[127.860362,34.738267],[127.860118,34.747016],[127.857921,34.759711],[127.830333,34.833564],[127.826671,34.851386],[127.829356,34.868964],[127.840831,34.886949],[127.848481,34.891547],[127.856293,34.892727],[127.862315,34.896064],[127.867035,34.918158],[127.872895,34.924465],[127.888927,34.93476],[127.90211,34.940009],[127.917247,34.936184],[127.930512,34.926459],[127.938243,34.913967],[127.93686,34.900824],[127.928071,34.888251],[127.90561,34.868964],[127.909679,34.862047],[127.914317,34.84455],[127.919932,34.835435],[127.928477,34.830552],[127.94988,34.824652],[127.961925,34.806952]]],[[[128.143077,34.831448],[128.141856,34.824815],[128.136485,34.823839],[128.133962,34.823554],[128.126394,34.837307],[128.140147,34.834784],[128.143077,34.831448]]],[[[128.169119,34.847154],[128.173676,34.854438],[128.184255,34.857082],[128.226736,34.849107],[128.226003,34.84398],[128.212901,34.841824],[128.197195,34.833279],[128.18629,34.825914],[128.169119,34.847154]]],[[[128.626964,34.89175],[128.645518,34.890692],[128.645518,34.896918],[128.626964,34.906928],[128.616384,34.921861],[128.611664,34.93891],[128.610606,34.954901],[128.62379,34.953559],[128.693858,34.986274],[128.681895,35.004625],[128.687511,35.022854],[128.702891,35.032945],[128.720551,35.027248],[128.724946,35.018948],[128.725271,35.009263],[128.718761,34.972154],[128.719249,34.966295],[128.723888,34.954535],[128.729991,34.945136],[128.734386,34.935452],[128.734141,34.922309],[128.730154,34.910386],[128.714366,34.87641],[128.73463,34.88227],[128.744314,34.887763],[128.747569,34.88581],[128.748546,34.868964],[128.747406,34.857123],[128.742931,34.84455],[128.734141,34.837551],[128.720551,34.842271],[128.726085,34.828843],[128.739024,34.80622],[128.74171,34.790717],[128.73406,34.788235],[128.716563,34.793199],[128.697765,34.801337],[128.686371,34.808092],[128.683279,34.794135],[128.680186,34.786566],[128.662852,34.769965],[128.657237,34.756985],[128.669119,34.749498],[128.685557,34.743842],[128.693858,34.736151],[128.678233,34.72484],[128.605805,34.706366],[128.583995,34.705146],[128.618175,34.725572],[128.604015,34.731106],[128.598643,34.739976],[128.599457,34.751899],[128.604503,34.766547],[128.573497,34.753485],[128.564301,34.758734],[128.559825,34.77025],[128.560395,34.781806],[128.566661,34.787055],[128.591563,34.791205],[128.598643,34.802232],[128.599132,34.817816],[128.604503,34.835435],[128.590831,34.842271],[128.580577,34.831855],[128.544688,34.818793],[128.528819,34.808092],[128.517426,34.822659],[128.503184,34.835517],[128.491547,34.849921],[128.488455,34.868964],[128.494884,34.880439],[128.508067,34.891018],[128.523285,34.899156],[128.536306,34.903713],[128.573741,34.910061],[128.583995,34.909898],[128.600434,34.904202],[128.613536,34.897162],[128.626964,34.89175]]],[[[128.066905,34.851752],[128.072765,34.84512],[128.076834,34.842475],[128.082367,34.835598],[128.071788,34.833401],[128.026541,34.843207],[128.001801,34.836656],[127.987315,34.83808],[127.972423,34.845526],[127.963634,34.859768],[127.97047,34.87519],[127.984141,34.889716],[127.992849,34.903388],[128.001964,34.913031],[128.017833,34.916571],[128.02296,34.905504],[128.015961,34.88935],[128.012462,34.878323],[128.013438,34.869127],[128.018728,34.866156],[128.024587,34.877021],[128.036306,34.892279],[128.045909,34.893622],[128.048839,34.886623],[128.053966,34.882636],[128.05893,34.880357],[128.061209,34.868354],[128.066905,34.851752]]],[[[128.52239,34.923651],[128.518809,34.922024],[128.515798,34.935085],[128.513682,34.944444],[128.5171,34.954088],[128.513194,34.96251],[128.533214,34.97248],[128.534353,34.961208],[128.525238,34.949123],[128.529959,34.944607],[128.529959,34.937771],[128.525727,34.935736],[128.53004,34.933214],[128.528819,34.927517],[128.52239,34.923651]]],[[[128.619884,34.978705],[128.614594,34.97427],[128.61142,34.977281],[128.611908,34.983669],[128.620779,34.987291],[128.622244,34.991726],[128.619477,34.99372],[128.618337,34.996772],[128.626394,34.999905],[128.632416,35.003892],[128.632172,35.010525],[128.637218,35.013251],[128.642426,35.01439],[128.646169,35.019192],[128.650971,35.019639],[128.651622,35.009223],[128.648936,34.999823],[128.648774,34.990709],[128.645925,34.980251],[128.632009,34.971096],[128.629893,34.975857],[128.624522,34.979967],[128.619884,34.978705]]],[[[128.83839,35.001207],[128.831798,34.993801],[128.826671,34.992377],[128.824229,34.996731],[128.819347,35.014228],[128.811778,35.020738],[128.809093,35.025865],[128.810313,35.032945],[128.806895,35.041246],[128.801606,35.04914],[128.804373,35.056342],[128.814952,35.061265],[128.826427,35.062242],[128.836436,35.059801],[128.843272,35.047187],[128.842784,35.021877],[128.83839,35.001207]]],[[[128.542491,35.068264],[128.554779,35.069648],[128.561209,35.062161],[128.561778,35.052191],[128.549327,35.061672],[128.542491,35.068264]]],[[[129.097034,35.058723],[129.088846,35.050215],[129.082177,35.054478],[129.075513,35.061779],[129.056229,35.070303],[129.046608,35.079439],[129.04739,35.091608],[129.054914,35.097761],[129.065335,35.097177],[129.069745,35.093495],[129.074872,35.08675],[129.083723,35.078797],[129.090398,35.075753],[129.084447,35.071501],[129.082944,35.064207],[129.097034,35.058723]]],[[[129.798595,31.763658],[129.799571,31.745429],[129.786388,31.737616],[129.776134,31.729478],[129.74411155693718,31.67989270180625],[129.68626434577595,31.69011885584246],[129.690603,31.700198],[129.716645,31.730373],[129.7317,31.737616],[129.753591,31.743801],[129.767751,31.759345],[129.776703,31.779527],[129.783214,31.799628],[129.790863,31.78441],[129.798595,31.763658]]],[[[129.829926,31.785671],[129.833669,31.782538],[129.831798,31.780666],[129.829926,31.773342],[129.820649,31.778266],[129.816498,31.7803],[129.815033,31.78852],[129.814138,31.794827],[129.818777,31.805691],[129.824555,31.814602],[129.833669,31.816921],[129.83725,31.817735],[129.842784,31.814805],[129.842459,31.810085],[129.841319,31.802598],[129.846528,31.79918],[129.84018,31.795762],[129.834321,31.794501],[129.830089,31.791246],[129.829926,31.785671]]],[[[129.889903,31.810736],[129.875987,31.811265],[129.868663,31.818427],[129.863292,31.820868],[129.85906,31.823676],[129.857432,31.828559],[129.85377,31.83515],[129.847423,31.843411],[129.846528,31.850898],[129.853526,31.85517],[129.850434,31.857408],[129.839529,31.853664],[129.831798,31.843736],[129.824229,31.842271],[129.820567,31.845526],[129.820323,31.851874],[129.82309,31.863023],[129.831798,31.873521],[129.844981,31.880601],[129.864513,31.875556],[129.902029,31.848131],[129.909923,31.845689],[129.912771,31.851874],[129.908458,31.861802],[129.913422,31.867743],[129.928559,31.869696],[129.93336,31.867825],[129.928477,31.863918],[129.927745,31.859524],[129.929698,31.85342],[129.928071,31.846503],[129.928477,31.840399],[129.931163,31.836371],[129.931488,31.833482],[129.92921,31.826728],[129.922211,31.81981],[129.912771,31.819485],[129.903331,31.818061],[129.889903,31.810736]]],[[[130.132009,32.21133],[130.153087,32.203762],[130.176036,32.203355],[130.187266,32.196357],[130.194102,32.176418],[130.190766,32.164618],[130.173595,32.124335],[130.167328,32.114325],[130.149262,32.1105],[130.134613,32.117987],[130.127778,32.13231],[130.133311,32.149115],[130.12322,32.158922],[130.115082,32.175442],[130.111095,32.193305],[130.113292,32.207587],[130.121104,32.212633],[130.132009,32.21133]]],[[[130.039561,32.180406],[130.036143,32.179755],[130.042247,32.174302],[130.045746,32.164049],[130.044688,32.161526],[130.044281,32.156399],[130.032563,32.17178],[130.022472,32.16059],[130.017751,32.161078],[130.017019,32.167629],[130.017019,32.17178],[130.017182,32.178209],[130.022309,32.187405],[130.028982,32.191148],[130.037446,32.182522],[130.039561,32.180406]]],[[[130.191987,32.243191],[130.197765,32.242987],[130.201264,32.236111],[130.210134,32.227403],[130.208425,32.223375],[130.208995,32.219916],[130.211843,32.218329],[130.203787,32.203111],[130.202159,32.208401],[130.201996,32.214179],[130.199067,32.20893],[130.188487,32.221015],[130.193207,32.228054],[130.193858,32.235338],[130.191987,32.243191]]],[[[130.175629,32.238918],[130.173839,32.233018],[130.167572,32.226752],[130.163422,32.230089],[130.160167,32.230862],[130.157481,32.238715],[130.162039,32.242499],[130.16391,32.245185],[130.166677,32.250759],[130.169851,32.256334],[130.179779,32.260769],[130.187104,32.268093],[130.187755,32.260037],[130.183442,32.256334],[130.178396,32.251044],[130.175629,32.238918]]],[[[130.260265,32.295071],[130.266449,32.287055],[130.263031,32.281317],[130.253591,32.271633],[130.242849,32.263088],[130.232677,32.258775],[130.223155,32.257066],[130.215099,32.252672],[130.210704,32.255357],[130.210948,32.265774],[130.212901,32.276679],[130.217052,32.286933],[130.222911,32.29206],[130.228526,32.293036],[130.231212,32.295111],[130.23227,32.298651],[130.243907,32.301825],[130.260265,32.295071]]],[[[130.329356,32.318427],[130.330414,32.327135],[130.334972,32.340522],[130.346283,32.349799],[130.353608,32.350898],[130.360037,32.348782],[130.369477,32.348131],[130.370453,32.341742],[130.355154,32.32217],[130.331309,32.305487],[130.302664,32.304267],[130.301199,32.305854],[130.305349,32.309638],[130.310395,32.310614],[130.329356,32.318427]]],[[[130.319835,32.347927],[130.31837,32.349351],[130.316254,32.350898],[130.311209,32.349636],[130.299001,32.356024],[130.30421,32.362576],[130.31072,32.36107],[130.313243,32.367214],[130.314952,32.368313],[130.315929,32.369127],[130.318207,32.367825],[130.32073,32.36815],[130.32252,32.365505],[130.321788,32.361965],[130.322765,32.359402],[130.325531,32.36107],[130.332123,32.358547],[130.334076,32.354763],[130.340424,32.352281],[130.326752,32.347602],[130.318777,32.339504],[130.317068,32.341213],[130.312592,32.340766],[130.312104,32.346869],[130.319835,32.347927]]],[[[130.02003,32.460679],[130.030284,32.482408],[130.025401,32.502143],[130.00294,32.533352],[130.015473,32.532782],[130.02475,32.527737],[130.03297,32.521918],[130.043224,32.519029],[130.056488,32.521186],[130.076915,32.530992],[130.102794,32.536526],[130.120291,32.542873],[130.139822,32.547675],[130.160492,32.546332],[130.189464,32.521796],[130.198985,32.48017],[130.201508,32.395494],[130.204112,32.387641],[130.206798,32.381252],[130.208344,32.373277],[130.205577,32.346625],[130.20338,32.338853],[130.199229,32.33275],[130.190684,32.323554],[130.181407,32.318264],[130.157725,32.310248],[130.153087,32.303371],[130.133311,32.265123],[130.127778,32.26142],[130.105317,32.252143],[130.096934,32.245022],[130.074962,32.220771],[130.061046,32.211859],[130.036876,32.199774],[130.011974,32.190619],[129.995453,32.19066],[129.994395,32.199897],[130.009125,32.252143],[129.997325,32.244045],[129.986339,32.244371],[129.975841,32.245917],[129.958344,32.237535],[129.958018,32.242377],[129.961274,32.252143],[129.965343,32.258205],[129.996267,32.282172],[130.016612,32.293118],[130.030121,32.295233],[130.042166,32.294501],[130.053233,32.296536],[130.064301,32.306789],[130.05421,32.306952],[130.046153,32.308254],[130.030284,32.313625],[130.0088,32.305894],[129.991466,32.314439],[129.979747,32.332994],[129.975271,32.355414],[129.976573,32.366441],[129.980479,32.375637],[129.98699,32.382961],[129.995453,32.388658],[129.989024,32.404486],[129.994395,32.42414],[130.006521,32.444037],[130.02003,32.460679]]],[[[130.415863,32.380601],[130.412283,32.380601],[130.407807,32.393093],[130.412852,32.399888],[130.416189,32.396186],[130.424408,32.388983],[130.423513,32.383409],[130.429698,32.382351],[130.431733,32.378648],[130.427338,32.373196],[130.421886,32.370388],[130.420502,32.366929],[130.415619,32.368313],[130.416026,32.376532],[130.415863,32.380601]]],[[[130.213634,32.450426],[130.218598,32.455959],[130.225108,32.458197],[130.239106,32.460273],[130.247895,32.464586],[130.267833,32.484198],[130.290294,32.497952],[130.305186,32.504055],[130.341563,32.51435],[130.363048,32.527086],[130.370942,32.527045],[130.377208,32.522895],[130.379649,32.515326],[130.383311,32.509426],[130.391775,32.508734],[130.410004,32.511623],[130.440196,32.523993],[130.457042,32.52558],[130.468516,32.511623],[130.434825,32.492743],[130.392833,32.397162],[130.362315,32.374986],[130.358735,32.37995],[130.357921,32.391181],[130.358653,32.412909],[130.353852,32.42414],[130.34311,32.42182],[130.324474,32.409817],[130.284434,32.407538],[130.264822,32.403632],[130.241954,32.395494],[130.22169,32.421861],[130.213064,32.43651],[130.213634,32.450426]]],[[[129.781261,32.552558],[129.775157,32.54621],[129.776703,32.565294],[129.781668,32.566962],[129.789643,32.565212],[129.790701,32.563015],[129.79005,32.558743],[129.786225,32.55386],[129.781261,32.552558]]],[[[130.4817,32.561428],[130.467459,32.544623],[130.462576,32.541653],[130.461843,32.562323],[130.460378,32.575751],[130.462332,32.57921],[130.467296,32.583604],[130.474946,32.58511],[130.481375,32.574449],[130.4817,32.561428]]],[[[130.450938,32.563422],[130.445811,32.552558],[130.431895,32.549872],[130.424571,32.54682],[130.427582,32.537299],[130.421397,32.540758],[130.40919,32.549262],[130.406749,32.560981],[130.411388,32.573879],[130.407725,32.581732],[130.399669,32.586412],[130.398774,32.593166],[130.413585,32.613593],[130.416515,32.613959],[130.41684,32.610053],[130.420095,32.611558],[130.428477,32.617662],[130.436534,32.620673],[130.446462,32.616604],[130.452891,32.610989],[130.450043,32.603258],[130.446788,32.596829],[130.452647,32.590644],[130.453868,32.580064],[130.450938,32.563422]]],[[[130.497081,32.607815],[130.510102,32.60692],[130.510834,32.593044],[130.497162,32.579983],[130.487153,32.575588],[130.486827,32.584052],[130.487885,32.590237],[130.481944,32.58865],[130.478852,32.590481],[130.47991,32.593004],[130.478526,32.594957],[130.480561,32.597805],[130.476899,32.599514],[130.479666,32.606757],[130.488455,32.609727],[130.497081,32.607815]]],[[[129.753429,32.649115],[129.750011,32.655829],[129.74407,32.660956],[129.747651,32.666368],[129.756847,32.662828],[129.756358,32.651719],[129.753429,32.649115]]],[[[129.76824,32.704779],[129.764903,32.705756],[129.760265,32.715725],[129.772634,32.709459],[129.780121,32.700629],[129.78533,32.691921],[129.780121,32.689602],[129.773611,32.697333],[129.7706,32.699937],[129.770193,32.701972],[129.76824,32.704779]]],[[[129.602061,32.880927],[129.592784,32.878323],[129.59254,32.88406],[129.599294,32.888577],[129.602061,32.880927]]],[[[129.601736,32.938341],[129.603363,32.939968],[129.605968,32.938381],[129.605479,32.939683],[129.605479,32.94123],[129.605886,32.943101],[129.608084,32.942572],[129.611257,32.943427],[129.615408,32.94123],[129.625173,32.938096],[129.625173,32.928453],[129.616303,32.916287],[129.600515,32.921617],[129.592214,32.94066],[129.594005,32.945583],[129.596202,32.946763],[129.598481,32.947984],[129.598643,32.946479],[129.598155,32.94066],[129.602061,32.937486],[129.601736,32.938341]]],[[[129.566173,33.014919],[129.566742,33.01789],[129.563569,33.019232],[129.560313,33.022528],[129.559337,33.026882],[129.561209,33.029893],[129.567556,33.030097],[129.576345,33.028144],[129.582612,33.030178],[129.59669,33.051907],[129.604015,33.057481],[129.605235,33.060981],[129.607514,33.06387],[129.622,33.061225],[129.628917,33.063015],[129.63502,33.062364],[129.632986,33.057807],[129.627778,33.054145],[129.627859,33.051622],[129.629975,33.048692],[129.628998,33.044745],[129.62558,33.038194],[129.610525,33.028469],[129.607839,33.024441],[129.587983,33.025702],[129.589203,33.021959],[129.586599,33.015692],[129.581391,33.011176],[129.568696,33.00552],[129.564952,33.001085],[129.559418,32.997301],[129.548188,32.998236],[129.540863,33.002387],[129.539073,33.005683],[129.535818,33.008165],[129.539806,33.009304],[129.555837,33.007758],[129.558279,33.011094],[129.566173,33.014919]]],[[[129.673676,33.136786],[129.67213,33.138943],[129.672455,33.143052],[129.680837,33.141506],[129.679942,33.134914],[129.673676,33.136786]]],[[[129.580984,33.165432],[129.588064,33.170722],[129.586111,33.174465],[129.578949,33.179796],[129.576915,33.184027],[129.581228,33.191759],[129.585704,33.194729],[129.592784,33.192857],[129.59311,33.183539],[129.590261,33.185818],[129.588064,33.184638],[129.592214,33.177965],[129.592214,33.169338],[129.582205,33.161119],[129.580984,33.165432]]],[[[129.685557,33.407782],[129.680837,33.413642],[129.683116,33.417751],[129.682546,33.418565],[129.680919,33.422268],[129.681814,33.425238],[129.685557,33.407782]]],[[[129.768728,33.462958],[129.771658,33.459499],[129.773529,33.455959],[129.773529,33.453843],[129.771007,33.450914],[129.769542,33.447374],[129.770274,33.444322],[129.781586,33.437405],[129.789806,33.432278],[129.788992,33.428616],[129.780121,33.427273],[129.768972,33.429918],[129.764089,33.428778],[129.759858,33.424099],[129.758149,33.418362],[129.755626,33.416531],[129.75172,33.415961],[129.747651,33.411444],[129.738292,33.407009],[129.726736,33.40998],[129.720795,33.417467],[129.725108,33.423448],[129.735688,33.431057],[129.741547,33.439032],[129.751882,33.453192],[129.752615,33.455797],[129.746918,33.464586],[129.74879,33.469102],[129.752859,33.471015],[129.768728,33.462958]]],[[[129.726899,33.459093],[129.727224,33.450141],[129.715424,33.463853],[129.725678,33.460801],[129.726899,33.460435],[129.726899,33.459093]]],[[[129.568044,33.478502],[129.554454,33.473456],[129.539399,33.475165],[129.526866,33.480455],[129.519054,33.478176],[129.516449,33.473538],[129.511974,33.472968],[129.503184,33.4737],[129.506684,33.4831],[129.524669,33.497545],[129.541759,33.50731],[129.551768,33.506903],[129.554861,33.499823],[129.555919,33.493964],[129.573416,33.49608],[129.576427,33.488349],[129.568044,33.478502]]],[[[129.963227,33.539211],[129.977061,33.544216],[129.976736,33.531399],[129.968272,33.526109],[129.964529,33.531887],[129.966563,33.538764],[129.963227,33.539211]]],[[[129.872244,33.553778],[129.872325,33.55976],[129.877126,33.564276],[129.883474,33.565863],[129.890636,33.558051],[129.889903,33.553494],[129.876638,33.544216],[129.872732,33.545356],[129.872244,33.553778]]],[[[129.750987,33.567206],[129.744233,33.570136],[129.742361,33.572374],[129.739757,33.575629],[129.740977,33.581163],[129.745209,33.58279],[129.750255,33.580919],[129.763031,33.58279],[129.770193,33.572211],[129.766287,33.568996],[129.762462,33.56623],[129.760753,33.563829],[129.757823,33.563463],[129.750987,33.567206]]],[[[129.84962,33.602566],[129.848155,33.6046],[129.849294,33.60635],[129.852061,33.608913],[129.85434,33.612128],[129.854991,33.617662],[129.862722,33.618272],[129.861501,33.607286],[129.859874,33.6046],[129.861176,33.600246],[129.864268,33.598375],[129.86614,33.597317],[129.86614,33.593207],[129.865489,33.591213],[129.858084,33.587795],[129.848155,33.599799],[129.84962,33.602566]]],[[[130.300222,33.606431],[130.293305,33.613023],[130.296397,33.620185],[130.301443,33.63821],[130.313243,33.62051],[130.300222,33.606431]]],[[[131.651052,33.716376],[131.633149,33.71898],[131.634613,33.723334],[131.644298,33.729763],[131.655691,33.732408],[131.665294,33.739732],[131.669932,33.739773],[131.674897,33.738267],[131.680593,33.736477],[131.684744,33.731513],[131.681814,33.726711],[131.669281,33.718492],[131.651052,33.716376]]],[[[129.640391,33.744045],[129.643728,33.741726],[129.640717,33.73725],[129.641449,33.73371],[129.633881,33.734646],[129.628917,33.732327],[129.626801,33.742418],[129.637055,33.746731],[129.640391,33.744045]]],[[[130.361827,33.754136],[130.359955,33.767808],[130.369721,33.766832],[130.379405,33.760932],[130.379731,33.758002],[130.371104,33.759385],[130.366059,33.758775],[130.361827,33.754136]]],[[[129.670763,33.750139],[129.657127,33.742555],[129.649304,33.75604],[129.646658,33.772773],[129.676931,33.760728],[129.687022,33.759182],[129.687022,33.766018],[129.660283,33.783592],[129.658269,33.803574],[129.656934,33.815454],[129.678402,33.814931],[129.673144,33.832218],[129.678952,33.848985],[129.68672,33.859796],[129.688648,33.871146],[129.700694,33.861558],[129.767263,33.84455],[129.76804,33.83665],[129.762203,33.823138],[129.762872,33.812344],[129.766787,33.802095],[129.781095,33.792393],[129.796886,33.786444],[129.79127,33.78498],[129.781912,33.781155],[129.776378,33.77969],[129.776378,33.773424],[129.799571,33.764838],[129.799653,33.751044],[129.783865,33.738186],[129.760379,33.737305],[129.735064,33.736739],[129.722767,33.716748],[129.721039,33.69774],[129.71046,33.700832],[129.690957,33.715612],[129.677294,33.729095],[129.681161,33.744218],[129.670763,33.750139]]],[[[130.407481,33.90884],[130.414073,33.912991],[130.429698,33.915554],[130.442068,33.913398],[130.437429,33.898668],[130.424327,33.889675],[130.411957,33.898261],[130.407481,33.90884]]],[[[130.492117,33.905178],[130.486501,33.914211],[130.498057,33.912828],[130.499034,33.907375],[130.50408,33.903062],[130.507091,33.894924],[130.494965,33.899563],[130.492117,33.905178]]],[[[130.867931,33.978013],[130.864268,33.970445],[130.861013,33.96898],[130.864675,33.982693],[130.867931,33.978013]]],[[[130.710704,33.998928],[130.714041,34.006822],[130.716482,34.000108],[130.717133,33.997789],[130.710704,33.998928]]],[[[131.719656,33.987372],[131.712169,33.992336],[131.708018,33.998277],[131.702485,34.000108],[131.695567,34.006374],[131.691417,34.007921],[131.695486,34.011664],[131.702485,34.019436],[131.702485,34.029405],[131.712576,34.034369],[131.708669,34.027574],[131.711111,34.016181],[131.71046,34.004828],[131.72047,33.993598],[131.73349,33.98782],[131.723318,33.979885],[131.719656,33.987372]]],[[[131.749604,34.030626],[131.744802,34.025702],[131.736664,34.023139],[131.724946,34.033596],[131.727306,34.037706],[131.733409,34.039049],[131.736095,34.0397],[131.740408,34.040635],[131.742279,34.038764],[131.750662,34.036892],[131.756765,34.046536],[131.760916,34.047838],[131.765961,34.044745],[131.765717,34.040595],[131.761485,34.038438],[131.7553,34.031277],[131.749604,34.030626]]],[[[130.796072,34.093573],[130.793142,34.098456],[130.784272,34.100572],[130.778087,34.104153],[130.774913,34.116604],[130.7824,34.113145],[130.792654,34.109849],[130.796072,34.109117],[130.797293,34.105414],[130.796072,34.093573]]],[[[130.107758,34.249579],[130.113617,34.246039],[130.104747,34.238715],[130.107758,34.249579]]],[[[130.852794,34.356472],[130.861339,34.362657],[130.868419,34.367011],[130.865326,34.37637],[130.871837,34.372952],[130.873057,34.370632],[130.877126,34.370144],[130.880219,34.36636],[130.870291,34.356472],[130.865082,34.35456],[130.856537,34.352688],[130.850922,34.347113],[130.84726,34.342108],[130.83725,34.353624],[130.852794,34.356472]]],[[[131.401134,34.505601],[131.413015,34.515123],[131.41391,34.50967],[131.418468,34.500027],[131.406505,34.490953],[131.401134,34.505601]]],[[[131.275971,34.521511],[131.283865,34.514635],[131.288585,34.515733],[131.29127,34.513861],[131.293468,34.50967],[131.290131,34.506537],[131.276866,34.499091],[131.275971,34.521511]]],[[[131.161143,34.775824],[131.160492,34.7685],[131.156342,34.763414],[131.148611,34.760321],[131.140147,34.759101],[131.136078,34.76203],[131.128103,34.784329],[131.135753,34.791002],[131.147716,34.789618],[131.149913,34.787421],[131.148204,34.783759],[131.148285,34.780666],[131.152192,34.779079],[131.157481,34.778917],[131.161143,34.775824]]],[[[130.827485,37.471259],[130.811046,37.487006],[130.805837,37.507392],[130.814301,37.52261],[130.832286,37.532131],[130.867849,37.536933],[130.891612,37.543891],[130.903575,37.545844],[130.920665,37.53559],[130.919444,37.510199],[130.908376,37.48192],[130.896739,37.463121],[130.877696,37.455512],[130.852224,37.459459],[130.827485,37.471259]]],[[[131.828868,32.668402],[131.837576,32.668687],[131.829682,32.660468],[131.824555,32.651597],[131.822683,32.651842],[131.822927,32.65526],[131.826427,32.656602],[131.820079,32.65526],[131.81308,32.655585],[131.81422,32.658026],[131.810151,32.662055],[131.812266,32.665839],[131.811371,32.66767],[131.809174,32.669176],[131.81422,32.671332],[131.818207,32.674221],[131.824718,32.669542],[131.828868,32.668402]]],[[[131.922211,32.717353],[131.922862,32.723985],[131.923188,32.73074],[131.925629,32.728502],[131.929535,32.726671],[131.93214,32.720282],[131.929861,32.715603],[131.928396,32.713853],[131.922211,32.717353]]],[[[132.548595,32.7508],[132.554942,32.747504],[132.557953,32.745307],[132.562022,32.742133],[132.568614,32.734361],[132.571544,32.725491],[132.570811,32.717271],[132.563243,32.709947],[132.549653,32.704291],[132.543224,32.708441],[132.540538,32.721503],[132.539887,32.733791],[132.543793,32.745592],[132.548595,32.7508]]],[[[132.491873,32.736111],[132.487966,32.733181],[132.486339,32.733751],[132.487153,32.740017],[132.492279,32.742499],[132.494151,32.740749],[132.491873,32.736111]]],[[[131.911143,32.769884],[131.911957,32.77794],[131.918793,32.777208],[131.925304,32.771552],[131.919119,32.768052],[131.911143,32.769884]]],[[[132.499766,32.803534],[132.497651,32.799302],[132.492361,32.796658],[132.489513,32.797268],[132.48227,32.795437],[132.486095,32.805406],[132.499766,32.803534]]],[[[132.459809,32.944648],[132.446218,32.939968],[132.437022,32.940904],[132.438569,32.942939],[132.455903,32.950222],[132.459809,32.944648]]],[[[132.069591,32.966295],[132.079194,32.973171],[132.080089,32.967149],[132.080007,32.963243],[132.080577,32.961168],[132.078054,32.957424],[132.071869,32.951158],[132.066742,32.959296],[132.063324,32.960924],[132.069591,32.966295]]],[[[131.923188,33.006008],[131.925629,33.010972],[131.928071,33.014268],[131.931733,33.016913],[131.938813,33.016832],[131.944102,33.015489],[131.941661,33.011786],[131.935964,33.005764],[131.93336,33.000393],[131.931977,32.998765],[131.939545,32.998481],[131.947195,32.994208],[131.931488,32.988593],[131.923432,32.980496],[131.91977,32.981431],[131.915375,32.981106],[131.913015,32.984198],[131.914154,32.993476],[131.918061,32.99551],[131.922048,32.997341],[131.921153,33.000963],[131.923188,33.006008]]],[[[132.003835,33.097561],[132.00294,33.098497],[132.002778,33.106553],[132.008311,33.111274],[132.01474,33.105048],[132.003835,33.097561]]],[[[132.332693,33.110012],[132.320323,33.101304],[132.317231,33.10814],[132.332693,33.110012]]],[[[132.409028,33.1046],[132.415375,33.113349],[132.421397,33.111558],[132.416189,33.110338],[132.411794,33.101304],[132.409028,33.1046]]],[[[132.296723,33.153306],[132.288748,33.155666],[132.286632,33.158026],[132.284597,33.164984],[132.28061,33.168891],[132.264903,33.168565],[132.261892,33.175971],[132.265961,33.180732],[132.270518,33.176337],[132.278005,33.17536],[132.281342,33.176663],[132.287446,33.175889],[132.290538,33.178087],[132.293956,33.175442],[132.295095,33.170803],[132.29363,33.170803],[132.292817,33.170722],[132.289561,33.165025],[132.293956,33.160753],[132.301117,33.160305],[132.30714,33.163601],[132.306488,33.157986],[132.307465,33.152493],[132.313324,33.149482],[132.311615,33.148017],[132.296723,33.153306]]],[[[131.983165,33.162991],[131.981944,33.168565],[131.989431,33.173082],[131.990245,33.169827],[131.983165,33.162991]]],[[[132.360525,33.195136],[132.363617,33.189683],[132.359548,33.187242],[132.355154,33.190131],[132.354747,33.194607],[132.353363,33.199327],[132.352468,33.201239],[132.34783,33.204657],[132.341726,33.204576],[132.347585,33.207668],[132.353608,33.205634],[132.363536,33.209662],[132.36964,33.214708],[132.371511,33.215644],[132.37436,33.218248],[132.375662,33.221381],[132.378591,33.219184],[132.38087,33.208116],[132.372406,33.205634],[132.36671,33.202786],[132.361339,33.200954],[132.361583,33.198432],[132.360525,33.195136]]],[[[132.469168,33.265896],[132.469737,33.268541],[132.467947,33.275092],[132.473074,33.27265],[132.47755,33.26789],[132.474539,33.262681],[132.470388,33.255764],[132.462983,33.257595],[132.464936,33.261217],[132.469168,33.265896]]],[[[131.941091,33.282131],[131.948334,33.28205],[131.958344,33.280788],[131.957449,33.276028],[131.949067,33.271959],[131.941742,33.278347],[131.938324,33.280707],[131.941091,33.282131]]],[[[132.357758,33.367255],[132.354666,33.371487],[132.343923,33.376532],[132.351085,33.378485],[132.357514,33.377712],[132.36199,33.371202],[132.357758,33.367255]]],[[[132.341645,33.380357],[132.338227,33.388007],[132.344249,33.395901],[132.341645,33.380357]]],[[[132.481944,33.733466],[132.475434,33.732327],[132.479177,33.738511],[132.48227,33.739691],[132.489187,33.739691],[132.493337,33.738511],[132.492361,33.736518],[132.488617,33.735419],[132.481944,33.733466]]],[[[132.12851,33.721096],[132.13852,33.729844],[132.14267,33.738511],[132.139008,33.740627],[132.139496,33.747789],[132.142019,33.751125],[132.144216,33.754136],[132.146821,33.75845],[132.148936,33.762966],[132.153412,33.762722],[132.147716,33.754136],[132.151378,33.750352],[132.151866,33.746161],[132.147146,33.738959],[132.153901,33.727281],[132.132172,33.712348],[132.12851,33.721096]]],[[[131.975108,33.796576],[131.988292,33.786933],[131.98585,33.777533],[131.971202,33.771145],[131.958181,33.769355],[131.950369,33.773139],[131.94516,33.77912],[131.963227,33.791653],[131.975108,33.796576]]],[[[132.236339,33.768541],[132.204438,33.782131],[132.188324,33.77969],[132.195323,33.793524],[132.208751,33.800116],[132.225759,33.799872],[132.243663,33.79328],[132.252452,33.785346],[132.274099,33.772203],[132.27296,33.768541],[132.257335,33.766018],[132.236339,33.768541]]],[[[132.524099,33.854763],[132.534597,33.848497],[132.532074,33.841905],[132.526703,33.850165],[132.521169,33.851549],[132.524099,33.854763]]],[[[132.001964,33.853013],[131.999522,33.857693],[132.00587,33.857367],[132.011241,33.856309],[132.012625,33.866807],[132.017507,33.866726],[132.018077,33.861762],[132.019867,33.860419],[132.021658,33.853502],[132.021821,33.848009],[132.001964,33.853013]]],[[[132.064789,33.862982],[132.059255,33.869086],[132.05657,33.877305],[132.062673,33.88231],[132.065847,33.878241],[132.066824,33.872748],[132.07016,33.867418],[132.064789,33.862982]]],[[[132.231212,33.863918],[132.22641,33.860663],[132.216319,33.855373],[132.208263,33.87519],[132.19337,33.89765],[132.18629,33.92121],[132.201915,33.94477],[132.226085,33.952704],[132.253591,33.9501],[132.27947,33.94123],[132.298188,33.930487],[132.326182,33.896308],[132.340099,33.897203],[132.353201,33.903388],[132.374034,33.916815],[132.380219,33.917548],[132.395274,33.915473],[132.401215,33.916815],[132.407074,33.923041],[132.409679,33.933905],[132.415538,33.937934],[132.427582,33.939887],[132.453949,33.937567],[132.469493,33.937934],[132.457856,33.92768],[132.436534,33.903551],[132.428477,33.902533],[132.418956,33.905666],[132.394542,33.899319],[132.384776,33.894192],[132.380707,33.88642],[132.379405,33.861884],[132.377452,33.852037],[132.374034,33.841702],[132.362559,33.845445],[132.340587,33.844957],[132.332367,33.847968],[132.32838,33.856513],[132.3296,33.86579],[132.328624,33.875067],[132.318614,33.883287],[132.311778,33.875881],[132.298106,33.884019],[132.29184,33.87873],[132.288829,33.868354],[132.284516,33.861558],[132.272146,33.860419],[132.254649,33.865668],[132.243663,33.861558],[132.236176,33.869045],[132.231212,33.863918]]],[[[132.658621,33.906765],[132.664154,33.911119],[132.66684,33.910631],[132.672862,33.910549],[132.676931,33.910468],[132.679698,33.916368],[132.682384,33.922268],[132.688569,33.922268],[132.689789,33.926011],[132.692882,33.926011],[132.698822,33.926907],[132.696625,33.920762],[132.69337,33.915595],[132.693207,33.903306],[132.681326,33.901679],[132.676199,33.888861],[132.68157,33.883083],[132.683116,33.879788],[132.68922,33.877468],[132.688243,33.87401],[132.683686,33.872748],[132.677013,33.874538],[132.67099,33.8699],[132.667328,33.869371],[132.662608,33.874335],[132.663585,33.87934],[132.664561,33.887803],[132.665294,33.899644],[132.660492,33.902371],[132.653005,33.896796],[132.658621,33.906765]]],[[[132.539561,33.934394],[132.543468,33.936347],[132.551443,33.9383],[132.555268,33.935696],[132.547048,33.931627],[132.532725,33.927151],[132.528982,33.926011],[132.523123,33.927273],[132.516205,33.930365],[132.5171,33.933498],[132.521739,33.935818],[132.52589,33.935329],[132.531749,33.934923],[132.539561,33.934394]]],[[[132.338715,33.952623],[132.343272,33.958564],[132.349701,33.960273],[132.354828,33.951199],[132.355317,33.939399],[132.353363,33.937893],[132.340505,33.94717],[132.337983,33.948188],[132.338715,33.952623]]],[[[131.833507,33.948757],[131.8331,33.955471],[131.841482,33.957139],[131.84783,33.953884],[131.849376,33.958767],[131.846772,33.966173],[131.84254,33.969021],[131.84962,33.972073],[131.853201,33.974758],[131.854503,33.979031],[131.858084,33.983995],[131.860688,33.989285],[131.863292,33.980496],[131.868907,33.98192],[131.875906,33.972073],[131.877452,33.96837],[131.870535,33.96898],[131.861257,33.959947],[131.858572,33.949693],[131.847992,33.945299],[131.836029,33.933498],[131.830333,33.931871],[131.822195,33.929592],[131.819591,33.927883],[131.819184,33.933946],[131.816091,33.93537],[131.806244,33.94066],[131.806,33.949571],[131.81308,33.955878],[131.820079,33.957017],[131.81837,33.953884],[131.821462,33.949856],[131.827159,33.947821],[131.833507,33.948757]]],[[[132.669932,33.955593],[132.665375,33.955919],[132.6574,33.950344],[132.651703,33.955308],[132.656342,33.96898],[132.661957,33.974595],[132.66741,33.972073],[132.672537,33.966579],[132.672211,33.960435],[132.673595,33.957017],[132.669932,33.955593]]],[[[132.535818,33.980211],[132.534597,33.988267],[132.539643,33.99079],[132.55421,33.993354],[132.564952,33.989732],[132.55657,33.983751],[132.554047,33.978339],[132.551036,33.975124],[132.5442,33.966986],[132.539561,33.960883],[132.53476,33.966702],[132.535492,33.970852],[132.539561,33.976426],[132.535818,33.980211]]],[[[132.511648,33.989529],[132.51295,33.990261],[132.514415,33.991116],[132.518484,33.989529],[132.523774,33.988349],[132.524018,33.988267],[132.522878,33.987209],[132.518158,33.982856],[132.51352,33.975979],[132.506521,33.97366],[132.504731,33.969468],[132.497244,33.967963],[132.49464,33.964667],[132.493012,33.967271],[132.494477,33.970649],[132.497895,33.971788],[132.496023,33.980211],[132.500173,33.984849],[132.507335,33.988349],[132.511648,33.989529]]],[[[132.61378,33.994045],[132.617931,33.995673],[132.624522,33.999091],[132.636404,34.008287],[132.641368,34.014065],[132.643891,34.01142],[132.644298,34.000881],[132.642751,33.989936],[132.640961,33.983954],[132.636974,33.979234],[132.63502,33.97484],[132.634451,33.96483],[132.620291,33.953803],[132.600434,33.949897],[132.589122,33.956448],[132.586925,33.969672],[132.596365,33.980943],[132.606456,33.989203],[132.61378,33.994045]]],[[[132.260916,34.001532],[132.263682,34.011298],[132.269867,34.000108],[132.271251,33.995917],[132.263927,33.997707],[132.260916,34.001532]]],[[[132.425629,34.011298],[132.40797,34.015245],[132.401785,34.022284],[132.409028,34.029893],[132.418712,34.025662],[132.424164,34.020209],[132.42628,34.016303],[132.426931,34.015041],[132.425629,34.011298]]],[[[132.532074,34.047471],[132.525238,34.04914],[132.523529,34.057196],[132.52589,34.063341],[132.529714,34.068793],[132.533458,34.07335],[132.537446,34.059434],[132.532074,34.047471]]],[[[132.473969,34.105211],[132.497325,34.117133],[132.51002,34.131822],[132.496837,34.15705],[132.506602,34.167792],[132.519298,34.174384],[132.532481,34.177314],[132.543305,34.176703],[132.551524,34.17064],[132.549001,34.166327],[132.547862,34.161689],[132.545095,34.158149],[132.537852,34.15705],[132.546235,34.144965],[132.549001,34.133368],[132.54949,34.121487],[132.551524,34.108588],[132.577647,34.118883],[132.580577,34.09984],[132.569835,34.075873],[132.555186,34.071357],[132.532237,34.082099],[132.478038,34.080471],[132.455333,34.088121],[132.473969,34.105211]]],[[[132.383962,34.156317],[132.382172,34.17239],[132.39031,34.1765],[132.404552,34.169827],[132.410492,34.171129],[132.415294,34.159288],[132.396414,34.145941],[132.387543,34.150255],[132.383962,34.156317]]],[[[132.814382,34.152086],[132.806488,34.154568],[132.802908,34.159735],[132.803315,34.166368],[132.80714,34.175727],[132.818614,34.185614],[132.83253,34.18891],[132.836681,34.191799],[132.840668,34.192613],[132.844656,34.195095],[132.849946,34.196275],[132.851899,34.193305],[132.853689,34.188625],[132.863617,34.182807],[132.858735,34.170152],[132.842052,34.159003],[132.814382,34.152086]]],[[[132.780365,34.187934],[132.799897,34.173326],[132.782563,34.161485],[132.770518,34.167751],[132.780365,34.187934]]],[[[132.737315,34.168402],[132.731619,34.171332],[132.723643,34.170803],[132.697927,34.181342],[132.688975,34.189887],[132.69516,34.200141],[132.708995,34.203315],[132.728852,34.198798],[132.738536,34.196967],[132.755056,34.189114],[132.761404,34.177151],[132.756114,34.167467],[132.747406,34.162543],[132.740001,34.159898],[132.737559,34.161607],[132.737315,34.168402]]],[[[132.675548,34.177924],[132.674734,34.173326],[132.670584,34.172838],[132.664154,34.169582],[132.662283,34.16946],[132.659923,34.173692],[132.655203,34.174262],[132.648611,34.170356],[132.646495,34.179511],[132.647878,34.187893],[132.661713,34.198798],[132.671641,34.203518],[132.677501,34.19713],[132.682628,34.186998],[132.675548,34.177924]]],[[[132.305431,34.198228],[132.314301,34.195828],[132.318451,34.190741],[132.304861,34.183905],[132.300141,34.188544],[132.293956,34.187486],[132.2942,34.196479],[132.305431,34.198228]]],[[[132.99171,34.242255],[132.987315,34.248847],[132.97934,34.252183],[132.969737,34.252631],[132.98878,34.273017],[133.01002,34.291246],[133.01099261356023,34.291443680548284],[133.0053488906622,34.26854697786664],[132.98945269200362,34.203732563875946],[132.963878,34.191881],[132.954845,34.198188],[132.962901,34.218451],[132.969493,34.223049],[132.98585,34.226955],[132.990896,34.232123],[132.99171,34.242255]]],[[[132.897146,34.256741],[132.908214,34.262885],[132.921153,34.27733],[132.928477,34.284003],[132.932302,34.274848],[132.928477,34.251939],[132.919119,34.232896],[132.916759,34.221869],[132.905772,34.21308],[132.883067,34.208645],[132.863129,34.208482],[132.849946,34.215155],[132.843028,34.22842],[132.846446,34.24022],[132.854015,34.245022],[132.857188,34.245836],[132.885997,34.257025],[132.897146,34.256741]]],[[[132.298839,34.292222],[132.314464,34.300442],[132.328624,34.30622],[132.33839,34.304429],[132.344249,34.29564],[132.34547,34.286566],[132.344981,34.281968],[132.325531,34.264716],[132.295909,34.243232],[132.279307,34.238349],[132.267914,34.244452],[132.267263,34.253607],[132.286632,34.27912],[132.298839,34.292222]]],[[[132.438813,34.326239],[132.445404,34.322089],[132.445649,34.311916],[132.441742,34.30272],[132.442393,34.297838],[132.435557,34.29975],[132.432302,34.297838],[132.425629,34.301052],[132.419363,34.301174],[132.417247,34.304267],[132.422699,34.306342],[132.430105,34.313503],[132.431977,34.317247],[132.432546,34.322821],[132.438813,34.326239]]],[[[131.861042,37.244006],[131.862522,37.243104],[131.861704,37.241606],[131.860148,37.242399],[131.861042,37.244006]]]]}},{"type":"Feature","properties":{"id":"later-shu","sourceRefs":["atlas-943-fixed-master"]},"geometry":{"type":"Polygon","coordinates":[[[110.82345715812771,31.135592543786263],[110.80576957017892,30.922754979202775],[110.78815428259436,30.70987056357715],[110.80969530264332,30.529100686828226],[110.83114198690983,30.348292168599254],[110.85249496145352,30.16744358998688],[111.05953502687254,30.040584571614122],[111.26605869431876,29.913256412026048],[111.03246694321795,29.828402068311725],[110.79939603300879,29.74295813164882],[110.56684784296561,29.6569258695977],[110.42425682481469,29.562373792472627],[110.28199161802199,29.46759177603713],[110.14005190042688,29.372580101005955],[110.09279819803078,29.188737464027863],[110.0457278123157,29.004823139341415],[109.99883954962996,28.82083572602757],[109.95213222650592,28.636773825793107],[109.9870219901045,28.472576367764976],[110.02178273190964,28.308325414159277],[110.0564152025097,28.14401997602862],[110.09092014674854,27.97965906609899],[109.89503966065107,27.96067025570838],[109.69930338746923,27.941260700243554],[109.50371330754776,27.921430862544536],[109.32768579926828,27.792099712266047],[109.15219275824501,27.662396117774875],[108.9772332457635,27.532320510199973],[108.88962568027138,27.682304448088967],[108.80174317437472,27.83216879638149],[108.71358442709578,27.981914131484853],[108.5151670180534,27.97991288675937],[108.31682707501842,27.977481705018707],[108.11856674682686,27.974620960860392],[107.92038817797541,27.971331033504228],[107.74091689400522,27.896634633344192],[107.56178920949355,27.821572718409115],[107.38300582212692,27.746145889659427],[107.2122843535938,27.856146517959964],[107.04120716107245,27.965815099134918],[106.86977417629421,28.075151558567132],[106.67629490847631,28.19240068314836],[106.4823878161582,28.309230064393123],[106.31352534368622,28.18839290581098],[106.1451514597281,28.067213723265795],[105.97726541744458,27.94569294600411],[105.8098664608819,27.823830994799163],[105.65637304548011,27.980279800651445],[105.50239432790644,28.136442806412717],[105.34792851629244,28.292320325316332],[105.19297381518237,28.447912660425388],[105.03752842559197,28.60322010464912],[104.83351705620086,28.502358854553712],[104.63002993695791,28.401022083732926],[104.42706755733883,28.299210745641613],[104.26164226517349,28.410610419184373],[104.09586184619828,28.521705863871823],[103.92972605374712,28.632497006293406],[103.74500315259796,28.566396467736237],[103.56061261540097,28.499914702710683],[103.3765554163198,28.43305238966082],[103.19283251497042,28.365810206005076],[102.96497342679632,28.46137245814446],[102.73673626937132,28.556376116803023],[102.50812286298091,28.650820993348233],[102.56963254593407,28.82206296679392],[102.63136906867828,28.993212011589485],[102.69333376075502,29.16426919776989],[102.75552796180402,29.33523559557436],[102.81795302165604,29.506112275538467],[102.79889791101422,29.69192125048731],[102.77974812212025,29.87768357544862],[102.76050301213613,30.063400766268746],[102.75899090456248,30.251780324209488],[102.75745562541748,30.440118164063204],[102.75589701678452,30.62841591180984],[102.7543149192777,30.816675199953036],[102.7527091720248,31.004897667739165],[102.80512276471681,31.204011889403933],[102.85776163815875,31.403052718180138],[102.91062742401483,31.60202202556947],[103.0458703105543,31.739450331974197],[103.18156714829563,31.876663038437755],[103.31771954221026,32.01366014920882],[103.45432910004324,32.150441661587486],[103.65993126566774,32.20570087052863],[103.86587299066981,32.26052079398302],[104.07215255373302,32.31490054786363],[104.27876821412157,32.36883924949455],[104.43856292632904,32.52500414360475],[104.59897278616627,32.68088069571341],[104.76000024019051,32.83646882918685],[104.9216477387677,32.99176845498469],[105.0355874157204,33.166117806508126],[105.15000214512611,33.3403129631415],[105.26489466086605,33.51435476359381],[105.45163849703577,33.53629033310961],[105.6385390850526,33.55787567243435],[105.82559477126374,33.579110325587266],[105.98125521380484,33.47320336698866],[106.13656700916374,33.36705890565588],[106.29153061448173,33.2606770870911],[106.46353863468977,33.39526740863368],[106.6361318546143,33.52954431322902],[106.80931183995362,33.66350732333591],[106.99555060839302,33.63991970060108],[107.18174427596199,33.61598779478518],[107.36789114697937,33.591711532415104],[107.56746456388097,33.655328487170934],[107.76739953154055,33.71854171323742],[107.96769472319855,33.781350366096405],[108.16834879343125,33.84375360114948],[108.32294441866156,33.74847676950296],[108.47723112752072,33.65296430557908],[108.63120909161306,33.55721637691228],[108.66735375709182,33.37664778874951],[108.70333799571057,33.19605692182062],[108.73916290586851,33.01544228143297],[108.78409747001943,32.83415926693609],[108.82883680597922,32.65284232040429],[108.87338223875665,32.47148998417605],[109.09080398712526,32.39172527327033],[109.30790217064516,32.31147994610038],[109.52467502437953,32.23075430932442],[109.70128820108219,32.109901949587886],[109.87746033557404,31.98872550638362],[110.05319198806977,31.867225151854853],[110.2509798555601,31.738130987207562],[110.4482464308189,31.608626177473308],[110.64499219046924,31.478710978153348],[110.84121762517249,31.348385634913868],[110.82345715812771,31.135592543786263]]]}},{"type":"Feature","properties":{"id":"jingnan","sourceRefs":["atlas-943-fixed-master"]},"geometry":{"type":"Polygon","coordinates":[[[114.35032382705057,29.848369019114894],[114.42276877580998,29.695070672026613],[114.49497533868362,29.541685537926917],[114.34777295941126,29.453199522729903],[114.20088352060057,29.364473635918795],[114.0543068771141,29.275508188993417],[113.90804287809763,29.18630349039701],[113.72071311440399,29.32848004276076],[113.53285240044046,29.47024935139221],[113.34445982237935,29.61161137564505],[113.15553447650368,29.752566063178538],[112.95251621630793,29.765525564890385],[112.74950266395676,29.77804564058726],[112.54649613249421,29.79012651200825],[112.34349893492755,29.801768406172645],[112.07422137198436,29.8307984716086],[111.8048852592541,29.85905624255216],[111.53549592244345,29.886542092846245],[111.26605869431876,29.913256412026048],[111.05953502687254,30.040584571614122],[110.85249496145352,30.16744358998688],[110.83114198690983,30.348292168599254],[110.80969530264332,30.529100686828226],[110.78815428259436,30.70987056357715],[110.80576957017892,30.922754979202775],[110.82345715812771,31.135592543786263],[110.84121762517249,31.348385634913868],[111.04422979016138,31.302749654283065],[111.24709636851868,31.25668509591698],[111.44981533101445,31.21019201030144],[111.65238465739569,31.163270451468154],[111.86238623699482,31.195644626759922],[112.07260586240355,31.22755807885501],[112.28304123480774,31.259010168022865],[112.49369004177161,31.290000259115814],[112.66581429511089,31.170838357365216],[112.83752052269053,31.05135549046441],[113.00880920243,30.931551788299686],[113.0661315329802,30.781594314413738],[113.12326337521912,30.63157998638067],[113.1802057376883,30.481508074605788],[113.38536955381674,30.34962894250389],[113.58999391096111,30.217285511426883],[113.81949612749152,30.145949034703357],[114.04871209890783,30.074047558057813],[114.15015035156664,30.041937557848115],[114.148672,30.039384],[114.143963,30.03438],[114.139841,30.031436],[114.138075,30.032025],[114.137192,30.008182],[114.140136,29.980511],[114.147201,29.953136],[114.158681,29.928998],[114.15191,29.935179],[114.162802,29.92105],[114.179581,29.90957],[114.199597,29.900739],[114.220792,29.893968],[114.242869,29.890436],[114.25641,29.893968],[114.265829,29.904565],[114.275838,29.921933],[114.2517,29.931353],[114.218142,29.940478],[114.201364,29.951958],[114.227562,29.969914],[114.238159,29.965499],[114.244929,29.968442],[114.246401,29.975507],[114.241691,29.983455],[114.275543,29.983749],[114.28433746261342,29.987462099524183],[114.35032382705057,29.848369019114894]],[[113.345647,29.925171],[113.35124,29.907803],[113.340937,29.894557],[113.337699,29.880722],[113.342409,29.870125],[113.357127,29.866887],[113.35124,29.846281],[113.343587,29.846281],[113.335344,29.861294],[113.305614,29.87454],[113.2959,29.887492],[113.30944,29.887492],[113.295311,29.906626],[113.271173,29.91634],[113.245563,29.916634],[113.227018,29.907803],[113.218187,29.886021],[113.22172,29.861294],[113.231139,29.839805],[113.241148,29.82597],[113.246152,29.810663],[113.269995,29.799772],[113.275294,29.788292],[113.273822,29.767392],[113.279415,29.760621],[113.320037,29.736484],[113.327396,29.739722],[113.339465,29.753851],[113.347413,29.757089],[113.356244,29.763271],[113.368607,29.79153],[113.392157,29.803304],[113.394512,29.815079],[113.390685,29.839805],[113.38833,29.846281],[113.39039,29.851286],[113.409524,29.854524],[113.415706,29.859528],[113.42277,29.860705],[113.445731,29.872185],[113.461921,29.899856],[113.466336,29.931353],[113.453384,29.956079],[113.436311,29.949014],[113.419532,29.952252],[113.402165,29.959317],[113.381559,29.963144],[113.368019,29.957257],[113.353301,29.943127],[113.345647,29.925171]],[[114.090388,30.024372],[114.098042,30.035852],[114.088328,30.034674],[114.06625,30.024372],[114.058597,30.019662],[114.039463,29.996701],[114.028277,29.989637],[114.024745,29.993758],[114.015325,30.001411],[114.006495,30.005827],[114.002079,30.000528],[114.000313,29.997585],[113.995897,29.991697],[113.99001,29.986104],[113.985006,29.983455],[113.954981,29.987282],[113.938202,29.991697],[113.926427,29.99729],[113.929077,29.986987],[113.932904,29.976979],[113.940557,29.970503],[113.953803,29.969914],[113.949094,29.95343],[113.947033,29.94872],[113.960279,29.952841],[113.976764,29.972269],[113.992071,29.976685],[114.000019,29.969914],[114.015031,29.928998],[114.002962,29.916929],[113.988538,29.910747],[113.953803,29.901622],[113.957336,29.898089],[113.958808,29.894557],[113.959102,29.891025],[113.960574,29.887492],[113.960574,29.884843],[113.961751,29.877484],[113.964106,29.871597],[113.967933,29.866887],[113.980002,29.876306],[113.989421,29.878661],[113.998252,29.878367],[114.008261,29.879839],[114.014148,29.883077],[114.026511,29.892202],[114.032104,29.893968],[114.039758,29.89544],[114.040641,29.898678],[114.039463,29.903094],[114.042113,29.907803],[114.060658,29.921639],[114.070077,29.934296],[114.069194,29.951075],[114.056242,29.976685],[114.075081,29.969914],[114.084795,29.95549],[114.097159,29.921933],[114.105107,29.914279],[114.111583,29.911336],[114.115998,29.905743],[114.117764,29.89073],[114.115998,29.87925],[114.113054,29.869242],[114.11276,29.858939],[114.117764,29.846281],[114.125123,29.849814],[114.130716,29.855701],[114.135132,29.863354],[114.138075,29.873657],[114.160741,29.85158],[114.165746,29.861588],[114.157798,29.886904],[114.131305,29.926937],[114.128067,29.942538],[114.127773,29.958728],[114.12424,29.976685],[114.117764,29.99052],[114.099514,30.009948],[114.090388,30.024372]]]}},{"type":"Feature","properties":{"id":"southern-tang","sourceRefs":["atlas-943-fixed-master"]},"geometry":{"type":"MultiPolygon","coordinates":[[[[118.74035146618928,33.88353740747634],[118.59999245048844,33.99999514287014],[118.47520421943632,34.15008022453415],[118.34999845738082,34.2999984128561],[118.47476593333313,34.45007745732203],[118.59998747652536,34.60000891712696],[118.5999920811631,34.80000882845162],[118.5999950987246,35.000010871389556],[118.76637126432809,35.06693768639536],[118.9330405022634,35.13359776856581],[119.10000234882925,35.19999063115834],[119.29980354552143,35.23371511250033],[119.4036064998818,35.25101686479203],[119.387706,35.20539],[119.370616,35.117418],[119.358002,35.097113],[119.336192,35.08869],[119.314301,35.086249],[119.280284,35.076606],[119.250499,35.068183],[119.229096,35.066107],[119.221202,35.064032],[119.212657,35.05801],[119.207286,35.048407],[119.203949,35.02497],[119.199311,35.016669],[119.192882,35.000434],[119.192882,34.974026],[119.197032,34.947699],[119.20338,34.931627],[119.188698,34.856274],[119.193126,34.809882],[119.201915,34.78498],[119.189057,34.766547],[119.195323,34.759711],[119.190278,34.749254],[119.188731,34.733059],[119.192231,34.718207],[119.20338,34.7119],[119.209809,34.718573],[119.220958,34.749416],[119.22934,34.759711],[119.241791,34.761664],[119.291352,34.753485],[119.311778,34.755072],[119.324962,34.759996],[119.335053,34.7685],[119.34669,34.780829],[119.358002,34.774604],[119.37558,34.759345],[119.387706,34.753485],[119.401459,34.751125],[119.428233,34.749945],[119.442231,34.746039],[119.463227,34.732367],[119.474213,34.715277],[119.472748,34.698147],[119.456554,34.684556],[119.531749,34.615709],[119.588715,34.582221],[119.599864,34.568549],[119.609223,34.56273],[119.640961,34.550523],[119.640961,34.545722],[119.641449,34.540839],[119.643403,34.536566],[119.647716,34.53384],[119.658458,34.531562],[119.685313,34.53384],[119.705333,34.531155],[119.728852,34.524115],[119.751231,34.514228],[119.795258,34.481676],[119.826182,34.470404],[119.862071,34.465806],[119.90504,34.464911],[119.939952,34.457913],[119.982921,34.440741],[120.02296,34.419379],[120.078705,34.377509],[120.118175,34.359605],[120.239757,34.323676],[120.257091,34.311835],[120.264008,34.290758],[120.266694,34.266303],[120.274181,34.244534],[120.298839,34.20425],[120.309374,34.174071],[120.317212,34.152123],[120.324966,34.136451],[120.325224,34.111298],[120.348237,34.07685],[120.353526,34.060777],[120.35849,34.053453],[120.365326,34.04564],[120.371349,34.036038],[120.38502,33.970404],[120.40797,33.916815],[120.413341,33.897366],[120.412608,33.887519],[120.398448,33.878974],[120.399669,33.86933],[120.407074,33.859768],[120.418956,33.855373],[120.431407,33.846015],[120.44337,33.824693],[120.450938,33.8015],[120.449718,33.786444],[120.464122,33.77497],[120.482432,33.765123],[120.498302,33.753323],[120.504893,33.735582],[120.50587,33.69717],[120.511729,33.656724],[120.502696,33.661566],[120.495128,33.662177],[120.489024,33.658393],[120.483735,33.64997],[120.525971,33.610663],[120.539073,33.594672],[120.563243,33.548],[120.573253,33.533271],[120.627778,33.478013],[120.634369,33.466946],[120.65211,33.428127],[120.655772,33.413153],[120.661957,33.338039],[120.667247,33.3251],[120.680024,33.30801],[120.695079,33.293158],[120.707286,33.286811],[120.72047,33.28498],[120.737885,33.279283],[120.750255,33.269599],[120.747569,33.255805],[120.742686,33.252672],[120.737071,33.250922],[120.732188,33.248236],[120.730235,33.242133],[120.732514,33.237128],[120.742524,33.227769],[120.744395,33.224107],[120.7435,33.208645],[120.740082,33.205512],[120.730235,33.204901],[120.785248,33.165025],[120.806977,33.137763],[120.792247,33.10871],[120.812511,33.10578],[120.81894,33.09219],[120.819591,33.054104],[120.825938,33.030178],[120.833751,33.025621],[120.846446,33.029853],[120.867442,33.032375],[120.890147,33.026109],[120.895763,33.013577],[120.88852,32.977729],[120.888682,32.962714],[120.907807,32.843899],[120.904796,32.812649],[120.880308,32.772032],[120.852387,32.756008],[120.86142,32.719672],[120.860444,32.689765],[120.85019,32.696601],[120.84311,32.703925],[120.841401,32.711086],[120.846934,32.717678],[120.840099,32.724514],[120.83017,32.709418],[120.830333,32.697659],[120.863868,32.671058],[120.906614,32.65971],[120.911199,32.630121],[120.943887,32.605224],[120.975021,32.595115],[121.020706,32.568522],[121.042782,32.557542],[121.066254,32.544013],[121.086192,32.536038],[121.098725,32.521145],[121.100841,32.497952],[121.107677,32.497952],[121.120209,32.507392],[121.157256,32.495596],[121.1738,32.487625],[121.191507,32.478653],[121.215104,32.472664],[121.27171,32.447734],[121.35414,32.414823],[121.389409,32.384948],[121.401117,32.352132],[121.416026,32.268948],[121.417735,32.255276],[121.419281,32.250312],[121.415782,32.248603],[121.401703,32.244696],[121.377208,32.241645],[121.36671,32.238959],[121.36085,32.231635],[121.368012,32.227362],[121.398692,32.168931],[121.425141,32.164049],[121.431163,32.151353],[121.43214,32.133857],[121.44337,32.114325],[121.449474,32.112738],[121.456147,32.115546],[121.462413,32.119696],[121.467296,32.121772],[121.472992,32.119615],[121.481944,32.110256],[121.488048,32.10814],[121.496593,32.110256],[121.530812,32.108519],[121.554238,32.102498],[121.594249,32.087063],[121.655365,32.062934],[121.683116,32.042629],[121.717784,32.02558],[121.727306,32.016588],[121.764366,31.995287],[121.798644,31.970475],[121.821945,31.952486],[121.825206,31.92772],[121.847833,31.904607],[121.87496,31.863723],[121.874687,31.825903],[121.901776,31.786487],[121.922057,31.754378],[121.930383,31.726714],[121.914842,31.706434],[121.871998,31.690682],[121.817306,31.690949],[121.749045,31.711634],[121.70291,31.720555],[121.675554,31.723573],[121.65506,31.73238],[121.607194,31.748551],[121.574311,31.76553],[121.551606,31.773749],[121.529063,31.779202],[121.517426,31.783433],[121.507904,31.792873],[121.500499,31.802191],[121.494884,31.806464],[121.480235,31.810981],[121.416026,31.840644],[121.317397,31.883248],[121.286418,31.890589],[121.227864,31.865904],[121.185151,31.836737],[121.115087,31.796334],[121.086624,31.801836],[121.062413,31.813501],[121.039935,31.819332],[121.005365,31.820779],[120.977817,31.814365],[120.950628,31.825236],[120.940564,31.844647],[120.943126,31.867906],[120.943126,31.875312],[120.944835,31.884589],[120.941417,31.892524],[120.925792,31.895901],[120.919281,31.899359],[120.910899,31.91767],[120.905528,31.925971],[120.846934,31.991441],[120.810802,32.02261],[120.743644,32.036045],[120.634376,32.07701],[120.565488,32.076713],[120.522361,32.082601],[120.490758,32.082453],[120.427821,32.05293],[120.361583,32.02558],[120.300304,31.971666],[120.2671,31.948676],[120.223725,31.936835],[120.175873,31.936672],[120.131358,31.943183],[120.090099,31.955024],[120.052338,31.970933],[120.02003,31.99079],[119.992035,32.015855],[119.921397,32.108547],[119.912201,32.123725],[119.908458,32.138861],[119.910981,32.158149],[119.921153,32.196479],[119.92213,32.217434],[119.900483,32.198188],[119.887543,32.213853],[119.874278,32.265123],[119.862153,32.281155],[119.842133,32.299058],[119.81837,32.313707],[119.795177,32.31977],[119.781993,32.321234],[119.758067,32.326972],[119.743907,32.327216],[119.692393,32.31977],[119.67685,32.328437],[119.660899,32.345771],[119.64088,32.358832],[119.612885,32.35456],[119.649018,32.336086],[119.660737,32.327216],[119.678559,32.30622],[119.685395,32.292426],[119.678477,32.286282],[119.676036,32.278062],[119.654552,32.234768],[119.649018,32.21955],[119.635753,32.211005],[119.619884,32.204901],[119.606049,32.196926],[119.627696,32.189399],[119.645274,32.195217],[119.65976,32.207913],[119.671641,32.220771],[119.69044,32.235338],[119.701427,32.233466],[119.712169,32.222602],[119.730235,32.210598],[119.755138,32.205878],[119.778575,32.204657],[119.788585,32.198635],[119.763764,32.162502],[119.764415,32.143744],[119.772472,32.126776],[119.784923,32.114325],[119.855561,32.086982],[119.866954,32.077094],[119.907163,32.045385],[119.938502,32.018043],[119.961222,31.990616],[119.97868,31.968957],[120.006396,31.950305],[120.038829,31.943061],[120.130951,31.912299],[120.178315,31.904202],[120.229991,31.908881],[120.341171,31.956321],[120.418224,31.969672],[120.432221,31.975165],[120.455781,31.982519],[120.454157,32.003186],[120.455412,32.021428],[120.469493,32.025133],[120.517833,32.018744],[120.604259,31.991441],[120.670014,31.998847],[120.689952,31.998236],[120.750354,31.978336],[120.779818,31.915883],[120.807447,31.87377],[120.824799,31.828702],[120.807752,31.809741],[120.751475,31.824693],[120.738536,31.836819],[120.727631,31.850653],[120.717133,31.86107],[120.720795,31.831936],[120.731456,31.81387],[120.748383,31.802232],[120.831899,31.777766],[120.895363,31.76332],[120.948497,31.75788],[120.980724,31.751207],[121.013764,31.743034],[121.067026,31.724086],[121.144402,31.684658],[121.211681,31.627631],[121.244721,31.600409],[121.320323,31.504828],[121.340912,31.490953],[121.36085,31.477484],[121.417735,31.452786],[121.448009,31.4265],[121.546235,31.366116],[121.631602,31.335761],[121.669932,31.313056],[121.725164,31.281567],[121.777502,31.214394],[121.877025,31.099136],[121.8943834330338,31.071601731028256],[121.84190921534454,31.069732245791297],[121.60368799524018,31.060649513982934],[121.36557652831857,31.05097534022248],[121.12757848409642,31.040710200128043],[120.89319449946008,31.00006244285594],[120.65908279443951,30.958845114438777],[120.4252464384844,30.917059011505774],[120.19168847972486,30.874704937053302],[119.95841194480498,30.831783700326067],[119.84748292118354,30.68929725082267],[119.73691571227616,30.546670075885295],[119.62670874506122,30.40390185670171],[119.5168604537355,30.260992270581152],[119.59163502889518,30.058394668347493],[119.66608584055766,29.855681296328516],[119.7402151626156,29.652850340788365],[119.69165200950202,29.48764157729163],[119.64326479251079,29.32237645274801],[119.59505247586812,29.157053973506567],[119.44863502601083,29.031973451774036],[119.302636233159,28.90665012977348],[119.15705500842503,28.781084136471435],[119.01189026151631,28.655275594328344],[119.0294425802972,28.492224100943016],[119.04693369784856,28.329126923357833],[119.06436397084587,28.165983057919938],[118.86943820170431,28.144400862802833],[118.67464904729738,28.122404346215486],[118.47999844024854,28.09999389205593],[118.3147368568446,27.960156549467683],[118.14999762826605,27.81999875056862],[117.97486817959799,27.760164390466326],[117.79999926352875,27.69999124406279],[117.62483512335653,27.625167449667174],[117.44998686768164,27.55000134817024],[117.299820138404,27.450131956654115],[117.14999762007922,27.350001798296077],[117.08489036776015,27.200043380430706],[117.01999127901779,27.05000080122595],[116.88480284553259,26.925114325985415],[116.74998974320235,26.800001222457546],[116.80005778908746,26.67503322706439],[116.84999784582928,26.55000479251647],[116.8750511472169,26.375038236166905],[116.90001211979447,26.20000187115226],[116.8499122909584,26.025040648979083],[116.79999351433639,25.849990815294625],[116.69974065865864,25.733466749385244],[116.59973967301073,25.616803745869614],[116.49998980465631,25.500001668571926],[116.47495185418418,25.325037103609166],[116.4500010824477,25.14999883585037],[116.32482972809744,25.02510916198358],[116.19999571960508,24.900009135514516],[116.30012389652128,24.7750838791742],[116.40001168537542,24.650002515290492],[116.60809591759694,24.51980183949551],[116.81569221909449,24.389049874802893],[117.0228002062744,24.257746585595935],[117.22941951600319,24.12589192513338],[117.04042128645354,24.21335791419646],[116.85114063703247,24.300381782970042],[116.66157866801338,24.386963499240927],[116.47173649249551,24.473103028672973],[116.32992946532649,24.38705320434603],[116.18839518151076,24.300756174490207],[116.04713361729594,24.214212153393575],[115.94264730120494,24.34012422507132],[115.83791026142798,24.46586667783568],[115.7329217517462,24.591439796907824],[115.56173528120065,24.72699090443346],[115.3901194663254,24.86215335751676],[115.21807375414514,24.99692731568463],[115.04559759944595,25.13131292892115],[115.1189343611518,25.301937167751298],[115.19253094408913,25.472437771984026],[115.26638878234044,25.64281568848871],[115.1209086337621,25.809222636032736],[114.97495705154812,25.975324504932985],[114.82853218671406,26.141121878442185],[114.88490586209322,26.314033081987414],[114.9414824147739,26.48685040485334],[114.99826303346225,26.65957491509951],[114.9203773833381,26.8153179935217],[114.84224337393046,26.970944582138056],[114.76385977311028,27.126455391604143],[114.78571106443628,27.30397574803593],[114.80764028098518,27.481435182965594],[114.82964791527868,27.658834960422745],[114.98176928235111,27.803511792076545],[115.13438758516897,27.94790273946358],[115.28750443069177,28.092007780185796],[115.08818506912237,28.217839635669474],[114.88838500006298,28.343205852131355],[114.81155591562752,28.519641612032608],[114.73443967818892,28.695963186654673],[114.6570345828447,28.872171677404765],[114.50549504130176,29.036562517440153],[114.35344537665884,29.200663019818798],[114.20088352060057,29.364473635918795],[114.34777295941126,29.453199522729903],[114.49497533868362,29.541685537926917],[114.42276877580998,29.695070672026613],[114.35032382705057,29.848369019114894],[114.28433746261342,29.987462099524183],[114.28879,29.989342],[114.296443,30.004061],[114.302036,30.004061],[114.306452,30.012303],[114.30969,30.024666],[114.309984,30.038207],[114.305274,30.036441],[114.294088,30.033791],[114.289673,30.032025],[114.294088,30.040562],[114.294971,30.045272],[114.2935,30.050276],[114.289673,30.058812],[114.28952748609488,30.05852864724825],[114.31050631019872,30.159022015540344],[114.34348471949599,30.316423986931742],[114.36255503189764,30.407114424145114],[114.364441,30.396742],[114.368857,30.384379],[114.378571,30.374665],[114.37916,30.382318],[114.385636,30.401158],[114.39064,30.396742],[114.401826,30.390561],[114.405652,30.387617],[114.41154,30.41882],[114.412423,30.456498],[114.410362,30.458853],[114.405947,30.462974],[114.401531,30.46474],[114.399471,30.460031],[114.38799,30.435893],[114.36945766399695,30.439940458130543],[114.37657512388702,30.473788123322585],[114.39462224736064,30.55930147347528],[114.399176,30.558937],[114.40212,30.554521],[114.403297,30.549517],[114.405652,30.545691],[114.42979,30.529206],[114.440387,30.524202],[114.405652,30.576304],[114.40418,30.596321],[114.40277982120516,30.59795480621172],[114.40977817004887,30.63111534041194],[114.40653776770033,30.787432731591448],[114.40328211658961,30.943726006420658],[114.40001112839474,31.09999610482632],[114.52475435817439,31.275090149651096],[114.65000299793812,31.449998739355813],[114.69983211569046,31.600040127265874],[114.74982915133417,31.750039483760375],[114.79999502519675,31.899997578948902],[114.93296017612862,32.01685560076624],[115.06629832740819,32.1335249099412],[115.20001049066992,32.25000539204718],[115.37483030880277,32.3251573447776],[115.54998769922788,32.39999515557238],[115.74971215507485,32.450404451033634],[115.94971668969194,32.50040633799591],[116.14999965332366,32.5500001546773],[116.34970823769535,32.66520828137364],[116.54999010624064,32.78000871433704],[116.70003437445465,32.75011694266856],[116.8500047059522,32.719994177850154],[116.9997295963854,32.87511653123622],[117.15001074506662,33.03000721043484],[117.34984265254347,33.090208699013935],[117.54999814143027,33.150008035655375],[117.649786747771,33.325053510819856],[117.74998676473241,33.499994413498555],[117.84984659680492,33.62505126347541],[117.95000545518957,33.750008563775914],[118.10016759778722,33.650125319384465],[118.25001059512118,33.55000720495961],[118.47122005208026,33.4275310533515],[118.470527,33.422217],[118.4667,33.407793],[118.456397,33.396607],[118.445506,33.394252],[118.436086,33.396901],[118.426078,33.401317],[118.411654,33.403377],[118.396641,33.389542],[118.409004,33.327432],[118.397819,33.313596],[118.380451,33.308298],[118.36014,33.285337],[118.330704,33.275918],[118.320401,33.265615],[118.3048,33.238534],[118.276541,33.253252],[118.255052,33.269147],[118.241511,33.291225],[118.231208,33.348331],[118.210014,33.394547],[118.209131,33.423394],[118.197945,33.405144],[118.199123,33.389248],[118.205599,33.372469],[118.209131,33.352158],[118.207954,33.322722],[118.209131,33.313596],[118.213252,33.304765],[118.225321,33.288281],[118.229148,33.280039],[118.228265,33.2612],[118.223555,33.242655],[118.222378,33.224404],[118.23268,33.20792],[118.248576,33.201149],[118.287138,33.195262],[118.313925,33.178778],[118.393697,33.1567],[118.404883,33.155817],[118.413714,33.158172],[118.421073,33.162882],[118.427255,33.167886],[118.43167,33.170241],[118.467583,33.171713],[118.48289,33.16612],[118.490543,33.149636],[118.485245,33.137567],[118.442562,33.10136],[118.469643,33.10607],[118.472293,33.095767],[118.456986,33.081343],[118.410182,33.069569],[118.382806,33.058971],[118.356902,33.045431],[118.338946,33.032479],[118.368971,33.025708],[118.403117,33.031301],[118.43432,33.044548],[118.456397,33.060149],[118.43903,33.039838],[118.415186,33.000099],[118.394286,32.985086],[118.369854,32.979199],[118.343067,32.979493],[118.315691,32.983909],[118.291259,32.991268],[118.260056,33.018349],[118.237685,33.064859],[118.228559,33.11755],[118.236507,33.163176],[118.21914,33.194379],[118.210603,33.206154],[118.195002,33.217928],[118.173219,33.226759],[118.154379,33.227936],[118.116406,33.22411],[118.100216,33.218222],[118.071369,33.190847],[118.051058,33.183782],[118.031041,33.185254],[117.988358,33.195262],[117.965692,33.197323],[117.940671,33.196734],[117.92036,33.193201],[117.902109,33.184076],[117.884153,33.166709],[117.877972,33.147575],[117.882093,33.125792],[117.89004,33.104598],[117.893867,33.087525],[117.877088,33.050435],[117.837644,33.045431],[117.757282,33.060149],[117.767585,33.046608],[117.78613,33.033656],[117.807324,33.023648],[117.826163,33.019232],[117.84412,33.021293],[117.871496,33.028063],[117.896811,33.038072],[117.907408,33.050435],[117.902992,33.121082],[117.907408,33.136095],[117.923598,33.140805],[118.042521,33.134329],[118.062243,33.1358],[118.085204,33.142276],[118.11729,33.156112],[118.135246,33.16141],[118.157617,33.163176],[118.18411,33.16141],[118.198534,33.15464],[118.205304,33.139922],[118.21649,33.073984],[118.230914,33.026297],[118.255052,32.988618],[118.291259,32.977727],[118.291259,32.970957],[118.242689,32.972428],[118.17263,33.034245],[118.126709,33.046608],[118.100216,33.0366],[118.083732,33.017172],[118.069603,32.993623],[118.051058,32.970957],[117.990419,32.91856],[117.975406,32.895894],[117.982765,32.903253],[117.9757,32.895305],[117.976584,32.886768],[117.98041,32.877054],[117.982765,32.864985],[117.985709,32.860276],[117.992774,32.871756],[118.003076,32.895894],[118.014851,32.904725],[118.041638,32.917382],[118.05459,32.926508],[118.081966,32.960948],[118.093446,32.967424],[118.104926,32.968602],[118.116112,32.97184],[118.126709,32.985086],[118.129064,33.017172],[118.134951,33.029535],[118.150847,33.022765],[118.204716,32.971545],[118.229148,32.95771],[118.220611,32.952706],[118.210603,32.950057],[118.200006,32.949468],[118.18882,32.950351],[118.191175,32.934161],[118.180872,32.92533],[118.167626,32.917971],[118.160855,32.906196],[118.16321,32.895894],[118.168803,32.887652],[118.173513,32.877643],[118.174691,32.861747],[118.190881,32.871167],[118.206188,32.900898],[118.222966,32.909434],[118.224732,32.899132],[118.229442,32.887063],[118.237979,32.879409],[118.250048,32.882059],[118.253286,32.89089],[118.255935,32.922386],[118.260645,32.933278],[118.266238,32.936516],[118.270065,32.93475],[118.27448,32.931806],[118.280956,32.93004],[118.288315,32.932984],[118.290376,32.940048],[118.291259,32.947113],[118.294791,32.950351],[118.315397,32.955944],[118.323344,32.953],[118.319223,32.93681],[118.333647,32.937988],[118.409593,32.970957],[118.426078,32.975666],[118.469643,32.979493],[118.481124,32.98538],[118.499963,33.009224],[118.513798,33.044842],[118.52469,33.056617],[118.544412,33.046608],[118.550299,33.058971],[118.548827,33.069274],[118.545001,33.078399],[118.544412,33.087525],[118.549416,33.09665],[118.556775,33.101949],[118.562662,33.10813],[118.565312,33.118727],[118.564429,33.127558],[118.55913,33.142571],[118.558247,33.152874],[118.573848,33.1776],[118.578558,33.183782],[118.593276,33.185548],[118.603579,33.177895],[118.614176,33.172596],[118.652149,33.190552],[118.668634,33.180838],[118.695715,33.149636],[118.695715,33.142276],[118.669222,33.132562],[118.660686,33.105775],[118.668045,33.076633],[118.688356,33.060149],[118.685707,33.079871],[118.701014,33.084581],[118.72368,33.083992],[118.743696,33.087525],[118.738104,33.109602],[118.744285,33.129619],[118.75812,33.148458],[118.774605,33.166709],[118.778137,33.174362],[118.78373,33.199383],[118.784613,33.20792],[118.78844,33.214984],[118.815816,33.235001],[118.821114,33.249131],[118.830828,33.296523],[118.836127,33.306826],[118.846135,33.313302],[118.861442,33.328609],[118.874983,33.345976],[118.88087,33.358928],[118.876749,33.367465],[118.867035,33.373352],[118.845841,33.382478],[118.82759,33.393369],[118.819937,33.399551],[118.811989,33.409853],[118.80715980658455,33.41764199603148],[118.91304079863298,33.53344891379212],[119.0200052322601,33.65000098966856],[118.88035545508698,33.76687268507288],[118.74035146618928,33.88353740747634]],[[114.435972,30.067054],[114.433617,30.066171],[114.435677,30.066466],[114.436855,30.067054],[114.435972,30.067054]],[[114.440093,30.067349],[114.440976,30.068526],[114.436855,30.067054],[114.440093,30.067349]],[[114.464819,30.087954],[114.476888,30.119451],[114.481598,30.185389],[114.471295,30.219535],[114.472767,30.232487],[114.491901,30.220124],[114.504559,30.213648],[114.515744,30.218652],[114.529285,30.226894],[114.550185,30.229838],[114.546358,30.219829],[114.543415,30.195692],[114.540177,30.187449],[114.531346,30.168904],[114.529874,30.16184],[114.537822,30.133875],[114.548713,30.134758],[114.577561,30.17538],[114.612885,30.113858],[114.62201,30.078829],[114.631724,30.064405],[114.643204,30.061756],[114.652624,30.079712],[114.653507,30.098551],[114.650269,30.121217],[114.643793,30.140057],[114.635256,30.148005],[114.62201,30.158013],[114.617006,30.200696],[114.597578,30.209527],[114.597578,30.216297],[114.613179,30.215414],[114.627014,30.210704],[114.652624,30.195692],[114.643793,30.221596],[114.639083,30.229838],[114.632313,30.238374],[114.614651,30.25427],[114.604642,30.268105],[114.604348,30.278408],[114.613179,30.285767],[114.631724,30.29136],[114.631724,30.298719],[114.608764,30.315203],[114.594045,30.322857],[114.543415,30.332277],[114.539294,30.339636],[114.538116,30.354648],[114.536056,30.360241],[114.529285,30.368483],[114.526636,30.372604],[114.522809,30.374371],[114.494256,30.375548],[114.485131,30.374665],[114.481598,30.371133],[114.47836,30.366717],[114.47159,30.368778],[114.464525,30.372899],[114.46011,30.374665],[114.458049,30.369955],[114.453928,30.3467],[114.448335,30.358475],[114.438327,30.366423],[114.42773,30.366128],[114.419782,30.354059],[114.421254,30.342579],[114.429496,30.334043],[114.44127,30.328155],[114.453928,30.326095],[114.487486,30.330216],[114.502498,30.329922],[114.513978,30.315792],[114.527225,30.310494],[114.542826,30.306961],[114.556367,30.305784],[114.546064,30.294304],[114.515156,30.299602],[114.501615,30.278702],[114.485719,30.282529],[114.453928,30.298719],[114.447158,30.29136],[114.433617,30.305784],[114.435972,30.29342],[114.443037,30.282823],[114.453928,30.27517],[114.467469,30.271343],[114.467469,30.264867],[114.453339,30.266339],[114.447452,30.267811],[114.440387,30.271343],[114.428613,30.264278],[114.41154,30.270166],[114.371506,30.29136],[114.382692,30.28459],[114.389462,30.274876],[114.391228,30.263395],[114.385636,30.250443],[114.39535,30.247794],[114.401531,30.242495],[114.406241,30.236314],[114.412423,30.229838],[114.412423,30.223656],[114.399471,30.229838],[114.3927,30.214825],[114.383281,30.205994],[114.373272,30.207466],[114.364736,30.223656],[114.357965,30.223656],[114.351784,30.212765],[114.342953,30.208349],[114.334711,30.202756],[114.330589,30.188921],[114.345602,30.191276],[114.366796,30.188627],[114.382692,30.182151],[114.382103,30.171848],[114.36974,30.159485],[114.362381,30.147121],[114.36032,30.134464],[114.364736,30.120629],[114.364736,30.12681],[114.365619,30.122395],[114.367091,30.118274],[114.367385,30.113564],[114.364736,30.107088],[114.371506,30.107088],[114.401531,30.165078],[114.412423,30.17538],[114.42979,30.173026],[114.439504,30.158602],[114.438915,30.140351],[114.426258,30.12681],[114.440093,30.114741],[114.422137,30.082067],[114.440387,30.072942],[114.440976,30.069409],[114.440976,30.068526],[114.464819,30.087954]],[[114.977896,30.128871],[114.974953,30.134464],[114.965827,30.114741],[114.954936,30.108854],[114.947282,30.117391],[114.947577,30.140645],[114.919612,30.140645],[114.917846,30.125044],[114.908721,30.117391],[114.898418,30.112681],[114.892825,30.107088],[114.895474,30.093842],[114.905188,30.087071],[114.919023,30.085011],[114.933153,30.086482],[114.943161,30.084128],[114.967593,30.072942],[114.974069,30.075002],[114.983195,30.084128],[114.988493,30.086482],[114.994381,30.085894],[115.005272,30.08089],[115.009099,30.079712],[115.041479,30.086188],[115.050604,30.086482],[115.060318,30.082361],[115.0665,30.075591],[115.072976,30.072942],[115.08475,30.079712],[115.095642,30.070881],[115.11507,30.06676],[115.136558,30.067054],[115.153043,30.072942],[115.161874,30.082067],[115.17306,30.100318],[115.181007,30.107088],[115.190721,30.109443],[115.214271,30.108265],[115.220452,30.107088],[115.2075,30.137996],[115.176592,30.146238],[115.14068,30.141823],[115.112126,30.134464],[115.081512,30.133581],[115.046483,30.137996],[115.012925,30.135347],[114.988493,30.113858],[114.98555,30.119157],[114.977896,30.128871]],[[114.646442,30.243084],[114.645265,30.244262],[114.652624,30.236608],[114.650269,30.241024],[114.646442,30.243084]],[[114.657334,30.236608],[114.665576,30.229838],[114.679411,30.233076],[114.70973,30.205111],[114.727687,30.195692],[114.728864,30.2057],[114.732985,30.213648],[114.739756,30.219535],[114.748881,30.223656],[114.753885,30.214237],[114.755063,30.209527],[114.761833,30.223656],[114.766543,30.218652],[114.772724,30.214237],[114.775668,30.209527],[114.789209,30.216297],[114.789209,30.223656],[114.774196,30.230132],[114.763893,30.238374],[114.752708,30.243967],[114.734751,30.244262],[114.741816,30.265456],[114.739756,30.27988],[114.720916,30.313143],[114.733574,30.309316],[114.750353,30.289594],[114.765365,30.285178],[114.773019,30.278702],[114.776257,30.266045],[114.781555,30.258097],[114.796568,30.264867],[114.788031,30.272226],[114.783027,30.282529],[114.785088,30.292537],[114.796568,30.298719],[114.793919,30.295775],[114.798334,30.29136],[114.806282,30.286944],[114.813641,30.285178],[114.822178,30.285178],[114.82777,30.284295],[114.830125,30.280174],[114.830714,30.271343],[114.837779,30.271343],[114.838368,30.291654],[114.849259,30.297542],[114.859267,30.301074],[114.857501,30.313143],[114.853674,30.313732],[114.830714,30.326095],[114.826887,30.332865],[114.82571,30.341402],[114.821883,30.345817],[114.809814,30.339636],[114.797745,30.350821],[114.785088,30.352882],[114.778023,30.346406],[114.783027,30.332277],[114.771547,30.336986],[114.759184,30.346112],[114.750058,30.355531],[114.748881,30.360241],[114.739461,30.354059],[114.717384,30.322563],[114.707376,30.317853],[114.673229,30.309316],[114.668814,30.313143],[114.662043,30.301663],[114.662338,30.29136],[114.679411,30.298719],[114.68677,30.29136],[114.68206,30.287239],[114.676762,30.280763],[114.673229,30.277819],[114.673229,30.271343],[114.700605,30.271343],[114.700605,30.264867],[114.683238,30.260746],[114.663221,30.258685],[114.649091,30.253681],[114.650269,30.241024],[114.657334,30.236608]],[[114.949932,30.256919],[114.947577,30.257802],[114.953758,30.250443],[114.952875,30.252209],[114.951992,30.253976],[114.949932,30.256919]],[[114.979368,30.246911],[115.009982,30.245439],[115.033531,30.257214],[115.043245,30.288416],[115.048838,30.322857],[115.046777,30.339636],[115.025878,30.351116],[115.006449,30.372604],[114.995264,30.380847],[114.996441,30.364951],[114.999385,30.348761],[115.005566,30.334926],[115.015575,30.326095],[115.007627,30.307256],[115.007038,30.291949],[115.004683,30.281646],[114.991731,30.277819],[114.954641,30.278997],[114.935213,30.277525],[114.919612,30.271343],[114.93698,30.26575],[114.944044,30.262218],[114.949932,30.256919],[114.979368,30.246911]],[[114.696484,30.429122],[114.69354,30.428534],[114.696484,30.433243],[114.701783,30.444135],[114.707376,30.449728],[114.717678,30.434127],[114.721799,30.423824],[114.727392,30.417936],[114.741522,30.414993],[114.756534,30.415582],[114.756829,30.421469],[114.752708,30.432949],[114.755063,30.449728],[114.748292,30.449139],[114.734457,30.450022],[114.727687,30.449728],[114.735634,30.460914],[114.747703,30.463563],[114.761833,30.464152],[114.775668,30.46945],[114.778612,30.476809],[114.767131,30.478576],[114.741522,30.477104],[114.746232,30.481519],[114.750941,30.48829],[114.753296,30.49506],[114.751825,30.501242],[114.743582,30.509778],[114.740639,30.510072],[114.738872,30.50654],[114.734751,30.504774],[114.700311,30.503891],[114.688536,30.508601],[114.68677,30.524202],[114.678822,30.520964],[114.671169,30.520375],[114.662927,30.521553],[114.652624,30.524202],[114.657334,30.509778],[114.666459,30.500358],[114.679117,30.494471],[114.69354,30.490644],[114.69354,30.483285],[114.679411,30.463269],[114.673229,30.463269],[114.667342,30.468861],[114.648797,30.48093],[114.642027,30.483285],[114.635845,30.487406],[114.627603,30.49712],[114.6173,30.506834],[114.604348,30.51125],[114.604348,30.504774],[114.60788,30.495649],[114.601993,30.473866],[114.607586,30.46945],[114.621421,30.468567],[114.631724,30.466212],[114.652624,30.456498],[114.652624,30.449728],[114.648503,30.445312],[114.646737,30.442074],[114.645265,30.428534],[114.658805,30.435893],[114.64762,30.41882],[114.638789,30.412344],[114.628192,30.415876],[114.611118,30.428534],[114.614356,30.409989],[114.613473,30.387911],[114.606409,30.369072],[114.590513,30.360241],[114.588158,30.405279],[114.580505,30.425296],[114.563726,30.435893],[114.558427,30.42088],[114.54577,30.426767],[114.52222,30.449728],[114.522809,30.439131],[114.52222,30.435893],[114.506914,30.444724],[114.501909,30.449728],[114.493078,30.440014],[114.476005,30.431772],[114.467469,30.422352],[114.478655,30.417053],[114.487191,30.417348],[114.495728,30.420586],[114.505147,30.422352],[114.515744,30.419114],[114.523692,30.411755],[114.536056,30.394976],[114.551363,30.390266],[114.55725,30.385851],[114.553423,30.377609],[114.550479,30.368778],[114.557544,30.361713],[114.568436,30.356709],[114.577561,30.354059],[114.586098,30.348761],[114.597578,30.3467],[114.624659,30.3467],[114.622893,30.342579],[114.622304,30.341991],[114.621127,30.341991],[114.617889,30.339636],[114.63349,30.333748],[114.648797,30.338753],[114.662338,30.349644],[114.673229,30.360241],[114.669108,30.365834],[114.66587,30.372604],[114.664104,30.379964],[114.665576,30.387617],[114.670874,30.394976],[114.68677,30.408222],[114.696484,30.429122]],[[114.590513,30.641653],[114.597578,30.634],[114.595517,30.636355],[114.590513,30.641653]],[[114.631724,30.6131],[114.675584,30.609273],[114.717678,30.621636],[114.748881,30.648129],[114.761833,30.643419],[114.776257,30.644597],[114.803633,30.655783],[114.783616,30.670207],[114.773019,30.714656],[114.758595,30.724075],[114.741522,30.729668],[114.730042,30.743798],[114.723271,30.76352],[114.720916,30.784714],[114.710025,30.778238],[114.709142,30.767641],[114.714146,30.755278],[114.720916,30.743798],[114.709142,30.740854],[114.697956,30.73585],[114.694718,30.729668],[114.707376,30.724075],[114.697367,30.709651],[114.688831,30.712889],[114.680883,30.723486],[114.673229,30.730257],[114.664398,30.729079],[114.644382,30.719365],[114.628192,30.717305],[114.642027,30.672561],[114.649091,30.660787],[114.654684,30.648129],[114.662043,30.638121],[114.673229,30.634],[114.673229,30.627818],[114.640849,30.627818],[114.625542,30.629584],[114.611118,30.634],[114.613473,30.649307],[114.604642,30.664319],[114.589041,30.672856],[114.570202,30.668735],[114.595517,30.636355],[114.631724,30.6131]],[[114.542237,30.767641],[114.550774,30.775],[114.556367,30.778533],[114.556367,30.784714],[114.542237,30.783537],[114.536644,30.782065],[114.529874,30.778533],[114.533406,30.782654],[114.535761,30.785892],[114.538411,30.788835],[114.543415,30.792368],[114.533406,30.797372],[114.523104,30.797961],[114.517805,30.797077],[114.525753,30.799432],[114.554601,30.803259],[114.579327,30.810324],[114.590513,30.827103],[114.583743,30.830046],[114.577855,30.830929],[114.572851,30.828869],[114.566964,30.823276],[114.560782,30.819449],[114.555778,30.82151],[114.550185,30.825336],[114.543415,30.827103],[114.52487,30.828574],[114.514861,30.827103],[114.501909,30.819449],[114.496905,30.834462],[114.495728,30.840055],[114.488369,30.840055],[114.486897,30.834462],[114.482776,30.825042],[114.481598,30.819449],[114.473356,30.82357],[114.467174,30.829752],[114.462759,30.8377],[114.46011,30.846825],[114.453634,30.82622],[114.461287,30.805908],[114.473356,30.787363],[114.481598,30.771762],[114.459815,30.776766],[114.450984,30.780887],[114.447158,30.788541],[114.443037,30.802376],[114.434794,30.808852],[114.429201,30.806203],[114.433617,30.792368],[114.426258,30.784714],[114.437738,30.757044],[114.44598,30.747624],[114.46011,30.743798],[114.453928,30.743798],[114.488957,30.728785],[114.522809,30.734084],[114.590513,30.764403],[114.576383,30.771173],[114.563726,30.769113],[114.551068,30.763226],[114.536056,30.758221],[114.536056,30.764403],[114.542237,30.767641]],[[116.145933,28.462181],[116.154175,28.454822],[116.187733,28.406841],[116.201273,28.413317],[116.215697,28.408901],[116.231299,28.402131],[116.24896,28.400659],[116.235714,28.43039],[116.23277,28.434805],[116.201568,28.43245],[116.194503,28.434805],[116.171248,28.49515],[116.160651,28.512812],[116.160357,28.523703],[116.167127,28.531062],[116.189793,28.544014],[116.194503,28.554612],[116.202451,28.560793],[116.219524,28.548724],[116.243073,28.523703],[116.244839,28.561971],[116.243073,28.571979],[116.235714,28.578161],[116.226,28.579927],[116.216286,28.582871],[116.208044,28.592585],[116.190676,28.580516],[116.169482,28.56933],[116.147699,28.561088],[116.129743,28.55785],[116.105605,28.549313],[116.094419,28.528413],[116.091181,28.501332],[116.091476,28.475133],[116.097952,28.497211],[116.109432,28.522232],[116.12209,28.535478],[116.132981,28.523703],[116.130332,28.500743],[116.107077,28.451584],[116.112081,28.428624],[116.11738,28.42568],[116.133275,28.413611],[116.139751,28.406841],[116.136808,28.423914],[116.129449,28.443048],[116.12886,28.45806],[116.145933,28.462181]],[[116.289583,28.479549],[116.30018,28.46954],[116.314309,28.464242],[116.331088,28.462181],[116.314898,28.435688],[116.313721,28.421265],[116.331088,28.414494],[116.331088,28.406841],[116.353165,28.403603],[116.362879,28.403897],[116.372593,28.406841],[116.364646,28.412139],[116.354932,28.419793],[116.347278,28.429801],[116.344629,28.441576],[116.349339,28.455116],[116.359347,28.464536],[116.372299,28.467774],[116.386134,28.462181],[116.389667,28.477194],[116.377598,28.488085],[116.36023,28.494267],[116.347867,28.496327],[116.342568,28.505158],[116.342863,28.521348],[116.352282,28.530179],[116.372593,28.516933],[116.388195,28.523703],[116.404679,28.522526],[116.417042,28.513401],[116.420869,28.496327],[116.425285,28.498388],[116.43647,28.501332],[116.440886,28.503098],[116.439414,28.489851],[116.442358,28.479254],[116.449422,28.47219],[116.461197,28.468952],[116.45531,28.501332],[116.434704,28.5343],[116.410272,28.553434],[116.393199,28.544014],[116.386134,28.544014],[116.388489,28.565209],[116.393199,28.585225],[116.382013,28.578161],[116.37436,28.57139],[116.369061,28.563442],[116.365823,28.551668],[116.35817,28.558144],[116.351399,28.565209],[116.344923,28.560499],[116.338447,28.55785],[116.336092,28.607597],[116.326084,28.621727],[116.30018,28.626731],[116.27928,28.620549],[116.271626,28.604948],[116.269566,28.55785],[116.277219,28.563442],[116.280163,28.566386],[116.283107,28.571979],[116.289288,28.571979],[116.275748,28.528413],[116.27251,28.508102],[116.276336,28.489557],[116.280457,28.492206],[116.283107,28.496327],[116.289583,28.479549]],[[116.648413,29.200741],[116.651356,29.207511],[116.65636,29.209277],[116.667546,29.202213],[116.678438,29.2081],[116.684031,29.212221],[116.688446,29.216342],[116.660776,29.229294],[116.665191,29.239303],[116.65636,29.249017],[116.641053,29.257847],[116.626335,29.264029],[116.630751,29.246367],[116.629573,29.232238],[116.618976,29.202213],[116.605435,29.236948],[116.618976,29.236948],[116.606613,29.24725],[116.588362,29.245484],[116.570406,29.248133],[116.558043,29.271094],[116.558337,29.259025],[116.555394,29.252255],[116.550389,29.251371],[116.543325,29.257259],[116.537143,29.257259],[116.541264,29.246073],[116.541853,29.229294],[116.536554,29.213987],[116.523308,29.208983],[116.516243,29.216636],[116.514477,29.231355],[116.510356,29.24519],[116.495638,29.250488],[116.50594,29.223112],[116.500053,29.204568],[116.488573,29.202507],[116.477093,29.249311],[116.463552,29.269622],[116.445596,29.280808],[116.427345,29.277864],[116.432055,29.273449],[116.437059,29.266973],[116.440886,29.264029],[116.43647,29.254609],[116.435587,29.244307],[116.438237,29.234593],[116.444713,29.226351],[116.447068,29.221346],[116.445596,29.215165],[116.442358,29.207806],[116.440886,29.198975],[116.434999,29.183962],[116.422047,29.176014],[116.407917,29.176603],[116.399381,29.188378],[116.393199,29.188378],[116.394671,29.175131],[116.39732,29.163357],[116.397909,29.152171],[116.393199,29.140691],[116.379658,29.15482],[116.372888,29.15011],[116.365823,29.147461],[116.364646,29.166889],[116.33933,29.139807],[116.324906,29.140691],[116.324023,29.156881],[116.338153,29.171304],[116.365823,29.188378],[116.369944,29.196325],[116.378775,29.221641],[116.379658,29.229294],[116.372299,29.238714],[116.366412,29.232827],[116.359053,29.216342],[116.347867,29.221641],[116.346395,29.228411],[116.346101,29.23577],[116.338447,29.243129],[116.331971,29.241657],[116.325495,29.236065],[116.316664,29.232238],[116.303712,29.236948],[116.305478,29.228705],[116.305478,29.22429],[116.306656,29.220758],[116.310483,29.216342],[116.296059,29.209572],[116.280752,29.210455],[116.266328,29.215753],[116.255142,29.223112],[116.246017,29.234593],[116.236008,29.258436],[116.229238,29.264029],[116.22394,29.262852],[116.217169,29.258436],[116.204806,29.246662],[116.196858,29.242246],[116.189205,29.244601],[116.181845,29.248722],[116.174192,29.250488],[116.140046,29.244012],[116.12415,29.24725],[116.126211,29.264029],[116.130626,29.264029],[116.166244,29.273743],[116.161829,29.27963],[116.145933,29.290816],[116.123561,29.312305],[116.120323,29.324962],[116.132981,29.339386],[116.145639,29.342036],[116.187733,29.339386],[116.198035,29.347923],[116.206572,29.356459],[116.214225,29.358226],[116.221879,29.346157],[116.225706,29.363819],[116.223056,29.380892],[116.208044,29.415038],[116.184789,29.387956],[116.150643,29.373533],[116.114142,29.367645],[116.081467,29.366468],[116.061745,29.383835],[116.08029,29.418276],[116.115614,29.443886],[116.145933,29.43476],[116.150937,29.443591],[116.152998,29.452422],[116.151232,29.460959],[116.145933,29.469495],[116.152115,29.477737],[116.168893,29.495694],[116.17066,29.500698],[116.166244,29.506585],[116.162417,29.514533],[116.157119,29.521303],[116.14976,29.524247],[116.145639,29.533667],[116.152115,29.554272],[116.167127,29.585769],[116.179491,29.574878],[116.186261,29.564869],[116.195681,29.556627],[116.215697,29.552212],[116.207161,29.562809],[116.195386,29.581059],[116.187733,29.598427],[116.190971,29.60608],[116.205689,29.613439],[116.205983,29.630807],[116.202451,29.650235],[116.204806,29.664953],[116.217758,29.670252],[116.232182,29.651412],[116.243073,29.661421],[116.244839,29.673784],[116.243073,29.683792],[116.247783,29.691151],[116.269566,29.695567],[116.256908,29.709696],[116.238658,29.708225],[116.204806,29.695567],[116.188027,29.702632],[116.193326,29.718527],[116.210399,29.735012],[116.229238,29.743843],[116.187733,29.750907],[116.173603,29.73354],[116.150054,29.727947],[116.102073,29.730302],[116.092947,29.724415],[116.060862,29.692035],[116.069398,29.688797],[116.092653,29.694389],[116.105605,29.695567],[116.100895,29.685853],[116.098246,29.681732],[116.116497,29.674667],[116.126211,29.66878],[116.12886,29.65936],[116.116497,29.593717],[116.112081,29.579587],[116.090298,29.56222],[116.092653,29.553683],[116.097069,29.544558],[116.098246,29.538376],[116.086471,29.528957],[116.070576,29.51836],[116.063217,29.509529],[116.077935,29.503642],[116.077935,29.49746],[116.070576,29.485391],[116.060862,29.463314],[116.046144,29.448007],[116.023183,29.455955],[116.01082,29.447712],[116.001695,29.440059],[115.991392,29.433583],[115.975202,29.428579],[115.975202,29.42122],[115.990509,29.42122],[115.998751,29.417393],[116.00405,29.410328],[116.02701,29.361169],[116.029954,29.352927],[116.028187,29.338798],[116.024066,29.327906],[116.01759,29.319075],[116.009642,29.311127],[115.984916,29.299353],[115.97844,29.294643],[115.927809,29.273449],[115.924277,29.262852],[115.922216,29.250194],[115.907498,29.216931],[115.929281,29.203979],[115.975202,29.195737],[115.980795,29.215459],[115.974907,29.232827],[115.967548,29.249017],[115.967843,29.264029],[115.980795,29.280219],[115.98992,29.272271],[115.997573,29.254315],[116.005816,29.239891],[116.077641,29.223996],[116.088238,29.219874],[116.102661,29.223996],[116.123856,29.220758],[116.14505,29.212515],[116.158885,29.203096],[116.140046,29.197208],[116.077935,29.202213],[116.084117,29.186906],[116.074991,29.183668],[116.040256,29.188378],[116.035841,29.181313],[116.042317,29.165417],[116.057329,29.140691],[116.08235,29.125678],[116.093536,29.114492],[116.10325,29.078285],[116.115908,29.077108],[116.131509,29.082701],[116.145933,29.085939],[116.142989,29.066216],[116.155647,29.047083],[116.174192,29.038841],[116.187733,29.051204],[116.194503,29.051204],[116.19833,29.037957],[116.206572,29.033248],[116.252198,29.031481],[116.255142,29.027655],[116.256614,29.019118],[116.259558,29.012642],[116.264267,29.007932],[116.269566,29.004106],[116.260735,28.985855],[116.2678,28.980262],[116.329911,28.982911],[116.344334,28.980851],[116.359053,28.976141],[116.338742,28.941112],[116.333149,28.925216],[116.331088,28.911381],[116.335209,28.908143],[116.344334,28.907554],[116.353754,28.904611],[116.359053,28.894308],[116.354637,28.883122],[116.333737,28.863988],[116.331088,28.853391],[116.342274,28.841322],[116.358464,28.850153],[116.373182,28.87017],[116.379658,28.890481],[116.381424,28.894013],[116.39055,28.898723],[116.393199,28.900489],[116.39261,28.906082],[116.3879,28.919623],[116.386134,28.921389],[116.393199,28.938462],[116.397614,28.940523],[116.40674,28.935224],[116.4088,28.948765],[116.413804,28.961423],[116.420575,28.966133],[116.427345,28.95583],[116.427934,28.943172],[116.424696,28.929926],[116.419103,28.917563],[116.39261,28.877823],[116.371416,28.83308],[116.365823,28.825427],[116.372593,28.818362],[116.388489,28.840145],[116.404973,28.874291],[116.426168,28.899606],[116.454721,28.894308],[116.432349,28.882828],[116.424107,28.874291],[116.420869,28.862811],[116.423224,28.850153],[116.429994,28.842794],[116.438531,28.836024],[116.448245,28.825427],[116.453249,28.814535],[116.456487,28.803055],[116.46208,28.794224],[116.472088,28.790692],[116.481508,28.79128],[116.509178,28.798051],[116.513005,28.794518],[116.515654,28.792752],[116.518892,28.791575],[116.523308,28.790692],[116.516537,28.776856],[116.526546,28.782449],[116.535082,28.796579],[116.54097,28.812769],[116.543325,28.825427],[116.541264,28.830725],[116.533022,28.845738],[116.530961,28.856335],[116.533905,28.861045],[116.541264,28.866049],[116.558043,28.873702],[116.550684,28.880473],[116.558043,28.886654],[116.544796,28.898135],[116.535377,28.895485],[116.52478,28.890481],[116.509178,28.894308],[116.518009,28.909026],[116.522425,28.924627],[116.52213,28.940523],[116.516537,28.95583],[116.504174,28.970254],[116.48975,28.983794],[116.480036,28.998807],[116.482391,29.017058],[116.468556,29.017058],[116.461197,29.024417],[116.459725,29.036486],[116.461197,29.051204],[116.485629,29.0462],[116.512416,29.069749],[116.537143,29.072398],[116.537143,29.07858],[116.53155,29.079757],[116.516537,29.085939],[116.523308,29.099774],[116.508295,29.103601],[116.492694,29.112137],[116.483274,29.124501],[116.488573,29.140691],[116.47621,29.152171],[116.48769,29.159824],[116.506823,29.160707],[116.516537,29.151288],[116.518598,29.142457],[116.523308,29.132154],[116.529784,29.123617],[116.537143,29.119496],[116.543325,29.12244],[116.556865,29.137158],[116.564519,29.140691],[116.576588,29.13392],[116.593072,29.12244],[116.607202,29.117436],[116.615444,29.135686],[116.619271,29.130682],[116.623686,29.120968],[116.626335,29.113315],[116.627513,29.103601],[116.62663,29.094475],[116.623686,29.086233],[116.618976,29.07858],[116.622803,29.075636],[116.625747,29.074164],[116.6334,29.072398],[116.637227,29.091826],[116.645763,29.112726],[116.656655,29.12715],[116.684325,29.127739],[116.689918,29.112137],[116.690801,29.091826],[116.688446,29.07858],[116.70758,29.082995],[116.715233,29.097125],[116.715233,29.137158],[116.688446,29.168066],[116.677555,29.173365],[116.674611,29.172776],[116.67255,29.169833],[116.664014,29.168066],[116.638404,29.152465],[116.623686,29.150405],[116.618976,29.168066],[116.643703,29.192204],[116.648413,29.200741]],[[118.839954,29.630218],[118.826118,29.627274],[118.834361,29.628452],[118.839954,29.630218]],[[116.281635,29.989637],[116.291349,29.986693],[116.303712,29.989637],[116.302829,29.973152],[116.309011,29.963733],[116.331088,29.94872],[116.349339,29.958434],[116.353754,29.970503],[116.354932,29.981983],[116.365823,29.989637],[116.376126,29.986987],[116.395259,29.96491],[116.40674,29.956079],[116.442358,29.948131],[116.477976,29.950781],[116.509178,29.96285],[116.530961,29.983455],[116.517126,30.003177],[116.50859,30.023194],[116.494755,30.038795],[116.436765,30.050864],[116.443241,30.0647],[116.459725,30.08089],[116.461197,30.093547],[116.470911,30.097668],[116.481508,30.099729],[116.4924,30.100318],[116.503585,30.099435],[116.503585,30.093547],[116.493577,30.090604],[116.486807,30.084716],[116.48298,30.076474],[116.482391,30.066171],[116.495932,30.072059],[116.52007,30.08972],[116.533905,30.093547],[116.551272,30.095902],[116.555394,30.102378],[116.549801,30.111209],[116.537143,30.120629],[116.52478,30.123867],[116.514183,30.122689],[116.506529,30.125044],[116.503585,30.137407],[116.508295,30.144472],[116.519481,30.150065],[116.532727,30.153892],[116.543325,30.154775],[116.540087,30.158896],[116.538026,30.162428],[116.535671,30.165372],[116.530961,30.16861],[116.536849,30.183034],[116.542736,30.220418],[116.543325,30.236608],[116.527135,30.226894],[116.50388,30.195692],[116.485629,30.188921],[116.478859,30.192159],[116.476504,30.199224],[116.475621,30.209527],[116.470911,30.209232],[116.464435,30.207761],[116.46002,30.205406],[116.461197,30.203345],[116.454427,30.203934],[116.445596,30.203934],[116.436176,30.204817],[116.427345,30.209527],[116.430877,30.201284],[116.432938,30.193337],[116.434704,30.17538],[116.418809,30.181268],[116.413216,30.194514],[116.411744,30.21041],[116.40674,30.223656],[116.39732,30.210704],[116.387606,30.212176],[116.377892,30.219535],[116.369061,30.223656],[116.372593,30.271343],[116.365234,30.266339],[116.360524,30.261629],[116.358464,30.255153],[116.359053,30.244262],[116.344629,30.250443],[116.346689,30.239552],[116.348161,30.235431],[116.351399,30.229838],[116.344629,30.223656],[116.33727,30.237491],[116.325789,30.240729],[116.31166,30.235431],[116.296942,30.223656],[116.316075,30.223656],[116.321668,30.214531],[116.317253,30.192454],[116.317547,30.182151],[116.319608,30.177441],[116.338447,30.16861],[116.354932,30.175675],[116.371122,30.17538],[116.384662,30.168021],[116.393199,30.154775],[116.379658,30.16184],[116.375831,30.15919],[116.373182,30.15713],[116.370238,30.155364],[116.365823,30.154775],[116.374654,30.147121],[116.383779,30.141234],[116.394376,30.137113],[116.40674,30.134464],[116.40674,30.12681],[116.396437,30.122984],[116.384074,30.112975],[116.394082,30.11327],[116.398497,30.10856],[116.393199,30.099435],[116.393199,30.093547],[116.425579,30.115036],[116.445596,30.124161],[116.454721,30.117391],[116.444124,30.101201],[116.424107,30.087954],[116.410861,30.076474],[116.420869,30.066171],[116.420869,30.058812],[116.407328,30.058224],[116.401147,30.050864],[116.399381,30.038207],[116.387606,30.039973],[116.38113,30.044683],[116.380836,30.051453],[116.386134,30.058812],[116.351399,30.072942],[116.345512,30.07824],[116.339625,30.085305],[116.33462,30.086188],[116.331088,30.072942],[116.320491,30.081184],[116.315487,30.095313],[116.310483,30.12681],[116.291938,30.117391],[116.289288,30.099435],[116.303712,30.058812],[116.286639,30.059695],[116.278397,30.078535],[116.269566,30.120629],[116.264856,30.126516],[116.255731,30.135053],[116.2469,30.139174],[116.243073,30.130637],[116.245134,30.120629],[116.254259,30.105616],[116.255142,30.093547],[116.251021,30.097963],[116.245722,30.102378],[116.243073,30.107088],[116.236597,30.091192],[116.234831,30.072059],[116.240424,30.05999],[116.255142,30.066171],[116.25632,30.042622],[116.247194,30.036441],[116.215697,30.044977],[116.222468,30.032614],[116.228944,30.023194],[116.234242,30.01348],[116.236008,30.000528],[116.230416,29.987576],[116.218052,29.990814],[116.2051,30.000823],[116.198035,30.007887],[116.193031,30.016129],[116.189793,30.027315],[116.185967,30.062639],[116.180962,30.067643],[116.173309,30.069998],[116.163889,30.076474],[116.141223,30.085011],[116.133275,30.06205],[116.132981,30.01142],[116.125328,30.006121],[116.113553,30.002],[116.10796,29.996996],[116.11944,29.989637],[116.132392,29.989931],[116.143284,29.99523],[116.152703,29.996113],[116.160357,29.983455],[116.148288,29.979334],[116.13563,29.977273],[116.108843,29.976685],[116.097952,29.981983],[116.092653,29.991697],[116.085883,29.996996],[116.071459,29.989637],[116.077052,29.988459],[116.091476,29.983455],[116.081467,29.973741],[116.070576,29.969914],[116.061156,29.973741],[116.057329,29.986693],[116.054091,29.993758],[116.029954,30.017601],[116.026421,30.025255],[116.024655,30.03438],[116.021123,30.041739],[116.01288,30.044977],[116.003755,30.043505],[115.998751,30.038795],[115.996396,30.031436],[115.995807,30.021134],[115.999634,30.011714],[116.014941,29.996113],[116.016413,29.989637],[116.007288,29.983455],[115.995807,29.983455],[115.985799,29.987576],[115.981678,29.993463],[115.97373,29.996701],[115.939878,30.035557],[115.933991,30.044977],[115.933991,30.000528],[115.936346,29.993169],[115.942233,29.989048],[115.949003,29.986399],[115.954302,29.983455],[115.961661,29.969914],[115.983444,29.9602],[115.992275,29.953136],[115.995807,29.939006],[115.995807,29.915457],[115.997573,29.904565],[116.001989,29.893968],[116.029365,29.870125],[116.040256,29.866887],[116.051148,29.871597],[116.091476,29.901622],[116.11738,29.90486],[116.158885,29.893674],[116.180962,29.901622],[116.200685,29.89338],[116.218052,29.901622],[116.233065,29.915163],[116.246017,29.921933],[116.263384,29.927526],[116.266328,29.941655],[116.265445,29.961672],[116.269566,29.983455],[116.264562,29.983161],[116.254259,29.983749],[116.24896,29.983455],[116.252493,29.999645],[116.257203,30.010831],[116.258674,30.014952],[116.270155,30.0229],[116.289288,30.017601],[116.284284,30.014952],[116.276042,30.007887],[116.269566,30.004061],[116.27457,29.995818],[116.281635,29.989637]],[[116.72583,30.280763],[116.719943,30.277525],[116.715233,30.29136],[116.708463,30.29136],[116.701398,30.271343],[116.686386,30.290182],[116.677849,30.298425],[116.674317,30.295187],[116.669312,30.29607],[116.644291,30.309022],[116.6334,30.313143],[116.637815,30.322563],[116.640759,30.326095],[116.63811,30.329922],[116.635755,30.332277],[116.633989,30.334926],[116.6334,30.339636],[116.626335,30.339636],[116.613972,30.324623],[116.5707,30.326095],[116.558043,30.313143],[116.558043,30.319325],[116.550095,30.314909],[116.545974,30.308433],[116.545974,30.30078],[116.550684,30.29136],[116.568051,30.297542],[116.603964,30.295481],[116.613383,30.298719],[116.639876,30.262218],[116.64959,30.255447],[116.637815,30.250443],[116.621331,30.249266],[116.5916,30.250443],[116.5916,30.244262],[116.605141,30.239552],[116.633989,30.235431],[116.646941,30.229838],[116.657244,30.237786],[116.668724,30.241907],[116.694628,30.244262],[116.716411,30.243379],[116.723475,30.244262],[116.73054,30.2475],[116.735839,30.251326],[116.739665,30.255447],[116.743198,30.257802],[116.763803,30.2684],[116.774695,30.271049],[116.790885,30.271343],[116.812079,30.26104],[116.82562,30.25898],[116.832096,30.268105],[116.834451,30.27723],[116.839161,30.281352],[116.840927,30.285473],[116.825031,30.311082],[116.821204,30.313143],[116.812668,30.31697],[116.801776,30.324917],[116.790296,30.330805],[116.780876,30.329333],[116.769102,30.320502],[116.749379,30.309905],[116.739665,30.302251],[116.72583,30.280763]],[[117.12175,30.455321],[117.112919,30.449728],[117.09879,30.435893],[117.082894,30.426767],[117.066115,30.419997],[117.046982,30.41617],[117.036679,30.408222],[117.004888,30.398508],[116.989875,30.392032],[116.978983,30.384085],[116.973096,30.369955],[116.974274,30.351999],[116.979867,30.335515],[116.988992,30.326095],[116.984576,30.320502],[116.985165,30.316675],[116.98752,30.312554],[116.988992,30.313143],[117.004004,30.308433],[117.009892,30.320208],[117.008714,30.338753],[117.002533,30.354059],[117.018428,30.367011],[117.051103,30.379669],[117.057873,30.394976],[117.064643,30.394976],[117.064055,30.379964],[117.069942,30.371721],[117.081128,30.368483],[117.095552,30.367895],[117.103205,30.36554],[117.113508,30.361124],[117.124399,30.358181],[117.133525,30.360241],[117.126166,30.367895],[117.133819,30.376137],[117.141178,30.382318],[117.14942,30.385851],[117.160312,30.387617],[117.160312,30.394976],[117.11233,30.394976],[117.119101,30.403513],[117.127049,30.410577],[117.146771,30.422352],[117.146771,30.428534],[117.13588,30.432949],[117.133819,30.442369],[117.135291,30.451788],[117.133525,30.456498],[117.12175,30.455321]],[[118.91796,31.146782],[118.910895,31.153847],[118.904419,31.157379],[118.901181,31.151786],[118.894705,31.144427],[118.879693,31.142367],[118.853494,31.141778],[118.834361,31.119995],[118.853494,31.101744],[118.889995,31.087909],[118.915605,31.079667],[118.928557,31.064949],[118.944453,31.060828],[118.962115,31.065243],[118.995672,31.088792],[119.011862,31.103805],[119.020987,31.120584],[119.014806,31.138246],[118.987724,31.167682],[118.9733,31.173864],[118.955933,31.169742],[118.942098,31.154436],[118.933856,31.117934],[118.921787,31.107043],[118.923259,31.134713],[118.921787,31.141778],[118.91796,31.146782]],[[120.444238,31.069659],[120.414802,31.029625],[120.402144,31.004604],[120.393607,31.011963],[120.385071,31.016084],[120.37624,31.016379],[120.367409,31.011375],[120.344154,31.027565],[120.331791,31.038456],[120.326492,31.049053],[120.330908,31.057884],[120.351808,31.081728],[120.357695,31.086437],[120.370058,31.090853],[120.384482,31.109987],[120.398612,31.114402],[120.403027,31.111458],[120.421278,31.107337],[120.434818,31.109103],[120.425693,31.124705],[120.427754,31.143838],[120.474558,31.192703],[120.470436,31.216841],[120.446887,31.223317],[120.380361,31.217429],[120.353868,31.223611],[120.38772,31.244217],[120.376829,31.254519],[120.364465,31.257463],[120.351808,31.259229],[120.340033,31.265411],[120.32973,31.281601],[120.336206,31.29102],[120.345037,31.299557],[120.340033,31.313098],[120.35534,31.314275],[120.361227,31.321634],[120.357401,31.329582],[120.34386,31.333409],[120.331497,31.330465],[120.292346,31.306327],[120.295584,31.315453],[120.31619,31.350776],[120.326492,31.361374],[120.342094,31.364023],[120.362405,31.364317],[120.380067,31.369027],[120.38772,31.384628],[120.391547,31.402879],[120.404499,31.430843],[120.402144,31.443501],[120.390075,31.450566],[120.36947,31.457336],[120.34857,31.461457],[120.336795,31.460574],[120.317367,31.44409],[120.285281,31.42319],[120.251135,31.406411],[120.224054,31.40229],[120.208747,31.412887],[120.207864,31.428489],[120.219344,31.473232],[120.224054,31.485595],[120.225231,31.499725],[120.216695,31.518564],[120.23259,31.51356],[120.243776,31.502374],[120.251724,31.487361],[120.257611,31.471466],[120.264382,31.471466],[120.26291,31.484712],[120.263793,31.496487],[120.268503,31.506201],[120.278511,31.512382],[120.278511,31.518564],[120.237594,31.518564],[120.240538,31.53446],[120.229058,31.538286],[120.21169,31.535637],[120.196089,31.531516],[120.200505,31.538875],[120.203448,31.54594],[120.182548,31.54123],[120.169891,31.52975],[120.160471,31.515915],[120.148991,31.504729],[120.133389,31.499725],[120.117494,31.496781],[120.105425,31.490599],[120.100421,31.474409],[120.09159,31.468816],[120.071573,31.468228],[120.042431,31.471466],[120.027713,31.468816],[120.014466,31.460869],[120.009168,31.447622],[120.018587,31.429077],[119.998571,31.415831],[119.984441,31.396992],[119.963836,31.354014],[119.917032,31.290726],[119.90879,31.271298],[119.898193,31.248043],[119.89937,31.230381],[119.905257,31.211542],[119.90879,31.186521],[119.912911,31.172097],[119.93175,31.15002],[119.935871,31.138246],[119.936754,31.112636],[119.93852,31.098506],[119.942642,31.086437],[119.96207,31.067598],[120.025358,31.022266],[120.050968,30.994596],[120.128385,30.943082],[120.213162,30.920416],[120.304121,30.93013],[120.389192,30.959861],[120.520773,31.039634],[120.542556,31.056412],[120.589654,31.077018],[120.601428,31.086437],[120.576996,31.172686],[120.562867,31.173275],[120.552564,31.153847],[120.546971,31.127648],[120.546088,31.107043],[120.523716,31.113519],[120.491336,31.116168],[120.462489,31.111458],[120.449831,31.097035],[120.444238,31.069659]],[[120.805423,31.436436],[120.802185,31.447328],[120.802774,31.457336],[120.8066,31.467345],[120.813076,31.477353],[120.79041,31.48324],[120.777458,31.48324],[120.765389,31.477353],[120.783345,31.463224],[120.775692,31.443795],[120.719174,31.393165],[120.716525,31.394342],[120.724178,31.406117],[120.737425,31.422307],[120.749199,31.445267],[120.748905,31.464107],[120.737425,31.470877],[120.717408,31.457042],[120.712109,31.447917],[120.706222,31.427605],[120.700335,31.419069],[120.69121,31.410238],[120.685322,31.401701],[120.684439,31.392282],[120.690326,31.38139],[120.682084,31.379035],[120.662362,31.367555],[120.657063,31.364612],[120.650587,31.362257],[120.641462,31.361374],[120.641462,31.354014],[120.680318,31.361962],[120.717408,31.375209],[120.747727,31.396992],[120.764506,31.406117],[120.785112,31.408766],[120.775986,31.399641],[120.764506,31.39552],[120.754792,31.389927],[120.750965,31.378152],[120.757441,31.375797],[120.807483,31.381979],[120.820141,31.380802],[120.826617,31.38139],[120.843396,31.387278],[120.850755,31.388161],[120.862824,31.392282],[120.865473,31.40229],[120.860763,31.429077],[120.848106,31.413182],[120.84163,31.407294],[120.833387,31.40229],[120.836331,31.426722],[120.829561,31.459102],[120.833387,31.477353],[120.823379,31.468522],[120.816903,31.459397],[120.805423,31.436436]],[[118.965941,31.459691],[118.973006,31.473526],[118.976538,31.484418],[118.975361,31.494132],[118.971534,31.501196],[118.96653,31.506789],[118.963292,31.512382],[118.951812,31.552416],[118.939154,31.565662],[118.903242,31.547706],[118.839954,31.538875],[118.834361,31.540347],[118.829062,31.544174],[118.82288,31.54594],[118.815816,31.542407],[118.806396,31.534165],[118.801981,31.532105],[118.794621,31.531516],[118.785791,31.532693],[118.750172,31.542113],[118.733688,31.556243],[118.722502,31.559481],[118.688356,31.538875],[118.706018,31.534754],[118.724268,31.527689],[118.74193,31.517681],[118.757237,31.504729],[118.736043,31.504729],[118.736043,31.497958],[118.732216,31.488539],[118.738104,31.472938],[118.74664,31.456159],[118.750467,31.443501],[118.751056,31.434376],[118.758415,31.423779],[118.777843,31.408766],[118.773427,31.39287],[118.784024,31.389338],[118.794916,31.400818],[118.791383,31.429077],[118.764302,31.484418],[118.771661,31.471466],[118.82288,31.401996],[118.857615,31.381685],[118.894411,31.40229],[118.906185,31.436436],[118.907952,31.439969],[118.912956,31.442912],[118.945925,31.443501],[118.956522,31.448211],[118.965941,31.459691]],[[117.645424,31.657504],[117.622758,31.642786],[117.585374,31.600397],[117.563296,31.583324],[117.545929,31.580086],[117.474693,31.588917],[117.452027,31.596865],[117.434954,31.611583],[117.427594,31.635132],[117.432304,31.653971],[117.439369,31.673988],[117.438192,31.690178],[117.396097,31.70107],[117.360479,31.720498],[117.338991,31.72403],[117.306316,31.704308],[117.288949,31.661036],[117.288066,31.611583],[117.304256,31.573021],[117.317797,31.563602],[117.338402,31.554771],[117.359596,31.548295],[117.376375,31.54594],[117.383734,31.542996],[117.416409,31.517387],[117.43407,31.497958],[117.442018,31.484123],[117.455559,31.476176],[117.471455,31.469994],[117.500008,31.452921],[117.547989,31.438497],[117.557998,31.439969],[117.562413,31.443501],[117.595971,31.443501],[117.606273,31.442324],[117.612749,31.443501],[117.617459,31.446445],[117.625113,31.455276],[117.647484,31.46234],[117.661025,31.475881],[117.685163,31.508556],[117.70047,31.522391],[117.734322,31.545057],[117.749923,31.559481],[117.768174,31.591272],[117.778476,31.591272],[117.798493,31.586856],[117.820865,31.588917],[117.834994,31.588034],[117.84618,31.583324],[117.875322,31.563602],[117.911529,31.548589],[117.928602,31.538875],[117.928602,31.531516],[117.925659,31.524157],[117.932429,31.515032],[117.955389,31.497958],[117.95274,31.526806],[117.936256,31.548295],[117.913295,31.561541],[117.890335,31.566251],[117.880621,31.571844],[117.857072,31.598631],[117.84618,31.607756],[117.706652,31.659859],[117.678098,31.663097],[117.645424,31.657504]],[[119.510221,31.526806],[119.511398,31.542407],[119.517874,31.555654],[119.532004,31.559186],[119.545839,31.559481],[119.552315,31.563013],[119.562617,31.587151],[119.583223,31.603635],[119.600885,31.621297],[119.600002,31.648967],[119.579396,31.662802],[119.544367,31.663097],[119.511692,31.651911],[119.496974,31.631894],[119.481373,31.547412],[119.491087,31.525334],[119.500212,31.512088],[119.506394,31.514737],[119.510221,31.526806]],[[119.723635,31.486184],[119.72599,31.477942],[119.736587,31.471466],[119.751305,31.469994],[119.766612,31.474704],[119.780741,31.482652],[119.791927,31.491188],[119.794282,31.495309],[119.796637,31.507672],[119.798992,31.512382],[119.804585,31.515915],[119.819597,31.521213],[119.826073,31.525334],[119.844913,31.542407],[119.84609,31.550944],[119.832844,31.559481],[119.848445,31.580675],[119.85757,31.597748],[119.861397,31.617765],[119.86022,31.648967],[119.858159,31.678404],[119.853155,31.703425],[119.839908,31.715199],[119.812533,31.704013],[119.798697,31.686646],[119.770733,31.607756],[119.74218,31.563307],[119.732171,31.540936],[119.730405,31.512382],[119.723635,31.486184]],[[116.33462,32.228865],[116.342568,32.239167],[116.354048,32.248881],[116.359053,32.252119],[116.37642,32.271253],[116.41351,32.333953],[116.424696,32.344844],[116.434704,32.352792],[116.438531,32.360445],[116.430877,32.371631],[116.414687,32.378402],[116.400852,32.37222],[116.379658,32.347199],[116.36494,32.333953],[116.360524,32.32571],[116.355815,32.295097],[116.347867,32.287737],[116.336681,32.289209],[116.324906,32.300101],[116.326084,32.284205],[116.32108,32.275963],[116.30018,32.262128],[116.295764,32.250353],[116.298708,32.235929],[116.310483,32.217384],[116.317842,32.208259],[116.328733,32.201783],[116.337858,32.193247],[116.338447,32.176468],[116.34875,32.187654],[116.356992,32.203549],[116.356698,32.217973],[116.341685,32.224155],[116.33462,32.228865]],[[116.908336,32.490554],[116.892735,32.505273],[116.878605,32.523817],[116.868597,32.533826],[116.858589,32.533237],[116.816494,32.489377],[116.777344,32.464356],[116.794417,32.464945],[116.811785,32.469654],[116.827975,32.477897],[116.841515,32.488199],[116.858294,32.504389],[116.867125,32.507627],[116.889791,32.481429],[116.858589,32.423439],[116.862121,32.404894],[116.870363,32.391942],[116.892735,32.374869],[116.87625,32.341017],[116.873012,32.322767],[116.879783,32.306871],[116.851818,32.270959],[116.845342,32.259478],[116.845048,32.259184],[116.837689,32.250648],[116.830918,32.24005],[116.826209,32.229748],[116.824442,32.220622],[116.828563,32.210614],[116.837983,32.217679],[116.863887,32.253886],[116.870657,32.257712],[116.893618,32.259184],[116.898622,32.261539],[116.900094,32.268309],[116.900388,32.296568],[116.90186,32.306871],[116.905981,32.315996],[116.913929,32.327182],[116.920994,32.331009],[116.929825,32.332186],[116.937773,32.335424],[116.941305,32.344255],[116.936301,32.354264],[116.926881,32.358974],[116.921288,32.364272],[116.92747,32.374869],[116.934535,32.377518],[116.968386,32.381934],[116.968386,32.388704],[116.947192,32.393414],[116.929236,32.400185],[116.915401,32.411076],[116.90657,32.429621],[116.905098,32.443162],[116.907747,32.452876],[116.911868,32.460235],[116.913929,32.467594],[116.912457,32.482606],[116.908336,32.490554]],[[119.349498,33.037777],[119.346849,33.060149],[119.342139,33.068097],[119.335074,33.076633],[119.328598,33.086347],[119.31859,33.131974],[119.31594,33.139038],[119.296218,33.152874],[119.279734,33.15935],[119.268548,33.169358],[119.257951,33.221755],[119.244999,33.227642],[119.23499,33.220872],[119.237051,33.211158],[119.237051,33.204976],[119.225865,33.197323],[119.156984,33.165826],[119.152863,33.158172],[119.139027,33.094001],[119.134023,33.080754],[119.122249,33.069274],[119.108414,33.065742],[119.094578,33.063681],[119.08251,33.057205],[119.052484,33.046608],[118.945925,33.073984],[118.914722,33.067508],[118.900298,33.069569],[118.888818,33.09665],[118.874394,33.10136],[118.839954,33.10136],[118.862031,33.087525],[118.896766,33.049846],[118.921787,33.039838],[118.933561,33.040132],[118.95711,33.045431],[118.970357,33.046608],[118.981837,33.044253],[119.014806,33.032479],[119.030996,33.030418],[119.061021,33.021293],[119.075739,33.019232],[119.087808,33.02247],[119.109885,33.0366],[119.11695,33.039838],[119.135789,33.044842],[119.158455,33.0575],[119.179944,33.073101],[119.195545,33.087525],[119.183771,33.087525],[119.173174,33.08517],[119.16346,33.080754],[119.154629,33.073984],[119.154923,33.106658],[119.158455,33.134329],[119.170524,33.155817],[119.195545,33.170241],[119.220566,33.176423],[119.236462,33.176128],[119.243232,33.166709],[119.240877,33.158467],[119.230575,33.146692],[119.229692,33.142276],[119.234107,33.136978],[119.238228,33.136978],[119.243527,33.137861],[119.250886,33.136095],[119.292097,33.11755],[119.298573,33.111957],[119.300928,33.096944],[119.323888,33.047786],[119.328304,33.034245],[119.327126,33.023648],[119.31594,33.019232],[119.307404,33.023648],[119.284443,33.044842],[119.277967,33.053967],[119.267959,33.046019],[119.267076,33.037483],[119.268253,33.028358],[119.264427,33.019232],[119.255007,33.012462],[119.22351,32.998921],[119.270314,32.960065],[119.276496,32.951234],[119.275024,32.941815],[119.264427,32.93004],[119.261483,32.932395],[119.253241,32.935633],[119.243527,32.937988],[119.237051,32.93681],[119.235285,32.930629],[119.238228,32.92327],[119.242055,32.915616],[119.243232,32.909434],[119.237345,32.887946],[119.239406,32.877349],[119.250886,32.868518],[119.259128,32.872933],[119.266487,32.875288],[119.284738,32.875877],[119.226454,32.851445],[119.21203,32.864102],[119.201138,32.868518],[119.189952,32.870284],[119.16081,32.88147],[119.156101,32.885297],[119.153451,32.900309],[119.150213,32.90708],[119.144915,32.910023],[119.137556,32.906196],[119.129019,32.894716],[119.12166,32.878821],[119.116361,32.862042],[119.113418,32.847912],[119.09605,32.861159],[119.081921,32.874994],[119.066614,32.883825],[119.044831,32.882059],[119.044831,32.875877],[119.06367,32.864691],[119.082215,32.832311],[119.099288,32.820831],[119.113123,32.81877],[119.122543,32.819948],[119.129019,32.818182],[119.134023,32.806996],[119.133435,32.801108],[119.129608,32.79581],[119.124604,32.790806],[119.120777,32.785802],[119.126075,32.773144],[119.131668,32.756071],[119.141971,32.738115],[119.156101,32.724574],[119.17494,32.717803],[119.17494,32.711327],[119.169641,32.709267],[119.166403,32.707206],[119.162282,32.70544],[119.154629,32.703968],[119.172585,32.692488],[119.174646,32.676298],[119.177,32.667173],[119.195545,32.676592],[119.207614,32.690428],[119.213796,32.707795],[119.216445,32.748712],[119.227337,32.759309],[119.250297,32.746945],[119.272669,32.727517],[119.2815,32.717803],[119.293569,32.724574],[119.306521,32.741058],[119.316529,32.761369],[119.319178,32.779031],[119.33213,32.7702],[119.351853,32.740764],[119.367454,32.731344],[119.380406,32.732227],[119.391592,32.740175],[119.401012,32.752538],[119.408371,32.766079],[119.415141,32.793455],[119.411903,32.819653],[119.405133,32.847324],[119.38806,33.002159],[119.379523,33.02041],[119.358623,33.010696],[119.331542,32.994211],[119.305343,32.991268],[119.326243,33.003925],[119.341844,33.019232],[119.349498,33.037777]]],[[[121.866222,31.304185],[121.851085,31.293931],[121.834727,31.292548],[121.823416,31.302395],[121.813243,31.320787],[121.7942,31.368801],[121.804454,31.374701],[121.837738,31.375149],[121.85377,31.372992],[121.867849,31.366197],[121.87794,31.354315],[121.881847,31.336615],[121.877452,31.319648],[121.866222,31.304185]]],[[[121.782237,31.341783],[121.78004,31.325181],[121.766368,31.320624],[121.751638,31.330512],[121.72047,31.357733],[121.598806,31.429145],[121.584483,31.441392],[121.591156,31.445868],[121.60255,31.444241],[121.618175,31.443793],[121.691254,31.419176],[121.725597,31.402737],[121.745942,31.388495],[121.76238,31.373765],[121.774181,31.359198],[121.782237,31.341783]]],[[[121.918966,31.578463],[121.980086,31.540296],[121.986598,31.503897],[121.977851,31.477771],[121.91289,31.456332],[121.851374,31.439179],[121.817326,31.44665],[121.783352,31.465686],[121.730235,31.484768],[121.710168,31.495077],[121.68463,31.506807],[121.614689,31.521582],[121.571544,31.529364],[121.541341,31.553785],[121.517456,31.568392],[121.48463,31.579901],[121.404614,31.613715],[121.375523,31.634134],[121.344737,31.641303],[121.314464,31.655585],[121.302908,31.671454],[121.285899,31.704047],[121.224511,31.737667],[121.205578,31.756619],[121.186631,31.774116],[121.176288,31.784323],[121.181443,31.79598],[121.19516,31.805243],[121.219301,31.829473],[121.264065,31.841077],[121.322564,31.829331],[121.362089,31.817608],[121.386133,31.811736],[121.423885,31.795639],[121.475304,31.77077],[121.500966,31.750329],[121.535176,31.72841],[121.571091,31.713752],[121.605243,31.691824],[121.625702,31.675756],[121.641053,31.66552],[121.663223,31.652352],[121.721227,31.630313],[121.844075,31.607947],[121.918966,31.578463]]],[[[120.579519,32.062527],[120.600108,32.060818],[120.627208,32.046536],[120.631358,32.036078],[120.626882,32.030585],[120.601654,32.031806],[120.581879,32.033271],[120.566254,32.041734],[120.565359,32.052314],[120.568777,32.058092],[120.579519,32.062527]]],[[[119.719493,32.249579],[119.716156,32.27265],[119.750824,32.293118],[119.78533,32.291693],[119.814301,32.27558],[119.832856,32.252143],[119.875011,32.155219],[119.880707,32.12519],[119.901378,32.082465],[119.901866,32.073391],[119.89031,32.075385],[119.858735,32.101549],[119.843516,32.10814],[119.815196,32.11522],[119.804861,32.120307],[119.795177,32.120551],[119.792003,32.121772],[119.78712,32.129584],[119.788341,32.133612],[119.79127,32.136868],[119.792003,32.142279],[119.791026,32.165473],[119.798839,32.178697],[119.809906,32.189114],[119.819347,32.203762],[119.789317,32.211493],[119.749848,32.228013],[119.719493,32.249579]]],[[[118.56405938696594,33.375792343287905],[118.60620398092404,33.35229842586496],[118.595926,33.350981],[118.575026,33.357751],[118.56405938696594,33.375792343287905]]],[[[118.487305,33.380123],[118.492604,33.390425],[118.496725,33.403377],[118.49602891622021,33.413716596717265],[118.5363206119779,33.391255595576695],[118.518214,33.385127],[118.510266,33.368937],[118.489955,33.373058],[118.487305,33.380123]]],[[[119.450043,34.777533],[119.453949,34.771918],[119.466319,34.767564],[119.474132,34.766466],[119.487722,34.76321],[119.494477,34.76081],[119.492849,34.755032],[119.489187,34.752753],[119.481863,34.748196],[119.467052,34.751614],[119.451834,34.763373],[119.443696,34.769232],[119.441417,34.774156],[119.444998,34.778225],[119.450043,34.777533]]]]}},{"type":"Feature","properties":{"id":"dali-region","sourceRefs":["atlas-943-fixed-master"]},"geometry":{"type":"Polygon","coordinates":[[[102.73673626937132,28.556376116803023],[102.96497342679632,28.46137245814446],[103.19283251497042,28.365810206005076],[103.3765554163198,28.43305238966082],[103.56061261540097,28.499914702710683],[103.74500315259796,28.566396467736237],[103.92972605374712,28.632497006293406],[104.09586184619828,28.521705863871823],[104.26164226517349,28.410610419184373],[104.42706755733883,28.299210745641613],[104.63002993695791,28.401022083732926],[104.83351705620086,28.502358854553712],[105.03752842559197,28.60322010464912],[105.19297381518237,28.447912660425388],[105.34792851629244,28.292320325316332],[105.50239432790644,28.136442806412717],[105.65637304548011,27.980279800651445],[105.8098664608819,27.823830994799163],[105.97726541744458,27.94569294600411],[106.1451514597281,28.067213723265795],[106.31352534368622,28.18839290581098],[106.4823878161582,28.309230064393123],[106.67629490847631,28.19240068314836],[106.86977417629421,28.075151558567132],[107.04120716107245,27.965815099134918],[107.2122843535938,27.856146517959964],[107.38300582212692,27.746145889659427],[107.28949929926249,27.608241406084517],[107.19627791169141,27.470202950084882],[107.10334050178518,27.332030152093033],[107.28112113816171,27.20377054160977],[107.45846699142186,27.07514153776515],[107.63537856295915,26.946143139190482],[107.8118563625352,26.81677533610012],[107.72533354424932,26.639166713035795],[107.63913752628885,26.461407563018632],[107.6667010064484,26.308875968861393],[107.69417002148595,26.156290207554626],[107.72154506908481,26.003649507127506],[107.51258790485942,25.95180637541679],[107.30393618228707,25.89946207361923],[107.35948710150038,25.691292006873816],[107.41478883092408,25.482997898516633],[107.50369643183063,25.31572455081726],[107.59230174815104,25.148304434790806],[107.68060634735532,24.9807367150519],[107.76861178694233,24.81302055213623],[107.56851587005457,24.9034098956962],[107.36811925997172,24.99332768541965],[107.16742321069117,25.082773903013884],[106.96642899092237,25.171748527969847],[106.765137884095,25.260251537650944],[106.59243550968095,25.197140217750167],[106.42001359684186,25.133675536547855],[106.24787298597647,25.069857993419152],[106.0572149594597,25.089319565496123],[105.86654980091149,25.108367534833977],[105.67587941380673,25.127002153765],[105.48520570229402,25.145223678248993],[105.35480270500359,25.00609869609052],[105.22480073221698,24.866725117312455],[105.09519852341388,24.72710279712283],[105.15147051383826,24.581090810108496],[105.20757162536246,24.434995692353954],[105.26350266784097,24.288816838578914],[105.41130288604936,24.124746825418587],[105.55864026573308,23.960370550611795],[105.70551656654835,23.795687468133146],[105.86943498516781,23.65885009201247],[106.03294384163816,23.521662870962444],[106.19604388261992,23.38412558611099],[106.00757972104067,23.365572465798273],[105.81925534566537,23.34660049051761],[105.63107253866914,23.327210119200217],[105.44303307499592,23.307401813762258],[105.31499347945717,23.165699340412083],[105.18734412722127,23.02374007472527],[105.06008379130576,22.88152379797312],[104.93321124626175,22.739050283637066],[104.74556192760814,22.647052720942476],[104.55832613305196,22.554604582369773],[104.37150448855523,22.46170649454684],[104.18509760295424,22.36835907935694],[104.34800658445403,22.219427516222833],[104.51047785500289,22.07013167753874],[104.67251246602446,21.92047118862415],[104.59633680046663,21.759275935751305],[104.52040567159962,21.59792557436115],[104.44471792812442,21.436419309061353],[104.36927242541496,21.27475633997242],[104.57348859292735,21.19515608058308],[104.7774681427193,21.115041613460523],[104.98120939886621,21.03441276276086],[105.18471069862117,20.95326935162774],[105.38797039245652,20.871611202097323],[105.50563678639996,20.686811935618266],[105.62289763843044,20.50174678154884],[105.73975496768517,20.316414648500686],[105.85621078196925,20.130814433243703],[105.6910190785077,19.991798350347356],[105.5263161828591,19.85236838209914],[105.36210123858609,19.712524577674372],[105.17014944053814,19.763351731029925],[104.97808599665893,19.813718441610174],[104.785912675856,19.863624953197306],[104.59363125323507,19.913071511230825],[104.40124351001762,19.962058362853597],[104.21873129555505,19.824071614463612],[104.0367655167908,19.68559219209912],[103.85534554914248,19.546620344026696],[103.67447075372749,19.40715630427043],[103.46917563317926,19.42912494286234],[103.26388498223427,19.45057062927437],[103.05860120128384,19.471493816094636],[102.85332669088207,19.49189496005753],[102.64806385159449,19.51177452205832],[102.44281508384661,19.53113296716693],[102.2375827877727,19.549970764640612],[102.04562733044506,19.61098887160517],[101.85352656037279,19.671547572552374],[101.6612821096068,19.73164710770711],[101.46889561783327,19.79128771802178],[101.27636873230766,19.850469645231957],[101.08604118805468,19.786335280426876],[100.8960303923155,19.72172973219904],[100.70633766979758,19.656653656510557],[100.51696432955637,19.59110770833973],[100.32791166500503,19.52509254160593],[100.12830191743188,19.563839641840605],[99.92863411434044,19.602097125369845],[99.72891034293244,19.639865361540043],[99.52913269416493,19.677144722590086],[99.329303262633,19.713935583686315],[99.12942414645195,19.750238322956505],[98.98189252035561,19.867375412063573],[98.83406809267925,19.984216761842834],[98.68595057249993,20.10076256957616],[98.53753967259475,20.217013027072095],[98.3888351094817,20.332968320701596],[98.33298977517045,20.505888253267255],[98.27694633171025,20.67868176217226],[98.2207037049984,20.851349857072474],[98.1642608134075,21.02389354425524],[98.10761656772199,21.196313826712945],[98.1471819538336,21.37346743602041],[98.18687640820325,21.55049530664069],[98.22670065229985,21.727398630481495],[98.26665541290834,21.904178596778074],[98.30674142217808,22.080836392188992],[98.20097834963127,22.250482866987973],[98.09486246196917,22.419931339334802],[97.98839204053297,22.589182582197587],[97.88156535702238,22.75823736136588],[97.77438067344393,22.927096435498147],[97.84614837937951,23.112402191228693],[97.91818490871609,23.29753621131991],[97.99049179051796,23.482499771556558],[97.80403383447047,23.58194305516308],[97.61726739382452,23.680979229491477],[97.43019308658357,23.77960832456837],[97.40200547157689,23.941177386987363],[97.37371083531194,24.102673240895864],[97.34530859656127,24.264096774373698],[97.31679816991354,24.42544887528889],[97.08943668511786,24.412473503629872],[96.8622587882854,24.398907916732544],[96.63526760824978,24.38475299191863],[96.40846626030272,24.370009613199628],[96.18185784598452,24.354678671211193],[95.95544545287692,24.33876106314635],[95.75537117298035,24.251620202160197],[95.55575649383434,24.16398421142077],[95.35660236027329,24.075854030721096],[95.157909694424,23.987230595419803],[94.95967939582141,23.898114836339882],[94.76191234152546,23.808507679667784],[94.62690958453787,23.942284036218417],[94.49156048626485,24.075828433107407],[94.35586404648068,24.2091410722675],[94.4913298327865,24.352174145309853],[94.62724040293536,24.49491962656786],[94.76359711024217,24.637377604352146],[94.90040130812977,24.77954815778648],[95.03765435005637,24.921431356824346],[95.11399727169109,25.123377471873834],[95.19066177876985,25.32513824450468],[95.26764992781904,25.526715347857788],[95.34496379221417,25.728110449896345],[95.43103001110221,25.903921589874223],[95.51742401454374,26.079561031476864],[95.60414757010712,26.255029777425996],[95.69120245704109,26.430328825500272],[95.77859046636026,26.605459168605762],[95.91835957375085,26.766678240539335],[96.05865266579741,26.92760189316767],[96.19947182173703,27.088230379212927],[96.34081912570255,27.24856393962794],[96.4826966666562,27.408602803607515],[96.66298533700069,27.489625873454084],[96.84366592350158,27.57026779290861],[97.0247378440711,27.650527831191116],[97.20620050124793,27.7304052544426],[97.33021726708418,27.90396924498101],[97.45472867476684,28.07728899819193],[97.57973715811355,28.25036515225028],[97.70524516300999,28.423198335533524],[97.90273929240861,28.383742898620792],[98.10014401949412,28.343877019136883],[98.2974574586438,28.303600562769496],[98.49467772958036,28.262913398485235],[98.51706408033675,28.452023125385878],[98.5395263239005,28.641063642290963],[98.5620649744233,28.830036530192356],[98.58468055067249,29.01894337393936],[98.780588616536,29.11898370937851],[98.97701276000713,29.218582715608118],[99.17395265464181,29.317739442192384],[99.20089694085301,29.118122410337435],[99.22770124649246,28.91844317537914],[99.25436657406397,28.718699903747467],[99.45270327696593,28.670634470397886],[99.65090952914795,28.622155479845816],[99.7322011549326,28.767393043509212],[99.81375867558177,28.912515770096576],[99.89558330787479,29.057524186894874],[100.09261992257447,29.061734320592937],[100.28975526502114,29.065531747936756],[100.34004372239399,28.87684079360408],[100.39010860942832,28.68807676016128],[100.43995142159902,28.49923818837538],[100.48957364129946,28.310323621588836],[100.53897673798178,28.121331605554825],[100.58816216829541,27.932260688274177],[100.80512783770703,27.844068558581498],[101.0217682104986,27.755370469288774],[101.23808168203783,27.66616653689538],[101.45406666607877,27.57645687646914],[101.6861934675413,27.649333532097224],[101.91879531987284,27.72159976541118],[102.1518698897351,27.793254258383822],[102.22259372799543,27.964994408324948],[102.29357944661398,28.13662013395257],[102.3648285379841,28.308132458757665],[102.43634250536604,28.479532404911954],[102.50812286298091,28.650820993348233],[102.73673626937132,28.556376116803023]]]}},{"type":"Feature","properties":{"id":"chu","sourceRefs":["atlas-943-fixed-master"]},"geometry":{"type":"Polygon","coordinates":[[[111.53549592244345,29.886542092846245],[111.8048852592541,29.85905624255216],[112.07422137198436,29.8307984716086],[112.34349893492755,29.801768406172645],[112.54649613249421,29.79012651200825],[112.74950266395676,29.77804564058726],[112.95251621630793,29.765525564890385],[113.15553447650368,29.752566063178538],[113.34445982237935,29.61161137564505],[113.53285240044046,29.47024935139221],[113.72071311440399,29.32848004276076],[113.90804287809763,29.18630349039701],[114.0543068771141,29.275508188993417],[114.20088352060057,29.364473635918795],[114.35344537665884,29.200663019818798],[114.50549504130176,29.036562517440153],[114.6570345828447,28.872171677404765],[114.73443967818892,28.695963186654673],[114.81155591562752,28.519641612032608],[114.88838500006298,28.343205852131355],[115.08818506912237,28.217839635669474],[115.28750443069177,28.092007780185796],[115.13438758516897,27.94790273946358],[114.98176928235111,27.803511792076545],[114.82964791527868,27.658834960422745],[114.80764028098518,27.481435182965594],[114.78571106443628,27.30397574803593],[114.76385977311028,27.126455391604143],[114.84224337393046,26.970944582138056],[114.9203773833381,26.8153179935217],[114.99826303346225,26.65957491509951],[114.9414824147739,26.48685040485334],[114.88490586209322,26.314033081987414],[114.82853218671406,26.141121878442185],[114.97495705154812,25.975324504932985],[115.1209086337621,25.809222636032736],[115.26638878234044,25.64281568848871],[115.19253094408913,25.472437771984026],[115.1189343611518,25.301937167751298],[115.04559759944595,25.13131292892115],[115.21807375414514,24.99692731568463],[115.3901194663254,24.86215335751676],[115.56173528120065,24.72699090443346],[115.7329217517462,24.591439796907824],[115.53985653692041,24.708536209225052],[115.34638652932891,24.82516277178737],[115.1525121658342,24.941319481726925],[114.95823389868065,25.05700632902135],[114.7635521955914,25.17222329659035],[114.56170562889812,25.11935189275768],[114.36013697614922,25.066008943793587],[114.15884800779327,25.012195073389822],[113.95784047854579,24.95791090669834],[113.83753275612159,24.80875895188079],[113.71760722704829,24.65939096070817],[113.59806241245674,24.509806578557654],[113.47889683849459,24.36000544384327],[113.36010903633284,24.209987187998763],[113.18567334875607,24.181516324529262],[113.01138546154309,24.152689694540335],[112.83724671267312,24.12350764746099],[112.64178067790434,24.092940937588512],[112.44649610699736,24.061926945206714],[112.25139489608542,24.030466161799854],[112.05647893120603,23.998559081823455],[111.87806718005602,23.9100290144632],[111.7000232057389,23.821107274791903],[111.52234748895833,23.73179435520564],[111.44606770282348,23.582360035329753],[111.3700203633596,23.432799013029392],[111.29420442565998,23.283110687654347],[111.21861885055898,23.13329445550493],[111.0570441851003,23.22272434598041],[110.89522425855967,23.311825703214218],[110.73315951119464,23.40059855543935],[110.56007040299389,23.345154630030606],[110.38722366207324,23.28934861153465],[110.21462029083305,23.233180935042984],[110.03084109756362,23.315388133442813],[109.8468174895474,23.397181828106707],[109.66255051634413,23.478562049308504],[109.47804123795203,23.559528825763245],[109.29664336485166,23.694067001236235],[109.11480774584619,23.828178729146742],[108.9325340265783,23.961864166498632],[108.74982186283968,24.09512346024082],[108.5367368399191,24.067647583699138],[108.32385277374543,24.039640568306137],[108.11117217915321,24.01110307824857],[107.90629873164062,24.14040728840936],[107.70095902192598,24.269191341818757],[107.49515334136818,24.397455297015952],[107.58603872373584,24.53612345649908],[107.6771911914582,24.674645077365973],[107.76861178694233,24.81302055213623],[107.68060634735532,24.9807367150519],[107.59230174815104,25.148304434790806],[107.50369643183063,25.31572455081726],[107.41478883092408,25.482997898516633],[107.35948710150038,25.691292006873816],[107.30393618228707,25.89946207361923],[107.51258790485942,25.95180637541679],[107.72154506908481,26.003649507127506],[107.69417002148595,26.156290207554626],[107.6667010064484,26.308875968861393],[107.63913752628885,26.461407563018632],[107.72533354424932,26.639166713035795],[107.8118563625352,26.81677533610012],[107.63537856295915,26.946143139190482],[107.45846699142186,27.07514153776515],[107.28112113816171,27.20377054160977],[107.10334050178518,27.332030152093033],[107.19627791169141,27.470202950084882],[107.28949929926249,27.608241406084517],[107.38300582212692,27.746145889659427],[107.56178920949355,27.821572718409115],[107.74091689400522,27.896634633344192],[107.92038817797541,27.971331033504228],[108.11856674682686,27.974620960860392],[108.31682707501842,27.977481705018707],[108.5151670180534,27.97991288675937],[108.71358442709578,27.981914131484853],[108.80174317437472,27.83216879638149],[108.88962568027138,27.682304448088967],[108.9772332457635,27.532320510199973],[109.15219275824501,27.662396117774875],[109.32768579926828,27.792099712266047],[109.50371330754776,27.921430862544536],[109.69930338746923,27.941260700243554],[109.89503966065107,27.96067025570838],[110.09092014674854,27.97965906609899],[110.0564152025097,28.14401997602862],[110.02178273190964,28.308325414159277],[109.9870219901045,28.472576367764976],[109.95213222650592,28.636773825793107],[109.99883954962996,28.82083572602757],[110.0457278123157,29.004823139341415],[110.09279819803078,29.188737464027863],[110.14005190042688,29.372580101005955],[110.28199161802199,29.46759177603713],[110.42425682481469,29.562373792472627],[110.56684784296561,29.6569258695977],[110.79939603300879,29.74295813164882],[111.03246694321795,29.828402068311725],[111.26605869431876,29.913256412026048],[111.53549592244345,29.886542092846245]],[[112.78194,28.907849],[112.745733,28.889304],[112.725127,28.882828],[112.703345,28.880473],[112.691276,28.882533],[112.675969,28.891658],[112.665666,28.894308],[112.65448,28.89313],[112.634463,28.886654],[112.624161,28.886654],[112.612975,28.89313],[112.597079,28.911087],[112.586482,28.914619],[112.525843,28.912853],[112.503177,28.906965],[112.483455,28.896368],[112.472857,28.880473],[112.473741,28.870759],[112.479333,28.849859],[112.476684,28.845738],[112.466381,28.844855],[112.433118,28.837495],[112.428997,28.834552],[112.425465,28.835729],[112.418106,28.845738],[112.415162,28.854569],[112.413985,28.873114],[112.411335,28.880473],[112.394262,28.89578],[112.351874,28.913441],[112.333329,28.924922],[112.319199,28.924627],[112.307425,28.908732],[112.303892,28.889598],[112.31655,28.880473],[112.31655,28.873702],[112.294178,28.860162],[112.282993,28.865754],[112.26798,28.951709],[112.26798,28.963189],[112.269746,28.973492],[112.281521,29.004106],[112.268274,29.024122],[112.263859,29.052087],[112.252673,29.076814],[112.220293,29.085939],[112.194389,29.072398],[112.1938,29.042667],[112.201159,29.007049],[112.199099,28.976141],[112.187913,28.967604],[112.172017,28.963483],[112.157593,28.956124],[112.151412,28.938168],[112.142287,28.934636],[112.089301,28.948765],[112.049562,28.949943],[112.029545,28.954358],[112.013649,28.975258],[111.996871,28.983794],[111.978326,28.987916],[111.966257,28.982911],[111.96243,28.950826],[112.001875,28.931398],[112.089301,28.914619],[112.123742,28.896663],[112.149351,28.89313],[112.159065,28.890187],[112.167602,28.884888],[112.17555,28.877235],[112.181143,28.873114],[112.185852,28.872819],[112.189385,28.871936],[112.192917,28.866343],[112.193212,28.861339],[112.186441,28.858395],[112.185264,28.853391],[112.188796,28.824249],[112.192917,28.811591],[112.202042,28.823366],[112.214111,28.835141],[112.227358,28.840145],[112.240604,28.832197],[112.233539,28.817773],[112.230301,28.804527],[112.233245,28.790692],[112.240604,28.790692],[112.248552,28.807765],[112.26121,28.825427],[112.266508,28.815418],[112.26798,28.811591],[112.27475,28.811591],[112.283287,28.825721],[112.287408,28.824543],[112.288291,28.816007],[112.288291,28.808353],[112.283581,28.795401],[112.27269,28.785099],[112.26327,28.773324],[112.26121,28.756545],[112.26798,28.756545],[112.272395,28.770969],[112.280343,28.773618],[112.29094,28.769792],[112.302715,28.763904],[112.296828,28.772147],[112.295062,28.780683],[112.296828,28.789514],[112.302715,28.798051],[112.312723,28.785982],[112.322437,28.770675],[112.329208,28.770675],[112.324204,28.783921],[112.302715,28.811591],[112.307719,28.828076],[112.312429,28.836024],[112.319494,28.839556],[112.32332,28.835141],[112.32597,28.825427],[112.331563,28.815713],[112.343043,28.811591],[112.338333,28.832197],[112.34216,28.867521],[112.336861,28.886654],[112.360116,28.881356],[112.380721,28.863694],[112.411335,28.825427],[112.456079,28.787454],[112.473446,28.781272],[112.504354,28.791575],[112.517306,28.787454],[112.536734,28.793047],[112.558223,28.820717],[112.575591,28.838379],[112.582655,28.815124],[112.585893,28.811591],[112.593252,28.811591],[112.600317,28.81012],[112.603849,28.801289],[112.603261,28.785982],[112.605321,28.780683],[112.61062,28.776856],[112.619156,28.781272],[112.650653,28.804527],[112.658307,28.811591],[112.659484,28.822483],[112.658012,28.836318],[112.659779,28.848093],[112.669198,28.853391],[112.688038,28.847798],[112.696869,28.848093],[112.700695,28.856335],[112.711292,28.867226],[112.78194,28.886654],[112.823151,28.90932],[112.842284,28.908732],[112.850232,28.883711],[112.842579,28.866638],[112.824328,28.861045],[112.801662,28.859278],[112.78194,28.853391],[112.775758,28.848976],[112.768988,28.841911],[112.766338,28.832786],[112.771343,28.821894],[112.781351,28.817184],[112.792537,28.818656],[112.804017,28.823072],[112.831099,28.830136],[112.846994,28.8425],[112.858769,28.860162],[112.864362,28.880473],[112.863184,28.891953],[112.859358,28.904316],[112.857297,28.915796],[112.878197,28.966133],[112.883201,28.987916],[112.903807,29.013525],[112.90469,29.031481],[112.885262,29.016175],[112.877314,28.997924],[112.871426,28.977318],[112.857591,28.95583],[112.847289,28.947882],[112.816086,28.935224],[112.78194,28.907849]],[[112.417811,29.160119],[112.432235,29.153348],[112.44872,29.147755],[112.459905,29.140691],[112.479628,29.130977],[112.497878,29.125972],[112.505532,29.114198],[112.494052,29.085939],[112.509653,29.091826],[112.519661,29.103306],[112.523194,29.118025],[112.520544,29.13392],[112.505237,29.155114],[112.500822,29.168655],[112.511125,29.174837],[112.54115,29.172776],[112.547037,29.179252],[112.548509,29.198975],[112.557046,29.235181],[112.557929,29.255493],[112.548509,29.271094],[112.522311,29.271683],[112.491402,29.254609],[112.462555,29.233415],[112.442244,29.223112],[112.411335,29.171304],[112.417811,29.160119]],[[113.015076,29.357637],[112.994176,29.364407],[112.979752,29.374121],[112.92294,29.427401],[112.912343,29.431817],[112.844051,29.483919],[112.826389,29.493044],[112.811376,29.495105],[112.795481,29.491278],[112.774286,29.483919],[112.774286,29.477149],[112.787827,29.478621],[112.791359,29.480092],[112.795775,29.483919],[112.804311,29.479798],[112.826094,29.475088],[112.83728,29.469495],[112.846994,29.459781],[112.852293,29.45095],[112.858769,29.444474],[112.870543,29.442414],[112.864362,29.4327],[112.853765,29.423869],[112.842284,29.417393],[112.833453,29.415038],[112.827861,29.409445],[112.827272,29.396199],[112.829627,29.370295],[112.83522,29.359403],[112.845522,29.367057],[112.852293,29.380303],[112.846994,29.387662],[112.851704,29.390606],[112.854942,29.394727],[112.861124,29.394727],[112.87437,29.383835],[112.886145,29.365585],[112.88379,29.3491],[112.832865,29.271977],[112.822268,29.250194],[112.816086,29.229294],[112.816086,29.202213],[112.83522,29.215459],[112.898802,29.284635],[112.944429,29.31937],[112.970922,29.333499],[112.997414,29.339386],[113.008011,29.334088],[113.015665,29.322019],[113.02008,29.307301],[113.021552,29.294643],[113.016254,29.278159],[113.004479,29.269033],[112.992704,29.262557],[112.987406,29.254021],[112.986228,29.170421],[112.993588,29.147461],[113.000358,29.1663],[113.008895,29.205156],[113.017725,29.219874],[113.029206,29.232827],[113.049222,29.267856],[113.055698,29.284635],[113.063058,29.36323],[113.065118,29.369411],[113.069239,29.377948],[113.071594,29.386485],[113.069239,29.393844],[113.061586,29.396493],[113.05246,29.393255],[113.045101,29.387956],[113.042158,29.383835],[113.033915,29.361169],[113.015076,29.357637]]]}},{"type":"Feature","properties":{"id":"southern-han","sourceRefs":["atlas-943-fixed-master"]},"geometry":{"type":"MultiPolygon","coordinates":[[[[108.663097,19.156236],[108.678966,19.152045],[108.683442,19.150051],[108.683442,19.156236],[108.676036,19.162177],[108.671886,19.173],[108.669932,19.194078],[108.66391,19.209621],[108.650076,19.212795],[108.634288,19.212551],[108.622081,19.217719],[108.621755,19.228095],[108.630707,19.237982],[108.63795,19.248969],[108.626964,19.27497],[108.631684,19.286282],[108.641124,19.294908],[108.649425,19.299628],[108.647309,19.303534],[108.644786,19.31037],[108.649669,19.311225],[108.662608,19.309719],[108.664561,19.314276],[108.663097,19.320502],[108.66684,19.325181],[108.677257,19.327582],[108.677257,19.334377],[108.669281,19.343736],[108.672537,19.351264],[108.679535,19.3581],[108.683442,19.365424],[108.686534,19.377875],[108.694347,19.380316],[108.714529,19.375922],[108.729177,19.377997],[108.752208,19.386949],[108.76295,19.388983],[108.770681,19.394355],[108.790294,19.423163],[108.798188,19.425849],[108.817882,19.439195],[108.827485,19.444241],[108.869802,19.457913],[108.903331,19.493354],[108.92449,19.506252],[108.937348,19.492011],[108.944835,19.492011],[108.944835,19.498847],[108.940766,19.514106],[108.956554,19.534613],[108.992686,19.567776],[109.002208,19.587226],[109.008474,19.597073],[109.01588,19.601264],[109.067068,19.60871],[109.078868,19.612738],[109.103363,19.626288],[109.118419,19.631171],[109.128917,19.640204],[109.132579,19.642239],[109.133556,19.643378],[109.156505,19.649644],[109.192068,19.678453],[109.205821,19.698432],[109.204926,19.718573],[109.211192,19.724799],[109.218516,19.722968],[109.243988,19.729926],[109.258962,19.731635],[109.272716,19.729397],[109.283214,19.724799],[109.300466,19.711127],[109.307384,19.711127],[109.298188,19.726793],[109.281586,19.74433],[109.274669,19.757229],[109.2942,19.759508],[109.2942,19.765692],[109.286794,19.765692],[109.286794,19.773179],[109.295746,19.774644],[109.300466,19.776842],[109.307384,19.786851],[109.297374,19.786851],[109.289236,19.787909],[109.281505,19.790188],[109.273204,19.793647],[109.260997,19.778713],[109.235606,19.762356],[109.210134,19.749742],[109.19752,19.745836],[109.181326,19.735989],[109.174815,19.730373],[109.170177,19.724799],[109.163341,19.724799],[109.167247,19.742743],[109.163341,19.790269],[109.16684,19.805487],[109.175548,19.814032],[109.186778,19.820014],[109.19752,19.827826],[109.200938,19.832587],[109.207367,19.843573],[109.211192,19.848293],[109.219493,19.854682],[109.224864,19.855536],[109.229503,19.855373],[109.235606,19.858832],[109.248709,19.868842],[109.25172,19.874701],[109.252696,19.885891],[109.255138,19.898342],[109.261567,19.900824],[109.270518,19.900092],[109.28004,19.902899],[109.303722,19.921698],[109.311371,19.919501],[109.31422,19.899848],[109.3213,19.892035],[109.337901,19.889879],[109.368826,19.889309],[109.395763,19.869534],[109.412608,19.861396],[109.427501,19.865383],[109.443614,19.872992],[109.455333,19.864936],[109.462657,19.849311],[109.465017,19.834052],[109.472423,19.834052],[109.479503,19.844184],[109.493988,19.850165],[109.511404,19.855048],[109.527029,19.861965],[109.53297,19.852607],[109.545095,19.853746],[109.561778,19.857408],[109.581716,19.855699],[109.581716,19.861965],[109.529307,19.875474],[109.520193,19.882473],[109.515636,19.905219],[109.525401,19.911851],[109.554454,19.910346],[109.557465,19.917304],[109.552257,19.927476],[109.544607,19.933336],[109.540782,19.927151],[109.537364,19.924465],[109.530935,19.930121],[109.52589,19.940375],[109.527029,19.951361],[109.581391,19.984809],[109.595714,19.99315],[109.611664,19.99787],[109.626313,19.997952],[109.636241,19.992336],[109.642589,19.992336],[109.65211,20.002183],[109.668142,20.006903],[109.686697,20.00788],[109.7046,20.006578],[109.712901,20.010077],[109.719005,20.010647],[109.725597,20.006578],[109.728363,19.99787],[109.7199,19.985297],[109.725597,19.978664],[109.725597,19.971829],[109.722179,19.966132],[109.71811,19.957506],[109.725597,19.957506],[109.737559,19.978095],[109.763682,19.974351],[109.807628,19.951361],[109.810557,19.965522],[109.811697,19.981838],[109.815929,19.991197],[109.827973,19.984849],[109.835134,19.973334],[109.838552,19.958441],[109.83839,19.943264],[109.83546,19.930854],[109.854666,19.941352],[109.870372,19.953355],[109.880382,19.967597],[109.883311,19.984849],[109.895274,19.985175],[109.914806,19.99022],[109.920909,19.988593],[109.926606,19.98432],[109.929454,19.986151],[109.931326,19.990139],[109.934581,19.992336],[109.942638,19.990912],[109.94337,19.987454],[109.942231,19.982896],[109.944672,19.978664],[109.957205,19.967271],[109.972423,19.948188],[109.975597,19.932278],[109.951508,19.930854],[109.959972,19.917792],[109.973806,19.908922],[109.990082,19.905951],[110.006196,19.910346],[110.006196,19.916571],[109.992198,19.92536],[110.001231,19.932847],[110.014659,19.940863],[110.013682,19.957506],[110.050304,19.974066],[110.068207,19.978664],[110.076345,19.979153],[110.08961,19.978095],[110.10255,19.973944],[110.109874,19.964993],[110.122732,19.974311],[110.136892,19.996731],[110.149587,20.006578],[110.138845,20.002631],[110.123302,19.989691],[110.115489,19.984849],[110.104991,19.982978],[110.068207,19.984849],[110.114919,20.001939],[110.129731,20.012763],[110.137462,20.024359],[110.149669,20.055813],[110.156993,20.067369],[110.171153,20.060777],[110.208669,20.049506],[110.222179,20.047512],[110.232595,20.044501],[110.245128,20.038316],[110.260997,20.033149],[110.280528,20.033271],[110.295177,20.039374],[110.316905,20.057359],[110.324962,20.061225],[110.344737,20.058051],[110.358897,20.049791],[110.368988,20.038642],[110.37672,20.026435],[110.37672,20.020209],[110.368175,20.007799],[110.375173,19.996772],[110.397227,19.978664],[110.402517,19.964342],[110.406505,19.93594],[110.410899,19.923407],[110.417735,19.923407],[110.414399,19.932074],[110.413341,19.934312],[110.410899,19.93769],[110.410899,19.943915],[110.417735,19.943915],[110.417735,19.951361],[110.414561,19.957994],[110.409434,19.980048],[110.407074,19.984849],[110.397146,19.987047],[110.390636,19.993069],[110.386485,20.001899],[110.382986,20.012763],[110.383311,20.014146],[110.378184,20.039862],[110.37672,20.04385],[110.375011,20.063625],[110.376475,20.071967],[110.382986,20.081041],[110.424571,20.047512],[110.431163,20.050605],[110.470225,20.031806],[110.495942,20.023505],[110.527599,20.020209],[110.527599,20.012763],[110.520763,20.012763],[110.520763,20.006578],[110.535655,19.999579],[110.550548,19.988471],[110.564138,19.984524],[110.57545,19.999172],[110.580333,19.979722],[110.598643,19.943996],[110.602712,19.927151],[110.605805,19.923163],[110.612966,19.925727],[110.619884,19.932359],[110.62322,19.940741],[110.621349,19.950019],[110.618419,19.957221],[110.617849,19.963935],[110.62322,19.971829],[110.609141,19.989895],[110.606456,20.007636],[110.600922,20.021064],[110.578868,20.026435],[110.570811,20.030666],[110.57016,20.040269],[110.572276,20.050727],[110.572032,20.057522],[110.566173,20.069525],[110.569347,20.079779],[110.59311,20.107327],[110.604177,20.110826],[110.640147,20.108344],[110.652029,20.117011],[110.670746,20.154975],[110.677908,20.16356],[110.685069,20.153306],[110.710948,20.075181],[110.724457,20.06387],[110.752778,20.047512],[110.774669,20.020209],[110.788341,20.010403],[110.869884,19.997016],[110.890147,19.999172],[110.893077,20.001654],[110.893809,20.004381],[110.896332,20.004584],[110.904307,19.999172],[110.920665,20.01203],[110.934581,19.995063],[110.977061,19.865871],[110.983165,19.807766],[110.996837,19.749172],[111.000011,19.721666],[110.994395,19.694281],[110.996593,19.686591],[111.010509,19.683783],[111.016368,19.678046],[111.034679,19.642239],[111.020356,19.635972],[111.009125,19.64175],[110.993337,19.643012],[110.977306,19.640774],[110.965831,19.635972],[110.913585,19.583686],[110.887706,19.550605],[110.876475,19.539781],[110.858653,19.534817],[110.842784,19.539944],[110.829845,19.552069],[110.821788,19.567776],[110.818533,19.591051],[110.825694,19.603258],[110.841156,19.607978],[110.862641,19.60871],[110.847667,19.622463],[110.826427,19.621772],[110.806326,19.612738],[110.794444,19.601264],[110.803559,19.589179],[110.812999,19.563381],[110.821788,19.554104],[110.807384,19.530585],[110.802501,19.517401],[110.800629,19.495429],[110.796235,19.484605],[110.785492,19.47191],[110.772309,19.461656],[110.760265,19.457913],[110.760265,19.451646],[110.764496,19.440823],[110.757579,19.430894],[110.745128,19.422675],[110.732432,19.416938],[110.724376,19.415961],[110.706228,19.41828],[110.698253,19.416938],[110.694998,19.411811],[110.685802,19.393052],[110.681488,19.388983],[110.669688,19.381741],[110.670665,19.365058],[110.676036,19.346747],[110.677908,19.334377],[110.666026,19.31977],[110.641368,19.312445],[110.636729,19.296536],[110.63266,19.264472],[110.621593,19.230658],[110.606293,19.199856],[110.589041,19.176703],[110.580333,19.155178],[110.575857,19.15705],[110.568614,19.163072],[110.549083,19.15176],[110.544444,19.150051],[110.510102,19.150051],[110.502208,19.153144],[110.496918,19.159898],[110.490489,19.166571],[110.479177,19.169257],[110.479177,19.163072],[110.489757,19.152981],[110.497569,19.141547],[110.507335,19.132229],[110.524181,19.128323],[110.535655,19.132229],[110.541515,19.138617],[110.546235,19.139879],[110.554942,19.128323],[110.556814,19.120022],[110.554942,19.087348],[110.562348,19.102362],[110.57545,19.150051],[110.582286,19.150051],[110.569998,19.100898],[110.567231,19.065579],[110.563243,19.05565],[110.547537,19.040188],[110.530772,19.018378],[110.518077,18.993476],[110.509939,18.964342],[110.507091,18.930325],[110.508067,18.922187],[110.51238,18.91352],[110.513357,18.906399],[110.509125,18.897773],[110.500011,18.895738],[110.490896,18.895657],[110.486583,18.892483],[110.483897,18.887193],[110.477712,18.88524],[110.47047,18.884263],[110.465587,18.881903],[110.463145,18.875149],[110.461274,18.856024],[110.458751,18.848334],[110.454356,18.844468],[110.441091,18.836493],[110.434581,18.83039],[110.431488,18.821479],[110.435802,18.814154],[110.441905,18.808254],[110.445079,18.803656],[110.450938,18.804999],[110.465017,18.804511],[110.480805,18.800971],[110.492849,18.793118],[110.500824,18.802924],[110.502452,18.811225],[110.499685,18.837551],[110.493419,18.862616],[110.493663,18.876044],[110.503429,18.881903],[110.51002,18.868598],[110.534434,18.785631],[110.519054,18.783108],[110.507172,18.783515],[110.498546,18.781643],[110.492849,18.77204],[110.486583,18.77204],[110.469005,18.777167],[110.450369,18.756537],[110.424571,18.703762],[110.431,18.69245],[110.426768,18.680894],[110.416026,18.670559],[110.403494,18.662787],[110.388682,18.675035],[110.344493,18.664618],[110.335216,18.673326],[110.345388,18.680854],[110.368663,18.68594],[110.410899,18.690131],[110.410899,18.697496],[110.403494,18.703762],[110.397227,18.703762],[110.380138,18.690497],[110.327322,18.679348],[110.307872,18.662787],[110.301036,18.662787],[110.270844,18.668158],[110.227224,18.642157],[110.156993,18.580797],[110.121104,18.555813],[110.103282,18.539374],[110.088145,18.50434],[110.070649,18.502021],[110.03419,18.511949],[110.03419,18.505764],[110.046153,18.495917],[110.074067,18.489081],[110.08253,18.477769],[110.081309,18.464545],[110.069835,18.426988],[110.068207,18.408922],[110.061371,18.408922],[110.06072,18.429592],[110.053233,18.440619],[110.044607,18.440131],[110.040294,18.425971],[110.044444,18.411363],[110.051117,18.399644],[110.052582,18.390204],[110.040294,18.38227],[110.026215,18.380601],[109.995128,18.38231],[109.968598,18.389838],[109.968598,18.405504],[109.975922,18.406643],[109.987071,18.403998],[110.000336,18.403022],[110.013682,18.408922],[110.019867,18.41767],[110.023448,18.429389],[110.023936,18.44123],[110.020518,18.450507],[110.017345,18.444973],[110.009288,18.434801],[110.006196,18.429389],[110.003184,18.43358],[109.992524,18.443061],[109.992361,18.439643],[109.992849,18.432766],[109.992524,18.429389],[109.981944,18.435492],[109.977387,18.431464],[109.973643,18.423082],[109.96518,18.416327],[109.958018,18.414374],[109.954112,18.414252],[109.948741,18.415229],[109.915375,18.416815],[109.898285,18.414252],[109.882091,18.407538],[109.83546,18.38227],[109.825206,18.385891],[109.821544,18.391669],[109.819591,18.397773],[109.814464,18.402086],[109.795665,18.405178],[109.776215,18.404039],[109.759044,18.400377],[109.746104,18.395901],[109.750011,18.373603],[109.726573,18.303778],[109.731781,18.273017],[109.717784,18.273098],[109.71339,18.279853],[109.711599,18.287991],[109.7046,18.292222],[109.696788,18.289862],[109.670421,18.273017],[109.670421,18.26557],[109.686209,18.267646],[109.694021,18.267157],[109.711925,18.258734],[109.717784,18.25845],[109.734548,18.259996],[109.739268,18.258734],[109.741466,18.2508],[109.738536,18.243232],[109.731781,18.234198],[109.728038,18.224677],[109.719005,18.21483],[109.708751,18.207221],[109.701182,18.204088],[109.690684,18.209174],[109.684337,18.221137],[109.677257,18.245063],[109.663748,18.237616],[109.62908,18.227362],[109.621918,18.220852],[109.619151,18.217271],[109.60613,18.208889],[109.602061,18.204088],[109.603526,18.198798],[109.613048,18.183051],[109.615733,18.176174],[109.601329,18.18122],[109.587657,18.181586],[109.57602,18.177476],[109.56805410290868,18.16934830810817],[109.56123286843155,18.169478240784414],[109.562511,18.176988],[109.568044,18.193183],[109.565766,18.201361],[109.561209,18.205797],[109.556488,18.209215],[109.554454,18.214057],[109.553233,18.217678],[109.548595,18.217678],[109.547618,18.220852],[109.549653,18.225531],[109.554454,18.228827],[109.559093,18.230536],[109.561209,18.23078],[109.563324,18.238023],[109.566254,18.242987],[109.56658,18.248847],[109.561209,18.258734],[109.552257,18.244778],[109.538829,18.236762],[109.529552,18.227688],[109.533946,18.210354],[109.510753,18.213609],[109.478689,18.192694],[109.465017,18.204088],[109.478038,18.212795],[109.484711,18.221503],[109.492686,18.228095],[109.509613,18.23078],[109.510265,18.238593],[109.506521,18.252753],[109.500173,18.259508],[109.492931,18.245063],[109.480724,18.264797],[109.462738,18.27969],[109.439952,18.288967],[109.333507,18.304267],[109.21811,18.30565],[109.190603,18.299709],[109.173106,18.288153],[109.162608,18.287828],[109.149669,18.299709],[109.143891,18.314154],[109.142345,18.328681],[109.139496,18.340725],[109.129161,18.34748],[109.135997,18.361151],[109.122081,18.358222],[109.111176,18.361274],[109.101573,18.366034],[109.091645,18.368598],[109.000743,18.367174],[108.990896,18.36872],[108.979015,18.374823],[108.967784,18.384467],[108.960948,18.393866],[108.95281,18.402289],[108.937348,18.408922],[108.885916,18.426663],[108.875987,18.433173],[108.868663,18.443834],[108.831065,18.468695],[108.823238554656,18.472635243882074],[108.78895525652385,18.586992625577626],[108.72773799447563,18.790215777864425],[108.6662838742435,18.993249125429692],[108.63020238567752,19.111885344461317],[108.644298,19.124172],[108.656912,19.139797],[108.663097,19.156236]]],[[[110.457286,20.586859],[110.451671,20.589179],[110.44809,20.596259],[110.43922,20.629462],[110.435802,20.638495],[110.426606,20.64289],[110.417654,20.654771],[110.422048,20.662258],[110.430024,20.662014],[110.43336,20.663764],[110.43336,20.667426],[110.437022,20.667914],[110.442638,20.66352],[110.44752,20.658352],[110.462738,20.654771],[110.471365,20.647366],[110.476329,20.631578],[110.478038,20.610785],[110.475841,20.595933],[110.471202,20.592597],[110.464854,20.590766],[110.457286,20.586859]]],[[[110.630382,20.925767],[110.624522,20.915188],[110.609548,20.897284],[110.589203,20.88349],[110.575694,20.888821],[110.563487,20.903469],[110.547537,20.917711],[110.57488,20.947455],[110.58961,20.959377],[110.602712,20.964911],[110.595876,20.958726],[110.60613,20.953843],[110.617931,20.952379],[110.62794,20.948635],[110.632498,20.936672],[110.630382,20.925767]]],[[[110.43214,21.057278],[110.444102,21.059963],[110.458751,21.061103],[110.451915,21.061103],[110.47283,21.061672],[110.48406,21.067857],[110.492931,21.075995],[110.507091,21.082221],[110.526378,21.082099],[110.538829,21.073065],[110.545584,21.057359],[110.547537,21.037258],[110.543793,21.022773],[110.526866,20.989203],[110.520763,20.972357],[110.522227,20.962592],[110.525645,20.951077],[110.526052,20.941596],[110.516938,20.937649],[110.507986,20.940375],[110.502696,20.947496],[110.500173,20.957506],[110.499685,20.968655],[110.493012,20.977973],[110.476899,20.990424],[110.457693,21.001207],[110.441417,21.005845],[110.363048,21.005845],[110.333669,20.996283],[110.298676,20.980658],[110.266612,20.972642],[110.24586,20.986029],[110.261892,20.992987],[110.265391,21.00434],[110.259288,21.016995],[110.24586,21.027574],[110.264822,21.033108],[110.275076,21.034329],[110.287364,21.03384],[110.287364,21.040595],[110.276378,21.041164],[110.270681,21.044867],[110.269542,21.051581],[110.273123,21.061103],[110.290212,21.054267],[110.309906,21.052924],[110.326915,21.05744],[110.335216,21.06859],[110.322113,21.064032],[110.307953,21.060858],[110.295421,21.063056],[110.287364,21.074449],[110.342621,21.074652],[110.371349,21.080959],[110.389822,21.095893],[110.400401,21.06391],[110.408214,21.048245],[110.417735,21.040595],[110.423188,21.051418],[110.43214,21.057278]]],[[[109.136241,21.051011],[109.127696,21.032172],[109.112559,21.027086],[109.105235,21.024482],[109.100922,21.021186],[109.095958,21.02204],[109.090505,21.041938],[109.099864,21.060696],[109.122732,21.065416],[109.136241,21.051011]]],[[[110.616954,21.191474],[110.599457,21.17829],[110.576915,21.130927],[110.565196,21.112616],[110.543224,21.104967],[110.520681,21.111802],[110.50587,21.126858],[110.507091,21.143704],[110.496593,21.146308],[110.489024,21.150092],[110.483572,21.155829],[110.479177,21.16413],[110.472911,21.16413],[110.479177,21.150458],[110.461436,21.151068],[110.449474,21.156236],[110.445323,21.165676],[110.451915,21.178453],[110.44337,21.177883],[110.426117,21.179104],[110.417735,21.178453],[110.417735,21.184638],[110.434337,21.186591],[110.444835,21.193793],[110.452647,21.201483],[110.462169,21.205146],[110.487804,21.208645],[110.499848,21.206285],[110.496267,21.195217],[110.470958,21.193671],[110.46339,21.190741],[110.479177,21.184638],[110.492931,21.183905],[110.504161,21.18769],[110.526378,21.200832],[110.532237,21.203315],[110.537852,21.204495],[110.543224,21.204169],[110.549653,21.20246],[110.566173,21.193345],[110.568614,21.191474],[110.555431,21.176825],[110.550059,21.168443],[110.547537,21.156724],[110.554942,21.156724],[110.577322,21.190985],[110.594005,21.202786],[110.616954,21.19892],[110.616954,21.191474]]],[[[107.982595,21.2355],[107.979666,21.229438],[107.973318,21.22781],[107.961843,21.228868],[107.953624,21.233629],[107.9546,21.239569],[107.968842,21.24433],[107.974946,21.24494],[107.980968,21.242214],[107.982595,21.2355]]],[[[107.944184,21.368109],[107.936209,21.37641],[107.929942,21.37641],[107.922374,21.372626],[107.85746908538162,21.35145603027121],[107.85793412529632,21.36139263678306],[107.859386,21.364081],[107.865245,21.370103],[107.872813,21.374213],[107.85856970853418,21.374973278659525],[107.85908159580666,21.385910882603255],[107.860118,21.386217],[107.868663,21.390082],[107.998302,21.403754],[107.998302,21.397528],[107.959483,21.373847],[107.944184,21.368109]]],[[[108.177013,21.530056],[108.128835,21.518704],[108.126557,21.520413],[108.129568,21.523708],[108.142263,21.529283],[108.160004,21.544176],[108.172781,21.546169],[108.181814,21.54149],[108.182709,21.53498],[108.177013,21.530056]]],[[[111.816905,21.571357],[111.822439,21.5751],[111.842052,21.606838],[111.845063,21.623969],[111.835297,21.643948],[111.847179,21.647406],[111.8838,21.650133],[111.896007,21.653957],[111.915863,21.662746],[111.928233,21.664455],[111.931407,21.662299],[111.934337,21.657457],[111.938487,21.652574],[111.94516,21.650133],[111.950938,21.651109],[111.955821,21.656399],[111.962657,21.65762],[111.989513,21.657782],[111.999848,21.653998],[112.007335,21.643948],[112.007335,21.636542],[111.999848,21.621161],[111.981456,21.612047],[111.929047,21.601874],[111.91977,21.601874],[111.909679,21.600531],[111.897472,21.595526],[111.888194,21.588935],[111.871104,21.573228],[111.863292,21.568264],[111.822439,21.561998],[111.809337,21.565497],[111.810069,21.568345],[111.816905,21.571357]]],[[[112.620128,21.704495],[112.645356,21.712836],[112.654552,21.698472],[112.651378,21.6883],[112.643321,21.678168],[112.63795,21.664455],[112.649913,21.649319],[112.650401,21.640448],[112.62379,21.633287],[112.616466,21.619208],[112.607188,21.616034],[112.579926,21.615546],[112.567149,21.617621],[112.555919,21.62344],[112.549083,21.6164],[112.539236,21.598944],[112.534923,21.595526],[112.525401,21.598863],[112.519298,21.606676],[112.51824,21.616767],[112.524262,21.626899],[112.559825,21.648383],[112.567882,21.660631],[112.555919,21.678127],[112.57781,21.68301],[112.620128,21.704495]]],[[[112.812511,21.717108],[112.797537,21.705878],[112.800466,21.689765],[112.80714,21.671291],[112.810557,21.65762],[112.803233,21.63817],[112.794444,21.623114],[112.793468,21.608222],[112.810557,21.589301],[112.799653,21.579088],[112.790212,21.577582],[112.764903,21.581855],[112.761485,21.583686],[112.758311,21.58808],[112.756114,21.593736],[112.753673,21.607367],[112.749685,21.608791],[112.743907,21.608791],[112.737153,21.612616],[112.734386,21.62873],[112.767589,21.663479],[112.774425,21.691718],[112.759613,21.686347],[112.736664,21.681098],[112.715587,21.680243],[112.706228,21.688381],[112.711681,21.702541],[112.724376,21.715806],[112.747813,21.733344],[112.764903,21.731757],[112.777517,21.77265],[112.795665,21.766832],[112.807628,21.772773],[112.821137,21.774807],[112.850271,21.774319],[112.844005,21.774319],[112.862559,21.769436],[112.868175,21.757554],[112.862559,21.745592],[112.831798,21.735907],[112.820567,21.726508],[112.812511,21.717108]]],[[[108.570893,21.777533],[108.574229,21.775295],[108.577403,21.771145],[108.577403,21.76321],[108.576345,21.759101],[108.572602,21.759426],[108.569672,21.765774],[108.569509,21.769477],[108.565522,21.77383],[108.570893,21.777533]]],[[[113.187673,21.869045],[113.190929,21.863349],[113.187999,21.856635],[113.180024,21.850328],[113.173269,21.849148],[113.165538,21.853339],[113.148692,21.842597],[113.131196,21.850369],[113.135671,21.864976],[113.146332,21.862454],[113.151052,21.868964],[113.155935,21.872748],[113.160655,21.870429],[113.167166,21.864488],[113.175873,21.862128],[113.18157,21.866848],[113.187673,21.869045]]],[[[113.038829,21.865627],[113.034516,21.855292],[113.020518,21.854844],[113.017345,21.849514],[113.012462,21.852607],[113.003754,21.869534],[113.010916,21.876207],[113.024669,21.880845],[113.03533,21.878445],[113.038829,21.865627]]],[[[113.22169,21.91413],[113.2317,21.934475],[113.247732,21.943183],[113.25766,21.946601],[113.267833,21.943305],[113.275157,21.931545],[113.278005,21.925035],[113.280935,21.922838],[113.285655,21.918118],[113.283702,21.91352],[113.278656,21.907375],[113.275157,21.897528],[113.267751,21.886461],[113.258474,21.880439],[113.250743,21.883205],[113.23463,21.893459],[113.229747,21.898749],[113.225841,21.900824],[113.22169,21.91413]]],[[[113.188162,21.959988],[113.182791,21.960476],[113.180349,21.964423],[113.180024,21.970771],[113.192393,22.033759],[113.200043,22.038438],[113.239513,22.038072],[113.243988,22.039293],[113.249115,22.038357],[113.249197,22.03384],[113.239513,22.023301],[113.242117,22.018175],[113.246349,22.013292],[113.248709,22.008124],[113.249034,22.004747],[113.237641,22.002468],[113.231781,22.002956],[113.223318,22.000556],[113.201589,21.988756],[113.198253,21.980048],[113.200206,21.975328],[113.196137,21.96719],[113.188162,21.959988]]],[[[113.309418,22.024115],[113.343598,22.068508],[113.352794,22.073147],[113.363292,22.075995],[113.372732,22.080146],[113.377778,22.089016],[113.38266,22.089586],[113.384044,22.088121],[113.384044,22.085395],[113.385265,22.08218],[113.387218,22.078192],[113.389903,22.074693],[113.393565,22.071601],[113.398936,22.068508],[113.412608,22.075995],[113.41033,22.063544],[113.391449,22.027533],[113.398936,22.021918],[113.401622,22.018459],[113.40268,22.01435],[113.405772,22.007025],[113.323497,22.011949],[113.309418,22.024115]]],[[[113.518891,22.127265],[113.52711,22.125881],[113.532725,22.120307],[113.530935,22.112942],[113.52711,22.106106],[113.532563,22.095364],[113.547618,22.092597],[113.53891,22.082099],[113.484711,22.071357],[113.470225,22.077623],[113.473969,22.088121],[113.473481,22.098538],[113.465994,22.101508],[113.464854,22.10814],[113.471528,22.114081],[113.518891,22.127265]]],[[[113.279145,22.123196],[113.289724,22.125474],[113.298676,22.128567],[113.302745,22.133979],[113.30421,22.141832],[113.308442,22.148627],[113.314952,22.153998],[113.32309,22.157904],[113.327973,22.145819],[113.33546,22.148871],[113.347179,22.15644],[113.364757,22.157904],[113.354015,22.130845],[113.336192,22.100491],[113.31365,22.076402],[113.289073,22.068508],[113.279145,22.074693],[113.268809,22.088324],[113.264171,22.104926],[113.271739,22.120022],[113.279145,22.123196]]],[[[107.29351678801294,22.62012542561317],[107.17569620129007,22.790097609048686],[107.0574928196465,22.95983335130346],[106.93890489154062,23.12933342970516],[106.75345066113509,23.193647543998882],[106.5678215004831,23.257550889066344],[106.38201878105303,23.321043543440542],[106.19604388261992,23.38412558611099],[106.03294384163816,23.521662870962444],[105.86943498516781,23.65885009201247],[105.70551656654835,23.795687468133146],[105.55864026573308,23.960370550611795],[105.41130288604936,24.124746825418587],[105.26350266784097,24.288816838578914],[105.20757162536246,24.434995692353954],[105.15147051383826,24.581090810108496],[105.09519852341388,24.72710279712283],[105.22480073221698,24.866725117312455],[105.35480270500359,25.00609869609052],[105.48520570229402,25.145223678248993],[105.67587941380673,25.127002153765],[105.86654980091149,25.108367534833977],[106.0572149594597,25.089319565496123],[106.24787298597647,25.069857993419152],[106.42001359684186,25.133675536547855],[106.59243550968095,25.197140217750167],[106.765137884095,25.260251537650944],[106.96642899092237,25.171748527969847],[107.16742321069117,25.082773903013884],[107.36811925997172,24.99332768541965],[107.56851587005457,24.9034098956962],[107.76861178694233,24.81302055213623],[107.6771911914582,24.674645077365973],[107.58603872373584,24.53612345649908],[107.49515334136818,24.397455297015952],[107.70095902192598,24.269191341818757],[107.90629873164062,24.14040728840936],[108.11117217915321,24.01110307824857],[108.32385277374543,24.039640568306137],[108.5367368399191,24.067647583699138],[108.74982186283968,24.09512346024082],[108.9325340265783,23.961864166498632],[109.11480774584619,23.828178729146742],[109.29664336485166,23.694067001236235],[109.47804123795203,23.559528825763245],[109.66255051634413,23.478562049308504],[109.8468174895474,23.397181828106707],[110.03084109756362,23.315388133442813],[110.21462029083305,23.233180935042984],[110.38722366207324,23.28934861153465],[110.56007040299389,23.345154630030606],[110.73315951119464,23.40059855543935],[110.89522425855967,23.311825703214218],[111.0570441851003,23.22272434598041],[111.21861885055898,23.13329445550493],[111.29420442565998,23.283110687654347],[111.3700203633596,23.432799013029392],[111.44606770282348,23.582360035329753],[111.52234748895833,23.73179435520564],[111.7000232057389,23.821107274791903],[111.87806718005602,23.9100290144632],[112.05647893120603,23.998559081823455],[112.25139489608542,24.030466161799854],[112.44649610699736,24.061926945206714],[112.64178067790434,24.092940937588512],[112.83724671267312,24.12350764746099],[113.01138546154309,24.152689694540335],[113.18567334875607,24.181516324529262],[113.36010903633284,24.209987187998763],[113.47889683849459,24.36000544384327],[113.59806241245674,24.509806578557654],[113.71760722704829,24.65939096070817],[113.83753275612159,24.80875895188079],[113.95784047854579,24.95791090669834],[114.15884800779327,25.012195073389822],[114.36013697614922,25.066008943793587],[114.56170562889812,25.11935189275768],[114.7635521955914,25.17222329659035],[114.95823389868065,25.05700632902135],[115.1525121658342,24.941319481726925],[115.34638652932891,24.82516277178737],[115.53985653692041,24.708536209225052],[115.7329217517462,24.591439796907824],[115.83791026142798,24.46586667783568],[115.94264730120494,24.34012422507132],[116.04713361729594,24.214212153393575],[116.18839518151076,24.300756174490207],[116.32992946532649,24.38705320434603],[116.47173649249551,24.473103028672973],[116.66157866801338,24.386963499240927],[116.85114063703247,24.300381782970042],[117.04042128645354,24.21335791419646],[117.22941951600319,24.12589192513338],[117.44595668853731,24.124395631304957],[117.66254918259993,24.12235165417173],[117.87919413951751,24.119759628086687],[117.89988727779588,24.09543206690326],[117.895763,24.086615],[117.893647,24.07331],[117.8956,24.060981],[117.898692,24.050523],[117.899425,24.040188],[117.893647,24.028022],[117.862315,24.035224],[117.839122,24.023627],[117.798106,23.980211],[117.771983,23.95893],[117.765473,23.947333],[117.763276,23.929348],[117.758637,23.915473],[117.748057,23.907538],[117.736583,23.908108],[117.729259,23.919379],[117.737885,23.950507],[117.791352,24.001532],[117.798106,24.021796],[117.786469,24.028144],[117.761729,24.014838],[117.757091,24.024888],[117.769786,24.031317],[117.776134,24.037299],[117.774181,24.045396],[117.770274,24.051459],[117.763276,24.070258],[117.757091,24.070258],[117.750011,24.037299],[117.724132,24.033759],[117.692231,24.046536],[117.667084,24.06273],[117.67099,24.048],[117.679698,24.039049],[117.692231,24.035224],[117.708751,24.035468],[117.688487,23.997504],[117.687266,23.979071],[117.695079,23.953559],[117.671565,23.931411],[117.648633,23.909234],[117.6336,23.874158],[117.625536,23.840153],[117.626008,23.812233],[117.639269,23.794102],[117.619395,23.774807],[117.612559,23.762681],[117.591669,23.737064],[117.589525,23.756154],[117.587462,23.77778],[117.602012,23.798949],[117.600108,23.83397],[117.598155,23.852444],[117.592052,23.870998],[117.582367,23.889309],[117.571056,23.903266],[117.556733,23.913235],[117.537364,23.919379],[117.47462,23.920966],[117.454845,23.925605],[117.430186,23.943752],[117.416596,23.946845],[117.407074,23.933051],[117.409679,23.913398],[117.427094,23.910386],[117.449799,23.913479],[117.468516,23.911933],[117.499596,23.874072],[117.490073,23.832579],[117.463477,23.788287],[117.434331,23.775922],[117.382416,23.795233],[117.368907,23.792629],[117.360932,23.785956],[117.354584,23.777411],[117.345551,23.768541],[117.319102,23.761623],[117.303966,23.77558],[117.292572,23.789496],[117.277354,23.782213],[117.292328,23.762152],[117.285737,23.746772],[117.271921,23.721306],[117.276242,23.687743],[117.267965,23.679792],[117.263649,23.655425],[117.279122,23.636268],[117.257093,23.615616],[117.238964,23.605473],[117.235964,23.624311],[117.235538,23.639819],[117.24409,23.657548],[117.235606,23.671454],[117.229503,23.692816],[117.22519,23.684719],[117.208507,23.664944],[117.217181,23.652511],[117.22041,23.640201],[117.219201,23.629628],[117.185883,23.621039],[117.174653,23.61636],[117.15083,23.606867],[117.12846,23.572354],[117.099464,23.55431],[117.084228,23.550606],[117.078407,23.564611],[117.080468,23.574347],[117.08356,23.58895],[117.076003,23.604627],[117.07919,23.622489],[117.077881,23.63883],[117.068413,23.651273],[117.057798,23.653965],[117.044444,23.655666],[117.034272,23.661322],[117.023448,23.658677],[117.018321,23.647895],[117.009502,23.644542],[116.985356,23.640228],[116.965072,23.615438],[116.950705,23.610883],[116.927582,23.624742],[116.917572,23.637926],[116.940929,23.658677],[116.927501,23.664496],[116.916515,23.662746],[116.908946,23.654608],[116.906098,23.641303],[116.900727,23.634263],[116.877452,23.618354],[116.872081,23.606879],[116.874278,23.598619],[116.879161,23.593573],[116.884044,23.586615],[116.886241,23.573065],[116.883311,23.559638],[116.875499,23.547065],[116.854991,23.524888],[116.849701,23.511298],[116.854259,23.497382],[116.872621,23.473807],[116.866628,23.450233],[116.773224,23.349432],[116.75294,23.350246],[116.746567,23.349207],[116.73241,23.351132],[116.712989,23.355629],[116.692882,23.359931],[116.680756,23.357001],[116.657844,23.354452],[116.621918,23.369127],[116.56894,23.391018],[116.557872,23.40176],[116.553477,23.414252],[116.543224,23.42121],[116.531749,23.422553],[116.523204,23.418524],[116.521739,23.4112],[116.523204,23.377509],[116.533214,23.361884],[116.552257,23.341498],[116.573009,23.323676],[116.587983,23.316107],[116.608409,23.320461],[116.641889,23.318835],[116.660976,23.337223],[116.69124,23.338977],[116.709414,23.31977],[116.727074,23.316116],[116.730112,23.330754],[116.748635,23.326288],[116.765631,23.297351],[116.768528,23.272821],[116.77711,23.240383],[116.786179,23.235723],[116.794269,23.239622],[116.804822,23.236122],[116.783946,23.212388],[116.754161,23.233385],[116.731293,23.257717],[116.705577,23.276597],[116.667247,23.281317],[116.67921,23.271389],[116.695079,23.265692],[116.708995,23.258531],[116.715099,23.243801],[116.705502,23.238344],[116.689308,23.229731],[116.671166,23.214639],[116.661748,23.193648],[116.646755,23.162991],[116.637021,23.164018],[116.629296,23.17397],[116.615216,23.178349],[116.613772,23.190607],[116.616754,23.20277],[116.618148,23.221479],[116.61151,23.23873],[116.588585,23.244934],[116.569976,23.246973],[116.516856,23.235175],[116.508881,23.234117],[116.509288,23.216376],[116.526988,23.200621],[116.541429,23.210105],[116.553158,23.216373],[116.563975,23.222968],[116.574555,23.224107],[116.602949,23.217738],[116.604504,23.209557],[116.601496,23.196581],[116.569916,23.177692],[116.545121,23.144775],[116.533648,23.109135],[116.551656,23.086724],[116.548496,23.066402],[116.554846,23.036094],[116.56325,23.018774],[116.547852,23.006039],[116.521936,22.998411],[116.518474,22.967456],[116.494688,22.939352],[116.45851,22.94742],[116.42629,22.937425],[116.379607,22.928984],[116.353038,22.938056],[116.338251,22.951857],[116.298487,22.963247],[116.289064,22.978943],[116.26226,22.973737],[116.234711,22.980414],[116.213634,22.982815],[116.20102,22.973456],[116.234874,22.960273],[116.252289,22.959052],[116.269379,22.96662],[116.281458,22.957857],[116.246181,22.93159],[116.221009,22.91901],[116.214563,22.908522],[116.200088,22.896555],[116.170989,22.864465],[116.14491,22.847823],[116.129651,22.839135],[116.113561,22.83291],[116.09569,22.8259],[116.084672,22.849765],[116.091253,22.86841],[116.123721,22.894729],[116.087006,22.906562],[116.042105,22.932918],[116.041881,22.922321],[116.0713,22.897773],[116.087254,22.889694],[116.076178,22.867871],[116.053772,22.855229],[116.047862,22.851793],[116.037446,22.850898],[116.026107,22.845127],[116.011796,22.838044],[115.996718,22.836684],[115.966075,22.817206],[115.958014,22.804743],[115.939488,22.807516],[115.933263,22.805994],[115.903738,22.789376],[115.883497,22.794619],[115.854882,22.77879],[115.843212,22.770025],[115.825956,22.746644],[115.81003,22.746091],[115.797812,22.75445],[115.79546,22.769988],[115.790484,22.7872],[115.788039,22.797842],[115.795014,22.800279],[115.799408,22.794664],[115.801362,22.786851],[115.806488,22.778266],[115.813569,22.776272],[115.814708,22.786119],[115.812755,22.799547],[115.809906,22.808336],[115.804779,22.81509],[115.798432,22.819525],[115.790375,22.821926],[115.785055,22.825678],[115.776344,22.832346],[115.763237,22.841487],[115.73687,22.851673],[115.697036,22.850671],[115.703581,22.869323],[115.684266,22.877779],[115.682465,22.88817],[115.692638,22.900092],[115.70517,22.907375],[115.713878,22.904527],[115.721283,22.904527],[115.72755,22.922756],[115.733735,22.931871],[115.730317,22.934231],[115.691987,22.929023],[115.683116,22.924262],[115.666596,22.904527],[115.653331,22.893744],[115.639415,22.88935],[115.583995,22.880316],[115.577891,22.877265],[115.574067,22.871731],[115.564952,22.853258],[115.560557,22.849311],[115.539887,22.852932],[115.53297,22.862047],[115.536632,22.874335],[115.546886,22.887152],[115.547618,22.895413],[115.533783,22.898261],[115.505626,22.897773],[115.496349,22.903062],[115.468272,22.9265],[115.450938,22.931871],[115.442393,22.929674],[115.438324,22.920356],[115.430186,22.918199],[115.423839,22.918769],[115.406016,22.925035],[115.418549,22.907701],[115.427257,22.900621],[115.437022,22.897773],[115.446137,22.89997],[115.455414,22.909735],[115.464203,22.912014],[115.483002,22.901842],[115.496104,22.880316],[115.494151,22.860785],[115.468028,22.856757],[115.468028,22.849311],[115.478608,22.84748],[115.505626,22.849311],[115.515147,22.847317],[115.530365,22.838324],[115.54005,22.836249],[115.559418,22.836086],[115.565929,22.837958],[115.577891,22.843166],[115.586925,22.849351],[115.593354,22.856391],[115.600597,22.861884],[115.612071,22.863593],[115.591319,22.84748],[115.556244,22.807435],[115.538966,22.788904],[115.527017,22.767042],[115.523936,22.741767],[115.555588,22.71437],[115.565753,22.737081],[115.567321,22.747281],[115.586192,22.745103],[115.590099,22.737209],[115.580903,22.723334],[115.562511,22.705634],[115.56422,22.684882],[115.575219,22.668336],[115.536156,22.668123],[115.522096,22.676503],[115.491193,22.687587],[115.464818,22.701034],[115.438265,22.700599],[115.421264,22.690236],[115.394298,22.689683],[115.373508,22.694177],[115.361272,22.704137],[115.348205,22.717369],[115.338471,22.7331],[115.350678,22.746894],[115.358409,22.748684],[115.388927,22.746894],[115.397553,22.748765],[115.40976,22.75788],[115.424133,22.761993],[115.422373,22.771797],[115.411208,22.788268],[115.386241,22.782904],[115.374767,22.773285],[115.363994,22.763645],[115.33057,22.78854],[115.289144,22.791553],[115.251081,22.78798],[115.233391,22.788209],[115.232767,22.80534],[115.258564,22.820463],[115.30304,22.838614],[115.32016,22.850531],[115.324799,22.859565],[115.313731,22.863593],[115.309418,22.869371],[115.310557,22.882473],[115.317149,22.904527],[115.303803,22.903022],[115.292247,22.895331],[115.272227,22.873847],[115.255951,22.847846],[115.245616,22.835354],[115.231456,22.830064],[115.217294,22.834891],[115.196013,22.831898],[115.172944,22.821194],[115.174407,22.806892],[115.180271,22.784806],[115.158273,22.792417],[115.150566,22.809634],[115.132878,22.811454],[115.111664,22.802151],[115.101085,22.800116],[115.065475,22.795985],[115.050304,22.781684],[115.045665,22.775865],[115.041026,22.761623],[115.036632,22.75373],[115.02233,22.743513],[115.017828,22.737044],[115.022081,22.726392],[115.030794,22.717322],[115.028903,22.708377],[115.018277,22.706869],[115.008513,22.70372],[114.998772,22.702201],[114.992521,22.697381],[114.985342,22.689309],[114.98003,22.688554],[114.971258,22.692735],[114.959835,22.696134],[114.95467,22.703544],[114.956584,22.71574],[114.95237,22.728833],[114.945811,22.742255],[114.941661,22.753852],[114.926768,22.761176],[114.916759,22.744045],[114.90311,22.748924],[114.889059,22.763748],[114.876719,22.767957],[114.862524,22.763216],[114.870379,22.753348],[114.881873,22.747523],[114.886217,22.736075],[114.878145,22.729638],[114.880736,22.72147],[114.890447,22.714055],[114.902858,22.713934],[114.909996,22.723615],[114.926726,22.71693],[114.937229,22.709492],[114.946689,22.696329],[114.955302,22.684794],[114.966629,22.676487],[114.95045,22.664984],[114.938731,22.657294],[114.924897,22.638658],[114.901938,22.598057],[114.905213,22.57844],[114.919119,22.561155],[114.895966,22.547524],[114.883641,22.550916],[114.880215,22.559113],[114.889234,22.572894],[114.88682,22.590872],[114.865816,22.601745],[114.832229,22.602077],[114.806416,22.592509],[114.774609,22.597693],[114.754145,22.589714],[114.743776,22.609404],[114.742242,22.62738],[114.742483,22.646964],[114.73745,22.669046],[114.74999,22.678724],[114.753778,22.693385],[114.738879,22.710647],[114.741951,22.732653],[114.752545,22.749662],[114.778551,22.762453],[114.795421,22.769924],[114.802013,22.773383],[114.813243,22.774848],[114.817638,22.77912],[114.821252,22.79056],[114.816954,22.800389],[114.807279,22.805383],[114.798466,22.808736],[114.792735,22.81094],[114.78476,22.815863],[114.775238,22.815823],[114.769786,22.810452],[114.762462,22.791083],[114.754893,22.781684],[114.734141,22.775784],[114.716732,22.790803],[114.695481,22.792642],[114.683812,22.781333],[114.664219,22.774176],[114.645484,22.767006],[114.637787,22.755072],[114.617198,22.750067],[114.602546,22.740458],[114.579378,22.733311],[114.563324,22.732733],[114.564986,22.717916],[114.571096,22.702354],[114.552338,22.694525],[114.542247,22.695299],[114.532481,22.69953],[114.522065,22.705959],[114.52378,22.687214],[114.5171,22.676418],[114.505926,22.663689],[114.499576,22.653114],[114.506607,22.646523],[114.534906,22.644648],[114.523411,22.645563],[114.548216,22.644541],[114.562511,22.648342],[114.573253,22.654446],[114.58253,22.65526],[114.590343,22.643866],[114.577647,22.635891],[114.560883,22.608791],[114.546641,22.602932],[114.529145,22.598334],[114.513927,22.587348],[114.502208,22.57392],[114.495372,22.561957],[114.502045,22.550849],[114.509288,22.549547],[114.518158,22.552802],[114.529552,22.555121],[114.529796,22.557359],[114.532481,22.562323],[114.53712,22.567206],[114.543224,22.569403],[114.547211,22.567084],[114.554779,22.557318],[114.559906,22.555121],[114.572765,22.551459],[114.593272,22.541897],[114.611583,22.528713],[114.617686,22.514146],[114.607514,22.504381],[114.587657,22.495592],[114.570532,22.484291],[114.542162,22.477993],[114.529667,22.468285],[114.515816,22.452643],[114.501557,22.452094],[114.492198,22.463975],[114.49114,22.464626],[114.485118,22.468329],[114.484467,22.474351],[114.483246,22.484565],[114.477224,22.489529],[114.476817,22.489895],[114.47698,22.490424],[114.480154,22.500149],[114.47641,22.509426],[114.484548,22.516995],[114.48699,22.521918],[114.485118,22.53441],[114.479584,22.539333],[114.479584,22.54621],[114.471202,22.551703],[114.462169,22.561754],[114.45574,22.570502],[114.446951,22.57156],[114.445323,22.571763],[114.440359,22.568671],[114.436778,22.577379],[114.437348,22.579372],[114.438487,22.582953],[114.433035,22.591091],[114.424327,22.601671],[114.414236,22.604804],[114.408702,22.61164],[114.395763,22.613511],[114.3956,22.613511],[114.380138,22.610338],[114.360688,22.604804],[114.340261,22.597886],[114.329112,22.605007],[114.328461,22.605455],[114.328054,22.604763],[114.324555,22.598538],[114.317149,22.602362],[114.316905,22.6022],[114.305349,22.594184],[114.30714,22.585435],[114.302175,22.582953],[114.276215,22.587958],[114.269623,22.582953],[114.249685,22.570502],[114.238292,22.559923],[114.229828,22.555813],[114.234711,22.556179],[114.227224,22.547065],[114.222179,22.541449],[114.214854,22.534491],[114.209972,22.534491],[114.209321,22.523708],[114.217947,22.526028],[114.218679,22.529853],[114.230398,22.532945],[114.234304,22.536933],[114.242035,22.550198],[114.245942,22.550971],[114.249034,22.547838],[114.254568,22.550971],[114.25766,22.547838],[114.253266,22.539455],[114.259207,22.540798],[114.265636,22.535264],[114.265147,22.528469],[114.27003,22.52558],[114.278005,22.529853],[114.279796,22.526028],[114.279796,22.519721],[114.27768,22.511664],[114.285167,22.511176],[114.289236,22.505194],[114.298513,22.501003],[114.326589,22.508775],[114.332774,22.511949],[114.335134,22.506415],[114.316335,22.492377],[114.305431,22.483018],[114.29363,22.478258],[114.280447,22.472886],[114.268728,22.465033],[114.264089,22.458075],[114.253754,22.451768],[114.245942,22.451768],[114.231212,22.469794],[114.217133,22.467353],[114.211762,22.470567],[114.209321,22.465806],[114.210948,22.457302],[114.215587,22.454983],[114.217133,22.447943],[114.209972,22.44949],[114.209321,22.454088],[114.20224,22.458075],[114.190603,22.456529],[114.186697,22.451768],[114.167491,22.448065],[114.176524,22.443223],[114.187511,22.436143],[114.200206,22.428168],[114.211762,22.4206],[114.209972,22.412746],[114.214854,22.408881],[114.209321,22.398668],[114.215587,22.400336],[114.223399,22.415025],[114.234223,22.42475],[114.23821,22.43537],[114.243826,22.435533],[114.251475,22.430732],[114.267182,22.430732],[114.269379,22.425523],[114.267182,22.415961],[114.272553,22.409654],[114.276459,22.419827],[114.288992,22.426011],[114.276459,22.443996],[114.288992,22.453315],[114.301606,22.456529],[114.300792,22.465033],[114.323741,22.480048],[114.325043,22.475206],[114.33074,22.474107],[114.325043,22.46426],[114.335704,22.461737],[114.338064,22.446357],[114.332774,22.440009],[114.337413,22.431586],[114.342784,22.43769],[114.347585,22.422919],[114.352306,22.423692],[114.351573,22.440985],[114.359874,22.461168],[114.367849,22.454983],[114.367361,22.446275],[114.370209,22.440009],[114.385753,22.439236],[114.39975,22.436143],[114.39739,22.428412],[114.401296,22.412746],[114.389334,22.417914],[114.381765,22.419053],[114.370209,22.397976],[114.375011,22.400539],[114.384939,22.387356],[114.38974,22.365953],[114.386567,22.36522],[114.385753,22.370185],[114.376394,22.370632],[114.379487,22.362087],[114.37558,22.353461],[114.370209,22.348822],[114.36085,22.345771],[114.357595,22.332424],[114.352306,22.339464],[114.352306,22.351915],[114.34197,22.345771],[114.339041,22.352688],[114.332774,22.359768],[114.334321,22.375312],[114.320404,22.380764],[114.318614,22.38939],[114.310069,22.383775],[114.300059,22.381578],[114.285981,22.390977],[114.278005,22.390977],[114.268728,22.378445],[114.273367,22.363634],[114.279796,22.355007],[114.276459,22.348049],[114.267182,22.35578],[114.266368,22.365953],[114.258393,22.362087],[114.255544,22.355902],[114.265798,22.34634],[114.272553,22.320705],[114.277192,22.3192],[114.29127,22.316555],[114.292084,22.305162],[114.29599,22.305162],[114.303884,22.306708],[114.311615,22.297309],[114.305675,22.290758],[114.297699,22.285631],[114.290538,22.28795],[114.288992,22.287177],[114.289724,22.281684],[114.289561,22.273912],[114.300059,22.277045],[114.303152,22.269192],[114.303152,22.262152],[114.296723,22.258287],[114.288992,22.264594],[114.278331,22.270453],[114.279796,22.279364],[114.273367,22.295762],[114.264822,22.301947],[114.265636,22.309801],[114.266368,22.315985],[114.255544,22.322333],[114.251475,22.305162],[114.253022,22.295762],[114.238943,22.281684],[114.228119,22.291856],[114.211762,22.310574],[114.214854,22.301174],[114.212494,22.301174],[114.195486,22.318264],[114.186534,22.308743],[114.191417,22.301947],[114.191417,22.298896],[114.183686,22.301947],[114.181651,22.29442],[114.176524,22.291083],[114.171886,22.288723],[114.167247,22.294176],[114.168224,22.305487],[114.165701,22.310574],[114.164887,22.315212],[114.159516,22.315212],[114.159516,22.322252],[114.152192,22.328518],[114.138194,22.336005],[114.12436,22.342231],[114.123546,22.337144],[114.113373,22.352688],[114.111013,22.365953],[114.104828,22.369859],[114.097504,22.363023],[114.079112,22.365953],[114.078298,22.36286],[114.070404,22.36286],[114.067231,22.358995],[114.057953,22.361314],[114.050222,22.358995],[114.039887,22.355007],[114.020518,22.350369],[114.014985,22.353461],[114.014985,22.358995],[113.998627,22.358995],[113.991873,22.364081],[113.982677,22.366767],[113.976736,22.379218],[113.972911,22.379991],[113.970632,22.387071],[113.964366,22.380683],[113.97462,22.372056],[113.954926,22.369859],[113.944835,22.362087],[113.930675,22.369086],[113.925955,22.369086],[113.914399,22.376125],[113.918305,22.387844],[113.910574,22.398668],[113.896983,22.408759],[113.909434,22.418606],[113.930675,22.419827],[113.94101,22.426785],[113.954112,22.44949],[113.97755,22.458848],[113.998627,22.488552],[114.004893,22.488552],[114.012706,22.486111],[114.011729,22.480048],[114.01116,22.472886],[114.014985,22.475206],[114.026785,22.478258],[114.029877,22.478258],[114.031423,22.482245],[114.03061,22.487657],[114.03061,22.49551],[114.042247,22.501003],[114.057953,22.504869],[114.061778,22.508775],[114.065766,22.515855],[114.073497,22.518175],[114.078298,22.519721],[114.085297,22.522935],[114.082367,22.529364],[114.079112,22.527574],[114.079682,22.523749],[114.067231,22.521918],[114.058442,22.516995],[114.055268,22.506944],[114.042003,22.506781],[114.038748,22.510565],[114.038097,22.511379],[114.035818,22.513821],[114.035492,22.514146],[114.035411,22.514228],[114.018565,22.522569],[113.999278,22.530626],[113.987478,22.531846],[113.984386,22.533718],[113.970632,22.533718],[113.963796,22.538113],[113.960297,22.528469],[113.951939,22.523841],[113.948901,22.5112],[113.948816,22.500348],[113.947758,22.490406],[113.935802,22.488918],[113.925059,22.487047],[113.915294,22.488674],[113.913422,22.487616],[113.91033,22.485826],[113.909679,22.477647],[113.890345,22.452712],[113.881479,22.473333],[113.874363,22.478184],[113.867873,22.494829],[113.866155,22.511493],[113.881847,22.514146],[113.893891,22.521145],[113.879893,22.536689],[113.843761,22.561957],[113.833832,22.571926],[113.822358,22.587226],[113.812836,22.604397],[113.799157,22.631001],[113.793568,22.661614],[113.772934,22.672448],[113.764659,22.734809],[113.758067,22.753404],[113.744395,22.761176],[113.712169,22.763332],[113.699718,22.761176],[113.695079,22.757473],[113.691173,22.751614],[113.684581,22.746894],[113.672374,22.746894],[113.653575,22.758734],[113.656261,22.776842],[113.662608,22.798082],[113.655284,22.819241],[113.643565,22.834174],[113.632579,22.853095],[113.617198,22.890286],[113.61085,22.87637],[113.610118,22.862047],[113.612885,22.848375],[113.617198,22.836249],[113.605561,22.847235],[113.602306,22.86636],[113.604991,22.887519],[113.610362,22.904527],[113.602875,22.89765],[113.597992,22.889635],[113.596039,22.880561],[113.592296,22.889065],[113.611339,22.933783],[113.617198,22.956041],[113.619151,22.979397],[113.62436,22.999213],[113.638194,23.034898],[113.630707,23.034898],[113.61671,23.00788],[113.612071,22.994696],[113.609141,22.962877],[113.601817,22.930609],[113.59669,22.918199],[113.594981,22.929592],[113.595063,22.94477],[113.597992,22.960517],[113.604096,22.973456],[113.602631,22.987738],[113.605072,23.00141],[113.617198,23.034898],[113.599213,23.009223],[113.586681,22.953559],[113.576182,22.938707],[113.582042,22.957465],[113.583832,22.978461],[113.583018,23.021226],[113.56422,22.996894],[113.553966,22.987616],[113.542003,22.986518],[113.532725,22.995754],[113.528819,23.01081],[113.528331,23.038031],[113.536388,23.063137],[113.556407,23.084133],[113.582123,23.098456],[113.637218,23.109117],[113.691987,23.132554],[113.720225,23.137926],[113.731456,23.133857],[113.744233,23.126044],[113.758067,23.121568],[113.784434,23.131741],[113.800873,23.128404],[113.830089,23.117499],[113.813243,23.129788],[113.797944,23.134345],[113.761078,23.137926],[113.745372,23.143012],[113.719819,23.155341],[113.703136,23.157782],[113.67392,23.150458],[113.626475,23.117987],[113.593272,23.110663],[113.587657,23.106106],[113.550873,23.087877],[113.542003,23.086412],[113.536876,23.075019],[113.524669,23.066596],[113.509125,23.062161],[113.494233,23.062812],[113.44516,23.089342],[113.417491,23.096991],[113.398692,23.083319],[113.419281,23.065497],[113.451427,23.062323],[113.481212,23.0515],[113.502312,23.020424],[113.503844,22.989833],[113.491232,22.953953],[113.480968,22.935696],[113.484223,22.929348],[113.483979,22.924262],[113.473725,22.918199],[113.467865,22.919013],[113.446381,22.928453],[113.429942,22.931342],[113.336518,22.897773],[113.307628,22.89411],[113.212983,22.912014],[113.212983,22.904527],[113.234874,22.899644],[113.258067,22.897773],[113.263927,22.894599],[113.283051,22.880439],[113.292247,22.877265],[113.312592,22.881008],[113.332042,22.887519],[113.350434,22.889716],[113.367931,22.880683],[113.425873,22.815823],[113.440033,22.804145],[113.494233,22.774848],[113.46339,22.762397],[113.451915,22.755113],[113.439545,22.739447],[113.426036,22.749416],[113.377533,22.767401],[113.39503,22.748196],[113.453624,22.725735],[113.466319,22.716498],[113.476329,22.699856],[113.516277,22.671418],[113.553043,22.638472],[113.563844,22.614444],[113.59917,22.57518],[113.594738,22.52339],[113.562511,22.480414],[113.546355,22.437585],[113.551571,22.395837],[113.558116,22.380764],[113.581635,22.371324],[113.610362,22.370185],[113.599457,22.350531],[113.59726,22.341539],[113.59669,22.325751],[113.592296,22.316148],[113.583018,22.309516],[113.573578,22.300727],[113.574702,22.284832],[113.57721,22.266637],[113.583748,22.263459],[113.589987,22.253415],[113.587655,22.237882],[113.561196,22.23373],[113.552857,22.219006],[113.538585,22.221747],[113.52296,22.213039],[113.52947,22.202867],[113.529877,22.202257],[113.528087,22.199937],[113.521495,22.191311],[113.49723,22.171641],[113.483745,22.155142],[113.459214,22.158004],[113.425629,22.186225],[113.419037,22.208808],[113.411876,22.225531],[113.364513,22.267768],[113.362315,22.27497],[113.360199,22.293158],[113.357026,22.301907],[113.351573,22.308336],[113.303233,22.343655],[113.276378,22.372056],[113.255626,22.403876],[113.242686,22.457465],[113.231944,22.479071],[113.177582,22.564114],[113.165294,22.575588],[113.158458,22.506741],[113.160167,22.487616],[113.165619,22.478746],[113.18922,22.462592],[113.227306,22.425279],[113.302989,22.30976],[113.318158,22.289166],[113.328506,22.268476],[113.354015,22.243557],[113.364513,22.230129],[113.401971,22.179574],[113.362559,22.171454],[113.350841,22.171536],[113.32545,22.183661],[113.312999,22.185777],[113.302745,22.183295],[113.297944,22.176825],[113.294688,22.167873],[113.285655,22.153266],[113.282237,22.145413],[113.278168,22.14053],[113.273529,22.138373],[113.263438,22.13703],[113.250987,22.115668],[113.246593,22.103461],[113.25587,22.082668],[113.254975,22.071112],[113.251231,22.060736],[113.247162,22.054267],[113.230561,22.043158],[113.214122,22.045315],[113.194692,22.046395],[113.178314,22.040914],[113.157467,22.0247],[113.13963,22.036852],[113.118857,22.065838],[113.110606,22.099189],[113.115326,22.113471],[113.124522,22.13109],[113.118244,22.143746],[113.127452,22.160956],[113.119151,22.171942],[113.113292,22.187405],[113.110362,22.204169],[113.110606,22.219306],[113.085053,22.207587],[113.07729,22.147267],[113.057893,22.121094],[113.026614,22.143212],[113.020638,22.125978],[113.02211,22.101146],[113.01762,22.081843],[113.016105,22.057712],[113.018304,22.03495],[113.018286,22.021158],[113.022729,22.002534],[113.021213,21.984605],[113.018969,21.97702],[113.021195,21.972191],[113.028618,21.961148],[113.02562,21.949425],[113.016676,21.942533],[113.001475,21.938707],[112.994721,21.938422],[112.98935,21.937323],[112.987071,21.928534],[112.985932,21.920559],[112.980968,21.907172],[112.979584,21.90119],[112.972667,21.892076],[112.957081,21.875653],[112.92878,21.865299],[112.911586,21.856291],[112.879405,21.87519],[112.871104,21.893744],[112.858979,21.932522],[112.851573,21.94831],[112.840831,21.960924],[112.82602,21.966132],[112.814789,21.961575],[112.807709,21.952826],[112.800385,21.94717],[112.788585,21.951809],[112.743744,21.931952],[112.740245,21.925442],[112.737641,21.896877],[112.730479,21.890326],[112.706065,21.891791],[112.70045,21.890326],[112.6963,21.88581],[112.690929,21.875149],[112.685557,21.869859],[112.645112,21.849351],[112.647553,21.822659],[112.633067,21.795803],[112.608002,21.775092],[112.579112,21.766832],[112.550873,21.772854],[112.443207,21.828437],[112.426036,21.84516],[112.41505,21.868476],[112.411143,21.90119],[112.424164,21.917792],[112.481456,21.944648],[112.493663,21.966132],[112.486176,21.966132],[112.468842,21.955959],[112.43629,21.945624],[112.404796,21.942857],[112.390636,21.955512],[112.388438,21.963121],[112.37851,21.976874],[112.376313,21.986558],[112.377208,21.994574],[112.381684,22.006741],[112.392833,22.056301],[112.397472,22.068508],[112.378184,22.058417],[112.364838,22.034491],[112.357514,22.005357],[112.356537,21.979722],[112.370128,21.938788],[112.387706,21.908759],[112.390636,21.90119],[112.387787,21.876166],[112.388438,21.86225],[112.394054,21.856269],[112.39796,21.850572],[112.401134,21.83747],[112.404307,21.81151],[112.40211,21.801418],[112.392833,21.785142],[112.38795,21.75609],[112.38144,21.748521],[112.372569,21.742621],[112.363292,21.733344],[112.332123,21.724066],[112.286225,21.708808],[112.244884,21.706529],[112.226817,21.729641],[112.216645,21.735541],[112.196869,21.742336],[112.182384,21.752997],[112.188975,21.770575],[112.198985,21.786811],[112.203136,21.806708],[112.200938,21.826728],[112.192638,21.843166],[112.182221,21.823147],[112.172699,21.814439],[112.085541,21.796088],[112.047211,21.794989],[112.028168,21.797349],[112.013031,21.804389],[112.007091,21.818671],[112.01295,21.834621],[112.037364,21.862494],[112.04127,21.884182],[112.034434,21.884182],[112.018809,21.859809],[111.993175,21.834174],[111.969249,21.824042],[111.951671,21.864976],[111.934093,21.890448],[111.911876,21.91356],[111.890391,21.925116],[111.888927,21.899115],[111.890636,21.867377],[111.895763,21.837063],[111.904063,21.815253],[111.920665,21.800035],[111.946381,21.785875],[111.975108,21.77619],[112.000255,21.774319],[111.991954,21.763821],[111.914561,21.719062],[111.905772,21.715888],[111.904063,21.708808],[111.904145,21.701728],[111.900645,21.698554],[111.895763,21.695868],[111.884288,21.682847],[111.87672,21.678127],[111.867931,21.676703],[111.838878,21.678127],[111.836925,21.685289],[111.842296,21.699042],[111.85377,21.707424],[111.869884,21.698554],[111.87672,21.698554],[111.875336,21.709703],[111.869477,21.716742],[111.860606,21.721503],[111.849376,21.725816],[111.836192,21.716986],[111.829356,21.728705],[111.828949,21.749213],[111.835053,21.766832],[111.822276,21.752102],[111.806895,21.743313],[111.793956,21.744534],[111.787934,21.759996],[111.769786,21.753607],[111.757904,21.753323],[111.725841,21.766832],[111.721202,21.762641],[111.700938,21.768378],[111.678071,21.781155],[111.695567,21.76142],[111.76059,21.725816],[111.772472,21.705471],[111.779633,21.675442],[111.773692,21.650133],[111.746918,21.643948],[111.760346,21.640204],[111.772472,21.635199],[111.782074,21.62759],[111.787934,21.616034],[111.748139,21.614447],[111.728363,21.61636],[111.712901,21.62344],[111.69044,21.603827],[111.665782,21.558661],[111.651378,21.54092],[111.640473,21.533149],[111.630463,21.529853],[111.619721,21.533026],[111.606456,21.544623],[111.600922,21.554145],[111.596528,21.565497],[111.591075,21.575751],[111.581879,21.581855],[111.580821,21.568345],[111.582042,21.555487],[111.586436,21.543769],[111.595551,21.534084],[111.577729,21.530015],[111.556651,21.522366],[111.537852,21.520453],[111.527192,21.534084],[111.521007,21.534084],[111.516612,21.524563],[111.504487,21.518215],[111.48935,21.514716],[111.476085,21.513617],[111.46811,21.518256],[111.467133,21.529446],[111.472667,21.554592],[111.455333,21.551174],[111.444102,21.563625],[111.432221,21.602973],[111.424327,21.590277],[111.41212,21.576321],[111.411143,21.568264],[111.415538,21.557685],[111.430919,21.544013],[111.437999,21.534084],[111.387787,21.541449],[111.362804,21.541205],[111.349701,21.526679],[111.363048,21.532416],[111.376475,21.532701],[111.404307,21.526679],[111.393565,21.51968],[111.362804,21.506781],[111.356456,21.501288],[111.34433,21.487494],[111.292491,21.450629],[111.267345,21.439358],[111.25294,21.444729],[111.269054,21.452135],[111.280284,21.465318],[111.30128,21.499335],[111.279796,21.506293],[111.255626,21.517279],[111.232188,21.524563],[111.212657,21.520453],[111.206309,21.53205],[111.192393,21.531195],[111.15797,21.520453],[111.15797,21.513617],[111.171641,21.513617],[111.167572,21.508612],[111.164968,21.506008],[111.171641,21.499335],[111.184174,21.505764],[111.198822,21.507799],[111.213634,21.505683],[111.226329,21.499335],[111.184581,21.485663],[111.161632,21.476386],[111.143647,21.465806],[111.134044,21.471625],[111.119884,21.473375],[111.08839,21.472642],[111.08839,21.480129],[111.129975,21.493109],[111.129975,21.499335],[111.12672,21.50259],[111.12379,21.506781],[111.11671,21.500963],[111.107677,21.495795],[111.097911,21.492662],[111.08839,21.493109],[111.079356,21.49787],[111.078461,21.502875],[111.079356,21.508124],[111.07545,21.513617],[111.034434,21.53148],[111.027599,21.54092],[111.023285,21.527818],[111.011729,21.521186],[110.985932,21.513617],[110.995697,21.507636],[111.002208,21.489936],[111.013927,21.485663],[111.001313,21.462877],[110.992442,21.454983],[110.979747,21.452135],[110.979747,21.444729],[110.995372,21.445299],[111.008149,21.449897],[111.016938,21.458075],[111.020112,21.469224],[111.026866,21.479315],[111.042247,21.484565],[111.058604,21.4831],[111.068614,21.472642],[111.043712,21.469387],[111.024913,21.456529],[110.992931,21.424872],[110.965912,21.432847],[110.941173,21.422065],[110.917247,21.405911],[110.893321,21.397528],[110.889659,21.395494],[110.877289,21.386135],[110.869884,21.383246],[110.869395,21.384711],[110.852306,21.389146],[110.829845,21.392239],[110.806163,21.401597],[110.790538,21.403754],[110.768158,21.397528],[110.743988,21.382554],[110.704845,21.348538],[110.690033,21.331],[110.67628,21.309638],[110.664887,21.285631],[110.657074,21.260403],[110.65089,21.260403],[110.654796,21.314602],[110.662852,21.337226],[110.677582,21.348538],[110.664561,21.348375],[110.655528,21.34276],[110.648936,21.333319],[110.643321,21.321845],[110.641856,21.337307],[110.635753,21.346422],[110.631847,21.355373],[110.636485,21.370266],[110.644786,21.374579],[110.671641,21.381293],[110.692393,21.399156],[110.72462,21.403144],[110.755382,21.413398],[110.766368,21.444729],[110.76002,21.444729],[110.727306,21.418891],[110.63559,21.381049],[110.61671,21.345404],[110.615733,21.301215],[110.619721,21.290758],[110.643321,21.252916],[110.636485,21.23017],[110.616954,21.229682],[110.575206,21.246731],[110.577159,21.240383],[110.58017,21.234605],[110.584076,21.229682],[110.588715,21.225572],[110.481456,21.21719],[110.463227,21.212144],[110.447602,21.203599],[110.431163,21.191474],[110.424327,21.191474],[110.427013,21.206],[110.435557,21.226304],[110.437348,21.239244],[110.433442,21.251288],[110.427013,21.261542],[110.425792,21.269232],[110.437348,21.273383],[110.435802,21.279202],[110.433116,21.282864],[110.429291,21.285346],[110.424327,21.287665],[110.427338,21.28856],[110.429942,21.288479],[110.431488,21.289496],[110.431163,21.293891],[110.437348,21.293891],[110.4463,21.289984],[110.456635,21.287746],[110.466319,21.283433],[110.472667,21.273383],[110.478852,21.273383],[110.480317,21.281684],[110.482188,21.286566],[110.486339,21.293891],[110.486339,21.301337],[110.478852,21.301337],[110.473155,21.295478],[110.466075,21.296088],[110.457042,21.299302],[110.444835,21.301337],[110.444835,21.307563],[110.486339,21.328681],[110.486339,21.335517],[110.478038,21.336371],[110.472667,21.334906],[110.468761,21.332017],[110.465343,21.328681],[110.465343,21.348538],[110.451182,21.331977],[110.441905,21.314358],[110.43393,21.308783],[110.424327,21.328681],[110.42392,21.34162],[110.437348,21.397528],[110.431163,21.397528],[110.419526,21.377427],[110.400971,21.38703],[110.368988,21.424872],[110.378673,21.437486],[110.383149,21.441474],[110.389496,21.444729],[110.389496,21.452135],[110.35849,21.435736],[110.372081,21.403022],[110.394379,21.364],[110.389496,21.328681],[110.385834,21.331488],[110.376475,21.335517],[110.38266,21.321845],[110.368175,21.325344],[110.344981,21.338853],[110.328136,21.342271],[110.328136,21.335517],[110.341401,21.330024],[110.3567,21.319159],[110.366303,21.306098],[110.362804,21.293891],[110.362804,21.287665],[110.37379,21.280585],[110.384858,21.271064],[110.393403,21.260403],[110.396983,21.249823],[110.399018,21.245551],[110.408214,21.238023],[110.410655,21.232367],[110.409923,21.223782],[110.407481,21.216986],[110.404552,21.212063],[110.403168,21.208482],[110.402354,21.193671],[110.399425,21.176581],[110.394054,21.162543],[110.386078,21.156724],[110.375336,21.152655],[110.347423,21.133205],[110.333751,21.11636],[110.315278,21.107652],[110.280284,21.095893],[110.269298,21.089179],[110.221772,21.03266],[110.218842,21.027574],[110.210216,21.034573],[110.205577,21.049384],[110.203868,21.066962],[110.2046,21.082221],[110.195567,21.071275],[110.190684,21.059068],[110.184093,21.03384],[110.177826,21.020087],[110.156749,20.986029],[110.143077,20.992255],[110.143077,20.986029],[110.154796,20.977281],[110.155121,20.961982],[110.150971,20.943183],[110.149262,20.923977],[110.154145,20.90644],[110.171641,20.877021],[110.177257,20.862494],[110.167247,20.872992],[110.164154,20.876776],[110.156749,20.876776],[110.160655,20.867906],[110.161876,20.862209],[110.160655,20.856676],[110.156749,20.848863],[110.160737,20.847846],[110.162934,20.847886],[110.16391,20.846747],[110.164154,20.842027],[110.168712,20.842678],[110.169444,20.84394],[110.168793,20.846096],[110.170421,20.848863],[110.177501,20.84748],[110.180186,20.846015],[110.18336,20.846096],[110.191498,20.848863],[110.191498,20.835842],[110.211681,20.840522],[110.28712,20.842027],[110.300792,20.852118],[110.319672,20.859931],[110.335785,20.858832],[110.341807,20.842027],[110.348643,20.848863],[110.355235,20.839667],[110.361095,20.835883],[110.365815,20.838568],[110.368988,20.848863],[110.386241,20.825995],[110.40268,20.790107],[110.409434,20.750963],[110.396983,20.718492],[110.383556,20.713446],[110.368988,20.719672],[110.356456,20.732327],[110.348643,20.746405],[110.34726,20.761786],[110.348155,20.803046],[110.341807,20.821519],[110.333751,20.805732],[110.328624,20.79975],[110.3213,20.794257],[110.333018,20.778754],[110.332123,20.76789],[110.32252,20.759955],[110.307628,20.753241],[110.314464,20.746405],[110.310639,20.745063],[110.308849,20.745103],[110.308116,20.743964],[110.307628,20.738959],[110.337494,20.725816],[110.329438,20.707221],[110.308849,20.683987],[110.300792,20.65705],[110.307709,20.660386],[110.313487,20.664862],[110.317963,20.6706],[110.3213,20.677558],[110.328136,20.677558],[110.3296,20.664455],[110.32838,20.652655],[110.323741,20.643052],[110.314464,20.636542],[110.325938,20.630764],[110.339366,20.631537],[110.352143,20.636542],[110.362804,20.643378],[110.362804,20.622301],[110.371837,20.634345],[110.380626,20.633775],[110.389171,20.625922],[110.396983,20.616116],[110.391938,20.606757],[110.397472,20.595445],[110.408539,20.585924],[110.425141,20.580064],[110.442963,20.570868],[110.451671,20.567694],[110.458018,20.567369],[110.472667,20.56859],[110.478852,20.567694],[110.495209,20.553168],[110.511485,20.527899],[110.53419,20.478258],[110.515391,20.43476],[110.502289,20.412746],[110.482677,20.403225],[110.475352,20.39765],[110.458507,20.36225],[110.40683,20.305162],[110.399994,20.300767],[110.37672,20.305243],[110.362071,20.304877],[110.355479,20.297349],[110.34433,20.279242],[110.319672,20.269721],[110.294037,20.262926],[110.280284,20.252997],[110.265636,20.264146],[110.256358,20.269355],[110.245616,20.273424],[110.237153,20.27497],[110.208018,20.273424],[110.196625,20.27025],[110.192638,20.263251],[110.191173,20.256171],[110.187755,20.252997],[110.127533,20.247992],[110.10963,20.252997],[110.09311,20.270575],[110.085704,20.273424],[110.077647,20.274563],[110.069835,20.277777],[110.063731,20.283026],[110.061127,20.290229],[110.057628,20.296373],[110.04892,20.300238],[110.037852,20.301703],[110.02711,20.300767],[110.021576,20.297024],[110.011811,20.283677],[110.005951,20.280341],[110.000987,20.280829],[109.995209,20.282782],[109.991466,20.28498],[109.992279,20.286526],[109.965831,20.280951],[109.950938,20.272162],[109.944428,20.25609],[109.941417,20.251858],[109.93393,20.244127],[109.924897,20.238267],[109.917247,20.239325],[109.914561,20.248481],[109.917247,20.259955],[109.921723,20.26968],[109.924083,20.273424],[109.928559,20.294582],[109.930919,20.317816],[109.928722,20.326361],[109.919444,20.342231],[109.917247,20.352281],[109.885753,20.36636],[109.874115,20.376288],[109.889903,20.382717],[109.862804,20.406317],[109.865733,20.410061],[109.878917,20.410875],[109.888031,20.414049],[109.893809,20.420478],[109.896088,20.431098],[109.903575,20.431098],[109.914887,20.418647],[109.945811,20.395738],[109.9581,20.382717],[109.974864,20.354641],[109.982432,20.351549],[109.985444,20.372138],[109.992442,20.384955],[110.006114,20.40119],[110.015473,20.418402],[110.009776,20.434231],[109.983979,20.453192],[109.97226,20.464545],[109.964936,20.478258],[109.962983,20.471991],[109.96046,20.466254],[109.958507,20.459906],[109.9581,20.451606],[109.943614,20.460679],[109.93922,20.473863],[109.937511,20.489651],[109.930919,20.506252],[109.929942,20.471381],[109.927013,20.454901],[109.917247,20.44477],[109.914806,20.457017],[109.909516,20.471177],[109.902924,20.484198],[109.896088,20.49258],[109.882823,20.497748],[109.849701,20.500922],[109.835216,20.506252],[109.827485,20.511461],[109.822113,20.516547],[109.819591,20.523505],[109.821056,20.534125],[109.825694,20.542792],[109.831798,20.544582],[109.837494,20.544379],[109.841401,20.547187],[109.843761,20.557074],[109.845225,20.581122],[109.848237,20.595649],[109.841401,20.595649],[109.827729,20.554633],[109.821056,20.554633],[109.818858,20.589097],[109.802013,20.616278],[109.77589,20.631334],[109.74586,20.629788],[109.75172,20.645413],[109.750255,20.660468],[109.751557,20.673733],[109.765717,20.684394],[109.775157,20.686184],[109.779796,20.683539],[109.785248,20.679592],[109.79713,20.677558],[109.805919,20.679511],[109.812755,20.684516],[109.827729,20.697984],[109.830658,20.693671],[109.837006,20.689154],[109.841401,20.684394],[109.844249,20.689683],[109.848888,20.696275],[109.854096,20.70185],[109.858735,20.70425],[109.861908,20.708157],[109.860444,20.715481],[109.854747,20.719916],[109.829438,20.707913],[109.813975,20.708441],[109.801036,20.706285],[109.793712,20.691148],[109.786876,20.691148],[109.760265,20.729967],[109.75644,20.749701],[109.773204,20.766913],[109.763438,20.776557],[109.758149,20.792792],[109.760265,20.807807],[109.773204,20.814114],[109.773204,20.821519],[109.752045,20.842027],[109.752045,20.848863],[109.759532,20.848863],[109.759532,20.855048],[109.753022,20.863715],[109.745372,20.867662],[109.737804,20.865383],[109.731537,20.855048],[109.739024,20.807847],[109.728363,20.815131],[109.713878,20.833686],[109.704356,20.842027],[109.706798,20.831855],[109.717865,20.807847],[109.689464,20.835395],[109.665619,20.880927],[109.661225,20.927558],[109.691254,20.958726],[109.678966,20.973863],[109.680675,20.994452],[109.69752,21.040595],[109.700776,21.03856],[109.708507,21.035875],[109.711681,21.03384],[109.709809,21.057196],[109.699962,21.082994],[109.685557,21.106594],[109.670177,21.123236],[109.676606,21.138495],[109.695893,21.170111],[109.704356,21.178453],[109.720225,21.183417],[109.728363,21.177883],[109.73642,21.169013],[109.752045,21.16413],[109.746674,21.179674],[109.754893,21.192939],[109.7671,21.204535],[109.773204,21.215399],[109.770274,21.271308],[109.765717,21.280829],[109.765717,21.287665],[109.773529,21.299709],[109.773936,21.318671],[109.765717,21.355943],[109.776378,21.353664],[109.783702,21.348293],[109.787364,21.339911],[109.786876,21.328681],[109.799815,21.332913],[109.803477,21.341213],[109.803966,21.350043],[109.807384,21.355943],[109.816254,21.357571],[109.841401,21.355943],[109.924083,21.362779],[109.924083,21.370266],[109.904796,21.390692],[109.917572,21.413804],[109.940522,21.437201],[109.951264,21.458401],[109.933442,21.453803],[109.924571,21.465033],[109.927257,21.479804],[109.944428,21.485663],[109.944428,21.493109],[109.917979,21.489407],[109.886974,21.481513],[109.858979,21.482815],[109.841401,21.506781],[109.827729,21.493109],[109.827729,21.485663],[109.835216,21.485663],[109.835216,21.480129],[109.826915,21.470526],[109.823741,21.465033],[109.821056,21.458401],[109.81422,21.458401],[109.802745,21.473334],[109.799083,21.498603],[109.800548,21.554592],[109.783295,21.546373],[109.770112,21.551581],[109.765147,21.563381],[109.773204,21.5751],[109.773204,21.581855],[109.748057,21.574937],[109.748057,21.574612],[109.747813,21.545233],[109.760265,21.511623],[109.773204,21.493109],[109.773204,21.485663],[109.765717,21.485663],[109.765717,21.493109],[109.759532,21.493109],[109.741466,21.474026],[109.708588,21.483303],[109.649669,21.520453],[109.659923,21.528062],[109.668224,21.559638],[109.677013,21.5751],[109.67335,21.582099],[109.671723,21.596625],[109.670177,21.602973],[109.673676,21.606391],[109.676768,21.610053],[109.677989,21.615302],[109.677013,21.62344],[109.658783,21.614936],[109.637218,21.60163],[109.625255,21.585395],[109.635997,21.568264],[109.628917,21.56684],[109.622325,21.567816],[109.615815,21.570705],[109.608002,21.5751],[109.608002,21.581855],[109.612804,21.589789],[109.613536,21.601223],[109.61085,21.611518],[109.604991,21.616034],[109.603038,21.620592],[109.615489,21.650133],[109.594493,21.634182],[109.585297,21.630845],[109.581391,21.640204],[109.579926,21.650458],[109.575938,21.659369],[109.569428,21.66649],[109.560883,21.671291],[109.56422,21.69123],[109.567719,21.698554],[109.560802,21.707261],[109.567882,21.719957],[109.581554,21.732367],[109.594493,21.74018],[109.594493,21.746405],[109.583344,21.744534],[109.574962,21.745673],[109.569428,21.750637],[109.567719,21.759996],[109.492686,21.698554],[109.498057,21.69538],[109.500987,21.691881],[109.503266,21.688381],[109.506196,21.684963],[109.503022,21.684516],[109.495942,21.685004],[109.492686,21.684963],[109.492686,21.678127],[109.499278,21.680162],[109.513438,21.682685],[109.519867,21.684963],[109.521007,21.665758],[109.506358,21.65766],[109.484711,21.658026],[109.464692,21.664455],[109.464692,21.65762],[109.529877,21.635688],[109.540538,21.626899],[109.543224,21.619574],[109.572765,21.581732],[109.571056,21.576239],[109.564952,21.57274],[109.560883,21.568264],[109.562266,21.536933],[109.560883,21.526679],[109.556977,21.521552],[109.543305,21.508246],[109.540538,21.503079],[109.530772,21.491645],[109.48585,21.474311],[109.472179,21.465806],[109.466889,21.47484],[109.465831,21.482896],[109.467865,21.490871],[109.472179,21.499335],[109.463878,21.492987],[109.4546,21.481838],[109.447276,21.47012],[109.444184,21.462104],[109.438243,21.455064],[109.424408,21.452379],[109.343761,21.453518],[109.335216,21.458157],[109.320811,21.480129],[109.315522,21.459052],[109.29892,21.443264],[109.277599,21.436998],[109.258637,21.444729],[109.253754,21.440334],[109.250255,21.4383],[109.247651,21.436265],[109.244965,21.431627],[109.23878,21.431627],[109.237153,21.458686],[109.23878,21.485663],[109.227061,21.472235],[109.219737,21.449123],[109.21461,21.417426],[109.171967,21.417548],[109.157074,21.423529],[109.149425,21.438544],[109.144298,21.427558],[109.144623,21.417955],[109.148936,21.40998],[109.156261,21.403754],[109.138682,21.401597],[109.096446,21.425198],[109.077403,21.431627],[109.050141,21.437161],[109.039806,21.450263],[109.043712,21.466254],[109.060069,21.480129],[109.08253,21.486029],[109.109874,21.489569],[109.132823,21.495917],[109.142589,21.510199],[109.1421,21.553453],[109.135753,21.602973],[109.128917,21.602973],[109.12436,21.590969],[109.116059,21.590562],[109.107188,21.597968],[109.101085,21.609198],[109.094819,21.609198],[109.087413,21.599555],[109.077647,21.596991],[109.069672,21.60224],[109.066742,21.616034],[109.060069,21.616034],[109.056651,21.611558],[109.046397,21.602973],[109.049815,21.614081],[109.054698,21.622056],[109.066742,21.636542],[109.066742,21.643948],[109.048432,21.636908],[109.013764,21.615383],[108.992442,21.609198],[108.970225,21.60635],[108.958995,21.606594],[108.944591,21.609198],[108.927989,21.615058],[108.920746,21.622016],[108.906505,21.650824],[108.901703,21.665188],[108.897472,21.671291],[108.891612,21.672675],[108.875499,21.670152],[108.869477,21.671291],[108.85727,21.683417],[108.855235,21.684963],[108.855235,21.694281],[108.860362,21.697903],[108.866466,21.700181],[108.869477,21.70539],[108.864268,21.731879],[108.86142,21.733344],[108.865489,21.739732],[108.867442,21.7414],[108.869965,21.742336],[108.875743,21.746405],[108.885997,21.750434],[108.916596,21.753811],[108.922374,21.762885],[108.924083,21.766832],[108.91684,21.76435],[108.904307,21.762763],[108.897472,21.759996],[108.903087,21.774319],[108.893809,21.771552],[108.886322,21.767157],[108.880626,21.761176],[108.875743,21.753811],[108.869477,21.753811],[108.86142,21.759996],[108.86142,21.766832],[108.866954,21.774156],[108.875743,21.800971],[108.869477,21.800971],[108.858246,21.787299],[108.855235,21.781155],[108.849864,21.791693],[108.850678,21.800523],[108.855235,21.808173],[108.86142,21.815253],[108.840831,21.811591],[108.801362,21.818345],[108.779552,21.815253],[108.78891,21.81094],[108.821056,21.800971],[108.817393,21.796576],[108.816254,21.793362],[108.815929,21.789008],[108.81422,21.781155],[108.832612,21.78384],[108.84254,21.768052],[108.843516,21.745022],[108.834727,21.725816],[108.828949,21.720038],[108.822113,21.715033],[108.816661,21.716376],[108.81422,21.729641],[108.814057,21.741116],[108.812104,21.752427],[108.805919,21.75845],[108.793061,21.753811],[108.798595,21.748277],[108.800548,21.744818],[108.799897,21.733344],[108.796641,21.736965],[108.795177,21.737982],[108.792817,21.73843],[108.786876,21.74018],[108.793061,21.733344],[108.789806,21.729153],[108.786388,21.727851],[108.78297,21.727444],[108.779552,21.725816],[108.799897,21.725816],[108.799897,21.719062],[108.793061,21.719062],[108.793061,21.712836],[108.816661,21.699693],[108.834321,21.685736],[108.838634,21.668036],[108.821056,21.643948],[108.842377,21.646389],[108.851817,21.645982],[108.86142,21.643948],[108.849946,21.625963],[108.833995,21.627997],[108.81544,21.637926],[108.796479,21.643948],[108.787364,21.641425],[108.782074,21.635484],[108.778087,21.62873],[108.772716,21.62344],[108.762787,21.620551],[108.745942,21.620266],[108.738536,21.616034],[108.745372,21.602973],[108.73349,21.612738],[108.731293,21.629462],[108.72755,21.644761],[108.711192,21.650133],[108.711192,21.65762],[108.733165,21.662421],[108.740326,21.660142],[108.745372,21.650133],[108.751557,21.650133],[108.751557,21.691718],[108.742442,21.684149],[108.740245,21.679999],[108.738536,21.671291],[108.7317,21.671291],[108.712657,21.688422],[108.715424,21.709133],[108.724701,21.729722],[108.724864,21.746405],[108.717865,21.74315],[108.711192,21.746405],[108.70045,21.72248],[108.694102,21.712144],[108.683197,21.70539],[108.674571,21.715399],[108.654307,21.723538],[108.649181,21.733344],[108.658783,21.733222],[108.667003,21.734849],[108.683197,21.74018],[108.683197,21.746405],[108.665375,21.751858],[108.652599,21.749986],[108.646332,21.75137],[108.649181,21.766832],[108.65561,21.778225],[108.664806,21.787177],[108.673106,21.798],[108.677013,21.815253],[108.669688,21.815253],[108.667003,21.809516],[108.660167,21.801337],[108.656016,21.794827],[108.64975,21.814154],[108.649181,21.822089],[108.642345,21.822089],[108.643077,21.809394],[108.642182,21.796861],[108.639659,21.78498],[108.635509,21.774319],[108.628673,21.774319],[108.623302,21.783515],[108.621837,21.787909],[108.615001,21.787909],[108.625011,21.767808],[108.629161,21.75609],[108.628673,21.746405],[108.594493,21.74018],[108.593761,21.754828],[108.597504,21.766547],[108.607514,21.787909],[108.580577,21.781317],[108.569428,21.794379],[108.571381,21.812812],[108.584239,21.822089],[108.600597,21.830634],[108.622081,21.87108],[108.635509,21.884182],[108.635509,21.890326],[108.622569,21.896226],[108.594493,21.91767],[108.594086,21.9112],[108.592296,21.906806],[108.589692,21.902899],[108.587657,21.897854],[108.583344,21.900539],[108.5796,21.901801],[108.567149,21.904608],[108.570893,21.901272],[108.573985,21.89997],[108.576996,21.899359],[108.580821,21.897854],[108.570323,21.893378],[108.560313,21.895494],[108.553722,21.903754],[108.552989,21.91767],[108.558116,21.923651],[108.566905,21.927802],[108.573822,21.935452],[108.573334,21.951809],[108.567149,21.951809],[108.566987,21.948554],[108.567393,21.941962],[108.567149,21.938788],[108.559825,21.938788],[108.55836,21.942572],[108.552989,21.951809],[108.550548,21.935452],[108.545665,21.923814],[108.53769,21.914496],[108.525645,21.904608],[108.521495,21.906724],[108.505138,21.910834],[108.505138,21.904608],[108.510753,21.901597],[108.513194,21.898505],[108.515391,21.894924],[108.518809,21.890326],[108.50172,21.88581],[108.484874,21.877102],[108.478363,21.8664],[108.491466,21.856269],[108.463145,21.862982],[108.460704,21.887112],[108.477794,21.945014],[108.470225,21.940253],[108.464692,21.934312],[108.460704,21.926947],[108.458018,21.91767],[108.457286,21.888332],[108.448741,21.86579],[108.455658,21.848782],[108.469574,21.832953],[108.48463,21.822089],[108.481537,21.821479],[108.470958,21.822089],[108.472016,21.817532],[108.473888,21.814439],[108.476085,21.811713],[108.477794,21.807807],[108.488292,21.814765],[108.497081,21.809027],[108.50294,21.797593],[108.505138,21.787909],[108.501964,21.776679],[108.496104,21.768256],[108.491303,21.757717],[108.491466,21.74018],[108.482188,21.743598],[108.475922,21.74433],[108.47047,21.743069],[108.463471,21.74018],[108.475434,21.736762],[108.486827,21.731879],[108.496918,21.725898],[108.505138,21.719062],[108.505138,21.712836],[108.491466,21.712836],[108.49171,21.708686],[108.493907,21.705878],[108.495046,21.705634],[108.497651,21.70539],[108.496349,21.704779],[108.493826,21.70539],[108.477794,21.70539],[108.477794,21.698554],[108.48642,21.697252],[108.496349,21.692939],[108.505138,21.691718],[108.505138,21.684963],[108.501475,21.680365],[108.500824,21.680325],[108.502289,21.679145],[108.505138,21.671291],[108.513031,21.700181],[108.520112,21.712633],[108.533051,21.719062],[108.530528,21.710191],[108.525971,21.70539],[108.521495,21.702297],[108.518809,21.698554],[108.517914,21.689276],[108.520763,21.680569],[108.518809,21.671291],[108.524018,21.675605],[108.527924,21.67768],[108.531016,21.679877],[108.533051,21.684963],[108.53712,21.68537],[108.538585,21.684027],[108.539317,21.678127],[108.542247,21.683824],[108.552989,21.698554],[108.559825,21.698554],[108.56544,21.678534],[108.557221,21.671617],[108.545177,21.666083],[108.539317,21.650133],[108.548839,21.656195],[108.552989,21.65762],[108.546886,21.643052],[108.535981,21.638007],[108.523448,21.639309],[108.511974,21.643948],[108.511974,21.636542],[108.517345,21.634955],[108.521007,21.633002],[108.525401,21.631171],[108.533051,21.630316],[108.530528,21.62051],[108.526866,21.614244],[108.521007,21.610785],[108.511974,21.609198],[108.516612,21.599189],[108.518809,21.595526],[108.490489,21.583686],[108.481212,21.581855],[108.480072,21.587836],[108.481781,21.599514],[108.489106,21.607611],[108.505138,21.602973],[108.505138,21.609198],[108.491466,21.62344],[108.478526,21.606147],[108.471772,21.600491],[108.463471,21.595526],[108.469981,21.5869],[108.471202,21.581204],[108.467133,21.577541],[108.458018,21.5751],[108.458018,21.568264],[108.461029,21.567857],[108.470958,21.568264],[108.470958,21.561998],[108.420014,21.556871],[108.40211,21.559801],[108.389659,21.5751],[108.390636,21.595364],[108.406749,21.600246],[108.420909,21.594224],[108.416352,21.581855],[108.431895,21.583238],[108.438731,21.594184],[108.443696,21.62344],[108.437511,21.62344],[108.432465,21.618109],[108.427582,21.616685],[108.422374,21.61872],[108.416352,21.62344],[108.416352,21.630316],[108.421235,21.635159],[108.427338,21.639146],[108.434825,21.642157],[108.443696,21.643948],[108.441417,21.652086],[108.44809,21.658108],[108.459483,21.662095],[108.470958,21.664455],[108.470958,21.671291],[108.423432,21.663275],[108.409679,21.664455],[108.423595,21.679389],[108.427013,21.68773],[108.423839,21.698554],[108.420909,21.693183],[108.413585,21.684801],[108.409679,21.678127],[108.408051,21.683295],[108.406993,21.683295],[108.403331,21.684963],[108.39796,21.672838],[108.385997,21.672919],[108.337657,21.697455],[108.335948,21.706855],[108.341319,21.725816],[108.321544,21.709662],[108.311371,21.681708],[108.312755,21.651842],[108.327647,21.630316],[108.306488,21.630316],[108.311127,21.61994],[108.313975,21.616034],[108.306407,21.612738],[108.300792,21.607245],[108.296641,21.599433],[108.293468,21.589301],[108.309093,21.588935],[108.313975,21.589301],[108.313975,21.581855],[108.30714,21.578111],[108.289561,21.564032],[108.285981,21.558295],[108.283783,21.544745],[108.277843,21.540107],[108.269135,21.538642],[108.258637,21.534084],[108.22641,21.508002],[108.211029,21.500637],[108.210297,21.513617],[108.21933,21.529364],[108.244965,21.564358],[108.251964,21.581855],[108.252778,21.588528],[108.252533,21.595282],[108.24936,21.603095],[108.24171,21.612616],[108.226817,21.625556],[108.227875,21.632066],[108.238292,21.643948],[108.216889,21.635403],[108.210297,21.630316],[108.209809,21.63349],[108.210297,21.643948],[108.206065,21.642564],[108.200938,21.638617],[108.197276,21.636542],[108.204682,21.631008],[108.208832,21.623928],[108.208832,21.616197],[108.204112,21.609198],[108.204112,21.602973],[108.210297,21.602973],[108.176362,21.575751],[108.15797,21.571519],[108.135265,21.581855],[108.128429,21.5751],[108.132335,21.565375],[108.128266,21.56273],[108.120942,21.566311],[108.114757,21.5751],[108.105805,21.559068],[108.092784,21.558661],[108.078461,21.563218],[108.066254,21.561998],[108.076996,21.545478],[108.071056,21.536566],[108.056895,21.536038],[108.031993,21.551907],[108.0171,21.555243],[108.002289,21.554267],[107.991222,21.548407],[108.027354,21.523342],[108.039561,21.520453],[108.018647,21.518948],[108.011241,21.506537],[108.013682,21.492418],[108.022227,21.485663],[108.036225,21.488227],[108.047618,21.49315],[108.061046,21.496161],[108.080577,21.493109],[108.080577,21.485663],[108.043224,21.481635],[108.016612,21.470364],[107.970714,21.431627],[107.963878,21.431627],[107.965343,21.447333],[107.972667,21.460273],[107.991222,21.480129],[107.991222,21.485663],[107.969981,21.475775],[107.948578,21.454983],[107.929698,21.442613],[107.916026,21.458401],[107.91627,21.468248],[107.921235,21.474799],[107.927013,21.479315],[107.929698,21.482856],[107.928559,21.490546],[107.926036,21.495917],[107.923432,21.499945],[107.922211,21.503079],[107.918712,21.517524],[107.909679,21.526516],[107.896739,21.531562],[107.881928,21.534084],[107.8838,21.52676],[107.88266,21.522528],[107.875092,21.513617],[107.868419,21.513617],[107.86546683875439,21.52234572324128],[107.86672780310619,21.54928901604904],[107.87693850178879,21.766690061943294],[107.88717883962835,21.98394893223624],[107.72888502006249,22.13963289140569],[107.57014459353876,22.29495509727982],[107.41095632276058,22.449916014821873],[107.29351678801294,22.62012542561317]]],[[[113.487804,22.892808],[113.527029,22.846625],[113.546723,22.834866],[113.573009,22.830064],[113.576427,22.82392],[113.587657,22.794623],[113.593516,22.784817],[113.602875,22.772447],[113.602794,22.762641],[113.594574,22.75609],[113.579845,22.75373],[113.558279,22.75788],[113.544607,22.768785],[113.535655,22.784329],[113.528575,22.802151],[113.521169,22.787909],[113.506114,22.798041],[113.495291,22.81387],[113.480805,22.849311],[113.473969,22.849311],[113.473155,22.825385],[113.455903,22.830756],[113.434093,22.849066],[113.40211,22.88288],[113.396169,22.898098],[113.405121,22.908108],[113.432953,22.912014],[113.475597,22.900702],[113.487804,22.892808]]],[[[113.764477,21.966818],[113.748206,21.972788],[113.739056,21.985973],[113.736279,21.997162],[113.745502,21.997795],[113.756859,22.00039],[113.771747,22.000343],[113.775921,21.985859],[113.764477,21.966818]]],[[[113.574067,22.156114],[113.571788,22.152899],[113.567882,22.15058],[113.563243,22.15058],[113.560232,22.141547],[113.567638,22.139065],[113.57252,22.137315],[113.577973,22.139635],[113.577973,22.138088],[113.57488,22.135037],[113.579763,22.131903],[113.585948,22.131944],[113.586681,22.129543],[113.587494,22.127224],[113.587494,22.124864],[113.585948,22.124091],[113.583588,22.123318],[113.577485,22.126654],[113.577973,22.120917],[113.574067,22.119371],[113.570974,22.120144],[113.566742,22.123358],[113.566661,22.117377],[113.565196,22.112616],[113.566335,22.107693],[113.563243,22.10692],[113.557384,22.111151],[113.552257,22.107693],[113.551524,22.106147],[113.549164,22.105373],[113.546804,22.105373],[113.543712,22.107693],[113.541108,22.113267],[113.545258,22.114244],[113.542328,22.140733],[113.542247,22.140815],[113.534109,22.14879],[113.532237,22.152533],[113.534434,22.1612],[113.541433,22.16234],[113.542979,22.163804],[113.552908,22.165839],[113.558604,22.163031],[113.569428,22.160753],[113.574067,22.160753],[113.574067,22.156114]]],[[[113.910574,22.158433],[113.903331,22.158433],[113.897146,22.158433],[113.899587,22.163031],[113.910574,22.166164],[113.910574,22.158433]]],[[[113.910574,22.176378],[113.903331,22.178697],[113.903331,22.18651],[113.910574,22.178697],[113.910574,22.176378]]],[[[113.989106,22.18651],[113.984467,22.188056],[113.97755,22.193427],[113.983735,22.198961],[113.987641,22.198961],[113.990733,22.191881],[113.989106,22.18651]]],[[[113.55071,22.213853],[113.553803,22.211493],[113.555593,22.207546],[113.556814,22.203559],[113.551524,22.204413],[113.548432,22.202053],[113.549164,22.199734],[113.55071,22.198961],[113.55714,22.20246],[113.553803,22.196641],[113.553803,22.195868],[113.552257,22.197414],[113.55071,22.195868],[113.551524,22.1942],[113.551524,22.191881],[113.551524,22.191107],[113.551524,22.189561],[113.548432,22.188056],[113.542979,22.18419],[113.539887,22.182644],[113.535981,22.182644],[113.532888,22.178697],[113.528901,22.178697],[113.524832,22.173814],[113.52475,22.173733],[113.519867,22.183702],[113.520193,22.184882],[113.522146,22.190497],[113.524832,22.193061],[113.525401,22.19363],[113.530365,22.201524],[113.535248,22.207546],[113.533702,22.210761],[113.532074,22.210761],[113.532888,22.209174],[113.527354,22.207546],[113.524343,22.212551],[113.528901,22.213853],[113.528901,22.214626],[113.535248,22.214626],[113.536469,22.217068],[113.53891,22.220771],[113.544526,22.217678],[113.544526,22.216132],[113.55071,22.213853]]],[[[114.026785,22.205227],[114.034516,22.205227],[114.031423,22.195868],[114.026785,22.198961],[114.015798,22.191881],[114.014985,22.198188],[114.022146,22.202826],[114.022146,22.206773],[114.026785,22.205227]]],[[[114.132823,22.209947],[114.125743,22.205227],[114.138194,22.206041],[114.149669,22.206041],[114.154633,22.203599],[114.143077,22.196112],[114.139089,22.191107],[114.145356,22.178697],[114.13738,22.178778],[114.11085,22.177069],[114.114106,22.185736],[114.114106,22.216132],[114.104259,22.215969],[114.106375,22.222398],[114.1067,22.235785],[114.113292,22.233344],[114.117442,22.221869],[114.125743,22.213446],[114.132823,22.216132],[114.132823,22.209947]]],[[[114.156342,22.231757],[114.152192,22.230984],[114.14446,22.236477],[114.142182,22.241197],[114.142182,22.241889],[114.156342,22.238837],[114.156342,22.231757]]],[[[114.042979,22.241197],[114.038341,22.241197],[114.031423,22.249742],[114.020518,22.255194],[114.023692,22.255968],[114.042247,22.255968],[114.042979,22.241197]]],[[[114.051768,22.261379],[114.047862,22.256741],[114.042979,22.256741],[114.045339,22.262152],[114.050222,22.262152],[114.051768,22.261379]]],[[[113.981944,22.208238],[113.980642,22.215318],[113.980642,22.23725],[113.969086,22.23725],[113.959565,22.23725],[113.945649,22.23725],[113.928396,22.223985],[113.921479,22.223985],[113.918305,22.219224],[113.928396,22.216905],[113.928396,22.210761],[113.919119,22.205024],[113.906261,22.204006],[113.894054,22.215318],[113.892507,22.222398],[113.883962,22.219997],[113.873709,22.21308],[113.859141,22.201402],[113.846446,22.197089],[113.839203,22.204901],[113.837901,22.217963],[113.837332,22.228624],[113.839203,22.234198],[113.849213,22.234198],[113.849213,22.244127],[113.856781,22.245998],[113.856781,22.252265],[113.850597,22.256781],[113.851085,22.257107],[113.859874,22.263454],[113.866954,22.268988],[113.867605,22.270738],[113.876801,22.272284],[113.883962,22.279364],[113.892507,22.292711],[113.911306,22.292711],[113.921479,22.291856],[113.928396,22.284857],[113.93865,22.288723],[113.961925,22.301174],[113.976736,22.298082],[113.983735,22.309027],[113.992442,22.310574],[113.999522,22.322252],[114.017345,22.335517],[114.020518,22.328518],[114.043793,22.345771],[114.049327,22.342231],[114.054861,22.33633],[114.051768,22.328518],[114.050222,22.319932],[114.046153,22.323147],[114.038341,22.324571],[114.031423,22.324571],[114.029633,22.308987],[114.012706,22.311347],[114.012706,22.298082],[114.022146,22.301907],[114.017589,22.289049],[114.018891,22.264594],[114.004161,22.264594],[113.995372,22.267768],[114.007253,22.252102],[113.992442,22.241197],[114.014985,22.227078],[114.000173,22.216132],[113.981944,22.208238]]],[[[114.074392,22.284084],[114.073497,22.280137],[114.069672,22.280137],[114.069672,22.285631],[114.071951,22.285631],[114.074392,22.284084]]],[[[114.035248,22.288723],[114.040701,22.291083],[114.038341,22.285631],[114.042979,22.285631],[114.042979,22.281684],[114.034516,22.279364],[114.034516,22.288723],[114.035248,22.288723]]],[[[113.929942,22.315985],[113.933035,22.322252],[113.936127,22.318427],[113.942556,22.322252],[113.939464,22.312893],[113.936127,22.309801],[113.933767,22.300401],[113.931488,22.292711],[113.929942,22.292711],[113.929942,22.301174],[113.923676,22.311347],[113.923676,22.312893],[113.923676,22.313666],[113.929942,22.315985]]],[[[114.145356,22.316799],[114.146821,22.313666],[114.141368,22.310574],[114.136729,22.313666],[114.129812,22.315212],[114.12908,22.315985],[114.134369,22.319932],[114.141368,22.315985],[114.145356,22.316799]]],[[[114.108735,22.340237],[114.104828,22.326117],[114.089041,22.322252],[114.086843,22.339464],[114.079112,22.349636],[114.079112,22.35578],[114.085297,22.358995],[114.093761,22.35578],[114.10255,22.353461],[114.105642,22.347276],[114.108735,22.340237]]],[[[114.062673,22.345771],[114.061778,22.339464],[114.056407,22.339464],[114.054861,22.347276],[114.057953,22.351915],[114.065766,22.348822],[114.062673,22.345771]]],[[[113.876069,22.383897],[113.883962,22.379218],[113.879893,22.369859],[113.876069,22.383897]]],[[[113.610441,22.413337],[113.611816,22.43047],[113.623379,22.439872],[113.634883,22.438045],[113.649595,22.438566],[113.65787,22.432023],[113.657825,22.423751],[113.653293,22.413728],[113.642422,22.411421],[113.642347,22.40019],[113.631449,22.396102],[113.621187,22.391419],[113.612272,22.397962],[113.610441,22.413337]]],[[[113.562427,22.655683],[113.525331,22.683182],[113.491368,22.705774],[113.476511,22.719514],[113.476539,22.731268],[113.50208,22.736112],[113.525501,22.744873],[113.546759,22.741884],[113.559505,22.735],[113.563707,22.720303],[113.573204,22.700698],[113.575322,22.698734],[113.603939,22.684952],[113.635687,22.656475],[113.64511,22.625115],[113.641832,22.601624],[113.628015,22.595785],[113.60261,22.611521],[113.562427,22.655683]]],[[[113.515376,22.96922],[113.52921,22.960354],[113.529186,22.948594],[113.54514,22.937762],[113.553599,22.911281],[113.553542,22.885811],[113.545014,22.879961],[113.523757,22.896679],[113.50996,22.921216],[113.505754,22.951609],[113.515376,22.96922]]],[[[114.292979,22.057807],[114.295421,22.062812],[114.298595,22.067125],[114.30421,22.069281],[114.310069,22.06859],[114.309337,22.062567],[114.306814,22.057196],[114.305349,22.050279],[114.302501,22.044867],[114.222423,22.021674],[114.206716,22.025784],[114.216807,22.032172],[114.271658,22.050523],[114.28297,22.052558],[114.292979,22.057807]]],[[[114.264089,22.16234],[114.256114,22.154568],[114.250662,22.16234],[114.256114,22.171658],[114.266368,22.178697],[114.26946,22.171658],[114.26946,22.164578],[114.264089,22.16234]]],[[[114.249034,22.177151],[114.242849,22.175564],[114.242849,22.18419],[114.242849,22.184963],[114.248383,22.184963],[114.253754,22.18651],[114.256114,22.181871],[114.251475,22.177151],[114.249034,22.177151]]],[[[114.112559,22.271511],[114.113373,22.277818],[114.115652,22.279364],[114.120453,22.281684],[114.12908,22.285631],[114.139089,22.288723],[114.149913,22.285631],[114.157074,22.281684],[114.165701,22.279364],[114.178884,22.279364],[114.188162,22.287177],[114.196788,22.291856],[114.206391,22.288235],[114.215587,22.285631],[114.221772,22.279364],[114.228119,22.280911],[114.23585,22.277818],[114.243663,22.264594],[114.251475,22.25906],[114.251475,22.248887],[114.245291,22.241889],[114.249034,22.23253],[114.253754,22.223985],[114.249034,22.222398],[114.256114,22.203599],[114.243663,22.20128],[114.240489,22.205227],[114.232758,22.211493],[114.232677,22.221991],[114.229503,22.233588],[114.222667,22.238837],[114.216807,22.23432],[114.222667,22.23253],[114.222667,22.224758],[114.218679,22.223985],[114.211762,22.216132],[114.218679,22.206],[114.215587,22.198961],[114.219493,22.191881],[114.207693,22.189561],[114.206065,22.205227],[114.209321,22.207546],[114.206554,22.212388],[114.196056,22.207546],[114.191417,22.209947],[114.196056,22.215318],[114.189057,22.219224],[114.193696,22.225531],[114.191417,22.230984],[114.182709,22.23253],[114.183849,22.241034],[114.171153,22.233303],[114.167247,22.227851],[114.164887,22.227851],[114.162608,22.233303],[114.160981,22.240383],[114.152192,22.245022],[114.135997,22.245754],[114.12908,22.248887],[114.125011,22.256741],[114.123546,22.261379],[114.118826,22.269192],[114.112559,22.271511]]],[[[114.288259,22.23253],[114.285167,22.238023],[114.281342,22.238837],[114.282888,22.249742],[114.282888,22.248887],[114.29599,22.254421],[114.29599,22.248114],[114.298513,22.242662],[114.295177,22.23725],[114.288259,22.23253]]],[[[114.34669,22.25906],[114.344412,22.263048],[114.34669,22.269192],[114.349946,22.264594],[114.34669,22.25906]]],[[[114.264822,22.269965],[114.265636,22.279364],[114.272553,22.27619],[114.264822,22.269965]]],[[[114.370209,22.305162],[114.368663,22.305162],[114.363943,22.312893],[114.366303,22.318427],[114.370209,22.311347],[114.370209,22.305162]]],[[[114.34669,22.309801],[114.353038,22.322252],[114.356049,22.322252],[114.352306,22.312893],[114.34669,22.309801]]],[[[114.331228,22.326117],[114.319509,22.323798],[114.316335,22.33633],[114.323497,22.339464],[114.328868,22.337144],[114.331228,22.326117]]],[[[114.310883,22.376125],[114.316335,22.376125],[114.319509,22.358995],[114.328868,22.350369],[114.328868,22.342556],[114.307791,22.342556],[114.305431,22.345771],[114.304698,22.358995],[114.303152,22.36522],[114.310883,22.376125]]],[[[114.29599,22.348822],[114.289724,22.353461],[114.288992,22.36522],[114.288992,22.369086],[114.292817,22.371405],[114.29599,22.362087],[114.29599,22.348822]]],[[[114.363129,22.486111],[114.365408,22.474433],[114.359141,22.465806],[114.353038,22.480658],[114.358328,22.486884],[114.363129,22.486111]]],[[[114.303152,22.514268],[114.308523,22.526028],[114.317068,22.518175],[114.312429,22.512803],[114.300059,22.506415],[114.29363,22.512803],[114.298513,22.515855],[114.303152,22.514268]]],[[[114.288992,22.556383],[114.297699,22.550198],[114.308523,22.554063],[114.316335,22.551744],[114.303884,22.547838],[114.298513,22.547838],[114.295177,22.547838],[114.300792,22.535264],[114.288992,22.540798],[114.285981,22.547065],[114.288992,22.556383]]],[[[114.427908,22.548611],[114.43336,22.543891],[114.422537,22.543891],[114.425629,22.551703],[114.427908,22.548611]]],[[[117.048897,23.40471],[117.023936,23.414537],[117.015447,23.416249],[117.004009,23.419759],[116.992445,23.419213],[116.969345,23.418946],[116.948098,23.421805],[116.942989,23.430062],[116.95311,23.442087],[116.967635,23.453148],[116.982188,23.459459],[116.98878,23.455634],[116.993907,23.44831],[117.000255,23.441555],[117.01002,23.438951],[117.017426,23.441881],[117.026857,23.443855],[117.037579,23.446901],[117.044348,23.464467],[117.049083,23.474084],[117.062999,23.478461],[117.070811,23.475328],[117.071544,23.47309],[117.090328,23.461077],[117.102148,23.467993],[117.108945,23.482294],[117.125852,23.482692],[117.122569,23.465522],[117.134091,23.460469],[117.141794,23.449653],[117.137367,23.419565],[117.128781,23.399369],[117.106944,23.403551],[117.082877,23.411144],[117.048897,23.40471]]],[[[116.98585,23.560452],[116.995616,23.563544],[117.005138,23.562934],[117.009288,23.554999],[117.003673,23.54621],[116.99586,23.53852],[116.992931,23.533881],[116.987804,23.524115],[116.970958,23.514635],[116.950938,23.517401],[116.937266,23.526272],[116.936046,23.535549],[116.946544,23.539455],[116.957774,23.544908],[116.96754,23.554348],[116.974376,23.559394],[116.978526,23.559272],[116.98585,23.560452]]],[[[116.971202,23.594184],[116.968923,23.585761],[116.960623,23.574123],[116.960785,23.554714],[116.958263,23.547349],[116.952485,23.543769],[116.942556,23.543565],[116.929454,23.539537],[116.923757,23.543443],[116.919526,23.548489],[116.918875,23.554999],[116.924978,23.560696],[116.937104,23.566352],[116.945974,23.57449],[116.946056,23.582017],[116.948985,23.591051],[116.953705,23.59573],[116.96697,23.600816],[116.970795,23.59984],[116.971202,23.594184]]],[[[117.467219,23.657934],[117.444835,23.664944],[117.43267,23.660117],[117.421149,23.646464],[117.417766,23.627466],[117.415375,23.608222],[117.423839,23.601996],[117.431559,23.58263],[117.37446,23.572654],[117.320483,23.574016],[117.337819,23.596463],[117.369125,23.622357],[117.393728,23.679185],[117.386729,23.684882],[117.375499,23.689399],[117.363943,23.691474],[117.35613,23.689399],[117.346446,23.68476],[117.340505,23.688951],[117.342459,23.699652],[117.376689,23.728865],[117.375662,23.747301],[117.379242,23.746812],[117.372732,23.76675],[117.385916,23.774156],[117.404307,23.774156],[117.413585,23.771674],[117.41977,23.754299],[117.434825,23.750718],[117.447782,23.742252],[117.468901,23.75309],[117.504161,23.749905],[117.526661,23.740107],[117.516191,23.716278],[117.495942,23.72016],[117.484156,23.710793],[117.476543,23.689432],[117.479835,23.662678],[117.467219,23.657934]]]]}},{"type":"Feature","properties":{"id":"min","sourceRefs":["atlas-943-fixed-master"]},"geometry":{"type":"MultiPolygon","coordinates":[[[[118.247,24.419298],[118.244802,24.415147],[118.240164,24.412828],[118.220225,24.407538],[118.208995,24.411607],[118.228038,24.446031],[118.233084,24.450751],[118.241059,24.452623],[118.249034,24.452826],[118.256358,24.448106],[118.262706,24.441799],[118.262543,24.430976],[118.257335,24.423774],[118.251231,24.423367],[118.247,24.419298]]],[[[118.292735,24.432074],[118.292328,24.440619],[118.289561,24.455634],[118.28297,24.470038],[118.282074,24.477362],[118.287852,24.480455],[118.316657,24.493349],[118.354809,24.470562],[118.381414,24.473511],[118.385393,24.503817],[118.394216,24.522691],[118.422597,24.527968],[118.44959,24.505528],[118.467355,24.461828],[118.463356,24.431523],[118.448785,24.415513],[118.422901,24.430304],[118.403624,24.43601],[118.372856,24.433201],[118.34576,24.417579],[118.330994,24.396482],[118.318218,24.390544],[118.303233,24.39704],[118.292979,24.39765],[118.283946,24.401272],[118.279552,24.408433],[118.281098,24.411038],[118.289399,24.4206],[118.292003,24.424994],[118.292735,24.432074]]],[[[118.081554,24.472602],[118.093435,24.474677],[118.103038,24.479885],[118.106212,24.494127],[118.082286,24.482327],[118.074718,24.483954],[118.072032,24.49787],[118.075206,24.512152],[118.089366,24.538398],[118.09254,24.55622],[118.112071,24.5456],[118.137869,24.536526],[118.163097,24.531968],[118.181407,24.535102],[118.182302,24.52265],[118.189301,24.503079],[118.188731,24.494127],[118.180837,24.483466],[118.171641,24.478461],[118.16391,24.47191],[118.160818,24.456936],[118.153819,24.437079],[118.136485,24.429267],[118.114024,24.430609],[118.092052,24.438463],[118.081065,24.445217],[118.073416,24.452704],[118.069998,24.460273],[118.072032,24.467475],[118.081554,24.472602]]],[[[118.300955,24.565212],[118.306895,24.567491],[118.323985,24.569159],[118.333832,24.563544],[118.33546,24.555569],[118.332693,24.547838],[118.326508,24.54324],[118.30128,24.55744],[118.297699,24.561428],[118.300955,24.565212]]],[[[119.457937,24.980048],[119.460378,24.99079],[119.469493,24.995754],[119.476085,24.9949],[119.476899,24.988308],[119.473643,24.980862],[119.462901,24.975898],[119.457937,24.980048]]],[[[119.156912,25.100653],[119.15561,25.095893],[119.152517,25.092597],[119.144054,25.088243],[119.136078,25.079413],[119.136974,25.071275],[119.139822,25.067735],[119.139089,25.062079],[119.14088,25.057522],[119.143565,25.055609],[119.124115,25.036607],[119.123627,25.034288],[119.124848,25.030219],[119.12143,25.027452],[119.117198,25.030707],[119.115896,25.036282],[119.112315,25.040676],[119.106375,25.044704],[119.104991,25.048448],[119.113292,25.053656],[119.118256,25.061672],[119.115326,25.067084],[119.111827,25.070095],[119.11142,25.073676],[119.109874,25.077012],[119.10906,25.080593],[119.11085,25.081936],[119.115164,25.083116],[119.12322,25.089016],[119.135753,25.094346],[119.14503,25.096218],[119.154145,25.102688],[119.156912,25.100653]]],[[[119.488943,25.196275],[119.461192,25.203315],[119.449474,25.214342],[119.444672,25.229071],[119.446544,25.235989],[119.454356,25.238471],[119.458181,25.241116],[119.470388,25.252183],[119.476085,25.250556],[119.481456,25.245022],[119.486664,25.244859],[119.49171,25.2414],[119.49643,25.23135],[119.502615,25.221015],[119.511974,25.213446],[119.522797,25.208441],[119.534028,25.207221],[119.543468,25.209377],[119.551036,25.209459],[119.561046,25.208645],[119.567556,25.204901],[119.563243,25.198798],[119.553396,25.195258],[119.548188,25.185981],[119.548676,25.172431],[119.542166,25.165351],[119.528982,25.165351],[119.517345,25.171454],[119.510916,25.182318],[119.51295,25.191392],[119.512706,25.198798],[119.503266,25.203803],[119.492931,25.200507],[119.488943,25.196275]]],[[[119.331716,25.571275],[119.343272,25.57331],[119.346528,25.566718],[119.345958,25.561103],[119.352061,25.552232],[119.349132,25.544013],[119.343598,25.515367],[119.334727,25.489691],[119.330577,25.467353],[119.334809,25.449897],[119.334972,25.437974],[119.32602,25.433987],[119.313731,25.429918],[119.302582,25.422919],[119.296886,25.422919],[119.288341,25.443671],[119.285655,25.454739],[119.281586,25.463813],[119.281505,25.482896],[119.303722,25.537746],[119.305024,25.543362],[119.307465,25.54682],[119.310313,25.548651],[119.318207,25.557074],[119.3213,25.561225],[119.331716,25.571275]]],[[[119.669851,25.652574],[119.677094,25.655666],[119.681,25.651842],[119.717052,25.663926],[119.719412,25.657294],[119.718761,25.645575],[119.714529,25.640245],[119.683035,25.638129],[119.676606,25.636461],[119.670746,25.639553],[119.665375,25.644273],[119.669851,25.652574]]],[[[119.596853,25.646348],[119.591319,25.642117],[119.584809,25.638373],[119.577729,25.631578],[119.57545,25.631578],[119.573904,25.632799],[119.5713,25.63467],[119.5678,25.635281],[119.563406,25.63699],[119.559093,25.643663],[119.564138,25.645331],[119.56544,25.649034],[119.566905,25.645779],[119.571869,25.640245],[119.577729,25.650417],[119.585623,25.655137],[119.587738,25.660305],[119.593435,25.661526],[119.596202,25.668362],[119.60434,25.668972],[119.608246,25.669704],[119.606944,25.65884],[119.596853,25.646348]]],[[[119.272227,26.04206],[119.305431,26.035956],[119.369802,26.014228],[119.401215,25.996039],[119.404959,25.977932],[119.390636,25.966986],[119.381114,25.966986],[119.371593,25.971584],[119.345958,25.976386],[119.312022,25.986762],[119.302013,25.991848],[119.290538,25.995266],[119.273285,25.997138],[119.257579,26.001451],[119.250743,26.012397],[119.246837,26.026557],[119.237559,26.037584],[119.226736,26.047675],[119.217784,26.059027],[119.209239,26.098578],[119.221202,26.089545],[119.243337,26.057074],[119.257579,26.047553],[119.272227,26.04206]]],[[[119.613129,26.121161],[119.626964,26.107896],[119.638927,26.088568],[119.644054,26.078437],[119.638845,26.070502],[119.620372,26.064195],[119.565278,26.080471],[119.553966,26.095649],[119.57488,26.119534],[119.599376,26.128119],[119.613129,26.121161]]],[[[116.81569221909449,24.389049874802893],[116.60809591759694,24.51980183949551],[116.40001168537542,24.650002515290492],[116.30012389652128,24.7750838791742],[116.19999571960508,24.900009135514516],[116.32482972809744,25.02510916198358],[116.4500010824477,25.14999883585037],[116.47495185418418,25.325037103609166],[116.49998980465631,25.500001668571926],[116.59973967301073,25.616803745869614],[116.69974065865864,25.733466749385244],[116.79999351433639,25.849990815294625],[116.8499122909584,26.025040648979083],[116.90001211979447,26.20000187115226],[116.8750511472169,26.375038236166905],[116.84999784582928,26.55000479251647],[116.80005778908746,26.67503322706439],[116.74998974320235,26.800001222457546],[116.88480284553259,26.925114325985415],[117.01999127901779,27.05000080122595],[117.08489036776015,27.200043380430706],[117.14999762007922,27.350001798296077],[117.299820138404,27.450131956654115],[117.44998686768164,27.55000134817024],[117.62483512335653,27.625167449667174],[117.79999926352875,27.69999124406279],[117.97486817959799,27.760164390466326],[118.14999762826605,27.81999875056862],[118.3147368568446,27.960156549467683],[118.47999844024854,28.09999389205593],[118.61516397327814,27.975110956937755],[118.74999428745632,27.849993776909255],[118.89012672122308,27.75511733607227],[119.03000241723304,27.660002683730546],[119.13991445890512,27.730070105262733],[119.25000347199261,27.799999942649112],[119.35021173893257,27.600094818866662],[119.45001071659843,27.399998538562777],[119.57507850351438,27.335088787532662],[119.69999477322209,27.269993480773024],[119.81491534586247,27.335067741781913],[119.93000822961442,27.399992158164505],[120.01510286914375,27.290049894414516],[120.10001038476572,27.179999793396323],[120.27500374059578,27.17016793541928],[120.40629230643742,27.162535143259497],[120.421723,27.153144],[120.421723,27.146959],[120.406586,27.14643],[120.384613,27.149848],[120.373871,27.146959],[120.40797,27.139553],[120.40797,27.132717],[120.381358,27.12523],[120.373871,27.132717],[120.367035,27.12523],[120.381358,27.119045],[120.381358,27.11225],[120.373871,27.11225],[120.373871,27.106024],[120.39503,27.106024],[120.377533,27.098578],[120.357921,27.098375],[120.282725,27.112291],[120.274913,27.115627],[120.262055,27.12995],[120.255138,27.133043],[120.243663,27.132717],[120.247162,27.121649],[120.252452,27.113959],[120.258393,27.107082],[120.264008,27.098578],[120.278331,27.063788],[120.271495,27.057563],[120.257823,27.072659],[120.245209,27.065334],[120.232188,27.050686],[120.216319,27.043931],[120.216319,27.037095],[120.241547,27.034003],[120.255626,27.017524],[120.255219,26.997056],[120.237397,26.981879],[120.229991,26.989325],[120.216075,26.984076],[120.193207,26.98135],[120.148692,26.981879],[120.187022,26.963528],[120.199555,26.961371],[120.213878,26.963813],[120.225922,26.967353],[120.235688,26.966376],[120.243663,26.955146],[120.23935,26.952338],[120.234711,26.945624],[120.229991,26.940904],[120.237397,26.927232],[120.228608,26.923],[120.224132,26.918687],[120.219086,26.915432],[120.209483,26.91356],[120.200776,26.915432],[120.168468,26.927232],[120.147227,26.929023],[120.125743,26.927314],[120.113617,26.918769],[120.120697,26.899888],[120.10963,26.894355],[120.102794,26.890082],[120.095551,26.887274],[120.083263,26.886298],[120.079112,26.888373],[120.073497,26.893052],[120.065684,26.897854],[120.055756,26.899888],[120.031993,26.899888],[120.055268,26.88939],[120.0442,26.876695],[120.025157,26.860175],[120.024506,26.837877],[120.033702,26.829739],[120.047618,26.823228],[120.062999,26.818915],[120.076264,26.817369],[120.085053,26.813707],[120.096528,26.805894],[120.11085,26.798733],[120.128184,26.796942],[120.11964,26.784166],[120.106944,26.771796],[120.097748,26.75849],[120.10019,26.742906],[120.112397,26.735745],[120.128754,26.735053],[120.142833,26.732815],[120.148692,26.721177],[120.143565,26.71011],[120.131928,26.707221],[120.1185,26.706366],[120.107677,26.701321],[120.102061,26.689154],[120.103608,26.675279],[120.110444,26.660631],[120.120697,26.646064],[120.134369,26.65351],[120.134369,26.646064],[120.098969,26.628363],[120.090343,26.622219],[120.080414,26.617418],[120.075206,26.621487],[120.076508,26.630113],[120.086681,26.639228],[120.079682,26.646064],[120.027843,26.615302],[120.014903,26.611274],[119.959972,26.611274],[119.948741,26.606147],[119.941173,26.593329],[119.937022,26.576728],[119.935639,26.560452],[119.884288,26.523179],[119.847179,26.523627],[119.835704,26.531399],[119.832612,26.550482],[119.835948,26.56151],[119.841645,26.562405],[119.848155,26.560736],[119.85377,26.564114],[119.854828,26.571926],[119.852061,26.59101],[119.85377,26.598293],[119.8685,26.610053],[119.888438,26.617133],[119.928966,26.625637],[119.944835,26.632025],[119.968516,26.647935],[119.984141,26.65351],[119.982026,26.658149],[119.97877,26.669623],[119.976817,26.674018],[119.986339,26.679633],[120.000255,26.707709],[120.011485,26.721177],[120.012299,26.719062],[120.017833,26.717027],[120.028168,26.714993],[120.032319,26.71662],[120.031993,26.720404],[120.030528,26.724921],[120.031993,26.728583],[120.077647,26.78559],[120.079682,26.796942],[120.067475,26.800482],[120.014903,26.790025],[119.9463,26.796942],[119.925141,26.792182],[119.923676,26.781236],[119.935639,26.759019],[119.924083,26.732489],[119.901866,26.71011],[119.888031,26.687242],[119.901622,26.659735],[119.879649,26.655341],[119.856944,26.65351],[119.85377,26.68769],[119.850597,26.689521],[119.829194,26.714993],[119.819591,26.711371],[119.803071,26.693793],[119.791759,26.68769],[119.791515,26.704779],[119.802257,26.766791],[119.811534,26.775784],[119.840099,26.790025],[119.82838,26.79564],[119.815766,26.797593],[119.803233,26.795722],[119.791759,26.790025],[119.797374,26.816392],[119.815033,26.825629],[119.834809,26.832506],[119.846283,26.8522],[119.819835,26.84927],[119.79835,26.841376],[119.781993,26.828518],[119.7706,26.810533],[119.765229,26.794094],[119.76588,26.784003],[119.768809,26.7744],[119.7706,26.759019],[119.766449,26.74494],[119.756196,26.737738],[119.743012,26.737128],[119.730235,26.742906],[119.730235,26.749091],[119.732677,26.763414],[119.726085,26.786526],[119.712006,26.807929],[119.692393,26.817369],[119.685802,26.811998],[119.680186,26.799628],[119.67628,26.785875],[119.675059,26.776435],[119.677989,26.763129],[119.683849,26.754218],[119.710297,26.729885],[119.720225,26.724514],[119.727387,26.717922],[119.730235,26.704739],[119.724946,26.697821],[119.713145,26.699856],[119.696137,26.708197],[119.680431,26.721829],[119.663829,26.740546],[119.646007,26.753323],[119.626557,26.749091],[119.620372,26.76557],[119.622651,26.777167],[119.621837,26.78677],[119.606049,26.796942],[119.597748,26.797105],[119.584565,26.794623],[119.575531,26.788031],[119.579438,26.776435],[119.571544,26.766547],[119.557628,26.758775],[119.552094,26.749091],[119.550304,26.737209],[119.551524,26.725165],[119.554698,26.71483],[119.55893,26.708197],[119.570811,26.703274],[119.583751,26.703925],[119.595958,26.703315],[119.606049,26.694525],[119.608246,26.683539],[119.606456,26.669908],[119.599864,26.646064],[119.568126,26.664537],[119.55893,26.666571],[119.544444,26.662502],[119.541108,26.656317],[119.545421,26.636176],[119.55421,26.61518],[119.592377,26.590888],[119.599864,26.57038],[119.606049,26.57038],[119.618907,26.587836],[119.637787,26.598822],[119.65797,26.607652],[119.675059,26.618801],[119.687511,26.611274],[119.700938,26.608588],[119.730235,26.611274],[119.722748,26.611274],[119.735199,26.611965],[119.742198,26.608629],[119.742931,26.601752],[119.73642,26.591457],[119.748627,26.587958],[119.771739,26.583889],[119.784923,26.577826],[119.782237,26.564765],[119.782725,26.559638],[119.784923,26.550482],[119.774181,26.559516],[119.7706,26.564114],[119.761729,26.550727],[119.76588,26.534369],[119.779145,26.520697],[119.798595,26.515774],[119.795258,26.511623],[119.793468,26.508205],[119.790619,26.505194],[119.784923,26.502021],[119.794281,26.497138],[119.802257,26.489447],[119.812266,26.474799],[119.817719,26.462144],[119.818858,26.453192],[119.816742,26.444729],[119.812266,26.433783],[119.808849,26.433051],[119.795746,26.434272],[119.791759,26.433783],[119.791108,26.429918],[119.792491,26.416653],[119.791759,26.413316],[119.772065,26.406724],[119.761974,26.407457],[119.752045,26.431464],[119.737641,26.443671],[119.718761,26.45185],[119.699229,26.454901],[119.689789,26.459459],[119.664561,26.492133],[119.653656,26.498033],[119.646983,26.494045],[119.640961,26.482164],[119.635753,26.479438],[119.625499,26.470933],[119.620372,26.467963],[119.605724,26.474351],[119.599864,26.474799],[119.5796,26.470893],[119.5713,26.465725],[119.566417,26.454901],[119.57309,26.437812],[119.594086,26.43358],[119.616303,26.437405],[119.626557,26.444322],[119.63087,26.448717],[119.639985,26.444403],[119.648448,26.437445],[119.654307,26.429023],[119.655528,26.355618],[119.665294,26.340155],[119.688731,26.337592],[119.686615,26.333075],[119.683849,26.321682],[119.681895,26.317125],[119.6963,26.31684],[119.735688,26.322211],[119.747081,26.327623],[119.748383,26.358873],[119.754405,26.372056],[119.7706,26.364936],[119.780121,26.374986],[119.784679,26.386379],[119.787364,26.397406],[119.791759,26.40648],[119.797699,26.411322],[119.825776,26.426947],[119.834809,26.412095],[119.846283,26.402411],[119.851329,26.392808],[119.840099,26.378567],[119.855805,26.377631],[119.880138,26.363105],[119.894786,26.35871],[119.908458,26.3605],[119.934825,26.370551],[119.949962,26.372301],[119.949962,26.364936],[119.888194,26.318834],[119.877452,26.313381],[119.854747,26.327541],[119.826752,26.328355],[119.801117,26.317572],[119.784923,26.296617],[119.790863,26.295559],[119.805431,26.290432],[119.792735,26.284084],[119.784679,26.287095],[119.776622,26.29328],[119.764415,26.296617],[119.753429,26.29442],[119.732677,26.285061],[119.71933,26.282945],[119.694591,26.282945],[119.673595,26.280504],[119.654307,26.272406],[119.634125,26.255072],[119.651703,26.250067],[119.668224,26.242011],[119.664806,26.231635],[119.668224,26.221503],[119.652436,26.217597],[119.636974,26.211656],[119.625011,26.202948],[119.620372,26.190497],[119.613536,26.182196],[119.600108,26.176337],[119.591807,26.166409],[119.599864,26.145819],[119.561127,26.124986],[119.537364,26.096829],[119.518321,26.064887],[119.493744,26.032864],[119.473155,25.997138],[119.458507,25.982489],[119.435557,25.98135],[119.431733,25.985297],[119.421479,26.002387],[119.41505,26.009263],[119.404877,26.013861],[119.382823,26.018622],[119.373383,26.022284],[119.343354,26.04206],[119.326915,26.048041],[119.27711,26.052924],[119.261241,26.060533],[119.233165,26.087795],[119.215831,26.100084],[119.200938,26.104682],[119.161143,26.11164],[119.151622,26.115709],[119.120209,26.135932],[119.103608,26.143134],[119.093516,26.145819],[119.093516,26.139594],[119.115977,26.123196],[119.136485,26.102932],[119.157319,26.090766],[119.181488,26.098619],[119.19516,26.087592],[119.200694,26.075914],[119.208995,26.043402],[119.217377,26.028957],[119.237315,26.006252],[119.243012,25.995022],[119.246837,25.967231],[119.254975,25.963284],[119.296153,25.956977],[119.329845,25.944281],[119.34669,25.940375],[119.377533,25.941392],[119.40976,25.949856],[119.440929,25.963813],[119.490001,25.994208],[119.496837,26.001776],[119.500011,26.010199],[119.501801,26.029202],[119.504242,26.035956],[119.519054,26.044501],[119.554291,26.04564],[119.566417,26.050238],[119.619395,26.023505],[119.648448,26.015448],[119.675059,26.022284],[119.695404,26.002631],[119.700694,25.995185],[119.702403,25.985053],[119.698985,25.972561],[119.675059,25.926093],[119.665538,25.915351],[119.654307,25.906928],[119.640391,25.901353],[119.623546,25.8994],[119.616466,25.892646],[119.599864,25.844184],[119.584076,25.876939],[119.574229,25.884914],[119.566417,25.872056],[119.577891,25.862372],[119.579112,25.841254],[119.583018,25.820217],[119.603038,25.810614],[119.607921,25.805162],[119.608409,25.79267],[119.606049,25.769029],[119.609874,25.767157],[119.61671,25.764716],[119.62086,25.760321],[119.61671,25.752265],[119.596446,25.731513],[119.593761,25.721869],[119.593028,25.693183],[119.589936,25.687161],[119.587169,25.685696],[119.584321,25.682603],[119.579926,25.679999],[119.572602,25.679674],[119.567638,25.681952],[119.564301,25.689683],[119.535411,25.705878],[119.522797,25.705797],[119.517345,25.690172],[119.50058,25.689683],[119.487071,25.687323],[119.477061,25.679674],[119.469493,25.68358],[119.463634,25.685289],[119.449067,25.687161],[119.455903,25.663723],[119.459727,25.63288],[119.467052,25.613918],[119.483246,25.625678],[119.47934,25.601549],[119.481049,25.580471],[119.492442,25.564765],[119.517345,25.556789],[119.522065,25.56151],[119.526703,25.57099],[119.534434,25.575873],[119.548839,25.567043],[119.558442,25.563788],[119.568126,25.569037],[119.575694,25.577786],[119.579438,25.584662],[119.56837,25.547431],[119.572276,25.533433],[119.59311,25.529486],[119.587413,25.521918],[119.583018,25.51732],[119.576915,25.515326],[119.566417,25.515815],[119.581635,25.509263],[119.589854,25.50788],[119.599864,25.508368],[119.587413,25.498725],[119.581635,25.496161],[119.572602,25.494696],[119.572602,25.48786],[119.598481,25.492743],[119.603608,25.491156],[119.599864,25.481024],[119.599864,25.47484],[119.61142,25.474107],[119.622406,25.469428],[119.628022,25.461371],[119.623546,25.450344],[119.614024,25.438788],[119.61671,25.437242],[119.625336,25.438056],[119.634125,25.433254],[119.645274,25.410468],[119.646007,25.392564],[119.637299,25.377997],[119.620372,25.364976],[119.637787,25.363593],[119.6456,25.361558],[119.654552,25.35814],[119.602875,25.346137],[119.579438,25.344468],[119.583018,25.353013],[119.587901,25.360785],[119.593598,25.367092],[119.599864,25.371161],[119.588715,25.401313],[119.577973,25.418687],[119.58253,25.425605],[119.589854,25.43183],[119.59311,25.439439],[119.589692,25.443264],[119.576264,25.462836],[119.57602,25.467353],[119.56837,25.466254],[119.561534,25.463284],[119.556,25.45893],[119.552094,25.453762],[119.548188,25.456977],[119.545421,25.458645],[119.538585,25.461168],[119.535899,25.449937],[119.534434,25.433783],[119.535981,25.419135],[119.542003,25.412787],[119.556163,25.410468],[119.558197,25.404608],[119.552094,25.388861],[119.544444,25.377183],[119.52589,25.374091],[119.503266,25.373928],[119.483246,25.371161],[119.491222,25.383205],[119.497813,25.3994],[119.502533,25.416205],[119.504242,25.429877],[119.502045,25.433987],[119.496837,25.436754],[119.492198,25.440375],[119.490733,25.446926],[119.493663,25.45425],[119.50294,25.46247],[119.505463,25.472317],[119.507335,25.474433],[119.504893,25.474921],[119.466156,25.47484],[119.458263,25.466295],[119.453217,25.449774],[119.447032,25.438788],[119.435557,25.446926],[119.433116,25.45954],[119.445567,25.490139],[119.449067,25.505276],[119.441905,25.509508],[119.365977,25.520697],[119.356537,25.526923],[119.352875,25.53974],[119.356049,25.550727],[119.38087,25.590888],[119.368907,25.584906],[119.364757,25.58218],[119.360362,25.577297],[119.352875,25.584662],[119.356293,25.600043],[119.343028,25.609198],[119.322602,25.611029],[119.305186,25.60456],[119.321381,25.587348],[119.310557,25.577867],[119.277843,25.570461],[119.271983,25.557522],[119.268809,25.526923],[119.260753,25.512112],[119.237804,25.481757],[119.22934,25.47484],[119.215099,25.470282],[119.18336,25.464993],[119.171641,25.457465],[119.161388,25.44892],[119.128673,25.429999],[119.11671,25.426418],[119.10255,25.420315],[119.10963,25.406806],[119.156993,25.362616],[119.165294,25.349555],[119.168468,25.33393],[119.173188,25.325141],[119.183116,25.329413],[119.192393,25.342027],[119.195323,25.35814],[119.20338,25.35814],[119.223155,25.316596],[119.201508,25.306342],[119.191742,25.299547],[119.181488,25.289252],[119.193207,25.27497],[119.196788,25.263332],[119.201264,25.259711],[119.216319,25.269355],[119.225841,25.27969],[119.234711,25.294867],[119.241222,25.312567],[119.243012,25.330227],[119.254161,25.322821],[119.265147,25.317572],[119.273692,25.31859],[119.277843,25.330227],[119.288666,25.325426],[119.293305,25.321967],[119.29835,25.316596],[119.291352,25.316596],[119.296967,25.307196],[119.318858,25.279364],[119.324229,25.275092],[119.335785,25.272284],[119.347504,25.267768],[119.352875,25.25849],[119.344249,25.242377],[119.323741,25.237982],[119.281261,25.241441],[119.272472,25.231757],[119.288829,25.189114],[119.281261,25.179389],[119.255626,25.175897],[119.242753,25.189987],[119.229376,25.193215],[119.212657,25.186225],[119.192882,25.182318],[119.175629,25.1765],[119.164679,25.191574],[119.153359,25.206955],[119.141975,25.220978],[119.116096,25.213782],[119.101794,25.196634],[119.10418,25.182948],[119.114251,25.173056],[119.119884,25.160712],[119.124848,25.155504],[119.129242,25.148668],[119.1338,25.138414],[119.146576,25.143744],[119.153087,25.139716],[119.149913,25.131578],[119.1338,25.124742],[119.11671,25.126614],[119.103526,25.133246],[119.093272,25.135647],[119.08546,25.124742],[119.090343,25.121243],[119.09311,25.118069],[119.095714,25.114732],[119.099132,25.111151],[119.089447,25.113674],[119.064789,25.124742],[119.073985,25.145657],[119.079194,25.152086],[119.064708,25.162543],[119.053233,25.15762],[119.045909,25.143052],[119.044444,25.124742],[119.029063,25.14053],[119.034028,25.158677],[119.058604,25.186225],[119.069102,25.203681],[119.068858,25.216742],[119.057384,25.225002],[119.03476,25.227769],[118.987315,25.222235],[118.96933,25.226386],[118.979991,25.244859],[119.000011,25.254055],[119.024946,25.259289],[119.027298,25.278238],[118.983653,25.283026],[118.918468,25.26439],[118.907807,25.25849],[118.896495,25.257514],[118.87558,25.243842],[118.864838,25.227973],[118.884044,25.220364],[118.911143,25.217231],[118.913829,25.208686],[118.909272,25.195705],[118.915294,25.179389],[118.920909,25.187934],[118.932953,25.194566],[118.948253,25.19717],[118.963145,25.193671],[118.97462,25.182563],[118.972179,25.172065],[118.955577,25.152086],[118.948985,25.136949],[118.949067,25.118964],[118.947276,25.113186],[118.942963,25.108832],[118.935151,25.104315],[118.921397,25.101386],[118.903168,25.102484],[118.88559,25.106147],[118.86769,25.100408],[118.857677,25.098049],[118.848969,25.086615],[118.849132,25.073798],[118.860118,25.056545],[118.87794,25.040717],[118.895763,25.033515],[118.935151,25.022366],[118.928315,25.014879],[118.940684,25.006659],[118.953705,25.002997],[118.967052,25.004543],[118.979991,25.011786],[118.990489,25.040188],[118.997325,25.053534],[119.004161,25.050238],[119.003429,25.040473],[118.999522,25.024075],[118.993419,25.008734],[118.986664,25.001899],[118.983246,24.995103],[118.987315,24.979722],[118.997325,24.953437],[119.013194,24.958197],[119.01767,24.960273],[119.009044,24.947333],[118.992686,24.936957],[118.977061,24.934027],[118.969981,24.943549],[118.963715,24.954413],[118.948497,24.956773],[118.911632,24.953437],[118.901134,24.937812],[118.909923,24.907172],[118.934174,24.886054],[118.969981,24.898871],[118.973237,24.893785],[118.973888,24.891913],[118.972504,24.890123],[118.969981,24.885199],[118.972992,24.883734],[118.974946,24.883857],[118.975841,24.882717],[118.976166,24.877753],[118.951996,24.870754],[118.924408,24.86994],[118.89796,24.8758],[118.877208,24.888617],[118.86671,24.891018],[118.837657,24.880561],[118.825938,24.877753],[118.812755,24.881659],[118.802745,24.888088],[118.792084,24.891099],[118.777599,24.885199],[118.780121,24.867825],[118.761974,24.857978],[118.736339,24.851386],[118.716075,24.843573],[118.706065,24.846625],[118.699799,24.851549],[118.69809,24.859524],[118.701752,24.871527],[118.707774,24.877265],[118.72519,24.882799],[118.729747,24.885199],[118.729503,24.900539],[118.72047,24.916897],[118.70753,24.93122],[118.695567,24.940416],[118.69752,24.906806],[118.695567,24.898871],[118.688813,24.895738],[118.684825,24.903306],[118.684337,24.915473],[118.68808,24.926174],[118.682709,24.930976],[118.677257,24.937405],[118.667735,24.953437],[118.661632,24.940863],[118.644054,24.92414],[118.640391,24.915595],[118.647472,24.908515],[118.66212,24.898383],[118.673432,24.886623],[118.671153,24.874661],[118.651215,24.866889],[118.624115,24.867825],[118.595795,24.874742],[118.572032,24.885199],[118.612804,24.85578],[118.619884,24.843573],[118.620616,24.829291],[118.618012,24.817532],[118.617931,24.805325],[118.632579,24.777248],[118.63795,24.772121],[118.640391,24.778754],[118.643809,24.782213],[118.651622,24.782538],[118.660655,24.781887],[118.667735,24.782172],[118.686534,24.792792],[118.69752,24.801663],[118.701752,24.810045],[118.711029,24.804877],[118.715099,24.798326],[118.716319,24.789944],[118.716075,24.778754],[118.719981,24.769355],[118.72877,24.769477],[118.743419,24.775336],[118.759532,24.767768],[118.76295,24.762681],[118.763927,24.751695],[118.748546,24.725165],[118.746837,24.720689],[118.732026,24.716457],[118.720225,24.705552],[118.698741,24.676011],[118.685395,24.66649],[118.675792,24.671454],[118.666515,24.68301],[118.654063,24.693427],[118.6421,24.678697],[118.635997,24.663764],[118.633881,24.647284],[118.633556,24.627875],[118.640229,24.616929],[118.653819,24.6164],[118.664154,24.61225],[118.661469,24.590318],[118.646576,24.568427],[118.620453,24.545478],[118.590831,24.528062],[118.565196,24.522691],[118.56129,24.520697],[118.557221,24.517239],[118.553966,24.518052],[118.551606,24.528957],[118.550873,24.537014],[118.551362,24.545966],[118.554454,24.553209],[118.561534,24.55622],[118.578136,24.560207],[118.571137,24.568996],[118.501231,24.60814],[118.486095,24.610826],[118.474864,24.614325],[118.445323,24.628974],[118.428071,24.631334],[118.432709,24.644721],[118.434662,24.659003],[118.434906,24.689643],[118.431244,24.699693],[118.422618,24.692857],[118.411469,24.680121],[118.40089,24.672309],[118.421886,24.624498],[118.404796,24.606635],[118.379893,24.590237],[118.351654,24.582343],[118.325043,24.590318],[118.317393,24.586982],[118.30714,24.588324],[118.284028,24.597805],[118.279796,24.584703],[118.27296,24.574408],[118.263194,24.57038],[118.249848,24.576117],[118.241791,24.543769],[118.219005,24.541449],[118.194347,24.556464],[118.181163,24.576117],[118.181651,24.597805],[118.191661,24.600898],[118.205089,24.5987],[118.215831,24.60399],[118.21518,24.614814],[118.203705,24.621527],[118.187836,24.624661],[118.174327,24.624498],[118.183849,24.642768],[118.187592,24.657375],[118.181407,24.672756],[118.160492,24.693427],[118.157481,24.662665],[118.15089,24.658637],[118.145274,24.658637],[118.141449,24.656968],[118.137462,24.633775],[118.130951,24.620063],[118.122162,24.607856],[118.112804,24.597805],[118.110362,24.584052],[118.103363,24.584784],[118.092296,24.597805],[118.044444,24.617662],[118.036957,24.597805],[118.04477,24.575995],[118.037364,24.560614],[118.021088,24.554999],[118.00294,24.562445],[118.009288,24.580715],[117.992442,24.571479],[117.974864,24.55272],[117.97877,24.542548],[118.020763,24.536566],[118.044037,24.528266],[118.058116,24.515855],[118.044281,24.498033],[118.036713,24.490871],[118.02711,24.487942],[118.013927,24.487616],[118.009369,24.485541],[118.006928,24.480455],[117.999522,24.470852],[118.007579,24.465725],[118.020274,24.454657],[118.021739,24.445746],[117.996104,24.446967],[117.911876,24.478949],[117.867686,24.489569],[117.825938,24.480455],[117.846283,24.475084],[117.866222,24.473578],[117.884858,24.468655],[117.901134,24.453192],[117.815684,24.471625],[117.79127,24.467475],[117.79127,24.460639],[117.874604,24.396308],[117.907319,24.384914],[117.98935,24.394761],[118.019542,24.406195],[118.030121,24.412828],[118.042979,24.406684],[118.047455,24.399075],[118.046886,24.389635],[118.040782,24.365627],[118.035737,24.361029],[118.03004,24.35814],[118.023936,24.350775],[118.01588,24.32685],[118.024181,24.323554],[118.037364,24.331285],[118.044444,24.340522],[118.052989,24.34691],[118.071788,24.348863],[118.090587,24.341457],[118.099132,24.319729],[118.102306,24.314276],[118.116466,24.304511],[118.11964,24.299262],[118.120616,24.279527],[118.122651,24.270738],[118.126475,24.26203],[118.108735,24.261054],[118.084727,24.249091],[118.071788,24.254584],[118.059337,24.24551],[118.038341,24.220201],[118.023936,24.206732],[118.016205,24.203111],[117.99643,24.197414],[117.989268,24.193101],[117.98642,24.187161],[117.982514,24.169176],[117.97877,24.162095],[117.967865,24.159817],[117.962657,24.173814],[117.958507,24.20307],[117.943614,24.212592],[117.93214,24.207953],[117.920909,24.196682],[117.907319,24.186265],[117.932384,24.17829],[117.937755,24.161689],[117.930512,24.141099],[117.901378,24.098619],[117.89988727779588,24.09543206690326],[117.87919413951751,24.119759628086687],[117.66254918259993,24.12235165417173],[117.44595668853731,24.124395631304957],[117.22941951600319,24.12589192513338],[117.0228002062744,24.257746585595935],[116.81569221909449,24.389049874802893]]],[[[119.669932,26.640041],[119.664073,26.641099],[119.657319,26.650743],[119.655121,26.661119],[119.657644,26.668077],[119.664968,26.670356],[119.715994,26.668362],[119.720551,26.663072],[119.72698,26.662665],[119.731944,26.674099],[119.735037,26.677273],[119.741791,26.679918],[119.750743,26.679348],[119.754812,26.676703],[119.75644,26.674872],[119.755707,26.669827],[119.749197,26.663438],[119.722341,26.650092],[119.715505,26.641669],[119.696625,26.638495],[119.686046,26.639146],[119.67921,26.643297],[119.67449,26.644232],[119.669932,26.640041]]],[[[119.698741,25.612616],[119.713634,25.630601],[119.730479,25.646145],[119.745453,25.649075],[119.750499,25.652981],[119.76352,25.659491],[119.781749,25.659166],[119.777029,25.652086],[119.77589,25.635728],[119.780284,25.617418],[119.792003,25.60456],[119.803722,25.610745],[119.813487,25.608832],[119.822927,25.601386],[119.832856,25.590888],[119.816905,25.57982],[119.830089,25.572008],[119.855154,25.565131],[119.874522,25.556789],[119.862478,25.546291],[119.846528,25.536322],[119.834483,25.54914],[119.818614,25.545803],[119.804698,25.53262],[119.798839,25.515815],[119.806407,25.495836],[119.839692,25.479153],[119.846528,25.461168],[119.821056,25.467515],[119.794607,25.463039],[119.771983,25.450588],[119.757823,25.433254],[119.757335,25.421332],[119.76002,25.410631],[119.757335,25.404934],[119.739919,25.407782],[119.722179,25.413804],[119.703868,25.42357],[119.693044,25.437649],[119.697765,25.45661],[119.70102,25.459947],[119.708995,25.465644],[119.711762,25.46955],[119.71225,25.473578],[119.71225,25.480211],[119.711599,25.486233],[119.709972,25.48786],[119.69988,25.482327],[119.68922,25.480455],[119.678477,25.482327],[119.668468,25.48786],[119.677745,25.501207],[119.686209,25.507717],[119.696056,25.509345],[119.748546,25.50259],[119.766368,25.506252],[119.778331,25.52204],[119.7588,25.530748],[119.726329,25.525133],[119.716156,25.536322],[119.717621,25.544908],[119.730479,25.581],[119.727061,25.590888],[119.718761,25.591254],[119.709239,25.585598],[119.702647,25.577297],[119.692719,25.594224],[119.698741,25.612616]]],[[[123.53714022622938,25.77326511218254],[123.53166903743549,25.761786],[123.528901,25.761786],[123.511485,25.758083],[123.513927,25.76911],[123.531423,25.773342],[123.53714022622938,25.77326511218254]]],[[[119.975841,25.966742],[119.985281,25.964871],[119.98585,25.968126],[119.990082,25.969306],[119.989431,25.961453],[119.981863,25.954495],[119.975352,25.951646],[119.966563,25.947414],[119.975841,25.966742]]],[[[119.945079,25.972317],[119.937348,25.964871],[119.928559,25.976671],[119.941987,25.980902],[119.952403,25.97606],[119.945079,25.972317]]],[[[119.953624,26.166856],[119.964041,26.166938],[119.964285,26.160549],[119.953461,26.149685],[119.932628,26.139919],[119.92628,26.138983],[119.916677,26.144802],[119.913748,26.152981],[119.915619,26.16238],[119.919607,26.169338],[119.923595,26.169867],[119.923432,26.165229],[119.924571,26.162502],[119.932953,26.159817],[119.93686,26.158108],[119.953624,26.166856]]],[[[119.975678,26.209621],[119.971039,26.192369],[119.966889,26.194729],[119.965099,26.200019],[119.966807,26.214626],[119.968761,26.22012],[119.973074,26.22248],[119.983002,26.225409],[119.985688,26.228461],[119.99407,26.233059],[120.003591,26.231798],[120.008637,26.225002],[120.011892,26.223253],[120.014171,26.220364],[120.013357,26.216213],[120.011892,26.212755],[120.013845,26.208808],[120.01352,26.205797],[120.008637,26.209621],[120.003103,26.216864],[119.998871,26.219387],[119.989919,26.215074],[119.986176,26.216417],[119.981293,26.215237],[119.975678,26.209621]]],[[[120.489594,26.364122],[120.488373,26.365871],[120.483816,26.366604],[120.481375,26.367865],[120.476899,26.370103],[120.481049,26.375922],[120.479096,26.380683],[120.482595,26.382514],[120.491059,26.388739],[120.500987,26.383653],[120.503347,26.379218],[120.50766,26.375922],[120.503347,26.374457],[120.501231,26.374986],[120.499034,26.3758],[120.496349,26.374376],[120.493744,26.371243],[120.489594,26.364122]]],[[[120.047211,26.498765],[120.035492,26.493069],[120.031423,26.493516],[120.027924,26.496365],[120.028901,26.502712],[120.031993,26.508938],[120.032888,26.512966],[120.031912,26.515367],[120.032074,26.518704],[120.035411,26.521064],[120.040701,26.522162],[120.053071,26.52204],[120.05714,26.524807],[120.06186,26.524441],[120.06544,26.516872],[120.060802,26.501044],[120.055024,26.49844],[120.047211,26.498765]]],[[[120.157725,26.575914],[120.153331,26.575181],[120.147309,26.57156],[120.132009,26.55626],[120.128591,26.556057],[120.117361,26.564765],[120.116384,26.569729],[120.134125,26.582424],[120.149832,26.605536],[120.154063,26.605414],[120.158702,26.603949],[120.161632,26.60224],[120.163585,26.599026],[120.164887,26.594021],[120.164561,26.58926],[120.163015,26.585964],[120.160981,26.577338],[120.157725,26.575914]]],[[[119.81365,26.623603],[119.807302,26.612942],[119.799978,26.613918],[119.792735,26.615139],[119.793956,26.614203],[119.790945,26.611436],[119.786713,26.609361],[119.775401,26.603909],[119.773123,26.606187],[119.764903,26.608832],[119.760427,26.616278],[119.7671,26.624661],[119.770193,26.627021],[119.780772,26.627631],[119.786957,26.628852],[119.794607,26.632188],[119.798025,26.6317],[119.799571,26.629503],[119.80657,26.627875],[119.81365,26.623603]]],[[[119.942393,26.663072],[119.93214,26.670478],[119.926443,26.669013],[119.926036,26.67357],[119.923595,26.679145],[119.910737,26.681545],[119.90447,26.686184],[119.905935,26.692369],[119.919932,26.692694],[119.926687,26.692369],[119.939464,26.696926],[119.944102,26.69538],[119.942231,26.690945],[119.939382,26.685248],[119.93686,26.680854],[119.935557,26.677476],[119.940522,26.670071],[119.942393,26.663072]]],[[[120.297862,26.929063],[120.285411,26.934027],[120.292003,26.939399],[120.302664,26.941799],[120.309093,26.940497],[120.312999,26.938422],[120.314545,26.936143],[120.312022,26.931057],[120.297862,26.929063]]],[[[120.377696,26.939846],[120.384207,26.937974],[120.385671,26.935167],[120.35255,26.923774],[120.326834,26.939683],[120.318533,26.948594],[120.320242,26.958197],[120.322195,26.962104],[120.326182,26.961778],[120.337087,26.970038],[120.3449,26.971951],[120.350922,26.971177],[120.355317,26.968858],[120.357514,26.966051],[120.363048,26.963039],[120.368907,26.955675],[120.373871,26.94359],[120.377696,26.939846]]]]}},{"type":"Feature","properties":{"id":"wuyue","sourceRefs":["atlas-943-fixed-master"]},"geometry":{"type":"MultiPolygon","coordinates":[[[[121.094338,27.466535],[121.103479,27.46007],[121.103365,27.45188],[121.093124,27.452894],[121.074716,27.456722],[121.066487,27.454984],[121.069451,27.446762],[121.076517,27.438498],[121.067264,27.43677],[121.059159,27.444133],[121.050088,27.456056],[121.046109,27.465199],[121.053403,27.47332],[121.074002,27.479484],[121.083143,27.473019],[121.094338,27.466535]]],[[[121.153656,27.856431],[121.158702,27.85814],[121.167979,27.859687],[121.181651,27.864651],[121.188487,27.863715],[121.189708,27.855292],[121.189301,27.848293],[121.187511,27.845933],[121.185395,27.843817],[121.180349,27.842271],[121.175059,27.843695],[121.173025,27.84101],[121.174815,27.825873],[121.171235,27.818793],[121.160004,27.818508],[121.147472,27.824368],[121.138438,27.824856],[121.130056,27.820502],[121.116384,27.817816],[121.097992,27.817816],[121.096039,27.827867],[121.114024,27.844143],[121.133067,27.847154],[121.149181,27.845771],[121.156749,27.848782],[121.152599,27.852769],[121.153656,27.856431]]],[[[121.015036,27.839781],[121.013128,27.844531],[121.015449,27.849942],[121.020856,27.857026],[121.020874,27.8638],[121.02203,27.868205],[121.029319,27.868517],[121.032384,27.870208],[121.040818,27.875962],[121.046972,27.875225],[121.051552,27.868773],[121.056917,27.863641],[121.061899,27.86361],[121.069528,27.866054],[121.079104,27.866726],[121.083699,27.865697],[121.077941,27.861623],[121.071792,27.855547],[121.066038,27.851486],[121.066793,27.847417],[121.062575,27.845738],[121.05914,27.847771],[121.056477,27.854216],[121.053039,27.855915],[121.04694,27.855218],[121.032367,27.848498],[121.026589,27.844467],[121.020006,27.837739],[121.015036,27.839781]]],[[[121.092947,27.94774],[121.083344,27.954739],[121.071788,27.957261],[121.049327,27.950873],[121.044688,27.951972],[121.040212,27.957953],[121.045177,27.967475],[121.064789,27.981431],[121.07016,27.982896],[121.075694,27.981391],[121.080821,27.980658],[121.111339,27.983791],[121.127452,27.977484],[121.139659,27.965766],[121.139171,27.956977],[121.125824,27.951361],[121.103282,27.946194],[121.092947,27.94774]]],[[[121.233653,28.082424],[121.233897,28.079088],[121.238129,28.071194],[121.231456,28.065009],[121.219249,28.067857],[121.218512,28.058463],[121.202442,28.054754],[121.1864,28.0437],[121.166899,28.043082],[121.151573,28.041232],[121.146734,28.057811],[121.155235,28.071368],[121.152351,28.078074],[121.142751,28.082587],[121.137462,28.094184],[121.130626,28.103461],[121.132329,28.114314],[121.127359,28.126556],[121.120372,28.135688],[121.125011,28.140082],[121.134939,28.143052],[121.165283,28.150534],[121.187531,28.168902],[121.20407,28.189707],[121.208976,28.200132],[121.210948,28.20897],[121.230588,28.219733],[121.256403,28.214798],[121.268893,28.193942],[121.270241,28.18229],[121.26184,28.168809],[121.255531,28.140001],[121.264536,28.121595],[121.285352,28.101946],[121.279145,28.085435],[121.267833,28.08454],[121.257091,28.08515],[121.247244,28.087795],[121.238129,28.092922],[121.235688,28.085517],[121.233653,28.082424]]],[[[121.600678,28.534166],[121.607677,28.541815],[121.615164,28.541815],[121.618012,28.538072],[121.622081,28.526719],[121.625336,28.523057],[121.62558,28.518622],[121.620291,28.51321],[121.618826,28.509263],[121.618256,28.504462],[121.613617,28.501736],[121.607514,28.503445],[121.60377,28.506212],[121.601573,28.508938],[121.596772,28.511379],[121.595388,28.51378],[121.598806,28.516099],[121.597341,28.524156],[121.600678,28.534166]]],[[[121.903331,29.166571],[121.926606,29.166734],[121.943207,29.161119],[121.951915,29.152289],[121.955414,29.1435],[121.95753,29.119534],[121.958832,29.108059],[121.958344,29.101874],[121.935313,29.062893],[121.925141,29.063056],[121.912283,29.071357],[121.888682,29.072333],[121.900157,29.093736],[121.888438,29.110297],[121.871593,29.126614],[121.868175,29.147406],[121.881358,29.160305],[121.903331,29.166571]]],[[[119.57507850351438,27.335088787532662],[119.45001071659843,27.399998538562777],[119.35021173893257,27.600094818866662],[119.25000347199261,27.799999942649112],[119.13991445890512,27.730070105262733],[119.03000241723304,27.660002683730546],[118.89012672122308,27.75511733607227],[118.74999428745632,27.849993776909255],[118.61516397327814,27.975110956937755],[118.47999844024854,28.09999389205593],[118.67464904729738,28.122404346215486],[118.86943820170431,28.144400862802833],[119.06436397084587,28.165983057919938],[119.04693369784856,28.329126923357833],[119.0294425802972,28.492224100943016],[119.01189026151631,28.655275594328344],[119.15705500842503,28.781084136471435],[119.302636233159,28.90665012977348],[119.44863502601083,29.031973451774036],[119.59505247586812,29.157053973506567],[119.64326479251079,29.32237645274801],[119.69165200950202,29.48764157729163],[119.7402151626156,29.652850340788365],[119.66608584055766,29.855681296328516],[119.59163502889518,30.058394668347493],[119.5168604537355,30.260992270581152],[119.62670874506122,30.40390185670171],[119.73691571227616,30.546670075885295],[119.84748292118354,30.68929725082267],[119.95841194480498,30.831783700326067],[120.19168847972486,30.874704937053302],[120.4252464384844,30.917059011505774],[120.65908279443951,30.958845114438777],[120.89319449946008,31.00006244285594],[121.12757848409642,31.040710200128043],[121.36557652831857,31.05097534022248],[121.60368799524018,31.060649513982934],[121.84190921534454,31.069732245791297],[121.8943834330338,31.071601731028256],[121.95082,30.982081],[121.977383,30.914923],[121.960075,30.874257],[121.907399,30.857086],[121.810809,30.853231],[121.732835,30.846317],[121.631132,30.836556],[121.542937,30.816495],[121.492037,30.797734],[121.456406,30.783278],[121.410598,30.767388],[121.350597,30.713446],[121.333507,30.70307],[121.264659,30.689195],[121.221934,30.674994],[121.202891,30.665107],[121.177745,30.645657],[121.158946,30.636705],[121.148529,30.627834],[121.141612,30.617743],[121.136567,30.60814],[121.13087,30.599758],[121.121349,30.593004],[121.102387,30.589057],[121.0474,30.582757],[121.020226,30.571071],[120.998146,30.557924],[120.977759,30.543318],[120.948891,30.506815],[120.931651,30.473049],[120.928803,30.45307],[120.932384,30.439399],[120.938487,30.430732],[120.939545,30.421942],[120.928803,30.408108],[120.921641,30.405219],[120.901703,30.403551],[120.894786,30.401272],[120.904552,30.388617],[120.909028,30.384426],[120.915131,30.380764],[120.915131,30.374579],[120.900727,30.373603],[120.888194,30.368557],[120.85058,30.330218],[120.831791,30.30525],[120.810732,30.296568],[120.787433,30.293625],[120.769619,30.306028],[120.753989,30.327062],[120.744963,30.359614],[120.727119,30.375846],[120.698148,30.393951],[120.667002,30.4015],[120.619193,30.406096],[120.479145,30.403524],[120.430315,30.38984],[120.416025,30.36771],[120.407232,30.354236],[120.397482,30.32158],[120.388832,30.290845],[120.378967,30.273524],[120.364555,30.268637],[120.342276,30.274246],[120.316254,30.29092],[120.285167,30.298814],[120.257904,30.298082],[120.239778,30.28888],[120.195767,30.232888],[120.147094,30.198891],[120.178966,30.20067],[120.199962,30.217841],[120.230243,30.236035],[120.250011,30.270087],[120.274387,30.277618],[120.295523,30.278726],[120.314569,30.263511],[120.331368,30.249238],[120.350338,30.240734],[120.368121,30.240851],[120.38472,30.249588],[120.39503,30.264716],[120.404633,30.279934],[120.420956,30.30542],[120.450494,30.36886],[120.477133,30.374754],[120.524908,30.377873],[120.621606,30.372563],[120.651671,30.35927],[120.657347,30.336294],[120.684941,30.271781],[120.698686,30.251796],[120.725518,30.242636],[120.734401,30.232213],[120.691352,30.197451],[120.665956,30.166242],[120.643813,30.145873],[120.63011,30.134972],[120.631789,30.122388],[120.653323,30.102545],[120.682465,30.084906],[120.70102,30.080756],[120.723399,30.079739],[120.754975,30.086859],[120.764985,30.086615],[120.771983,30.083197],[120.784028,30.071682],[120.792247,30.066067],[120.783702,30.089301],[120.764659,30.096625],[120.714122,30.093329],[120.687999,30.097805],[120.664561,30.109605],[120.646251,30.126939],[120.662852,30.141181],[120.701046,30.184552],[120.751425,30.225626],[120.813487,30.213253],[120.82862,30.18499],[120.853215,30.174436],[120.892812,30.169796],[120.923504,30.185866],[120.954194,30.191962],[120.960216,30.195787],[120.994395,30.211086],[121.109141,30.282782],[121.128779,30.301627],[121.149697,30.325753],[121.185389,30.337564],[121.254102,30.348393],[121.313218,30.338192],[121.377384,30.325064],[121.429592,30.292976],[121.506847,30.220026],[121.554596,30.160891],[121.587034,30.111512],[121.623322,30.059875],[121.643194,30.036493],[121.658306,30.018389],[121.677756,30.000641],[121.706763,29.985109],[121.732344,29.978603],[121.721934,29.960517],[121.732248,29.96206],[121.75011,29.972505],[121.767482,29.973177],[121.796641,29.963039],[121.81643,29.951481],[121.849814,29.94038],[121.873231,29.932337],[121.899253,29.923139],[121.914876,29.918696],[121.935557,29.887356],[121.949591,29.886934],[121.962413,29.888495],[121.9817,29.890286],[122.056244,29.887356],[122.067638,29.889553],[122.086681,29.899359],[122.105887,29.906953],[122.129143,29.903777],[122.136415,29.884535],[122.114755,29.871554],[122.068614,29.851549],[122.028168,29.836005],[121.983039,29.823176],[121.966047,29.811247],[121.936778,29.791693],[121.92441,29.773473],[121.902171,29.752539],[121.885325,29.761284],[121.873149,29.753828],[121.866107,29.736565],[121.862448,29.708002],[121.834598,29.687086],[121.776465,29.652625],[121.717727,29.588654],[121.704112,29.572008],[121.687348,29.562649],[121.667003,29.556586],[121.648204,29.556708],[121.635898,29.554351],[121.623871,29.554429],[121.609141,29.545722],[121.59254,29.543606],[121.574311,29.552151],[121.530822,29.510015],[121.52255,29.512922],[121.520119,29.528062],[121.516836,29.546091],[121.511043,29.548988],[121.499278,29.549262],[121.484386,29.544664],[121.475434,29.538764],[121.467865,29.531195],[121.458344,29.525214],[121.44337,29.524237],[121.44337,29.518012],[121.448253,29.514106],[121.457019,29.500871],[121.455324,29.489355],[121.44116,29.481526],[121.427836,29.467947],[121.442711,29.439767],[121.442593,29.415369],[121.465074,29.420886],[121.473461,29.448933],[121.479747,29.474758],[121.504893,29.483832],[121.500092,29.475898],[121.491791,29.455959],[121.513682,29.451972],[121.511729,29.437567],[121.497162,29.422187],[121.480968,29.414984],[121.477631,29.412746],[121.476654,29.407782],[121.478852,29.402899],[121.484864,29.39054],[121.497314,29.393353],[121.50893,29.398349],[121.51971,29.406975],[121.531325,29.417037],[121.537973,29.424224],[121.548796,29.438601],[121.553809,29.450117],[121.559656,29.463073],[121.569641,29.474574],[121.581256,29.478139],[121.601994,29.483113],[121.642672,29.495218],[121.675548,29.510484],[121.6743,29.520332],[121.681756,29.52391],[121.699799,29.534329],[121.710948,29.538642],[121.72462,29.538479],[121.725352,29.535468],[121.725352,29.529039],[121.726573,29.522284],[121.731293,29.518012],[121.737641,29.518988],[121.74586,29.523098],[121.763999,29.530761],[121.766461,29.520649],[121.757223,29.499049],[121.761289,29.486047],[121.764567,29.47665],[121.778381,29.469423],[121.790326,29.475795],[121.811988,29.490118],[121.821327,29.514599],[121.830577,29.528062],[121.847423,29.524237],[121.844819,29.5362],[121.836518,29.542385],[121.825531,29.546373],[121.813975,29.552151],[121.799815,29.5456],[121.782725,29.543443],[121.765717,29.545722],[121.758274,29.548099],[121.744965,29.544664],[121.748422,29.562567],[121.774322,29.575436],[121.79612,29.600591],[121.81837,29.606635],[121.834528,29.61557],[121.854015,29.615912],[121.867931,29.627265],[121.880138,29.623521],[121.899644,29.627527],[121.915782,29.640855],[121.927257,29.634467],[121.942638,29.611274],[121.953624,29.606147],[121.966319,29.602484],[121.971202,29.593329],[121.970958,29.568915],[121.963715,29.560207],[121.949718,29.556342],[121.941173,29.551174],[121.949799,29.538479],[121.92213,29.531155],[121.910411,29.524563],[121.912364,29.514309],[121.922211,29.509223],[121.935557,29.504381],[121.944102,29.497707],[121.939952,29.487006],[121.942719,29.479722],[121.970958,29.449123],[121.96933,29.439154],[121.963227,29.431952],[121.957774,29.423082],[121.957286,29.408149],[121.94752,29.421088],[121.93629,29.42772],[121.930056,29.425315],[121.922556,29.418146],[121.929102,29.408735],[121.921577,29.398634],[121.915729,29.390704],[121.921443,29.381303],[121.916348,29.363294],[121.916246,29.348937],[121.927013,29.338609],[121.929454,29.33926],[121.931488,29.331204],[121.931407,29.323879],[121.925059,29.319078],[121.908946,29.318793],[121.911632,29.315009],[121.915782,29.305121],[121.900483,29.298651],[121.905854,29.284613],[121.922211,29.270494],[121.939952,29.264146],[121.949555,29.267279],[121.962657,29.28144],[121.974376,29.284613],[121.975597,29.280951],[121.98585,29.263332],[121.991466,29.25731],[121.966563,29.255764],[121.953217,29.249661],[121.950694,29.237128],[121.957286,29.216376],[121.942963,29.223212],[121.939708,29.21011],[121.939952,29.204291],[121.942963,29.195868],[121.92213,29.195787],[121.893809,29.187079],[121.840587,29.161119],[121.812551,29.161485],[121.785347,29.168085],[121.788036,29.201943],[121.78977,29.215625],[121.794901,29.243705],[121.795869,29.266037],[121.801821,29.292668],[121.799653,29.305121],[121.808686,29.311754],[121.81837,29.31623],[121.828868,29.318549],[121.840587,29.318793],[121.830658,29.333889],[121.816987,29.33218],[121.804942,29.323717],[121.799653,29.318793],[121.788178,29.328559],[121.787934,29.342597],[121.799653,29.373969],[121.786632,29.374498],[121.77589,29.372626],[121.766856,29.367743],[121.758637,29.359768],[121.770844,29.337795],[121.777881,29.296384],[121.774314,29.253887],[121.758637,29.229397],[121.745697,29.201606],[121.73878,29.195868],[121.724328,29.182035],[121.70446,29.174182],[121.670597,29.175748],[121.652458,29.18302],[121.641938,29.202094],[121.639171,29.217271],[121.641612,29.267564],[121.645763,29.281195],[121.654552,29.299994],[121.640391,29.306627],[121.624848,29.301459],[121.628917,29.284613],[121.622895,29.264106],[121.632335,29.210639],[121.628917,29.188422],[121.614757,29.206],[121.606456,29.227362],[121.588715,29.29149],[121.583995,29.299872],[121.574311,29.305121],[121.56308,29.304185],[121.562022,29.295844],[121.567231,29.285305],[121.574311,29.277777],[121.562755,29.271877],[121.550548,29.27143],[121.52589,29.277777],[121.52589,29.270982],[121.536388,29.258287],[121.530528,29.238227],[121.516938,29.219062],[121.504893,29.20893],[121.504893,29.202094],[121.511729,29.189276],[121.50351,29.178941],[121.490977,29.175971],[121.484386,29.185289],[121.480235,29.197211],[121.471202,29.191352],[121.461518,29.176459],[121.456391,29.161119],[121.431407,29.172187],[121.41977,29.171454],[121.408539,29.161119],[121.44337,29.147406],[121.439301,29.145453],[121.438487,29.144843],[121.43808,29.143866],[121.436046,29.140611],[121.456391,29.140611],[121.456391,29.133775],[121.441498,29.13109],[121.428315,29.127143],[121.415375,29.119696],[121.401703,29.106513],[121.496837,29.104438],[121.528656,29.115058],[121.62143,29.113267],[121.624522,29.104397],[121.624604,29.088284],[121.62143,29.070868],[121.614757,29.058051],[121.599213,29.050238],[121.585053,29.053616],[121.571137,29.060858],[121.556407,29.064887],[121.536876,29.061184],[121.530284,29.051174],[121.532074,29.020494],[121.538097,29.018052],[121.548595,29.02143],[121.552745,29.028713],[121.539561,29.037584],[121.557384,29.049018],[121.617442,29.039984],[121.641938,29.051256],[121.681733,29.02676],[121.689789,29.017076],[121.675873,29.013251],[121.661713,29.002916],[121.653819,28.988593],[121.659434,28.972724],[121.663829,28.969916],[121.668956,28.96898],[121.680186,28.969306],[121.684662,28.967515],[121.684174,28.963446],[121.682872,28.958889],[121.684174,28.955634],[121.692149,28.953355],[121.709483,28.951158],[121.717784,28.948798],[121.69752,28.936835],[121.689464,28.927802],[121.684174,28.9147],[121.62851,28.931952],[121.605317,28.942572],[121.587413,28.963121],[121.585297,28.9383],[121.570811,28.93008],[121.554291,28.935696],[121.546479,28.952216],[121.53712,28.955024],[121.516856,28.956366],[121.497813,28.949652],[121.491791,28.928371],[121.504893,28.935207],[121.50766,28.924994],[121.511811,28.916938],[121.51767,28.912787],[121.52589,28.9147],[121.535167,28.903713],[121.549815,28.897854],[121.566173,28.893378],[121.580577,28.886786],[121.590343,28.891913],[121.601654,28.893622],[121.61085,28.891181],[121.616954,28.880276],[121.62672,28.880845],[121.628917,28.877143],[121.627778,28.870836],[121.622651,28.861274],[121.62143,28.85635],[121.623546,28.842271],[121.628266,28.841254],[121.63502,28.845201],[121.641938,28.845852],[121.656505,28.838039],[121.662364,28.833441],[121.669932,28.825344],[121.653819,28.811957],[121.646739,28.807685],[121.635753,28.804836],[121.635753,28.798041],[121.662608,28.798041],[121.662608,28.790595],[121.651134,28.787909],[121.642589,28.784003],[121.635509,28.77851],[121.628917,28.770697],[121.626231,28.768052],[121.622325,28.76553],[121.618256,28.761949],[121.614757,28.756415],[121.619721,28.748277],[121.622406,28.741889],[121.62143,28.735907],[121.605561,28.724677],[121.502778,28.700385],[121.351166,28.711859],[121.334239,28.717027],[121.32016,28.72484],[121.306163,28.735907],[121.298432,28.743638],[121.294932,28.748114],[121.290294,28.751614],[121.278901,28.756415],[121.268891,28.758287],[121.24643,28.760077],[121.237885,28.763861],[121.234711,28.769965],[121.227387,28.791409],[121.224376,28.798041],[121.214447,28.807318],[121.208018,28.809556],[121.20102,28.809516],[121.190033,28.811672],[121.173595,28.817857],[121.162852,28.825344],[121.157725,28.831488],[121.155772,28.837551],[121.15211,28.842515],[121.142345,28.845852],[121.142345,28.839586],[121.159679,28.813544],[121.171886,28.806952],[121.193451,28.804836],[121.206065,28.799058],[121.218272,28.785793],[121.227387,28.770738],[121.231212,28.760159],[121.240815,28.752753],[121.285899,28.738267],[121.299327,28.722886],[121.298676,28.701239],[121.286469,28.692694],[121.270356,28.687445],[121.258393,28.675116],[121.327647,28.692043],[121.365001,28.696031],[121.381358,28.681952],[121.413829,28.696601],[121.454845,28.689521],[121.490001,28.665717],[121.510128,28.657059],[121.525556,28.624655],[121.53037,28.599479],[121.538433,28.571446],[121.549439,28.55101],[121.57316,28.525134],[121.581619,28.50469],[121.550873,28.502143],[121.534923,28.503404],[121.521007,28.501044],[121.511567,28.489488],[121.521251,28.490709],[121.544926,28.492474],[121.584601,28.489102],[121.607743,28.477203],[121.600361,28.465425],[121.584439,28.454215],[121.583777,28.442946],[121.592874,28.431106],[121.607463,28.420319],[121.615888,28.397214],[121.632263,28.379446],[121.628525,28.363902],[121.631532,28.355843],[121.634044,28.347235],[121.64088,28.349677],[121.647716,28.348456],[121.656342,28.339301],[121.641694,28.321845],[121.621349,28.285102],[121.607921,28.270453],[121.585541,28.256822],[121.578136,28.260321],[121.580577,28.300849],[121.567489,28.304495],[121.541491,28.321787],[121.521961,28.326869],[121.499986,28.332673],[121.473086,28.330603],[121.456391,28.318834],[121.447765,28.315904],[121.441254,28.311713],[121.437266,28.305609],[121.436046,28.297105],[121.429779,28.297105],[121.420665,28.304185],[121.408946,28.304918],[121.398936,28.298489],[121.395518,28.284084],[121.401378,28.276109],[121.411469,28.273912],[121.418793,28.269721],[121.416026,28.256171],[121.408051,28.246283],[121.398936,28.243842],[121.388031,28.242662],[121.374522,28.236274],[121.364838,28.225816],[121.361095,28.214748],[121.358897,28.202216],[121.354015,28.187893],[121.368663,28.192043],[121.374522,28.195258],[121.37672,28.184149],[121.374034,28.172593],[121.368175,28.162014],[121.36085,28.153754],[121.35141,28.146552],[121.345795,28.145168],[121.340099,28.14643],[121.330089,28.147528],[121.326182,28.151801],[121.309337,28.174872],[121.297211,28.176459],[121.287852,28.180894],[121.275184,28.208199],[121.261695,28.225791],[121.225165,28.238863],[121.248871,28.270209],[121.236827,28.306098],[121.203136,28.331855],[121.210297,28.343736],[121.21754,28.352362],[121.230479,28.34809],[121.244151,28.349107],[121.256196,28.35517],[121.264659,28.366034],[121.230968,28.359076],[121.214122,28.360582],[121.184093,28.382148],[121.168956,28.384833],[121.161632,28.377509],[121.168956,28.359768],[121.144298,28.343573],[121.13025,28.305554],[121.088471,28.293199],[121.072113,28.291693],[121.066661,28.311428],[121.059093,28.311428],[121.034923,28.308173],[121.024994,28.304592],[121.039561,28.285346],[121.058116,28.279934],[121.078949,28.278144],[121.121803,28.284362],[121.130095,28.265929],[121.124753,28.23552],[121.119467,28.218936],[121.108943,28.19961],[121.100527,28.184894],[121.085836,28.166504],[121.053385,28.148163],[121.031376,28.126107],[121.009378,28.103133],[121.002017,28.085642],[121.000886,28.050636],[120.993512,28.025779],[120.980936,28.005537],[120.965228,27.987145],[120.921397,27.981676],[120.898448,27.992662],[120.879975,27.998725],[120.855805,27.996731],[120.819591,27.989244],[120.800792,27.993394],[120.781098,28.002387],[120.762706,28.014309],[120.747569,28.027086],[120.731049,28.035834],[120.70753,28.041205],[120.661957,28.044501],[120.620942,28.039944],[120.606049,28.042222],[120.59018,28.054389],[120.584972,28.095526],[120.576996,28.115627],[120.559581,28.112779],[120.574474,28.100002],[120.58017,28.089789],[120.580089,28.046129],[120.582042,28.034329],[120.588959,28.026679],[120.604259,28.023993],[120.658946,28.023993],[120.673595,28.021715],[120.707286,28.009711],[120.738536,27.9831],[120.75058,27.975572],[120.835297,27.955959],[120.84726,27.948961],[120.854259,27.934638],[120.863762,27.918106],[120.862612,27.902874],[120.868364,27.882559],[120.852272,27.858192],[120.827004,27.849049],[120.807486,27.834827],[120.796018,27.80537],[120.76963,27.772849],[120.74096,27.733203],[120.722614,27.71591],[120.704255,27.712839],[120.687266,27.726711],[120.65268,27.753241],[120.635265,27.763332],[120.636729,27.745836],[120.645274,27.73428],[120.672455,27.711493],[120.673595,27.70425],[120.680181,27.686379],[120.669861,27.677213],[120.667577,27.66806],[120.673106,27.659613],[120.675629,27.659654],[120.666484,27.625358],[120.63559,27.60871],[120.618331,27.593725],[120.606874,27.581488],[120.596574,27.570283],[120.605785,27.549959],[120.613849,27.529633],[120.618459,27.516421],[120.633387,27.507312],[120.65211,27.503363],[120.661957,27.503241],[120.67685,27.494615],[120.681977,27.481594],[120.678071,27.466457],[120.665619,27.451728],[120.656016,27.446275],[120.650483,27.446112],[120.646495,27.444485],[120.637706,27.424302],[120.636241,27.416002],[120.639415,27.408271],[120.648936,27.400214],[120.639415,27.384426],[120.635265,27.379706],[120.622569,27.380357],[120.559581,27.402086],[120.545909,27.403266],[120.544932,27.385199],[120.539643,27.36522],[120.527354,27.349799],[120.504893,27.344957],[120.504893,27.338772],[120.517182,27.337226],[120.53419,27.333197],[120.547455,27.327582],[120.549327,27.321031],[120.546153,27.315497],[120.545258,27.308498],[120.545909,27.294013],[120.543956,27.285956],[120.539399,27.281887],[120.534679,27.279608],[120.531586,27.276679],[120.525971,27.27265],[120.521495,27.268297],[120.517833,27.263007],[120.52003,27.261705],[120.522716,27.253811],[120.525971,27.238837],[120.521007,27.22956],[120.512055,27.223619],[120.508149,27.21601],[120.517833,27.201606],[120.499034,27.197211],[120.481456,27.186347],[120.468354,27.182196],[120.46339,27.197903],[120.459727,27.220445],[120.450287,27.223293],[120.437022,27.219468],[120.421723,27.222073],[120.418712,27.209662],[120.4192,27.206366],[120.420421,27.197903],[120.42921,27.173651],[120.406749,27.184231],[120.376231,27.236274],[120.34726,27.249416],[120.333263,27.247301],[120.317882,27.243232],[120.303071,27.242255],[120.292003,27.249416],[120.288097,27.264472],[120.295258,27.276272],[120.307628,27.284817],[120.319347,27.290351],[120.311127,27.293891],[120.310069,27.295315],[120.310313,27.294176],[120.306407,27.290351],[120.298839,27.297797],[120.305756,27.300605],[120.309093,27.303941],[120.31186,27.317694],[120.291515,27.308905],[120.285167,27.304023],[120.280772,27.311754],[120.276134,27.316718],[120.264008,27.324449],[120.265717,27.316352],[120.265961,27.311916],[120.2671,27.30858],[120.271495,27.304023],[120.258556,27.299994],[120.248302,27.303534],[120.237885,27.309149],[120.223725,27.311469],[120.227306,27.303941],[120.230724,27.298326],[120.235606,27.294013],[120.243663,27.290351],[120.243663,27.283515],[120.225678,27.268622],[120.219249,27.270941],[120.212983,27.283026],[120.195811,27.297797],[120.192149,27.287665],[120.193126,27.278062],[120.195567,27.269761],[120.195811,27.263007],[120.191417,27.256049],[120.175304,27.238837],[120.175548,27.228949],[120.177501,27.221503],[120.182384,27.216864],[120.192393,27.215277],[120.201915,27.217841],[120.205414,27.223863],[120.206635,27.230455],[120.209483,27.235093],[120.23935,27.251125],[120.256602,27.256903],[120.264008,27.252834],[120.27003,27.239447],[120.297618,27.226793],[120.306407,27.215277],[120.319102,27.225898],[120.333588,27.235093],[120.333588,27.228909],[120.339854,27.228909],[120.341319,27.233059],[120.342784,27.235826],[120.34726,27.24258],[120.364838,27.225084],[120.365489,27.209621],[120.34726,27.180487],[120.369884,27.187486],[120.386241,27.179511],[120.401866,27.165229],[120.40629230643742,27.162535143259497],[120.27500374059578,27.17016793541928],[120.10001038476572,27.179999793396323],[120.01510286914375,27.290049894414516],[119.93000822961442,27.399992158164505],[119.81491534586247,27.335067741781913],[119.69999477322209,27.269993480773024],[119.57507850351438,27.335088787532662]]],[[[121.785818,29.119696],[121.782725,29.124661],[121.783539,29.13288],[121.785981,29.143744],[121.789806,29.149848],[121.796235,29.1494],[121.843923,29.141913],[121.856781,29.134263],[121.862153,29.129584],[121.864594,29.123847],[121.867361,29.11579],[121.861013,29.106838],[121.853526,29.097561],[121.842052,29.095038],[121.83725,29.099799],[121.826671,29.107978],[121.814464,29.115383],[121.802501,29.118638],[121.792735,29.118557],[121.785818,29.119696]]],[[[122.149425,29.66885],[122.149425,29.68183],[122.138927,29.672593],[122.132579,29.668891],[122.127452,29.669013],[122.125011,29.673245],[122.123057,29.686469],[122.121104,29.691718],[122.115245,29.698391],[122.108735,29.704006],[122.103689,29.710517],[122.101573,29.719713],[122.092784,29.725775],[122.073904,29.724433],[122.056814,29.719794],[122.053071,29.71601],[122.045095,29.716986],[122.04005,29.716376],[122.036469,29.717475],[122.033376,29.723456],[122.032888,29.730943],[122.03533,29.739976],[122.039317,29.747545],[122.043224,29.7508],[122.048595,29.75609],[122.056651,29.767808],[122.068207,29.779527],[122.084483,29.784898],[122.097992,29.786851],[122.107432,29.789618],[122.114757,29.78852],[122.122081,29.778713],[122.12379,29.770901],[122.120942,29.757799],[122.122081,29.7508],[122.126475,29.745063],[122.14031,29.734605],[122.14324,29.733385],[122.177013,29.696845],[122.18686,29.673407],[122.162934,29.654527],[122.16977,29.675035],[122.165212,29.673163],[122.149425,29.66885]]],[[[121.968272,29.77383],[121.967296,29.776923],[121.969086,29.779731],[121.968516,29.794623],[121.977468,29.805406],[122.016124,29.824164],[122.024343,29.824652],[122.030203,29.816067],[122.028982,29.806098],[122.005626,29.776923],[121.993826,29.769232],[121.974376,29.771145],[121.968272,29.77383]]],[[[121.986827,29.929877],[121.9935,29.91885],[121.992442,29.908271],[121.974132,29.899848],[121.946137,29.903957],[121.933604,29.921332],[121.940929,29.93769],[121.951915,29.948065],[121.959972,29.953192],[121.966482,29.951728],[121.970225,29.946845],[121.972179,29.94477],[121.986827,29.929877]]],[[[122.038259,29.934516],[122.031749,29.940741],[122.026703,29.943671],[122.025238,29.953681],[122.029389,29.959866],[122.033214,29.959499],[122.033702,29.96133],[122.035085,29.963813],[122.03891,29.963813],[122.040457,29.966498],[122.052013,29.96247],[122.053884,29.953274],[122.038259,29.934516]]],[[[121.881847,30.076361],[121.885265,30.061184],[121.893077,30.05622],[121.90211,30.053534],[121.90919,30.044989],[121.910492,30.024115],[121.903331,30.001776],[121.889659,29.983954],[121.871593,29.976711],[121.860118,29.978095],[121.847423,29.982123],[121.836192,29.988674],[121.828868,29.997504],[121.827403,30.004218],[121.829112,30.009101],[121.832205,30.013658],[121.835134,30.019436],[121.835948,30.025702],[121.834483,30.03856],[121.834727,30.044989],[121.837413,30.055894],[121.847667,30.083157],[121.853038,30.087144],[121.864757,30.085924],[121.876475,30.08161],[121.881847,30.076361]]],[[[122.16977,30.117255],[122.173595,30.10224],[122.182465,30.098578],[122.193696,30.099799],[122.203868,30.099555],[122.22934,30.09162],[122.23878,30.086615],[122.245372,30.080146],[122.249685,30.073432],[122.256114,30.068183],[122.269542,30.066067],[122.289561,30.067328],[122.29713,30.062567],[122.300141,30.048733],[122.30421,30.041978],[122.32252,30.031928],[122.327485,30.024482],[122.326671,30.01081],[122.320974,30.005927],[122.313243,30.003485],[122.306977,29.997219],[122.302989,29.986314],[122.301036,29.975898],[122.300141,29.95246],[122.29363,29.933783],[122.277843,29.939927],[122.245616,29.969875],[122.229177,29.978664],[122.184744,29.994452],[122.144216,30.000393],[122.098969,30.014472],[122.077403,30.017646],[122.065278,30.015937],[122.048839,30.007392],[122.034679,30.002021],[122.030528,29.999335],[122.025727,29.99726],[122.019054,29.997219],[122.010509,30.000312],[122.009613,30.00434],[122.011729,30.00845],[122.012218,30.01142],[122.011241,30.015082],[122.01352,30.025824],[122.012218,30.031928],[122.0088,30.033393],[121.995453,30.036566],[121.99171,30.038072],[121.976817,30.053656],[121.973399,30.059963],[121.971853,30.067694],[121.973806,30.072577],[121.977306,30.077338],[121.980317,30.084621],[121.980805,30.090074],[121.978038,30.107082],[121.965505,30.129706],[121.963145,30.142401],[121.97462,30.148017],[122.087413,30.147528],[122.103282,30.143704],[122.117442,30.135932],[122.132335,30.123765],[122.140798,30.121324],[122.164806,30.12051],[122.16977,30.117255]]],[[[121.940603,30.074652],[121.931733,30.069444],[121.927908,30.075426],[121.926606,30.083808],[121.920421,30.087144],[121.914643,30.08865],[121.911306,30.089789],[121.908214,30.093004],[121.908132,30.098456],[121.91391,30.105333],[121.931,30.114651],[121.941254,30.114122],[121.951996,30.11107],[121.956391,30.108507],[121.955496,30.104478],[121.952566,30.100531],[121.949718,30.087999],[121.940603,30.074652]]],[[[122.035899,30.194403],[122.037283,30.196153],[122.036957,30.200263],[122.040538,30.202501],[122.047862,30.202135],[122.053233,30.198839],[122.05657,30.192288],[122.056895,30.187812],[122.054047,30.186103],[122.051687,30.182685],[122.035655,30.170762],[122.023611,30.165758],[122.021495,30.169338],[122.023692,30.172187],[122.026459,30.173245],[122.02825,30.17532],[122.026459,30.177965],[122.017833,30.185492],[122.013845,30.18537],[122.010753,30.186265],[122.026459,30.199042],[122.031749,30.197333],[122.035899,30.194403]]],[[[121.977468,30.331448],[121.973318,30.327297],[121.973237,30.323717],[121.969819,30.318264],[121.970225,30.307359],[121.965994,30.305162],[121.964203,30.300198],[121.957774,30.298733],[121.955496,30.293362],[121.951345,30.307969],[121.956716,30.318874],[121.961111,30.325059],[121.961111,30.331285],[121.965668,30.33629],[121.973155,30.334581],[121.973888,30.34394],[121.982351,30.344753],[121.983816,30.340481],[121.981456,30.335354],[121.977468,30.331448]]],[[[122.084565,30.592637],[122.07724,30.58983],[122.081147,30.583564],[122.071869,30.575548],[122.064789,30.586819],[122.059418,30.587226],[122.052501,30.588894],[122.050304,30.591661],[122.06544,30.592108],[122.069347,30.594916],[122.071544,30.597235],[122.081798,30.595404],[122.087901,30.596747],[122.084565,30.592637]]],[[[122.264334,29.693956],[122.272146,29.690741],[122.274913,29.683417],[122.271821,29.682644],[122.249034,29.69245],[122.240326,29.687038],[122.208181,29.705959],[122.2046,29.710517],[122.204031,29.715237],[122.2046,29.719102],[122.209727,29.719794],[122.21697,29.718533],[122.223399,29.713487],[122.22877,29.70661],[122.25172,29.696275],[122.264334,29.693956]]],[[[122.250011,29.770453],[122.246023,29.764106],[122.247244,29.760443],[122.251069,29.758246],[122.277924,29.749172],[122.28476,29.748928],[122.288748,29.75137],[122.292084,29.751451],[122.298106,29.749457],[122.300955,29.746894],[122.30128,29.743069],[122.305105,29.74022],[122.306977,29.737128],[122.303152,29.735541],[122.290131,29.735867],[122.285167,29.732896],[122.278656,29.731513],[122.267914,29.736802],[122.257335,29.736965],[122.242035,29.744534],[122.22934,29.756985],[122.221609,29.76911],[122.216563,29.772406],[122.215912,29.775784],[122.222504,29.780666],[122.228445,29.782945],[122.231212,29.785386],[122.235037,29.786973],[122.240082,29.786404],[122.251313,29.778347],[122.250011,29.770453]]],[[[122.312185,29.795152],[122.314708,29.783677],[122.30836,29.776272],[122.295584,29.77912],[122.272472,29.792141],[122.265391,29.798],[122.251313,29.806098],[122.237559,29.823798],[122.232677,29.827826],[122.2317,29.836249],[122.247732,29.846096],[122.271169,29.846829],[122.28419,29.842841],[122.312022,29.829047],[122.310395,29.824612],[122.304698,29.81745],[122.312185,29.795152]]],[[[122.317719,29.88227],[122.334402,29.884548],[122.339041,29.882717],[122.343028,29.879584],[122.341645,29.876247],[122.335623,29.872463],[122.33489,29.869249],[122.336274,29.866848],[122.329519,29.862942],[122.304291,29.855577],[122.295421,29.857286],[122.284434,29.863064],[122.284028,29.870225],[122.287608,29.877509],[122.292328,29.883043],[122.29949,29.884589],[122.304617,29.883124],[122.317719,29.88227]]],[[[122.384776,29.835191],[122.377208,29.838935],[122.365408,29.849758],[122.357107,29.861721],[122.359223,29.869778],[122.365489,29.876288],[122.369151,29.883612],[122.367361,29.895901],[122.362071,29.904486],[122.353852,29.91059],[122.333507,29.9206],[122.325206,29.927883],[122.320567,29.937242],[122.322032,29.948432],[122.32545,29.953925],[122.330089,29.958238],[122.33546,29.96133],[122.341807,29.963039],[122.346446,29.949408],[122.359141,29.946275],[122.388927,29.948798],[122.400645,29.952948],[122.406749,29.952704],[122.409434,29.945705],[122.409028,29.936672],[122.407481,29.930609],[122.403168,29.926256],[122.395193,29.922065],[122.409679,29.9112],[122.408051,29.899848],[122.395193,29.883612],[122.392263,29.87641],[122.386729,29.870673],[122.382823,29.864732],[122.385916,29.856879],[122.394054,29.847886],[122.395518,29.842678],[122.395193,29.833319],[122.384776,29.835191]]],[[[122.176524,29.960069],[122.146251,29.973741],[122.134776,29.974677],[122.146007,29.980292],[122.161469,29.989936],[122.176443,29.977973],[122.184011,29.967515],[122.176524,29.960069]]],[[[122.393484,29.976833],[122.391856,29.974514],[122.383393,29.975491],[122.372,29.981676],[122.369314,29.987698],[122.375173,29.990831],[122.375906,29.996527],[122.37436,30.004299],[122.378754,30.017035],[122.377778,30.024115],[122.37908,30.026394],[122.386567,30.025865],[122.402192,30.032538],[122.405121,30.030015],[122.40032,30.021511],[122.400564,30.015774],[122.403494,30.012519],[122.413748,30.00613],[122.411632,30.002672],[122.402924,30.001695],[122.395274,30.002427],[122.390961,29.996202],[122.391124,29.984565],[122.393484,29.976833]]],[[[122.763276,30.127712],[122.754731,30.141343],[122.756358,30.144192],[122.771332,30.141059],[122.781423,30.132392],[122.772878,30.128323],[122.763276,30.127712]]],[[[122.206228,30.188218],[122.204926,30.185818],[122.20102,30.18301],[122.20102,30.177314],[122.19394,30.17711],[122.18865,30.174343],[122.18629,30.171536],[122.183035,30.171495],[122.183279,30.167344],[122.182302,30.162462],[122.162364,30.143988],[122.156912,30.145657],[122.147146,30.157538],[122.145112,30.162665],[122.144949,30.188666],[122.148936,30.19241],[122.169037,30.202094],[122.173269,30.20185],[122.175304,30.199693],[122.178884,30.197537],[122.185313,30.196153],[122.188569,30.194078],[122.188975,30.190701],[122.190929,30.189521],[122.199229,30.192939],[122.204112,30.191596],[122.206228,30.188218]]],[[[122.684825,30.181871],[122.682791,30.190985],[122.675548,30.194078],[122.669932,30.203518],[122.674815,30.209703],[122.684662,30.203599],[122.687918,30.19831],[122.684825,30.181871]]],[[[122.648611,30.19595],[122.648041,30.186225],[122.638031,30.200588],[122.632986,30.207302],[122.632253,30.210598],[122.641775,30.214342],[122.646169,30.208564],[122.648611,30.19595]]],[[[122.383556,30.261542],[122.380626,30.263739],[122.375011,30.262152],[122.357188,30.247748],[122.345714,30.241929],[122.329112,30.239081],[122.315684,30.240302],[122.305349,30.240139],[122.29477,30.236721],[122.283376,30.235256],[122.277599,30.235541],[122.278331,30.240627],[122.287446,30.247789],[122.302501,30.252102],[122.312999,30.259955],[122.318614,30.268378],[122.323985,30.272162],[122.331879,30.273668],[122.342052,30.273627],[122.382579,30.277167],[122.399913,30.274604],[122.407725,30.265937],[122.410655,30.254706],[122.408539,30.243964],[122.395844,30.239447],[122.384532,30.250149],[122.383556,30.261542]]],[[[122.147227,30.321479],[122.152843,30.322699],[122.166026,30.331692],[122.194672,30.338568],[122.211436,30.346625],[122.225108,30.332343],[122.218761,30.326077],[122.22047,30.320705],[122.227875,30.316352],[122.23878,30.313137],[122.203868,30.291409],[122.203868,30.285142],[122.223806,30.278876],[122.231944,30.277737],[122.219574,30.270453],[122.217052,30.262519],[122.21754,30.254584],[122.214529,30.247301],[122.202322,30.241929],[122.187999,30.243638],[122.174083,30.247992],[122.137706,30.254625],[122.114024,30.265082],[122.073578,30.291409],[122.083995,30.302436],[122.087901,30.30565],[122.095714,30.310696],[122.104177,30.314154],[122.122081,30.319281],[122.147227,30.321479]]],[[[122.337413,30.458482],[122.348806,30.460639],[122.369151,30.476996],[122.3685,30.463202],[122.374685,30.457343],[122.385427,30.456204],[122.398936,30.456488],[122.410981,30.452135],[122.416515,30.441596],[122.423106,30.414944],[122.404063,30.418647],[122.36378,30.433417],[122.347992,30.435981],[122.306,30.423163],[122.285411,30.422065],[122.272797,30.435981],[122.277354,30.436713],[122.28712,30.442206],[122.278005,30.445746],[122.273774,30.451361],[122.272797,30.459296],[122.272797,30.469468],[122.276622,30.479804],[122.28004,30.482611],[122.28712,30.48314],[122.290782,30.471666],[122.29949,30.47134],[122.31129,30.472642],[122.337413,30.458482]]],[[[122.26824,30.516832],[122.262543,30.514472],[122.252452,30.516343],[122.257498,30.526272],[122.264496,30.529771],[122.269216,30.525051],[122.268321,30.521593],[122.26824,30.516832]]],[[[122.568289,30.646959],[122.56658,30.645819],[122.559255,30.650784],[122.556163,30.65233],[122.551524,30.650906],[122.546479,30.653469],[122.542817,30.654853],[122.544607,30.65823],[122.547048,30.660793],[122.545584,30.663926],[122.549653,30.667629],[122.552338,30.669908],[122.552419,30.674099],[122.553884,30.678371],[122.556895,30.680976],[122.55836,30.679145],[122.563406,30.676378],[122.567638,30.671698],[122.571625,30.667955],[122.575938,30.665147],[122.581065,30.667344],[122.582205,30.663153],[122.574799,30.658271],[122.569591,30.658555],[122.568696,30.657091],[122.564789,30.658108],[122.565115,30.652737],[122.568289,30.646959]]],[[[122.779389,30.730902],[122.785492,30.731106],[122.790782,30.728095],[122.792654,30.72366],[122.789073,30.721829],[122.78712,30.723131],[122.779307,30.716742],[122.7824,30.714342],[122.782237,30.707099],[122.783865,30.700914],[122.779389,30.699693],[122.776947,30.696316],[122.774425,30.698472],[122.773123,30.701646],[122.772634,30.703396],[122.76531,30.709906],[122.756521,30.705797],[122.751638,30.707546],[122.751638,30.716254],[122.75644,30.71662],[122.758149,30.719957],[122.757498,30.723334],[122.765554,30.723253],[122.771007,30.724392],[122.773774,30.730902],[122.779389,30.730902]]],[[[122.484386,30.714667],[122.496349,30.716783],[122.501964,30.71898],[122.509613,30.721177],[122.524587,30.723578],[122.529307,30.720771],[122.526378,30.714179],[122.531098,30.704413],[122.52475,30.701809],[122.493175,30.703111],[122.487315,30.70185],[122.474376,30.702582],[122.466563,30.699123],[122.463064,30.696357],[122.460704,30.694037],[122.455251,30.693996],[122.44516,30.696763],[122.431977,30.697984],[122.427257,30.703925],[122.432628,30.71483],[122.434744,30.727118],[122.42921,30.738023],[122.429942,30.743069],[122.440766,30.741034],[122.458018,30.730658],[122.472911,30.717231],[122.484386,30.714667]]],[[[122.66684,30.847683],[122.664887,30.852688],[122.669281,30.851589],[122.669851,30.859239],[122.677419,30.859565],[122.683442,30.853787],[122.689789,30.853827],[122.698497,30.853787],[122.694021,30.848619],[122.690196,30.842271],[122.682953,30.840847],[122.676117,30.84398],[122.66684,30.847683]]]]}},{"type":"Feature","properties":{"id":"annan-region","sourceRefs":["atlas-943-fixed-master"]},"geometry":{"type":"MultiPolygon","coordinates":[[[[107.13852,20.761461],[107.144054,20.765652],[107.147472,20.762926],[107.145844,20.751899],[107.145193,20.745917],[107.146332,20.743109],[107.146821,20.740587],[107.142263,20.738227],[107.137218,20.738267],[107.132498,20.743232],[107.129893,20.748318],[107.131521,20.751532],[107.135102,20.755439],[107.13852,20.761461]]],[[[107.135183,20.779812],[107.132335,20.776557],[107.13323,20.77497],[107.1338,20.772528],[107.128998,20.768541],[107.126394,20.769192],[107.119884,20.783271],[107.118744,20.788072],[107.119721,20.793687],[107.11907,20.797716],[107.117198,20.800767],[107.116547,20.804307],[107.118826,20.805569],[107.122895,20.803331],[107.125499,20.801011],[107.126964,20.803331],[107.128998,20.80508],[107.131358,20.802069],[107.131521,20.796576],[107.133556,20.795925],[107.137706,20.792304],[107.139008,20.785875],[107.138276,20.784084],[107.134044,20.782864],[107.1338,20.781602],[107.135183,20.779812]]],[[[107.005138,20.738959],[107.005138,20.732164],[106.985118,20.745266],[106.962413,20.77497],[106.949962,20.787421],[106.921072,20.804592],[106.909923,20.818549],[106.912852,20.8369],[106.93629,20.844672],[106.943126,20.848863],[106.946788,20.855536],[106.946544,20.86286],[106.94809,20.870266],[106.957367,20.876776],[106.949962,20.86933],[106.963634,20.856106],[106.994477,20.851752],[107.005138,20.842027],[107.011404,20.842027],[107.012462,20.858791],[107.022716,20.86225],[107.035981,20.857367],[107.046153,20.848863],[107.046153,20.842027],[107.042979,20.831366],[107.054942,20.82392],[107.070974,20.820299],[107.080333,20.821519],[107.087169,20.821519],[107.090994,20.814765],[107.09547,20.809027],[107.100841,20.804267],[107.107677,20.800442],[107.086762,20.805121],[107.080333,20.807847],[107.080333,20.800442],[107.085216,20.797187],[107.088145,20.79442],[107.094005,20.787421],[107.082205,20.789374],[107.075043,20.796047],[107.066091,20.814114],[107.062511,20.805609],[107.062836,20.798285],[107.066661,20.792141],[107.073497,20.787421],[107.073497,20.780585],[107.060313,20.775946],[107.050466,20.775946],[107.041759,20.779934],[107.031912,20.787421],[107.036876,20.766262],[107.067393,20.749742],[107.073497,20.732164],[107.066091,20.732164],[107.066091,20.738959],[107.059825,20.738959],[107.055024,20.721666],[107.046153,20.70425],[107.046153,20.725979],[107.038829,20.723456],[107.035899,20.721666],[107.031912,20.718492],[107.031912,20.725979],[107.025645,20.718492],[107.021251,20.723619],[107.01824,20.725979],[107.01824,20.732164],[107.039317,20.732164],[107.039317,20.738959],[107.03533,20.741197],[107.034434,20.742174],[107.03419,20.743354],[107.031912,20.746405],[107.025645,20.746405],[107.025645,20.738959],[107.01824,20.738959],[107.014822,20.743598],[107.008637,20.748928],[107.005138,20.753241],[106.997813,20.753241],[107.002289,20.742499],[107.005138,20.738959]]],[[[106.787527,20.823961],[106.800466,20.817247],[106.807872,20.817613],[106.812429,20.818508],[106.814952,20.814276],[106.807058,20.807969],[106.794932,20.806016],[106.786713,20.807318],[106.780284,20.811265],[106.765798,20.824978],[106.76238,20.831814],[106.761485,20.841702],[106.766124,20.846055],[106.787527,20.823961]]],[[[107.090424,20.846584],[107.09254,20.850206],[107.095225,20.853176],[107.098155,20.855333],[107.101899,20.856513],[107.103445,20.853013],[107.101817,20.84809],[107.102224,20.845323],[107.105642,20.841254],[107.107839,20.835883],[107.11321,20.830878],[107.112641,20.827012],[107.1067,20.82746],[107.097667,20.838039],[107.093354,20.836046],[107.09018,20.83572],[107.087006,20.838324],[107.085785,20.842475],[107.087657,20.845201],[107.090424,20.846584]]],[[[106.893158,20.863389],[106.892589,20.865953],[106.891775,20.873114],[106.900401,20.864325],[106.901296,20.854071],[106.902761,20.84748],[106.897065,20.847764],[106.895844,20.846015],[106.89796,20.840644],[106.897065,20.840318],[106.881521,20.847154],[106.881358,20.852932],[106.888031,20.853135],[106.887787,20.854478],[106.885916,20.856553],[106.889008,20.85871],[106.889171,20.861518],[106.889089,20.865139],[106.893158,20.863389]]],[[[106.845551,20.866034],[106.881602,20.821519],[106.886485,20.796129],[106.873546,20.789537],[106.856212,20.792873],[106.847504,20.797309],[106.84254,20.813625],[106.82252,20.853502],[106.819591,20.876776],[106.81422,20.868109],[106.812673,20.85932],[106.814626,20.850531],[106.819591,20.842027],[106.812185,20.842027],[106.799327,20.849677],[106.783865,20.852362],[106.770681,20.858588],[106.765636,20.876776],[106.773611,20.904975],[106.785411,20.930813],[106.824555,20.915188],[106.835948,20.902411],[106.840099,20.879869],[106.845551,20.866034]]],[[[106.737071,20.863267],[106.734711,20.865749],[106.731293,20.866604],[106.727712,20.869045],[106.727712,20.872789],[106.72519,20.872667],[106.725515,20.874783],[106.728282,20.876817],[106.732921,20.881781],[106.74114,20.875149],[106.747,20.87401],[106.753266,20.871283],[106.761404,20.857489],[106.765961,20.847764],[106.764985,20.847764],[106.753835,20.850857],[106.748871,20.859036],[106.749034,20.862331],[106.747732,20.861518],[106.742361,20.86164],[106.737071,20.863267]]],[[[107.200369,20.870958],[107.188813,20.879706],[107.190684,20.882188],[107.195486,20.88406],[107.19988,20.882595],[107.210053,20.875718],[107.212087,20.871609],[107.210053,20.865139],[107.207693,20.865098],[107.205903,20.868557],[107.202973,20.870673],[107.200369,20.870958]]],[[[106.985444,20.920966],[106.982026,20.922919],[106.977224,20.931383],[106.991059,20.936916],[106.997244,20.936916],[106.997244,20.929226],[106.994721,20.923774],[106.992279,20.917589],[106.991059,20.916978],[106.989757,20.917914],[106.985444,20.920966]]],[[[106.94866,20.931912],[106.932221,20.939032],[106.93686,20.952053],[106.955089,20.939236],[106.94866,20.931912]]],[[[107.038666,20.976508],[107.043793,20.978258],[107.051199,20.976589],[107.058197,20.966051],[107.061615,20.961859],[107.062185,20.958116],[107.052745,20.952501],[107.038341,20.947537],[107.029959,20.948065],[107.022878,20.950426],[107.019379,20.95421],[107.031261,20.974351],[107.037039,20.974555],[107.038666,20.976508]]],[[[106.753591,20.988918],[106.762787,20.979071],[106.763845,20.972683],[106.758962,20.973131],[106.757498,20.972968],[106.759532,20.970771],[106.763764,20.96894],[106.76531,20.964057],[106.765636,20.959621],[106.764659,20.952704],[106.760102,20.947008],[106.738536,20.950344],[106.727794,20.953437],[106.71339,20.952541],[106.702322,20.954942],[106.693289,20.960679],[106.685639,20.974189],[106.68686,20.981879],[106.692556,20.985256],[106.698822,20.981635],[106.702566,20.976549],[106.70989,20.972846],[106.72698,20.968655],[106.733084,20.972398],[106.728119,20.980658],[106.728282,20.987209],[106.733084,20.992987],[106.739268,20.996243],[106.744477,20.995144],[106.753591,20.988918]]],[[[105.38797039245652,20.871611202097323],[105.18471069862117,20.95326935162774],[104.98120939886621,21.03441276276086],[104.7774681427193,21.115041613460523],[104.57348859292735,21.19515608058308],[104.36927242541496,21.27475633997242],[104.44471792812442,21.436419309061353],[104.52040567159962,21.59792557436115],[104.59633680046663,21.759275935751305],[104.67251246602446,21.92047118862415],[104.51047785500289,22.07013167753874],[104.34800658445403,22.219427516222833],[104.18509760295424,22.36835907935694],[104.37150448855523,22.46170649454684],[104.55832613305196,22.554604582369773],[104.74556192760814,22.647052720942476],[104.93321124626175,22.739050283637066],[105.06008379130576,22.88152379797312],[105.18734412722127,23.02374007472527],[105.31499347945717,23.165699340412083],[105.44303307499592,23.307401813762258],[105.63107253866914,23.327210119200217],[105.81925534566537,23.34660049051761],[106.00757972104067,23.365572465798273],[106.19604388261992,23.38412558611099],[106.38201878105303,23.321043543440542],[106.5678215004831,23.257550889066344],[106.75345066113509,23.193647543998882],[106.93890489154062,23.12933342970516],[107.0574928196465,22.95983335130346],[107.17569620129007,22.790097609048686],[107.29351678801294,22.62012542561317],[107.41095632276058,22.449916014821873],[107.57014459353876,22.29495509727982],[107.72888502006249,22.13963289140569],[107.88717883962835,21.98394893223624],[107.87693850178879,21.766690061943294],[107.86672780310619,21.54928901604904],[107.86546683875439,21.52234572324128],[107.862804,21.530219],[107.855968,21.520941],[107.847911,21.493109],[107.835948,21.488349],[107.828868,21.49494],[107.825938,21.508979],[107.826671,21.526679],[107.820567,21.526679],[107.812999,21.520453],[107.812999,21.513617],[107.817393,21.509345],[107.81894,21.506252],[107.820567,21.493109],[107.812999,21.493109],[107.806895,21.506781],[107.800059,21.499335],[107.796235,21.519477],[107.783458,21.524319],[107.766856,21.520209],[107.752208,21.513617],[107.752208,21.506781],[107.768321,21.506903],[107.780365,21.503079],[107.788585,21.494452],[107.792572,21.480129],[107.778901,21.485663],[107.781098,21.479153],[107.783946,21.464911],[107.786388,21.458401],[107.775645,21.458564],[107.767589,21.455715],[107.761811,21.450751],[107.758556,21.444729],[107.765229,21.438544],[107.748546,21.4112],[107.730317,21.411811],[107.721446,21.410875],[107.717377,21.407457],[107.711518,21.398912],[107.69809,21.398383],[107.684174,21.403266],[107.676524,21.4112],[107.669037,21.4112],[107.666026,21.406806],[107.662852,21.403754],[107.662852,21.397528],[107.669444,21.385443],[107.663422,21.378079],[107.650238,21.376858],[107.63502,21.383246],[107.637299,21.377753],[107.637218,21.375434],[107.637787,21.373725],[107.642345,21.370266],[107.642345,21.362779],[107.634125,21.358588],[107.631196,21.354478],[107.633881,21.349351],[107.642345,21.342271],[107.635753,21.341376],[107.621349,21.335517],[107.625336,21.333726],[107.62672,21.333889],[107.627208,21.333157],[107.628754,21.328681],[107.624115,21.330715],[107.608165,21.335517],[107.603526,21.310492],[107.599213,21.298774],[107.590587,21.293891],[107.573741,21.294745],[107.562266,21.298041],[107.554047,21.304511],[107.546886,21.315009],[107.542572,21.326565],[107.540375,21.337348],[107.535167,21.345364],[107.522309,21.348538],[107.521983,21.344306],[107.525971,21.334418],[107.528819,21.323228],[107.525157,21.315009],[107.525157,21.307563],[107.537446,21.301947],[107.526622,21.298774],[107.504487,21.298407],[107.484141,21.301337],[107.481781,21.301337],[107.472179,21.303697],[107.461681,21.309272],[107.456798,21.318345],[107.450938,21.320502],[107.415294,21.328681],[107.409028,21.315009],[107.416026,21.308539],[107.443126,21.293891],[107.443126,21.287665],[107.423595,21.279608],[107.391612,21.280422],[107.367442,21.273383],[107.367442,21.266588],[107.373302,21.258979],[107.37086,21.253363],[107.364838,21.247626],[107.360606,21.239244],[107.358897,21.20307],[107.35434,21.191474],[107.362071,21.185614],[107.370697,21.181627],[107.379649,21.180976],[107.388438,21.184638],[107.382335,21.139797],[107.375499,21.116156],[107.360606,21.102118],[107.366303,21.093492],[107.367442,21.087877],[107.363536,21.084418],[107.35434,21.082221],[107.358246,21.067328],[107.360362,21.052436],[107.36435,21.040351],[107.374278,21.03384],[107.374278,21.027574],[107.357677,21.015204],[107.347748,21.009955],[107.333832,21.005845],[107.311046,21.005276],[107.292328,21.004625],[107.279552,20.999701],[107.266449,21.004299],[107.245291,21.003079],[107.224132,20.998236],[107.211192,20.992255],[107.216319,20.99022],[107.219574,20.988227],[107.223806,20.98664],[107.23113,20.986029],[107.23113,20.979193],[107.214854,20.975246],[107.19337,20.952704],[107.197032,20.937649],[107.181895,20.936754],[107.170909,20.93358],[107.160899,20.93244],[107.149181,20.937649],[107.149181,20.930813],[107.1338,20.94481],[107.084972,20.951402],[107.066091,20.958726],[107.066091,20.964911],[107.095225,21.000474],[107.149181,21.03384],[107.149181,21.040595],[107.135997,21.03974],[107.123057,21.037258],[107.111176,21.033108],[107.101329,21.027574],[107.096853,21.021064],[107.095388,21.014065],[107.092459,21.008246],[107.083751,21.005845],[107.079763,21.009101],[107.081065,21.016303],[107.084727,21.023668],[107.087169,21.027574],[107.082774,21.030178],[107.082367,21.030992],[107.080333,21.03384],[107.072276,21.017076],[107.063243,21.009345],[107.057628,21.013861],[107.059825,21.03384],[107.052989,21.03384],[107.053477,21.023017],[107.052501,21.013658],[107.050141,21.005927],[107.046153,20.999701],[107.046886,21.013983],[107.044607,21.025092],[107.037934,21.032172],[107.025645,21.03384],[107.025645,21.027574],[107.029145,21.024563],[107.034679,21.017808],[107.039317,21.013373],[107.036143,21.013007],[107.025645,21.013373],[107.039317,20.999701],[107.025157,20.999823],[107.015636,21.00434],[106.997813,21.020168],[106.995453,21.006415],[107.020844,20.986396],[107.025645,20.972357],[107.016775,20.957668],[107.000987,20.951077],[106.982107,20.949937],[106.963634,20.951239],[106.946951,20.954291],[106.931895,20.959418],[106.9192,20.965766],[106.908946,20.972357],[106.884613,20.993232],[106.873383,20.997138],[106.867442,20.986029],[106.863536,20.991604],[106.860199,20.993109],[106.85377,20.992255],[106.882823,20.960517],[106.895274,20.951239],[106.916352,20.941107],[106.922048,20.937649],[106.926117,20.930976],[106.928233,20.922756],[106.932384,20.915188],[106.943126,20.910305],[106.943126,20.90351],[106.917247,20.904039],[106.901703,20.907864],[106.891449,20.918036],[106.881602,20.937649],[106.874278,20.937649],[106.875499,20.928697],[106.878429,20.92121],[106.882335,20.915107],[106.88795,20.910305],[106.867931,20.882717],[106.859874,20.88939],[106.852224,20.90998],[106.833263,20.923977],[106.836681,20.929145],[106.83546,20.930609],[106.833263,20.937649],[106.826427,20.937649],[106.806,20.932074],[106.783214,20.942572],[106.772472,20.957424],[106.788829,20.964911],[106.806895,20.96601],[106.816905,20.969468],[106.820649,20.97602],[106.819591,20.986029],[106.812836,20.990627],[106.802419,20.995185],[106.798676,21.001939],[106.812185,21.013373],[106.805675,21.019843],[106.798106,21.024807],[106.789317,21.027533],[106.778575,21.027574],[106.780772,21.024115],[106.783214,21.016669],[106.785411,21.013373],[106.76238,21.015326],[106.746104,21.024563],[106.730805,21.029853],[106.710297,21.020168],[106.710297,21.013373],[106.717784,21.013373],[106.717784,21.005845],[106.680349,21.020453],[106.658702,21.024848],[106.6421,21.020168],[106.650727,21.018012],[106.65268,21.017524],[106.682953,21.005845],[106.682953,20.999701],[106.67628,21.001899],[106.655772,21.005845],[106.655772,20.999701],[106.665538,20.990546],[106.669119,20.979967],[106.671072,20.969062],[106.67628,20.958726],[106.686697,20.952704],[106.711925,20.951565],[106.733735,20.942206],[106.746104,20.942328],[106.755138,20.938544],[106.7588,20.920844],[106.756684,20.907904],[106.747244,20.894721],[106.744477,20.883002],[106.738292,20.883002],[106.717784,20.90351],[106.699962,20.882758],[106.70753,20.870754],[106.726899,20.861396],[106.744477,20.848863],[106.75294,20.825751],[106.749197,20.804348],[106.736583,20.794989],[106.717784,20.807847],[106.72462,20.790025],[106.738455,20.769721],[106.755626,20.751207],[106.772472,20.738959],[106.778575,20.746405],[106.788829,20.730536],[106.805919,20.677558],[106.785167,20.692288],[106.776134,20.701117],[106.772472,20.707953],[106.7671,20.713446],[106.755626,20.709296],[106.744884,20.701972],[106.741466,20.697984],[106.732677,20.696601],[106.725597,20.693752],[106.71697,20.691311],[106.704112,20.691148],[106.675548,20.698635],[106.662608,20.697984],[106.662608,20.691148],[106.687511,20.681342],[106.702891,20.671576],[106.703136,20.659654],[106.682953,20.643378],[106.669688,20.636461],[106.654063,20.630805],[106.637543,20.628079],[106.620942,20.629788],[106.612315,20.635484],[106.598155,20.655097],[106.586762,20.663275],[106.592621,20.648098],[106.593598,20.646715],[106.599376,20.638414],[106.614268,20.622301],[106.619395,20.618598],[106.624034,20.618801],[106.627208,20.616604],[106.628429,20.605862],[106.627452,20.600084],[106.624766,20.594631],[106.621349,20.590399],[106.604747,20.584418],[106.58253,20.565172],[106.518565,20.540961],[106.536143,20.531643],[106.550629,20.532416],[106.579926,20.547187],[106.579926,20.540961],[106.567719,20.524888],[106.57488,20.510728],[106.584483,20.496039],[106.579926,20.478258],[106.573741,20.477118],[106.545421,20.467597],[106.542491,20.465277],[106.536957,20.462063],[106.529796,20.454413],[106.523204,20.445217],[106.518565,20.437323],[106.52475,20.437323],[106.538097,20.446234],[106.561697,20.455064],[106.584239,20.457831],[106.594249,20.448188],[106.590587,20.404731],[106.584158,20.381822],[106.57309,20.368476],[106.568044,20.378079],[106.566417,20.382717],[106.566742,20.378892],[106.565684,20.376451],[106.563324,20.375474],[106.559581,20.375922],[106.577647,20.358954],[106.579776,20.350216],[106.583766,20.337975],[106.585489,20.322292],[106.588475,20.303275],[106.592593,20.275411],[106.581659,20.264177],[106.559581,20.286526],[106.549978,20.298977],[106.536957,20.309149],[106.521658,20.313463],[106.504405,20.308254],[106.498057,20.308254],[106.50294,20.300523],[106.504893,20.297431],[106.51295,20.29442],[106.520518,20.298407],[106.52475,20.308254],[106.548513,20.291449],[106.552745,20.286526],[106.556,20.277737],[106.566308,20.261077],[106.572325,20.246677],[106.569615,20.231994],[106.554268,20.224654],[106.541027,20.226066],[106.529291,20.222393],[106.504915,20.217025],[106.473155,20.215155],[106.460216,20.211982],[106.39503,20.204576],[106.39503,20.211982],[106.401866,20.211982],[106.401866,20.218207],[106.394705,20.217515],[106.390147,20.216295],[106.380707,20.211982],[106.380707,20.204576],[106.38795,20.197496],[106.381114,20.192084],[106.360199,20.184068],[106.353282,20.176825],[106.340343,20.14997],[106.30667579916808,20.1099706860318],[106.30044915862553,20.11028395256354],[106.07830283424842,20.12085355443206],[105.85621078196925,20.130814433243703],[105.73975496768517,20.316414648500686],[105.62289763843044,20.50174678154884],[105.50563678639996,20.686811935618266],[105.38797039245652,20.871611202097323]]],[[[107.471121,20.737698],[107.474376,20.734687],[107.473888,20.730048],[107.466319,20.720404],[107.452647,20.714464],[107.46339,20.726264],[107.46339,20.729438],[107.467947,20.73253],[107.471121,20.737698]]],[[[107.482351,20.769436],[107.49171,20.774197],[107.494802,20.77676],[107.49114,20.762722],[107.481863,20.755601],[107.475841,20.762112],[107.480886,20.765815],[107.482351,20.769436]]],[[[107.417572,20.796617],[107.420909,20.783637],[107.419281,20.777248],[107.416759,20.773139],[107.41391,20.768297],[107.411957,20.7685],[107.409109,20.772895],[107.405772,20.775133],[107.403901,20.77794],[107.401947,20.788886],[107.402273,20.796169],[107.40561,20.803453],[107.410818,20.806016],[107.417572,20.796617]]],[[[107.350271,20.81094],[107.342133,20.828437],[107.341075,20.842597],[107.344981,20.842515],[107.357107,20.829332],[107.36964,20.825914],[107.381196,20.818915],[107.384451,20.812812],[107.383556,20.799302],[107.380219,20.797553],[107.375255,20.803941],[107.368907,20.807196],[107.36085,20.805894],[107.350271,20.81094]]],[[[107.287608,20.839097],[107.285899,20.835476],[107.278331,20.833726],[107.273367,20.831651],[107.272309,20.832587],[107.274832,20.836493],[107.277924,20.837226],[107.27825,20.83983],[107.279877,20.841579],[107.275564,20.839423],[107.271169,20.839423],[107.271983,20.841864],[107.278656,20.843411],[107.285167,20.846544],[107.282563,20.85045],[107.286713,20.855333],[107.289887,20.854682],[107.28948,20.852525],[107.289887,20.847764],[107.294119,20.846218],[107.299408,20.844062],[107.294444,20.838935],[107.287608,20.839097]]],[[[107.389985,20.867418],[107.387869,20.864976],[107.374522,20.85932],[107.367686,20.858385],[107.361095,20.859687],[107.354177,20.864732],[107.343516,20.877346],[107.340587,20.875393],[107.33546,20.876939],[107.33253,20.883287],[107.333832,20.888251],[107.339203,20.890367],[107.346039,20.88817],[107.351329,20.885932],[107.355479,20.887112],[107.365977,20.888414],[107.382172,20.887885],[107.392345,20.88467],[107.395193,20.878567],[107.392751,20.874579],[107.389903,20.871772],[107.389903,20.869534],[107.389985,20.867418]]],[[[107.295746,20.906724],[107.302908,20.900377],[107.314301,20.889512],[107.324392,20.870307],[107.315929,20.877427],[107.308767,20.883938],[107.300385,20.895209],[107.293712,20.905015],[107.295746,20.906724]]],[[[107.49171,20.842027],[107.48463,20.821723],[107.477224,20.814521],[107.463878,20.814114],[107.480235,20.849514],[107.481944,20.865383],[107.470714,20.876776],[107.470714,20.883002],[107.491466,20.883775],[107.505626,20.887397],[107.516124,20.895657],[107.525401,20.910305],[107.549571,20.956122],[107.553233,20.972357],[107.556407,20.969184],[107.557953,20.966051],[107.559418,20.958726],[107.553477,20.93594],[107.545177,20.919135],[107.497813,20.853176],[107.49171,20.842027]]],[[[107.326345,20.880845],[107.324311,20.882066],[107.314789,20.892524],[107.311371,20.905382],[107.309744,20.905219],[107.31186,20.90884],[107.315278,20.911363],[107.319591,20.903469],[107.32309,20.892076],[107.326345,20.880845]]],[[[107.350759,20.904731],[107.37322,20.909125],[107.406098,20.918118],[107.41391,20.92239],[107.420584,20.931993],[107.42335,20.942369],[107.425955,20.94595],[107.432791,20.950303],[107.439301,20.957628],[107.44809,20.964138],[107.454275,20.960028],[107.444753,20.941311],[107.43336,20.928249],[107.428722,20.925442],[107.420421,20.917426],[107.381847,20.903103],[107.353282,20.901435],[107.350759,20.904731]]],[[[107.318044,20.934394],[107.316091,20.939927],[107.32602,20.940416],[107.334158,20.94302],[107.339447,20.943468],[107.347016,20.935981],[107.347911,20.934312],[107.351492,20.940009],[107.355968,20.941799],[107.364513,20.943061],[107.376313,20.955634],[107.380138,20.956285],[107.380789,20.952704],[107.38266,20.953355],[107.384695,20.958808],[107.387869,20.961046],[107.39031,20.959377],[107.390066,20.956529],[107.387055,20.947699],[107.366791,20.929307],[107.354747,20.924791],[107.34962,20.924343],[107.326589,20.929104],[107.318044,20.934394]]],[[[107.504731,21.020168],[107.509044,21.017401],[107.519786,21.013373],[107.522634,21.022284],[107.532725,21.040595],[107.532725,21.020168],[107.546397,21.034898],[107.552257,21.038235],[107.55836,21.034735],[107.554535,21.021552],[107.539073,20.986029],[107.528819,20.950914],[107.522227,20.936428],[107.511729,20.923977],[107.497569,20.916327],[107.481456,20.912543],[107.457042,20.910305],[107.41212,20.899482],[107.39503,20.897284],[107.39503,20.90351],[107.424327,20.915351],[107.451182,20.929999],[107.474294,20.946723],[107.49171,20.964911],[107.489024,20.97606],[107.492442,20.991441],[107.504731,21.020168]]],[[[107.537771,21.068549],[107.538748,21.071641],[107.53061,21.07685],[107.530203,21.081],[107.532156,21.083645],[107.53712,21.087795],[107.537934,21.090806],[107.540863,21.095404],[107.546072,21.09984],[107.553152,21.113756],[107.557709,21.115465],[107.561209,21.113756],[107.563569,21.111802],[107.567312,21.111925],[107.576427,21.117377],[107.581798,21.11758],[107.582286,21.110582],[107.581147,21.102322],[107.572683,21.084133],[107.566417,21.082424],[107.562429,21.079495],[107.561615,21.073065],[107.551117,21.068101],[107.535899,21.056912],[107.53476,21.05211],[107.517996,21.045233],[107.513276,21.043769],[107.507253,21.039089],[107.500255,21.037584],[107.496918,21.039049],[107.506114,21.048489],[107.514659,21.052965],[107.521821,21.058987],[107.530203,21.070705],[107.533376,21.069729],[107.533702,21.066596],[107.535004,21.066107],[107.537771,21.068549]]],[[[107.532725,21.19892],[107.539073,21.19892],[107.545909,21.202704],[107.580577,21.211982],[107.603201,21.219306],[107.606212,21.217434],[107.601573,21.205146],[107.590343,21.193061],[107.557384,21.17178],[107.54713,21.156724],[107.539073,21.156724],[107.524181,21.15998],[107.504161,21.139716],[107.470714,21.095893],[107.459646,21.090237],[107.435313,21.081448],[107.422862,21.074774],[107.388682,21.047512],[107.372895,21.059556],[107.379649,21.081936],[107.394298,21.106838],[107.402517,21.126614],[107.40447,21.138129],[107.413422,21.166327],[107.418305,21.196682],[107.425059,21.196763],[107.432384,21.188544],[107.435313,21.189276],[107.436371,21.19774],[107.441173,21.203274],[107.450206,21.205146],[107.445811,21.212063],[107.444835,21.227484],[107.446544,21.25316],[107.449067,21.265326],[107.451671,21.27147],[107.455333,21.275702],[107.459158,21.277248],[107.463064,21.277411],[107.467133,21.276516],[107.471365,21.274482],[107.481619,21.266791],[107.504731,21.239244],[107.511404,21.234809],[107.518077,21.233588],[107.523204,21.230862],[107.525401,21.222154],[107.525645,21.214016],[107.526622,21.207994],[107.528982,21.203315],[107.532725,21.19892]]],[[[107.792817,20.992255],[107.792817,20.986029],[107.7824,20.989936],[107.779145,20.992255],[107.77296,20.992255],[107.778005,20.972602],[107.770763,20.957221],[107.756114,20.945705],[107.738292,20.937649],[107.757172,20.971015],[107.7588,20.982611],[107.753429,20.988674],[107.743419,20.994086],[107.737641,21.003241],[107.745128,21.020168],[107.758067,21.016588],[107.792817,20.992255]]],[[[107.84274371535024,21.03548998242251],[107.84146237062846,21.00791637412609],[107.827403,20.989081],[107.817719,20.988267],[107.81658,21.005845],[107.825694,21.02497],[107.842133,21.03559],[107.84274371535024,21.03548998242251]]],[[[107.568858,21.00495],[107.566905,21.01675],[107.570079,21.026679],[107.584158,21.0397],[107.587413,21.05093],[107.589041,21.07331],[107.591075,21.081773],[107.594249,21.089057],[107.597911,21.09398],[107.621267,21.116034],[107.628266,21.120185],[107.632091,21.118842],[107.631847,21.111965],[107.595958,21.03913],[107.58961,21.008124],[107.5796,20.98314],[107.559418,20.986029],[107.570079,20.989936],[107.571462,20.996161],[107.568858,21.00495]]],[[[107.560313,21.127427],[107.563487,21.131659],[107.567068,21.134955],[107.5713,21.13467],[107.576996,21.135769],[107.583507,21.137478],[107.581716,21.129299],[107.565929,21.116848],[107.563487,21.117621],[107.559174,21.122911],[107.560313,21.127427]]],[[[107.66977,21.197496],[107.674083,21.206],[107.679454,21.210924],[107.680186,21.207139],[107.663829,21.145209],[107.658295,21.139431],[107.657563,21.148057],[107.66977,21.197496]]],[[[107.638601,21.255805],[107.639496,21.25259],[107.63852,21.249172],[107.615245,21.232978],[107.611176,21.232978],[107.599457,21.237779],[107.603933,21.242458],[107.638031,21.258612],[107.638601,21.255805]]],[[[107.557465,21.272203],[107.572765,21.273179],[107.583344,21.26789],[107.587901,21.261501],[107.58489,21.258572],[107.5796,21.256415],[107.566824,21.255154],[107.561046,21.252183],[107.555349,21.257351],[107.548025,21.256456],[107.542084,21.259019],[107.544119,21.265611],[107.557465,21.272203]]],[[[107.530528,21.281317],[107.533132,21.285386],[107.539643,21.28384],[107.546397,21.281317],[107.549653,21.281033],[107.557058,21.281562],[107.553884,21.275539],[107.546723,21.27143],[107.539887,21.266547],[107.5324,21.263983],[107.525238,21.274726],[107.530528,21.281317]]],[[[107.694753,21.296902],[107.700531,21.296739],[107.69988,21.291775],[107.660248,21.266832],[107.659841,21.268215],[107.676443,21.287502],[107.694753,21.296902]]],[[[107.796967,21.293036],[107.793549,21.291246],[107.780854,21.291246],[107.772634,21.289415],[107.759858,21.281317],[107.757335,21.281317],[107.75408,21.283718],[107.759369,21.290839],[107.771169,21.294176],[107.775808,21.294338],[107.781423,21.295071],[107.791026,21.296129],[107.796967,21.293036]]],[[[107.819347,21.350246],[107.817068,21.348538],[107.809337,21.347154],[107.711436,21.307563],[107.714366,21.310126],[107.725841,21.323472],[107.783946,21.35635],[107.800304,21.362454],[107.813487,21.3605],[107.815603,21.3581],[107.818207,21.354071],[107.819347,21.350246]]],[[[107.854991,21.355943],[107.85793412529632,21.36139263678306],[107.85746908538162,21.35145603027121],[107.854259,21.350409],[107.841156,21.348538],[107.843598,21.358832],[107.848155,21.370266],[107.853526,21.360256],[107.854991,21.355943]]],[[[107.852224,21.375312],[107.826915,21.370266],[107.826915,21.37641],[107.85908159580666,21.385910882603255],[107.85856970853418,21.374973278659525],[107.852224,21.375312]]]]}}]}
