{"type":"FeatureCollection","features":[{"type":"Feature","geometry":{"type":"MultiPolygon","coordinates":[[[[93.24311763555859,14.0],[93.23194673640856,14.0],[93.232351,14.001573],[93.23642,14.012112],[93.242931,14.004381],[93.24311763555859,14.0]]],[[[93.396007,14.140448],[93.400157,14.095649],[93.394786,14.076361],[93.374848,14.064683],[93.383311,14.138373],[93.385997,14.150865],[93.39031,14.153754],[93.396007,14.140448]]],[[[97.82073,14.179674],[97.813406,14.161119],[97.811127,14.154893],[97.805349,14.150092],[97.795502,14.143012],[97.789073,14.134955],[97.78476,14.138821],[97.779633,14.147406],[97.779145,14.155341],[97.785411,14.158149],[97.787771,14.164984],[97.792491,14.181993],[97.797699,14.182766],[97.801443,14.186021],[97.806814,14.183661],[97.809906,14.185452],[97.815603,14.189276],[97.821788,14.189765],[97.82073,14.179674]]],[[[97.780447,14.398953],[97.778575,14.390286],[97.772878,14.39289],[97.767263,14.401353],[97.768321,14.408677],[97.773692,14.415513],[97.783865,14.416449],[97.785981,14.414578],[97.782237,14.406765],[97.780447,14.398953]]],[[[93.703868,14.904446],[93.724376,14.913804],[93.724376,14.90762],[93.716156,14.890082],[93.704438,14.870998],[93.69044,14.8581],[93.675792,14.859198],[93.686697,14.872056],[93.693614,14.888861],[93.703868,14.904446]]],[[[109.104828,15.389919],[109.116791,15.390733],[109.129812,15.390204],[109.140473,15.385688],[109.144216,15.378892],[109.139415,15.375393],[109.130707,15.371609],[109.118826,15.370673],[109.105154,15.374457],[109.097341,15.379462],[109.097992,15.383857],[109.104828,15.389919]]],[[[97.662852,15.573676],[97.664399,15.565579],[97.671641,15.549994],[97.672374,15.533352],[97.669119,15.517401],[97.664399,15.504096],[97.657481,15.523871],[97.65089,15.592231],[97.656261,15.58633],[97.660167,15.58039],[97.662852,15.573676]]],[[[95.052501,15.750678],[95.065847,15.736355],[95.059011,15.719509],[95.042084,15.712673],[95.026296,15.714342],[95.022146,15.727729],[95.02475,15.729478],[95.03183,15.736111],[95.040212,15.742621],[95.044281,15.745103],[95.052501,15.750678]]],[[[80.937266,15.818915],[80.968272,15.795233],[80.983165,15.780748],[80.988536,15.770738],[80.984874,15.761786],[80.97169,15.750474],[80.942556,15.741075],[80.917979,15.755113],[80.8685,15.811957],[80.879161,15.840074],[80.888357,15.846747],[80.937266,15.818915]]],[[[94.839366,15.890082],[94.841563,15.877427],[94.837413,15.864407],[94.819102,15.834703],[94.803722,15.796576],[94.777843,15.791571],[94.747895,15.799465],[94.724864,15.811957],[94.724864,15.818793],[94.744802,15.832709],[94.759288,15.85224],[94.78004,15.893948],[94.806814,15.931098],[94.823253,15.945787],[94.827973,15.932156],[94.827973,15.932034],[94.829845,15.916449],[94.839366,15.890082]]],[[[108.531179,15.929796],[108.512787,15.942491],[108.511648,15.944973],[108.511241,15.950873],[108.50587,15.955715],[108.498953,15.956163],[108.492361,15.958767],[108.48821,15.963935],[108.490245,15.966946],[108.501475,15.974921],[108.508474,15.975816],[108.538748,15.953518],[108.541677,15.943874],[108.541677,15.925279],[108.540457,15.920559],[108.536794,15.921983],[108.531179,15.929796]]],[[[94.417247,15.871772],[94.40919,15.907457],[94.382335,15.969631],[94.389659,16.000922],[94.417247,16.018459],[94.452973,16.033881],[94.485362,16.058987],[94.495942,16.075588],[94.510997,16.107652],[94.518809,16.120429],[94.549327,16.148993],[94.611583,16.221747],[94.642833,16.24551],[94.66212,16.221869],[94.667491,16.171942],[94.654633,16.121975],[94.629649,16.075181],[94.5796,16.013251],[94.569591,16.005194],[94.553477,15.997504],[94.499034,15.98017],[94.484141,15.971259],[94.478038,15.966132],[94.478038,15.958157],[94.479259,15.949042],[94.478363,15.942328],[94.468272,15.930162],[94.446462,15.912909],[94.436778,15.900702],[94.440929,15.885403],[94.433116,15.869615],[94.410167,15.83926],[94.40268,15.83926],[94.40268,15.846747],[94.417247,15.871772]]],[[[97.480154,16.389106],[97.472667,16.408433],[97.46046,16.425971],[97.454763,16.436916],[97.452159,16.449408],[97.455821,16.456204],[97.462657,16.461005],[97.466156,16.467027],[97.459646,16.477362],[97.469981,16.490465],[97.486013,16.500963],[97.50408,16.508002],[97.520518,16.510891],[97.56186,16.492377],[97.585216,16.486029],[97.606293,16.483547],[97.609786,16.464153],[97.610606,16.446234],[97.589366,16.415269],[97.588552,16.399848],[97.591319,16.361151],[97.589366,16.340155],[97.583832,16.329047],[97.577403,16.32095],[97.571788,16.312079],[97.568858,16.29857],[97.57016,16.290025],[97.566354,16.25372],[97.571364,16.222693],[97.547461,16.199928],[97.516857,16.209823],[97.510509,16.254218],[97.499278,16.269517],[97.459269,16.301362],[97.469249,16.332709],[97.482758,16.342027],[97.484874,16.363918],[97.480154,16.389106]]],[[[93.621755,18.910346],[93.641775,18.88935],[93.663341,18.873196],[93.673025,18.87051],[93.683604,18.868964],[93.70753,18.868232],[93.742442,18.872301],[93.749522,18.86518],[93.751638,18.840888],[93.74586,18.810981],[93.745372,18.799994],[93.748057,18.787909],[93.757091,18.765204],[93.759044,18.755561],[93.756033,18.731513],[93.746837,18.708808],[93.731944,18.689683],[93.711274,18.676459],[93.693126,18.673774],[93.667735,18.674872],[93.645274,18.679348],[93.635509,18.686672],[93.630382,18.699205],[93.6185,18.711493],[93.594005,18.731024],[93.497813,18.840888],[93.493175,18.849311],[93.484141,18.874986],[93.577159,18.881903],[93.599864,18.890448],[93.611095,18.90526],[93.621755,18.910346]]],[[[110.806326,19.612738],[110.794444,19.601264],[110.803559,19.589179],[110.812999,19.563381],[110.821788,19.554104],[110.807384,19.530585],[110.802501,19.517401],[110.800629,19.495429],[110.796235,19.484605],[110.785492,19.47191],[110.772309,19.461656],[110.760265,19.457913],[110.760265,19.451646],[110.764496,19.440823],[110.757579,19.430894],[110.745128,19.422675],[110.732432,19.416938],[110.724376,19.415961],[110.706228,19.41828],[110.698253,19.416938],[110.694998,19.411811],[110.685802,19.393052],[110.681488,19.388983],[110.669688,19.381741],[110.670665,19.365058],[110.676036,19.346747],[110.677908,19.334377],[110.666026,19.31977],[110.641368,19.312445],[110.636729,19.296536],[110.63266,19.264472],[110.621593,19.230658],[110.606293,19.199856],[110.589041,19.176703],[110.580333,19.155178],[110.575857,19.15705],[110.568614,19.163072],[110.549083,19.15176],[110.544444,19.150051],[110.510102,19.150051],[110.502208,19.153144],[110.496918,19.159898],[110.490489,19.166571],[110.479177,19.169257],[110.479177,19.163072],[110.489757,19.152981],[110.497569,19.141547],[110.507335,19.132229],[110.524181,19.128323],[110.535655,19.132229],[110.541515,19.138617],[110.546235,19.139879],[110.554942,19.128323],[110.556814,19.120022],[110.554942,19.087348],[110.562348,19.102362],[110.57545,19.150051],[110.582286,19.150051],[110.569998,19.100898],[110.567231,19.065579],[110.563243,19.05565],[110.547537,19.040188],[110.530772,19.018378],[110.518077,18.993476],[110.509939,18.964342],[110.507091,18.930325],[110.508067,18.922187],[110.51238,18.91352],[110.513357,18.906399],[110.509125,18.897773],[110.500011,18.895738],[110.490896,18.895657],[110.486583,18.892483],[110.483897,18.887193],[110.477712,18.88524],[110.47047,18.884263],[110.465587,18.881903],[110.463145,18.875149],[110.461274,18.856024],[110.458751,18.848334],[110.454356,18.844468],[110.441091,18.836493],[110.434581,18.83039],[110.431488,18.821479],[110.435802,18.814154],[110.441905,18.808254],[110.445079,18.803656],[110.450938,18.804999],[110.465017,18.804511],[110.480805,18.800971],[110.492849,18.793118],[110.500824,18.802924],[110.502452,18.811225],[110.499685,18.837551],[110.493419,18.862616],[110.493663,18.876044],[110.503429,18.881903],[110.51002,18.868598],[110.534434,18.785631],[110.519054,18.783108],[110.507172,18.783515],[110.498546,18.781643],[110.492849,18.77204],[110.486583,18.77204],[110.469005,18.777167],[110.450369,18.756537],[110.424571,18.703762],[110.431,18.69245],[110.426768,18.680894],[110.416026,18.670559],[110.403494,18.662787],[110.388682,18.675035],[110.344493,18.664618],[110.335216,18.673326],[110.345388,18.680854],[110.368663,18.68594],[110.410899,18.690131],[110.410899,18.697496],[110.403494,18.703762],[110.397227,18.703762],[110.380138,18.690497],[110.327322,18.679348],[110.307872,18.662787],[110.301036,18.662787],[110.270844,18.668158],[110.227224,18.642157],[110.156993,18.580797],[110.121104,18.555813],[110.103282,18.539374],[110.088145,18.50434],[110.070649,18.502021],[110.03419,18.511949],[110.03419,18.505764],[110.046153,18.495917],[110.074067,18.489081],[110.08253,18.477769],[110.081309,18.464545],[110.069835,18.426988],[110.068207,18.408922],[110.061371,18.408922],[110.06072,18.429592],[110.053233,18.440619],[110.044607,18.440131],[110.040294,18.425971],[110.044444,18.411363],[110.051117,18.399644],[110.052582,18.390204],[110.040294,18.38227],[110.026215,18.380601],[109.995128,18.38231],[109.968598,18.389838],[109.968598,18.405504],[109.975922,18.406643],[109.987071,18.403998],[110.000336,18.403022],[110.013682,18.408922],[110.019867,18.41767],[110.023448,18.429389],[110.023936,18.44123],[110.020518,18.450507],[110.017345,18.444973],[110.009288,18.434801],[110.006196,18.429389],[110.003184,18.43358],[109.992524,18.443061],[109.992361,18.439643],[109.992849,18.432766],[109.992524,18.429389],[109.981944,18.435492],[109.977387,18.431464],[109.973643,18.423082],[109.96518,18.416327],[109.958018,18.414374],[109.954112,18.414252],[109.948741,18.415229],[109.915375,18.416815],[109.898285,18.414252],[109.882091,18.407538],[109.83546,18.38227],[109.825206,18.385891],[109.821544,18.391669],[109.819591,18.397773],[109.814464,18.402086],[109.795665,18.405178],[109.776215,18.404039],[109.759044,18.400377],[109.746104,18.395901],[109.750011,18.373603],[109.726573,18.303778],[109.731781,18.273017],[109.717784,18.273098],[109.71339,18.279853],[109.711599,18.287991],[109.7046,18.292222],[109.696788,18.289862],[109.670421,18.273017],[109.670421,18.26557],[109.686209,18.267646],[109.694021,18.267157],[109.711925,18.258734],[109.717784,18.25845],[109.734548,18.259996],[109.739268,18.258734],[109.741466,18.2508],[109.738536,18.243232],[109.731781,18.234198],[109.728038,18.224677],[109.719005,18.21483],[109.708751,18.207221],[109.701182,18.204088],[109.690684,18.209174],[109.684337,18.221137],[109.677257,18.245063],[109.663748,18.237616],[109.62908,18.227362],[109.621918,18.220852],[109.619151,18.217271],[109.60613,18.208889],[109.602061,18.204088],[109.603526,18.198798],[109.613048,18.183051],[109.615733,18.176174],[109.601329,18.18122],[109.587657,18.181586],[109.57602,18.177476],[109.568044,18.169338],[109.561209,18.169338],[109.562511,18.176988],[109.568044,18.193183],[109.565766,18.201361],[109.561209,18.205797],[109.556488,18.209215],[109.554454,18.214057],[109.553233,18.217678],[109.548595,18.217678],[109.547618,18.220852],[109.549653,18.225531],[109.554454,18.228827],[109.559093,18.230536],[109.561209,18.23078],[109.563324,18.238023],[109.566254,18.242987],[109.56658,18.248847],[109.561209,18.258734],[109.552257,18.244778],[109.538829,18.236762],[109.529552,18.227688],[109.533946,18.210354],[109.510753,18.213609],[109.478689,18.192694],[109.465017,18.204088],[109.478038,18.212795],[109.484711,18.221503],[109.492686,18.228095],[109.509613,18.23078],[109.510265,18.238593],[109.506521,18.252753],[109.500173,18.259508],[109.492931,18.245063],[109.480724,18.264797],[109.462738,18.27969],[109.439952,18.288967],[109.333507,18.304267],[109.21811,18.30565],[109.190603,18.299709],[109.173106,18.288153],[109.162608,18.287828],[109.149669,18.299709],[109.143891,18.314154],[109.142345,18.328681],[109.139496,18.340725],[109.129161,18.34748],[109.135997,18.361151],[109.122081,18.358222],[109.111176,18.361274],[109.101573,18.366034],[109.091645,18.368598],[109.000743,18.367174],[108.990896,18.36872],[108.979015,18.374823],[108.967784,18.384467],[108.960948,18.393866],[108.95281,18.402289],[108.937348,18.408922],[108.885916,18.426663],[108.875987,18.433173],[108.868663,18.443834],[108.831065,18.468695],[108.795584,18.486558],[108.775564,18.493069],[108.755138,18.496975],[108.710704,18.499661],[108.694998,18.504828],[108.684906,18.515204],[108.677257,18.532416],[108.674083,18.554836],[108.679454,18.572252],[108.687185,18.587836],[108.690929,18.604722],[108.697113,18.683295],[108.693614,18.719875],[108.68336,18.756171],[108.668142,18.788642],[108.649425,18.813625],[108.636974,18.8251],[108.627452,18.835883],[108.623871,18.849189],[108.628917,18.868232],[108.647227,18.903225],[108.653819,18.921047],[108.656261,18.943996],[108.653575,18.964342],[108.650401,18.973578],[108.646007,18.977484],[108.642589,18.982815],[108.642589,19.018459],[108.615245,19.10163],[108.62908,19.110907],[108.644298,19.124172],[108.656912,19.139797],[108.663097,19.156236],[108.678966,19.152045],[108.683442,19.150051],[108.683442,19.156236],[108.676036,19.162177],[108.671886,19.173],[108.669932,19.194078],[108.66391,19.209621],[108.650076,19.212795],[108.634288,19.212551],[108.622081,19.217719],[108.621755,19.228095],[108.630707,19.237982],[108.63795,19.248969],[108.626964,19.27497],[108.631684,19.286282],[108.641124,19.294908],[108.649425,19.299628],[108.647309,19.303534],[108.644786,19.31037],[108.649669,19.311225],[108.662608,19.309719],[108.664561,19.314276],[108.663097,19.320502],[108.66684,19.325181],[108.677257,19.327582],[108.677257,19.334377],[108.669281,19.343736],[108.672537,19.351264],[108.679535,19.3581],[108.683442,19.365424],[108.686534,19.377875],[108.694347,19.380316],[108.714529,19.375922],[108.729177,19.377997],[108.752208,19.386949],[108.76295,19.388983],[108.770681,19.394355],[108.790294,19.423163],[108.798188,19.425849],[108.817882,19.439195],[108.827485,19.444241],[108.869802,19.457913],[108.903331,19.493354],[108.92449,19.506252],[108.937348,19.492011],[108.944835,19.492011],[108.944835,19.498847],[108.940766,19.514106],[108.956554,19.534613],[108.992686,19.567776],[109.002208,19.587226],[109.008474,19.597073],[109.01588,19.601264],[109.067068,19.60871],[109.078868,19.612738],[109.103363,19.626288],[109.118419,19.631171],[109.128917,19.640204],[109.132579,19.642239],[109.133556,19.643378],[109.156505,19.649644],[109.192068,19.678453],[109.205821,19.698432],[109.204926,19.718573],[109.211192,19.724799],[109.218516,19.722968],[109.243988,19.729926],[109.258962,19.731635],[109.272716,19.729397],[109.283214,19.724799],[109.300466,19.711127],[109.307384,19.711127],[109.298188,19.726793],[109.281586,19.74433],[109.274669,19.757229],[109.2942,19.759508],[109.2942,19.765692],[109.286794,19.765692],[109.286794,19.773179],[109.295746,19.774644],[109.300466,19.776842],[109.307384,19.786851],[109.297374,19.786851],[109.289236,19.787909],[109.281505,19.790188],[109.273204,19.793647],[109.260997,19.778713],[109.235606,19.762356],[109.210134,19.749742],[109.19752,19.745836],[109.181326,19.735989],[109.174815,19.730373],[109.170177,19.724799],[109.163341,19.724799],[109.167247,19.742743],[109.163341,19.790269],[109.16684,19.805487],[109.175548,19.814032],[109.186778,19.820014],[109.19752,19.827826],[109.200938,19.832587],[109.207367,19.843573],[109.211192,19.848293],[109.219493,19.854682],[109.224864,19.855536],[109.229503,19.855373],[109.235606,19.858832],[109.248709,19.868842],[109.25172,19.874701],[109.252696,19.885891],[109.255138,19.898342],[109.261567,19.900824],[109.270518,19.900092],[109.28004,19.902899],[109.303722,19.921698],[109.311371,19.919501],[109.31422,19.899848],[109.3213,19.892035],[109.337901,19.889879],[109.368826,19.889309],[109.395763,19.869534],[109.412608,19.861396],[109.427501,19.865383],[109.443614,19.872992],[109.455333,19.864936],[109.462657,19.849311],[109.465017,19.834052],[109.472423,19.834052],[109.479503,19.844184],[109.493988,19.850165],[109.511404,19.855048],[109.527029,19.861965],[109.53297,19.852607],[109.545095,19.853746],[109.561778,19.857408],[109.581716,19.855699],[109.581716,19.861965],[109.529307,19.875474],[109.520193,19.882473],[109.515636,19.905219],[109.525401,19.911851],[109.554454,19.910346],[109.557465,19.917304],[109.552257,19.927476],[109.544607,19.933336],[109.540782,19.927151],[109.537364,19.924465],[109.530935,19.930121],[109.52589,19.940375],[109.527029,19.951361],[109.581391,19.984809],[109.595714,19.99315],[109.611664,19.99787],[109.626313,19.997952],[109.636241,19.992336],[109.642589,19.992336],[109.65211,20.002183],[109.668142,20.006903],[109.686697,20.00788],[109.7046,20.006578],[109.712901,20.010077],[109.719005,20.010647],[109.725597,20.006578],[109.728363,19.99787],[109.7199,19.985297],[109.725597,19.978664],[109.725597,19.971829],[109.722179,19.966132],[109.71811,19.957506],[109.725597,19.957506],[109.737559,19.978095],[109.763682,19.974351],[109.807628,19.951361],[109.810557,19.965522],[109.811697,19.981838],[109.815929,19.991197],[109.827973,19.984849],[109.835134,19.973334],[109.838552,19.958441],[109.83839,19.943264],[109.83546,19.930854],[109.854666,19.941352],[109.870372,19.953355],[109.880382,19.967597],[109.883311,19.984849],[109.895274,19.985175],[109.914806,19.99022],[109.920909,19.988593],[109.926606,19.98432],[109.929454,19.986151],[109.931326,19.990139],[109.934581,19.992336],[109.942638,19.990912],[109.94337,19.987454],[109.942231,19.982896],[109.944672,19.978664],[109.957205,19.967271],[109.972423,19.948188],[109.975597,19.932278],[109.951508,19.930854],[109.959972,19.917792],[109.973806,19.908922],[109.990082,19.905951],[110.006196,19.910346],[110.006196,19.916571],[109.992198,19.92536],[110.001231,19.932847],[110.014659,19.940863],[110.013682,19.957506],[110.050304,19.974066],[110.068207,19.978664],[110.076345,19.979153],[110.08961,19.978095],[110.10255,19.973944],[110.109874,19.964993],[110.122732,19.974311],[110.136892,19.996731],[110.149587,20.006578],[110.138845,20.002631],[110.123302,19.989691],[110.115489,19.984849],[110.104991,19.982978],[110.068207,19.984849],[110.114919,20.001939],[110.129731,20.012763],[110.137462,20.024359],[110.149669,20.055813],[110.156993,20.067369],[110.171153,20.060777],[110.208669,20.049506],[110.222179,20.047512],[110.232595,20.044501],[110.245128,20.038316],[110.260997,20.033149],[110.280528,20.033271],[110.295177,20.039374],[110.316905,20.057359],[110.324962,20.061225],[110.344737,20.058051],[110.358897,20.049791],[110.368988,20.038642],[110.37672,20.026435],[110.37672,20.020209],[110.368175,20.007799],[110.375173,19.996772],[110.397227,19.978664],[110.402517,19.964342],[110.406505,19.93594],[110.410899,19.923407],[110.417735,19.923407],[110.414399,19.932074],[110.413341,19.934312],[110.410899,19.93769],[110.410899,19.943915],[110.417735,19.943915],[110.417735,19.951361],[110.414561,19.957994],[110.409434,19.980048],[110.407074,19.984849],[110.397146,19.987047],[110.390636,19.993069],[110.386485,20.001899],[110.382986,20.012763],[110.383311,20.014146],[110.378184,20.039862],[110.37672,20.04385],[110.375011,20.063625],[110.376475,20.071967],[110.382986,20.081041],[110.424571,20.047512],[110.431163,20.050605],[110.470225,20.031806],[110.495942,20.023505],[110.527599,20.020209],[110.527599,20.012763],[110.520763,20.012763],[110.520763,20.006578],[110.535655,19.999579],[110.550548,19.988471],[110.564138,19.984524],[110.57545,19.999172],[110.580333,19.979722],[110.598643,19.943996],[110.602712,19.927151],[110.605805,19.923163],[110.612966,19.925727],[110.619884,19.932359],[110.62322,19.940741],[110.621349,19.950019],[110.618419,19.957221],[110.617849,19.963935],[110.62322,19.971829],[110.609141,19.989895],[110.606456,20.007636],[110.600922,20.021064],[110.578868,20.026435],[110.570811,20.030666],[110.57016,20.040269],[110.572276,20.050727],[110.572032,20.057522],[110.566173,20.069525],[110.569347,20.079779],[110.59311,20.107327],[110.604177,20.110826],[110.640147,20.108344],[110.652029,20.117011],[110.670746,20.154975],[110.677908,20.16356],[110.685069,20.153306],[110.710948,20.075181],[110.724457,20.06387],[110.752778,20.047512],[110.774669,20.020209],[110.788341,20.010403],[110.869884,19.997016],[110.890147,19.999172],[110.893077,20.001654],[110.893809,20.004381],[110.896332,20.004584],[110.904307,19.999172],[110.920665,20.01203],[110.934581,19.995063],[110.977061,19.865871],[110.983165,19.807766],[110.996837,19.749172],[111.000011,19.721666],[110.994395,19.694281],[110.996593,19.686591],[111.010509,19.683783],[111.016368,19.678046],[111.034679,19.642239],[111.020356,19.635972],[111.009125,19.64175],[110.993337,19.643012],[110.977306,19.640774],[110.965831,19.635972],[110.913585,19.583686],[110.887706,19.550605],[110.876475,19.539781],[110.858653,19.534817],[110.842784,19.539944],[110.829845,19.552069],[110.821788,19.567776],[110.818533,19.591051],[110.825694,19.603258],[110.841156,19.607978],[110.862641,19.60871],[110.847667,19.622463],[110.826427,19.621772],[110.806326,19.612738]]],[[[105.925059,19.363105],[105.92099,19.369045],[105.920502,19.376288],[105.924164,19.37991],[105.928477,19.380357],[105.93214,19.382351],[105.935557,19.381863],[105.940359,19.377305],[105.941498,19.37169],[105.93922,19.366156],[105.935069,19.360541],[105.929047,19.359076],[105.925059,19.363105]]],[[[93.823578,19.27912],[93.802745,19.276679],[93.796886,19.27851],[93.785655,19.286566],[93.773774,19.298774],[93.749848,19.333319],[93.745372,19.344916],[93.743175,19.355455],[93.733409,19.367865],[93.731212,19.379055],[93.729991,19.381741],[93.727794,19.383734],[93.725352,19.386868],[93.724376,19.392727],[93.726736,19.396674],[93.731944,19.39643],[93.736664,19.396959],[93.738048,19.403266],[93.730479,19.419257],[93.716319,19.427395],[93.68336,19.437445],[93.669119,19.446479],[93.658946,19.457506],[93.641775,19.492011],[93.652192,19.493313],[93.656586,19.497382],[93.655528,19.504096],[93.649181,19.513129],[93.688162,19.559475],[93.696951,19.560289],[93.704926,19.558295],[93.723643,19.556383],[93.731212,19.554104],[93.740489,19.546698],[93.745372,19.539211],[93.749278,19.531317],[93.755382,19.523017],[93.803071,19.487372],[93.819998,19.471503],[93.836599,19.479397],[93.858084,19.482489],[93.880219,19.479193],[93.899262,19.46776],[93.917735,19.454006],[93.956228,19.432522],[93.970714,19.416938],[93.973643,19.402737],[93.972341,19.381822],[93.965831,19.363023],[93.953949,19.354885],[93.940196,19.348619],[93.917166,19.318305],[93.90089,19.305406],[93.898936,19.30329],[93.895518,19.301174],[93.889415,19.299628],[93.883556,19.3015],[93.881033,19.306871],[93.879161,19.312201],[93.875173,19.31391],[93.862804,19.307766],[93.862804,19.29975],[93.866384,19.291083],[93.864919,19.282864],[93.856944,19.278876],[93.845551,19.278022],[93.823578,19.27912]]],[[[93.511974,19.745836],[93.456798,19.788764],[93.440684,19.81094],[93.406749,19.920478],[93.402843,19.95307],[93.422048,19.951361],[93.442638,19.938137],[93.45338,19.928453],[93.461192,19.919501],[93.464122,19.913479],[93.470551,19.905219],[93.484711,19.897162],[93.49879,19.88703],[93.505219,19.872219],[93.50115,19.825385],[93.505219,19.807318],[93.516856,19.777167],[93.518321,19.761949],[93.511974,19.745836]]],[[[92.92921,20.081041],[92.946462,20.070502],[92.952891,20.063056],[92.958507,20.054877],[92.962576,20.046088],[92.964041,20.036689],[92.96754,20.022203],[93.014659,19.905585],[93.021983,19.870185],[93.024913,19.827826],[93.018565,19.827826],[93.013194,19.846503],[93.008556,19.889879],[93.001231,19.906643],[92.987478,19.925198],[92.925792,20.033759],[92.922374,20.050605],[92.91977,20.055732],[92.914317,20.059638],[92.909434,20.06509],[92.908702,20.074856],[92.911957,20.084703],[92.91684,20.088935],[92.922699,20.087633],[92.92921,20.081041]]],[[[107.744965,20.133775],[107.742279,20.127468],[107.739594,20.124132],[107.735769,20.124376],[107.730479,20.126003],[107.72755,20.129014],[107.731944,20.133897],[107.739838,20.138617],[107.745616,20.139716],[107.744965,20.133775]]],[[[107.452647,20.714464],[107.46339,20.726264],[107.46339,20.729438],[107.467947,20.73253],[107.471121,20.737698],[107.474376,20.734687],[107.473888,20.730048],[107.466319,20.720404],[107.452647,20.714464]]],[[[107.131521,20.751532],[107.135102,20.755439],[107.13852,20.761461],[107.144054,20.765652],[107.147472,20.762926],[107.145844,20.751899],[107.145193,20.745917],[107.146332,20.743109],[107.146821,20.740587],[107.142263,20.738227],[107.137218,20.738267],[107.132498,20.743232],[107.129893,20.748318],[107.131521,20.751532]]],[[[107.482351,20.769436],[107.49171,20.774197],[107.494802,20.77676],[107.49114,20.762722],[107.481863,20.755601],[107.475841,20.762112],[107.480886,20.765815],[107.482351,20.769436]]],[[[107.134044,20.782864],[107.1338,20.781602],[107.135183,20.779812],[107.132335,20.776557],[107.13323,20.77497],[107.1338,20.772528],[107.128998,20.768541],[107.126394,20.769192],[107.119884,20.783271],[107.118744,20.788072],[107.119721,20.793687],[107.11907,20.797716],[107.117198,20.800767],[107.116547,20.804307],[107.118826,20.805569],[107.122895,20.803331],[107.125499,20.801011],[107.126964,20.803331],[107.128998,20.80508],[107.131358,20.802069],[107.131521,20.796576],[107.133556,20.795925],[107.137706,20.792304],[107.139008,20.785875],[107.138276,20.784084],[107.134044,20.782864]]],[[[107.40561,20.803453],[107.410818,20.806016],[107.417572,20.796617],[107.420909,20.783637],[107.419281,20.777248],[107.416759,20.773139],[107.41391,20.768297],[107.411957,20.7685],[107.409109,20.772895],[107.405772,20.775133],[107.403901,20.77794],[107.401947,20.788886],[107.402273,20.796169],[107.40561,20.803453]]],[[[107.066091,20.732164],[107.066091,20.738959],[107.059825,20.738959],[107.055024,20.721666],[107.046153,20.70425],[107.046153,20.725979],[107.038829,20.723456],[107.035899,20.721666],[107.031912,20.718492],[107.031912,20.725979],[107.025645,20.718492],[107.021251,20.723619],[107.01824,20.725979],[107.01824,20.732164],[107.039317,20.732164],[107.039317,20.738959],[107.03533,20.741197],[107.034434,20.742174],[107.03419,20.743354],[107.031912,20.746405],[107.025645,20.746405],[107.025645,20.738959],[107.01824,20.738959],[107.014822,20.743598],[107.008637,20.748928],[107.005138,20.753241],[106.997813,20.753241],[107.002289,20.742499],[107.005138,20.738959],[107.005138,20.732164],[106.985118,20.745266],[106.962413,20.77497],[106.949962,20.787421],[106.921072,20.804592],[106.909923,20.818549],[106.912852,20.8369],[106.93629,20.844672],[106.943126,20.848863],[106.946788,20.855536],[106.946544,20.86286],[106.94809,20.870266],[106.957367,20.876776],[106.949962,20.86933],[106.963634,20.856106],[106.994477,20.851752],[107.005138,20.842027],[107.011404,20.842027],[107.012462,20.858791],[107.022716,20.86225],[107.035981,20.857367],[107.046153,20.848863],[107.046153,20.842027],[107.042979,20.831366],[107.054942,20.82392],[107.070974,20.820299],[107.080333,20.821519],[107.087169,20.821519],[107.090994,20.814765],[107.09547,20.809027],[107.100841,20.804267],[107.107677,20.800442],[107.086762,20.805121],[107.080333,20.807847],[107.080333,20.800442],[107.085216,20.797187],[107.088145,20.79442],[107.094005,20.787421],[107.082205,20.789374],[107.075043,20.796047],[107.066091,20.814114],[107.062511,20.805609],[107.062836,20.798285],[107.066661,20.792141],[107.073497,20.787421],[107.073497,20.780585],[107.060313,20.775946],[107.050466,20.775946],[107.041759,20.779934],[107.031912,20.787421],[107.036876,20.766262],[107.067393,20.749742],[107.073497,20.732164],[107.066091,20.732164]]],[[[107.350271,20.81094],[107.342133,20.828437],[107.341075,20.842597],[107.344981,20.842515],[107.357107,20.829332],[107.36964,20.825914],[107.381196,20.818915],[107.384451,20.812812],[107.383556,20.799302],[107.380219,20.797553],[107.375255,20.803941],[107.368907,20.807196],[107.36085,20.805894],[107.350271,20.81094]]],[[[106.76238,20.831814],[106.761485,20.841702],[106.766124,20.846055],[106.787527,20.823961],[106.800466,20.817247],[106.807872,20.817613],[106.812429,20.818508],[106.814952,20.814276],[106.807058,20.807969],[106.794932,20.806016],[106.786713,20.807318],[106.780284,20.811265],[106.765798,20.824978],[106.76238,20.831814]]],[[[107.107839,20.835883],[107.11321,20.830878],[107.112641,20.827012],[107.1067,20.82746],[107.097667,20.838039],[107.093354,20.836046],[107.09018,20.83572],[107.087006,20.838324],[107.085785,20.842475],[107.087657,20.845201],[107.090424,20.846584],[107.09254,20.850206],[107.095225,20.853176],[107.098155,20.855333],[107.101899,20.856513],[107.103445,20.853013],[107.101817,20.84809],[107.102224,20.845323],[107.105642,20.841254],[107.107839,20.835883]]],[[[107.28948,20.852525],[107.289887,20.847764],[107.294119,20.846218],[107.299408,20.844062],[107.294444,20.838935],[107.287608,20.839097],[107.285899,20.835476],[107.278331,20.833726],[107.273367,20.831651],[107.272309,20.832587],[107.274832,20.836493],[107.277924,20.837226],[107.27825,20.83983],[107.279877,20.841579],[107.275564,20.839423],[107.271169,20.839423],[107.271983,20.841864],[107.278656,20.843411],[107.285167,20.846544],[107.282563,20.85045],[107.286713,20.855333],[107.289887,20.854682],[107.28948,20.852525]]],[[[106.89796,20.840644],[106.897065,20.840318],[106.881521,20.847154],[106.881358,20.852932],[106.888031,20.853135],[106.887787,20.854478],[106.885916,20.856553],[106.889008,20.85871],[106.889171,20.861518],[106.889089,20.865139],[106.893158,20.863389],[106.892589,20.865953],[106.891775,20.873114],[106.900401,20.864325],[106.901296,20.854071],[106.902761,20.84748],[106.897065,20.847764],[106.895844,20.846015],[106.89796,20.840644]]],[[[106.773611,20.904975],[106.785411,20.930813],[106.824555,20.915188],[106.835948,20.902411],[106.840099,20.879869],[106.845551,20.866034],[106.881602,20.821519],[106.886485,20.796129],[106.873546,20.789537],[106.856212,20.792873],[106.847504,20.797309],[106.84254,20.813625],[106.82252,20.853502],[106.819591,20.876776],[106.81422,20.868109],[106.812673,20.85932],[106.814626,20.850531],[106.819591,20.842027],[106.812185,20.842027],[106.799327,20.849677],[106.783865,20.852362],[106.770681,20.858588],[106.765636,20.876776],[106.773611,20.904975]]],[[[106.764985,20.847764],[106.753835,20.850857],[106.748871,20.859036],[106.749034,20.862331],[106.747732,20.861518],[106.742361,20.86164],[106.737071,20.863267],[106.734711,20.865749],[106.731293,20.866604],[106.727712,20.869045],[106.727712,20.872789],[106.72519,20.872667],[106.725515,20.874783],[106.728282,20.876817],[106.732921,20.881781],[106.74114,20.875149],[106.747,20.87401],[106.753266,20.871283],[106.761404,20.857489],[106.765961,20.847764],[106.764985,20.847764]]],[[[107.365977,20.888414],[107.382172,20.887885],[107.392345,20.88467],[107.395193,20.878567],[107.392751,20.874579],[107.389903,20.871772],[107.389903,20.869534],[107.389985,20.867418],[107.387869,20.864976],[107.374522,20.85932],[107.367686,20.858385],[107.361095,20.859687],[107.354177,20.864732],[107.343516,20.877346],[107.340587,20.875393],[107.33546,20.876939],[107.33253,20.883287],[107.333832,20.888251],[107.339203,20.890367],[107.346039,20.88817],[107.351329,20.885932],[107.355479,20.887112],[107.365977,20.888414]]],[[[107.19988,20.882595],[107.210053,20.875718],[107.212087,20.871609],[107.210053,20.865139],[107.207693,20.865098],[107.205903,20.868557],[107.202973,20.870673],[107.200369,20.870958],[107.188813,20.879706],[107.190684,20.882188],[107.195486,20.88406],[107.19988,20.882595]]],[[[107.300385,20.895209],[107.293712,20.905015],[107.295746,20.906724],[107.302908,20.900377],[107.314301,20.889512],[107.324392,20.870307],[107.315929,20.877427],[107.308767,20.883938],[107.300385,20.895209]]],[[[107.549571,20.956122],[107.553233,20.972357],[107.556407,20.969184],[107.557953,20.966051],[107.559418,20.958726],[107.553477,20.93594],[107.545177,20.919135],[107.497813,20.853176],[107.49171,20.842027],[107.48463,20.821723],[107.477224,20.814521],[107.463878,20.814114],[107.480235,20.849514],[107.481944,20.865383],[107.470714,20.876776],[107.470714,20.883002],[107.491466,20.883775],[107.505626,20.887397],[107.516124,20.895657],[107.525401,20.910305],[107.549571,20.956122]]],[[[107.32309,20.892076],[107.326345,20.880845],[107.324311,20.882066],[107.314789,20.892524],[107.311371,20.905382],[107.309744,20.905219],[107.31186,20.90884],[107.315278,20.911363],[107.319591,20.903469],[107.32309,20.892076]]],[[[106.991059,20.936916],[106.997244,20.936916],[106.997244,20.929226],[106.994721,20.923774],[106.992279,20.917589],[106.991059,20.916978],[106.989757,20.917914],[106.985444,20.920966],[106.982026,20.922919],[106.977224,20.931383],[106.991059,20.936916]]],[[[107.42335,20.942369],[107.425955,20.94595],[107.432791,20.950303],[107.439301,20.957628],[107.44809,20.964138],[107.454275,20.960028],[107.444753,20.941311],[107.43336,20.928249],[107.428722,20.925442],[107.420421,20.917426],[107.381847,20.903103],[107.353282,20.901435],[107.350759,20.904731],[107.37322,20.909125],[107.406098,20.918118],[107.41391,20.92239],[107.420584,20.931993],[107.42335,20.942369]]],[[[106.94866,20.931912],[106.932221,20.939032],[106.93686,20.952053],[106.955089,20.939236],[106.94866,20.931912]]],[[[107.366791,20.929307],[107.354747,20.924791],[107.34962,20.924343],[107.326589,20.929104],[107.318044,20.934394],[107.316091,20.939927],[107.32602,20.940416],[107.334158,20.94302],[107.339447,20.943468],[107.347016,20.935981],[107.347911,20.934312],[107.351492,20.940009],[107.355968,20.941799],[107.364513,20.943061],[107.376313,20.955634],[107.380138,20.956285],[107.380789,20.952704],[107.38266,20.953355],[107.384695,20.958808],[107.387869,20.961046],[107.39031,20.959377],[107.390066,20.956529],[107.387055,20.947699],[107.366791,20.929307]]],[[[107.031261,20.974351],[107.037039,20.974555],[107.038666,20.976508],[107.043793,20.978258],[107.051199,20.976589],[107.058197,20.966051],[107.061615,20.961859],[107.062185,20.958116],[107.052745,20.952501],[107.038341,20.947537],[107.029959,20.948065],[107.022878,20.950426],[107.019379,20.95421],[107.031261,20.974351]]],[[[107.489024,20.97606],[107.492442,20.991441],[107.504731,21.020168],[107.509044,21.017401],[107.519786,21.013373],[107.522634,21.022284],[107.532725,21.040595],[107.532725,21.020168],[107.546397,21.034898],[107.552257,21.038235],[107.55836,21.034735],[107.554535,21.021552],[107.539073,20.986029],[107.528819,20.950914],[107.522227,20.936428],[107.511729,20.923977],[107.497569,20.916327],[107.481456,20.912543],[107.457042,20.910305],[107.41212,20.899482],[107.39503,20.897284],[107.39503,20.90351],[107.424327,20.915351],[107.451182,20.929999],[107.474294,20.946723],[107.49171,20.964911],[107.489024,20.97606]]],[[[106.758962,20.973131],[106.757498,20.972968],[106.759532,20.970771],[106.763764,20.96894],[106.76531,20.964057],[106.765636,20.959621],[106.764659,20.952704],[106.760102,20.947008],[106.738536,20.950344],[106.727794,20.953437],[106.71339,20.952541],[106.702322,20.954942],[106.693289,20.960679],[106.685639,20.974189],[106.68686,20.981879],[106.692556,20.985256],[106.698822,20.981635],[106.702566,20.976549],[106.70989,20.972846],[106.72698,20.968655],[106.733084,20.972398],[106.728119,20.980658],[106.728282,20.987209],[106.733084,20.992987],[106.739268,20.996243],[106.744477,20.995144],[106.753591,20.988918],[106.762787,20.979071],[106.763845,20.972683],[106.758962,20.973131]]],[[[107.779145,20.992255],[107.77296,20.992255],[107.778005,20.972602],[107.770763,20.957221],[107.756114,20.945705],[107.738292,20.937649],[107.757172,20.971015],[107.7588,20.982611],[107.753429,20.988674],[107.743419,20.994086],[107.737641,21.003241],[107.745128,21.020168],[107.758067,21.016588],[107.792817,20.992255],[107.792817,20.986029],[107.7824,20.989936],[107.779145,20.992255]]],[[[107.827403,20.989081],[107.817719,20.988267],[107.81658,21.005845],[107.825694,21.02497],[107.842133,21.03559],[107.856293,21.033271],[107.852794,21.019924],[107.844412,21.011868],[107.827403,20.989081]]],[[[109.099864,21.060696],[109.122732,21.065416],[109.136241,21.051011],[109.127696,21.032172],[109.112559,21.027086],[109.105235,21.024482],[109.100922,21.021186],[109.095958,21.02204],[109.090505,21.041938],[109.099864,21.060696]]],[[[107.632091,21.118842],[107.631847,21.111965],[107.595958,21.03913],[107.58961,21.008124],[107.5796,20.98314],[107.559418,20.986029],[107.570079,20.989936],[107.571462,20.996161],[107.568858,21.00495],[107.566905,21.01675],[107.570079,21.026679],[107.584158,21.0397],[107.587413,21.05093],[107.589041,21.07331],[107.591075,21.081773],[107.594249,21.089057],[107.597911,21.09398],[107.621267,21.116034],[107.628266,21.120185],[107.632091,21.118842]]],[[[107.553152,21.113756],[107.557709,21.115465],[107.561209,21.113756],[107.563569,21.111802],[107.567312,21.111925],[107.576427,21.117377],[107.581798,21.11758],[107.582286,21.110582],[107.581147,21.102322],[107.572683,21.084133],[107.566417,21.082424],[107.562429,21.079495],[107.561615,21.073065],[107.551117,21.068101],[107.535899,21.056912],[107.53476,21.05211],[107.517996,21.045233],[107.513276,21.043769],[107.507253,21.039089],[107.500255,21.037584],[107.496918,21.039049],[107.506114,21.048489],[107.514659,21.052965],[107.521821,21.058987],[107.530203,21.070705],[107.533376,21.069729],[107.533702,21.066596],[107.535004,21.066107],[107.537771,21.068549],[107.538748,21.071641],[107.53061,21.07685],[107.530203,21.081],[107.532156,21.083645],[107.53712,21.087795],[107.537934,21.090806],[107.540863,21.095404],[107.546072,21.09984],[107.553152,21.113756]]],[[[107.567068,21.134955],[107.5713,21.13467],[107.576996,21.135769],[107.583507,21.137478],[107.581716,21.129299],[107.565929,21.116848],[107.563487,21.117621],[107.559174,21.122911],[107.560313,21.127427],[107.563487,21.131659],[107.567068,21.134955]]],[[[107.418305,21.196682],[107.425059,21.196763],[107.432384,21.188544],[107.435313,21.189276],[107.436371,21.19774],[107.441173,21.203274],[107.450206,21.205146],[107.445811,21.212063],[107.444835,21.227484],[107.446544,21.25316],[107.449067,21.265326],[107.451671,21.27147],[107.455333,21.275702],[107.459158,21.277248],[107.463064,21.277411],[107.467133,21.276516],[107.471365,21.274482],[107.481619,21.266791],[107.504731,21.239244],[107.511404,21.234809],[107.518077,21.233588],[107.523204,21.230862],[107.525401,21.222154],[107.525645,21.214016],[107.526622,21.207994],[107.528982,21.203315],[107.532725,21.19892],[107.539073,21.19892],[107.545909,21.202704],[107.580577,21.211982],[107.603201,21.219306],[107.606212,21.217434],[107.601573,21.205146],[107.590343,21.193061],[107.557384,21.17178],[107.54713,21.156724],[107.539073,21.156724],[107.524181,21.15998],[107.504161,21.139716],[107.470714,21.095893],[107.459646,21.090237],[107.435313,21.081448],[107.422862,21.074774],[107.388682,21.047512],[107.372895,21.059556],[107.379649,21.081936],[107.394298,21.106838],[107.402517,21.126614],[107.40447,21.138129],[107.413422,21.166327],[107.418305,21.196682]]],[[[107.66977,21.197496],[107.674083,21.206],[107.679454,21.210924],[107.680186,21.207139],[107.663829,21.145209],[107.658295,21.139431],[107.657563,21.148057],[107.66977,21.197496]]],[[[107.974946,21.24494],[107.980968,21.242214],[107.982595,21.2355],[107.979666,21.229438],[107.973318,21.22781],[107.961843,21.228868],[107.953624,21.233629],[107.9546,21.239569],[107.968842,21.24433],[107.974946,21.24494]]],[[[107.599457,21.237779],[107.603933,21.242458],[107.638031,21.258612],[107.638601,21.255805],[107.639496,21.25259],[107.63852,21.249172],[107.615245,21.232978],[107.611176,21.232978],[107.599457,21.237779]]],[[[107.561046,21.252183],[107.555349,21.257351],[107.548025,21.256456],[107.542084,21.259019],[107.544119,21.265611],[107.557465,21.272203],[107.572765,21.273179],[107.583344,21.26789],[107.587901,21.261501],[107.58489,21.258572],[107.5796,21.256415],[107.566824,21.255154],[107.561046,21.252183]]],[[[107.557058,21.281562],[107.553884,21.275539],[107.546723,21.27143],[107.539887,21.266547],[107.5324,21.263983],[107.525238,21.274726],[107.530528,21.281317],[107.533132,21.285386],[107.539643,21.28384],[107.546397,21.281317],[107.549653,21.281033],[107.557058,21.281562]]],[[[107.660248,21.266832],[107.659841,21.268215],[107.676443,21.287502],[107.694753,21.296902],[107.700531,21.296739],[107.69988,21.291775],[107.660248,21.266832]]],[[[107.759369,21.290839],[107.771169,21.294176],[107.775808,21.294338],[107.781423,21.295071],[107.791026,21.296129],[107.796967,21.293036],[107.793549,21.291246],[107.780854,21.291246],[107.772634,21.289415],[107.759858,21.281317],[107.757335,21.281317],[107.75408,21.283718],[107.759369,21.290839]]],[[[107.725841,21.323472],[107.783946,21.35635],[107.800304,21.362454],[107.813487,21.3605],[107.815603,21.3581],[107.818207,21.354071],[107.819347,21.350246],[107.817068,21.348538],[107.809337,21.347154],[107.711436,21.307563],[107.714366,21.310126],[107.725841,21.323472]]],[[[107.868663,21.390082],[107.998302,21.403754],[107.998302,21.397528],[107.959483,21.373847],[107.944184,21.368109],[107.936209,21.37641],[107.929942,21.37641],[107.922374,21.372626],[107.854259,21.350409],[107.841156,21.348538],[107.843598,21.358832],[107.848155,21.370266],[107.853526,21.360256],[107.854991,21.355943],[107.859386,21.364081],[107.865245,21.370103],[107.872813,21.374213],[107.852224,21.375312],[107.826915,21.370266],[107.826915,21.37641],[107.860118,21.386217],[107.868663,21.390082]]],[[[108.182709,21.53498],[108.177013,21.530056],[108.128835,21.518704],[108.126557,21.520413],[108.129568,21.523708],[108.142263,21.529283],[108.160004,21.544176],[108.172781,21.546169],[108.181814,21.54149],[108.182709,21.53498]]],[[[88.879731,21.529975],[88.862478,21.523586],[88.838715,21.531928],[88.830821,21.577379],[88.841319,21.614],[88.872895,21.595526],[88.88852,21.589545],[88.902029,21.580268],[88.911306,21.566881],[88.91391,21.548407],[88.90797,21.530707],[88.895763,21.528469],[88.879731,21.529975]]],[[[91.871104,21.547675],[91.873709,21.55801],[91.874034,21.581855],[91.868907,21.622219],[91.847911,21.688788],[91.853526,21.725816],[91.862966,21.745592],[91.872325,21.754828],[91.883311,21.753892],[91.89796,21.743313],[91.902843,21.730292],[91.898204,21.71483],[91.89088,21.698961],[91.887706,21.684963],[91.903331,21.702867],[91.909516,21.726793],[91.908376,21.752183],[91.901215,21.774319],[91.919119,21.776842],[91.935557,21.781155],[91.935883,21.765123],[91.935557,21.759996],[91.938731,21.71483],[91.974864,21.648749],[91.983897,21.609198],[91.9817,21.58808],[91.972423,21.546088],[91.970225,21.523586],[91.961111,21.506171],[91.93922,21.505357],[91.914073,21.509467],[91.894542,21.506781],[91.894542,21.50141],[91.899181,21.493842],[91.899669,21.486029],[91.887706,21.480129],[91.877126,21.481024],[91.868419,21.486762],[91.862559,21.49494],[91.858246,21.512641],[91.855235,21.519477],[91.855479,21.526679],[91.871104,21.547675]]],[[[88.146739,21.869859],[88.167003,21.765448],[88.163422,21.705471],[88.132579,21.684963],[88.144379,21.657782],[88.146007,21.643744],[88.139415,21.630316],[88.130056,21.625922],[88.1185,21.627672],[88.091563,21.636542],[88.063487,21.636664],[88.051768,21.641588],[88.043142,21.65762],[88.042247,21.668158],[88.043956,21.680854],[88.050548,21.70539],[88.090017,21.808661],[88.119314,21.859524],[88.146739,21.869859]]],[[[108.569509,21.769477],[108.565522,21.77383],[108.570893,21.777533],[108.574229,21.775295],[108.577403,21.771145],[108.577403,21.76321],[108.576345,21.759101],[108.572602,21.759426],[108.569672,21.765774],[108.569509,21.769477]]],[[[89.115733,21.781155],[89.139008,21.766832],[89.144705,21.739325],[89.132498,21.721625],[89.102306,21.736762],[89.051524,21.793199],[89.051443,21.797105],[89.057791,21.80329],[89.06422,21.822089],[89.063813,21.841457],[89.053722,21.874742],[89.051117,21.890326],[89.044688,21.907782],[89.045665,21.91706],[89.057384,21.91767],[89.061534,21.914944],[89.064952,21.910224],[89.067638,21.904364],[89.071544,21.890326],[89.081309,21.822943],[89.092784,21.793402],[89.115733,21.781155]]],[[[91.83253,21.725816],[91.823985,21.742621],[91.839854,21.825507],[91.83253,21.876695],[91.836192,21.89411],[91.843435,21.906968],[91.867198,21.931952],[91.871104,21.92886],[91.872732,21.925605],[91.874034,21.91767],[91.886078,21.880276],[91.887706,21.866156],[91.884451,21.850287],[91.870372,21.824612],[91.862804,21.789984],[91.841075,21.735419],[91.83253,21.725816]]],[[[88.663259,21.921291],[88.670584,21.907416],[88.667003,21.890326],[88.655284,21.866604],[88.649181,21.842353],[88.646332,21.787909],[88.636241,21.79267],[88.59962,21.803656],[88.591807,21.804389],[88.590505,21.812893],[88.584972,21.826606],[88.584321,21.835761],[88.586274,21.843004],[88.598643,21.869859],[88.616466,21.897935],[88.636241,21.921373],[88.650157,21.927436],[88.663259,21.921291]]],[[[88.132579,21.920478],[88.125011,21.888658],[88.104991,21.861151],[88.080903,21.849351],[88.072276,21.856757],[88.071056,21.873603],[88.073904,21.892157],[88.077322,21.904608],[88.084727,21.921576],[88.094249,21.937893],[88.105724,21.947577],[88.118907,21.945014],[88.132579,21.920478]]],[[[90.318614,21.846259],[90.318614,21.892808],[90.32252,21.916693],[90.332205,21.938788],[90.354015,21.976752],[90.37143,21.994778],[90.394298,22.00023],[90.390636,21.978258],[90.365489,21.938707],[90.341563,21.860297],[90.332205,21.849514],[90.322927,21.843899],[90.318614,21.846259]]],[[[90.516856,21.912177],[90.515391,21.921291],[90.517833,21.931952],[90.521983,21.938788],[90.526378,21.94359],[90.593516,21.986558],[90.593516,21.966132],[90.597341,21.96133],[90.600841,21.954576],[90.606619,21.938788],[90.590831,21.935126],[90.580821,21.912502],[90.57252,21.91767],[90.565603,21.91767],[90.55714,21.897528],[90.540782,21.875922],[90.521251,21.861477],[90.503591,21.862454],[90.503591,21.869859],[90.510753,21.871405],[90.523448,21.875678],[90.531505,21.876695],[90.52296,21.888088],[90.517914,21.893256],[90.510427,21.897854],[90.516938,21.904486],[90.516856,21.912177]]],[[[90.454845,21.933051],[90.431895,21.907782],[90.415538,21.900539],[90.402354,21.906887],[90.394542,21.921454],[90.394298,21.938788],[90.39975,21.952948],[90.406423,21.963365],[90.411876,21.97602],[90.414236,21.997138],[90.411876,22.028713],[90.415538,22.038316],[90.428477,22.048041],[90.435232,22.041205],[90.473318,22.003648],[90.486176,21.976793],[90.476329,21.945014],[90.454845,21.933051]]],[[[90.345876,21.993598],[90.358653,22.022691],[90.373871,22.045559],[90.387462,22.048041],[90.381114,22.023098],[90.352794,21.992987],[90.345958,21.972317],[90.33961,21.972317],[90.345876,21.993598]]],[[[90.568696,22.058092],[90.559744,22.023749],[90.538341,22.00023],[90.519542,21.994696],[90.509044,21.999416],[90.504649,22.010484],[90.503591,22.024115],[90.508962,22.033149],[90.544444,22.061672],[90.538341,22.068508],[90.495372,22.044989],[90.489919,22.03498],[90.483653,22.03498],[90.485606,22.058336],[90.49171,22.080146],[90.503103,22.09634],[90.520844,22.102607],[90.533458,22.110053],[90.560069,22.137681],[90.57252,22.137397],[90.581065,22.148871],[90.592784,22.15941],[90.604503,22.165595],[90.613455,22.164049],[90.593516,22.102607],[90.593435,22.112535],[90.591807,22.119086],[90.586192,22.130561],[90.574555,22.096137],[90.568696,22.058092]]],[[[90.929373,22.116889],[90.9192,22.132148],[90.920258,22.160061],[90.927501,22.190253],[90.935557,22.21247],[90.941742,22.205024],[90.947113,22.211615],[90.951182,22.21247],[90.954112,22.208075],[90.956716,22.198879],[90.956716,22.144843],[90.948985,22.121649],[90.929373,22.116889]]],[[[90.97641,22.185777],[90.977061,22.239203],[90.982921,22.259182],[90.996918,22.253485],[90.997813,22.235093],[90.994802,22.213813],[90.987804,22.19538],[90.97641,22.185777]]],[[[91.059093,22.192043],[91.068274,22.240733],[91.06912,22.31103],[91.074801,22.38859],[91.092257,22.391338],[91.126899,22.374865],[91.148847,22.357057],[91.15645,22.332079],[91.171397,22.319648],[91.181407,22.283596],[91.181895,22.260321],[91.186785,22.227757],[91.170576,22.197171],[91.160899,22.182074],[91.154307,22.169664],[91.141468,22.146201],[91.120712,22.130301],[91.106374,22.121658],[91.093689,22.118859],[91.082408,22.101383],[91.063294,22.089848],[91.038585,22.091132],[91.022472,22.094875],[91.011257,22.102091],[91.005111,22.116822],[91.033955,22.14878],[91.052257,22.175442],[91.059093,22.192043]]],[[[90.966156,22.347398],[90.97641,22.363349],[90.983897,22.355902],[90.989513,22.340766],[90.9935,22.322333],[90.994395,22.302069],[90.990082,22.281399],[90.952891,22.226752],[90.937185,22.232733],[90.940196,22.246812],[90.950531,22.263617],[90.956716,22.277655],[90.960216,22.322984],[90.966156,22.347398]]],[[[90.633311,22.349677],[90.640147,22.349677],[90.6338,22.367621],[90.62615,22.406968],[90.61964,22.42475],[90.613617,22.428616],[90.606944,22.427436],[90.60141,22.429185],[90.599132,22.442125],[90.601573,22.44831],[90.607595,22.450344],[90.614431,22.449042],[90.61964,22.445258],[90.633149,22.431627],[90.647716,22.407213],[90.658702,22.379543],[90.661143,22.355902],[90.650157,22.376166],[90.647472,22.383775],[90.640391,22.366034],[90.646739,22.326077],[90.640147,22.308743],[90.63502,22.317613],[90.634044,22.328355],[90.634288,22.339545],[90.633311,22.349677]]],[[[90.625987,22.027167],[90.610037,22.024115],[90.603526,22.044013],[90.607758,22.072333],[90.618988,22.101304],[90.633311,22.123114],[90.622244,22.145087],[90.631847,22.182115],[90.673513,22.266425],[90.678477,22.282782],[90.681814,22.301907],[90.681895,22.360419],[90.687999,22.377631],[90.679942,22.407172],[90.677745,22.426703],[90.681814,22.439032],[90.681814,22.445258],[90.670584,22.463853],[90.658946,22.5244],[90.647472,22.548285],[90.631358,22.561591],[90.574962,22.598863],[90.558767,22.602932],[90.553966,22.639797],[90.556326,22.674709],[90.578624,22.757025],[90.58546,22.768052],[90.596202,22.775377],[90.613455,22.781684],[90.631033,22.785631],[90.650564,22.787421],[90.660619,22.757805],[90.671546,22.72241],[90.684095,22.694373],[90.701369,22.661898],[90.715507,22.638284],[90.731272,22.620527],[90.746979,22.596907],[90.754507,22.548434],[90.76694,22.517531],[90.790553,22.495333],[90.834637,22.458296],[90.855024,22.434665],[90.835022,22.339616],[90.836192,22.178168],[90.827891,22.152411],[90.77475,22.075914],[90.757335,22.061672],[90.75587,22.065985],[90.750011,22.075995],[90.727061,22.053697],[90.717784,22.048407],[90.691661,22.007025],[90.682872,22.003974],[90.670421,21.997707],[90.657725,21.992865],[90.647472,21.994045],[90.639415,22.016099],[90.651215,22.044623],[90.669932,22.074937],[90.681814,22.102607],[90.625987,22.027167]]],[[[90.653494,22.483466],[90.656016,22.480699],[90.661143,22.480048],[90.665294,22.469143],[90.667003,22.458441],[90.667328,22.439032],[90.657074,22.433661],[90.653656,22.431057],[90.647472,22.42475],[90.653494,22.483466]]],[[[91.201017,22.472196],[91.180244,22.459239],[91.159533,22.450674],[91.134163,22.44948],[91.11371,22.461415],[91.123562,22.489146],[91.158619,22.503423],[91.199988,22.514694],[91.21083,22.495521],[91.201017,22.472196]]],[[[91.556361,22.47821],[91.563633,22.435621],[91.555179,22.402031],[91.507519,22.396797],[91.476052,22.413317],[91.446517,22.453242],[91.429658,22.493003],[91.423786,22.525302],[91.446765,22.576304],[91.467557,22.58631],[91.556361,22.47821]]],[[[90.465668,22.788072],[90.462657,22.815823],[90.463145,22.834052],[90.466075,22.851752],[90.473399,22.865139],[90.486827,22.870429],[90.521169,22.864651],[90.537608,22.866767],[90.544444,22.880683],[90.552745,22.881741],[90.592296,22.881903],[90.606619,22.877265],[90.62676,22.857216],[90.645254,22.849289],[90.66363,22.828918],[90.678233,22.808336],[90.662364,22.805487],[90.628052,22.812082],[90.590956,22.813919],[90.561778,22.788804],[90.54656,22.783677],[90.531559,22.769237],[90.529677,22.744363],[90.534612,22.728775],[90.520993,22.711765],[90.510961,22.722724],[90.49822,22.733832],[90.496755,22.74315],[90.492849,22.753241],[90.482921,22.759752],[90.45574,22.767401],[90.464203,22.778876],[90.465668,22.788072]]],[[[90.56129,23.03262],[90.586192,23.034898],[90.60727,23.018134],[90.645356,22.97484],[90.667328,22.959174],[90.667328,22.95303],[90.641612,22.952297],[90.633311,22.95303],[90.644705,22.94599],[90.654633,22.937323],[90.662364,22.927802],[90.667328,22.918199],[90.636241,22.921332],[90.627126,22.925035],[90.61964,22.932522],[90.607677,22.952582],[90.599132,22.959174],[90.588715,22.962063],[90.584727,22.960395],[90.581228,22.956529],[90.57252,22.95303],[90.561697,22.951565],[90.534516,22.951239],[90.524099,22.95303],[90.508067,22.975775],[90.528005,23.007636],[90.56129,23.03262]]],[[[90.5171,23.059312],[90.515636,23.051947],[90.500173,23.038031],[90.477794,23.012397],[90.469493,23.007636],[90.460948,23.048489],[90.45574,23.062812],[90.494395,23.062934],[90.502452,23.064887],[90.510427,23.069037],[90.5171,23.059312]]],[[[90.426606,23.375963],[90.429698,23.385159],[90.45574,23.384955],[90.491873,23.373033],[90.539399,23.350002],[90.577647,23.323635],[90.586192,23.301744],[90.549571,23.326239],[90.529552,23.333564],[90.524099,23.322252],[90.506114,23.314195],[90.487071,23.319037],[90.468761,23.33161],[90.437266,23.361802],[90.426606,23.375963]]],[[[67.460785,24.026679],[67.453949,24.013414],[67.426931,24.007514],[67.409434,24.013495],[67.393403,24.028062],[67.385427,24.040188],[67.381521,24.04621],[67.375499,24.06273],[67.390391,24.049262],[67.413259,24.048774],[67.458018,24.06273],[67.477794,24.051215],[67.485281,24.048489],[67.46518,24.040595],[67.460785,24.026679]]],[[[144.130039,59.399859],[143.93801,59.405078],[143.903911,59.42271],[143.840505,59.402476],[143.582284,59.338864],[143.493617,59.318518],[143.40798,59.324322],[143.35945,59.340368],[143.310871,59.360741],[143.227951,59.362273],[143.204356,59.383734],[143.164806,59.381008],[143.139171,59.361314],[143.145763,59.360053],[143.159679,59.353909],[142.892263,59.302069],[142.581798,59.226102],[142.26238,59.124579],[142.144298,59.056871],[142.083995,59.032375],[142.055837,59.021715],[142.01531,58.99726],[141.946788,58.94302],[141.781912,58.764716],[141.673106,58.682929],[141.583734,58.617749],[141.392426,58.54328],[141.248509,58.476892],[141.185633,58.456356],[141.136351,58.464438],[141.105425,58.459215],[140.987315,58.418524],[140.954926,58.399075],[140.937511,58.391303],[140.918956,58.388129],[140.904307,58.382758],[140.740001,58.271308],[140.69988,58.233832],[140.666759,58.191107],[140.622813,58.111274],[140.518728,57.932522],[140.510509,57.909125],[140.499494,57.867579],[140.495728,57.844774],[140.458573,57.831787],[140.428393,57.820646],[140.400039,57.800332],[140.345776,57.786836],[140.311471,57.751038],[140.302446,57.747788],[140.280284,57.7626],[140.260997,57.764309],[140.223318,57.76024],[140.207575,57.747662],[140.167152,57.748164],[140.116082,57.739978],[140.071544,57.725572],[140.052745,57.720445],[140.034841,57.71308],[140.004649,57.696234],[139.98154,57.687738],[139.93487,57.653298],[139.877435,57.594114],[139.8143,57.507362],[139.789678,57.482731],[139.712087,57.491767],[139.673676,57.481391],[139.620572,57.467344],[139.563068,57.430056],[139.541618,57.381063],[139.522202,57.359637],[139.497895,57.339545],[139.472848,57.334421],[139.446788,57.320746],[139.418459,57.297194],[139.404972,57.306026],[139.380023,57.308162],[139.342459,57.291327],[139.317068,57.277608],[139.300856,57.279005],[139.268488,57.277163],[139.196544,57.27265],[139.162283,57.256252],[139.113811,57.234385],[139.068733,57.207021],[139.037169,57.166846],[139.029428,57.14604],[139.025624,57.140003],[139.004691,57.148824],[138.989897,57.154255],[138.960035,57.144949],[138.932957,57.135025],[138.930241,57.117568],[138.921583,57.107565],[138.931546,57.095649],[138.922476,57.058116],[138.902473,57.031213],[138.88511,57.019113],[138.859136,57.013162],[138.823329,57.021425],[138.806057,57.031614],[138.788853,57.023441],[138.796002,57.013529],[138.787305,57.006157],[138.760167,57.004834],[138.718072,56.980029],[138.697155,56.984071],[138.661615,56.977943],[138.623057,56.959296],[138.605628,56.945224],[138.585956,56.921676],[138.577572,56.881141],[138.56152,56.826548],[138.571104,56.811075],[138.581736,56.784509],[138.56361,56.777509],[138.543363,56.793859],[138.546037,56.818963],[138.549835,56.859518],[138.517757,56.849322],[138.484907,56.84954],[138.454448,56.839337],[138.466609,56.816607],[138.443207,56.792467],[138.438731,56.782538],[138.433279,56.774482],[138.418224,56.76789],[138.411388,56.759711],[138.406098,56.749457],[138.403982,56.74018],[138.396007,56.731269],[138.375618,56.720482],[138.352449,56.715759],[138.328097,56.711709],[138.290205,56.692131],[138.287852,56.674994],[138.279633,56.666571],[138.261875,56.654305],[138.259184,56.642778],[138.267833,56.626626],[138.260511,56.615821],[138.253107,56.623885],[138.23099,56.624487],[138.216325,56.609607],[138.185613,56.60882],[138.148448,56.603583],[138.129649,56.585639],[138.12086,56.569566],[138.117849,56.555325],[138.120779,56.540839],[138.114838,56.528104],[138.125126,56.506933],[138.145345,56.492879],[138.160064,56.478768],[138.174698,56.471758],[138.208496,56.468929],[138.234029,56.470523],[138.245882,56.46954],[138.257773,56.46605],[138.249443,56.455346],[138.228499,56.443673],[138.223477,56.42416],[138.191557,56.42911],[138.163081,56.451136],[138.148623,56.441057],[138.1049,56.440915],[138.069428,56.437755],[138.060232,56.426174],[138.058849,56.414496],[138.055024,56.404486],[138.053683,56.387851],[138.023018,56.38171],[137.977441,56.372409],[137.936754,56.366196],[137.914067,56.359526],[137.901535,56.342825],[137.889349,56.324694],[137.870657,56.292812],[137.85377,56.268785],[137.834428,56.225476],[137.79167,56.221026],[137.776287,56.211273],[137.76164,56.194276],[137.754144,56.176776],[137.73585,56.167914],[137.723096,56.158949],[137.720378,56.147343],[137.723597,56.136324],[137.698029,56.126202],[137.617971,56.118414],[137.571951,56.116523],[137.500255,56.062812],[137.48878,56.058051],[137.472016,56.054348],[137.459408,56.050304],[137.443661,56.048512],[137.425993,56.031146],[137.416838,56.004508],[137.413476,55.987367],[137.416823,55.973007],[137.407053,55.969044],[137.400213,55.965652],[137.397514,55.955097],[137.390831,55.945607],[137.367908,55.952026],[137.354955,55.960256],[137.331075,55.968905],[137.295634,55.961322],[137.25431,55.932766],[137.237533,55.915609],[137.20333,55.899636],[137.182933,55.893634],[137.155683,55.88755],[137.114891,55.863275],[137.0467,55.81909],[137.056907,55.799707],[137.049797,55.793116],[137.030026,55.78755],[137.005576,55.794944],[136.979426,55.792255],[136.956228,55.787787],[136.90992,55.771267],[136.887829,55.744937],[136.851329,55.730902],[136.83546,55.722846],[136.82488,55.71369],[136.800629,55.681871],[136.773285,55.660549],[136.747813,55.657701],[136.714921,55.658733],[136.670964,55.646398],[136.623072,55.616037],[136.60234,55.617505],[136.579807,55.623429],[136.565515,55.623199],[136.554789,55.614945],[136.55219,55.603229],[136.546333,55.593255],[136.529477,55.580403],[136.488054,55.583308],[136.462847,55.579291],[136.430161,55.565246],[136.417906,55.556045],[136.379487,55.532912],[136.35061,55.509936],[136.319021,55.486558],[136.312022,55.45954],[136.307671,55.424624],[136.268708,55.41494],[136.236184,55.37384],[136.219779,55.354589],[136.190462,55.343259],[136.17806,55.343119],[136.175348,55.329419],[136.161627,55.318284],[136.142589,55.314439],[136.126638,55.308254],[136.118332,55.299707],[136.087876,55.285481],[136.054364,55.268841],[136.018819,55.256534],[135.981079,55.244811],[135.954079,55.229985],[135.930413,55.213335],[135.917426,55.20591],[135.914106,55.196751],[135.868943,55.173886],[135.842074,55.172639],[135.81085,55.171362],[135.755441,55.139485],[135.706348,55.115413],[135.670469,55.121306],[135.592359,55.10141],[135.534255,55.086565],[135.469064,55.056664],[135.455424,55.028827],[135.391441,55.004468],[135.339218,54.980713],[135.26514,54.928454],[135.219571,54.894121],[135.203948,54.869289],[135.183724,54.859155],[135.17335,54.821275],[135.265147,54.721666],[135.255382,54.720689],[135.249766,54.717719],[135.237804,54.707994],[135.244151,54.701239],[135.268565,54.711086],[135.292491,54.715644],[135.340831,54.71483],[135.654145,54.665961],[135.669688,54.660875],[135.680186,54.649604],[135.688243,54.614163],[135.698578,54.599026],[135.711925,54.586249],[135.725108,54.577704],[135.750173,54.57095],[135.880707,54.58515],[135.979991,54.580797],[136.129242,54.61225],[136.206716,54.620673],[136.249278,54.620429],[136.262543,54.615546],[136.276541,54.607489],[136.291189,54.607123],[136.320567,54.611802],[136.534923,54.595526],[136.567231,54.602729],[136.598399,54.622707],[136.638438,54.668118],[136.662446,54.685248],[136.677094,54.673896],[136.67449,54.658352],[136.664806,54.647773],[136.658946,54.637437],[136.667003,54.622707],[136.681407,54.614691],[136.700857,54.611884],[136.720225,54.614447],[136.735199,54.622707],[136.748302,54.635443],[136.761241,54.644924],[136.775564,54.650824],[136.793793,54.652777],[136.81072,54.651597],[136.823497,54.647528],[136.826671,54.63935],[136.814464,54.626125],[136.828461,54.614325],[136.844412,54.604071],[136.862559,54.596137],[136.883311,54.591376],[136.872244,54.57807],[136.838634,54.551581],[136.838145,54.534003],[136.814708,54.524482],[136.807465,54.516262],[136.810883,54.508002],[136.841645,54.488267],[136.820567,54.485256],[136.818044,54.473456],[136.826508,54.458157],[136.838634,54.444241],[136.840831,54.432318],[136.826915,54.425116],[136.806651,54.424018],[136.775401,54.437486],[136.758637,54.436957],[136.744884,54.428941],[136.738617,54.413804],[136.743663,54.40119],[136.75408,54.391669],[136.76002,54.38109],[136.752289,54.365424],[136.772309,54.348538],[136.803071,54.332668],[136.820649,54.316107],[136.800629,54.297187],[136.787608,54.297187],[136.769867,54.299709],[136.755219,54.297431],[136.752289,54.283515],[136.762055,54.27265],[136.800141,54.256781],[136.814464,54.248725],[136.800059,54.238837],[136.779552,54.228176],[136.763438,54.216498],[136.762869,54.204047],[136.776866,54.19245],[136.792817,54.18358],[136.806488,54.173774],[136.814464,54.159329],[136.805349,54.134833],[136.783539,54.106147],[136.768809,54.080227],[136.780284,54.063788],[136.720063,54.032782],[136.689138,54.012274],[136.687348,53.992377],[136.692068,53.98017],[136.684581,53.968207],[136.663585,53.947089],[136.65919,53.935045],[136.65919,53.926174],[136.675548,53.843573],[136.677094,53.820746],[136.684744,53.808498],[136.702485,53.80036],[136.738617,53.790025],[136.764334,53.775295],[136.775157,53.773098],[136.793793,53.776353],[136.80836,53.781073],[136.821788,53.788398],[136.831716,53.799058],[136.83546,53.81391],[136.842052,53.828762],[136.85727,53.834377],[136.87436,53.836575],[136.898692,53.846991],[136.957774,53.857652],[136.966319,53.856838],[136.991873,53.851508],[137.012543,53.852118],[137.019786,53.851508],[137.049571,53.838528],[137.077891,53.820054],[137.107921,53.807929],[137.142751,53.81391],[137.166677,53.830227],[137.18572,53.85106],[137.233653,53.942572],[137.247406,53.961737],[137.263194,53.97842],[137.279959,54.022773],[137.283458,54.029853],[137.288341,54.03262],[137.290863,54.035712],[137.287364,54.043891],[137.280935,54.048529],[137.271658,54.050238],[137.253754,54.050116],[137.188162,54.038804],[137.156993,54.044013],[137.143891,54.074286],[137.138194,54.083441],[137.061371,54.145697],[137.090587,54.154283],[137.177501,54.20775],[137.206798,54.217027],[137.234141,54.220282],[137.260509,54.227444],[137.287364,54.248725],[137.279959,54.255561],[137.300141,54.271918],[137.325206,54.279039],[137.351817,54.283189],[137.37672,54.290269],[137.385997,54.297187],[137.389903,54.303534],[137.394786,54.308295],[137.419119,54.311347],[137.43922,54.316392],[137.451427,54.317613],[137.47755,54.314887],[137.546723,54.297187],[137.643321,54.297187],[137.663422,54.305243],[137.686778,54.320746],[137.711681,54.330471],[137.73585,54.32099],[137.740001,54.306586],[137.726248,54.295478],[137.684581,54.276597],[137.588715,54.206122],[137.580821,54.187323],[137.550792,54.172919],[137.525645,54.156399],[137.504242,54.136542],[137.485362,54.112128],[137.484386,54.102037],[137.487315,54.09162],[137.483897,54.084662],[137.464854,54.084866],[137.450206,54.089057],[137.447032,54.095038],[137.449474,54.104315],[137.451182,54.118354],[137.45338,54.120347],[137.457774,54.121161],[137.460704,54.124172],[137.458018,54.132636],[137.453624,54.138373],[137.448578,54.14175],[137.43686,54.145697],[137.422374,54.148017],[137.405121,54.146674],[137.336925,54.132514],[137.320079,54.126654],[137.307872,54.118354],[137.303966,54.109036],[137.30421,54.098578],[137.302745,54.087877],[137.29363,54.07746],[137.305186,54.067328],[137.310883,54.057685],[137.320079,54.049465],[137.34197,54.043891],[137.399099,54.045396],[137.417735,54.043891],[137.438162,54.037014],[137.546235,53.972073],[137.571137,53.965481],[137.590505,53.956122],[137.602061,53.953843],[137.609223,53.956],[137.627452,53.965399],[137.636241,53.967597],[137.656912,53.965399],[137.696544,53.956],[137.736664,53.950873],[137.753917,53.945624],[137.771332,53.943549],[137.810557,53.95661],[137.862804,53.967597],[137.838715,53.950141],[137.799164,53.913275],[137.773936,53.899319],[137.678966,53.877834],[137.650401,53.865139],[137.64503,53.859442],[137.643565,53.853339],[137.642833,53.847154],[137.639659,53.841254],[137.633149,53.837958],[137.616954,53.836412],[137.609141,53.834418],[137.596934,53.824164],[137.594981,53.813137],[137.595714,53.802395],[137.591807,53.793158],[137.570649,53.777493],[137.565929,53.770941],[137.561046,53.755276],[137.56129,53.745022],[137.564301,53.736396],[137.563975,53.726874],[137.55421,53.714301],[137.539806,53.709133],[137.519054,53.705268],[137.500255,53.698188],[137.492198,53.68358],[137.487966,53.670559],[137.477224,53.665839],[137.380707,53.668402],[137.345388,53.66474],[137.314708,53.652818],[137.302989,53.642076],[137.290863,53.628241],[137.27768,53.6164],[137.263194,53.611274],[137.249034,53.610663],[137.231944,53.607652],[137.217621,53.600572],[137.211681,53.587714],[137.228201,53.566799],[137.265961,53.549018],[137.335134,53.529364],[137.370453,53.527533],[137.437999,53.540025],[137.678071,53.550116],[137.918224,53.586615],[138.047211,53.650458],[138.150076,53.672756],[138.168224,53.680365],[138.219005,53.711168],[138.270518,53.730414],[138.28419,53.738511],[138.298188,53.756171],[138.338878,53.869615],[138.349294,53.888983],[138.366384,53.909491],[138.395681,53.928412],[138.46811,53.949897],[138.55893,53.989569],[138.572113,53.998928],[138.578624,53.999335],[138.583751,53.990546],[138.584727,53.97724],[138.564952,53.942084],[138.568126,53.922024],[138.588878,53.879381],[138.579926,53.828315],[138.536632,53.786078],[138.378754,53.684149],[138.353282,53.660102],[138.34254,53.635484],[138.345958,53.618313],[138.349864,53.611274],[138.345063,53.607123],[138.273936,53.583889],[138.259939,53.577135],[138.246104,53.566352],[138.242931,53.558295],[138.246837,53.532782],[138.240733,53.522895],[138.216563,53.500434],[138.215587,53.491767],[138.226085,53.492255],[138.267345,53.522528],[138.284434,53.524848],[138.405772,53.510565],[138.43922,53.513658],[138.473155,53.525946],[138.502126,53.543524],[138.527843,53.564154],[138.550304,53.5869],[138.655772,53.731757],[138.696788,53.818671],[138.698578,53.836737],[138.688243,53.85456],[138.682465,53.875434],[138.695649,53.897773],[138.732921,53.934027],[138.76059,53.975246],[138.771821,54.01557],[138.772146,54.057807],[138.7671,54.104682],[138.675792,54.071519],[138.664724,54.07746],[138.675466,54.097805],[138.713145,54.137356],[138.725434,54.159329],[138.728038,54.166815],[138.732107,54.174384],[138.732921,54.180487],[138.7317,54.186225],[138.726085,54.194648],[138.725434,54.200344],[138.729503,54.209621],[138.7435,54.231269],[138.746593,54.242499],[138.734386,54.266343],[138.705089,54.281399],[138.643565,54.297187],[138.700369,54.314602],[138.719249,54.317613],[138.738536,54.315985],[138.934418,54.253079],[139.090099,54.223578],[139.161876,54.204739],[139.302257,54.190619],[139.371837,54.195868],[139.644786,54.266059],[139.70338,54.295966],[139.7317,54.304145],[139.767589,54.303941],[139.797048,54.297431],[139.803559,54.286811],[139.799083,54.2685],[139.794932,54.238837],[139.801036,54.226304],[139.815929,54.215155],[139.875173,54.18887],[139.883637,54.187323],[139.891124,54.189521],[139.908214,54.19892],[139.918468,54.200344],[139.908458,54.18887],[139.920421,54.175686],[140.00172,54.122992],[140.017751,54.118354],[140.053071,54.114203],[140.240571,54.056952],[140.244802,54.044379],[140.239268,54.034247],[140.230724,54.024319],[140.226329,54.012274],[140.235688,54.001288],[140.257335,53.989081],[140.281505,53.979071],[140.29835,53.975002],[140.320811,53.974066],[140.330821,53.970282],[140.33074,53.961737],[140.32252,53.947089],[140.302419,53.930487],[140.272797,53.911444],[140.251964,53.89057],[140.257335,53.868557],[140.3567,53.790025],[140.373546,53.782782],[140.416352,53.771877],[140.510916,53.733791],[140.521739,53.727037],[140.528575,53.721137],[140.534434,53.711982],[140.534923,53.708482],[140.533865,53.706204],[140.536632,53.691311],[140.536957,53.681952],[140.539806,53.671698],[140.549083,53.659654],[140.581228,53.639309],[140.651134,53.619818],[140.713145,53.58161],[141.026215,53.492133],[141.083263,53.482164],[141.09783,53.474758],[141.047374,53.478461],[140.994395,53.495185],[140.974294,53.494127],[140.949718,53.488959],[140.933767,53.476508],[140.939464,53.453599],[140.927419,53.444525],[140.930919,53.436347],[140.943126,53.432603],[140.956228,53.436835],[140.972504,53.448432],[140.984548,53.45185],[140.995372,53.448432],[141.007823,53.439927],[141.018321,53.42886],[141.025727,53.418036],[141.035411,53.409735],[141.089529,53.403266],[141.12436,53.392768],[141.117686,53.37523],[141.138438,53.362047],[141.168712,53.351264],[141.189952,53.34101],[141.208995,53.325629],[141.229259,53.315985],[141.251231,53.310981],[141.377696,53.309638],[141.407481,53.303778],[141.411876,53.293647],[141.404307,53.277981],[141.398123,53.255601],[141.37379,53.240302],[141.361095,53.230048],[141.357758,53.220893],[141.368419,53.213528],[141.384613,53.215562],[141.401134,53.222154],[141.411794,53.228339],[141.424001,53.217841],[141.419688,53.206529],[141.412446,53.194973],[141.415538,53.183295],[141.424001,53.174872],[141.429373,53.167304],[141.43214,53.159166],[141.432953,53.148871],[141.426443,53.144517],[141.38502,53.132066],[141.375499,53.12344],[141.349783,53.091132],[141.363536,53.086859],[141.368663,53.079983],[141.364431,53.073391],[141.349783,53.070014],[141.333181,53.07274],[141.298839,53.087104],[141.281993,53.091132],[141.253673,53.087836],[141.23113,53.076483],[141.210134,53.062323],[141.186371,53.050198],[141.186371,53.04267],[141.203624,53.037421],[141.222504,53.035549],[141.261567,53.035875],[141.251801,53.023993],[141.219493,53.002102],[141.188813,52.987494],[141.170421,52.983466],[141.151378,52.983385],[141.131847,52.987494],[140.998302,53.043647],[140.984141,53.05329],[140.966563,53.061957],[140.940684,53.069485],[140.894786,53.07685],[140.886974,53.083401],[140.871267,53.111965],[140.860688,53.118476],[140.777029,53.127834],[140.729991,53.126939],[140.706716,53.111029],[140.773448,53.089911],[140.8296,53.06387],[140.860362,53.045152],[140.876231,53.038479],[140.933442,53.031562],[140.945811,53.023342],[140.946951,53.001166],[140.939464,52.99494],[140.945567,52.984687],[140.954926,52.963609],[140.966075,52.944648],[140.9699,52.940904],[140.97462,52.937812],[140.984141,52.93008],[140.993826,52.925849],[141.006684,52.925116],[141.031993,52.926663],[141.044932,52.924262],[141.052419,52.918606],[141.057302,52.911566],[141.070974,52.896674],[141.075694,52.889797],[141.08253,52.883979],[141.09783,52.878241],[141.148692,52.872016],[141.15797,52.869208],[141.177257,52.855618],[141.186371,52.850898],[141.197765,52.848822],[141.26059,52.85224],[141.259288,52.846625],[141.212087,52.797593],[141.20102,52.777411],[141.210134,52.768378],[141.22877,52.763251],[141.250743,52.7508],[141.270274,52.735256],[141.281993,52.721259],[141.289073,52.701117],[141.292003,52.68476],[141.298513,52.671129],[141.316254,52.659125],[141.306163,52.649482],[141.300059,52.641425],[141.289561,52.61758],[141.285981,52.603949],[141.28419,52.591132],[141.28061,52.578762],[141.272146,52.566636],[141.235118,52.526313],[141.21339,52.50788],[141.135265,52.470526],[141.117686,52.448961],[141.128184,52.422919],[141.167166,52.364895],[141.186371,52.350653],[141.234711,52.335639],[141.258311,52.323717],[141.268403,52.306586],[141.278982,52.293443],[141.349783,52.268134],[141.36085,52.251654],[141.366222,52.246812],[141.39088,52.231106],[141.40211,52.225531],[141.414317,52.221747],[141.465994,52.213609],[141.480724,52.212836],[141.520763,52.219875],[141.529145,52.220364],[141.5324,52.220933],[141.54005,52.220771],[141.544688,52.217719],[141.535655,52.204657],[141.536143,52.199449],[141.539806,52.195258],[141.545909,52.19359],[141.542979,52.1883],[141.546886,52.176907],[141.552745,52.16592],[141.555837,52.162299],[141.550629,52.149848],[141.538829,52.154242],[141.514822,52.171942],[141.500824,52.173814],[141.493663,52.172309],[141.473888,52.158881],[141.402599,52.140204],[141.391368,52.127834],[141.378591,52.117987],[141.354991,52.105902],[141.342784,52.093817],[141.364024,52.083726],[141.326182,52.054023],[141.30893,52.037095],[141.302582,52.021674],[141.31365,52.004096],[141.335948,51.993964],[141.361176,51.986558],[141.381358,51.976996],[141.417817,51.954739],[141.429535,51.941962],[141.425548,51.925482],[141.407725,51.917304],[141.354747,51.909084],[141.343516,51.901923],[141.331798,51.890448],[141.280121,51.880316],[141.2588,51.857489],[141.200206,51.823676],[141.19044,51.805609],[141.178966,51.768215],[141.169119,51.751044],[141.133962,51.721137],[141.122325,51.705024],[141.131847,51.692694],[141.109223,51.678778],[140.987966,51.659247],[140.932628,51.628241],[140.915294,51.623847],[140.90561,51.615424],[140.905528,51.596381],[140.91212,51.562974],[140.901378,51.494086],[140.895518,51.491929],[140.893077,51.487291],[140.891368,51.482611],[140.88795,51.480414],[140.85377,51.480902],[140.844493,51.482896],[140.834727,51.48371],[140.822765,51.480414],[140.803071,51.467108],[140.800059,51.454169],[140.804942,51.439765],[140.808442,51.422105],[140.818858,51.416734],[140.84254,51.418036],[140.878103,51.432685],[140.896007,51.428778],[140.893891,51.41649],[140.884044,51.401068],[140.878103,51.387641],[140.87379,51.371772],[140.862804,51.35928],[140.847179,51.34984],[140.8296,51.343248],[140.749766,51.341742],[140.70574,51.334784],[140.68629,51.312812],[140.693044,51.281806],[140.702647,51.267279],[140.709727,51.259345],[140.713552,51.261379],[140.703868,51.245307],[140.667166,51.23607],[140.658946,51.223822],[140.661794,51.218492],[140.674978,51.207709],[140.679454,51.199286],[140.680024,51.189765],[140.666352,51.141425],[140.667328,51.131415],[140.693044,51.109931],[140.704356,51.092353],[140.708181,51.073554],[140.706716,51.031684],[140.701182,51.021877],[140.674083,51.014716],[140.665212,51.008124],[140.664561,50.997504],[140.675955,50.976508],[140.679454,50.966539],[140.673595,50.94831],[140.656749,50.937812],[140.633149,50.932929],[140.607432,50.931789],[140.599864,50.928453],[140.542247,50.877143],[140.529796,50.862372],[140.530284,50.855699],[140.547618,50.835639],[140.547862,50.826158],[140.544607,50.816636],[140.542247,50.805121],[140.534434,50.78913],[140.49586,50.761298],[140.480724,50.747382],[140.475922,50.737006],[140.476899,50.731513],[140.477306,50.726264],[140.469981,50.716702],[140.465831,50.70954],[140.46339,50.698961],[140.466075,50.689521],[140.477061,50.685289],[140.485362,50.676174],[140.514903,50.617092],[140.495779,50.616767],[140.483897,50.607164],[140.466563,50.575507],[140.442882,50.544379],[140.442149,50.530097],[140.456309,50.510647],[140.506358,50.460679],[140.514903,50.445746],[140.515636,50.434556],[140.51238,50.426988],[140.511078,50.419379],[140.522634,50.399115],[140.52711,50.37641],[140.545421,50.344062],[140.53891,50.330146],[140.524669,50.316636],[140.514903,50.294908],[140.519542,50.279446],[140.529959,50.25849],[140.536957,50.23607],[140.531749,50.216132],[140.520274,50.195543],[140.517833,50.173285],[140.52296,50.151068],[140.534841,50.130439],[140.549164,50.114081],[140.586762,50.081244],[140.600597,50.075181],[140.61085,50.07803],[140.628754,50.091702],[140.638438,50.09634],[140.674571,50.098212],[140.68629,50.103176],[140.690929,50.080268],[140.660655,50.05801],[140.590587,50.027411],[140.545909,50.000718],[140.528575,49.993313],[140.49464,49.983547],[140.48227,49.975287],[140.473318,49.959133],[140.480724,49.952338],[140.452891,49.924791],[140.442556,49.907457],[140.446056,49.890855],[140.425548,49.88345],[140.415212,49.874579],[140.415782,49.862698],[140.458507,49.805609],[140.473318,49.794623],[140.49464,49.788804],[140.517263,49.785549],[140.535004,49.777411],[140.542247,49.756781],[140.538097,49.744208],[140.507498,49.691636],[140.511404,49.687567],[140.519054,49.676744],[140.521169,49.67178],[140.531423,49.634101],[140.539724,49.617255],[140.552094,49.599799],[140.560802,49.575385],[140.550629,49.555243],[140.521169,49.527167],[140.519705,49.517157],[140.519867,49.503404],[140.518321,49.4914],[140.511078,49.486151],[140.501231,49.482164],[140.491466,49.472968],[140.462576,49.438625],[140.454275,49.420844],[140.443977,49.364997],[140.432872,49.306138],[140.435557,49.294379],[140.351085,49.295071],[140.335948,49.287543],[140.338878,49.277737],[140.350352,49.273098],[140.364024,49.273098],[140.384532,49.281562],[140.390229,49.275051],[140.389415,49.265286],[140.380626,49.26024],[140.377533,49.257025],[140.35019,49.239163],[140.345714,49.229193],[140.343761,49.218411],[140.344981,49.207709],[140.35019,49.198188],[140.355317,49.202582],[140.365326,49.208075],[140.370616,49.21247],[140.372569,49.208726],[140.373057,49.207913],[140.374034,49.207668],[140.376801,49.205634],[140.365245,49.189765],[140.359223,49.173651],[140.362071,49.158026],[140.376801,49.143541],[140.365326,49.132392],[140.359874,49.117011],[140.356456,49.095771],[140.344981,49.090074],[140.329682,49.08808],[140.294932,49.088324],[140.294932,49.082099],[140.336029,49.067694],[140.342784,49.061672],[140.343598,49.047065],[140.337169,49.039781],[140.291759,49.028022],[140.242198,49.02147],[140.219249,49.013861],[140.235199,49.007514],[140.250824,49.010891],[140.264496,49.012274],[140.274425,49.00019],[140.265147,48.99494],[140.253917,48.985419],[140.248383,48.976304],[140.257091,48.972235],[140.268403,48.974433],[140.278087,48.977525],[140.283458,48.976264],[140.281261,48.965399],[140.29127,48.964789],[140.301117,48.965399],[140.296641,48.980414],[140.305268,48.996283],[140.321381,49.008734],[140.346202,49.015855],[140.35255,49.019599],[140.359141,49.021308],[140.366954,49.017279],[140.368744,49.013373],[140.369884,49.002834],[140.370616,49.00019],[140.380626,48.99372],[140.38795,48.991767],[140.39796,48.992743],[140.378673,48.958726],[140.356456,48.931301],[140.352306,48.910224],[140.324718,48.891506],[140.266938,48.862372],[140.253917,48.848049],[140.249604,48.836982],[140.248871,48.826728],[140.246593,48.814602],[140.239757,48.801703],[140.221446,48.780585],[140.212983,48.767401],[140.201915,48.739488],[140.194428,48.709784],[140.185802,48.650092],[140.195323,48.603949],[140.193451,48.581122],[140.171967,48.568183],[140.175873,48.556871],[140.189545,48.538031],[140.192638,48.530341],[140.19044,48.50727],[140.185802,48.486274],[140.177013,48.461819],[140.16505,48.449408],[140.123627,48.431586],[140.088634,48.407457],[140.079356,48.403713],[140.072113,48.398627],[140.062999,48.374335],[140.058686,48.365871],[140.052501,48.357001],[140.043468,48.336249],[140.034923,48.327948],[140.026378,48.325426],[139.993256,48.321723],[139.951264,48.304877],[139.777599,48.191352],[139.767345,48.18769],[139.733897,48.163479],[139.726654,48.155341],[139.712006,48.12995],[139.684093,48.095526],[139.651866,48.068752],[139.561127,48.009263],[139.516694,47.971991],[139.507335,47.961493],[139.495697,47.954413],[139.424815,47.923896],[139.390473,47.904242],[139.261729,47.787909],[139.246349,47.767157],[139.236095,47.738715],[139.218028,47.714748],[139.211925,47.704169],[139.209972,47.693549],[139.209565,47.674018],[139.205658,47.663804],[139.188975,47.648098],[139.168305,47.636135],[139.15089,47.621772],[139.143565,47.5987],[139.13974,47.593492],[139.116222,47.567613],[139.096446,47.533515],[139.080658,47.512763],[139.065196,47.496324],[139.053315,47.478705],[139.048595,47.454332],[139.048188,47.434475],[139.045421,47.417426],[139.037364,47.401068],[139.026378,47.389431],[139.0206,47.383246],[138.999848,47.371283],[138.990489,47.363227],[138.986583,47.35163],[138.984711,47.342231],[138.980479,47.332465],[138.974864,47.323676],[138.969493,47.317532],[138.958995,47.313422],[138.917572,47.314399],[138.90561,47.312079],[138.897309,47.309068],[138.890717,47.305162],[138.660981,47.104804],[138.61671,47.083808],[138.594819,47.067328],[138.562755,47.029934],[138.53476,46.98664],[138.513276,46.940823],[138.500011,46.895453],[138.50351,46.876207],[138.501557,46.866156],[138.490001,46.861884],[138.484386,46.857978],[138.40976,46.780951],[138.396983,46.758857],[138.366303,46.687812],[138.35963,46.676337],[138.349132,46.664252],[138.349132,46.637152],[138.356456,46.594387],[138.344574,46.548733],[138.312836,46.523139],[138.232432,46.484565],[138.202403,46.454332],[138.113048,46.289496],[138.107188,46.244859],[138.100352,46.227973],[138.034028,46.155951],[138.009613,46.136461],[137.989024,46.128241],[137.978852,46.126166],[137.965587,46.121039],[137.952891,46.114407],[137.944428,46.107815],[137.941173,46.100287],[137.941173,46.082506],[137.938243,46.073635],[137.924164,46.060981],[137.884369,46.034247],[137.868256,46.00849],[137.782074,45.94599],[137.766612,45.929511],[137.75294,45.896552],[137.704682,45.854478],[137.685802,45.815334],[137.671479,45.794623],[137.638682,45.779039],[137.524425,45.689358],[137.494965,45.6789],[137.396739,45.623928],[137.335948,45.570624],[137.266205,45.485907],[137.256358,45.477118],[137.236664,45.472602],[137.219493,45.461005],[137.144542,45.374661],[137.125743,45.367336],[137.103282,45.363756],[137.082774,45.355211],[136.926362,45.254381],[136.825531,45.204088],[136.810802,45.193183],[136.800304,45.175279],[136.788585,45.128119],[136.78004,45.107856],[136.760753,45.087877],[136.718516,45.067369],[136.700938,45.056342],[136.698009,45.052558],[136.691417,45.041164],[136.690522,45.038967],[136.684337,45.037909],[136.669444,45.040229],[136.663341,45.038967],[136.656505,45.033393],[136.577647,44.952948],[136.571625,44.950263],[136.564789,44.949652],[136.558197,44.94831],[136.553477,44.943345],[136.553071,44.937893],[136.555186,44.931952],[136.558116,44.928127],[136.560313,44.929104],[136.558116,44.918443],[136.556651,44.902045],[136.553477,44.894965],[136.51588,44.875067],[136.510265,44.869696],[136.498302,44.845771],[136.488292,44.840277],[136.478038,44.839301],[136.467621,44.836615],[136.458018,44.832261],[136.450287,44.826646],[136.447276,44.818061],[136.443614,44.785102],[136.426117,44.77265],[136.408458,44.776679],[136.388682,44.786811],[136.364757,44.792548],[136.354584,44.788804],[136.349946,44.779853],[136.346934,44.7685],[136.341075,44.757758],[136.334972,44.752753],[136.326996,44.748847],[136.317638,44.745998],[136.306977,44.744086],[136.312022,44.733222],[136.321137,44.725002],[136.329845,44.718655],[136.333751,44.71369],[136.328868,44.707343],[136.317719,44.701809],[136.305431,44.697821],[136.274506,44.692939],[136.260753,44.68358],[136.235362,44.651679],[136.227306,44.631049],[136.233165,44.586086],[136.228119,44.569729],[136.219005,44.565375],[136.208832,44.564195],[136.200531,44.560533],[136.19516,44.538967],[136.186046,44.521145],[136.184093,44.515082],[136.165294,44.496527],[136.132843,44.48058],[136.122569,44.475531],[136.046397,44.449897],[136.034028,44.450832],[136.009044,44.456936],[135.998546,44.456122],[135.993175,44.451972],[135.98935,44.440579],[135.984874,44.435614],[135.950938,44.420111],[135.908214,44.409613],[135.888682,44.401516],[135.88087,44.393744],[135.872081,44.38227],[135.862153,44.371894],[135.837901,44.362698],[135.835704,44.351711],[135.840831,44.329495],[135.834565,44.311225],[135.819428,44.290595],[135.786225,44.258124],[135.766938,44.250434],[135.742279,44.24494],[135.720958,44.236558],[135.711762,44.220282],[135.704845,44.198391],[135.688487,44.187161],[135.669932,44.179592],[135.655854,44.168687],[135.65089,44.15762],[135.649425,44.145697],[135.65211,44.134101],[135.659272,44.12401],[135.659679,44.116441],[135.653087,44.106024],[135.63852,44.089301],[135.62851,44.068549],[135.628429,44.052191],[135.624034,44.038479],[135.601329,44.025377],[135.560883,44.01439],[135.54127,44.003974],[135.53297,43.987209],[135.53419,43.967841],[135.53297,43.962633],[135.529877,43.959784],[135.525157,43.957831],[135.518809,43.956488],[135.511974,43.921698],[135.505382,43.931708],[135.493175,43.943915],[135.478282,43.951972],[135.463634,43.949652],[135.458751,43.938178],[135.466401,43.925482],[135.472667,43.911119],[135.463634,43.894436],[135.47934,43.893988],[135.48463,43.894436],[135.48463,43.887519],[135.480805,43.877997],[135.490001,43.878648],[135.518809,43.887519],[135.518809,43.880764],[135.487885,43.832709],[135.474376,43.825507],[135.472504,43.818101],[135.429291,43.778306],[135.429535,43.771308],[135.425792,43.76317],[135.417735,43.758979],[135.390147,43.754828],[135.381358,43.747463],[135.375092,43.738349],[135.367931,43.729926],[135.359223,43.722317],[135.354991,43.719468],[135.33961,43.715399],[135.331147,43.716457],[135.323253,43.716539],[135.316417,43.712836],[135.309174,43.706773],[135.285411,43.691881],[135.275401,43.688951],[135.259776,43.693752],[135.256358,43.704535],[135.258067,43.716254],[135.258067,43.7237],[135.24936,43.729438],[135.235606,43.734076],[135.223237,43.732611],[135.217621,43.719957],[135.210216,43.71369],[135.182221,43.710639],[135.183604,43.703192],[135.196056,43.696479],[135.208832,43.695461],[135.220958,43.69302],[135.230724,43.682115],[135.226817,43.682196],[135.224864,43.668362],[135.223888,43.644599],[135.219574,43.634955],[135.210216,43.630439],[135.200776,43.627834],[135.196544,43.624091],[135.176117,43.593329],[135.17213,43.583564],[135.167247,43.566555],[135.162446,43.55858],[135.153901,43.551256],[135.144867,43.546129],[135.13795,43.539496],[135.135265,43.527899],[135.136241,43.52497],[135.138682,43.523098],[135.14088,43.520168],[135.1421,43.514228],[135.139903,43.508368],[135.135265,43.505601],[135.130626,43.50373],[135.128429,43.500556],[135.115326,43.500678],[135.056163,43.488105],[134.974701,43.45954],[134.963878,43.45246],[134.956391,43.436347],[134.938324,43.426988],[134.895518,43.415229],[134.873546,43.404975],[134.835704,43.379706],[134.770274,43.315253],[134.750987,43.305365],[134.728038,43.312567],[134.702891,43.304185],[134.680186,43.288764],[134.665294,43.274319],[134.656016,43.267239],[134.633637,43.261542],[134.621186,43.256985],[134.613129,43.251125],[134.59726,43.236029],[134.587169,43.22899],[134.560069,43.234809],[134.530365,43.220364],[134.477306,43.18183],[134.430431,43.157904],[134.409434,43.152167],[134.375824,43.138495],[134.357432,43.125556],[134.347911,43.121568],[134.337901,43.120429],[134.321381,43.127387],[134.314545,43.123481],[134.305919,43.113593],[134.255219,43.095526],[134.240733,43.092475],[134.223888,43.090806],[134.207856,43.08633],[134.193696,43.079779],[134.182384,43.071967],[134.178315,43.066596],[134.176036,43.054877],[134.171886,43.048041],[134.165375,43.044338],[134.14796,43.040188],[134.14088,43.037258],[134.129649,43.024604],[134.120372,43.008979],[134.10849,42.995673],[134.069835,42.985053],[134.049571,42.973293],[133.926768,42.882717],[133.910655,42.879828],[133.896251,42.884914],[133.871349,42.899319],[133.864513,42.90119],[133.850352,42.900702],[133.83961,42.89761],[133.818451,42.883938],[133.794281,42.876695],[133.729991,42.845445],[133.723969,42.825181],[133.717296,42.816636],[133.706309,42.822455],[133.677745,42.848822],[133.671641,42.852851],[133.642914,42.853827],[133.633637,42.852851],[133.614106,42.846381],[133.604991,42.846259],[133.593354,42.852851],[133.589447,42.842475],[133.584972,42.835639],[133.579194,42.830756],[133.572276,42.826239],[133.551768,42.818752],[133.545502,42.819729],[133.524425,42.826239],[133.511974,42.821723],[133.50766,42.816962],[133.505138,42.811428],[133.497813,42.804429],[133.488048,42.799954],[133.468028,42.793199],[133.444347,42.77912],[133.420177,42.77143],[133.377452,42.763495],[133.31837,42.765815],[133.298595,42.763495],[133.237397,42.743964],[133.222911,42.736233],[133.193696,42.706773],[133.177745,42.693793],[133.157725,42.688422],[133.062022,42.688422],[133.03769,42.691392],[133.024425,42.699368],[133.013438,42.710354],[132.996349,42.722561],[133.008637,42.727851],[133.026866,42.739651],[133.038422,42.742987],[133.05185,42.741197],[133.066173,42.737372],[133.076671,42.738105],[133.078868,42.749823],[133.067393,42.762844],[133.043224,42.779608],[132.996349,42.804429],[133.006602,42.815497],[133.010509,42.818752],[132.989757,42.826972],[132.963227,42.826077],[132.911632,42.818752],[132.900483,42.815579],[132.890391,42.808498],[132.887462,42.801459],[132.89796,42.798285],[132.900157,42.793931],[132.887706,42.763495],[132.875336,42.755927],[132.865001,42.748114],[132.852306,42.746487],[132.833018,42.749823],[132.815929,42.756415],[132.805186,42.765815],[132.791515,42.790839],[132.798432,42.808417],[132.791108,42.820502],[132.775401,42.828111],[132.757335,42.832424],[132.766368,42.851793],[132.773692,42.875067],[132.774425,42.895901],[132.763438,42.908149],[132.739757,42.907172],[132.703705,42.87873],[132.681651,42.873358],[132.68629,42.868842],[132.691173,42.862738],[132.695323,42.859687],[132.683197,42.855699],[132.637218,42.859687],[132.618907,42.859198],[132.608165,42.856838],[132.600108,42.85163],[132.589122,42.842353],[132.577891,42.840399],[132.564708,42.846259],[132.544444,42.859687],[132.517833,42.865953],[132.510509,42.871405],[132.503429,42.88703],[132.503429,42.900092],[132.50587,42.913642],[132.502696,42.924302],[132.486095,42.928616],[132.428315,42.935981],[132.413341,42.941107],[132.404389,42.942288],[132.397065,42.939358],[132.395274,42.932766],[132.3956,42.925767],[132.394135,42.92178],[132.366303,42.915676],[132.354259,42.910834],[132.345795,42.900702],[132.35019,42.896633],[132.355317,42.887519],[132.360118,42.880805],[132.355235,42.875067],[132.353526,42.870266],[132.355235,42.865465],[132.360118,42.859687],[132.348399,42.854926],[132.325694,42.851467],[132.31837,42.845445],[132.311534,42.845445],[132.289317,42.882717],[132.28769,42.890448],[132.294526,42.902777],[132.295665,42.917548],[132.291108,42.949123],[132.299571,42.997138],[132.30128,43.023912],[132.291108,43.044623],[132.303233,43.053168],[132.304942,43.064032],[132.299815,43.075507],[132.291108,43.085639],[132.307465,43.086615],[132.320567,43.094184],[132.325694,43.106269],[132.31837,43.120429],[132.324799,43.122952],[132.333751,43.130194],[132.33961,43.134019],[132.332774,43.138332],[132.325938,43.140855],[132.327485,43.148993],[132.327647,43.1706],[132.329112,43.174994],[132.339366,43.173651],[132.348155,43.171454],[132.356537,43.170966],[132.366954,43.174994],[132.381684,43.19123],[132.376069,43.204739],[132.358979,43.215522],[132.317149,43.23135],[132.307709,43.238186],[132.308442,43.247016],[132.316742,43.251899],[132.340668,43.261542],[132.345795,43.267157],[132.349213,43.279202],[132.354828,43.282538],[132.356212,43.285956],[132.345795,43.297919],[132.314952,43.31566],[132.305431,43.319037],[132.289561,43.312567],[132.281993,43.27851],[132.260509,43.270575],[132.253998,43.266506],[132.242524,43.24551],[132.235932,43.236518],[132.226654,43.229804],[132.136811,43.191636],[132.116466,43.188666],[132.095958,43.180976],[132.07545,43.163031],[132.0442,43.127265],[132.029633,43.116523],[131.991303,43.095852],[131.972016,43.082506],[131.95224,43.071967],[131.929942,43.069566],[131.907237,43.074408],[131.886485,43.085639],[131.896251,43.095364],[131.90797,43.10106],[131.917247,43.107856],[131.920665,43.120429],[131.870942,43.090318],[131.859141,43.085639],[131.847179,43.089911],[131.849864,43.100491],[131.879405,43.137397],[131.900157,43.18183],[131.911713,43.197577],[131.923676,43.207831],[131.958588,43.229926],[131.978038,43.235541],[131.996837,43.238715],[132.000499,43.244534],[132.001964,43.252183],[132.006602,43.260321],[132.044932,43.286444],[132.051524,43.297919],[132.052013,43.314765],[132.044444,43.324368],[132.031016,43.325141],[132.014008,43.315619],[132.00351,43.299506],[131.999848,43.284084],[131.992035,43.273098],[131.968354,43.270575],[131.978119,43.29206],[131.956798,43.305854],[131.895274,43.31863],[131.884776,43.317776],[131.856944,43.307318],[131.846039,43.305365],[131.832042,43.309882],[131.82602,43.317939],[131.828136,43.326402],[131.838634,43.332709],[131.826671,43.337958],[131.815684,43.336737],[131.807628,43.330959],[131.804535,43.322089],[131.799327,43.315863],[131.774181,43.302069],[131.764252,43.291693],[131.756358,43.263739],[131.756847,43.242499],[131.750499,43.225287],[131.722667,43.209784],[131.722667,43.202338],[131.74171,43.201483],[131.758311,43.19538],[131.763927,43.185858],[131.749848,43.174994],[131.730724,43.17414],[131.71754,43.184475],[131.706635,43.196845],[131.694672,43.202338],[131.683849,43.199286],[131.679535,43.193671],[131.677826,43.187323],[131.674164,43.18183],[131.651134,43.169623],[131.646983,43.16885],[131.651459,43.155992],[131.666759,43.156887],[131.684093,43.165229],[131.694672,43.174994],[131.68336,43.148505],[131.664887,43.12519],[131.586762,43.049954],[131.562999,43.038316],[131.563731,43.02383],[131.567638,43.007554],[131.564952,42.996283],[131.547862,42.993109],[131.53297,43.002265],[131.51767,43.009345],[131.499522,42.999986],[131.491954,42.98432],[131.494884,42.970608],[131.49936,42.957099],[131.496104,42.942288],[131.491954,42.944892],[131.477306,42.941962],[131.455089,42.93476],[131.438243,42.934149],[131.429942,42.935045],[131.405528,42.950629],[131.393891,42.945014],[131.38795,42.930121],[131.386241,42.914293],[131.406342,42.910061],[131.410737,42.900946],[131.400401,42.873358],[131.458995,42.884426],[131.471934,42.883938],[131.47169,42.873236],[131.456147,42.863837],[131.436371,42.85578],[131.409028,42.839342],[131.378917,42.831122],[131.365733,42.818752],[131.360362,42.806627],[131.35963,42.794257],[131.363617,42.782172],[131.352017,42.774328],[131.300134,42.793277],[131.273127,42.777331],[131.257069,42.751561],[131.246896,42.732534],[131.236447,42.706644],[131.249604,42.694566],[131.251801,42.690823],[131.261078,42.688056],[131.263276,42.685004],[131.262299,42.681098],[131.258067,42.675238],[131.257091,42.671332],[131.254161,42.668199],[131.247081,42.667304],[131.232677,42.667914],[131.224213,42.66059],[131.216563,42.644192],[131.209017,42.636295],[131.209784,42.622613],[131.203483,42.619063],[131.201182,42.614025],[131.20801,42.608522],[131.224301,42.604926],[131.228736,42.597125],[131.22797,42.591676],[131.23409,42.588854],[131.234047,42.587262],[131.21805,42.586132],[131.212751,42.583939],[131.224376,42.570624],[131.22156,42.566304],[131.219547,42.554712],[131.213275,42.551393],[131.203751,42.557244],[131.19456,42.558967],[131.185346,42.55955],[131.179637,42.564003],[131.17099,42.572943],[131.167003,42.575629],[131.167003,42.585395],[131.171153,42.585273],[131.179197,42.594382],[131.18065,42.605205],[131.158494,42.601305],[131.143565,42.612698],[131.126903,42.617256],[131.127415,42.64681],[131.120347,42.66719],[131.105701,42.668348],[131.092886,42.654888],[131.087027,42.640375],[131.073578,42.638861],[131.034434,42.645209],[130.994884,42.640692],[130.95248,42.627798],[130.931163,42.60692],[130.914317,42.601508],[130.889659,42.599595],[130.872569,42.603949],[130.832506,42.625775],[130.815478,42.634172],[130.838587,42.642995],[130.862876,42.640816],[130.889481,42.638612],[130.911513,42.616826],[130.93214,42.618354],[130.944591,42.631171],[130.949714,42.653123],[130.931781,42.657509],[130.899445,42.654631],[130.881525,42.658988],[130.847833,42.661317],[130.803441,42.651151],[130.786981,42.653764],[130.795947,42.66285],[130.832042,42.674058],[130.83701,42.691592],[130.825457,42.699322],[130.801786,42.696845],[130.781866,42.690282],[130.769298,42.681586],[130.745349,42.681096],[130.734667,42.691689],[130.720758,42.700025],[130.693526,42.68545],[130.65667,42.66408],[130.660789,42.643185],[130.683442,42.643541],[130.732921,42.615546],[130.736908,42.607245],[130.729503,42.579169],[130.754649,42.597235],[130.763031,42.599595],[130.774181,42.596829],[130.778087,42.591132],[130.779552,42.584662],[130.783539,42.579169],[130.842133,42.558539],[130.851817,42.547797],[130.854991,42.539252],[130.86964,42.535468],[130.872895,42.527655],[130.870209,42.517971],[130.864594,42.517279],[130.859711,42.521064],[130.85849,42.524563],[130.850597,42.520006],[130.846446,42.520697],[130.843028,42.519761],[130.838145,42.51024],[130.83839,42.506293],[130.843761,42.493964],[130.844981,42.486314],[130.838715,42.472357],[130.823253,42.465033],[130.80421,42.462348],[130.786632,42.461859],[130.780772,42.453437],[130.763031,42.400377],[130.75275,42.380777],[130.743194,42.353687],[130.734805,42.337598],[130.703603,42.295241],[130.699962,42.295111],[130.695557,42.289001],[130.667129,42.283092],[130.631577,42.274397],[130.616621,42.272318],[130.603823,42.26326],[130.597544,42.26278],[130.598481,42.280951],[130.597667,42.291938],[130.594981,42.298163],[130.582042,42.307929],[130.569366,42.315259],[130.540501,42.318371],[130.519053,42.327603],[130.51019,42.33578],[130.480684,42.339752],[130.465653,42.334752],[130.469396,42.322075],[130.45646,42.311769],[130.440098,42.309128],[130.431839,42.318125],[130.419159,42.324398],[130.40745,42.324577],[130.406993,42.315741],[130.405854,42.307115],[130.393999,42.299952],[130.384157,42.291195],[130.386322,42.277655],[130.386241,42.270657],[130.391124,42.264106],[130.399262,42.26317],[130.405854,42.26081],[130.406016,42.249579],[130.40089,42.242499],[130.393321,42.244086],[130.378182,42.257855],[130.367992,42.255687],[130.360655,42.243664],[130.369837,42.232011],[130.358829,42.229272],[130.351505,42.216083],[130.335057,42.213999],[130.330645,42.191508],[130.31877,42.18473],[130.307026,42.183154],[130.30816,42.197595],[130.315635,42.218883],[130.307418,42.236295],[130.294182,42.237045],[130.251363,42.205291],[130.228986,42.182452],[130.214936,42.174628],[130.202274,42.173551],[130.204286,42.159644],[130.199311,42.101304],[130.193858,42.100979],[130.185313,42.103909],[130.17392,42.098782],[130.160248,42.08511],[130.163585,42.083482],[130.166596,42.077094],[130.159432,42.072838],[130.150108,42.074103],[130.133198,42.084719],[130.120069,42.090081],[130.092772,42.089811],[130.073041,42.078459],[130.067955,42.059414],[130.067015,42.051899],[130.052222,42.050365],[130.049712,42.042288],[130.044908,42.035976],[130.03647,42.011624],[130.033879,41.995514],[130.026817,41.9927],[130.01495,42.014404],[130.002884,42.010912],[130.001297,41.990466],[129.982188,41.982652],[129.989024,41.978176],[129.994151,41.973049],[130.002696,41.962226],[129.992931,41.959784],[129.985606,41.955268],[129.974864,41.941636],[129.978282,41.943793],[129.975678,41.933987],[129.971039,41.922065],[129.968598,41.917467],[129.964692,41.898749],[129.954438,41.892035],[129.946787,41.894935],[129.937394,41.903898],[129.91362,41.911195],[129.89674,41.904263],[129.890391,41.883002],[129.883393,41.857408],[129.884532,41.824164],[129.869652,41.791457],[129.855171,41.781792],[129.85246,41.764923],[129.842813,41.758783],[129.826546,41.778446],[129.813315,41.777733],[129.77476,41.759417],[129.762787,41.731024],[129.749766,41.696275],[129.741361,41.684018],[129.715019,41.675337],[129.690823,41.649716],[129.683185,41.61772],[129.669409,41.575959],[129.648798,41.549403],[129.660655,41.525946],[129.657723,41.509239],[129.65273,41.494124],[129.659403,41.464647],[129.681678,41.443084],[129.70167,41.428666],[129.714603,41.419646],[129.736056,41.421286],[129.744151,41.406963],[129.758184,41.392594],[129.769298,41.386176],[129.775645,41.385484],[129.791108,41.387763],[129.796641,41.386176],[129.806163,41.376044],[129.805186,41.372789],[129.799897,41.368598],[129.796641,41.355455],[129.794688,41.352281],[129.786876,41.330064],[129.786143,41.324774],[129.770356,41.315131],[129.759125,41.292873],[129.719574,41.166938],[129.711925,41.122626],[129.728282,41.08515],[129.722016,41.071845],[129.719819,41.05622],[129.720795,41.023668],[129.728282,40.978705],[129.732514,40.96894],[129.750824,40.951728],[129.764891,40.944414],[129.755574,40.93897],[129.749229,40.91701],[129.752997,40.90994],[129.734272,40.891102],[129.737343,40.871456],[129.725219,40.847818],[129.716558,40.834586],[129.706087,40.835661],[129.698357,40.845606],[129.68456,40.841829],[129.662852,40.838772],[129.643922,40.841618],[129.626167,40.838312],[129.609803,40.840929],[129.597968,40.838541],[129.571773,40.839716],[129.553941,40.828932],[129.551051,40.810117],[129.531997,40.807277],[129.518081,40.795467],[129.50624,40.792074],[129.476529,40.793878],[129.426954,40.781296],[129.389187,40.76076],[129.351687,40.745343],[129.339756,40.73443],[129.32783,40.718128],[129.31121,40.687472],[129.303233,40.673651],[129.296153,40.676256],[129.286632,40.68358],[129.277917,40.698037],[129.270138,40.70798],[129.253157,40.709132],[129.233482,40.705714],[129.217703,40.696353],[129.212393,40.685952],[129.206426,40.675546],[129.206386,40.670089],[129.206995,40.663632],[129.201709,40.656207],[129.200362,40.650753],[129.197765,40.638007],[129.19337,40.632636],[129.190522,40.622504],[129.18705,40.616535],[129.179165,40.609599],[129.174555,40.60366],[129.173676,40.593451],[129.172618,40.568915],[129.161235,40.565549],[129.155312,40.556635],[129.150899,40.545897],[129.115066,40.511165],[129.077564,40.472565],[129.030116,40.47397],[128.975812,40.459933],[128.899755,40.398165],[128.860532,40.371848],[128.830534,40.367387],[128.813567,40.35498],[128.780974,40.347025],[128.764042,40.34653],[128.752005,40.335095],[128.721645,40.338947],[128.687808,40.331197],[128.669669,40.310771],[128.656655,40.310763],[128.65534,40.320177],[128.636489,40.313217],[128.618948,40.297331],[128.616447,40.271443],[128.628792,40.266009],[128.656722,40.25714],[128.66063,40.247722],[128.66778,40.240309],[128.662599,40.225413],[128.664561,40.201239],[128.650931,40.197148],[128.641847,40.190693],[128.634713,40.184239],[128.628875,40.180266],[128.621732,40.180756],[128.608103,40.185702],[128.588611,40.186673],[128.577607,40.180211],[128.543199,40.166767],[128.536093,40.151375],[128.527681,40.143424],[128.510189,40.135456],[128.479799,40.134749],[128.466266,40.124374],[128.448563,40.1095],[128.434946,40.104002],[128.411388,40.096381],[128.391844,40.099577],[128.364765,40.09689],[128.337765,40.067048],[128.327753,40.028216],[128.302094,40.033433],[128.280132,40.065477],[128.263444,40.077105],[128.236322,40.067904],[128.227837,40.056206],[128.234386,40.029364],[128.225108,40.027574],[128.203217,40.029608],[128.19337,40.029364],[128.182384,40.026109],[128.164317,40.017971],[128.155121,40.016303],[128.146821,40.018297],[128.143565,40.022854],[128.139415,40.02733],[128.006847,40.045152],[128.002289,40.040473],[128.000987,40.025946],[127.997813,40.020413],[127.989757,40.014838],[127.979828,40.010565],[127.970551,40.008857],[127.963715,40.004096],[127.947276,39.981635],[127.940033,39.974758],[127.930268,39.97191],[127.906659,39.983942],[127.891038,39.961225],[127.891263,39.943831],[127.884044,39.902086],[127.874604,39.892808],[127.78183,39.885403],[127.796397,39.875637],[127.794037,39.865668],[127.762438,39.853534],[127.727383,39.857189],[127.69575,39.848201],[127.679629,39.816439],[127.663291,39.806801],[127.648699,39.820897],[127.623749,39.830935],[127.607188,39.810248],[127.593028,39.80622],[127.57602,39.796291],[127.56186,39.784003],[127.549408,39.761054],[127.520844,39.746975],[127.514415,39.738593],[127.512462,39.731106],[127.503754,39.715522],[127.501313,39.707221],[127.50172,39.698472],[127.506358,39.683783],[127.508556,39.660061],[127.512218,39.649482],[127.518565,39.644843],[127.528087,39.645819],[127.552745,39.636786],[127.570323,39.617865],[127.574555,39.595038],[127.53677,39.552012],[127.520439,39.510465],[127.535411,39.443752],[127.562999,39.343736],[127.562104,39.31623],[127.554454,39.305976],[127.543468,39.301947],[127.53183,39.305121],[127.521821,39.31623],[127.5206,39.329413],[127.526947,39.344224],[127.542247,39.371487],[127.507579,39.409247],[127.503998,39.422838],[127.495128,39.433417],[127.482921,39.436998],[127.469981,39.429755],[127.44044,39.407864],[127.43808,39.405178],[127.431,39.397284],[127.425548,39.392524],[127.378429,39.378852],[127.378429,39.371487],[127.389903,39.367011],[127.414073,39.361802],[127.425548,39.357123],[127.437836,39.364244],[127.453868,39.367987],[127.46754,39.363837],[127.473399,39.347561],[127.466807,39.340155],[127.435395,39.334784],[127.425548,39.330471],[127.420258,39.336371],[127.414561,39.340644],[127.408295,39.343248],[127.401378,39.344143],[127.391938,39.341864],[127.39267,39.336412],[127.396983,39.329657],[127.398285,39.323676],[127.386729,39.297187],[127.378429,39.268988],[127.37203,39.240426],[127.382904,39.221991],[127.393403,39.201728],[127.408539,39.193305],[127.420177,39.189195],[127.441254,39.170844],[127.45224,39.165961],[127.471934,39.16828],[127.476085,39.177069],[127.473643,39.187161],[127.473399,39.193305],[127.491303,39.194892],[127.511729,39.15644],[127.531749,39.146145],[127.606944,39.152045],[127.631684,39.146145],[127.643077,39.138577],[127.651703,39.129299],[127.661388,39.121487],[127.675629,39.11815],[127.744151,39.118598],[127.759288,39.117011],[127.769623,39.109198],[127.792572,39.077541],[127.823741,39.043036],[127.830333,39.032864],[127.836518,39.0185],[127.851573,39.00141],[127.885509,38.974189],[127.888682,38.961371],[127.892914,38.957465],[127.902192,38.963935],[127.908702,38.96719],[127.914317,38.964179],[127.918224,38.95775],[127.921479,38.942328],[127.92628,38.934475],[127.933849,38.928656],[127.943614,38.926418],[127.961762,38.917914],[127.995453,38.875312],[128.014659,38.85814],[128.091156,38.843736],[128.210216,38.727729],[128.225108,38.732327],[128.270356,38.751654],[128.282807,38.755072],[128.313243,38.717231],[128.321056,38.711412],[128.338145,38.703559],[128.347667,38.696723],[128.35963,38.678656],[128.359955,38.67536],[128.361339,38.660712],[128.360362,38.642768],[128.364594,38.624742],[128.364919,38.624335],[128.394786,38.57807],[128.441417,38.505805],[128.450694,38.474107],[128.474457,38.426093],[128.562755,38.288967],[128.631602,38.144965],[128.642833,38.129299],[128.678722,38.094306],[128.692475,38.064927],[128.859141,37.876776],[128.923839,37.802314],[129.001313,37.734361],[129.012299,37.72724],[129.06422,37.67886],[129.066905,37.658433],[129.067149,37.633857],[129.073334,37.613023],[129.108735,37.597398],[129.118988,37.580634],[129.148204,37.505113],[129.161225,37.487616],[129.17685,37.48017],[129.189952,37.469387],[129.235444,37.398261],[129.262787,37.370917],[129.272227,37.355862],[129.27589,37.339911],[129.282807,37.324449],[129.331065,37.282172],[129.346446,37.247504],[129.360118,37.17178],[129.378917,37.130113],[129.430186,37.073065],[129.434093,37.061103],[129.428233,37.049547],[129.418956,37.03852],[129.413097,37.027737],[129.41269,37.018052],[129.419932,36.986762],[129.428722,36.897406],[129.437999,36.856147],[129.471202,36.771877],[129.473888,36.730618],[129.463471,36.69245],[129.440929,36.657782],[129.422618,36.616645],[129.422862,36.614976],[129.427989,36.57567],[129.441661,36.534654],[129.447113,36.493313],[129.440929,36.407945],[129.434825,36.389594],[129.403901,36.359442],[129.391856,36.342475],[129.386567,36.322699],[129.382335,36.20185],[129.385753,36.185452],[129.391856,36.176337],[129.398529,36.172675],[129.403901,36.167629],[129.409679,36.133612],[129.417084,36.107571],[129.425141,36.103013],[129.430512,36.097398],[129.426768,36.081773],[129.418712,36.072984],[129.408295,36.068915],[129.398448,36.066311],[129.381783,36.055175],[129.380859,36.041487],[129.401937,36.02566],[129.417081,36.011913],[129.433051,35.996108],[129.453331,35.993287],[129.479015,36.009589],[129.542572,36.065904],[129.554795,36.082478],[129.5713,36.071845],[129.574962,36.054674],[129.582042,36.036811],[129.58725,36.016913],[129.571644,35.997124],[129.53559,35.939036],[129.532839,35.913013],[129.522134,35.844552],[129.496216,35.785074],[129.497651,35.74787],[129.471126,35.683222],[129.451576,35.651802],[129.443053,35.63609],[129.451376,35.618243],[129.46059,35.609294],[129.467275,35.599668],[129.463488,35.577883],[129.461351,35.552061],[129.4546,35.513251],[129.444428,35.496812],[129.427989,35.478746],[129.412852,35.472073],[129.406261,35.489691],[129.400401,35.512641],[129.387462,35.529853],[129.373546,35.532782],[129.365245,35.513251],[129.378917,35.510688],[129.387055,35.502265],[129.390961,35.489936],[129.391856,35.475735],[129.387462,35.462307],[129.377208,35.459174],[129.365733,35.458319],[129.357758,35.451809],[129.359223,35.444648],[129.360503,35.426056],[129.364581,35.40687],[129.355262,35.394572],[129.346787,35.382273],[129.35513,35.372667],[129.361814,35.367172],[129.360444,35.353583],[129.339875,35.348074],[129.320513,35.338545],[129.29272,35.316049],[129.269206,35.316767],[129.264126,35.302428],[129.2624,35.283989],[129.256484,35.274422],[129.249735,35.266228],[129.255382,35.25259],[129.255707,35.246975],[129.24439,35.228218],[129.228479,35.200531],[129.210693,35.183001],[129.201084,35.166628],[129.194347,35.155504],[129.178896,35.155757],[129.16748,35.156168],[129.153412,35.154283],[129.143077,35.154771],[129.132205,35.150766],[129.120257,35.149617],[129.119297,35.135567],[129.127281,35.125825],[129.128601,35.114148],[129.12347,35.100845],[129.101078,35.092276],[129.082966,35.105185],[129.071998,35.112617],[129.06384,35.120847],[129.037627,35.097834],[129.02569,35.079502],[129.021862,35.059983],[129.013754,35.055307],[129.008957,35.065134],[128.997026,35.075728],[128.998015,35.066281],[129.000402,35.04595],[128.99277,35.045963],[128.989405,35.052694],[128.985112,35.054284],[128.974864,35.048651],[128.965125,35.043649],[128.958447,35.050387],[128.95036,35.072913],[128.953704,35.093202],[128.961341,35.118955],[128.962778,35.133386],[128.95801,35.136897],[128.948944,35.125975],[128.91842,35.081882],[128.904593,35.081099],[128.903635,35.10139],[128.904586,35.12051],[128.897926,35.121305],[128.889252,35.105455],[128.882186,35.081485],[128.857402,35.083823],[128.791555,35.082953],[128.787773,35.101319],[128.781077,35.111062],[128.771988,35.083313],[128.761971,35.079392],[128.738689,35.087988],[128.727794,35.104722],[128.715831,35.105862],[128.70045,35.096137],[128.70045,35.139879],[128.6963,35.1435],[128.687755,35.140611],[128.680512,35.131415],[128.679942,35.115953],[128.664073,35.126125],[128.651703,35.140774],[128.638031,35.149848],[128.617931,35.143256],[128.622325,35.157375],[128.614024,35.177436],[128.617931,35.184882],[128.607921,35.211168],[128.602061,35.213935],[128.590587,35.20539],[128.578136,35.189358],[128.577891,35.178656],[128.590587,35.156968],[128.597667,35.13052],[128.601817,35.121243],[128.610362,35.109198],[128.627045,35.090766],[128.629487,35.081488],[128.624766,35.068183],[128.63266,35.067288],[128.64503,35.062893],[128.65211,35.061347],[128.643321,35.056545],[128.634532,35.054633],[128.614268,35.054592],[128.603608,35.056627],[128.600597,35.061916],[128.600108,35.06859],[128.596772,35.075019],[128.587169,35.083319],[128.580333,35.087877],[128.526378,35.103461],[128.511241,35.104234],[128.478119,35.099066],[128.469086,35.095404],[128.469737,35.088365],[128.481293,35.075019],[128.462738,35.071967],[128.428477,35.057807],[128.389171,35.049018],[128.384044,35.036363],[128.382091,35.02261],[128.37143,35.013577],[128.37143,35.006781],[128.471202,35.050238],[128.488129,35.051174],[128.491547,35.033596],[128.497569,35.020697],[128.499604,35.009223],[128.491547,34.995917],[128.47877,34.990058],[128.459239,34.987372],[128.439708,34.988105],[128.426768,34.992499],[128.420014,34.982733],[128.424653,34.978013],[128.433686,34.9737],[128.44044,34.965155],[128.441417,34.959947],[128.441742,34.95246],[128.44044,34.931627],[128.432953,34.890692],[128.442149,34.88349],[128.450938,34.885891],[128.457856,34.893866],[128.460948,34.903713],[128.474457,34.890692],[128.460541,34.870185],[128.435313,34.843166],[128.41293,34.837635],[128.382883,34.83929],[128.383397,34.854587],[128.40268,34.854804],[128.410899,34.856024],[128.415863,34.862738],[128.35377,34.868476],[128.340831,34.872707],[128.326508,34.889065],[128.324474,34.897284],[128.334727,34.902574],[128.357758,34.909898],[128.335053,34.947333],[128.318696,34.934068],[128.302257,34.908026],[128.279063,34.906806],[128.257904,34.930162],[128.246837,34.935981],[128.224132,34.937893],[128.214122,34.932929],[128.208588,34.920844],[128.206554,34.905504],[128.207042,34.890692],[128.185883,34.893622],[128.139415,34.891913],[128.121104,34.900295],[128.118988,34.905707],[128.118744,34.920356],[128.117686,34.924221],[128.113048,34.925198],[128.101899,34.923529],[128.087494,34.926256],[128.063975,34.927924],[128.055675,34.931627],[128.051036,34.939643],[128.051524,34.947496],[128.054047,34.955024],[128.055675,34.961737],[128.054047,35.035834],[128.055675,35.047756],[128.058604,35.05329],[128.063731,35.060614],[128.068126,35.070217],[128.069347,35.082465],[128.053722,35.067125],[128.040863,35.049221],[128.024994,35.035793],[128.000987,35.034084],[128.019298,34.998684],[128.006847,34.991767],[127.979747,34.992255],[127.953868,34.978827],[127.94337,35.002834],[127.937022,35.012641],[127.925792,35.019761],[127.922862,34.987535],[127.91212,34.962063],[127.891205,34.946682],[127.864513,34.944729],[127.853852,34.948188],[127.84433,34.950181],[127.836436,34.949449],[127.830333,34.944729],[127.81544,34.95482],[127.805024,34.957139],[127.798432,34.958645],[127.757904,34.958319],[127.744395,34.960191],[127.739024,34.965277],[127.736583,34.972886],[127.730724,34.982571],[127.719249,34.990058],[127.716563,34.982367],[127.718272,34.970404],[127.72047,34.965155],[127.713227,34.946723],[127.709239,34.940416],[127.699962,34.931627],[127.66212,34.906806],[127.641124,34.899115],[127.626069,34.909735],[127.607188,34.941311],[127.591563,34.946438],[127.580658,34.933661],[127.575287,34.913642],[127.576427,34.896918],[127.585704,34.879218],[127.601166,34.85635],[127.618907,34.836412],[127.634776,34.82803],[127.646007,34.816067],[127.656505,34.811916],[127.668956,34.818345],[127.699962,34.842271],[127.721446,34.844631],[127.739757,34.841702],[127.756847,34.840806],[127.775645,34.849066],[127.774506,34.829332],[127.771251,34.815334],[127.761322,34.787055],[127.749848,34.737128],[127.741547,34.725572],[127.706391,34.715888],[127.678559,34.727362],[127.656261,34.731269],[127.63795,34.698228],[127.632091,34.701402],[127.630626,34.701117],[127.629242,34.699286],[127.624278,34.698228],[127.632091,34.685045],[127.63795,34.670966],[127.645274,34.626288],[127.640717,34.617987],[127.630382,34.622707],[127.614024,34.636868],[127.590099,34.639309],[127.572276,34.647406],[127.560802,34.662177],[127.555919,34.684556],[127.562022,34.705715],[127.575043,34.726549],[127.584483,34.746243],[127.579845,34.763129],[127.571788,34.772528],[127.555919,34.800727],[127.551768,34.802924],[127.546153,34.803046],[127.540294,34.803778],[127.535411,34.808092],[127.534923,34.813218],[127.536632,34.819241],[127.539561,34.823065],[127.524425,34.84927],[127.521821,34.859036],[127.522716,34.864936],[127.52711,34.874701],[127.528087,34.879828],[127.52589,34.885443],[127.521251,34.889838],[127.516612,34.891099],[127.514415,34.886949],[127.510997,34.884711],[127.493907,34.849066],[127.487315,34.841498],[127.483897,34.839545],[127.47877,34.839057],[127.444672,34.829169],[127.424815,34.827135],[127.381602,34.82803],[127.365326,34.824042],[127.37851,34.815131],[127.404307,34.805854],[127.425548,34.800727],[127.425548,34.79442],[127.383067,34.783271],[127.361583,34.773342],[127.357921,34.759711],[127.366466,34.753974],[127.385265,34.760199],[127.395274,34.756659],[127.402354,34.747138],[127.400238,34.743638],[127.394867,34.742499],[127.3921,34.739814],[127.406016,34.700019],[127.434906,34.678697],[127.466156,34.662177],[127.487559,34.636868],[127.477306,34.63817],[127.459727,34.638251],[127.45224,34.636868],[127.495209,34.623236],[127.500759,34.612164],[127.50359,34.591325],[127.49444,34.583777],[127.484141,34.576565],[127.46461,34.577338],[127.45224,34.574774],[127.406749,34.598131],[127.3921,34.602037],[127.379161,34.600002],[127.363048,34.593899],[127.349376,34.585842],[127.343598,34.578192],[127.345958,34.575019],[127.357921,34.554267],[127.37194,34.551733],[127.380408,34.547105],[127.418419,34.55528],[127.43922,34.540676],[127.391788,34.50478],[127.374941,34.485037],[127.356618,34.491965],[127.327802,34.473929],[127.330821,34.456488],[127.343598,34.445014],[127.315926,34.444901],[127.275082,34.489453],[127.260997,34.513332],[127.223481,34.54682],[127.212006,34.544664],[127.172374,34.527574],[127.176362,34.51732],[127.17921,34.513332],[127.162934,34.517971],[127.147227,34.520494],[127.1338,34.526313],[127.124522,34.540676],[127.123302,34.555365],[127.129649,34.56391],[127.151866,34.574774],[127.159028,34.580024],[127.17921,34.602037],[127.191661,34.623603],[127.198822,34.631008],[127.21339,34.636868],[127.212413,34.620185],[127.20753,34.60399],[127.192882,34.574774],[127.222179,34.576361],[127.246674,34.583726],[127.261322,34.600409],[127.260997,34.62995],[127.255138,34.641506],[127.247406,34.648098],[127.241466,34.655829],[127.240571,34.670966],[127.245942,34.6789],[127.27475,34.705146],[127.285167,34.700629],[127.292003,34.694525],[127.293712,34.686713],[127.288422,34.677191],[127.294444,34.66413],[127.302989,34.655015],[127.314464,34.651923],[127.329926,34.656684],[127.336436,34.663642],[127.350108,34.687812],[127.357921,34.698228],[127.344005,34.715277],[127.338634,34.7331],[127.331554,34.741156],[127.312592,34.72899],[127.290782,34.721381],[127.272716,34.733791],[127.248057,34.766547],[127.233897,34.748236],[127.213715,34.705552],[127.199718,34.691474],[127.185313,34.686672],[127.173106,34.687201],[127.148041,34.691474],[127.136241,34.688056],[127.125255,34.679755],[127.107188,34.660102],[127.099132,34.654486],[127.062511,34.636868],[127.042735,34.624457],[127.03004,34.618354],[127.017833,34.615709],[127.010265,34.612494],[127.008556,34.604234],[127.009044,34.593207],[127.007172,34.581529],[127.00058,34.57331],[126.991303,34.564358],[126.986664,34.553697],[126.994151,34.540676],[126.938975,34.495917],[126.940766,34.454576],[126.931407,34.447699],[126.904796,34.458686],[126.896007,34.449937],[126.891856,34.440131],[126.892345,34.429389],[126.89796,34.417711],[126.88502,34.421088],[126.857026,34.437567],[126.818614,34.446845],[126.809825,34.451239],[126.802013,34.470404],[126.806163,34.521064],[126.802338,34.540676],[126.807872,34.553168],[126.806651,34.568549],[126.800059,34.582017],[126.788666,34.589057],[126.777843,34.586493],[126.766938,34.57803],[126.758556,34.567206],[126.755219,34.557685],[126.759288,34.54385],[126.765636,34.531806],[126.765961,34.523383],[126.735118,34.514879],[126.739106,34.502672],[126.761485,34.479193],[126.723155,34.460842],[126.708751,34.449897],[126.723643,34.445014],[126.727061,34.442776],[126.728038,34.437893],[126.726899,34.43301],[126.723643,34.430813],[126.71754,34.43183],[126.708263,34.436469],[126.70338,34.437567],[126.690196,34.43594],[126.687511,34.431342],[126.687348,34.423896],[126.682221,34.414008],[126.674408,34.409654],[126.644786,34.403469],[126.633637,34.395697],[126.629649,34.389228],[126.605317,34.321682],[126.603282,34.311998],[126.603282,34.300442],[126.578868,34.304755],[126.532807,34.292222],[126.521251,34.294176],[126.519867,34.305976],[126.529307,34.330024],[126.527436,34.341376],[126.518321,34.347846],[126.505707,34.349921],[126.479584,34.348822],[126.479584,34.355048],[126.484874,34.360826],[126.486583,34.364814],[126.488536,34.380561],[126.491954,34.38109],[126.49643,34.379869],[126.500743,34.38231],[126.514903,34.403551],[126.517589,34.413764],[126.513764,34.423977],[126.5088,34.427232],[126.501475,34.429348],[126.486583,34.430813],[126.475841,34.433254],[126.474376,34.438666],[126.477306,34.44359],[126.479584,34.445014],[126.479991,34.457831],[126.483735,34.47016],[126.481944,34.476752],[126.465912,34.472357],[126.470307,34.496487],[126.490245,34.508612],[126.516856,34.512844],[126.541759,34.513332],[126.537201,34.521064],[126.531016,34.527004],[126.523204,34.531155],[126.513764,34.53384],[126.529552,34.542955],[126.539317,34.553616],[126.539643,34.562974],[126.527436,34.568549],[126.52296,34.567084],[126.513927,34.557807],[126.507579,34.554267],[126.499278,34.554348],[126.486339,34.56094],[126.479584,34.561103],[126.473481,34.556545],[126.46933,34.549709],[126.465912,34.540676],[126.457042,34.539049],[126.448497,34.539293],[126.438731,34.540676],[126.417328,34.540351],[126.40561,34.538642],[126.39088,34.53384],[126.389008,34.549709],[126.380463,34.558905],[126.3567,34.568549],[126.357026,34.571723],[126.352061,34.579779],[126.346039,34.584621],[126.343028,34.578192],[126.340099,34.574368],[126.333018,34.57099],[126.324962,34.569648],[126.318614,34.571682],[126.297862,34.588039],[126.295258,34.589057],[126.29184,34.599107],[126.293549,34.601996],[126.297618,34.603339],[126.301524,34.608873],[126.305512,34.604193],[126.315522,34.604071],[126.322765,34.608873],[126.318614,34.619127],[126.29184,34.62995],[126.271088,34.642483],[126.269379,34.671291],[126.278087,34.703315],[126.288585,34.725572],[126.289643,34.73314],[126.288829,34.742418],[126.290294,34.75023],[126.298432,34.753485],[126.305919,34.752875],[126.313731,34.751044],[126.319591,34.747748],[126.326182,34.735826],[126.3567,34.698228],[126.347179,34.687893],[126.344249,34.677883],[126.345958,34.66767],[126.349213,34.656684],[126.369884,34.608873],[126.382335,34.602729],[126.431895,34.595893],[126.453136,34.583808],[126.46461,34.584662],[126.472748,34.602037],[126.461518,34.600653],[126.455577,34.603095],[126.434997,34.606786],[126.425299,34.619272],[126.412567,34.629766],[126.416108,34.652737],[126.402902,34.650748],[126.396519,34.636604],[126.386134,34.635835],[126.379855,34.654506],[126.376775,34.67947],[126.384379,34.693699],[126.378613,34.711182],[126.405969,34.713408],[126.447881,34.705879],[126.453336,34.697884],[126.450694,34.684882],[126.450938,34.680854],[126.450531,34.676988],[126.452891,34.670966],[126.463306,34.665421],[126.469362,34.658674],[126.4824,34.65167],[126.500345,34.645819],[126.511193,34.637155],[126.525126,34.628902],[126.535711,34.623178],[126.54005,34.62759],[126.519111,34.65037],[126.531556,34.652597],[126.550038,34.64383],[126.573873,34.633111],[126.602701,34.625532],[126.623627,34.62995],[126.60255,34.63288],[126.58546,34.641791],[126.555431,34.66352],[126.562755,34.670966],[126.541108,34.683987],[126.508393,34.718492],[126.490245,34.725572],[126.465343,34.729682],[126.435767,34.728105],[126.415375,34.739],[126.390179,34.733397],[126.36706,34.739664],[126.364017,34.74916],[126.378317,34.763888],[126.392328,34.768607],[126.422128,34.764784],[126.460149,34.778755],[126.50587,34.751044],[126.521251,34.753485],[126.525157,34.751288],[126.527599,34.749254],[126.530284,34.747504],[126.534923,34.746039],[126.530528,34.765286],[126.532481,34.782864],[126.544444,34.795722],[126.56894,34.800727],[126.614757,34.789455],[126.638194,34.788031],[126.631114,34.800727],[126.646576,34.807115],[126.654877,34.808539],[126.665294,34.808092],[126.650401,34.82217],[126.627696,34.825588],[126.575776,34.821763],[126.579682,34.831448],[126.57838,34.838039],[126.575776,34.844875],[126.575776,34.855292],[126.579438,34.861884],[126.584727,34.866767],[126.589122,34.87287],[126.589447,34.883246],[126.581391,34.898017],[126.567638,34.901435],[126.552745,34.895697],[126.541759,34.883246],[126.540538,34.874945],[126.54713,34.8581],[126.548595,34.849066],[126.546886,34.847724],[126.534923,34.82803],[126.523692,34.793931],[126.513276,34.782294],[126.493419,34.780829],[126.493419,34.783149],[126.487153,34.787055],[126.491222,34.792385],[126.496593,34.802802],[126.500743,34.808092],[126.487153,34.813788],[126.478038,34.810452],[126.469249,34.804104],[126.456065,34.800727],[126.429454,34.805609],[126.42099,34.802314],[126.419318,34.791988],[126.40561,34.792182],[126.384044,34.786322],[126.373546,34.790717],[126.370128,34.801337],[126.377289,34.811265],[126.397716,34.82803],[126.405121,34.837226],[126.409272,34.844468],[126.410981,34.851264],[126.411388,34.859036],[126.408702,34.873969],[126.41212,34.881334],[126.425059,34.890692],[126.412608,34.898749],[126.401703,34.915473],[126.395763,34.935045],[126.397716,34.951483],[126.411632,34.961982],[126.430512,34.972602],[126.436371,34.981391],[126.411388,34.986274],[126.399994,34.984565],[126.393321,34.979804],[126.38795,34.97484],[126.380382,34.972602],[126.370616,34.968492],[126.372081,34.958726],[126.376964,34.947252],[126.377289,34.937893],[126.363292,34.927436],[126.345225,34.926418],[126.327729,34.931098],[126.315196,34.937893],[126.324718,34.943264],[126.328868,34.944729],[126.320079,34.949897],[126.312592,34.956122],[126.306407,34.963568],[126.301524,34.972602],[126.312999,34.977444],[126.324229,34.976955],[126.349213,34.972602],[126.346202,34.994086],[126.374115,35.016832],[126.36671,35.037787],[126.338227,35.070136],[126.320649,35.083319],[126.301524,35.08869],[126.309418,35.06623],[126.302501,35.053371],[126.288341,35.052965],[126.274181,35.068183],[126.283539,35.078843],[126.257823,35.106838],[126.254242,35.12344],[126.268647,35.137152],[126.289073,35.13939],[126.307221,35.131781],[126.315196,35.115953],[126.327891,35.122626],[126.334972,35.134101],[126.343028,35.156968],[126.350108,35.145575],[126.35141,35.135972],[126.348725,35.117499],[126.344249,35.10814],[126.343028,35.102362],[126.344981,35.096422],[126.348969,35.096422],[126.353608,35.097846],[126.3567,35.096137],[126.360688,35.082953],[126.361664,35.077297],[126.365326,35.074042],[126.377289,35.068183],[126.386974,35.065375],[126.403819,35.064887],[126.411388,35.061347],[126.40561,35.049954],[126.407237,35.038967],[126.414399,35.028754],[126.425059,35.019761],[126.450287,35.066596],[126.452891,35.082465],[126.452403,35.100287],[126.44752,35.106676],[126.428722,35.110541],[126.420746,35.114203],[126.414154,35.119696],[126.403901,35.142157],[126.371104,35.173529],[126.363536,35.187974],[126.365733,35.192857],[126.370372,35.196967],[126.375092,35.202379],[126.377289,35.211615],[126.36671,35.217719],[126.361583,35.225653],[126.363536,35.239488],[126.350678,35.235338],[126.337413,35.233588],[126.30893,35.233303],[126.320079,35.244574],[126.33839,35.248033],[126.359141,35.248969],[126.377289,35.25259],[126.371349,35.254462],[126.368175,35.256741],[126.364513,35.258734],[126.3567,35.259996],[126.361583,35.269029],[126.367442,35.274319],[126.373871,35.278388],[126.380382,35.284166],[126.3838,35.291734],[126.382172,35.298285],[126.378998,35.304592],[126.377289,35.31151],[126.380707,35.327094],[126.389415,35.342475],[126.411388,35.369859],[126.417247,35.364895],[126.431895,35.349351],[126.449555,35.344957],[126.458507,35.345445],[126.456065,35.352769],[126.423106,35.383368],[126.418224,35.394029],[126.425548,35.41767],[126.442719,35.446926],[126.469814,35.498526],[126.492663,35.525333],[126.525283,35.534858],[126.56245,35.541087],[126.594233,35.542488],[126.608894,35.552056],[126.622977,35.568612],[126.642889,35.572775],[126.660737,35.556464],[126.679047,35.538031],[126.692475,35.534369],[126.679454,35.571723],[126.670177,35.58869],[126.65504,35.595771],[126.513158,35.576897],[126.463736,35.601973],[126.466744,35.628875],[126.467559,35.639638],[126.490977,35.649115],[126.511416,35.665533],[126.530335,35.683164],[126.560346,35.697392],[126.597168,35.71389],[126.625132,35.745626],[126.629389,35.775481],[126.644755,35.782902],[126.656117,35.788736],[126.662154,35.792998],[126.698023,35.795939],[126.733127,35.792415],[126.755382,35.778469],[126.771332,35.775214],[126.781993,35.76024],[126.786143,35.768378],[126.789561,35.77969],[126.791026,35.791449],[126.777668,35.800092],[126.768465,35.805555],[126.749344,35.813257],[126.727622,35.825278],[126.709972,35.836005],[126.700694,35.83983],[126.70338,35.848456],[126.711681,35.857733],[126.719981,35.863267],[126.729096,35.864976],[126.784923,35.862047],[126.79713,35.86286],[126.806163,35.866685],[126.812266,35.875678],[126.814545,35.883043],[126.819347,35.888129],[126.8331,35.890041],[126.837494,35.893297],[126.832286,35.900621],[126.821625,35.908149],[126.809825,35.911689],[126.806651,35.909654],[126.733165,35.885565],[126.708507,35.884589],[126.660091,35.887158],[126.612289,35.890224],[126.611838,35.90744],[126.608809,35.931127],[126.599576,35.937654],[126.56974,35.945952],[126.525736,35.940359],[126.521417,35.97052],[126.612046,35.97843],[126.661335,35.983399],[126.711192,35.985785],[126.727306,35.993638],[126.744477,35.989569],[126.765473,35.998277],[126.802338,36.020941],[126.849132,36.036038],[126.868907,36.047512],[126.870697,36.061957],[126.812104,36.047309],[126.791515,36.042182],[126.771332,36.030911],[126.754405,36.017727],[126.735688,36.010443],[126.71339,36.007392],[126.692475,35.999905],[126.677257,36.005927],[126.67213,36.012885],[126.670502,36.02204],[126.665294,36.034613],[126.656993,36.045478],[126.640147,36.063422],[126.631114,36.075588],[126.64503,36.084703],[126.63852,36.090969],[126.624848,36.095608],[126.612328,36.098992],[126.589447,36.130805],[126.571869,36.136979],[126.558573,36.130764],[126.552282,36.130809],[126.551768,36.141823],[126.529172,36.153514],[126.509648,36.151025],[126.503579,36.13219],[126.500255,36.125718],[126.493419,36.130805],[126.497401,36.160019],[126.531357,36.17394],[126.561341,36.181588],[126.603282,36.17182],[126.588471,36.191596],[126.580089,36.199368],[126.56894,36.205959],[126.562266,36.207221],[126.554291,36.203437],[126.548595,36.205959],[126.541108,36.212551],[126.534923,36.219631],[126.555919,36.266262],[126.567963,36.286811],[126.582612,36.294664],[126.571544,36.305609],[126.529063,36.316107],[126.513764,36.322659],[126.528819,36.333889],[126.573334,36.342597],[126.582612,36.353013],[126.576182,36.366278],[126.560395,36.369615],[126.527436,36.369778],[126.5206,36.373603],[126.5088,36.385199],[126.500743,36.390937],[126.500743,36.397691],[126.513764,36.397691],[126.498779,36.420106],[126.516895,36.428187],[126.537537,36.433221],[126.556778,36.45583],[126.59796,36.465073],[126.617442,36.473456],[126.559093,36.473456],[126.545014,36.466986],[126.523448,36.441107],[126.507579,36.438666],[126.497651,36.448391],[126.488536,36.466864],[126.482758,36.485826],[126.483409,36.497016],[126.504242,36.516669],[126.513927,36.528795],[126.510753,36.534247],[126.49158,36.52867],[126.482921,36.535224],[126.475071,36.539414],[126.470329,36.540199],[126.465685,36.549387],[126.470059,36.557766],[126.469218,36.566934],[126.464182,36.584121],[126.458095,36.591407],[126.457657,36.595596],[126.471456,36.596291],[126.491453,36.603762],[126.512312,36.603209],[126.513868,36.615392],[126.519867,36.626166],[126.51171,36.634848],[126.499855,36.636836],[126.483799,36.649603],[126.493956,36.661316],[126.50803,36.670413],[126.49851,36.684273],[126.474535,36.687885],[126.469687,36.704587],[126.477349,36.716888],[126.500743,36.719875],[126.487315,36.732164],[126.482677,36.738349],[126.479584,36.747138],[126.471202,36.7414],[126.457042,36.72899],[126.441173,36.723538],[126.437999,36.716457],[126.438569,36.709418],[126.445636,36.700722],[126.44688,36.683762],[126.439513,36.664265],[126.443907,36.638081],[126.43329,36.615727],[126.424238,36.606581],[126.405728,36.618196],[126.386391,36.618888],[126.36715,36.629065],[126.371969,36.683078],[126.377909,36.702582],[126.366422,36.706972],[126.369884,36.732327],[126.359141,36.742662],[126.343028,36.740383],[126.333995,36.727362],[126.331554,36.711371],[126.324311,36.699652],[126.301524,36.699368],[126.310883,36.683987],[126.329112,36.66059],[126.335704,36.64411],[126.324718,36.636623],[126.326182,36.628363],[126.343028,36.610012],[126.327729,36.607571],[126.314789,36.60163],[126.303966,36.593085],[126.295258,36.582709],[126.295421,36.590033],[126.294281,36.59748],[126.292003,36.604234],[126.288585,36.610012],[126.302338,36.634426],[126.27296,36.673163],[126.281749,36.692572],[126.274181,36.719875],[126.255707,36.711575],[126.229259,36.684719],[126.209727,36.6789],[126.198253,36.677069],[126.187999,36.673814],[126.177745,36.673245],[126.165619,36.6789],[126.16269,36.683539],[126.158539,36.692857],[126.156993,36.702053],[126.161876,36.706204],[126.203136,36.705878],[126.213634,36.711615],[126.21339,36.726711],[126.202647,36.742418],[126.187266,36.748481],[126.171153,36.752265],[126.158214,36.76081],[126.153087,36.748847],[126.150157,36.723944],[126.144542,36.712388],[126.132823,36.703843],[126.128917,36.7119],[126.130138,36.736965],[126.128184,36.761298],[126.130951,36.768052],[126.156586,36.794176],[126.161632,36.80329],[126.165619,36.816067],[126.168793,36.806383],[126.173106,36.797675],[126.178477,36.789455],[126.185395,36.781317],[126.190684,36.785305],[126.197276,36.784898],[126.204845,36.782782],[126.21339,36.781317],[126.202891,36.793199],[126.192231,36.80858],[126.220714,36.801744],[126.232432,36.804185],[126.240001,36.816067],[126.214447,36.817532],[126.198741,36.823228],[126.196869,36.835679],[126.21339,36.857001],[126.190766,36.872016],[126.192231,36.885932],[126.209483,36.897162],[126.233897,36.904202],[126.22755,36.879788],[126.229991,36.873033],[126.243744,36.870673],[126.268565,36.871039],[126.275238,36.874742],[126.281749,36.883734],[126.283539,36.906236],[126.281016,36.936469],[126.285655,36.961127],[126.30893,36.966864],[126.305919,36.95307],[126.306651,36.931464],[126.311046,36.909573],[126.323497,36.883246],[126.317393,36.873969],[126.307628,36.865668],[126.301524,36.857001],[126.30185,36.847805],[126.308116,36.833075],[126.30893,36.829088],[126.303477,36.824368],[126.285492,36.814927],[126.281749,36.812323],[126.282725,36.803697],[126.285981,36.794582],[126.29127,36.789252],[126.298432,36.791897],[126.315278,36.804348],[126.327891,36.804633],[126.3567,36.788764],[126.336029,36.824652],[126.328705,36.846991],[126.339366,36.857001],[126.355479,36.840481],[126.365326,36.835354],[126.369884,36.846177],[126.374115,36.849555],[126.384532,36.852932],[126.404552,36.857001],[126.404552,36.863227],[126.396576,36.864203],[126.377289,36.870673],[126.377289,36.876899],[126.401378,36.881415],[126.415538,36.899848],[126.4192,36.922309],[126.411388,36.93891],[126.40268,36.94123],[126.376475,36.941596],[126.363536,36.945787],[126.353852,36.955227],[126.350678,36.964504],[126.355479,36.96776],[126.369884,36.959418],[126.376475,36.974921],[126.369395,36.984117],[126.354015,36.98786],[126.335704,36.986762],[126.34311,36.994452],[126.353038,36.999986],[126.36378,37.001451],[126.373546,36.997016],[126.383067,36.991156],[126.391449,36.989814],[126.395274,36.992906],[126.39088,37.000434],[126.39088,37.00788],[126.427745,37.008368],[126.445404,37.003404],[126.452891,36.99018],[126.447846,36.982001],[126.438243,36.973334],[126.432384,36.961982],[126.438731,36.945787],[126.44752,36.952826],[126.458832,36.95775],[126.468598,36.957587],[126.472748,36.949205],[126.473888,36.942206],[126.478526,36.935858],[126.479584,36.929023],[126.477794,36.926418],[126.468761,36.917792],[126.465912,36.911607],[126.465912,36.866929],[126.469249,36.85399],[126.476573,36.844916],[126.483897,36.841498],[126.487153,36.846177],[126.491222,36.87108],[126.509532,36.91885],[126.513764,36.942369],[126.519135,36.947903],[126.531261,36.941311],[126.548595,36.92593],[126.555675,36.915107],[126.560802,36.905097],[126.56837,36.898505],[126.582612,36.898017],[126.582612,36.904202],[126.57545,36.911811],[126.566742,36.932196],[126.559093,36.942369],[126.497813,36.994208],[126.493419,36.997016],[126.496837,37.007799],[126.505382,37.006578],[126.515636,36.998847],[126.531586,36.982896],[126.54005,36.976874],[126.550304,36.973131],[126.562755,36.97309],[126.572113,36.977484],[126.573009,36.984361],[126.566173,36.99079],[126.552013,36.993598],[126.53297,37.000922],[126.512254,37.01643],[126.502921,37.039521],[126.500743,37.054999],[126.519054,37.055406],[126.535004,37.049262],[126.549327,37.039211],[126.569341,37.027778],[126.588452,37.017221],[126.596292,37.010828],[126.611467,37.00256],[126.626095,36.996104],[126.636095,36.982453],[126.631383,36.968931],[126.621674,36.959784],[126.623627,36.952623],[126.633556,36.937405],[126.634776,36.928046],[126.631114,36.911607],[126.6421,36.917711],[126.646495,36.925116],[126.649181,36.933417],[126.645375,36.957953],[126.649449,36.966056],[126.655793,36.974594],[126.665043,36.988525],[126.681544,36.994704],[126.697032,36.994818],[126.714348,36.993042],[126.733512,36.987431],[126.757767,36.98222],[126.775157,36.97309],[126.796235,36.955756],[126.797699,36.934394],[126.781993,36.891181],[126.793956,36.897528],[126.812755,36.916938],[126.823009,36.918443],[126.83017,36.910224],[126.834321,36.895494],[126.836518,36.866929],[126.83546,36.860826],[126.830821,36.847235],[126.829845,36.839342],[126.831798,36.831122],[126.840668,36.819159],[126.849132,36.788031],[126.846283,36.77912],[126.829845,36.775092],[126.832856,36.766669],[126.836762,36.760932],[126.84254,36.757025],[126.850841,36.753974],[126.8567,36.776435],[126.866547,36.789781],[126.871593,36.804023],[126.863292,36.829088],[126.883556,36.824368],[126.904796,36.822252],[126.870453,36.852769],[126.860199,36.869574],[126.880626,36.876899],[126.899018,36.87934],[126.942475,36.893378],[126.974457,36.912909],[126.989513,36.918606],[127.000336,36.928371],[127.007172,36.952623],[127.005219,36.956936],[126.995942,36.964789],[126.994151,36.966864],[126.999522,36.970893],[127.004893,36.971422],[127.01002,36.971259],[127.023936,36.977444],[127.032807,36.978502],[127.039399,36.982001],[127.042003,36.993598],[126.982188,36.98017],[126.973155,36.969957],[126.976329,36.939032],[126.969086,36.932034],[126.945811,36.92593],[126.91269,36.929633],[126.873383,36.947984],[126.837901,36.975898],[126.82441,37.002616],[126.884288,37.00788],[126.884288,37.014106],[126.880138,37.015692],[126.870697,37.02147],[126.881928,37.02265],[126.892589,37.022162],[126.902354,37.019477],[126.910981,37.014106],[126.906749,37.033149],[126.893077,37.050116],[126.883149,37.069566],[126.890473,37.095933],[126.879161,37.100002],[126.870453,37.090766],[126.865082,37.074856],[126.863292,37.058783],[126.858653,37.041327],[126.849132,37.037299],[126.839692,37.044867],[126.820567,37.041693],[126.80128,37.037746],[126.755219,37.048814],[126.755527,37.060141],[126.751191,37.070092],[126.754814,37.083556],[126.752859,37.100688],[126.764451,37.117658],[126.778268,37.132804],[126.794182,37.13892],[126.81121,37.144121],[126.836518,37.144436],[126.863536,37.150295],[126.869151,37.156968],[126.870697,37.175482],[126.864513,37.179104],[126.850597,37.173041],[126.829845,37.158677],[126.816905,37.160793],[126.807384,37.165269],[126.802257,37.173163],[126.802338,37.18537],[126.778575,37.175686],[126.759288,37.1647],[126.723643,37.133857],[126.714447,37.127997],[126.702891,37.124701],[126.692149,37.124986],[126.685639,37.130113],[126.686046,37.139309],[126.692149,37.148261],[126.706879,37.164862],[126.677745,37.159491],[126.668468,37.161811],[126.665294,37.175482],[126.670665,37.185614],[126.682872,37.191352],[126.696788,37.195136],[126.706879,37.199652],[126.719005,37.212877],[126.715831,37.216295],[126.689057,37.213324],[126.680186,37.217678],[126.673188,37.22842],[126.666515,37.241848],[126.658458,37.254299],[126.662934,37.255316],[126.665782,37.256903],[126.67213,37.261705],[126.679454,37.257229],[126.690522,37.257717],[126.709972,37.261705],[126.725841,37.258205],[126.739106,37.251654],[126.752208,37.248277],[126.767589,37.254299],[126.766368,37.24315],[126.767589,37.232327],[126.772472,37.223944],[126.781993,37.22016],[126.792491,37.223456],[126.797374,37.232856],[126.802338,37.254299],[126.819184,37.2744],[126.833018,37.272854],[126.848643,37.265326],[126.870697,37.26789],[126.865977,37.276068],[126.859874,37.282131],[126.852143,37.2862],[126.842784,37.288398],[126.828891,37.287984],[126.822544,37.295607],[126.807603,37.297766],[126.79556,37.294725],[126.783573,37.295268],[126.764643,37.298267],[126.73331,37.30617],[126.689793,37.332486],[126.687488,37.344028],[126.706865,37.366469],[126.720045,37.377053],[126.717162,37.383839],[126.66475,37.389168],[126.64034,37.36439],[126.615087,37.379745],[126.625382,37.397918],[126.638629,37.413791],[126.630308,37.425013],[126.612405,37.432741],[126.595985,37.439657],[126.598291,37.457928],[126.595018,37.472273],[126.604761,37.485697],[126.633444,37.492571],[126.642022,37.496062],[126.644163,37.504385],[126.630675,37.507301],[126.627025,37.498595],[126.606451,37.496812],[126.601106,37.506802],[126.598905,37.525107],[126.603792,37.549297],[126.598907,37.558088],[126.591105,37.57287],[126.58225,37.584483],[126.571935,37.598495],[126.560515,37.607353],[126.560286,37.620847],[126.556163,37.641018],[126.545421,37.672512],[126.531016,37.754706],[126.534923,37.768215],[126.548188,37.770168],[126.603282,37.754543],[126.62086,37.757554],[126.635509,37.763007],[126.648529,37.765041],[126.661876,37.757961],[126.66684,37.746161],[126.668793,37.727729],[126.667328,37.708808],[126.661876,37.695868],[126.661469,37.672431],[126.692149,37.652045],[126.731049,37.639065],[126.755219,37.637885],[126.73642,37.653306],[126.678803,37.686265],[126.695567,37.721747],[126.700531,37.742987],[126.6963,37.757961],[126.68686,37.773627],[126.686046,37.782172],[126.684906,37.793606],[126.689464,37.813666],[126.699962,37.829657],[126.692475,37.837104],[126.682628,37.836005],[126.667491,37.827826],[126.667003,37.827582],[126.655772,37.814521],[126.651622,37.799262],[126.6421,37.798],[126.620779,37.787706],[126.593272,37.7744],[126.576182,37.777533],[126.436615,37.848375],[126.428477,37.854193],[126.404307,37.887152],[126.397716,37.89175],[126.378673,37.889594],[126.358002,37.884345],[126.279552,37.851264],[126.259532,37.845445],[126.236908,37.843329],[126.199962,37.844224],[126.178477,37.840522],[126.158214,37.829657],[126.149181,37.82217],[126.147716,37.819037],[126.14975,37.815253],[126.152843,37.799709],[126.159679,37.778876],[126.165375,37.768256],[126.164317,37.754625],[126.161225,37.740668],[126.158214,37.733466],[126.110362,37.740912],[126.096934,37.781399],[126.086925,37.80036],[126.072113,37.799262],[126.062836,37.802232],[126.058604,37.824693],[126.055756,37.870592],[126.026134,37.853664],[126.012787,37.854315],[126.007335,37.874335],[126.000743,37.885565],[125.985932,37.898383],[125.969819,37.908677],[125.959483,37.912177],[125.944102,37.901923],[125.950531,37.88935],[125.96461,37.878648],[125.972504,37.874335],[125.974457,37.864163],[125.983653,37.837104],[125.986176,37.822821],[125.977875,37.829332],[125.967133,37.835435],[125.955903,37.840318],[125.945893,37.843329],[125.93336,37.844631],[125.927013,37.84398],[125.921641,37.844875],[125.911632,37.850775],[125.895518,37.864814],[125.84547,37.9265],[125.841075,37.936347],[125.834972,37.943549],[125.81129,37.947577],[125.805186,37.951565],[125.802501,37.95893],[125.801768,37.970201],[125.803966,37.988959],[125.799327,37.992906],[125.78419,37.994086],[125.773774,37.99608],[125.756358,38.005072],[125.746593,38.007758],[125.70517,38.009345],[125.687348,38.012274],[125.647309,38.027289],[125.622162,38.031928],[125.596934,38.032213],[125.578949,38.025133],[125.578217,38.009019],[125.596528,37.992255],[125.62143,37.97899],[125.640717,37.973619],[125.675385,37.977607],[125.685313,37.972113],[125.678315,37.952541],[125.688813,37.956041],[125.698985,37.958197],[125.708832,37.957424],[125.71933,37.952541],[125.70753,37.939765],[125.698822,37.925238],[125.71754,37.925279],[125.72519,37.927476],[125.732921,37.932685],[125.739757,37.925238],[125.727794,37.91592],[125.715343,37.908271],[125.701508,37.902493],[125.685069,37.898586],[125.668956,37.899156],[125.657074,37.905829],[125.645518,37.915473],[125.630626,37.925238],[125.627452,37.902167],[125.636811,37.878648],[125.641205,37.856391],[125.623057,37.837104],[125.637787,37.825344],[125.644135,37.822821],[125.640147,37.813422],[125.633556,37.809556],[125.613536,37.809149],[125.609223,37.806301],[125.611095,37.79975],[125.616954,37.788723],[125.620372,37.774115],[125.620128,37.765326],[125.613536,37.761379],[125.602794,37.761786],[125.593028,37.763617],[125.583995,37.767524],[125.575206,37.7744],[125.579356,37.776679],[125.580089,37.777655],[125.580414,37.778795],[125.582774,37.781887],[125.570567,37.787095],[125.559581,37.787746],[125.551606,37.782701],[125.548595,37.771308],[125.54184,37.770453],[125.528901,37.772528],[125.520518,37.780178],[125.527599,37.796129],[125.50351,37.778795],[125.490977,37.754055],[125.47462,37.731187],[125.438731,37.719794],[125.403656,37.719062],[125.385265,37.716376],[125.377289,37.71015],[125.372651,37.693549],[125.361583,37.68008],[125.347504,37.675605],[125.335053,37.686265],[125.348643,37.737982],[125.36378,37.760891],[125.390391,37.754543],[125.444916,37.7744],[125.429454,37.781562],[125.395112,37.776435],[125.377289,37.781887],[125.389903,37.796129],[125.410981,37.809394],[125.434906,37.819037],[125.455821,37.822821],[125.505138,37.813178],[125.524181,37.817816],[125.527599,37.843329],[125.510834,37.837714],[125.497325,37.839667],[125.486664,37.847073],[125.479096,37.857611],[125.508637,37.883734],[125.510102,37.894273],[125.483165,37.898586],[125.463878,37.90412],[125.455089,37.914618],[125.445649,37.920396],[125.424408,37.912177],[125.427501,37.908352],[125.430024,37.902004],[125.431895,37.898586],[125.406261,37.898627],[125.394542,37.896674],[125.383556,37.89175],[125.402843,37.885565],[125.427989,37.874498],[125.4463,37.860012],[125.444916,37.843329],[125.42628,37.856024],[125.399669,37.865465],[125.371837,37.869127],[125.349376,37.864407],[125.354015,37.857001],[125.360362,37.85106],[125.368012,37.846625],[125.377289,37.843329],[125.345958,37.822577],[125.326671,37.812974],[125.30836,37.809149],[125.309093,37.811103],[125.308116,37.815497],[125.305431,37.820217],[125.301036,37.822821],[125.239513,37.822821],[125.25172,37.837836],[125.294932,37.859849],[125.30836,37.878079],[125.300629,37.895209],[125.257091,37.914618],[125.26002,37.932685],[125.240082,37.929592],[125.228526,37.915229],[125.219574,37.896715],[125.208507,37.881171],[125.193126,37.871772],[125.176606,37.867621],[125.158214,37.86758],[125.100352,37.875067],[125.089366,37.878079],[125.062104,37.896145],[125.051524,37.898586],[125.029389,37.900092],[125.013194,37.905992],[125.006602,37.918443],[125.01352,37.939521],[124.989024,37.927436],[124.979503,37.925238],[124.983653,37.942328],[124.992198,37.952948],[125.005463,37.958441],[125.024181,37.960028],[125.036632,37.963609],[125.062022,37.978583],[125.075694,37.980455],[125.08961,37.975816],[125.115977,37.962714],[125.1338,37.960028],[125.149913,37.960761],[125.163829,37.963772],[125.175385,37.969916],[125.184906,37.980455],[125.177501,37.987942],[125.166515,37.981269],[125.155284,37.979967],[125.144298,37.983466],[125.123302,37.99844],[125.1185,37.999457],[125.115326,38.002387],[125.109711,38.015286],[125.1067,38.034613],[125.116222,38.041938],[125.157563,38.042548],[125.201671,38.049384],[125.213227,38.045722],[125.217296,38.037177],[125.219574,38.027818],[125.22519,38.02143],[125.246349,38.020087],[125.253184,38.053941],[125.273692,38.062405],[125.264903,38.077948],[125.248302,38.083808],[125.208507,38.083482],[125.19044,38.085761],[125.155854,38.095526],[125.140636,38.097805],[125.124522,38.09512],[125.075694,38.076077],[125.027354,38.068996],[125.01352,38.062405],[124.937836,38.097805],[124.904877,38.124823],[124.885265,38.131659],[124.876475,38.113959],[124.865489,38.107082],[124.840099,38.101996],[124.793793,38.097805],[124.677094,38.115383],[124.667247,38.125718],[124.673595,38.137193],[124.697765,38.144965],[124.745128,38.147935],[124.765147,38.156073],[124.773285,38.175971],[124.78004,38.178616],[124.821788,38.18594],[124.829112,38.193793],[124.84547,38.218411],[124.855968,38.226955],[124.879161,38.230658],[124.895274,38.221503],[124.920909,38.189358],[124.931,38.192939],[124.993012,38.226955],[124.967621,38.235338],[124.91505,38.229071],[124.886567,38.244574],[124.872325,38.257636],[124.870128,38.265448],[124.86964,38.282131],[124.879731,38.345201],[124.883881,38.355292],[124.927989,38.409084],[124.935069,38.4206],[124.947276,38.450507],[124.958995,38.460883],[124.966563,38.463365],[124.972179,38.462144],[124.974864,38.455146],[124.972667,38.440375],[124.985199,38.451361],[125.002045,38.473619],[125.016368,38.497952],[125.021007,38.514879],[125.01474,38.52497],[124.996837,38.535875],[124.993012,38.545885],[124.994884,38.557685],[124.997081,38.566148],[124.995697,38.574042],[124.980866,38.584157],[124.983949,38.591942],[124.997747,38.592522],[125.017686,38.583523],[125.0292,38.589495],[125.037625,38.591271],[125.042966,38.581683],[125.058241,38.568468],[125.079744,38.583989],[125.102769,38.593523],[125.128009,38.580281],[125.134532,38.591254],[125.134044,38.610012],[125.137218,38.624742],[125.126069,38.633246],[125.118419,38.645168],[125.116547,38.657213],[125.123383,38.666327],[125.13756,38.662332],[125.148229,38.646128],[125.1566,38.631727],[125.179623,38.634655],[125.183496,38.642432],[125.178198,38.656826],[125.179797,38.670002],[125.18899,38.666979],[125.193545,38.657379],[125.203485,38.652553],[125.220381,38.656092],[125.235734,38.657837],[125.259614,38.669739],[125.267295,38.67031],[125.277983,38.663078],[125.301036,38.656806],[125.311324,38.665017],[125.319791,38.668584],[125.330605,38.678747],[125.346016,38.687079],[125.369108,38.694761],[125.397227,38.693671],[125.406749,38.692857],[125.429698,38.687486],[125.441905,38.686225],[125.444428,38.689521],[125.446137,38.696723],[125.45102,38.704006],[125.462657,38.707261],[125.507091,38.686225],[125.511811,38.676703],[125.514659,38.657864],[125.520763,38.652655],[125.532725,38.65412],[125.537934,38.663642],[125.540782,38.674262],[125.545177,38.679389],[125.555186,38.676663],[125.564952,38.670111],[125.572358,38.662299],[125.575206,38.655748],[125.585948,38.641913],[125.610362,38.63109],[125.63795,38.62641],[125.657807,38.631008],[125.648529,38.638495],[125.636811,38.653998],[125.630626,38.658881],[125.619884,38.661444],[125.59962,38.662258],[125.588959,38.666327],[125.543712,38.711127],[125.527599,38.720933],[125.51474,38.722805],[125.490977,38.722886],[125.479096,38.727729],[125.472911,38.73432],[125.447032,38.771552],[125.448009,38.77619],[125.447765,38.777248],[125.438731,38.77558],[125.435883,38.771308],[125.43214,38.763088],[125.424571,38.755927],[125.410899,38.755072],[125.420014,38.75019],[125.427826,38.744127],[125.434174,38.736762],[125.419313,38.729265],[125.389244,38.717449],[125.373128,38.720541],[125.363048,38.734565],[125.356212,38.734565],[125.350352,38.721259],[125.341075,38.717475],[125.314545,38.720933],[125.312755,38.723863],[125.310313,38.729804],[125.306407,38.734605],[125.301036,38.734565],[125.295909,38.728461],[125.297944,38.722113],[125.303477,38.716742],[125.30836,38.713528],[125.30836,38.707261],[125.293712,38.703192],[125.27768,38.703315],[125.262462,38.707913],[125.249766,38.717231],[125.2435,38.728339],[125.246918,38.736721],[125.266856,38.755072],[125.259776,38.758287],[125.253184,38.762519],[125.257823,38.771918],[125.252696,38.783596],[125.240977,38.793118],[125.22519,38.796088],[125.230479,38.771918],[125.216557,38.739717],[125.18812,38.738608],[125.176664,38.751228],[125.172111,38.76323],[125.15677,38.769267],[125.145274,38.777088],[125.137218,38.803534],[125.143321,38.82038],[125.147553,38.837144],[125.150727,38.874579],[125.151966,38.891529],[125.163627,38.91546],[125.172981,38.9388],[125.190027,38.95852],[125.200901,38.975262],[125.198643,38.986056],[125.212169,39.001532],[125.233368,39.029887],[125.252002,39.049639],[125.26002,39.066352],[125.270803,39.080606],[125.291108,39.080471],[125.31601,39.079535],[125.335053,39.083441],[125.28407,39.089556],[125.286694,39.097046],[125.290612,39.104531],[125.290335,39.111281],[125.286179,39.117049],[125.288153,39.123542],[125.287364,39.131822],[125.289154,39.139065],[125.293305,39.143541],[125.294444,39.147366],[125.287364,39.15233],[125.296723,39.161526],[125.30714,39.165432],[125.332042,39.165961],[125.343516,39.168891],[125.340099,39.176011],[125.332042,39.184963],[125.328868,39.193305],[125.343598,39.212877],[125.365082,39.220893],[125.389008,39.220282],[125.410899,39.213813],[125.404877,39.228949],[125.396007,39.236558],[125.393565,39.245795],[125.431895,39.300727],[125.444916,39.310614],[125.42921,39.312242],[125.41627,39.320258],[125.411143,39.333482],[125.418224,39.350979],[125.413422,39.354438],[125.404633,39.364651],[125.414806,39.362006],[125.418956,39.360541],[125.424408,39.357123],[125.445649,39.366929],[125.454194,39.374335],[125.459239,39.385077],[125.438487,39.384996],[125.376475,39.392524],[125.357026,39.398749],[125.359955,39.413153],[125.383556,39.440334],[125.372569,39.440985],[125.361827,39.439927],[125.351654,39.437405],[125.34254,39.433539],[125.346039,39.459621],[125.360362,39.474677],[125.379405,39.486274],[125.397227,39.501776],[125.402599,39.513739],[125.406586,39.527493],[125.413666,39.538723],[125.441987,39.547553],[125.450287,39.557929],[125.451752,39.571275],[125.444916,39.584377],[125.429698,39.575385],[125.325694,39.533189],[125.303559,39.527289],[125.294932,39.523017],[125.285981,39.521186],[125.27711,39.526028],[125.250743,39.551215],[125.246349,39.553616],[125.237071,39.562893],[125.219574,39.566474],[125.210297,39.573065],[125.22519,39.591213],[125.157563,39.591213],[125.160981,39.585191],[125.167817,39.56977],[125.171235,39.56387],[125.126801,39.56387],[125.116954,39.565863],[125.114268,39.57095],[125.113536,39.577582],[125.109711,39.584377],[125.10377,39.592475],[125.101654,39.5987],[125.097504,39.602729],[125.085541,39.604193],[125.070079,39.601508],[125.060313,39.601142],[125.047699,39.604193],[125.04005,39.608547],[125.018077,39.62401],[125.01352,39.62873],[125.01059,39.635321],[125.003266,39.636868],[124.994395,39.636908],[124.986339,39.638983],[124.958263,39.662014],[124.947276,39.662991],[124.937836,39.645819],[124.926524,39.652981],[124.913097,39.656236],[124.901622,39.662055],[124.89267,39.691962],[124.881602,39.704169],[124.866303,39.713853],[124.849132,39.721503],[124.833588,39.725979],[124.81129,39.728339],[124.803071,39.730455],[124.799164,39.739814],[124.77065,39.741811],[124.76039,39.748008],[124.75644,39.770657],[124.746104,39.782945],[124.740245,39.772162],[124.739513,39.762112],[124.742931,39.752997],[124.749522,39.745063],[124.754731,39.73371],[124.750255,39.722357],[124.750021,39.709892],[124.744187,39.701308],[124.744624,39.691356],[124.757115,39.687906],[124.753045,39.672459],[124.740532,39.671792],[124.729805,39.665293],[124.734244,39.654996],[124.743907,39.644355],[124.735137,39.641588],[124.716412,39.647128],[124.695017,39.63754],[124.674929,39.622069],[124.649063,39.612121],[124.640575,39.594604],[124.637452,39.590483],[124.62379,39.597968],[124.624115,39.6022],[124.625336,39.60517],[124.629405,39.61164],[124.621918,39.613105],[124.618663,39.614732],[124.615733,39.617865],[124.610803,39.628651],[124.628574,39.644748],[124.632149,39.662946],[124.645095,39.669466],[124.649913,39.683661],[124.646983,39.697577],[124.639903,39.698065],[124.63144,39.693915],[124.62379,39.693549],[124.619884,39.697943],[124.613373,39.709784],[124.609467,39.714667],[124.600352,39.719306],[124.591563,39.720852],[124.584809,39.723578],[124.582286,39.731757],[124.583263,39.740546],[124.587901,39.756293],[124.589122,39.765855],[124.584727,39.770941],[124.56601,39.778876],[124.561615,39.786689],[124.56544,39.807115],[124.564057,39.814276],[124.554942,39.817084],[124.519786,39.818061],[124.434418,39.830756],[124.430024,39.829332],[124.426362,39.826483],[124.422618,39.824205],[124.417735,39.82453],[124.413666,39.827826],[124.40976,39.835924],[124.407237,39.837592],[124.403575,39.841498],[124.399181,39.859809],[124.396576,39.865546],[124.389659,39.867865],[124.362559,39.871731],[124.348888,39.892808],[124.341807,39.89997],[124.334809,39.905585],[124.327973,39.909735],[124.321544,39.912665],[124.332123,39.925116],[124.345714,39.930243],[124.359386,39.933539],[124.369965,39.940009],[124.376069,39.954088],[124.383067,40.002672],[124.405772,40.027777],[124.434093,40.024563],[124.465831,40.015286],[124.499604,40.022528],[124.479259,40.030748],[124.432872,40.032782],[124.410248,40.0362],[124.391449,40.048285],[124.384369,40.064887],[124.380382,40.082668],[124.369965,40.098293],[124.358246,40.089057],[124.356944,40.076321],[124.362559,40.04678],[124.364024,40.020901],[124.361339,40.011176],[124.352306,39.998969],[124.307872,39.961086],[124.302989,39.954088],[124.299083,39.940375],[124.2942,39.933783],[124.286713,39.929348],[124.280284,39.928697],[124.273692,39.9289],[124.266368,39.926947],[124.202159,39.878607],[124.15504,39.861314],[124.137218,39.842353],[124.118175,39.833157],[124.088145,39.851874],[124.066905,39.836168],[124.055431,39.829901],[124.041026,39.82453],[123.998057,39.815904],[123.985688,39.810248],[123.975108,39.815009],[123.967784,39.820543],[123.954926,39.834174],[123.942149,39.840562],[123.930675,39.836859],[123.920258,39.829495],[123.910655,39.82453],[123.887543,39.822903],[123.860362,39.824408],[123.834076,39.829169],[123.814464,39.837592],[123.807628,39.837592],[123.773041,39.818345],[123.720063,39.830552],[123.669688,39.856594],[123.643077,39.878567],[123.656749,39.919501],[123.640147,39.9147],[123.630951,39.903998],[123.626231,39.889106],[123.622569,39.871731],[123.601573,39.817084],[123.597667,39.792629],[123.591401,39.784329],[123.563731,39.770941],[123.563243,39.768785],[123.563243,39.770413],[123.553722,39.776109],[123.550792,39.779486],[123.547374,39.785346],[123.54184,39.791693],[123.533214,39.796617],[123.513194,39.797797],[123.495616,39.790717],[123.481537,39.77969],[123.445649,39.737047],[123.427745,39.72663],[123.410411,39.735175],[123.408458,39.745998],[123.410411,39.796617],[123.413097,39.801825],[123.418224,39.806545],[123.421153,39.813218],[123.417084,39.82453],[123.411632,39.82567],[123.403087,39.823554],[123.398204,39.818345],[123.403575,39.810248],[123.386729,39.789618],[123.364513,39.785224],[123.339366,39.784898],[123.314057,39.776109],[123.302989,39.784491],[123.285004,39.803453],[123.273204,39.810248],[123.264171,39.797309],[123.257172,39.801093],[123.252778,39.811184],[123.252045,39.817084],[123.244721,39.814032],[123.238048,39.809231],[123.23585,39.802436],[123.242198,39.793524],[123.252778,39.782904],[123.26352,39.767646],[123.265391,39.754096],[123.249034,39.748236],[123.222992,39.75495],[123.209972,39.75495],[123.204194,39.745063],[123.206391,39.734687],[123.212169,39.731391],[123.220795,39.730699],[123.242279,39.725491],[123.249278,39.725328],[123.255138,39.724107],[123.26295,39.718085],[123.269135,39.707587],[123.26588,39.701077],[123.223155,39.679755],[123.174327,39.665758],[123.128429,39.664862],[123.108002,39.690131],[123.099946,39.685777],[123.058116,39.67475],[123.039806,39.673082],[123.029633,39.674709],[123.016612,39.679511],[123.009125,39.680487],[123.005707,39.677436],[123.00058,39.671088],[122.991954,39.66592],[122.977631,39.666246],[122.977631,39.65884],[122.996349,39.649644],[122.992442,39.636705],[122.964122,39.61164],[122.944916,39.619696],[122.871593,39.60578],[122.848643,39.617865],[122.788178,39.572333],[122.779796,39.560452],[122.769135,39.558173],[122.710785,39.535956],[122.696544,39.523871],[122.688243,39.518622],[122.676768,39.515448],[122.672944,39.519965],[122.660981,39.528022],[122.648448,39.532416],[122.642589,39.526028],[122.636567,39.50845],[122.587901,39.466986],[122.576915,39.475653],[122.569102,39.483547],[122.562104,39.486762],[122.553233,39.48135],[122.553233,39.477525],[122.557221,39.473293],[122.561046,39.467963],[122.560069,39.460761],[122.555431,39.456],[122.551117,39.455959],[122.546479,39.45661],[122.54005,39.454006],[122.495616,39.427191],[122.469819,39.416693],[122.447032,39.412421],[122.413829,39.413642],[122.396332,39.411038],[122.383311,39.395657],[122.355968,39.387885],[122.344737,39.382025],[122.333263,39.372056],[122.318858,39.362006],[122.303559,39.354153],[122.29005,39.350979],[122.283702,39.343411],[122.27711,39.328518],[122.267426,39.31802],[122.251475,39.323676],[122.250743,39.319037],[122.249522,39.316555],[122.245372,39.310614],[122.240245,39.285631],[122.198578,39.251207],[122.115001,39.200751],[122.11671,39.188666],[122.110606,39.174994],[122.104015,39.163804],[122.104503,39.159125],[122.135834,39.158149],[122.149913,39.154446],[122.16269,39.146145],[122.14267,39.146308],[122.127452,39.141995],[122.073334,39.10456],[122.063975,39.101752],[122.055675,39.101386],[122.047862,39.099189],[122.039317,39.090888],[122.05128,39.067125],[122.042328,39.059719],[121.988048,39.062934],[121.980479,39.058783],[121.971283,39.049628],[121.959321,39.040473],[121.942963,39.036282],[121.929454,39.039862],[121.917247,39.046332],[121.904307,39.049384],[121.888438,39.042467],[121.901947,39.038031],[121.912934,39.030707],[121.920258,39.020941],[121.923188,39.008979],[121.879405,39.027411],[121.855968,39.033759],[121.826915,39.036282],[121.837983,39.015082],[121.880138,38.997016],[121.895274,38.981024],[121.894786,38.970771],[121.887543,38.962388],[121.871349,38.950629],[121.859874,38.944648],[121.847911,38.947455],[121.811534,38.972846],[121.78712,39.006903],[121.772472,39.021959],[121.744884,39.033515],[121.724701,39.030178],[121.720063,39.019517],[121.73878,39.008979],[121.73878,39.001532],[121.71046,39.006741],[121.680186,39.008979],[121.670909,39.007717],[121.635753,38.995307],[121.649262,38.994452],[121.656016,38.990627],[121.657807,38.983873],[121.656342,38.974189],[121.652599,38.963446],[121.647797,38.959377],[121.628917,38.954332],[121.60434,38.951972],[121.592133,38.948676],[121.587413,38.94009],[121.59254,38.935981],[121.618175,38.926418],[121.65919,38.926256],[121.676768,38.921536],[121.693614,38.909613],[121.703624,38.891913],[121.704845,38.873114],[121.6963,38.862942],[121.676117,38.871161],[121.654796,38.857856],[121.581065,38.862982],[121.552745,38.85814],[121.512218,38.826972],[121.504893,38.826483],[121.498871,38.814643],[121.484955,38.809882],[121.380138,38.816596],[121.344737,38.814643],[121.287608,38.788072],[121.260753,38.795111],[121.236664,38.798489],[121.21754,38.77558],[121.225597,38.776313],[121.244721,38.77558],[121.198497,38.727851],[121.179535,38.720933],[121.153087,38.727607],[121.141368,38.742743],[121.132416,38.758734],[121.114513,38.768134],[121.124115,38.778388],[121.134044,38.782213],[121.139252,38.789496],[121.134858,38.80976],[121.127778,38.818915],[121.117931,38.828192],[121.111339,38.840277],[121.114513,38.85814],[121.140147,38.874254],[121.152354,38.886298],[121.148529,38.899075],[121.090424,38.899075],[121.086192,38.905707],[121.096202,38.9206],[121.117931,38.943427],[121.128754,38.947333],[121.179535,38.954332],[121.188813,38.952297],[121.201996,38.942857],[121.210704,38.94009],[121.219493,38.940497],[121.234386,38.945624],[121.256847,38.949652],[121.29184,38.967353],[121.320323,38.966498],[121.334321,38.968573],[121.340343,38.977607],[121.338145,38.985256],[121.328868,39.00141],[121.326752,39.01203],[121.334239,39.026597],[121.352306,39.038072],[121.374848,39.044176],[121.395518,39.042467],[121.403331,39.038275],[121.408539,39.032864],[121.4192,39.018541],[121.428071,39.014716],[121.441498,39.013902],[121.467296,39.015123],[121.486339,39.019599],[121.546479,39.049262],[121.632335,39.069485],[121.674083,39.088039],[121.689789,39.11815],[121.681,39.13642],[121.649181,39.158149],[121.641938,39.176215],[121.629893,39.173245],[121.6067,39.180813],[121.592621,39.192206],[121.607921,39.200751],[121.605968,39.20539],[121.603363,39.216498],[121.601654,39.221259],[121.626313,39.224514],[121.633067,39.236151],[121.604086,39.25295],[121.589939,39.264054],[121.611984,39.274981],[121.636974,39.27265],[121.641938,39.272162],[121.646983,39.264879],[121.658458,39.266791],[121.680186,39.275214],[121.717784,39.296942],[121.736095,39.311754],[121.738292,39.319648],[121.731293,39.330471],[121.75351,39.355211],[121.765147,39.365383],[121.779796,39.371487],[121.79127,39.371324],[121.837494,39.364651],[121.865489,39.370551],[121.91505,39.395413],[121.942963,39.399359],[121.931244,39.417182],[121.922374,39.415229],[121.91269,39.40526],[121.898692,39.399359],[121.880951,39.397162],[121.848888,39.387356],[121.830658,39.385077],[121.745372,39.397895],[121.707774,39.395657],[121.717784,39.371487],[121.54892,39.361884],[121.52589,39.364651],[121.491954,39.388983],[121.461436,39.4737],[121.436046,39.508612],[121.419932,39.516059],[121.399506,39.520209],[121.354015,39.522203],[121.340424,39.519273],[121.319428,39.505683],[121.306163,39.501776],[121.299815,39.503363],[121.282481,39.512152],[121.272716,39.515448],[121.236827,39.514716],[121.227794,39.518866],[121.223399,39.528632],[121.228526,39.536444],[121.238373,39.54149],[121.248546,39.543402],[121.260001,39.563673],[121.291515,39.586371],[121.306163,39.597968],[121.326508,39.602362],[121.382183,39.601337],[121.449805,39.615098],[121.470714,39.632148],[121.463878,39.645819],[121.498165,39.652924],[121.52589,39.617865],[121.533295,39.622301],[121.536143,39.626654],[121.537201,39.631985],[121.539561,39.638983],[121.53769,39.641425],[121.527843,39.649604],[121.52589,39.652655],[121.528656,39.655951],[121.53769,39.662909],[121.539561,39.666246],[121.542328,39.669379],[121.547374,39.673163],[121.550141,39.678656],[121.546479,39.686713],[121.537446,39.692532],[121.530284,39.690985],[121.524018,39.687323],[121.518403,39.686713],[121.506847,39.694322],[121.490864,39.720994],[121.463878,39.738593],[121.462657,39.741523],[121.459809,39.74433],[121.457286,39.748481],[121.474185,39.756074],[121.484612,39.764005],[121.48732,39.778],[121.47755,39.78677],[121.471528,39.80508],[121.470714,39.810248],[121.509917,39.824031],[121.535899,39.861762],[121.566292,39.858842],[121.616093,39.871701],[121.635972,39.896687],[121.684906,39.922512],[121.707123,39.926947],[121.734386,39.923285],[121.754649,39.91828],[121.774425,39.920844],[121.799653,39.940009],[121.803803,39.948717],[121.805186,39.957831],[121.809662,39.965033],[121.836029,39.971137],[121.854747,39.985175],[121.87379,39.9914],[121.880138,39.998725],[121.880951,40.007961],[121.874766,40.016303],[121.864757,40.019436],[121.837901,40.020453],[121.826915,40.022528],[121.880461,40.041499],[121.929468,40.077286],[121.933116,40.101386],[121.995668,40.123895],[122.006358,40.156317],[121.991466,40.186998],[122.015961,40.188137],[122.038585,40.196357],[122.058849,40.209215],[122.091646,40.227207],[122.102306,40.248725],[122.107514,40.262152],[122.109386,40.275458],[122.108165,40.283881],[122.108653,40.291815],[122.106116,40.310123],[122.128687,40.325917],[122.180328,40.35242],[122.211029,40.380601],[122.203624,40.427232],[122.241954,40.427232],[122.250092,40.430609],[122.250987,40.438422],[122.249766,40.447333],[122.251475,40.453925],[122.265636,40.461371],[122.279552,40.465725],[122.288097,40.472846],[122.286876,40.488715],[122.30185,40.502346],[122.293956,40.523017],[122.275645,40.543647],[122.224864,40.578518],[122.176497,40.586583],[122.150434,40.603864],[122.137586,40.62402],[122.167979,40.65351],[122.170665,40.68651],[122.159434,40.701606],[122.136974,40.685126],[122.121837,40.680121],[122.108653,40.69953],[122.067149,40.735053],[122.049083,40.74608],[121.897185,40.807837],[121.872005,40.815057],[121.851085,40.832261],[121.843761,40.859687],[121.840587,40.913804],[121.836192,40.919745],[121.82838,40.933905],[121.825938,40.948188],[121.837494,40.954779],[121.848888,40.958441],[121.858897,40.967475],[121.874766,40.989569],[121.867931,40.995795],[121.82602,40.974026],[121.807384,40.960028],[121.777709,40.934972],[121.780056,40.90791],[121.769202,40.888949],[121.75839,40.871992],[121.739552,40.849079],[121.694423,40.848363],[121.594962,40.845924],[121.575043,40.841498],[121.567638,40.845526],[121.528888,40.867267],[121.510428,40.879357],[121.479997,40.884489],[121.450206,40.885932],[121.440929,40.891343],[121.43686,40.899075],[121.434581,40.907213],[121.429779,40.913804],[121.418468,40.918891],[121.394542,40.924221],[121.384776,40.930609],[121.361339,40.939643],[121.33725,40.928168],[121.315522,40.910142],[121.299327,40.899604],[121.285655,40.899237],[121.273936,40.903022],[121.264903,40.910386],[121.258393,40.92064],[121.244721,40.906399],[121.224946,40.927069],[121.200287,40.930732],[121.175792,40.922309],[121.155365,40.906399],[121.142426,40.900702],[121.130626,40.893297],[121.119965,40.884914],[121.111095,40.876044],[121.106049,40.873236],[121.083588,40.865424],[121.079926,40.862982],[121.080089,40.857082],[121.081147,40.850246],[121.08017,40.844916],[121.080273,40.828395],[121.065721,40.818396],[121.068351,40.803389],[121.04985,40.797401],[121.041924,40.814401],[121.029633,40.826483],[121.004975,40.833075],[120.990977,40.831285],[120.981944,40.826809],[120.97047,40.817939],[120.963227,40.806586],[120.967052,40.794013],[120.968516,40.783596],[120.957856,40.774726],[120.943858,40.765855],[120.93629,40.755561],[120.939545,40.740546],[120.956036,40.737331],[120.975847,40.739341],[120.994395,40.736274],[121.010265,40.730862],[121.020738,40.71933],[120.995649,40.715319],[120.962637,40.70929],[120.940195,40.691246],[120.92303,40.689223],[120.895305,40.685181],[120.884776,40.680487],[120.867686,40.678656],[120.847764,40.683097],[120.825321,40.674033],[120.819591,40.656928],[120.816417,40.640041],[120.808604,40.618354],[120.798432,40.599677],[120.788585,40.591742],[120.77003,40.585761],[120.700113,40.537244],[120.678788,40.521916],[120.669619,40.502841],[120.665703,40.4908],[120.659114,40.483761],[120.633311,40.475165],[120.620942,40.474433],[120.604096,40.465155],[120.597016,40.450019],[120.598481,40.43183],[120.597376,40.422423],[120.584076,40.413723],[120.562104,40.411322],[120.545665,40.402411],[120.539073,40.38288],[120.547526,40.376159],[120.567316,40.380237],[120.588396,40.38432],[120.591153,40.367298],[120.564868,40.354182],[120.534584,40.344059],[120.501758,40.32691],[120.500987,40.307847],[120.501313,40.291897],[120.506602,40.273342],[120.504893,40.249091],[120.492524,40.231269],[120.472016,40.214301],[120.450694,40.201077],[120.436046,40.194485],[120.394352,40.194312],[120.358002,40.191799],[120.333588,40.186998],[120.309027,40.179668],[120.289474,40.163484],[120.261322,40.146715],[120.246357,40.144123],[120.225469,40.134947],[120.19394,40.126654],[120.188975,40.126166],[120.183197,40.123236],[120.154964,40.111355],[120.118429,40.100035],[119.950277,40.056502],[119.91531,40.036153],[119.911798,40.011106],[119.911998,39.998088],[119.875501,39.994739],[119.85019,39.986314],[119.811046,39.973049],[119.792491,39.963446],[119.774425,39.950507],[119.749649,39.952397],[119.708217,39.934935],[119.660899,39.932685],[119.620616,39.911038],[119.603038,39.90644],[119.571864,39.904296],[119.5537,39.899063],[119.535592,39.890826],[119.524913,39.871731],[119.519867,39.858303],[119.524899,39.841649],[119.530699,39.814702],[119.495524,39.813236],[119.466795,39.814848],[119.429406,39.795306],[119.411538,39.778029],[119.385869,39.75963],[119.367866,39.748348],[119.355805,39.735785],[119.349864,39.731757],[119.33961,39.715562],[119.314057,39.641181],[119.302338,39.617825],[119.284923,39.595445],[119.281016,39.596747],[119.267589,39.597968],[119.245372,39.594468],[119.223237,39.584662],[119.208588,39.569566],[119.208995,39.550198],[119.232677,39.56623],[119.243012,39.570705],[119.238048,39.56273],[119.234141,39.554389],[119.231212,39.545478],[119.22934,39.535956],[119.242686,39.545885],[119.262397,39.577512],[119.270142,39.580636],[119.281398,39.575014],[119.261981,39.535084],[119.256425,39.493111],[119.270763,39.489061],[119.297103,39.455217],[119.305075,39.432978],[119.296128,39.411639],[119.279429,39.384006],[119.25566,39.365522],[119.22585,39.357767],[119.203345,39.363438],[119.184804,39.354814],[119.129266,39.294074],[119.093767,39.260808],[119.062349,39.231466],[119.039317,39.212877],[119.015636,39.189765],[118.9935,39.179633],[118.940196,39.138861],[118.926036,39.130601],[118.910411,39.125434],[118.894298,39.124416],[118.894298,39.131822],[118.931895,39.152248],[118.941987,39.159125],[118.947602,39.168606],[118.950694,39.179023],[118.956309,39.188056],[118.969981,39.193305],[118.945567,39.192125],[118.90268,39.176663],[118.880626,39.172797],[118.885509,39.185248],[118.87143,39.2001],[118.87379,39.213813],[118.858979,39.207506],[118.840535,39.17563],[118.8162,39.163665],[118.795991,39.151777],[118.774694,39.14817],[118.727779,39.14725],[118.687204,39.153473],[118.649082,39.159732],[118.61936,39.161042],[118.590151,39.148312],[118.560493,39.147043],[118.52711,39.149237],[118.519379,39.13935],[118.529146,39.124653],[118.512146,39.11598],[118.487096,39.102018],[118.469106,39.097793],[118.409959,39.0629],[118.380115,39.050422],[118.360351,39.041948],[118.34427,39.030709],[118.326096,39.030932],[118.300126,39.040564],[118.267855,39.043004],[118.235285,39.053098],[118.207122,39.076706],[118.186804,39.11008],[118.170936,39.135251],[118.140528,39.172835],[118.096404,39.202392],[118.04538,39.218972],[118.02802,39.219798],[117.973725,39.216132],[117.931163,39.212104],[117.88559,39.201117],[117.811816,39.15137],[117.757335,39.114447],[117.737559,39.106391],[117.715424,39.111396],[117.718272,39.093004],[117.726649,39.088291],[117.737817,39.078387],[117.751478,39.067914],[117.757484,39.045086],[117.765772,39.026155],[117.773615,38.998904],[117.775264,38.981058],[117.743256,38.982245],[117.729503,38.984361],[117.701915,38.995307],[117.704356,38.986151],[117.705577,38.984361],[117.708751,38.981024],[117.583995,38.811591],[117.57838,38.79267],[117.576264,38.773749],[117.573222,38.713748],[117.558778,38.690941],[117.557246,38.672349],[117.560473,38.657097],[117.552953,38.643447],[117.543549,38.621324],[117.565971,38.612507],[117.580438,38.58481],[117.668045,38.446157],[117.716082,38.378511],[117.803894,38.294018],[117.837169,38.270901],[117.900157,38.246161],[117.941698,38.233946],[117.963346,38.210694],[117.977544,38.194837],[117.988995,38.198566],[118.007197,38.19701],[118.038225,38.180718],[118.053727,38.173253],[118.057785,38.161079],[118.052408,38.153659],[118.065214,38.143082],[118.081798,38.140692],[118.084809,38.138739],[118.095795,38.14232],[118.107677,38.148586],[118.119233,38.152289],[118.146088,38.142483],[118.215831,38.144965],[118.312022,38.127875],[118.424005,38.111569],[118.448928,38.107787],[118.472505,38.101881],[118.494151,38.093817],[118.512299,38.08808],[118.533946,38.072943],[118.542979,38.068345],[118.550629,38.070014],[118.556895,38.07392],[118.561534,38.076077],[118.573009,38.079901],[118.583507,38.089179],[118.599376,38.110826],[118.615777,38.12512],[118.654871,38.145695],[118.760353,38.155132],[118.805431,38.151801],[118.825066,38.151642],[118.840099,38.152574],[118.898245,38.123299],[118.950037,38.097262],[118.924815,38.057766],[118.941987,38.049384],[118.956147,38.033596],[118.973399,37.996487],[118.996593,37.963121],[119.048405,37.947978],[119.092493,37.912773],[119.116942,37.853271],[119.155697,37.823964],[119.206836,37.802839],[119.243083,37.769482],[119.259597,37.715847],[119.255664,37.671867],[119.217736,37.675248],[119.189313,37.700735],[119.120141,37.737508],[119.069472,37.740631],[119.037128,37.722089],[119.027527,37.703943],[119.025401,37.689923],[119.010753,37.653754],[118.992442,37.633368],[118.976654,37.610907],[118.969981,37.593451],[118.967784,37.573228],[118.957856,37.531399],[118.944591,37.378119],[118.949474,37.336168],[118.961192,37.29564],[118.972423,37.280666],[118.990489,37.274726],[119.01474,37.269843],[119.030121,37.257799],[119.042735,37.242377],[119.058604,37.227607],[119.115001,37.201117],[119.145518,37.17886],[119.28712,37.137274],[119.441173,37.120551],[119.475108,37.133287],[119.524506,37.139065],[119.538585,37.1376],[119.563487,37.141791],[119.660737,37.1376],[119.716807,37.141588],[119.7706,37.151842],[119.778901,37.16706],[119.79184,37.180569],[119.877452,37.233832],[119.897309,37.249416],[119.886729,37.284654],[119.863536,37.321926],[119.846283,37.343695],[119.858897,37.360175],[119.882335,37.370754],[119.928966,37.384589],[119.988292,37.413275],[119.997813,37.42182],[120.009044,37.422349],[120.059825,37.440416],[120.187592,37.511786],[120.297618,37.597886],[120.32252,37.632392],[120.306407,37.665188],[120.293793,37.670315],[120.278575,37.672431],[120.247569,37.672593],[120.235362,37.67475],[120.222911,37.679429],[120.215668,37.684068],[120.219981,37.686265],[120.31186,37.686265],[120.3685,37.694729],[120.385997,37.704535],[120.391368,37.706732],[120.410981,37.712104],[120.443126,37.738186],[120.46339,37.747748],[120.556163,37.761379],[120.564545,37.76435],[120.593598,37.781887],[120.635265,37.788723],[120.674327,37.801988],[120.704926,37.82095],[120.738048,37.83397],[120.784923,37.829657],[120.821625,37.817328],[120.836681,37.815985],[120.846446,37.818101],[120.865977,37.827541],[120.877696,37.829657],[120.899425,37.827053],[120.925792,37.819281],[120.940766,37.806464],[120.928803,37.788723],[120.940929,37.773993],[120.956879,37.760891],[120.975352,37.75137],[120.99464,37.747748],[121.005382,37.744289],[121.011485,37.735907],[121.016124,37.725735],[121.021983,37.716702],[121.032563,37.710395],[121.043549,37.710354],[121.054698,37.712714],[121.066661,37.713568],[121.113292,37.708238],[121.13795,37.701158],[121.148529,37.689399],[121.142426,37.676825],[121.132172,37.664496],[121.130138,37.651801],[121.148529,37.637885],[121.135509,37.626288],[121.134369,37.610541],[121.1421,37.594672],[121.155365,37.582587],[121.171641,37.577094],[121.191498,37.575181],[121.308116,37.581244],[121.344737,37.590806],[121.374522,37.610541],[121.360606,37.631334],[121.354015,37.637885],[121.372162,37.632717],[121.393565,37.622463],[121.414073,37.609687],[121.429779,37.596869],[121.398448,37.594875],[121.38144,37.582994],[121.381684,37.566107],[121.401703,37.549058],[121.424571,37.536322],[121.446788,37.519599],[121.463959,37.499457],[121.470714,37.476467],[121.476899,37.468004],[121.491466,37.462958],[121.522227,37.459703],[121.53712,37.456244],[121.549815,37.447821],[121.570323,37.428656],[121.591645,37.424465],[121.651622,37.437079],[121.676117,37.439195],[121.654877,37.457709],[121.634288,37.462388],[121.587413,37.453559],[121.592784,37.463853],[121.60255,37.471869],[121.613048,37.477281],[121.62143,37.48017],[121.63502,37.481269],[121.644786,37.478461],[121.652354,37.474677],[121.659434,37.472724],[121.732432,37.461737],[121.937836,37.46426],[121.957286,37.459703],[121.957286,37.453559],[121.949067,37.448391],[121.944591,37.440741],[121.944591,37.432522],[121.949799,37.425605],[121.957286,37.423814],[121.988048,37.425605],[121.997406,37.434068],[121.977794,37.471666],[121.981212,37.48017],[121.99464,37.486721],[122.016368,37.517564],[122.025645,37.528022],[122.043793,37.533922],[122.061534,37.537177],[122.071788,37.544501],[122.067149,37.56273],[122.073334,37.56273],[122.082042,37.552924],[122.095063,37.54914],[122.109467,37.552232],[122.121837,37.56273],[122.139496,37.550605],[122.151866,37.532864],[122.152599,37.514553],[122.135509,37.500678],[122.129893,37.483466],[122.141449,37.45661],[122.16212,37.433092],[122.183197,37.418158],[122.197765,37.432359],[122.209727,37.447333],[122.224213,37.457994],[122.245372,37.459703],[122.261811,37.450914],[122.278575,37.423896],[122.296479,37.418158],[122.457042,37.418158],[122.461518,37.419623],[122.466075,37.422675],[122.471202,37.42536],[122.478038,37.425605],[122.482188,37.422675],[122.484955,37.413804],[122.488048,37.411933],[122.570567,37.401557],[122.591645,37.404364],[122.600922,37.415025],[122.612397,37.418606],[122.66505,37.414049],[122.680431,37.415025],[122.688243,37.409817],[122.688731,37.389716],[122.678966,37.374661],[122.656098,37.384589],[122.614594,37.370917],[122.585053,37.352688],[122.577403,37.34984],[122.570811,37.344794],[122.591156,37.314154],[122.594737,37.295233],[122.557628,37.319078],[122.549653,37.31977],[122.549083,37.310858],[122.560069,37.274726],[122.566661,37.266343],[122.589854,37.243354],[122.594737,37.236884],[122.59669,37.220893],[122.602875,37.209906],[122.613536,37.20307],[122.628917,37.199652],[122.628917,37.192816],[122.585216,37.188707],[122.574311,37.18537],[122.563243,37.173163],[122.568858,37.165676],[122.577159,37.157782],[122.574311,37.144436],[122.543468,37.156643],[122.51002,37.155219],[122.482677,37.13996],[122.470714,37.110297],[122.464447,37.110297],[122.465831,37.145168],[122.464447,37.151842],[122.453949,37.154283],[122.447602,37.147447],[122.444347,37.136542],[122.441742,37.117092],[122.43629,37.099189],[122.436371,37.089789],[122.440522,37.084906],[122.44752,37.082261],[122.454112,37.07746],[122.457042,37.065904],[122.448497,37.057196],[122.411225,37.036526],[122.402354,37.02147],[122.40919,37.006293],[122.424327,37.003648],[122.437022,37.011623],[122.436371,37.027737],[122.461192,37.030829],[122.513031,37.020494],[122.54005,37.027737],[122.525401,36.944485],[122.532725,36.92593],[122.526459,36.914252],[122.517345,36.903144],[122.507416,36.898017],[122.498546,36.904202],[122.500092,36.915595],[122.509044,36.926256],[122.512706,36.934638],[122.498546,36.93891],[122.493907,36.932603],[122.477306,36.925971],[122.456635,36.92064],[122.439952,36.918443],[122.430512,36.920111],[122.420909,36.923082],[122.412201,36.92475],[122.405772,36.922187],[122.402192,36.914496],[122.403412,36.906643],[122.407481,36.900458],[122.412608,36.898017],[122.421397,36.895168],[122.429454,36.888129],[122.435151,36.879218],[122.436371,36.870673],[122.431,36.864651],[122.420665,36.860785],[122.402354,36.857001],[122.397227,36.85692],[122.393321,36.859117],[122.389903,36.861965],[122.38559,36.863227],[122.379731,36.861396],[122.377778,36.857123],[122.377208,36.852484],[122.375743,36.849555],[122.371186,36.845649],[122.361095,36.833441],[122.355235,36.829088],[122.319835,36.822943],[122.200287,36.84276],[122.185313,36.849921],[122.180675,36.8664],[122.184825,36.884955],[122.196869,36.898017],[122.26588,36.898017],[122.25294,36.905951],[122.211192,36.918443],[122.174653,36.941107],[122.16269,36.945787],[122.178559,36.986274],[122.179698,37.005805],[122.166108,37.014106],[122.149994,37.005316],[122.14796,36.985012],[122.149181,36.962144],[122.142914,36.945787],[122.128429,36.945624],[122.110118,36.95189],[122.09433,36.950914],[122.087657,36.929023],[122.080903,36.916571],[122.065196,36.906724],[122.046886,36.900336],[122.033051,36.898017],[122.035411,36.916815],[122.03476,36.94184],[122.037608,36.96369],[122.049815,36.97309],[122.053803,36.975246],[122.049164,36.979926],[122.039643,36.984605],[122.029307,36.986762],[122.004161,36.986029],[121.961436,36.992865],[121.92628,36.993598],[121.914887,36.985826],[121.92335,36.968492],[121.949799,36.93891],[121.915131,36.920233],[121.785981,36.891181],[121.776866,36.886461],[121.75587,36.872301],[121.751801,36.866929],[121.750011,36.857408],[121.744884,36.847235],[121.737153,36.839179],[121.728038,36.835924],[121.708507,36.832831],[121.671479,36.819281],[121.649425,36.816067],[121.649425,36.822252],[121.674083,36.833238],[121.684174,36.835924],[121.684174,36.84276],[121.658214,36.840155],[121.637462,36.831366],[121.624522,36.814765],[121.62143,36.788764],[121.632091,36.761217],[121.634288,36.746568],[121.625255,36.740383],[121.612559,36.742987],[121.603526,36.749661],[121.597667,36.75849],[121.594249,36.767646],[121.583018,36.762844],[121.573009,36.763617],[121.560069,36.767646],[121.550385,36.76435],[121.53712,36.755764],[121.52589,36.753974],[121.50351,36.760443],[121.49643,36.774482],[121.503184,36.788642],[121.522227,36.794989],[121.53712,36.79564],[121.547374,36.798163],[121.555186,36.803412],[121.563243,36.812323],[121.573009,36.819648],[121.595225,36.826321],[121.604747,36.832506],[121.607188,36.844957],[121.588145,36.846177],[121.562836,36.841376],[121.546479,36.835924],[121.538097,36.828843],[121.530528,36.819892],[121.522227,36.812161],[121.511567,36.80858],[121.498139,36.810858],[121.494233,36.816881],[121.492279,36.82392],[121.484386,36.829088],[121.459483,36.828681],[121.452973,36.816392],[121.458018,36.801947],[121.467296,36.794989],[121.470714,36.789618],[121.466156,36.777574],[121.45338,36.757392],[121.444835,36.753485],[121.432465,36.752753],[121.408946,36.753974],[121.390147,36.746812],[121.377778,36.731513],[121.379405,36.716986],[121.401703,36.712388],[121.385265,36.706488],[121.368419,36.706773],[121.333507,36.712388],[121.31422,36.711819],[121.157725,36.668606],[121.128022,36.650946],[121.089692,36.6164],[121.08017,36.610012],[121.062755,36.610053],[121.042491,36.627672],[121.032481,36.624254],[121.030772,36.617092],[121.034028,36.596829],[121.032481,36.589504],[121.023529,36.58393],[121.014659,36.58454],[121.006114,36.587633],[120.998383,36.589504],[120.944672,36.591213],[120.928803,36.59634],[120.936534,36.611965],[120.93336,36.620266],[120.92213,36.623684],[120.905528,36.624254],[120.89267,36.628485],[120.864757,36.646715],[120.850597,36.650946],[120.824067,36.643988],[120.770844,36.617174],[120.75058,36.616848],[120.747325,36.608222],[120.746918,36.603176],[120.750011,36.59984],[120.757579,36.59634],[120.747325,36.577297],[120.742279,36.555854],[120.750255,36.540758],[120.778656,36.541083],[120.793793,36.550971],[120.813569,36.583686],[120.826427,36.59634],[120.850352,36.60456],[120.864594,36.597724],[120.894786,36.561591],[120.905284,36.557074],[120.914073,36.557034],[120.920258,36.55329],[120.922618,36.537665],[120.927501,36.532904],[120.938487,36.534369],[120.950206,36.540025],[120.956798,36.547919],[120.963634,36.547919],[120.961436,36.53144],[120.951915,36.519924],[120.941173,36.509711],[120.93629,36.497016],[120.937836,36.487698],[120.949962,36.459174],[120.934337,36.456773],[120.919526,36.456488],[120.906261,36.452379],[120.894786,36.438666],[120.900971,36.42768],[120.901378,36.419013],[120.898285,36.411607],[120.890391,36.397935],[120.88266,36.388739],[120.874278,36.380601],[120.867442,36.377183],[120.849701,36.386135],[120.844005,36.422675],[120.826427,36.432522],[120.832042,36.455268],[120.806895,36.463935],[120.772472,36.463528],[120.75058,36.459174],[120.747813,36.455634],[120.740489,36.442816],[120.737071,36.438666],[120.7317,36.436225],[120.719005,36.432359],[120.714122,36.428697],[120.686534,36.387152],[120.690684,36.370836],[120.709565,36.349351],[120.722179,36.330552],[120.707286,36.322659],[120.693696,36.324897],[120.669037,36.334621],[120.661957,36.33633],[120.647716,36.330878],[120.643647,36.322496],[120.648692,36.312405],[120.661957,36.3015],[120.654552,36.288275],[120.660248,36.27733],[120.670421,36.265815],[120.675629,36.250637],[120.687511,36.187893],[120.69337,36.174872],[120.704845,36.156236],[120.696788,36.143988],[120.627778,36.116523],[120.623871,36.117662],[120.620616,36.121283],[120.61671,36.123358],[120.593598,36.109768],[120.565196,36.11579],[120.551606,36.113715],[120.545909,36.099758],[120.536225,36.091457],[120.514171,36.088568],[120.473643,36.08926],[120.461925,36.085761],[120.435639,36.068508],[120.421723,36.061957],[120.369477,36.048774],[120.353526,36.040839],[120.339366,36.049954],[120.324718,36.057196],[120.309093,36.06151],[120.292003,36.061957],[120.292003,36.068101],[120.308442,36.079535],[120.312266,36.091295],[120.313487,36.104478],[120.322765,36.11994],[120.334972,36.136135],[120.361583,36.191636],[120.348481,36.213365],[120.339203,36.222602],[120.322765,36.226386],[120.311778,36.265855],[120.306407,36.274237],[120.286469,36.263821],[120.273529,36.23428],[120.275157,36.204088],[120.298839,36.191636],[120.284516,36.175971],[120.264252,36.180854],[120.243988,36.191107],[120.229991,36.191636],[120.226085,36.194078],[120.223888,36.196519],[120.221283,36.198391],[120.216319,36.199123],[120.219086,36.22191],[120.186778,36.219062],[120.144542,36.208889],[120.117279,36.209662],[120.112397,36.217475],[120.11142,36.222724],[120.108165,36.225531],[120.097179,36.226386],[120.092865,36.223212],[120.087901,36.216213],[120.085948,36.209133],[120.090343,36.205959],[120.105317,36.200873],[120.109223,36.188788],[120.105235,36.174221],[120.089366,36.147691],[120.086436,36.130032],[120.089692,36.111721],[120.10019,36.096096],[120.116791,36.087592],[120.135753,36.083401],[120.154063,36.077053],[120.168468,36.061957],[120.171886,36.046129],[120.170746,36.008694],[120.175304,35.993638],[120.186046,35.984524],[120.197765,35.985297],[120.229991,35.999905],[120.229503,35.972805],[120.242768,35.973578],[120.274913,35.993638],[120.280772,35.998236],[120.281993,36.006659],[120.284923,36.010932],[120.295421,36.003323],[120.303071,35.994045],[120.305268,35.987006],[120.303477,35.980536],[120.298839,35.973131],[120.284434,35.962592],[120.244395,35.95307],[120.226817,35.94184],[120.185151,35.903754],[120.175304,35.890041],[120.170502,35.907457],[120.179454,35.920071],[120.189708,35.931545],[120.188975,35.945258],[120.168468,35.938422],[120.162852,35.933295],[120.145518,35.913804],[120.141856,35.907945],[120.135753,35.90412],[120.107188,35.903998],[120.097179,35.900824],[120.052257,35.862616],[120.038829,35.842841],[120.019786,35.759752],[120.00294,35.727769],[119.969981,35.732367],[119.949718,35.753811],[119.937755,35.761135],[119.925548,35.756822],[119.908214,35.744859],[119.900157,35.736274],[119.931244,35.710842],[119.935639,35.705024],[119.930756,35.69953],[119.908295,35.680894],[119.901622,35.671536],[119.900483,35.660549],[119.902924,35.652411],[119.906749,35.644477],[119.908458,35.633979],[119.904552,35.624579],[119.8956,35.620307],[119.885265,35.617621],[119.877452,35.613186],[119.860199,35.606106],[119.843272,35.61579],[119.834076,35.635321],[119.840099,35.657904],[119.811615,35.647895],[119.771007,35.593329],[119.743907,35.575914],[119.748057,35.599799],[119.748383,35.60932],[119.743907,35.616889],[119.732514,35.620836],[119.718761,35.619534],[119.707123,35.614163],[119.702403,35.606024],[119.696788,35.599433],[119.683849,35.59398],[119.668956,35.590318],[119.657725,35.588935],[119.64796,35.58393],[119.641368,35.572008],[119.634125,35.548041],[119.604096,35.488023],[119.599864,35.469184],[119.595958,35.461982],[119.569591,35.43476],[119.564545,35.424709],[119.562266,35.400621],[119.55893,35.390326],[119.551524,35.380032],[119.522309,35.352729],[119.51352,35.339301],[119.50766,35.332343],[119.469574,35.321479],[119.435802,35.322577],[119.428722,35.321479],[119.42392,35.313463],[119.421886,35.300523],[119.421886,35.277411],[119.418712,35.271308],[119.404552,35.25373],[119.387706,35.20539],[119.370616,35.117418],[119.358002,35.097113],[119.336192,35.08869],[119.314301,35.086249],[119.280284,35.076606],[119.250499,35.068183],[119.229096,35.066107],[119.221202,35.064032],[119.212657,35.05801],[119.207286,35.048407],[119.203949,35.02497],[119.199311,35.016669],[119.192882,35.000434],[119.192882,34.974026],[119.197032,34.947699],[119.20338,34.931627],[119.188698,34.856274],[119.193126,34.809882],[119.201915,34.78498],[119.189057,34.766547],[119.195323,34.759711],[119.190278,34.749254],[119.188731,34.733059],[119.192231,34.718207],[119.20338,34.7119],[119.209809,34.718573],[119.220958,34.749416],[119.22934,34.759711],[119.241791,34.761664],[119.291352,34.753485],[119.311778,34.755072],[119.324962,34.759996],[119.335053,34.7685],[119.34669,34.780829],[119.358002,34.774604],[119.37558,34.759345],[119.387706,34.753485],[119.401459,34.751125],[119.428233,34.749945],[119.442231,34.746039],[119.463227,34.732367],[119.474213,34.715277],[119.472748,34.698147],[119.456554,34.684556],[119.531749,34.615709],[119.588715,34.582221],[119.599864,34.568549],[119.609223,34.56273],[119.640961,34.550523],[119.640961,34.545722],[119.641449,34.540839],[119.643403,34.536566],[119.647716,34.53384],[119.658458,34.531562],[119.685313,34.53384],[119.705333,34.531155],[119.728852,34.524115],[119.751231,34.514228],[119.795258,34.481676],[119.826182,34.470404],[119.862071,34.465806],[119.90504,34.464911],[119.939952,34.457913],[119.982921,34.440741],[120.02296,34.419379],[120.078705,34.377509],[120.118175,34.359605],[120.239757,34.323676],[120.257091,34.311835],[120.264008,34.290758],[120.266694,34.266303],[120.274181,34.244534],[120.298839,34.20425],[120.309374,34.174071],[120.317212,34.152123],[120.324966,34.136451],[120.325224,34.111298],[120.348237,34.07685],[120.353526,34.060777],[120.35849,34.053453],[120.365326,34.04564],[120.371349,34.036038],[120.38502,33.970404],[120.40797,33.916815],[120.413341,33.897366],[120.412608,33.887519],[120.398448,33.878974],[120.399669,33.86933],[120.407074,33.859768],[120.418956,33.855373],[120.431407,33.846015],[120.44337,33.824693],[120.450938,33.8015],[120.449718,33.786444],[120.464122,33.77497],[120.482432,33.765123],[120.498302,33.753323],[120.504893,33.735582],[120.50587,33.69717],[120.511729,33.656724],[120.502696,33.661566],[120.495128,33.662177],[120.489024,33.658393],[120.483735,33.64997],[120.525971,33.610663],[120.539073,33.594672],[120.563243,33.548],[120.573253,33.533271],[120.627778,33.478013],[120.634369,33.466946],[120.65211,33.428127],[120.655772,33.413153],[120.661957,33.338039],[120.667247,33.3251],[120.680024,33.30801],[120.695079,33.293158],[120.707286,33.286811],[120.72047,33.28498],[120.737885,33.279283],[120.750255,33.269599],[120.747569,33.255805],[120.742686,33.252672],[120.737071,33.250922],[120.732188,33.248236],[120.730235,33.242133],[120.732514,33.237128],[120.742524,33.227769],[120.744395,33.224107],[120.7435,33.208645],[120.740082,33.205512],[120.730235,33.204901],[120.785248,33.165025],[120.806977,33.137763],[120.792247,33.10871],[120.812511,33.10578],[120.81894,33.09219],[120.819591,33.054104],[120.825938,33.030178],[120.833751,33.025621],[120.846446,33.029853],[120.867442,33.032375],[120.890147,33.026109],[120.895763,33.013577],[120.88852,32.977729],[120.888682,32.962714],[120.907807,32.843899],[120.904796,32.812649],[120.880308,32.772032],[120.852387,32.756008],[120.86142,32.719672],[120.860444,32.689765],[120.85019,32.696601],[120.84311,32.703925],[120.841401,32.711086],[120.846934,32.717678],[120.840099,32.724514],[120.83017,32.709418],[120.830333,32.697659],[120.863868,32.671058],[120.906614,32.65971],[120.911199,32.630121],[120.943887,32.605224],[120.975021,32.595115],[121.020706,32.568522],[121.042782,32.557542],[121.066254,32.544013],[121.086192,32.536038],[121.098725,32.521145],[121.100841,32.497952],[121.107677,32.497952],[121.120209,32.507392],[121.157256,32.495596],[121.1738,32.487625],[121.191507,32.478653],[121.215104,32.472664],[121.27171,32.447734],[121.35414,32.414823],[121.389409,32.384948],[121.401117,32.352132],[121.416026,32.268948],[121.417735,32.255276],[121.419281,32.250312],[121.415782,32.248603],[121.401703,32.244696],[121.377208,32.241645],[121.36671,32.238959],[121.36085,32.231635],[121.368012,32.227362],[121.398692,32.168931],[121.425141,32.164049],[121.431163,32.151353],[121.43214,32.133857],[121.44337,32.114325],[121.449474,32.112738],[121.456147,32.115546],[121.462413,32.119696],[121.467296,32.121772],[121.472992,32.119615],[121.481944,32.110256],[121.488048,32.10814],[121.496593,32.110256],[121.530812,32.108519],[121.554238,32.102498],[121.594249,32.087063],[121.655365,32.062934],[121.683116,32.042629],[121.717784,32.02558],[121.727306,32.016588],[121.764366,31.995287],[121.798644,31.970475],[121.821945,31.952486],[121.825206,31.92772],[121.847833,31.904607],[121.87496,31.863723],[121.874687,31.825903],[121.901776,31.786487],[121.922057,31.754378],[121.930383,31.726714],[121.914842,31.706434],[121.871998,31.690682],[121.817306,31.690949],[121.749045,31.711634],[121.70291,31.720555],[121.675554,31.723573],[121.65506,31.73238],[121.607194,31.748551],[121.574311,31.76553],[121.551606,31.773749],[121.529063,31.779202],[121.517426,31.783433],[121.507904,31.792873],[121.500499,31.802191],[121.494884,31.806464],[121.480235,31.810981],[121.416026,31.840644],[121.317397,31.883248],[121.286418,31.890589],[121.227864,31.865904],[121.185151,31.836737],[121.115087,31.796334],[121.086624,31.801836],[121.062413,31.813501],[121.039935,31.819332],[121.005365,31.820779],[120.977817,31.814365],[120.950628,31.825236],[120.940564,31.844647],[120.943126,31.867906],[120.943126,31.875312],[120.944835,31.884589],[120.941417,31.892524],[120.925792,31.895901],[120.919281,31.899359],[120.910899,31.91767],[120.905528,31.925971],[120.846934,31.991441],[120.810802,32.02261],[120.743644,32.036045],[120.634376,32.07701],[120.565488,32.076713],[120.522361,32.082601],[120.490758,32.082453],[120.427821,32.05293],[120.361583,32.02558],[120.300304,31.971666],[120.2671,31.948676],[120.223725,31.936835],[120.175873,31.936672],[120.131358,31.943183],[120.090099,31.955024],[120.052338,31.970933],[120.02003,31.99079],[119.992035,32.015855],[119.921397,32.108547],[119.912201,32.123725],[119.908458,32.138861],[119.910981,32.158149],[119.921153,32.196479],[119.92213,32.217434],[119.900483,32.198188],[119.887543,32.213853],[119.874278,32.265123],[119.862153,32.281155],[119.842133,32.299058],[119.81837,32.313707],[119.795177,32.31977],[119.781993,32.321234],[119.758067,32.326972],[119.743907,32.327216],[119.692393,32.31977],[119.67685,32.328437],[119.660899,32.345771],[119.64088,32.358832],[119.612885,32.35456],[119.649018,32.336086],[119.660737,32.327216],[119.678559,32.30622],[119.685395,32.292426],[119.678477,32.286282],[119.676036,32.278062],[119.654552,32.234768],[119.649018,32.21955],[119.635753,32.211005],[119.619884,32.204901],[119.606049,32.196926],[119.627696,32.189399],[119.645274,32.195217],[119.65976,32.207913],[119.671641,32.220771],[119.69044,32.235338],[119.701427,32.233466],[119.712169,32.222602],[119.730235,32.210598],[119.755138,32.205878],[119.778575,32.204657],[119.788585,32.198635],[119.763764,32.162502],[119.764415,32.143744],[119.772472,32.126776],[119.784923,32.114325],[119.855561,32.086982],[119.866954,32.077094],[119.907163,32.045385],[119.938502,32.018043],[119.961222,31.990616],[119.97868,31.968957],[120.006396,31.950305],[120.038829,31.943061],[120.130951,31.912299],[120.178315,31.904202],[120.229991,31.908881],[120.341171,31.956321],[120.418224,31.969672],[120.432221,31.975165],[120.455781,31.982519],[120.454157,32.003186],[120.455412,32.021428],[120.469493,32.025133],[120.517833,32.018744],[120.604259,31.991441],[120.670014,31.998847],[120.689952,31.998236],[120.750354,31.978336],[120.779818,31.915883],[120.807447,31.87377],[120.824799,31.828702],[120.807752,31.809741],[120.751475,31.824693],[120.738536,31.836819],[120.727631,31.850653],[120.717133,31.86107],[120.720795,31.831936],[120.731456,31.81387],[120.748383,31.802232],[120.831899,31.777766],[120.895363,31.76332],[120.948497,31.75788],[120.980724,31.751207],[121.013764,31.743034],[121.067026,31.724086],[121.144402,31.684658],[121.211681,31.627631],[121.244721,31.600409],[121.320323,31.504828],[121.340912,31.490953],[121.36085,31.477484],[121.417735,31.452786],[121.448009,31.4265],[121.546235,31.366116],[121.631602,31.335761],[121.669932,31.313056],[121.725164,31.281567],[121.777502,31.214394],[121.877025,31.099136],[121.95082,30.982081],[121.977383,30.914923],[121.960075,30.874257],[121.907399,30.857086],[121.810809,30.853231],[121.732835,30.846317],[121.631132,30.836556],[121.542937,30.816495],[121.492037,30.797734],[121.456406,30.783278],[121.410598,30.767388],[121.350597,30.713446],[121.333507,30.70307],[121.264659,30.689195],[121.221934,30.674994],[121.202891,30.665107],[121.177745,30.645657],[121.158946,30.636705],[121.148529,30.627834],[121.141612,30.617743],[121.136567,30.60814],[121.13087,30.599758],[121.121349,30.593004],[121.102387,30.589057],[121.0474,30.582757],[121.020226,30.571071],[120.998146,30.557924],[120.977759,30.543318],[120.948891,30.506815],[120.931651,30.473049],[120.928803,30.45307],[120.932384,30.439399],[120.938487,30.430732],[120.939545,30.421942],[120.928803,30.408108],[120.921641,30.405219],[120.901703,30.403551],[120.894786,30.401272],[120.904552,30.388617],[120.909028,30.384426],[120.915131,30.380764],[120.915131,30.374579],[120.900727,30.373603],[120.888194,30.368557],[120.85058,30.330218],[120.831791,30.30525],[120.810732,30.296568],[120.787433,30.293625],[120.769619,30.306028],[120.753989,30.327062],[120.744963,30.359614],[120.727119,30.375846],[120.698148,30.393951],[120.667002,30.4015],[120.619193,30.406096],[120.479145,30.403524],[120.430315,30.38984],[120.416025,30.36771],[120.407232,30.354236],[120.397482,30.32158],[120.388832,30.290845],[120.378967,30.273524],[120.364555,30.268637],[120.342276,30.274246],[120.316254,30.29092],[120.285167,30.298814],[120.257904,30.298082],[120.239778,30.28888],[120.195767,30.232888],[120.147094,30.198891],[120.178966,30.20067],[120.199962,30.217841],[120.230243,30.236035],[120.250011,30.270087],[120.274387,30.277618],[120.295523,30.278726],[120.314569,30.263511],[120.331368,30.249238],[120.350338,30.240734],[120.368121,30.240851],[120.38472,30.249588],[120.39503,30.264716],[120.404633,30.279934],[120.420956,30.30542],[120.450494,30.36886],[120.477133,30.374754],[120.524908,30.377873],[120.621606,30.372563],[120.651671,30.35927],[120.657347,30.336294],[120.684941,30.271781],[120.698686,30.251796],[120.725518,30.242636],[120.734401,30.232213],[120.691352,30.197451],[120.665956,30.166242],[120.643813,30.145873],[120.63011,30.134972],[120.631789,30.122388],[120.653323,30.102545],[120.682465,30.084906],[120.70102,30.080756],[120.723399,30.079739],[120.754975,30.086859],[120.764985,30.086615],[120.771983,30.083197],[120.784028,30.071682],[120.792247,30.066067],[120.783702,30.089301],[120.764659,30.096625],[120.714122,30.093329],[120.687999,30.097805],[120.664561,30.109605],[120.646251,30.126939],[120.662852,30.141181],[120.701046,30.184552],[120.751425,30.225626],[120.813487,30.213253],[120.82862,30.18499],[120.853215,30.174436],[120.892812,30.169796],[120.923504,30.185866],[120.954194,30.191962],[120.960216,30.195787],[120.994395,30.211086],[121.109141,30.282782],[121.128779,30.301627],[121.149697,30.325753],[121.185389,30.337564],[121.254102,30.348393],[121.313218,30.338192],[121.377384,30.325064],[121.429592,30.292976],[121.506847,30.220026],[121.554596,30.160891],[121.587034,30.111512],[121.623322,30.059875],[121.643194,30.036493],[121.658306,30.018389],[121.677756,30.000641],[121.706763,29.985109],[121.732344,29.978603],[121.721934,29.960517],[121.732248,29.96206],[121.75011,29.972505],[121.767482,29.973177],[121.796641,29.963039],[121.81643,29.951481],[121.849814,29.94038],[121.873231,29.932337],[121.899253,29.923139],[121.914876,29.918696],[121.935557,29.887356],[121.949591,29.886934],[121.962413,29.888495],[121.9817,29.890286],[122.056244,29.887356],[122.067638,29.889553],[122.086681,29.899359],[122.105887,29.906953],[122.129143,29.903777],[122.136415,29.884535],[122.114755,29.871554],[122.068614,29.851549],[122.028168,29.836005],[121.983039,29.823176],[121.966047,29.811247],[121.936778,29.791693],[121.92441,29.773473],[121.902171,29.752539],[121.885325,29.761284],[121.873149,29.753828],[121.866107,29.736565],[121.862448,29.708002],[121.834598,29.687086],[121.776465,29.652625],[121.717727,29.588654],[121.704112,29.572008],[121.687348,29.562649],[121.667003,29.556586],[121.648204,29.556708],[121.635898,29.554351],[121.623871,29.554429],[121.609141,29.545722],[121.59254,29.543606],[121.574311,29.552151],[121.530822,29.510015],[121.52255,29.512922],[121.520119,29.528062],[121.516836,29.546091],[121.511043,29.548988],[121.499278,29.549262],[121.484386,29.544664],[121.475434,29.538764],[121.467865,29.531195],[121.458344,29.525214],[121.44337,29.524237],[121.44337,29.518012],[121.448253,29.514106],[121.457019,29.500871],[121.455324,29.489355],[121.44116,29.481526],[121.427836,29.467947],[121.442711,29.439767],[121.442593,29.415369],[121.465074,29.420886],[121.473461,29.448933],[121.479747,29.474758],[121.504893,29.483832],[121.500092,29.475898],[121.491791,29.455959],[121.513682,29.451972],[121.511729,29.437567],[121.497162,29.422187],[121.480968,29.414984],[121.477631,29.412746],[121.476654,29.407782],[121.478852,29.402899],[121.484864,29.39054],[121.497314,29.393353],[121.50893,29.398349],[121.51971,29.406975],[121.531325,29.417037],[121.537973,29.424224],[121.548796,29.438601],[121.553809,29.450117],[121.559656,29.463073],[121.569641,29.474574],[121.581256,29.478139],[121.601994,29.483113],[121.642672,29.495218],[121.675548,29.510484],[121.6743,29.520332],[121.681756,29.52391],[121.699799,29.534329],[121.710948,29.538642],[121.72462,29.538479],[121.725352,29.535468],[121.725352,29.529039],[121.726573,29.522284],[121.731293,29.518012],[121.737641,29.518988],[121.74586,29.523098],[121.763999,29.530761],[121.766461,29.520649],[121.757223,29.499049],[121.761289,29.486047],[121.764567,29.47665],[121.778381,29.469423],[121.790326,29.475795],[121.811988,29.490118],[121.821327,29.514599],[121.830577,29.528062],[121.847423,29.524237],[121.844819,29.5362],[121.836518,29.542385],[121.825531,29.546373],[121.813975,29.552151],[121.799815,29.5456],[121.782725,29.543443],[121.765717,29.545722],[121.758274,29.548099],[121.744965,29.544664],[121.748422,29.562567],[121.774322,29.575436],[121.79612,29.600591],[121.81837,29.606635],[121.834528,29.61557],[121.854015,29.615912],[121.867931,29.627265],[121.880138,29.623521],[121.899644,29.627527],[121.915782,29.640855],[121.927257,29.634467],[121.942638,29.611274],[121.953624,29.606147],[121.966319,29.602484],[121.971202,29.593329],[121.970958,29.568915],[121.963715,29.560207],[121.949718,29.556342],[121.941173,29.551174],[121.949799,29.538479],[121.92213,29.531155],[121.910411,29.524563],[121.912364,29.514309],[121.922211,29.509223],[121.935557,29.504381],[121.944102,29.497707],[121.939952,29.487006],[121.942719,29.479722],[121.970958,29.449123],[121.96933,29.439154],[121.963227,29.431952],[121.957774,29.423082],[121.957286,29.408149],[121.94752,29.421088],[121.93629,29.42772],[121.930056,29.425315],[121.922556,29.418146],[121.929102,29.408735],[121.921577,29.398634],[121.915729,29.390704],[121.921443,29.381303],[121.916348,29.363294],[121.916246,29.348937],[121.927013,29.338609],[121.929454,29.33926],[121.931488,29.331204],[121.931407,29.323879],[121.925059,29.319078],[121.908946,29.318793],[121.911632,29.315009],[121.915782,29.305121],[121.900483,29.298651],[121.905854,29.284613],[121.922211,29.270494],[121.939952,29.264146],[121.949555,29.267279],[121.962657,29.28144],[121.974376,29.284613],[121.975597,29.280951],[121.98585,29.263332],[121.991466,29.25731],[121.966563,29.255764],[121.953217,29.249661],[121.950694,29.237128],[121.957286,29.216376],[121.942963,29.223212],[121.939708,29.21011],[121.939952,29.204291],[121.942963,29.195868],[121.92213,29.195787],[121.893809,29.187079],[121.840587,29.161119],[121.812551,29.161485],[121.785347,29.168085],[121.788036,29.201943],[121.78977,29.215625],[121.794901,29.243705],[121.795869,29.266037],[121.801821,29.292668],[121.799653,29.305121],[121.808686,29.311754],[121.81837,29.31623],[121.828868,29.318549],[121.840587,29.318793],[121.830658,29.333889],[121.816987,29.33218],[121.804942,29.323717],[121.799653,29.318793],[121.788178,29.328559],[121.787934,29.342597],[121.799653,29.373969],[121.786632,29.374498],[121.77589,29.372626],[121.766856,29.367743],[121.758637,29.359768],[121.770844,29.337795],[121.777881,29.296384],[121.774314,29.253887],[121.758637,29.229397],[121.745697,29.201606],[121.73878,29.195868],[121.724328,29.182035],[121.70446,29.174182],[121.670597,29.175748],[121.652458,29.18302],[121.641938,29.202094],[121.639171,29.217271],[121.641612,29.267564],[121.645763,29.281195],[121.654552,29.299994],[121.640391,29.306627],[121.624848,29.301459],[121.628917,29.284613],[121.622895,29.264106],[121.632335,29.210639],[121.628917,29.188422],[121.614757,29.206],[121.606456,29.227362],[121.588715,29.29149],[121.583995,29.299872],[121.574311,29.305121],[121.56308,29.304185],[121.562022,29.295844],[121.567231,29.285305],[121.574311,29.277777],[121.562755,29.271877],[121.550548,29.27143],[121.52589,29.277777],[121.52589,29.270982],[121.536388,29.258287],[121.530528,29.238227],[121.516938,29.219062],[121.504893,29.20893],[121.504893,29.202094],[121.511729,29.189276],[121.50351,29.178941],[121.490977,29.175971],[121.484386,29.185289],[121.480235,29.197211],[121.471202,29.191352],[121.461518,29.176459],[121.456391,29.161119],[121.431407,29.172187],[121.41977,29.171454],[121.408539,29.161119],[121.44337,29.147406],[121.439301,29.145453],[121.438487,29.144843],[121.43808,29.143866],[121.436046,29.140611],[121.456391,29.140611],[121.456391,29.133775],[121.441498,29.13109],[121.428315,29.127143],[121.415375,29.119696],[121.401703,29.106513],[121.496837,29.104438],[121.528656,29.115058],[121.62143,29.113267],[121.624522,29.104397],[121.624604,29.088284],[121.62143,29.070868],[121.614757,29.058051],[121.599213,29.050238],[121.585053,29.053616],[121.571137,29.060858],[121.556407,29.064887],[121.536876,29.061184],[121.530284,29.051174],[121.532074,29.020494],[121.538097,29.018052],[121.548595,29.02143],[121.552745,29.028713],[121.539561,29.037584],[121.557384,29.049018],[121.617442,29.039984],[121.641938,29.051256],[121.681733,29.02676],[121.689789,29.017076],[121.675873,29.013251],[121.661713,29.002916],[121.653819,28.988593],[121.659434,28.972724],[121.663829,28.969916],[121.668956,28.96898],[121.680186,28.969306],[121.684662,28.967515],[121.684174,28.963446],[121.682872,28.958889],[121.684174,28.955634],[121.692149,28.953355],[121.709483,28.951158],[121.717784,28.948798],[121.69752,28.936835],[121.689464,28.927802],[121.684174,28.9147],[121.62851,28.931952],[121.605317,28.942572],[121.587413,28.963121],[121.585297,28.9383],[121.570811,28.93008],[121.554291,28.935696],[121.546479,28.952216],[121.53712,28.955024],[121.516856,28.956366],[121.497813,28.949652],[121.491791,28.928371],[121.504893,28.935207],[121.50766,28.924994],[121.511811,28.916938],[121.51767,28.912787],[121.52589,28.9147],[121.535167,28.903713],[121.549815,28.897854],[121.566173,28.893378],[121.580577,28.886786],[121.590343,28.891913],[121.601654,28.893622],[121.61085,28.891181],[121.616954,28.880276],[121.62672,28.880845],[121.628917,28.877143],[121.627778,28.870836],[121.622651,28.861274],[121.62143,28.85635],[121.623546,28.842271],[121.628266,28.841254],[121.63502,28.845201],[121.641938,28.845852],[121.656505,28.838039],[121.662364,28.833441],[121.669932,28.825344],[121.653819,28.811957],[121.646739,28.807685],[121.635753,28.804836],[121.635753,28.798041],[121.662608,28.798041],[121.662608,28.790595],[121.651134,28.787909],[121.642589,28.784003],[121.635509,28.77851],[121.628917,28.770697],[121.626231,28.768052],[121.622325,28.76553],[121.618256,28.761949],[121.614757,28.756415],[121.619721,28.748277],[121.622406,28.741889],[121.62143,28.735907],[121.605561,28.724677],[121.502778,28.700385],[121.351166,28.711859],[121.334239,28.717027],[121.32016,28.72484],[121.306163,28.735907],[121.298432,28.743638],[121.294932,28.748114],[121.290294,28.751614],[121.278901,28.756415],[121.268891,28.758287],[121.24643,28.760077],[121.237885,28.763861],[121.234711,28.769965],[121.227387,28.791409],[121.224376,28.798041],[121.214447,28.807318],[121.208018,28.809556],[121.20102,28.809516],[121.190033,28.811672],[121.173595,28.817857],[121.162852,28.825344],[121.157725,28.831488],[121.155772,28.837551],[121.15211,28.842515],[121.142345,28.845852],[121.142345,28.839586],[121.159679,28.813544],[121.171886,28.806952],[121.193451,28.804836],[121.206065,28.799058],[121.218272,28.785793],[121.227387,28.770738],[121.231212,28.760159],[121.240815,28.752753],[121.285899,28.738267],[121.299327,28.722886],[121.298676,28.701239],[121.286469,28.692694],[121.270356,28.687445],[121.258393,28.675116],[121.327647,28.692043],[121.365001,28.696031],[121.381358,28.681952],[121.413829,28.696601],[121.454845,28.689521],[121.490001,28.665717],[121.510128,28.657059],[121.525556,28.624655],[121.53037,28.599479],[121.538433,28.571446],[121.549439,28.55101],[121.57316,28.525134],[121.581619,28.50469],[121.550873,28.502143],[121.534923,28.503404],[121.521007,28.501044],[121.511567,28.489488],[121.521251,28.490709],[121.544926,28.492474],[121.584601,28.489102],[121.607743,28.477203],[121.600361,28.465425],[121.584439,28.454215],[121.583777,28.442946],[121.592874,28.431106],[121.607463,28.420319],[121.615888,28.397214],[121.632263,28.379446],[121.628525,28.363902],[121.631532,28.355843],[121.634044,28.347235],[121.64088,28.349677],[121.647716,28.348456],[121.656342,28.339301],[121.641694,28.321845],[121.621349,28.285102],[121.607921,28.270453],[121.585541,28.256822],[121.578136,28.260321],[121.580577,28.300849],[121.567489,28.304495],[121.541491,28.321787],[121.521961,28.326869],[121.499986,28.332673],[121.473086,28.330603],[121.456391,28.318834],[121.447765,28.315904],[121.441254,28.311713],[121.437266,28.305609],[121.436046,28.297105],[121.429779,28.297105],[121.420665,28.304185],[121.408946,28.304918],[121.398936,28.298489],[121.395518,28.284084],[121.401378,28.276109],[121.411469,28.273912],[121.418793,28.269721],[121.416026,28.256171],[121.408051,28.246283],[121.398936,28.243842],[121.388031,28.242662],[121.374522,28.236274],[121.364838,28.225816],[121.361095,28.214748],[121.358897,28.202216],[121.354015,28.187893],[121.368663,28.192043],[121.374522,28.195258],[121.37672,28.184149],[121.374034,28.172593],[121.368175,28.162014],[121.36085,28.153754],[121.35141,28.146552],[121.345795,28.145168],[121.340099,28.14643],[121.330089,28.147528],[121.326182,28.151801],[121.309337,28.174872],[121.297211,28.176459],[121.287852,28.180894],[121.275184,28.208199],[121.261695,28.225791],[121.225165,28.238863],[121.248871,28.270209],[121.236827,28.306098],[121.203136,28.331855],[121.210297,28.343736],[121.21754,28.352362],[121.230479,28.34809],[121.244151,28.349107],[121.256196,28.35517],[121.264659,28.366034],[121.230968,28.359076],[121.214122,28.360582],[121.184093,28.382148],[121.168956,28.384833],[121.161632,28.377509],[121.168956,28.359768],[121.144298,28.343573],[121.13025,28.305554],[121.088471,28.293199],[121.072113,28.291693],[121.066661,28.311428],[121.059093,28.311428],[121.034923,28.308173],[121.024994,28.304592],[121.039561,28.285346],[121.058116,28.279934],[121.078949,28.278144],[121.121803,28.284362],[121.130095,28.265929],[121.124753,28.23552],[121.119467,28.218936],[121.108943,28.19961],[121.100527,28.184894],[121.085836,28.166504],[121.053385,28.148163],[121.031376,28.126107],[121.009378,28.103133],[121.002017,28.085642],[121.000886,28.050636],[120.993512,28.025779],[120.980936,28.005537],[120.965228,27.987145],[120.921397,27.981676],[120.898448,27.992662],[120.879975,27.998725],[120.855805,27.996731],[120.819591,27.989244],[120.800792,27.993394],[120.781098,28.002387],[120.762706,28.014309],[120.747569,28.027086],[120.731049,28.035834],[120.70753,28.041205],[120.661957,28.044501],[120.620942,28.039944],[120.606049,28.042222],[120.59018,28.054389],[120.584972,28.095526],[120.576996,28.115627],[120.559581,28.112779],[120.574474,28.100002],[120.58017,28.089789],[120.580089,28.046129],[120.582042,28.034329],[120.588959,28.026679],[120.604259,28.023993],[120.658946,28.023993],[120.673595,28.021715],[120.707286,28.009711],[120.738536,27.9831],[120.75058,27.975572],[120.835297,27.955959],[120.84726,27.948961],[120.854259,27.934638],[120.863762,27.918106],[120.862612,27.902874],[120.868364,27.882559],[120.852272,27.858192],[120.827004,27.849049],[120.807486,27.834827],[120.796018,27.80537],[120.76963,27.772849],[120.74096,27.733203],[120.722614,27.71591],[120.704255,27.712839],[120.687266,27.726711],[120.65268,27.753241],[120.635265,27.763332],[120.636729,27.745836],[120.645274,27.73428],[120.672455,27.711493],[120.673595,27.70425],[120.680181,27.686379],[120.669861,27.677213],[120.667577,27.66806],[120.673106,27.659613],[120.675629,27.659654],[120.666484,27.625358],[120.63559,27.60871],[120.618331,27.593725],[120.606874,27.581488],[120.596574,27.570283],[120.605785,27.549959],[120.613849,27.529633],[120.618459,27.516421],[120.633387,27.507312],[120.65211,27.503363],[120.661957,27.503241],[120.67685,27.494615],[120.681977,27.481594],[120.678071,27.466457],[120.665619,27.451728],[120.656016,27.446275],[120.650483,27.446112],[120.646495,27.444485],[120.637706,27.424302],[120.636241,27.416002],[120.639415,27.408271],[120.648936,27.400214],[120.639415,27.384426],[120.635265,27.379706],[120.622569,27.380357],[120.559581,27.402086],[120.545909,27.403266],[120.544932,27.385199],[120.539643,27.36522],[120.527354,27.349799],[120.504893,27.344957],[120.504893,27.338772],[120.517182,27.337226],[120.53419,27.333197],[120.547455,27.327582],[120.549327,27.321031],[120.546153,27.315497],[120.545258,27.308498],[120.545909,27.294013],[120.543956,27.285956],[120.539399,27.281887],[120.534679,27.279608],[120.531586,27.276679],[120.525971,27.27265],[120.521495,27.268297],[120.517833,27.263007],[120.52003,27.261705],[120.522716,27.253811],[120.525971,27.238837],[120.521007,27.22956],[120.512055,27.223619],[120.508149,27.21601],[120.517833,27.201606],[120.499034,27.197211],[120.481456,27.186347],[120.468354,27.182196],[120.46339,27.197903],[120.459727,27.220445],[120.450287,27.223293],[120.437022,27.219468],[120.421723,27.222073],[120.418712,27.209662],[120.4192,27.206366],[120.420421,27.197903],[120.42921,27.173651],[120.406749,27.184231],[120.376231,27.236274],[120.34726,27.249416],[120.333263,27.247301],[120.317882,27.243232],[120.303071,27.242255],[120.292003,27.249416],[120.288097,27.264472],[120.295258,27.276272],[120.307628,27.284817],[120.319347,27.290351],[120.311127,27.293891],[120.310069,27.295315],[120.310313,27.294176],[120.306407,27.290351],[120.298839,27.297797],[120.305756,27.300605],[120.309093,27.303941],[120.31186,27.317694],[120.291515,27.308905],[120.285167,27.304023],[120.280772,27.311754],[120.276134,27.316718],[120.264008,27.324449],[120.265717,27.316352],[120.265961,27.311916],[120.2671,27.30858],[120.271495,27.304023],[120.258556,27.299994],[120.248302,27.303534],[120.237885,27.309149],[120.223725,27.311469],[120.227306,27.303941],[120.230724,27.298326],[120.235606,27.294013],[120.243663,27.290351],[120.243663,27.283515],[120.225678,27.268622],[120.219249,27.270941],[120.212983,27.283026],[120.195811,27.297797],[120.192149,27.287665],[120.193126,27.278062],[120.195567,27.269761],[120.195811,27.263007],[120.191417,27.256049],[120.175304,27.238837],[120.175548,27.228949],[120.177501,27.221503],[120.182384,27.216864],[120.192393,27.215277],[120.201915,27.217841],[120.205414,27.223863],[120.206635,27.230455],[120.209483,27.235093],[120.23935,27.251125],[120.256602,27.256903],[120.264008,27.252834],[120.27003,27.239447],[120.297618,27.226793],[120.306407,27.215277],[120.319102,27.225898],[120.333588,27.235093],[120.333588,27.228909],[120.339854,27.228909],[120.341319,27.233059],[120.342784,27.235826],[120.34726,27.24258],[120.364838,27.225084],[120.365489,27.209621],[120.34726,27.180487],[120.369884,27.187486],[120.386241,27.179511],[120.401866,27.165229],[120.421723,27.153144],[120.421723,27.146959],[120.406586,27.14643],[120.384613,27.149848],[120.373871,27.146959],[120.40797,27.139553],[120.40797,27.132717],[120.381358,27.12523],[120.373871,27.132717],[120.367035,27.12523],[120.381358,27.119045],[120.381358,27.11225],[120.373871,27.11225],[120.373871,27.106024],[120.39503,27.106024],[120.377533,27.098578],[120.357921,27.098375],[120.282725,27.112291],[120.274913,27.115627],[120.262055,27.12995],[120.255138,27.133043],[120.243663,27.132717],[120.247162,27.121649],[120.252452,27.113959],[120.258393,27.107082],[120.264008,27.098578],[120.278331,27.063788],[120.271495,27.057563],[120.257823,27.072659],[120.245209,27.065334],[120.232188,27.050686],[120.216319,27.043931],[120.216319,27.037095],[120.241547,27.034003],[120.255626,27.017524],[120.255219,26.997056],[120.237397,26.981879],[120.229991,26.989325],[120.216075,26.984076],[120.193207,26.98135],[120.148692,26.981879],[120.187022,26.963528],[120.199555,26.961371],[120.213878,26.963813],[120.225922,26.967353],[120.235688,26.966376],[120.243663,26.955146],[120.23935,26.952338],[120.234711,26.945624],[120.229991,26.940904],[120.237397,26.927232],[120.228608,26.923],[120.224132,26.918687],[120.219086,26.915432],[120.209483,26.91356],[120.200776,26.915432],[120.168468,26.927232],[120.147227,26.929023],[120.125743,26.927314],[120.113617,26.918769],[120.120697,26.899888],[120.10963,26.894355],[120.102794,26.890082],[120.095551,26.887274],[120.083263,26.886298],[120.079112,26.888373],[120.073497,26.893052],[120.065684,26.897854],[120.055756,26.899888],[120.031993,26.899888],[120.055268,26.88939],[120.0442,26.876695],[120.025157,26.860175],[120.024506,26.837877],[120.033702,26.829739],[120.047618,26.823228],[120.062999,26.818915],[120.076264,26.817369],[120.085053,26.813707],[120.096528,26.805894],[120.11085,26.798733],[120.128184,26.796942],[120.11964,26.784166],[120.106944,26.771796],[120.097748,26.75849],[120.10019,26.742906],[120.112397,26.735745],[120.128754,26.735053],[120.142833,26.732815],[120.148692,26.721177],[120.143565,26.71011],[120.131928,26.707221],[120.1185,26.706366],[120.107677,26.701321],[120.102061,26.689154],[120.103608,26.675279],[120.110444,26.660631],[120.120697,26.646064],[120.134369,26.65351],[120.134369,26.646064],[120.098969,26.628363],[120.090343,26.622219],[120.080414,26.617418],[120.075206,26.621487],[120.076508,26.630113],[120.086681,26.639228],[120.079682,26.646064],[120.027843,26.615302],[120.014903,26.611274],[119.959972,26.611274],[119.948741,26.606147],[119.941173,26.593329],[119.937022,26.576728],[119.935639,26.560452],[119.884288,26.523179],[119.847179,26.523627],[119.835704,26.531399],[119.832612,26.550482],[119.835948,26.56151],[119.841645,26.562405],[119.848155,26.560736],[119.85377,26.564114],[119.854828,26.571926],[119.852061,26.59101],[119.85377,26.598293],[119.8685,26.610053],[119.888438,26.617133],[119.928966,26.625637],[119.944835,26.632025],[119.968516,26.647935],[119.984141,26.65351],[119.982026,26.658149],[119.97877,26.669623],[119.976817,26.674018],[119.986339,26.679633],[120.000255,26.707709],[120.011485,26.721177],[120.012299,26.719062],[120.017833,26.717027],[120.028168,26.714993],[120.032319,26.71662],[120.031993,26.720404],[120.030528,26.724921],[120.031993,26.728583],[120.077647,26.78559],[120.079682,26.796942],[120.067475,26.800482],[120.014903,26.790025],[119.9463,26.796942],[119.925141,26.792182],[119.923676,26.781236],[119.935639,26.759019],[119.924083,26.732489],[119.901866,26.71011],[119.888031,26.687242],[119.901622,26.659735],[119.879649,26.655341],[119.856944,26.65351],[119.85377,26.68769],[119.850597,26.689521],[119.829194,26.714993],[119.819591,26.711371],[119.803071,26.693793],[119.791759,26.68769],[119.791515,26.704779],[119.802257,26.766791],[119.811534,26.775784],[119.840099,26.790025],[119.82838,26.79564],[119.815766,26.797593],[119.803233,26.795722],[119.791759,26.790025],[119.797374,26.816392],[119.815033,26.825629],[119.834809,26.832506],[119.846283,26.8522],[119.819835,26.84927],[119.79835,26.841376],[119.781993,26.828518],[119.7706,26.810533],[119.765229,26.794094],[119.76588,26.784003],[119.768809,26.7744],[119.7706,26.759019],[119.766449,26.74494],[119.756196,26.737738],[119.743012,26.737128],[119.730235,26.742906],[119.730235,26.749091],[119.732677,26.763414],[119.726085,26.786526],[119.712006,26.807929],[119.692393,26.817369],[119.685802,26.811998],[119.680186,26.799628],[119.67628,26.785875],[119.675059,26.776435],[119.677989,26.763129],[119.683849,26.754218],[119.710297,26.729885],[119.720225,26.724514],[119.727387,26.717922],[119.730235,26.704739],[119.724946,26.697821],[119.713145,26.699856],[119.696137,26.708197],[119.680431,26.721829],[119.663829,26.740546],[119.646007,26.753323],[119.626557,26.749091],[119.620372,26.76557],[119.622651,26.777167],[119.621837,26.78677],[119.606049,26.796942],[119.597748,26.797105],[119.584565,26.794623],[119.575531,26.788031],[119.579438,26.776435],[119.571544,26.766547],[119.557628,26.758775],[119.552094,26.749091],[119.550304,26.737209],[119.551524,26.725165],[119.554698,26.71483],[119.55893,26.708197],[119.570811,26.703274],[119.583751,26.703925],[119.595958,26.703315],[119.606049,26.694525],[119.608246,26.683539],[119.606456,26.669908],[119.599864,26.646064],[119.568126,26.664537],[119.55893,26.666571],[119.544444,26.662502],[119.541108,26.656317],[119.545421,26.636176],[119.55421,26.61518],[119.592377,26.590888],[119.599864,26.57038],[119.606049,26.57038],[119.618907,26.587836],[119.637787,26.598822],[119.65797,26.607652],[119.675059,26.618801],[119.687511,26.611274],[119.700938,26.608588],[119.730235,26.611274],[119.722748,26.611274],[119.735199,26.611965],[119.742198,26.608629],[119.742931,26.601752],[119.73642,26.591457],[119.748627,26.587958],[119.771739,26.583889],[119.784923,26.577826],[119.782237,26.564765],[119.782725,26.559638],[119.784923,26.550482],[119.774181,26.559516],[119.7706,26.564114],[119.761729,26.550727],[119.76588,26.534369],[119.779145,26.520697],[119.798595,26.515774],[119.795258,26.511623],[119.793468,26.508205],[119.790619,26.505194],[119.784923,26.502021],[119.794281,26.497138],[119.802257,26.489447],[119.812266,26.474799],[119.817719,26.462144],[119.818858,26.453192],[119.816742,26.444729],[119.812266,26.433783],[119.808849,26.433051],[119.795746,26.434272],[119.791759,26.433783],[119.791108,26.429918],[119.792491,26.416653],[119.791759,26.413316],[119.772065,26.406724],[119.761974,26.407457],[119.752045,26.431464],[119.737641,26.443671],[119.718761,26.45185],[119.699229,26.454901],[119.689789,26.459459],[119.664561,26.492133],[119.653656,26.498033],[119.646983,26.494045],[119.640961,26.482164],[119.635753,26.479438],[119.625499,26.470933],[119.620372,26.467963],[119.605724,26.474351],[119.599864,26.474799],[119.5796,26.470893],[119.5713,26.465725],[119.566417,26.454901],[119.57309,26.437812],[119.594086,26.43358],[119.616303,26.437405],[119.626557,26.444322],[119.63087,26.448717],[119.639985,26.444403],[119.648448,26.437445],[119.654307,26.429023],[119.655528,26.355618],[119.665294,26.340155],[119.688731,26.337592],[119.686615,26.333075],[119.683849,26.321682],[119.681895,26.317125],[119.6963,26.31684],[119.735688,26.322211],[119.747081,26.327623],[119.748383,26.358873],[119.754405,26.372056],[119.7706,26.364936],[119.780121,26.374986],[119.784679,26.386379],[119.787364,26.397406],[119.791759,26.40648],[119.797699,26.411322],[119.825776,26.426947],[119.834809,26.412095],[119.846283,26.402411],[119.851329,26.392808],[119.840099,26.378567],[119.855805,26.377631],[119.880138,26.363105],[119.894786,26.35871],[119.908458,26.3605],[119.934825,26.370551],[119.949962,26.372301],[119.949962,26.364936],[119.888194,26.318834],[119.877452,26.313381],[119.854747,26.327541],[119.826752,26.328355],[119.801117,26.317572],[119.784923,26.296617],[119.790863,26.295559],[119.805431,26.290432],[119.792735,26.284084],[119.784679,26.287095],[119.776622,26.29328],[119.764415,26.296617],[119.753429,26.29442],[119.732677,26.285061],[119.71933,26.282945],[119.694591,26.282945],[119.673595,26.280504],[119.654307,26.272406],[119.634125,26.255072],[119.651703,26.250067],[119.668224,26.242011],[119.664806,26.231635],[119.668224,26.221503],[119.652436,26.217597],[119.636974,26.211656],[119.625011,26.202948],[119.620372,26.190497],[119.613536,26.182196],[119.600108,26.176337],[119.591807,26.166409],[119.599864,26.145819],[119.561127,26.124986],[119.537364,26.096829],[119.518321,26.064887],[119.493744,26.032864],[119.473155,25.997138],[119.458507,25.982489],[119.435557,25.98135],[119.431733,25.985297],[119.421479,26.002387],[119.41505,26.009263],[119.404877,26.013861],[119.382823,26.018622],[119.373383,26.022284],[119.343354,26.04206],[119.326915,26.048041],[119.27711,26.052924],[119.261241,26.060533],[119.233165,26.087795],[119.215831,26.100084],[119.200938,26.104682],[119.161143,26.11164],[119.151622,26.115709],[119.120209,26.135932],[119.103608,26.143134],[119.093516,26.145819],[119.093516,26.139594],[119.115977,26.123196],[119.136485,26.102932],[119.157319,26.090766],[119.181488,26.098619],[119.19516,26.087592],[119.200694,26.075914],[119.208995,26.043402],[119.217377,26.028957],[119.237315,26.006252],[119.243012,25.995022],[119.246837,25.967231],[119.254975,25.963284],[119.296153,25.956977],[119.329845,25.944281],[119.34669,25.940375],[119.377533,25.941392],[119.40976,25.949856],[119.440929,25.963813],[119.490001,25.994208],[119.496837,26.001776],[119.500011,26.010199],[119.501801,26.029202],[119.504242,26.035956],[119.519054,26.044501],[119.554291,26.04564],[119.566417,26.050238],[119.619395,26.023505],[119.648448,26.015448],[119.675059,26.022284],[119.695404,26.002631],[119.700694,25.995185],[119.702403,25.985053],[119.698985,25.972561],[119.675059,25.926093],[119.665538,25.915351],[119.654307,25.906928],[119.640391,25.901353],[119.623546,25.8994],[119.616466,25.892646],[119.599864,25.844184],[119.584076,25.876939],[119.574229,25.884914],[119.566417,25.872056],[119.577891,25.862372],[119.579112,25.841254],[119.583018,25.820217],[119.603038,25.810614],[119.607921,25.805162],[119.608409,25.79267],[119.606049,25.769029],[119.609874,25.767157],[119.61671,25.764716],[119.62086,25.760321],[119.61671,25.752265],[119.596446,25.731513],[119.593761,25.721869],[119.593028,25.693183],[119.589936,25.687161],[119.587169,25.685696],[119.584321,25.682603],[119.579926,25.679999],[119.572602,25.679674],[119.567638,25.681952],[119.564301,25.689683],[119.535411,25.705878],[119.522797,25.705797],[119.517345,25.690172],[119.50058,25.689683],[119.487071,25.687323],[119.477061,25.679674],[119.469493,25.68358],[119.463634,25.685289],[119.449067,25.687161],[119.455903,25.663723],[119.459727,25.63288],[119.467052,25.613918],[119.483246,25.625678],[119.47934,25.601549],[119.481049,25.580471],[119.492442,25.564765],[119.517345,25.556789],[119.522065,25.56151],[119.526703,25.57099],[119.534434,25.575873],[119.548839,25.567043],[119.558442,25.563788],[119.568126,25.569037],[119.575694,25.577786],[119.579438,25.584662],[119.56837,25.547431],[119.572276,25.533433],[119.59311,25.529486],[119.587413,25.521918],[119.583018,25.51732],[119.576915,25.515326],[119.566417,25.515815],[119.581635,25.509263],[119.589854,25.50788],[119.599864,25.508368],[119.587413,25.498725],[119.581635,25.496161],[119.572602,25.494696],[119.572602,25.48786],[119.598481,25.492743],[119.603608,25.491156],[119.599864,25.481024],[119.599864,25.47484],[119.61142,25.474107],[119.622406,25.469428],[119.628022,25.461371],[119.623546,25.450344],[119.614024,25.438788],[119.61671,25.437242],[119.625336,25.438056],[119.634125,25.433254],[119.645274,25.410468],[119.646007,25.392564],[119.637299,25.377997],[119.620372,25.364976],[119.637787,25.363593],[119.6456,25.361558],[119.654552,25.35814],[119.602875,25.346137],[119.579438,25.344468],[119.583018,25.353013],[119.587901,25.360785],[119.593598,25.367092],[119.599864,25.371161],[119.588715,25.401313],[119.577973,25.418687],[119.58253,25.425605],[119.589854,25.43183],[119.59311,25.439439],[119.589692,25.443264],[119.576264,25.462836],[119.57602,25.467353],[119.56837,25.466254],[119.561534,25.463284],[119.556,25.45893],[119.552094,25.453762],[119.548188,25.456977],[119.545421,25.458645],[119.538585,25.461168],[119.535899,25.449937],[119.534434,25.433783],[119.535981,25.419135],[119.542003,25.412787],[119.556163,25.410468],[119.558197,25.404608],[119.552094,25.388861],[119.544444,25.377183],[119.52589,25.374091],[119.503266,25.373928],[119.483246,25.371161],[119.491222,25.383205],[119.497813,25.3994],[119.502533,25.416205],[119.504242,25.429877],[119.502045,25.433987],[119.496837,25.436754],[119.492198,25.440375],[119.490733,25.446926],[119.493663,25.45425],[119.50294,25.46247],[119.505463,25.472317],[119.507335,25.474433],[119.504893,25.474921],[119.466156,25.47484],[119.458263,25.466295],[119.453217,25.449774],[119.447032,25.438788],[119.435557,25.446926],[119.433116,25.45954],[119.445567,25.490139],[119.449067,25.505276],[119.441905,25.509508],[119.365977,25.520697],[119.356537,25.526923],[119.352875,25.53974],[119.356049,25.550727],[119.38087,25.590888],[119.368907,25.584906],[119.364757,25.58218],[119.360362,25.577297],[119.352875,25.584662],[119.356293,25.600043],[119.343028,25.609198],[119.322602,25.611029],[119.305186,25.60456],[119.321381,25.587348],[119.310557,25.577867],[119.277843,25.570461],[119.271983,25.557522],[119.268809,25.526923],[119.260753,25.512112],[119.237804,25.481757],[119.22934,25.47484],[119.215099,25.470282],[119.18336,25.464993],[119.171641,25.457465],[119.161388,25.44892],[119.128673,25.429999],[119.11671,25.426418],[119.10255,25.420315],[119.10963,25.406806],[119.156993,25.362616],[119.165294,25.349555],[119.168468,25.33393],[119.173188,25.325141],[119.183116,25.329413],[119.192393,25.342027],[119.195323,25.35814],[119.20338,25.35814],[119.223155,25.316596],[119.201508,25.306342],[119.191742,25.299547],[119.181488,25.289252],[119.193207,25.27497],[119.196788,25.263332],[119.201264,25.259711],[119.216319,25.269355],[119.225841,25.27969],[119.234711,25.294867],[119.241222,25.312567],[119.243012,25.330227],[119.254161,25.322821],[119.265147,25.317572],[119.273692,25.31859],[119.277843,25.330227],[119.288666,25.325426],[119.293305,25.321967],[119.29835,25.316596],[119.291352,25.316596],[119.296967,25.307196],[119.318858,25.279364],[119.324229,25.275092],[119.335785,25.272284],[119.347504,25.267768],[119.352875,25.25849],[119.344249,25.242377],[119.323741,25.237982],[119.281261,25.241441],[119.272472,25.231757],[119.288829,25.189114],[119.281261,25.179389],[119.255626,25.175897],[119.242753,25.189987],[119.229376,25.193215],[119.212657,25.186225],[119.192882,25.182318],[119.175629,25.1765],[119.164679,25.191574],[119.153359,25.206955],[119.141975,25.220978],[119.116096,25.213782],[119.101794,25.196634],[119.10418,25.182948],[119.114251,25.173056],[119.119884,25.160712],[119.124848,25.155504],[119.129242,25.148668],[119.1338,25.138414],[119.146576,25.143744],[119.153087,25.139716],[119.149913,25.131578],[119.1338,25.124742],[119.11671,25.126614],[119.103526,25.133246],[119.093272,25.135647],[119.08546,25.124742],[119.090343,25.121243],[119.09311,25.118069],[119.095714,25.114732],[119.099132,25.111151],[119.089447,25.113674],[119.064789,25.124742],[119.073985,25.145657],[119.079194,25.152086],[119.064708,25.162543],[119.053233,25.15762],[119.045909,25.143052],[119.044444,25.124742],[119.029063,25.14053],[119.034028,25.158677],[119.058604,25.186225],[119.069102,25.203681],[119.068858,25.216742],[119.057384,25.225002],[119.03476,25.227769],[118.987315,25.222235],[118.96933,25.226386],[118.979991,25.244859],[119.000011,25.254055],[119.024946,25.259289],[119.027298,25.278238],[118.983653,25.283026],[118.918468,25.26439],[118.907807,25.25849],[118.896495,25.257514],[118.87558,25.243842],[118.864838,25.227973],[118.884044,25.220364],[118.911143,25.217231],[118.913829,25.208686],[118.909272,25.195705],[118.915294,25.179389],[118.920909,25.187934],[118.932953,25.194566],[118.948253,25.19717],[118.963145,25.193671],[118.97462,25.182563],[118.972179,25.172065],[118.955577,25.152086],[118.948985,25.136949],[118.949067,25.118964],[118.947276,25.113186],[118.942963,25.108832],[118.935151,25.104315],[118.921397,25.101386],[118.903168,25.102484],[118.88559,25.106147],[118.86769,25.100408],[118.857677,25.098049],[118.848969,25.086615],[118.849132,25.073798],[118.860118,25.056545],[118.87794,25.040717],[118.895763,25.033515],[118.935151,25.022366],[118.928315,25.014879],[118.940684,25.006659],[118.953705,25.002997],[118.967052,25.004543],[118.979991,25.011786],[118.990489,25.040188],[118.997325,25.053534],[119.004161,25.050238],[119.003429,25.040473],[118.999522,25.024075],[118.993419,25.008734],[118.986664,25.001899],[118.983246,24.995103],[118.987315,24.979722],[118.997325,24.953437],[119.013194,24.958197],[119.01767,24.960273],[119.009044,24.947333],[118.992686,24.936957],[118.977061,24.934027],[118.969981,24.943549],[118.963715,24.954413],[118.948497,24.956773],[118.911632,24.953437],[118.901134,24.937812],[118.909923,24.907172],[118.934174,24.886054],[118.969981,24.898871],[118.973237,24.893785],[118.973888,24.891913],[118.972504,24.890123],[118.969981,24.885199],[118.972992,24.883734],[118.974946,24.883857],[118.975841,24.882717],[118.976166,24.877753],[118.951996,24.870754],[118.924408,24.86994],[118.89796,24.8758],[118.877208,24.888617],[118.86671,24.891018],[118.837657,24.880561],[118.825938,24.877753],[118.812755,24.881659],[118.802745,24.888088],[118.792084,24.891099],[118.777599,24.885199],[118.780121,24.867825],[118.761974,24.857978],[118.736339,24.851386],[118.716075,24.843573],[118.706065,24.846625],[118.699799,24.851549],[118.69809,24.859524],[118.701752,24.871527],[118.707774,24.877265],[118.72519,24.882799],[118.729747,24.885199],[118.729503,24.900539],[118.72047,24.916897],[118.70753,24.93122],[118.695567,24.940416],[118.69752,24.906806],[118.695567,24.898871],[118.688813,24.895738],[118.684825,24.903306],[118.684337,24.915473],[118.68808,24.926174],[118.682709,24.930976],[118.677257,24.937405],[118.667735,24.953437],[118.661632,24.940863],[118.644054,24.92414],[118.640391,24.915595],[118.647472,24.908515],[118.66212,24.898383],[118.673432,24.886623],[118.671153,24.874661],[118.651215,24.866889],[118.624115,24.867825],[118.595795,24.874742],[118.572032,24.885199],[118.612804,24.85578],[118.619884,24.843573],[118.620616,24.829291],[118.618012,24.817532],[118.617931,24.805325],[118.632579,24.777248],[118.63795,24.772121],[118.640391,24.778754],[118.643809,24.782213],[118.651622,24.782538],[118.660655,24.781887],[118.667735,24.782172],[118.686534,24.792792],[118.69752,24.801663],[118.701752,24.810045],[118.711029,24.804877],[118.715099,24.798326],[118.716319,24.789944],[118.716075,24.778754],[118.719981,24.769355],[118.72877,24.769477],[118.743419,24.775336],[118.759532,24.767768],[118.76295,24.762681],[118.763927,24.751695],[118.748546,24.725165],[118.746837,24.720689],[118.732026,24.716457],[118.720225,24.705552],[118.698741,24.676011],[118.685395,24.66649],[118.675792,24.671454],[118.666515,24.68301],[118.654063,24.693427],[118.6421,24.678697],[118.635997,24.663764],[118.633881,24.647284],[118.633556,24.627875],[118.640229,24.616929],[118.653819,24.6164],[118.664154,24.61225],[118.661469,24.590318],[118.646576,24.568427],[118.620453,24.545478],[118.590831,24.528062],[118.565196,24.522691],[118.56129,24.520697],[118.557221,24.517239],[118.553966,24.518052],[118.551606,24.528957],[118.550873,24.537014],[118.551362,24.545966],[118.554454,24.553209],[118.561534,24.55622],[118.578136,24.560207],[118.571137,24.568996],[118.501231,24.60814],[118.486095,24.610826],[118.474864,24.614325],[118.445323,24.628974],[118.428071,24.631334],[118.432709,24.644721],[118.434662,24.659003],[118.434906,24.689643],[118.431244,24.699693],[118.422618,24.692857],[118.411469,24.680121],[118.40089,24.672309],[118.421886,24.624498],[118.404796,24.606635],[118.379893,24.590237],[118.351654,24.582343],[118.325043,24.590318],[118.317393,24.586982],[118.30714,24.588324],[118.284028,24.597805],[118.279796,24.584703],[118.27296,24.574408],[118.263194,24.57038],[118.249848,24.576117],[118.241791,24.543769],[118.219005,24.541449],[118.194347,24.556464],[118.181163,24.576117],[118.181651,24.597805],[118.191661,24.600898],[118.205089,24.5987],[118.215831,24.60399],[118.21518,24.614814],[118.203705,24.621527],[118.187836,24.624661],[118.174327,24.624498],[118.183849,24.642768],[118.187592,24.657375],[118.181407,24.672756],[118.160492,24.693427],[118.157481,24.662665],[118.15089,24.658637],[118.145274,24.658637],[118.141449,24.656968],[118.137462,24.633775],[118.130951,24.620063],[118.122162,24.607856],[118.112804,24.597805],[118.110362,24.584052],[118.103363,24.584784],[118.092296,24.597805],[118.044444,24.617662],[118.036957,24.597805],[118.04477,24.575995],[118.037364,24.560614],[118.021088,24.554999],[118.00294,24.562445],[118.009288,24.580715],[117.992442,24.571479],[117.974864,24.55272],[117.97877,24.542548],[118.020763,24.536566],[118.044037,24.528266],[118.058116,24.515855],[118.044281,24.498033],[118.036713,24.490871],[118.02711,24.487942],[118.013927,24.487616],[118.009369,24.485541],[118.006928,24.480455],[117.999522,24.470852],[118.007579,24.465725],[118.020274,24.454657],[118.021739,24.445746],[117.996104,24.446967],[117.911876,24.478949],[117.867686,24.489569],[117.825938,24.480455],[117.846283,24.475084],[117.866222,24.473578],[117.884858,24.468655],[117.901134,24.453192],[117.815684,24.471625],[117.79127,24.467475],[117.79127,24.460639],[117.874604,24.396308],[117.907319,24.384914],[117.98935,24.394761],[118.019542,24.406195],[118.030121,24.412828],[118.042979,24.406684],[118.047455,24.399075],[118.046886,24.389635],[118.040782,24.365627],[118.035737,24.361029],[118.03004,24.35814],[118.023936,24.350775],[118.01588,24.32685],[118.024181,24.323554],[118.037364,24.331285],[118.044444,24.340522],[118.052989,24.34691],[118.071788,24.348863],[118.090587,24.341457],[118.099132,24.319729],[118.102306,24.314276],[118.116466,24.304511],[118.11964,24.299262],[118.120616,24.279527],[118.122651,24.270738],[118.126475,24.26203],[118.108735,24.261054],[118.084727,24.249091],[118.071788,24.254584],[118.059337,24.24551],[118.038341,24.220201],[118.023936,24.206732],[118.016205,24.203111],[117.99643,24.197414],[117.989268,24.193101],[117.98642,24.187161],[117.982514,24.169176],[117.97877,24.162095],[117.967865,24.159817],[117.962657,24.173814],[117.958507,24.20307],[117.943614,24.212592],[117.93214,24.207953],[117.920909,24.196682],[117.907319,24.186265],[117.932384,24.17829],[117.937755,24.161689],[117.930512,24.141099],[117.901378,24.098619],[117.895763,24.086615],[117.893647,24.07331],[117.8956,24.060981],[117.898692,24.050523],[117.899425,24.040188],[117.893647,24.028022],[117.862315,24.035224],[117.839122,24.023627],[117.798106,23.980211],[117.771983,23.95893],[117.765473,23.947333],[117.763276,23.929348],[117.758637,23.915473],[117.748057,23.907538],[117.736583,23.908108],[117.729259,23.919379],[117.737885,23.950507],[117.791352,24.001532],[117.798106,24.021796],[117.786469,24.028144],[117.761729,24.014838],[117.757091,24.024888],[117.769786,24.031317],[117.776134,24.037299],[117.774181,24.045396],[117.770274,24.051459],[117.763276,24.070258],[117.757091,24.070258],[117.750011,24.037299],[117.724132,24.033759],[117.692231,24.046536],[117.667084,24.06273],[117.67099,24.048],[117.679698,24.039049],[117.692231,24.035224],[117.708751,24.035468],[117.688487,23.997504],[117.687266,23.979071],[117.695079,23.953559],[117.671565,23.931411],[117.648633,23.909234],[117.6336,23.874158],[117.625536,23.840153],[117.626008,23.812233],[117.639269,23.794102],[117.619395,23.774807],[117.612559,23.762681],[117.591669,23.737064],[117.589525,23.756154],[117.587462,23.77778],[117.602012,23.798949],[117.600108,23.83397],[117.598155,23.852444],[117.592052,23.870998],[117.582367,23.889309],[117.571056,23.903266],[117.556733,23.913235],[117.537364,23.919379],[117.47462,23.920966],[117.454845,23.925605],[117.430186,23.943752],[117.416596,23.946845],[117.407074,23.933051],[117.409679,23.913398],[117.427094,23.910386],[117.449799,23.913479],[117.468516,23.911933],[117.499596,23.874072],[117.490073,23.832579],[117.463477,23.788287],[117.434331,23.775922],[117.382416,23.795233],[117.368907,23.792629],[117.360932,23.785956],[117.354584,23.777411],[117.345551,23.768541],[117.319102,23.761623],[117.303966,23.77558],[117.292572,23.789496],[117.277354,23.782213],[117.292328,23.762152],[117.285737,23.746772],[117.271921,23.721306],[117.276242,23.687743],[117.267965,23.679792],[117.263649,23.655425],[117.279122,23.636268],[117.257093,23.615616],[117.238964,23.605473],[117.235964,23.624311],[117.235538,23.639819],[117.24409,23.657548],[117.235606,23.671454],[117.229503,23.692816],[117.22519,23.684719],[117.208507,23.664944],[117.217181,23.652511],[117.22041,23.640201],[117.219201,23.629628],[117.185883,23.621039],[117.174653,23.61636],[117.15083,23.606867],[117.12846,23.572354],[117.099464,23.55431],[117.084228,23.550606],[117.078407,23.564611],[117.080468,23.574347],[117.08356,23.58895],[117.076003,23.604627],[117.07919,23.622489],[117.077881,23.63883],[117.068413,23.651273],[117.057798,23.653965],[117.044444,23.655666],[117.034272,23.661322],[117.023448,23.658677],[117.018321,23.647895],[117.009502,23.644542],[116.985356,23.640228],[116.965072,23.615438],[116.950705,23.610883],[116.927582,23.624742],[116.917572,23.637926],[116.940929,23.658677],[116.927501,23.664496],[116.916515,23.662746],[116.908946,23.654608],[116.906098,23.641303],[116.900727,23.634263],[116.877452,23.618354],[116.872081,23.606879],[116.874278,23.598619],[116.879161,23.593573],[116.884044,23.586615],[116.886241,23.573065],[116.883311,23.559638],[116.875499,23.547065],[116.854991,23.524888],[116.849701,23.511298],[116.854259,23.497382],[116.872621,23.473807],[116.866628,23.450233],[116.773224,23.349432],[116.75294,23.350246],[116.746567,23.349207],[116.73241,23.351132],[116.712989,23.355629],[116.692882,23.359931],[116.680756,23.357001],[116.657844,23.354452],[116.621918,23.369127],[116.56894,23.391018],[116.557872,23.40176],[116.553477,23.414252],[116.543224,23.42121],[116.531749,23.422553],[116.523204,23.418524],[116.521739,23.4112],[116.523204,23.377509],[116.533214,23.361884],[116.552257,23.341498],[116.573009,23.323676],[116.587983,23.316107],[116.608409,23.320461],[116.641889,23.318835],[116.660976,23.337223],[116.69124,23.338977],[116.709414,23.31977],[116.727074,23.316116],[116.730112,23.330754],[116.748635,23.326288],[116.765631,23.297351],[116.768528,23.272821],[116.77711,23.240383],[116.786179,23.235723],[116.794269,23.239622],[116.804822,23.236122],[116.783946,23.212388],[116.754161,23.233385],[116.731293,23.257717],[116.705577,23.276597],[116.667247,23.281317],[116.67921,23.271389],[116.695079,23.265692],[116.708995,23.258531],[116.715099,23.243801],[116.705502,23.238344],[116.689308,23.229731],[116.671166,23.214639],[116.661748,23.193648],[116.646755,23.162991],[116.637021,23.164018],[116.629296,23.17397],[116.615216,23.178349],[116.613772,23.190607],[116.616754,23.20277],[116.618148,23.221479],[116.61151,23.23873],[116.588585,23.244934],[116.569976,23.246973],[116.516856,23.235175],[116.508881,23.234117],[116.509288,23.216376],[116.526988,23.200621],[116.541429,23.210105],[116.553158,23.216373],[116.563975,23.222968],[116.574555,23.224107],[116.602949,23.217738],[116.604504,23.209557],[116.601496,23.196581],[116.569916,23.177692],[116.545121,23.144775],[116.533648,23.109135],[116.551656,23.086724],[116.548496,23.066402],[116.554846,23.036094],[116.56325,23.018774],[116.547852,23.006039],[116.521936,22.998411],[116.518474,22.967456],[116.494688,22.939352],[116.45851,22.94742],[116.42629,22.937425],[116.379607,22.928984],[116.353038,22.938056],[116.338251,22.951857],[116.298487,22.963247],[116.289064,22.978943],[116.26226,22.973737],[116.234711,22.980414],[116.213634,22.982815],[116.20102,22.973456],[116.234874,22.960273],[116.252289,22.959052],[116.269379,22.96662],[116.281458,22.957857],[116.246181,22.93159],[116.221009,22.91901],[116.214563,22.908522],[116.200088,22.896555],[116.170989,22.864465],[116.14491,22.847823],[116.129651,22.839135],[116.113561,22.83291],[116.09569,22.8259],[116.084672,22.849765],[116.091253,22.86841],[116.123721,22.894729],[116.087006,22.906562],[116.042105,22.932918],[116.041881,22.922321],[116.0713,22.897773],[116.087254,22.889694],[116.076178,22.867871],[116.053772,22.855229],[116.047862,22.851793],[116.037446,22.850898],[116.026107,22.845127],[116.011796,22.838044],[115.996718,22.836684],[115.966075,22.817206],[115.958014,22.804743],[115.939488,22.807516],[115.933263,22.805994],[115.903738,22.789376],[115.883497,22.794619],[115.854882,22.77879],[115.843212,22.770025],[115.825956,22.746644],[115.81003,22.746091],[115.797812,22.75445],[115.79546,22.769988],[115.790484,22.7872],[115.788039,22.797842],[115.795014,22.800279],[115.799408,22.794664],[115.801362,22.786851],[115.806488,22.778266],[115.813569,22.776272],[115.814708,22.786119],[115.812755,22.799547],[115.809906,22.808336],[115.804779,22.81509],[115.798432,22.819525],[115.790375,22.821926],[115.785055,22.825678],[115.776344,22.832346],[115.763237,22.841487],[115.73687,22.851673],[115.697036,22.850671],[115.703581,22.869323],[115.684266,22.877779],[115.682465,22.88817],[115.692638,22.900092],[115.70517,22.907375],[115.713878,22.904527],[115.721283,22.904527],[115.72755,22.922756],[115.733735,22.931871],[115.730317,22.934231],[115.691987,22.929023],[115.683116,22.924262],[115.666596,22.904527],[115.653331,22.893744],[115.639415,22.88935],[115.583995,22.880316],[115.577891,22.877265],[115.574067,22.871731],[115.564952,22.853258],[115.560557,22.849311],[115.539887,22.852932],[115.53297,22.862047],[115.536632,22.874335],[115.546886,22.887152],[115.547618,22.895413],[115.533783,22.898261],[115.505626,22.897773],[115.496349,22.903062],[115.468272,22.9265],[115.450938,22.931871],[115.442393,22.929674],[115.438324,22.920356],[115.430186,22.918199],[115.423839,22.918769],[115.406016,22.925035],[115.418549,22.907701],[115.427257,22.900621],[115.437022,22.897773],[115.446137,22.89997],[115.455414,22.909735],[115.464203,22.912014],[115.483002,22.901842],[115.496104,22.880316],[115.494151,22.860785],[115.468028,22.856757],[115.468028,22.849311],[115.478608,22.84748],[115.505626,22.849311],[115.515147,22.847317],[115.530365,22.838324],[115.54005,22.836249],[115.559418,22.836086],[115.565929,22.837958],[115.577891,22.843166],[115.586925,22.849351],[115.593354,22.856391],[115.600597,22.861884],[115.612071,22.863593],[115.591319,22.84748],[115.556244,22.807435],[115.538966,22.788904],[115.527017,22.767042],[115.523936,22.741767],[115.555588,22.71437],[115.565753,22.737081],[115.567321,22.747281],[115.586192,22.745103],[115.590099,22.737209],[115.580903,22.723334],[115.562511,22.705634],[115.56422,22.684882],[115.575219,22.668336],[115.536156,22.668123],[115.522096,22.676503],[115.491193,22.687587],[115.464818,22.701034],[115.438265,22.700599],[115.421264,22.690236],[115.394298,22.689683],[115.373508,22.694177],[115.361272,22.704137],[115.348205,22.717369],[115.338471,22.7331],[115.350678,22.746894],[115.358409,22.748684],[115.388927,22.746894],[115.397553,22.748765],[115.40976,22.75788],[115.424133,22.761993],[115.422373,22.771797],[115.411208,22.788268],[115.386241,22.782904],[115.374767,22.773285],[115.363994,22.763645],[115.33057,22.78854],[115.289144,22.791553],[115.251081,22.78798],[115.233391,22.788209],[115.232767,22.80534],[115.258564,22.820463],[115.30304,22.838614],[115.32016,22.850531],[115.324799,22.859565],[115.313731,22.863593],[115.309418,22.869371],[115.310557,22.882473],[115.317149,22.904527],[115.303803,22.903022],[115.292247,22.895331],[115.272227,22.873847],[115.255951,22.847846],[115.245616,22.835354],[115.231456,22.830064],[115.217294,22.834891],[115.196013,22.831898],[115.172944,22.821194],[115.174407,22.806892],[115.180271,22.784806],[115.158273,22.792417],[115.150566,22.809634],[115.132878,22.811454],[115.111664,22.802151],[115.101085,22.800116],[115.065475,22.795985],[115.050304,22.781684],[115.045665,22.775865],[115.041026,22.761623],[115.036632,22.75373],[115.02233,22.743513],[115.017828,22.737044],[115.022081,22.726392],[115.030794,22.717322],[115.028903,22.708377],[115.018277,22.706869],[115.008513,22.70372],[114.998772,22.702201],[114.992521,22.697381],[114.985342,22.689309],[114.98003,22.688554],[114.971258,22.692735],[114.959835,22.696134],[114.95467,22.703544],[114.956584,22.71574],[114.95237,22.728833],[114.945811,22.742255],[114.941661,22.753852],[114.926768,22.761176],[114.916759,22.744045],[114.90311,22.748924],[114.889059,22.763748],[114.876719,22.767957],[114.862524,22.763216],[114.870379,22.753348],[114.881873,22.747523],[114.886217,22.736075],[114.878145,22.729638],[114.880736,22.72147],[114.890447,22.714055],[114.902858,22.713934],[114.909996,22.723615],[114.926726,22.71693],[114.937229,22.709492],[114.946689,22.696329],[114.955302,22.684794],[114.966629,22.676487],[114.95045,22.664984],[114.938731,22.657294],[114.924897,22.638658],[114.901938,22.598057],[114.905213,22.57844],[114.919119,22.561155],[114.895966,22.547524],[114.883641,22.550916],[114.880215,22.559113],[114.889234,22.572894],[114.88682,22.590872],[114.865816,22.601745],[114.832229,22.602077],[114.806416,22.592509],[114.774609,22.597693],[114.754145,22.589714],[114.743776,22.609404],[114.742242,22.62738],[114.742483,22.646964],[114.73745,22.669046],[114.74999,22.678724],[114.753778,22.693385],[114.738879,22.710647],[114.741951,22.732653],[114.752545,22.749662],[114.778551,22.762453],[114.795421,22.769924],[114.802013,22.773383],[114.813243,22.774848],[114.817638,22.77912],[114.821252,22.79056],[114.816954,22.800389],[114.807279,22.805383],[114.798466,22.808736],[114.792735,22.81094],[114.78476,22.815863],[114.775238,22.815823],[114.769786,22.810452],[114.762462,22.791083],[114.754893,22.781684],[114.734141,22.775784],[114.716732,22.790803],[114.695481,22.792642],[114.683812,22.781333],[114.664219,22.774176],[114.645484,22.767006],[114.637787,22.755072],[114.617198,22.750067],[114.602546,22.740458],[114.579378,22.733311],[114.563324,22.732733],[114.564986,22.717916],[114.571096,22.702354],[114.552338,22.694525],[114.542247,22.695299],[114.532481,22.69953],[114.522065,22.705959],[114.52378,22.687214],[114.5171,22.676418],[114.505926,22.663689],[114.499576,22.653114],[114.506607,22.646523],[114.534906,22.644648],[114.523411,22.645563],[114.548216,22.644541],[114.562511,22.648342],[114.573253,22.654446],[114.58253,22.65526],[114.590343,22.643866],[114.577647,22.635891],[114.560883,22.608791],[114.546641,22.602932],[114.529145,22.598334],[114.513927,22.587348],[114.502208,22.57392],[114.495372,22.561957],[114.502045,22.550849],[114.509288,22.549547],[114.518158,22.552802],[114.529552,22.555121],[114.529796,22.557359],[114.532481,22.562323],[114.53712,22.567206],[114.543224,22.569403],[114.547211,22.567084],[114.554779,22.557318],[114.559906,22.555121],[114.572765,22.551459],[114.593272,22.541897],[114.611583,22.528713],[114.617686,22.514146],[114.607514,22.504381],[114.587657,22.495592],[114.570532,22.484291],[114.542162,22.477993],[114.529667,22.468285],[114.515816,22.452643],[114.501557,22.452094],[114.492198,22.463975],[114.49114,22.464626],[114.485118,22.468329],[114.484467,22.474351],[114.483246,22.484565],[114.477224,22.489529],[114.476817,22.489895],[114.47698,22.490424],[114.480154,22.500149],[114.47641,22.509426],[114.484548,22.516995],[114.48699,22.521918],[114.485118,22.53441],[114.479584,22.539333],[114.479584,22.54621],[114.471202,22.551703],[114.462169,22.561754],[114.45574,22.570502],[114.446951,22.57156],[114.445323,22.571763],[114.440359,22.568671],[114.436778,22.577379],[114.437348,22.579372],[114.438487,22.582953],[114.433035,22.591091],[114.424327,22.601671],[114.414236,22.604804],[114.408702,22.61164],[114.395763,22.613511],[114.3956,22.613511],[114.380138,22.610338],[114.360688,22.604804],[114.340261,22.597886],[114.329112,22.605007],[114.328461,22.605455],[114.328054,22.604763],[114.324555,22.598538],[114.317149,22.602362],[114.316905,22.6022],[114.305349,22.594184],[114.30714,22.585435],[114.302175,22.582953],[114.276215,22.587958],[114.269623,22.582953],[114.249685,22.570502],[114.238292,22.559923],[114.229828,22.555813],[114.234711,22.556179],[114.227224,22.547065],[114.222179,22.541449],[114.214854,22.534491],[114.209972,22.534491],[114.209321,22.523708],[114.217947,22.526028],[114.218679,22.529853],[114.230398,22.532945],[114.234304,22.536933],[114.242035,22.550198],[114.245942,22.550971],[114.249034,22.547838],[114.254568,22.550971],[114.25766,22.547838],[114.253266,22.539455],[114.259207,22.540798],[114.265636,22.535264],[114.265147,22.528469],[114.27003,22.52558],[114.278005,22.529853],[114.279796,22.526028],[114.279796,22.519721],[114.27768,22.511664],[114.285167,22.511176],[114.289236,22.505194],[114.298513,22.501003],[114.326589,22.508775],[114.332774,22.511949],[114.335134,22.506415],[114.316335,22.492377],[114.305431,22.483018],[114.29363,22.478258],[114.280447,22.472886],[114.268728,22.465033],[114.264089,22.458075],[114.253754,22.451768],[114.245942,22.451768],[114.231212,22.469794],[114.217133,22.467353],[114.211762,22.470567],[114.209321,22.465806],[114.210948,22.457302],[114.215587,22.454983],[114.217133,22.447943],[114.209972,22.44949],[114.209321,22.454088],[114.20224,22.458075],[114.190603,22.456529],[114.186697,22.451768],[114.167491,22.448065],[114.176524,22.443223],[114.187511,22.436143],[114.200206,22.428168],[114.211762,22.4206],[114.209972,22.412746],[114.214854,22.408881],[114.209321,22.398668],[114.215587,22.400336],[114.223399,22.415025],[114.234223,22.42475],[114.23821,22.43537],[114.243826,22.435533],[114.251475,22.430732],[114.267182,22.430732],[114.269379,22.425523],[114.267182,22.415961],[114.272553,22.409654],[114.276459,22.419827],[114.288992,22.426011],[114.276459,22.443996],[114.288992,22.453315],[114.301606,22.456529],[114.300792,22.465033],[114.323741,22.480048],[114.325043,22.475206],[114.33074,22.474107],[114.325043,22.46426],[114.335704,22.461737],[114.338064,22.446357],[114.332774,22.440009],[114.337413,22.431586],[114.342784,22.43769],[114.347585,22.422919],[114.352306,22.423692],[114.351573,22.440985],[114.359874,22.461168],[114.367849,22.454983],[114.367361,22.446275],[114.370209,22.440009],[114.385753,22.439236],[114.39975,22.436143],[114.39739,22.428412],[114.401296,22.412746],[114.389334,22.417914],[114.381765,22.419053],[114.370209,22.397976],[114.375011,22.400539],[114.384939,22.387356],[114.38974,22.365953],[114.386567,22.36522],[114.385753,22.370185],[114.376394,22.370632],[114.379487,22.362087],[114.37558,22.353461],[114.370209,22.348822],[114.36085,22.345771],[114.357595,22.332424],[114.352306,22.339464],[114.352306,22.351915],[114.34197,22.345771],[114.339041,22.352688],[114.332774,22.359768],[114.334321,22.375312],[114.320404,22.380764],[114.318614,22.38939],[114.310069,22.383775],[114.300059,22.381578],[114.285981,22.390977],[114.278005,22.390977],[114.268728,22.378445],[114.273367,22.363634],[114.279796,22.355007],[114.276459,22.348049],[114.267182,22.35578],[114.266368,22.365953],[114.258393,22.362087],[114.255544,22.355902],[114.265798,22.34634],[114.272553,22.320705],[114.277192,22.3192],[114.29127,22.316555],[114.292084,22.305162],[114.29599,22.305162],[114.303884,22.306708],[114.311615,22.297309],[114.305675,22.290758],[114.297699,22.285631],[114.290538,22.28795],[114.288992,22.287177],[114.289724,22.281684],[114.289561,22.273912],[114.300059,22.277045],[114.303152,22.269192],[114.303152,22.262152],[114.296723,22.258287],[114.288992,22.264594],[114.278331,22.270453],[114.279796,22.279364],[114.273367,22.295762],[114.264822,22.301947],[114.265636,22.309801],[114.266368,22.315985],[114.255544,22.322333],[114.251475,22.305162],[114.253022,22.295762],[114.238943,22.281684],[114.228119,22.291856],[114.211762,22.310574],[114.214854,22.301174],[114.212494,22.301174],[114.195486,22.318264],[114.186534,22.308743],[114.191417,22.301947],[114.191417,22.298896],[114.183686,22.301947],[114.181651,22.29442],[114.176524,22.291083],[114.171886,22.288723],[114.167247,22.294176],[114.168224,22.305487],[114.165701,22.310574],[114.164887,22.315212],[114.159516,22.315212],[114.159516,22.322252],[114.152192,22.328518],[114.138194,22.336005],[114.12436,22.342231],[114.123546,22.337144],[114.113373,22.352688],[114.111013,22.365953],[114.104828,22.369859],[114.097504,22.363023],[114.079112,22.365953],[114.078298,22.36286],[114.070404,22.36286],[114.067231,22.358995],[114.057953,22.361314],[114.050222,22.358995],[114.039887,22.355007],[114.020518,22.350369],[114.014985,22.353461],[114.014985,22.358995],[113.998627,22.358995],[113.991873,22.364081],[113.982677,22.366767],[113.976736,22.379218],[113.972911,22.379991],[113.970632,22.387071],[113.964366,22.380683],[113.97462,22.372056],[113.954926,22.369859],[113.944835,22.362087],[113.930675,22.369086],[113.925955,22.369086],[113.914399,22.376125],[113.918305,22.387844],[113.910574,22.398668],[113.896983,22.408759],[113.909434,22.418606],[113.930675,22.419827],[113.94101,22.426785],[113.954112,22.44949],[113.97755,22.458848],[113.998627,22.488552],[114.004893,22.488552],[114.012706,22.486111],[114.011729,22.480048],[114.01116,22.472886],[114.014985,22.475206],[114.026785,22.478258],[114.029877,22.478258],[114.031423,22.482245],[114.03061,22.487657],[114.03061,22.49551],[114.042247,22.501003],[114.057953,22.504869],[114.061778,22.508775],[114.065766,22.515855],[114.073497,22.518175],[114.078298,22.519721],[114.085297,22.522935],[114.082367,22.529364],[114.079112,22.527574],[114.079682,22.523749],[114.067231,22.521918],[114.058442,22.516995],[114.055268,22.506944],[114.042003,22.506781],[114.038748,22.510565],[114.038097,22.511379],[114.035818,22.513821],[114.035492,22.514146],[114.035411,22.514228],[114.018565,22.522569],[113.999278,22.530626],[113.987478,22.531846],[113.984386,22.533718],[113.970632,22.533718],[113.963796,22.538113],[113.960297,22.528469],[113.951939,22.523841],[113.948901,22.5112],[113.948816,22.500348],[113.947758,22.490406],[113.935802,22.488918],[113.925059,22.487047],[113.915294,22.488674],[113.913422,22.487616],[113.91033,22.485826],[113.909679,22.477647],[113.890345,22.452712],[113.881479,22.473333],[113.874363,22.478184],[113.867873,22.494829],[113.866155,22.511493],[113.881847,22.514146],[113.893891,22.521145],[113.879893,22.536689],[113.843761,22.561957],[113.833832,22.571926],[113.822358,22.587226],[113.812836,22.604397],[113.799157,22.631001],[113.793568,22.661614],[113.772934,22.672448],[113.764659,22.734809],[113.758067,22.753404],[113.744395,22.761176],[113.712169,22.763332],[113.699718,22.761176],[113.695079,22.757473],[113.691173,22.751614],[113.684581,22.746894],[113.672374,22.746894],[113.653575,22.758734],[113.656261,22.776842],[113.662608,22.798082],[113.655284,22.819241],[113.643565,22.834174],[113.632579,22.853095],[113.617198,22.890286],[113.61085,22.87637],[113.610118,22.862047],[113.612885,22.848375],[113.617198,22.836249],[113.605561,22.847235],[113.602306,22.86636],[113.604991,22.887519],[113.610362,22.904527],[113.602875,22.89765],[113.597992,22.889635],[113.596039,22.880561],[113.592296,22.889065],[113.611339,22.933783],[113.617198,22.956041],[113.619151,22.979397],[113.62436,22.999213],[113.638194,23.034898],[113.630707,23.034898],[113.61671,23.00788],[113.612071,22.994696],[113.609141,22.962877],[113.601817,22.930609],[113.59669,22.918199],[113.594981,22.929592],[113.595063,22.94477],[113.597992,22.960517],[113.604096,22.973456],[113.602631,22.987738],[113.605072,23.00141],[113.617198,23.034898],[113.599213,23.009223],[113.586681,22.953559],[113.576182,22.938707],[113.582042,22.957465],[113.583832,22.978461],[113.583018,23.021226],[113.56422,22.996894],[113.553966,22.987616],[113.542003,22.986518],[113.532725,22.995754],[113.528819,23.01081],[113.528331,23.038031],[113.536388,23.063137],[113.556407,23.084133],[113.582123,23.098456],[113.637218,23.109117],[113.691987,23.132554],[113.720225,23.137926],[113.731456,23.133857],[113.744233,23.126044],[113.758067,23.121568],[113.784434,23.131741],[113.800873,23.128404],[113.830089,23.117499],[113.813243,23.129788],[113.797944,23.134345],[113.761078,23.137926],[113.745372,23.143012],[113.719819,23.155341],[113.703136,23.157782],[113.67392,23.150458],[113.626475,23.117987],[113.593272,23.110663],[113.587657,23.106106],[113.550873,23.087877],[113.542003,23.086412],[113.536876,23.075019],[113.524669,23.066596],[113.509125,23.062161],[113.494233,23.062812],[113.44516,23.089342],[113.417491,23.096991],[113.398692,23.083319],[113.419281,23.065497],[113.451427,23.062323],[113.481212,23.0515],[113.502312,23.020424],[113.503844,22.989833],[113.491232,22.953953],[113.480968,22.935696],[113.484223,22.929348],[113.483979,22.924262],[113.473725,22.918199],[113.467865,22.919013],[113.446381,22.928453],[113.429942,22.931342],[113.336518,22.897773],[113.307628,22.89411],[113.212983,22.912014],[113.212983,22.904527],[113.234874,22.899644],[113.258067,22.897773],[113.263927,22.894599],[113.283051,22.880439],[113.292247,22.877265],[113.312592,22.881008],[113.332042,22.887519],[113.350434,22.889716],[113.367931,22.880683],[113.425873,22.815823],[113.440033,22.804145],[113.494233,22.774848],[113.46339,22.762397],[113.451915,22.755113],[113.439545,22.739447],[113.426036,22.749416],[113.377533,22.767401],[113.39503,22.748196],[113.453624,22.725735],[113.466319,22.716498],[113.476329,22.699856],[113.516277,22.671418],[113.553043,22.638472],[113.563844,22.614444],[113.59917,22.57518],[113.594738,22.52339],[113.562511,22.480414],[113.546355,22.437585],[113.551571,22.395837],[113.558116,22.380764],[113.581635,22.371324],[113.610362,22.370185],[113.599457,22.350531],[113.59726,22.341539],[113.59669,22.325751],[113.592296,22.316148],[113.583018,22.309516],[113.573578,22.300727],[113.574702,22.284832],[113.57721,22.266637],[113.583748,22.263459],[113.589987,22.253415],[113.587655,22.237882],[113.561196,22.23373],[113.552857,22.219006],[113.538585,22.221747],[113.52296,22.213039],[113.52947,22.202867],[113.529877,22.202257],[113.528087,22.199937],[113.521495,22.191311],[113.49723,22.171641],[113.483745,22.155142],[113.459214,22.158004],[113.425629,22.186225],[113.419037,22.208808],[113.411876,22.225531],[113.364513,22.267768],[113.362315,22.27497],[113.360199,22.293158],[113.357026,22.301907],[113.351573,22.308336],[113.303233,22.343655],[113.276378,22.372056],[113.255626,22.403876],[113.242686,22.457465],[113.231944,22.479071],[113.177582,22.564114],[113.165294,22.575588],[113.158458,22.506741],[113.160167,22.487616],[113.165619,22.478746],[113.18922,22.462592],[113.227306,22.425279],[113.302989,22.30976],[113.318158,22.289166],[113.328506,22.268476],[113.354015,22.243557],[113.364513,22.230129],[113.401971,22.179574],[113.362559,22.171454],[113.350841,22.171536],[113.32545,22.183661],[113.312999,22.185777],[113.302745,22.183295],[113.297944,22.176825],[113.294688,22.167873],[113.285655,22.153266],[113.282237,22.145413],[113.278168,22.14053],[113.273529,22.138373],[113.263438,22.13703],[113.250987,22.115668],[113.246593,22.103461],[113.25587,22.082668],[113.254975,22.071112],[113.251231,22.060736],[113.247162,22.054267],[113.230561,22.043158],[113.214122,22.045315],[113.194692,22.046395],[113.178314,22.040914],[113.157467,22.0247],[113.13963,22.036852],[113.118857,22.065838],[113.110606,22.099189],[113.115326,22.113471],[113.124522,22.13109],[113.118244,22.143746],[113.127452,22.160956],[113.119151,22.171942],[113.113292,22.187405],[113.110362,22.204169],[113.110606,22.219306],[113.085053,22.207587],[113.07729,22.147267],[113.057893,22.121094],[113.026614,22.143212],[113.020638,22.125978],[113.02211,22.101146],[113.01762,22.081843],[113.016105,22.057712],[113.018304,22.03495],[113.018286,22.021158],[113.022729,22.002534],[113.021213,21.984605],[113.018969,21.97702],[113.021195,21.972191],[113.028618,21.961148],[113.02562,21.949425],[113.016676,21.942533],[113.001475,21.938707],[112.994721,21.938422],[112.98935,21.937323],[112.987071,21.928534],[112.985932,21.920559],[112.980968,21.907172],[112.979584,21.90119],[112.972667,21.892076],[112.957081,21.875653],[112.92878,21.865299],[112.911586,21.856291],[112.879405,21.87519],[112.871104,21.893744],[112.858979,21.932522],[112.851573,21.94831],[112.840831,21.960924],[112.82602,21.966132],[112.814789,21.961575],[112.807709,21.952826],[112.800385,21.94717],[112.788585,21.951809],[112.743744,21.931952],[112.740245,21.925442],[112.737641,21.896877],[112.730479,21.890326],[112.706065,21.891791],[112.70045,21.890326],[112.6963,21.88581],[112.690929,21.875149],[112.685557,21.869859],[112.645112,21.849351],[112.647553,21.822659],[112.633067,21.795803],[112.608002,21.775092],[112.579112,21.766832],[112.550873,21.772854],[112.443207,21.828437],[112.426036,21.84516],[112.41505,21.868476],[112.411143,21.90119],[112.424164,21.917792],[112.481456,21.944648],[112.493663,21.966132],[112.486176,21.966132],[112.468842,21.955959],[112.43629,21.945624],[112.404796,21.942857],[112.390636,21.955512],[112.388438,21.963121],[112.37851,21.976874],[112.376313,21.986558],[112.377208,21.994574],[112.381684,22.006741],[112.392833,22.056301],[112.397472,22.068508],[112.378184,22.058417],[112.364838,22.034491],[112.357514,22.005357],[112.356537,21.979722],[112.370128,21.938788],[112.387706,21.908759],[112.390636,21.90119],[112.387787,21.876166],[112.388438,21.86225],[112.394054,21.856269],[112.39796,21.850572],[112.401134,21.83747],[112.404307,21.81151],[112.40211,21.801418],[112.392833,21.785142],[112.38795,21.75609],[112.38144,21.748521],[112.372569,21.742621],[112.363292,21.733344],[112.332123,21.724066],[112.286225,21.708808],[112.244884,21.706529],[112.226817,21.729641],[112.216645,21.735541],[112.196869,21.742336],[112.182384,21.752997],[112.188975,21.770575],[112.198985,21.786811],[112.203136,21.806708],[112.200938,21.826728],[112.192638,21.843166],[112.182221,21.823147],[112.172699,21.814439],[112.085541,21.796088],[112.047211,21.794989],[112.028168,21.797349],[112.013031,21.804389],[112.007091,21.818671],[112.01295,21.834621],[112.037364,21.862494],[112.04127,21.884182],[112.034434,21.884182],[112.018809,21.859809],[111.993175,21.834174],[111.969249,21.824042],[111.951671,21.864976],[111.934093,21.890448],[111.911876,21.91356],[111.890391,21.925116],[111.888927,21.899115],[111.890636,21.867377],[111.895763,21.837063],[111.904063,21.815253],[111.920665,21.800035],[111.946381,21.785875],[111.975108,21.77619],[112.000255,21.774319],[111.991954,21.763821],[111.914561,21.719062],[111.905772,21.715888],[111.904063,21.708808],[111.904145,21.701728],[111.900645,21.698554],[111.895763,21.695868],[111.884288,21.682847],[111.87672,21.678127],[111.867931,21.676703],[111.838878,21.678127],[111.836925,21.685289],[111.842296,21.699042],[111.85377,21.707424],[111.869884,21.698554],[111.87672,21.698554],[111.875336,21.709703],[111.869477,21.716742],[111.860606,21.721503],[111.849376,21.725816],[111.836192,21.716986],[111.829356,21.728705],[111.828949,21.749213],[111.835053,21.766832],[111.822276,21.752102],[111.806895,21.743313],[111.793956,21.744534],[111.787934,21.759996],[111.769786,21.753607],[111.757904,21.753323],[111.725841,21.766832],[111.721202,21.762641],[111.700938,21.768378],[111.678071,21.781155],[111.695567,21.76142],[111.76059,21.725816],[111.772472,21.705471],[111.779633,21.675442],[111.773692,21.650133],[111.746918,21.643948],[111.760346,21.640204],[111.772472,21.635199],[111.782074,21.62759],[111.787934,21.616034],[111.748139,21.614447],[111.728363,21.61636],[111.712901,21.62344],[111.69044,21.603827],[111.665782,21.558661],[111.651378,21.54092],[111.640473,21.533149],[111.630463,21.529853],[111.619721,21.533026],[111.606456,21.544623],[111.600922,21.554145],[111.596528,21.565497],[111.591075,21.575751],[111.581879,21.581855],[111.580821,21.568345],[111.582042,21.555487],[111.586436,21.543769],[111.595551,21.534084],[111.577729,21.530015],[111.556651,21.522366],[111.537852,21.520453],[111.527192,21.534084],[111.521007,21.534084],[111.516612,21.524563],[111.504487,21.518215],[111.48935,21.514716],[111.476085,21.513617],[111.46811,21.518256],[111.467133,21.529446],[111.472667,21.554592],[111.455333,21.551174],[111.444102,21.563625],[111.432221,21.602973],[111.424327,21.590277],[111.41212,21.576321],[111.411143,21.568264],[111.415538,21.557685],[111.430919,21.544013],[111.437999,21.534084],[111.387787,21.541449],[111.362804,21.541205],[111.349701,21.526679],[111.363048,21.532416],[111.376475,21.532701],[111.404307,21.526679],[111.393565,21.51968],[111.362804,21.506781],[111.356456,21.501288],[111.34433,21.487494],[111.292491,21.450629],[111.267345,21.439358],[111.25294,21.444729],[111.269054,21.452135],[111.280284,21.465318],[111.30128,21.499335],[111.279796,21.506293],[111.255626,21.517279],[111.232188,21.524563],[111.212657,21.520453],[111.206309,21.53205],[111.192393,21.531195],[111.15797,21.520453],[111.15797,21.513617],[111.171641,21.513617],[111.167572,21.508612],[111.164968,21.506008],[111.171641,21.499335],[111.184174,21.505764],[111.198822,21.507799],[111.213634,21.505683],[111.226329,21.499335],[111.184581,21.485663],[111.161632,21.476386],[111.143647,21.465806],[111.134044,21.471625],[111.119884,21.473375],[111.08839,21.472642],[111.08839,21.480129],[111.129975,21.493109],[111.129975,21.499335],[111.12672,21.50259],[111.12379,21.506781],[111.11671,21.500963],[111.107677,21.495795],[111.097911,21.492662],[111.08839,21.493109],[111.079356,21.49787],[111.078461,21.502875],[111.079356,21.508124],[111.07545,21.513617],[111.034434,21.53148],[111.027599,21.54092],[111.023285,21.527818],[111.011729,21.521186],[110.985932,21.513617],[110.995697,21.507636],[111.002208,21.489936],[111.013927,21.485663],[111.001313,21.462877],[110.992442,21.454983],[110.979747,21.452135],[110.979747,21.444729],[110.995372,21.445299],[111.008149,21.449897],[111.016938,21.458075],[111.020112,21.469224],[111.026866,21.479315],[111.042247,21.484565],[111.058604,21.4831],[111.068614,21.472642],[111.043712,21.469387],[111.024913,21.456529],[110.992931,21.424872],[110.965912,21.432847],[110.941173,21.422065],[110.917247,21.405911],[110.893321,21.397528],[110.889659,21.395494],[110.877289,21.386135],[110.869884,21.383246],[110.869395,21.384711],[110.852306,21.389146],[110.829845,21.392239],[110.806163,21.401597],[110.790538,21.403754],[110.768158,21.397528],[110.743988,21.382554],[110.704845,21.348538],[110.690033,21.331],[110.67628,21.309638],[110.664887,21.285631],[110.657074,21.260403],[110.65089,21.260403],[110.654796,21.314602],[110.662852,21.337226],[110.677582,21.348538],[110.664561,21.348375],[110.655528,21.34276],[110.648936,21.333319],[110.643321,21.321845],[110.641856,21.337307],[110.635753,21.346422],[110.631847,21.355373],[110.636485,21.370266],[110.644786,21.374579],[110.671641,21.381293],[110.692393,21.399156],[110.72462,21.403144],[110.755382,21.413398],[110.766368,21.444729],[110.76002,21.444729],[110.727306,21.418891],[110.63559,21.381049],[110.61671,21.345404],[110.615733,21.301215],[110.619721,21.290758],[110.643321,21.252916],[110.636485,21.23017],[110.616954,21.229682],[110.575206,21.246731],[110.577159,21.240383],[110.58017,21.234605],[110.584076,21.229682],[110.588715,21.225572],[110.481456,21.21719],[110.463227,21.212144],[110.447602,21.203599],[110.431163,21.191474],[110.424327,21.191474],[110.427013,21.206],[110.435557,21.226304],[110.437348,21.239244],[110.433442,21.251288],[110.427013,21.261542],[110.425792,21.269232],[110.437348,21.273383],[110.435802,21.279202],[110.433116,21.282864],[110.429291,21.285346],[110.424327,21.287665],[110.427338,21.28856],[110.429942,21.288479],[110.431488,21.289496],[110.431163,21.293891],[110.437348,21.293891],[110.4463,21.289984],[110.456635,21.287746],[110.466319,21.283433],[110.472667,21.273383],[110.478852,21.273383],[110.480317,21.281684],[110.482188,21.286566],[110.486339,21.293891],[110.486339,21.301337],[110.478852,21.301337],[110.473155,21.295478],[110.466075,21.296088],[110.457042,21.299302],[110.444835,21.301337],[110.444835,21.307563],[110.486339,21.328681],[110.486339,21.335517],[110.478038,21.336371],[110.472667,21.334906],[110.468761,21.332017],[110.465343,21.328681],[110.465343,21.348538],[110.451182,21.331977],[110.441905,21.314358],[110.43393,21.308783],[110.424327,21.328681],[110.42392,21.34162],[110.437348,21.397528],[110.431163,21.397528],[110.419526,21.377427],[110.400971,21.38703],[110.368988,21.424872],[110.378673,21.437486],[110.383149,21.441474],[110.389496,21.444729],[110.389496,21.452135],[110.35849,21.435736],[110.372081,21.403022],[110.394379,21.364],[110.389496,21.328681],[110.385834,21.331488],[110.376475,21.335517],[110.38266,21.321845],[110.368175,21.325344],[110.344981,21.338853],[110.328136,21.342271],[110.328136,21.335517],[110.341401,21.330024],[110.3567,21.319159],[110.366303,21.306098],[110.362804,21.293891],[110.362804,21.287665],[110.37379,21.280585],[110.384858,21.271064],[110.393403,21.260403],[110.396983,21.249823],[110.399018,21.245551],[110.408214,21.238023],[110.410655,21.232367],[110.409923,21.223782],[110.407481,21.216986],[110.404552,21.212063],[110.403168,21.208482],[110.402354,21.193671],[110.399425,21.176581],[110.394054,21.162543],[110.386078,21.156724],[110.375336,21.152655],[110.347423,21.133205],[110.333751,21.11636],[110.315278,21.107652],[110.280284,21.095893],[110.269298,21.089179],[110.221772,21.03266],[110.218842,21.027574],[110.210216,21.034573],[110.205577,21.049384],[110.203868,21.066962],[110.2046,21.082221],[110.195567,21.071275],[110.190684,21.059068],[110.184093,21.03384],[110.177826,21.020087],[110.156749,20.986029],[110.143077,20.992255],[110.143077,20.986029],[110.154796,20.977281],[110.155121,20.961982],[110.150971,20.943183],[110.149262,20.923977],[110.154145,20.90644],[110.171641,20.877021],[110.177257,20.862494],[110.167247,20.872992],[110.164154,20.876776],[110.156749,20.876776],[110.160655,20.867906],[110.161876,20.862209],[110.160655,20.856676],[110.156749,20.848863],[110.160737,20.847846],[110.162934,20.847886],[110.16391,20.846747],[110.164154,20.842027],[110.168712,20.842678],[110.169444,20.84394],[110.168793,20.846096],[110.170421,20.848863],[110.177501,20.84748],[110.180186,20.846015],[110.18336,20.846096],[110.191498,20.848863],[110.191498,20.835842],[110.211681,20.840522],[110.28712,20.842027],[110.300792,20.852118],[110.319672,20.859931],[110.335785,20.858832],[110.341807,20.842027],[110.348643,20.848863],[110.355235,20.839667],[110.361095,20.835883],[110.365815,20.838568],[110.368988,20.848863],[110.386241,20.825995],[110.40268,20.790107],[110.409434,20.750963],[110.396983,20.718492],[110.383556,20.713446],[110.368988,20.719672],[110.356456,20.732327],[110.348643,20.746405],[110.34726,20.761786],[110.348155,20.803046],[110.341807,20.821519],[110.333751,20.805732],[110.328624,20.79975],[110.3213,20.794257],[110.333018,20.778754],[110.332123,20.76789],[110.32252,20.759955],[110.307628,20.753241],[110.314464,20.746405],[110.310639,20.745063],[110.308849,20.745103],[110.308116,20.743964],[110.307628,20.738959],[110.337494,20.725816],[110.329438,20.707221],[110.308849,20.683987],[110.300792,20.65705],[110.307709,20.660386],[110.313487,20.664862],[110.317963,20.6706],[110.3213,20.677558],[110.328136,20.677558],[110.3296,20.664455],[110.32838,20.652655],[110.323741,20.643052],[110.314464,20.636542],[110.325938,20.630764],[110.339366,20.631537],[110.352143,20.636542],[110.362804,20.643378],[110.362804,20.622301],[110.371837,20.634345],[110.380626,20.633775],[110.389171,20.625922],[110.396983,20.616116],[110.391938,20.606757],[110.397472,20.595445],[110.408539,20.585924],[110.425141,20.580064],[110.442963,20.570868],[110.451671,20.567694],[110.458018,20.567369],[110.472667,20.56859],[110.478852,20.567694],[110.495209,20.553168],[110.511485,20.527899],[110.53419,20.478258],[110.515391,20.43476],[110.502289,20.412746],[110.482677,20.403225],[110.475352,20.39765],[110.458507,20.36225],[110.40683,20.305162],[110.399994,20.300767],[110.37672,20.305243],[110.362071,20.304877],[110.355479,20.297349],[110.34433,20.279242],[110.319672,20.269721],[110.294037,20.262926],[110.280284,20.252997],[110.265636,20.264146],[110.256358,20.269355],[110.245616,20.273424],[110.237153,20.27497],[110.208018,20.273424],[110.196625,20.27025],[110.192638,20.263251],[110.191173,20.256171],[110.187755,20.252997],[110.127533,20.247992],[110.10963,20.252997],[110.09311,20.270575],[110.085704,20.273424],[110.077647,20.274563],[110.069835,20.277777],[110.063731,20.283026],[110.061127,20.290229],[110.057628,20.296373],[110.04892,20.300238],[110.037852,20.301703],[110.02711,20.300767],[110.021576,20.297024],[110.011811,20.283677],[110.005951,20.280341],[110.000987,20.280829],[109.995209,20.282782],[109.991466,20.28498],[109.992279,20.286526],[109.965831,20.280951],[109.950938,20.272162],[109.944428,20.25609],[109.941417,20.251858],[109.93393,20.244127],[109.924897,20.238267],[109.917247,20.239325],[109.914561,20.248481],[109.917247,20.259955],[109.921723,20.26968],[109.924083,20.273424],[109.928559,20.294582],[109.930919,20.317816],[109.928722,20.326361],[109.919444,20.342231],[109.917247,20.352281],[109.885753,20.36636],[109.874115,20.376288],[109.889903,20.382717],[109.862804,20.406317],[109.865733,20.410061],[109.878917,20.410875],[109.888031,20.414049],[109.893809,20.420478],[109.896088,20.431098],[109.903575,20.431098],[109.914887,20.418647],[109.945811,20.395738],[109.9581,20.382717],[109.974864,20.354641],[109.982432,20.351549],[109.985444,20.372138],[109.992442,20.384955],[110.006114,20.40119],[110.015473,20.418402],[110.009776,20.434231],[109.983979,20.453192],[109.97226,20.464545],[109.964936,20.478258],[109.962983,20.471991],[109.96046,20.466254],[109.958507,20.459906],[109.9581,20.451606],[109.943614,20.460679],[109.93922,20.473863],[109.937511,20.489651],[109.930919,20.506252],[109.929942,20.471381],[109.927013,20.454901],[109.917247,20.44477],[109.914806,20.457017],[109.909516,20.471177],[109.902924,20.484198],[109.896088,20.49258],[109.882823,20.497748],[109.849701,20.500922],[109.835216,20.506252],[109.827485,20.511461],[109.822113,20.516547],[109.819591,20.523505],[109.821056,20.534125],[109.825694,20.542792],[109.831798,20.544582],[109.837494,20.544379],[109.841401,20.547187],[109.843761,20.557074],[109.845225,20.581122],[109.848237,20.595649],[109.841401,20.595649],[109.827729,20.554633],[109.821056,20.554633],[109.818858,20.589097],[109.802013,20.616278],[109.77589,20.631334],[109.74586,20.629788],[109.75172,20.645413],[109.750255,20.660468],[109.751557,20.673733],[109.765717,20.684394],[109.775157,20.686184],[109.779796,20.683539],[109.785248,20.679592],[109.79713,20.677558],[109.805919,20.679511],[109.812755,20.684516],[109.827729,20.697984],[109.830658,20.693671],[109.837006,20.689154],[109.841401,20.684394],[109.844249,20.689683],[109.848888,20.696275],[109.854096,20.70185],[109.858735,20.70425],[109.861908,20.708157],[109.860444,20.715481],[109.854747,20.719916],[109.829438,20.707913],[109.813975,20.708441],[109.801036,20.706285],[109.793712,20.691148],[109.786876,20.691148],[109.760265,20.729967],[109.75644,20.749701],[109.773204,20.766913],[109.763438,20.776557],[109.758149,20.792792],[109.760265,20.807807],[109.773204,20.814114],[109.773204,20.821519],[109.752045,20.842027],[109.752045,20.848863],[109.759532,20.848863],[109.759532,20.855048],[109.753022,20.863715],[109.745372,20.867662],[109.737804,20.865383],[109.731537,20.855048],[109.739024,20.807847],[109.728363,20.815131],[109.713878,20.833686],[109.704356,20.842027],[109.706798,20.831855],[109.717865,20.807847],[109.689464,20.835395],[109.665619,20.880927],[109.661225,20.927558],[109.691254,20.958726],[109.678966,20.973863],[109.680675,20.994452],[109.69752,21.040595],[109.700776,21.03856],[109.708507,21.035875],[109.711681,21.03384],[109.709809,21.057196],[109.699962,21.082994],[109.685557,21.106594],[109.670177,21.123236],[109.676606,21.138495],[109.695893,21.170111],[109.704356,21.178453],[109.720225,21.183417],[109.728363,21.177883],[109.73642,21.169013],[109.752045,21.16413],[109.746674,21.179674],[109.754893,21.192939],[109.7671,21.204535],[109.773204,21.215399],[109.770274,21.271308],[109.765717,21.280829],[109.765717,21.287665],[109.773529,21.299709],[109.773936,21.318671],[109.765717,21.355943],[109.776378,21.353664],[109.783702,21.348293],[109.787364,21.339911],[109.786876,21.328681],[109.799815,21.332913],[109.803477,21.341213],[109.803966,21.350043],[109.807384,21.355943],[109.816254,21.357571],[109.841401,21.355943],[109.924083,21.362779],[109.924083,21.370266],[109.904796,21.390692],[109.917572,21.413804],[109.940522,21.437201],[109.951264,21.458401],[109.933442,21.453803],[109.924571,21.465033],[109.927257,21.479804],[109.944428,21.485663],[109.944428,21.493109],[109.917979,21.489407],[109.886974,21.481513],[109.858979,21.482815],[109.841401,21.506781],[109.827729,21.493109],[109.827729,21.485663],[109.835216,21.485663],[109.835216,21.480129],[109.826915,21.470526],[109.823741,21.465033],[109.821056,21.458401],[109.81422,21.458401],[109.802745,21.473334],[109.799083,21.498603],[109.800548,21.554592],[109.783295,21.546373],[109.770112,21.551581],[109.765147,21.563381],[109.773204,21.5751],[109.773204,21.581855],[109.748057,21.574937],[109.748057,21.574612],[109.747813,21.545233],[109.760265,21.511623],[109.773204,21.493109],[109.773204,21.485663],[109.765717,21.485663],[109.765717,21.493109],[109.759532,21.493109],[109.741466,21.474026],[109.708588,21.483303],[109.649669,21.520453],[109.659923,21.528062],[109.668224,21.559638],[109.677013,21.5751],[109.67335,21.582099],[109.671723,21.596625],[109.670177,21.602973],[109.673676,21.606391],[109.676768,21.610053],[109.677989,21.615302],[109.677013,21.62344],[109.658783,21.614936],[109.637218,21.60163],[109.625255,21.585395],[109.635997,21.568264],[109.628917,21.56684],[109.622325,21.567816],[109.615815,21.570705],[109.608002,21.5751],[109.608002,21.581855],[109.612804,21.589789],[109.613536,21.601223],[109.61085,21.611518],[109.604991,21.616034],[109.603038,21.620592],[109.615489,21.650133],[109.594493,21.634182],[109.585297,21.630845],[109.581391,21.640204],[109.579926,21.650458],[109.575938,21.659369],[109.569428,21.66649],[109.560883,21.671291],[109.56422,21.69123],[109.567719,21.698554],[109.560802,21.707261],[109.567882,21.719957],[109.581554,21.732367],[109.594493,21.74018],[109.594493,21.746405],[109.583344,21.744534],[109.574962,21.745673],[109.569428,21.750637],[109.567719,21.759996],[109.492686,21.698554],[109.498057,21.69538],[109.500987,21.691881],[109.503266,21.688381],[109.506196,21.684963],[109.503022,21.684516],[109.495942,21.685004],[109.492686,21.684963],[109.492686,21.678127],[109.499278,21.680162],[109.513438,21.682685],[109.519867,21.684963],[109.521007,21.665758],[109.506358,21.65766],[109.484711,21.658026],[109.464692,21.664455],[109.464692,21.65762],[109.529877,21.635688],[109.540538,21.626899],[109.543224,21.619574],[109.572765,21.581732],[109.571056,21.576239],[109.564952,21.57274],[109.560883,21.568264],[109.562266,21.536933],[109.560883,21.526679],[109.556977,21.521552],[109.543305,21.508246],[109.540538,21.503079],[109.530772,21.491645],[109.48585,21.474311],[109.472179,21.465806],[109.466889,21.47484],[109.465831,21.482896],[109.467865,21.490871],[109.472179,21.499335],[109.463878,21.492987],[109.4546,21.481838],[109.447276,21.47012],[109.444184,21.462104],[109.438243,21.455064],[109.424408,21.452379],[109.343761,21.453518],[109.335216,21.458157],[109.320811,21.480129],[109.315522,21.459052],[109.29892,21.443264],[109.277599,21.436998],[109.258637,21.444729],[109.253754,21.440334],[109.250255,21.4383],[109.247651,21.436265],[109.244965,21.431627],[109.23878,21.431627],[109.237153,21.458686],[109.23878,21.485663],[109.227061,21.472235],[109.219737,21.449123],[109.21461,21.417426],[109.171967,21.417548],[109.157074,21.423529],[109.149425,21.438544],[109.144298,21.427558],[109.144623,21.417955],[109.148936,21.40998],[109.156261,21.403754],[109.138682,21.401597],[109.096446,21.425198],[109.077403,21.431627],[109.050141,21.437161],[109.039806,21.450263],[109.043712,21.466254],[109.060069,21.480129],[109.08253,21.486029],[109.109874,21.489569],[109.132823,21.495917],[109.142589,21.510199],[109.1421,21.553453],[109.135753,21.602973],[109.128917,21.602973],[109.12436,21.590969],[109.116059,21.590562],[109.107188,21.597968],[109.101085,21.609198],[109.094819,21.609198],[109.087413,21.599555],[109.077647,21.596991],[109.069672,21.60224],[109.066742,21.616034],[109.060069,21.616034],[109.056651,21.611558],[109.046397,21.602973],[109.049815,21.614081],[109.054698,21.622056],[109.066742,21.636542],[109.066742,21.643948],[109.048432,21.636908],[109.013764,21.615383],[108.992442,21.609198],[108.970225,21.60635],[108.958995,21.606594],[108.944591,21.609198],[108.927989,21.615058],[108.920746,21.622016],[108.906505,21.650824],[108.901703,21.665188],[108.897472,21.671291],[108.891612,21.672675],[108.875499,21.670152],[108.869477,21.671291],[108.85727,21.683417],[108.855235,21.684963],[108.855235,21.694281],[108.860362,21.697903],[108.866466,21.700181],[108.869477,21.70539],[108.864268,21.731879],[108.86142,21.733344],[108.865489,21.739732],[108.867442,21.7414],[108.869965,21.742336],[108.875743,21.746405],[108.885997,21.750434],[108.916596,21.753811],[108.922374,21.762885],[108.924083,21.766832],[108.91684,21.76435],[108.904307,21.762763],[108.897472,21.759996],[108.903087,21.774319],[108.893809,21.771552],[108.886322,21.767157],[108.880626,21.761176],[108.875743,21.753811],[108.869477,21.753811],[108.86142,21.759996],[108.86142,21.766832],[108.866954,21.774156],[108.875743,21.800971],[108.869477,21.800971],[108.858246,21.787299],[108.855235,21.781155],[108.849864,21.791693],[108.850678,21.800523],[108.855235,21.808173],[108.86142,21.815253],[108.840831,21.811591],[108.801362,21.818345],[108.779552,21.815253],[108.78891,21.81094],[108.821056,21.800971],[108.817393,21.796576],[108.816254,21.793362],[108.815929,21.789008],[108.81422,21.781155],[108.832612,21.78384],[108.84254,21.768052],[108.843516,21.745022],[108.834727,21.725816],[108.828949,21.720038],[108.822113,21.715033],[108.816661,21.716376],[108.81422,21.729641],[108.814057,21.741116],[108.812104,21.752427],[108.805919,21.75845],[108.793061,21.753811],[108.798595,21.748277],[108.800548,21.744818],[108.799897,21.733344],[108.796641,21.736965],[108.795177,21.737982],[108.792817,21.73843],[108.786876,21.74018],[108.793061,21.733344],[108.789806,21.729153],[108.786388,21.727851],[108.78297,21.727444],[108.779552,21.725816],[108.799897,21.725816],[108.799897,21.719062],[108.793061,21.719062],[108.793061,21.712836],[108.816661,21.699693],[108.834321,21.685736],[108.838634,21.668036],[108.821056,21.643948],[108.842377,21.646389],[108.851817,21.645982],[108.86142,21.643948],[108.849946,21.625963],[108.833995,21.627997],[108.81544,21.637926],[108.796479,21.643948],[108.787364,21.641425],[108.782074,21.635484],[108.778087,21.62873],[108.772716,21.62344],[108.762787,21.620551],[108.745942,21.620266],[108.738536,21.616034],[108.745372,21.602973],[108.73349,21.612738],[108.731293,21.629462],[108.72755,21.644761],[108.711192,21.650133],[108.711192,21.65762],[108.733165,21.662421],[108.740326,21.660142],[108.745372,21.650133],[108.751557,21.650133],[108.751557,21.691718],[108.742442,21.684149],[108.740245,21.679999],[108.738536,21.671291],[108.7317,21.671291],[108.712657,21.688422],[108.715424,21.709133],[108.724701,21.729722],[108.724864,21.746405],[108.717865,21.74315],[108.711192,21.746405],[108.70045,21.72248],[108.694102,21.712144],[108.683197,21.70539],[108.674571,21.715399],[108.654307,21.723538],[108.649181,21.733344],[108.658783,21.733222],[108.667003,21.734849],[108.683197,21.74018],[108.683197,21.746405],[108.665375,21.751858],[108.652599,21.749986],[108.646332,21.75137],[108.649181,21.766832],[108.65561,21.778225],[108.664806,21.787177],[108.673106,21.798],[108.677013,21.815253],[108.669688,21.815253],[108.667003,21.809516],[108.660167,21.801337],[108.656016,21.794827],[108.64975,21.814154],[108.649181,21.822089],[108.642345,21.822089],[108.643077,21.809394],[108.642182,21.796861],[108.639659,21.78498],[108.635509,21.774319],[108.628673,21.774319],[108.623302,21.783515],[108.621837,21.787909],[108.615001,21.787909],[108.625011,21.767808],[108.629161,21.75609],[108.628673,21.746405],[108.594493,21.74018],[108.593761,21.754828],[108.597504,21.766547],[108.607514,21.787909],[108.580577,21.781317],[108.569428,21.794379],[108.571381,21.812812],[108.584239,21.822089],[108.600597,21.830634],[108.622081,21.87108],[108.635509,21.884182],[108.635509,21.890326],[108.622569,21.896226],[108.594493,21.91767],[108.594086,21.9112],[108.592296,21.906806],[108.589692,21.902899],[108.587657,21.897854],[108.583344,21.900539],[108.5796,21.901801],[108.567149,21.904608],[108.570893,21.901272],[108.573985,21.89997],[108.576996,21.899359],[108.580821,21.897854],[108.570323,21.893378],[108.560313,21.895494],[108.553722,21.903754],[108.552989,21.91767],[108.558116,21.923651],[108.566905,21.927802],[108.573822,21.935452],[108.573334,21.951809],[108.567149,21.951809],[108.566987,21.948554],[108.567393,21.941962],[108.567149,21.938788],[108.559825,21.938788],[108.55836,21.942572],[108.552989,21.951809],[108.550548,21.935452],[108.545665,21.923814],[108.53769,21.914496],[108.525645,21.904608],[108.521495,21.906724],[108.505138,21.910834],[108.505138,21.904608],[108.510753,21.901597],[108.513194,21.898505],[108.515391,21.894924],[108.518809,21.890326],[108.50172,21.88581],[108.484874,21.877102],[108.478363,21.8664],[108.491466,21.856269],[108.463145,21.862982],[108.460704,21.887112],[108.477794,21.945014],[108.470225,21.940253],[108.464692,21.934312],[108.460704,21.926947],[108.458018,21.91767],[108.457286,21.888332],[108.448741,21.86579],[108.455658,21.848782],[108.469574,21.832953],[108.48463,21.822089],[108.481537,21.821479],[108.470958,21.822089],[108.472016,21.817532],[108.473888,21.814439],[108.476085,21.811713],[108.477794,21.807807],[108.488292,21.814765],[108.497081,21.809027],[108.50294,21.797593],[108.505138,21.787909],[108.501964,21.776679],[108.496104,21.768256],[108.491303,21.757717],[108.491466,21.74018],[108.482188,21.743598],[108.475922,21.74433],[108.47047,21.743069],[108.463471,21.74018],[108.475434,21.736762],[108.486827,21.731879],[108.496918,21.725898],[108.505138,21.719062],[108.505138,21.712836],[108.491466,21.712836],[108.49171,21.708686],[108.493907,21.705878],[108.495046,21.705634],[108.497651,21.70539],[108.496349,21.704779],[108.493826,21.70539],[108.477794,21.70539],[108.477794,21.698554],[108.48642,21.697252],[108.496349,21.692939],[108.505138,21.691718],[108.505138,21.684963],[108.501475,21.680365],[108.500824,21.680325],[108.502289,21.679145],[108.505138,21.671291],[108.513031,21.700181],[108.520112,21.712633],[108.533051,21.719062],[108.530528,21.710191],[108.525971,21.70539],[108.521495,21.702297],[108.518809,21.698554],[108.517914,21.689276],[108.520763,21.680569],[108.518809,21.671291],[108.524018,21.675605],[108.527924,21.67768],[108.531016,21.679877],[108.533051,21.684963],[108.53712,21.68537],[108.538585,21.684027],[108.539317,21.678127],[108.542247,21.683824],[108.552989,21.698554],[108.559825,21.698554],[108.56544,21.678534],[108.557221,21.671617],[108.545177,21.666083],[108.539317,21.650133],[108.548839,21.656195],[108.552989,21.65762],[108.546886,21.643052],[108.535981,21.638007],[108.523448,21.639309],[108.511974,21.643948],[108.511974,21.636542],[108.517345,21.634955],[108.521007,21.633002],[108.525401,21.631171],[108.533051,21.630316],[108.530528,21.62051],[108.526866,21.614244],[108.521007,21.610785],[108.511974,21.609198],[108.516612,21.599189],[108.518809,21.595526],[108.490489,21.583686],[108.481212,21.581855],[108.480072,21.587836],[108.481781,21.599514],[108.489106,21.607611],[108.505138,21.602973],[108.505138,21.609198],[108.491466,21.62344],[108.478526,21.606147],[108.471772,21.600491],[108.463471,21.595526],[108.469981,21.5869],[108.471202,21.581204],[108.467133,21.577541],[108.458018,21.5751],[108.458018,21.568264],[108.461029,21.567857],[108.470958,21.568264],[108.470958,21.561998],[108.420014,21.556871],[108.40211,21.559801],[108.389659,21.5751],[108.390636,21.595364],[108.406749,21.600246],[108.420909,21.594224],[108.416352,21.581855],[108.431895,21.583238],[108.438731,21.594184],[108.443696,21.62344],[108.437511,21.62344],[108.432465,21.618109],[108.427582,21.616685],[108.422374,21.61872],[108.416352,21.62344],[108.416352,21.630316],[108.421235,21.635159],[108.427338,21.639146],[108.434825,21.642157],[108.443696,21.643948],[108.441417,21.652086],[108.44809,21.658108],[108.459483,21.662095],[108.470958,21.664455],[108.470958,21.671291],[108.423432,21.663275],[108.409679,21.664455],[108.423595,21.679389],[108.427013,21.68773],[108.423839,21.698554],[108.420909,21.693183],[108.413585,21.684801],[108.409679,21.678127],[108.408051,21.683295],[108.406993,21.683295],[108.403331,21.684963],[108.39796,21.672838],[108.385997,21.672919],[108.337657,21.697455],[108.335948,21.706855],[108.341319,21.725816],[108.321544,21.709662],[108.311371,21.681708],[108.312755,21.651842],[108.327647,21.630316],[108.306488,21.630316],[108.311127,21.61994],[108.313975,21.616034],[108.306407,21.612738],[108.300792,21.607245],[108.296641,21.599433],[108.293468,21.589301],[108.309093,21.588935],[108.313975,21.589301],[108.313975,21.581855],[108.30714,21.578111],[108.289561,21.564032],[108.285981,21.558295],[108.283783,21.544745],[108.277843,21.540107],[108.269135,21.538642],[108.258637,21.534084],[108.22641,21.508002],[108.211029,21.500637],[108.210297,21.513617],[108.21933,21.529364],[108.244965,21.564358],[108.251964,21.581855],[108.252778,21.588528],[108.252533,21.595282],[108.24936,21.603095],[108.24171,21.612616],[108.226817,21.625556],[108.227875,21.632066],[108.238292,21.643948],[108.216889,21.635403],[108.210297,21.630316],[108.209809,21.63349],[108.210297,21.643948],[108.206065,21.642564],[108.200938,21.638617],[108.197276,21.636542],[108.204682,21.631008],[108.208832,21.623928],[108.208832,21.616197],[108.204112,21.609198],[108.204112,21.602973],[108.210297,21.602973],[108.176362,21.575751],[108.15797,21.571519],[108.135265,21.581855],[108.128429,21.5751],[108.132335,21.565375],[108.128266,21.56273],[108.120942,21.566311],[108.114757,21.5751],[108.105805,21.559068],[108.092784,21.558661],[108.078461,21.563218],[108.066254,21.561998],[108.076996,21.545478],[108.071056,21.536566],[108.056895,21.536038],[108.031993,21.551907],[108.0171,21.555243],[108.002289,21.554267],[107.991222,21.548407],[108.027354,21.523342],[108.039561,21.520453],[108.018647,21.518948],[108.011241,21.506537],[108.013682,21.492418],[108.022227,21.485663],[108.036225,21.488227],[108.047618,21.49315],[108.061046,21.496161],[108.080577,21.493109],[108.080577,21.485663],[108.043224,21.481635],[108.016612,21.470364],[107.970714,21.431627],[107.963878,21.431627],[107.965343,21.447333],[107.972667,21.460273],[107.991222,21.480129],[107.991222,21.485663],[107.969981,21.475775],[107.948578,21.454983],[107.929698,21.442613],[107.916026,21.458401],[107.91627,21.468248],[107.921235,21.474799],[107.927013,21.479315],[107.929698,21.482856],[107.928559,21.490546],[107.926036,21.495917],[107.923432,21.499945],[107.922211,21.503079],[107.918712,21.517524],[107.909679,21.526516],[107.896739,21.531562],[107.881928,21.534084],[107.8838,21.52676],[107.88266,21.522528],[107.875092,21.513617],[107.868419,21.513617],[107.862804,21.530219],[107.855968,21.520941],[107.847911,21.493109],[107.835948,21.488349],[107.828868,21.49494],[107.825938,21.508979],[107.826671,21.526679],[107.820567,21.526679],[107.812999,21.520453],[107.812999,21.513617],[107.817393,21.509345],[107.81894,21.506252],[107.820567,21.493109],[107.812999,21.493109],[107.806895,21.506781],[107.800059,21.499335],[107.796235,21.519477],[107.783458,21.524319],[107.766856,21.520209],[107.752208,21.513617],[107.752208,21.506781],[107.768321,21.506903],[107.780365,21.503079],[107.788585,21.494452],[107.792572,21.480129],[107.778901,21.485663],[107.781098,21.479153],[107.783946,21.464911],[107.786388,21.458401],[107.775645,21.458564],[107.767589,21.455715],[107.761811,21.450751],[107.758556,21.444729],[107.765229,21.438544],[107.748546,21.4112],[107.730317,21.411811],[107.721446,21.410875],[107.717377,21.407457],[107.711518,21.398912],[107.69809,21.398383],[107.684174,21.403266],[107.676524,21.4112],[107.669037,21.4112],[107.666026,21.406806],[107.662852,21.403754],[107.662852,21.397528],[107.669444,21.385443],[107.663422,21.378079],[107.650238,21.376858],[107.63502,21.383246],[107.637299,21.377753],[107.637218,21.375434],[107.637787,21.373725],[107.642345,21.370266],[107.642345,21.362779],[107.634125,21.358588],[107.631196,21.354478],[107.633881,21.349351],[107.642345,21.342271],[107.635753,21.341376],[107.621349,21.335517],[107.625336,21.333726],[107.62672,21.333889],[107.627208,21.333157],[107.628754,21.328681],[107.624115,21.330715],[107.608165,21.335517],[107.603526,21.310492],[107.599213,21.298774],[107.590587,21.293891],[107.573741,21.294745],[107.562266,21.298041],[107.554047,21.304511],[107.546886,21.315009],[107.542572,21.326565],[107.540375,21.337348],[107.535167,21.345364],[107.522309,21.348538],[107.521983,21.344306],[107.525971,21.334418],[107.528819,21.323228],[107.525157,21.315009],[107.525157,21.307563],[107.537446,21.301947],[107.526622,21.298774],[107.504487,21.298407],[107.484141,21.301337],[107.481781,21.301337],[107.472179,21.303697],[107.461681,21.309272],[107.456798,21.318345],[107.450938,21.320502],[107.415294,21.328681],[107.409028,21.315009],[107.416026,21.308539],[107.443126,21.293891],[107.443126,21.287665],[107.423595,21.279608],[107.391612,21.280422],[107.367442,21.273383],[107.367442,21.266588],[107.373302,21.258979],[107.37086,21.253363],[107.364838,21.247626],[107.360606,21.239244],[107.358897,21.20307],[107.35434,21.191474],[107.362071,21.185614],[107.370697,21.181627],[107.379649,21.180976],[107.388438,21.184638],[107.382335,21.139797],[107.375499,21.116156],[107.360606,21.102118],[107.366303,21.093492],[107.367442,21.087877],[107.363536,21.084418],[107.35434,21.082221],[107.358246,21.067328],[107.360362,21.052436],[107.36435,21.040351],[107.374278,21.03384],[107.374278,21.027574],[107.357677,21.015204],[107.347748,21.009955],[107.333832,21.005845],[107.311046,21.005276],[107.292328,21.004625],[107.279552,20.999701],[107.266449,21.004299],[107.245291,21.003079],[107.224132,20.998236],[107.211192,20.992255],[107.216319,20.99022],[107.219574,20.988227],[107.223806,20.98664],[107.23113,20.986029],[107.23113,20.979193],[107.214854,20.975246],[107.19337,20.952704],[107.197032,20.937649],[107.181895,20.936754],[107.170909,20.93358],[107.160899,20.93244],[107.149181,20.937649],[107.149181,20.930813],[107.1338,20.94481],[107.084972,20.951402],[107.066091,20.958726],[107.066091,20.964911],[107.095225,21.000474],[107.149181,21.03384],[107.149181,21.040595],[107.135997,21.03974],[107.123057,21.037258],[107.111176,21.033108],[107.101329,21.027574],[107.096853,21.021064],[107.095388,21.014065],[107.092459,21.008246],[107.083751,21.005845],[107.079763,21.009101],[107.081065,21.016303],[107.084727,21.023668],[107.087169,21.027574],[107.082774,21.030178],[107.082367,21.030992],[107.080333,21.03384],[107.072276,21.017076],[107.063243,21.009345],[107.057628,21.013861],[107.059825,21.03384],[107.052989,21.03384],[107.053477,21.023017],[107.052501,21.013658],[107.050141,21.005927],[107.046153,20.999701],[107.046886,21.013983],[107.044607,21.025092],[107.037934,21.032172],[107.025645,21.03384],[107.025645,21.027574],[107.029145,21.024563],[107.034679,21.017808],[107.039317,21.013373],[107.036143,21.013007],[107.025645,21.013373],[107.039317,20.999701],[107.025157,20.999823],[107.015636,21.00434],[106.997813,21.020168],[106.995453,21.006415],[107.020844,20.986396],[107.025645,20.972357],[107.016775,20.957668],[107.000987,20.951077],[106.982107,20.949937],[106.963634,20.951239],[106.946951,20.954291],[106.931895,20.959418],[106.9192,20.965766],[106.908946,20.972357],[106.884613,20.993232],[106.873383,20.997138],[106.867442,20.986029],[106.863536,20.991604],[106.860199,20.993109],[106.85377,20.992255],[106.882823,20.960517],[106.895274,20.951239],[106.916352,20.941107],[106.922048,20.937649],[106.926117,20.930976],[106.928233,20.922756],[106.932384,20.915188],[106.943126,20.910305],[106.943126,20.90351],[106.917247,20.904039],[106.901703,20.907864],[106.891449,20.918036],[106.881602,20.937649],[106.874278,20.937649],[106.875499,20.928697],[106.878429,20.92121],[106.882335,20.915107],[106.88795,20.910305],[106.867931,20.882717],[106.859874,20.88939],[106.852224,20.90998],[106.833263,20.923977],[106.836681,20.929145],[106.83546,20.930609],[106.833263,20.937649],[106.826427,20.937649],[106.806,20.932074],[106.783214,20.942572],[106.772472,20.957424],[106.788829,20.964911],[106.806895,20.96601],[106.816905,20.969468],[106.820649,20.97602],[106.819591,20.986029],[106.812836,20.990627],[106.802419,20.995185],[106.798676,21.001939],[106.812185,21.013373],[106.805675,21.019843],[106.798106,21.024807],[106.789317,21.027533],[106.778575,21.027574],[106.780772,21.024115],[106.783214,21.016669],[106.785411,21.013373],[106.76238,21.015326],[106.746104,21.024563],[106.730805,21.029853],[106.710297,21.020168],[106.710297,21.013373],[106.717784,21.013373],[106.717784,21.005845],[106.680349,21.020453],[106.658702,21.024848],[106.6421,21.020168],[106.650727,21.018012],[106.65268,21.017524],[106.682953,21.005845],[106.682953,20.999701],[106.67628,21.001899],[106.655772,21.005845],[106.655772,20.999701],[106.665538,20.990546],[106.669119,20.979967],[106.671072,20.969062],[106.67628,20.958726],[106.686697,20.952704],[106.711925,20.951565],[106.733735,20.942206],[106.746104,20.942328],[106.755138,20.938544],[106.7588,20.920844],[106.756684,20.907904],[106.747244,20.894721],[106.744477,20.883002],[106.738292,20.883002],[106.717784,20.90351],[106.699962,20.882758],[106.70753,20.870754],[106.726899,20.861396],[106.744477,20.848863],[106.75294,20.825751],[106.749197,20.804348],[106.736583,20.794989],[106.717784,20.807847],[106.72462,20.790025],[106.738455,20.769721],[106.755626,20.751207],[106.772472,20.738959],[106.778575,20.746405],[106.788829,20.730536],[106.805919,20.677558],[106.785167,20.692288],[106.776134,20.701117],[106.772472,20.707953],[106.7671,20.713446],[106.755626,20.709296],[106.744884,20.701972],[106.741466,20.697984],[106.732677,20.696601],[106.725597,20.693752],[106.71697,20.691311],[106.704112,20.691148],[106.675548,20.698635],[106.662608,20.697984],[106.662608,20.691148],[106.687511,20.681342],[106.702891,20.671576],[106.703136,20.659654],[106.682953,20.643378],[106.669688,20.636461],[106.654063,20.630805],[106.637543,20.628079],[106.620942,20.629788],[106.612315,20.635484],[106.598155,20.655097],[106.586762,20.663275],[106.592621,20.648098],[106.593598,20.646715],[106.599376,20.638414],[106.614268,20.622301],[106.619395,20.618598],[106.624034,20.618801],[106.627208,20.616604],[106.628429,20.605862],[106.627452,20.600084],[106.624766,20.594631],[106.621349,20.590399],[106.604747,20.584418],[106.58253,20.565172],[106.518565,20.540961],[106.536143,20.531643],[106.550629,20.532416],[106.579926,20.547187],[106.579926,20.540961],[106.567719,20.524888],[106.57488,20.510728],[106.584483,20.496039],[106.579926,20.478258],[106.573741,20.477118],[106.545421,20.467597],[106.542491,20.465277],[106.536957,20.462063],[106.529796,20.454413],[106.523204,20.445217],[106.518565,20.437323],[106.52475,20.437323],[106.538097,20.446234],[106.561697,20.455064],[106.584239,20.457831],[106.594249,20.448188],[106.590587,20.404731],[106.584158,20.381822],[106.57309,20.368476],[106.568044,20.378079],[106.566417,20.382717],[106.566742,20.378892],[106.565684,20.376451],[106.563324,20.375474],[106.559581,20.375922],[106.577647,20.358954],[106.579776,20.350216],[106.583766,20.337975],[106.585489,20.322292],[106.588475,20.303275],[106.592593,20.275411],[106.581659,20.264177],[106.559581,20.286526],[106.549978,20.298977],[106.536957,20.309149],[106.521658,20.313463],[106.504405,20.308254],[106.498057,20.308254],[106.50294,20.300523],[106.504893,20.297431],[106.51295,20.29442],[106.520518,20.298407],[106.52475,20.308254],[106.548513,20.291449],[106.552745,20.286526],[106.556,20.277737],[106.566308,20.261077],[106.572325,20.246677],[106.569615,20.231994],[106.554268,20.224654],[106.541027,20.226066],[106.529291,20.222393],[106.504915,20.217025],[106.473155,20.215155],[106.460216,20.211982],[106.39503,20.204576],[106.39503,20.211982],[106.401866,20.211982],[106.401866,20.218207],[106.394705,20.217515],[106.390147,20.216295],[106.380707,20.211982],[106.380707,20.204576],[106.38795,20.197496],[106.381114,20.192084],[106.360199,20.184068],[106.353282,20.176825],[106.340343,20.14997],[106.305512,20.108588],[106.283702,20.094631],[106.259288,20.061265],[106.236176,20.048],[106.211925,20.021186],[106.197032,20.012763],[106.206391,20.03498],[106.210704,20.040107],[106.203298,20.047512],[106.195974,20.033433],[106.184093,20.003607],[106.176036,19.992336],[106.160899,19.984076],[106.124034,19.975002],[106.107107,19.964993],[106.10141,19.979967],[106.104503,19.995917],[106.11085,20.013414],[106.114513,20.033271],[106.107107,20.033271],[106.104015,20.017239],[106.088878,19.973863],[106.083507,19.964993],[106.068858,19.968492],[106.052745,19.977281],[106.039073,19.98843],[106.031912,19.999172],[106.025157,19.999172],[106.019786,19.986029],[106.008311,19.973456],[105.964366,19.935289],[105.955577,19.925482],[105.949474,19.910346],[105.949474,19.900824],[105.956554,19.885199],[105.956798,19.875637],[105.935802,19.848293],[105.93214,19.833441],[105.932302,19.805406],[105.928884,19.793647],[105.925792,19.797431],[105.915294,19.807318],[105.908946,19.796861],[105.894705,19.787299],[105.867442,19.773179],[105.873709,19.765692],[105.886974,19.771633],[105.915538,19.774482],[105.928884,19.780015],[105.92335,19.766791],[105.905447,19.743801],[105.901622,19.728217],[105.895274,19.72134],[105.881114,19.722154],[105.866954,19.721096],[105.860606,19.707994],[105.855968,19.691636],[105.833507,19.658149],[105.825938,19.642239],[105.824067,19.626614],[105.823904,19.598944],[105.819021,19.587592],[105.817556,19.610012],[105.803884,19.613023],[105.790863,19.603461],[105.791759,19.587592],[105.795746,19.59455],[105.802989,19.602932],[105.805431,19.60871],[105.810557,19.599595],[105.813162,19.589748],[105.813731,19.579047],[105.814708,19.574408],[105.819021,19.57392],[105.819347,19.536689],[105.808116,19.460761],[105.812755,19.423163],[105.798595,19.430569],[105.784923,19.403266],[105.771251,19.409491],[105.771251,19.403266],[105.782563,19.394355],[105.786876,19.383043],[105.791759,19.354885],[105.810069,19.321479],[105.812755,19.307034],[105.791759,19.320705],[105.7942,19.31094],[105.798595,19.299628],[105.805919,19.302151],[105.810802,19.299628],[105.808767,19.280178],[105.806244,19.274319],[105.805431,19.272284],[105.797537,19.26732],[105.788585,19.266832],[105.781016,19.264879],[105.772309,19.235989],[105.759532,19.235338],[105.745779,19.23725],[105.743419,19.23192],[105.731212,19.170233],[105.729828,19.133857],[105.737071,19.108466],[105.711762,19.096625],[105.701996,19.090481],[105.695567,19.081122],[105.668305,19.089545],[105.643809,19.065375],[105.624848,19.028469],[105.614268,18.998603],[105.613292,18.985541],[105.618663,18.976304],[105.621104,18.967841],[105.622244,18.954535],[105.629649,18.922309],[105.634776,18.909817],[105.648285,18.892727],[105.669932,18.874945],[105.694509,18.860785],[105.716645,18.85456],[105.716645,18.848334],[105.702891,18.834133],[105.698741,18.843004],[105.692882,18.849555],[105.684906,18.853461],[105.675059,18.85456],[105.685802,18.831285],[105.688731,18.826646],[105.695323,18.824693],[105.712657,18.826321],[105.720063,18.823554],[105.740977,18.801581],[105.751964,18.786322],[105.757579,18.77204],[105.742686,18.73078],[105.747081,18.72427],[105.756114,18.715969],[105.75766,18.696967],[105.754731,18.676256],[105.750743,18.662787],[105.77003,18.671576],[105.769867,18.695054],[105.766775,18.755601],[105.764415,18.758979],[105.783458,18.74726],[105.789724,18.718736],[105.790863,18.689683],[105.795177,18.676459],[105.802013,18.665432],[105.825938,18.593899],[105.879242,18.510932],[105.915294,18.47309],[105.949474,18.471015],[105.952159,18.452379],[105.958832,18.432563],[105.967784,18.41474],[105.977306,18.402086],[106.000499,18.385403],[106.008067,18.378485],[106.045746,18.332261],[106.098155,18.290025],[106.110118,18.275539],[106.112153,18.262885],[106.093435,18.258734],[106.103282,18.251532],[106.120128,18.254828],[106.141775,18.261786],[106.165782,18.26557],[106.181163,18.259711],[106.233653,18.220852],[106.240571,18.217108],[106.262218,18.209459],[106.270844,18.204088],[106.298839,18.169338],[106.332286,18.145209],[106.346039,18.132717],[106.354015,18.114691],[106.34669,18.114691],[106.336925,18.120673],[106.324067,18.118069],[106.312511,18.110175],[106.306326,18.100491],[106.319347,18.094224],[106.323741,18.097357],[106.327403,18.098782],[106.340343,18.100491],[106.334483,18.088609],[106.336436,18.079006],[106.34669,18.059475],[106.346934,18.071845],[106.349864,18.083645],[106.354503,18.093655],[106.360199,18.100491],[106.370779,18.105618],[106.377289,18.103461],[106.384125,18.09984],[106.39503,18.100491],[106.403494,18.106187],[106.422374,18.128363],[106.434825,18.123521],[106.43336,18.113267],[106.422374,18.094224],[106.427745,18.072903],[106.438975,18.051988],[106.518565,17.957017],[106.52475,17.949612],[106.52475,17.943427],[106.50408,17.93065],[106.484386,17.915473],[106.474294,17.902899],[106.466075,17.890204],[106.455089,17.881822],[106.436046,17.881985],[106.436046,17.874498],[106.447032,17.872138],[106.45102,17.865709],[106.449474,17.856635],[106.442882,17.846584],[106.451834,17.828192],[106.460704,17.799384],[106.470063,17.748196],[106.475108,17.737006],[106.495372,17.717963],[106.498057,17.710639],[106.489513,17.702582],[106.478526,17.703518],[106.448741,17.71601],[106.435557,17.739447],[106.425792,17.744778],[106.410655,17.747016],[106.374522,17.765286],[106.306651,17.771918],[106.292003,17.778266],[106.285167,17.772121],[106.29949,17.762274],[106.322765,17.753485],[106.346934,17.747219],[106.380626,17.743394],[106.42921,17.731147],[106.42921,17.7237],[106.422374,17.7237],[106.402599,17.731513],[106.383067,17.719184],[106.379649,17.698798],[106.408702,17.682766],[106.403005,17.69481],[106.400238,17.699164],[106.39503,17.703192],[106.417491,17.712958],[106.449962,17.708645],[106.48227,17.696438],[106.504405,17.682766],[106.514903,17.669908],[106.539073,17.627509],[106.565929,17.598049],[106.614757,17.518704],[106.625987,17.48664],[106.634613,17.470404],[106.638438,17.468899],[106.658214,17.453762],[106.65919,17.449937],[106.663585,17.447252],[106.67628,17.429511],[106.763927,17.335517],[106.946625,17.20539],[107.007498,17.162218],[107.111827,17.088284],[107.127208,17.05976],[107.121267,17.018541],[107.132579,17.009833],[107.186534,16.934394],[107.200694,16.926256],[107.203868,16.919257],[107.200694,16.914293],[107.193614,16.911078],[107.186534,16.906562],[107.18336,16.898139],[107.177419,16.893948],[107.141775,16.874579],[107.141775,16.867743],[107.167247,16.867621],[107.178966,16.869534],[107.190196,16.874579],[107.191417,16.879218],[107.189952,16.886176],[107.189464,16.89232],[107.20753,16.904975],[107.216482,16.907945],[107.223399,16.901353],[107.22934,16.892239],[107.234548,16.887641],[107.249278,16.880032],[107.378673,16.773383],[107.411632,16.750027],[107.497813,16.689032],[107.604666,16.595689],[107.635265,16.587226],[107.635265,16.579779],[107.596039,16.590522],[107.473643,16.653144],[107.44337,16.648017],[107.519786,16.606431],[107.543956,16.600572],[107.554942,16.596625],[107.563975,16.582709],[107.574555,16.580024],[107.586192,16.581692],[107.594249,16.587226],[107.601573,16.576565],[107.611095,16.569281],[107.635265,16.559272],[107.635265,16.551825],[107.624522,16.557115],[107.621593,16.559272],[107.614594,16.559272],[107.612478,16.555894],[107.61085,16.552639],[107.608409,16.544989],[107.623057,16.54442],[107.636729,16.545885],[107.663097,16.551825],[107.656993,16.545478],[107.652599,16.538723],[107.64975,16.530911],[107.648936,16.52143],[107.652599,16.522447],[107.659841,16.513129],[107.665294,16.501858],[107.663097,16.497219],[107.672862,16.49726],[107.677989,16.50137],[107.681651,16.507717],[107.686697,16.514594],[107.697113,16.520087],[107.703136,16.51439],[107.707205,16.504543],[107.711436,16.497219],[107.749522,16.472235],[107.7588,16.46308],[107.781749,16.427558],[107.799978,16.415717],[107.821625,16.387519],[107.841156,16.379788],[107.838878,16.376858],[107.833507,16.374213],[107.826915,16.373684],[107.820486,16.376532],[107.81422,16.381171],[107.806895,16.385443],[107.79656,16.387356],[107.794444,16.379218],[107.80714,16.32274],[107.812266,16.313178],[107.824067,16.304836],[107.848155,16.291693],[107.854991,16.291693],[107.864024,16.297797],[107.872569,16.295885],[107.878917,16.28856],[107.882172,16.278062],[107.891368,16.284166],[107.896495,16.278062],[107.933116,16.305406],[107.937511,16.312079],[107.930919,16.343411],[107.929942,16.353217],[107.94516,16.356838],[107.990408,16.324774],[108.011974,16.319037],[108.020518,16.325181],[108.025157,16.334377],[108.031016,16.342719],[108.042979,16.346381],[108.043793,16.339911],[108.053477,16.305406],[108.061778,16.288235],[108.094493,16.236518],[108.065929,16.257229],[108.052013,16.262112],[108.046072,16.247382],[108.053966,16.235989],[108.071951,16.228949],[108.090668,16.226874],[108.101329,16.230292],[108.108165,16.230292],[108.126313,16.22248],[108.151215,16.216986],[108.178722,16.214748],[108.204356,16.216702],[108.200125,16.211575],[108.18922,16.198472],[108.15447,16.170844],[108.142263,16.148383],[108.142833,16.119371],[108.159923,16.103746],[108.181977,16.091376],[108.19752,16.072008],[108.213064,16.086819],[108.220958,16.09162],[108.228282,16.089748],[108.236664,16.055121],[108.238536,16.052191],[108.233246,16.037095],[108.222911,16.022895],[108.210134,16.011298],[108.19752,16.00373],[108.216319,16.009467],[108.23463,16.019355],[108.249848,16.023261],[108.258962,16.010565],[108.249197,16.061916],[108.241954,16.075751],[108.240896,16.090522],[108.247732,16.10871],[108.247325,16.123236],[108.224864,16.127265],[108.224864,16.134711],[108.232758,16.140326],[108.238617,16.146715],[108.242686,16.153957],[108.245372,16.162014],[108.252696,16.158922],[108.254161,16.156643],[108.254893,16.156968],[108.258962,16.162014],[108.265798,16.162014],[108.274587,16.153469],[108.286306,16.144517],[108.300548,16.137519],[108.317393,16.134711],[108.318207,16.139553],[108.324474,16.148871],[108.331391,16.155341],[108.334727,16.151516],[108.336599,16.147773],[108.348399,16.134711],[108.337169,16.125393],[108.326182,16.119045],[108.317638,16.111762],[108.31422,16.099921],[108.304942,16.107164],[108.279552,16.102037],[108.265798,16.107408],[108.258556,16.07099],[108.26531,16.031562],[108.279145,15.995673],[108.282319,15.990058],[108.293712,15.969631],[108.305919,15.955227],[108.358653,15.915432],[108.374278,15.908271],[108.388194,15.898383],[108.396169,15.880845],[108.385265,15.878892],[108.377126,15.874213],[108.375173,15.869452],[108.382498,15.867174],[108.388357,15.870551],[108.395356,15.877265],[108.40268,15.882392],[108.409923,15.880845],[108.414806,15.867418],[108.424083,15.805732],[108.455333,15.747016],[108.618663,15.529242],[108.646251,15.513861],[108.683442,15.517768],[108.67449,15.489407],[108.667735,15.482652],[108.656261,15.496649],[108.644542,15.493109],[108.629405,15.486518],[108.620942,15.474758],[108.628917,15.455715],[108.652517,15.438788],[108.668468,15.447821],[108.690929,15.490424],[108.697113,15.490424],[108.702647,15.469916],[108.703949,15.445136],[108.709483,15.43769],[108.733409,15.417914],[108.73878,15.411322],[108.7435,15.407294],[108.761567,15.396552],[108.765961,15.393866],[108.77296,15.386786],[108.774587,15.375067],[108.773285,15.363186],[108.773611,15.351264],[108.779796,15.339586],[108.776134,15.334459],[108.77475,15.331366],[108.77296,15.325344],[108.779796,15.325344],[108.781261,15.331],[108.78712,15.345852],[108.794119,15.344672],[108.802257,15.344306],[108.8213,15.345852],[108.8213,15.352688],[108.796235,15.356391],[108.788585,15.374172],[108.795584,15.395087],[108.814464,15.407904],[108.814464,15.41474],[108.808442,15.41767],[108.805675,15.420559],[108.800141,15.429023],[108.807953,15.425238],[108.814708,15.42357],[108.820811,15.42475],[108.827485,15.429023],[108.832693,15.413886],[108.839041,15.374335],[108.84547,15.366278],[108.853282,15.362616],[108.877452,15.34398],[108.882823,15.336168],[108.881033,15.29914],[108.886567,15.2862],[108.91212,15.263495],[108.924327,15.256415],[108.93214,15.253974],[108.945486,15.252916],[108.951671,15.25023],[108.943614,15.236884],[108.932953,15.2272],[108.91977,15.222113],[108.903331,15.222886],[108.903331,15.215481],[108.913341,15.216376],[108.919607,15.215237],[108.922862,15.210761],[108.924327,15.201809],[108.910004,15.209296],[108.905447,15.197943],[108.902354,15.168647],[108.897716,15.153998],[108.881602,15.160631],[108.868175,15.159654],[108.862478,15.152493],[108.869802,15.140367],[108.875987,15.140367],[108.884125,15.143948],[108.892263,15.141343],[108.897472,15.133205],[108.897716,15.119859],[108.903331,15.119859],[108.903819,15.12816],[108.905284,15.134345],[108.910004,15.146633],[108.9192,15.057807],[108.942638,14.97956],[109.005626,14.838772],[108.985525,14.836615],[108.990245,14.830634],[109.012462,14.821967],[109.016775,14.813056],[109.036957,14.783637],[109.043468,14.777289],[109.080821,14.729478],[109.086111,14.715318],[109.095063,14.667426],[109.086681,14.671332],[109.080577,14.677476],[109.076427,14.685614],[109.077322,14.672471],[109.081798,14.606391],[109.087087,14.596096],[109.088227,14.58926],[109.086111,14.585273],[109.076671,14.585679],[109.071056,14.5751],[109.064464,14.57038],[109.061046,14.563707],[109.067068,14.550727],[109.073578,14.570502],[109.074474,14.578599],[109.108165,14.488715],[109.125743,14.465399],[109.130219,14.451606],[109.129161,14.397406],[109.131196,14.38345],[109.136485,14.366848],[109.149669,14.338446],[109.181407,14.304755],[109.190603,14.291246],[109.194591,14.277493],[109.201182,14.236029],[109.190929,14.220526],[109.205251,14.186103],[109.239024,14.133002],[109.220225,14.13524],[109.212657,14.14468],[109.207774,14.156968],[109.19752,14.167792],[109.17449,14.172065],[109.172618,14.156562],[109.184093,14.136298],[109.215099,14.119574],[109.225434,14.10399],[109.252696,14.03262],[109.25668159974262,14.0],[98.233653,14.0],[98.233653,14.002631],[98.222423,14.013088],[98.208669,14.029608],[98.197032,14.048163],[98.192149,14.064683],[98.185802,14.064683],[98.184581,14.052558],[98.180024,14.031643],[98.178966,14.019721],[98.18214,14.014309],[98.19446528985948,14.0],[98.06359372137625,14.0],[98.061697,14.010077],[98.066254,14.032701],[98.08839,14.063463],[98.096446,14.078355],[98.097423,14.09219],[98.107677,14.110012],[98.110118,14.123033],[98.108572,14.132636],[98.096446,14.167792],[98.110118,14.167792],[98.106456,14.18122],[98.101085,14.19184],[98.095225,14.193793],[98.08961,14.181383],[98.041759,14.242865],[98.014822,14.299506],[97.9935,14.330512],[97.986013,14.352607],[97.981293,14.376451],[97.979747,14.397406],[97.982595,14.419257],[97.995942,14.449693],[98.000255,14.468736],[97.991466,14.460028],[97.984223,14.449652],[97.97641,14.443752],[97.966075,14.44831],[97.962087,14.45775],[97.951834,14.502916],[97.921397,14.557685],[97.913585,14.586737],[97.925059,14.612779],[97.900076,14.630316],[97.885509,14.655951],[97.885509,14.684068],[97.904063,14.70897],[97.943126,14.720201],[97.968516,14.696519],[97.992442,14.663723],[98.027599,14.647528],[97.992442,14.693101],[97.982188,14.715277],[98.000255,14.722073],[97.985362,14.728176],[97.971039,14.735907],[97.96461,14.747056],[97.972911,14.763617],[97.965668,14.769517],[97.958832,14.77851],[97.953868,14.787746],[97.951834,14.794338],[97.94988,14.798896],[97.945323,14.795315],[97.938162,14.784735],[97.939952,14.782416],[97.94337,14.776679],[97.946056,14.76968],[97.945567,14.763617],[97.931163,14.752183],[97.917166,14.758612],[97.906749,14.775946],[97.904063,14.797756],[97.897227,14.797756],[97.894542,14.77969],[97.902192,14.737698],[97.893809,14.729478],[97.888357,14.726955],[97.883067,14.721503],[97.875499,14.716742],[97.863048,14.715806],[97.856212,14.718492],[97.850352,14.723619],[97.845958,14.729926],[97.84254,14.736314],[97.815115,14.850816],[97.794932,14.880154],[97.79477,14.880316],[97.800304,14.890326],[97.802501,14.900946],[97.802257,14.924709],[97.804454,14.935981],[97.813731,14.950181],[97.815929,14.958808],[97.812836,14.983344],[97.804373,14.998684],[97.791189,15.008734],[97.774262,15.017483],[97.779796,15.025784],[97.787446,15.030707],[97.796886,15.032457],[97.80836,15.031155],[97.804373,15.038235],[97.799083,15.051459],[97.79477,15.058498],[97.806814,15.075263],[97.810232,15.09512],[97.80714,15.174954],[97.810883,15.191148],[97.822765,15.209296],[97.794932,15.208808],[97.780284,15.211493],[97.769379,15.223334],[97.743175,15.266832],[97.740896,15.27558],[97.740245,15.291815],[97.742035,15.317939],[97.738292,15.329006],[97.72641,15.339586],[97.729503,15.348944],[97.73406,15.355292],[97.740896,15.358954],[97.750499,15.360093],[97.760753,15.394232],[97.766938,15.38935],[97.775157,15.393134],[97.79477,15.407904],[97.786876,15.41942],[97.761404,15.490546],[97.761892,15.503892],[97.774262,15.531399],[97.767426,15.544013],[97.742931,15.604478],[97.743663,15.610256],[97.747325,15.617743],[97.747325,15.626166],[97.74464,15.634426],[97.740245,15.641262],[97.744477,15.650702],[97.743663,15.664862],[97.738455,15.679918],[97.730235,15.692125],[97.725597,15.701321],[97.727387,15.710028],[97.7317,15.718411],[97.733897,15.726304],[97.730805,15.733954],[97.716807,15.749457],[97.712901,15.75731],[97.714122,15.763373],[97.723399,15.771796],[97.72641,15.777818],[97.727061,15.843207],[97.721365,15.856187],[97.706065,15.860338],[97.71225,15.887681],[97.691417,15.912299],[97.637218,15.949164],[97.609711,15.983873],[97.582286,16.009101],[97.575694,16.017401],[97.575938,16.022162],[97.568858,16.062405],[97.569347,16.072577],[97.571788,16.080024],[97.576996,16.084703],[97.585948,16.08633],[97.600841,16.092475],[97.612153,16.107408],[97.61964,16.125434],[97.639008,16.238349],[97.648204,16.259223],[97.65089,16.271308],[97.649913,16.28384],[97.646739,16.29328],[97.637218,16.312201],[97.626475,16.35163],[97.623057,16.394477],[97.626638,16.437567],[97.637218,16.477362],[97.651866,16.507229],[97.673839,16.533433],[97.703136,16.552069],[97.740082,16.559231],[97.740245,16.559272],[97.735525,16.566799],[97.729503,16.572496],[97.721853,16.57685],[97.712901,16.579779],[97.703543,16.573554],[97.652843,16.539862],[97.630382,16.531968],[97.612966,16.530585],[97.54835,16.538153],[97.52296,16.536444],[97.499848,16.531968],[97.493988,16.528998],[97.489431,16.524482],[97.484141,16.520209],[97.476329,16.518297],[97.470714,16.519232],[97.458751,16.523383],[97.452159,16.524563],[97.423106,16.523424],[97.402599,16.516913],[97.386485,16.503892],[97.370291,16.483547],[97.337413,16.631578],[97.337413,16.655504],[97.329828,16.679847],[97.311194,16.652366],[97.285836,16.658922],[97.255445,16.697869],[97.240276,16.731901],[97.230173,16.769142],[97.230209,16.796646],[97.244802,16.81745],[97.235688,16.829535],[97.233084,16.83983],[97.233409,16.848944],[97.240489,16.874579],[97.233084,16.874579],[97.224294,16.853258],[97.220876,16.840644],[97.219493,16.826158],[97.208995,16.833197],[97.204845,16.845201],[97.2046,16.859809],[97.205821,16.874579],[97.219493,16.901272],[97.211436,16.907864],[97.202403,16.906806],[97.19158,16.901272],[97.183279,16.921536],[97.186697,16.947008],[97.198985,16.997463],[97.198253,17.013495],[97.195079,17.021877],[97.178477,17.038479],[97.17213,17.046576],[97.164561,17.059312],[97.158539,17.073717],[97.157237,17.086859],[97.17449,17.112494],[97.202403,17.106024],[97.233653,17.09516],[97.260997,17.107327],[97.222341,17.125434],[97.202647,17.131578],[97.181895,17.134019],[97.158051,17.129299],[97.14796,17.116889],[97.141938,17.099351],[97.130626,17.079413],[97.114431,17.100328],[97.100271,17.133775],[97.095958,17.165758],[97.10963,17.18244],[97.10963,17.189276],[97.088715,17.193508],[97.081798,17.209784],[97.078624,17.23135],[97.068614,17.25137],[97.048676,17.26081],[97.023611,17.267483],[97.007172,17.278062],[97.013357,17.29914],[96.904552,17.375312],[96.895518,17.38467],[96.889903,17.394721],[96.887055,17.411851],[96.888357,17.444281],[96.883067,17.457424],[96.871593,17.441718],[96.863455,17.403388],[96.855724,17.388495],[96.852061,17.394029],[96.844493,17.402655],[96.842052,17.409003],[96.835704,17.406195],[96.829845,17.402411],[96.82488,17.398383],[96.821544,17.394721],[96.82838,17.388495],[96.851248,17.359565],[96.884613,17.338853],[96.910655,17.317084],[96.910899,17.284857],[96.890473,17.260932],[96.865489,17.240302],[96.849376,17.212958],[96.855724,17.168769],[96.895274,17.101549],[96.910167,17.06684],[96.910899,17.024807],[96.904959,17.010403],[96.886892,16.979397],[96.87908,16.934719],[96.868337,16.928412],[96.835216,16.936021],[96.838064,16.926459],[96.84254,16.91767],[96.848399,16.909329],[96.855724,16.901272],[96.842784,16.902493],[96.820811,16.907538],[96.807872,16.908677],[96.807872,16.901272],[96.821544,16.894355],[96.834321,16.88524],[96.844005,16.873928],[96.848888,16.860297],[96.84669,16.844916],[96.831879,16.821926],[96.825694,16.799384],[96.81129,16.764716],[96.796397,16.762356],[96.789399,16.75609],[96.790863,16.747463],[96.801036,16.737372],[96.783214,16.712348],[96.766124,16.697089],[96.725841,16.669135],[96.716319,16.658352],[96.698416,16.62995],[96.679473,16.574868],[96.640027,16.545373],[96.615943,16.518005],[96.55898,16.496897],[96.497627,16.484187],[96.436261,16.477768],[96.400157,16.504055],[96.377126,16.508124],[96.357107,16.5185],[96.289806,16.56684],[96.273123,16.582099],[96.265961,16.596829],[96.264985,16.621772],[96.261567,16.640692],[96.255626,16.657294],[96.235525,16.697821],[96.229259,16.718736],[96.22641,16.739407],[96.225759,16.761298],[96.234548,16.776923],[96.274913,16.80268],[96.28712,16.813137],[96.257579,16.815904],[96.206554,16.777493],[96.171153,16.771552],[96.176931,16.762274],[96.194102,16.74315],[96.197765,16.734036],[96.2046,16.696479],[96.214854,16.679633],[96.240896,16.650133],[96.246104,16.631293],[96.243826,16.619452],[96.233653,16.597886],[96.231944,16.587226],[96.23463,16.576361],[96.246349,16.554877],[96.294444,16.491523],[96.310069,16.464586],[96.327322,16.453437],[96.336436,16.439439],[96.3213,16.415269],[96.304698,16.406399],[96.285336,16.365993],[96.221818,16.344787],[96.164236,16.332709],[96.144054,16.324897],[96.118988,16.321763],[96.097667,16.328559],[96.088552,16.349799],[96.077403,16.360826],[96.006602,16.387356],[96.06658,16.335639],[96.067556,16.310248],[96.018809,16.256741],[95.979991,16.223131],[95.961925,16.216702],[95.942393,16.219062],[95.941742,16.226549],[95.948578,16.239325],[95.951427,16.257636],[95.933849,16.243109],[95.92213,16.225409],[95.907888,16.211737],[95.883067,16.209174],[95.886241,16.217678],[95.889903,16.243964],[95.818126,16.176011],[95.797699,16.144924],[95.776622,16.140692],[95.755544,16.14525],[95.74586,16.158352],[95.744802,16.174628],[95.741222,16.19481],[95.73463,16.212836],[95.724864,16.222846],[95.73227,16.127265],[95.725271,16.106431],[95.697032,16.065985],[95.690684,16.048489],[95.690684,16.000678],[95.687348,15.988227],[95.664724,15.949205],[95.523448,15.803656],[95.461599,15.760728],[95.431977,15.733629],[95.415782,15.722968],[95.396495,15.716376],[95.374197,15.715033],[95.310557,15.723212],[95.294444,15.727851],[95.287934,15.740139],[95.282563,15.838324],[95.290294,15.846747],[95.302257,15.852484],[95.312673,15.866523],[95.317719,15.884182],[95.313975,15.900702],[95.338552,15.922024],[95.354747,15.951361],[95.364268,15.984565],[95.369151,16.017401],[95.3685,16.038804],[95.363617,16.054511],[95.348643,16.08633],[95.34547,16.104967],[95.34962,16.116929],[95.356619,16.129136],[95.361583,16.148383],[95.355479,16.148383],[95.347911,16.138821],[95.338227,16.129869],[95.330251,16.11994],[95.327485,16.107408],[95.331798,16.091051],[95.345551,16.060858],[95.348643,16.041571],[95.345714,15.996487],[95.341807,15.983873],[95.31186,15.947089],[95.29713,15.902981],[95.27475,15.876451],[95.251638,15.868232],[95.23878,15.893948],[95.246104,15.915229],[95.262706,15.940904],[95.27589,15.970649],[95.27296,16.00373],[95.239024,15.950344],[95.223969,15.918606],[95.217621,15.884263],[95.224376,15.810126],[95.212738,15.786566],[95.173595,15.777818],[95.144542,15.78913],[95.125743,15.817613],[95.116222,15.855292],[95.115245,15.893948],[95.137543,16.006659],[95.128917,16.03852],[95.107758,15.983873],[95.097667,16.025133],[95.110199,16.06745],[95.13795,16.100328],[95.173595,16.113593],[95.207205,16.111558],[95.217621,16.113593],[95.225922,16.11994],[95.222504,16.124172],[95.21225,16.126532],[95.200694,16.127265],[95.193696,16.129381],[95.188813,16.138821],[95.183604,16.140937],[95.178477,16.13996],[95.163097,16.134711],[95.155528,16.134019],[95.148692,16.132025],[95.142426,16.134833],[95.135753,16.148383],[95.128917,16.148383],[95.121593,16.131659],[95.094005,16.093655],[95.070567,16.074856],[95.067882,16.048326],[95.073741,15.997504],[95.072927,15.970649],[95.055024,15.846137],[95.046886,15.822089],[95.033946,15.805732],[95.023774,15.802191],[95.009939,15.799302],[94.997569,15.795315],[94.992442,15.788398],[94.990489,15.781236],[94.986176,15.773342],[94.980724,15.766832],[94.975597,15.764146],[94.949962,15.762641],[94.937755,15.764146],[94.903575,15.777818],[94.858653,15.78262],[94.846853,15.790595],[94.858653,15.808824],[94.869314,15.815497],[94.880544,15.82038],[94.890391,15.827053],[94.896739,15.83926],[94.896332,15.847398],[94.892833,15.856635],[94.887706,15.864203],[94.882579,15.867174],[94.863943,15.844143],[94.853201,15.840277],[94.848399,15.863756],[94.850108,15.895453],[94.848399,15.908149],[94.835948,15.936672],[94.834727,15.949164],[94.83961,15.962063],[94.850352,15.978095],[94.862804,15.991767],[94.872569,15.997504],[94.889496,15.999457],[94.907237,16.006049],[94.920665,16.018622],[94.924083,16.03852],[94.889334,16.017401],[94.884532,16.036038],[94.880219,16.079983],[94.863536,16.112372],[94.863129,16.127753],[94.868419,16.142035],[94.887055,16.170803],[94.900076,16.183783],[94.917328,16.192369],[94.940929,16.195543],[94.959239,16.200873],[94.975108,16.214342],[94.986827,16.232245],[94.992442,16.2508],[94.988048,16.244371],[94.974783,16.231513],[94.971934,16.226549],[94.96697,16.220404],[94.942882,16.216376],[94.924653,16.208808],[94.902517,16.209621],[94.893077,16.205756],[94.868419,16.173896],[94.865733,16.168891],[94.854666,16.160224],[94.849457,16.139797],[94.848399,16.096503],[94.850597,16.085761],[94.859874,16.065416],[94.862071,16.055609],[94.864024,16.049628],[94.867686,16.045315],[94.869395,16.040961],[94.856456,16.0185],[94.855235,16.013983],[94.846202,15.999986],[94.786876,15.962144],[94.774181,15.943345],[94.745372,15.880845],[94.735199,15.868394],[94.721202,15.856676],[94.703868,15.848456],[94.683849,15.846747],[94.658702,15.854478],[94.648936,15.868598],[94.644542,15.887112],[94.635509,15.908149],[94.632823,15.889716],[94.622406,15.891547],[94.610199,15.904975],[94.601329,15.92121],[94.628673,15.939154],[94.665538,15.957913],[94.703136,15.982367],[94.73227,16.017401],[94.74171,16.067288],[94.749034,16.07567],[94.758067,16.083441],[94.76588,16.093166],[94.769786,16.102281],[94.771983,16.110989],[94.772716,16.131008],[94.776622,16.134914],[94.785167,16.139635],[94.792654,16.147895],[94.793712,16.162014],[94.775157,16.151557],[94.765961,16.139472],[94.752208,16.107408],[94.725434,16.06391],[94.718028,16.044664],[94.705333,16.020657],[94.68922,16.00731],[94.671397,15.996568],[94.614757,15.943671],[94.589854,15.931586],[94.56658,15.935492],[94.562348,15.961859],[94.588715,15.996243],[94.642345,16.044664],[94.663341,16.079983],[94.678884,16.121283],[94.686697,16.165351],[94.683849,16.209174],[94.668712,16.240871],[94.665212,16.257636],[94.673595,16.274726],[94.685313,16.291978],[94.704926,16.353217],[94.710704,16.360338],[94.720551,16.362128],[94.73227,16.360663],[94.73227,16.367499],[94.72169,16.378485],[94.705821,16.47309],[94.706228,16.484442],[94.710704,16.497219],[94.717296,16.502916],[94.725434,16.505113],[94.731619,16.510199],[94.73227,16.524563],[94.697276,16.508368],[94.68393,16.51081],[94.677013,16.531968],[94.670177,16.50967],[94.683849,16.422065],[94.683849,16.364081],[94.678477,16.348538],[94.655121,16.322699],[94.64975,16.308824],[94.643728,16.283515],[94.62794,16.260199],[94.6067,16.243109],[94.583995,16.236518],[94.582042,16.243476],[94.592621,16.259223],[94.615001,16.285549],[94.635509,16.326483],[94.629731,16.344184],[94.618175,16.342027],[94.6067,16.325995],[94.598888,16.293647],[94.59254,16.283515],[94.583669,16.274848],[94.573985,16.271308],[94.562022,16.273749],[94.554047,16.279731],[94.547618,16.286566],[94.539887,16.291693],[94.521169,16.295478],[94.515636,16.287258],[94.518809,16.247382],[94.517345,16.223944],[94.513194,16.205146],[94.507009,16.189602],[94.455577,16.105618],[94.428071,16.074164],[94.396495,16.058987],[94.375743,16.056057],[94.360606,16.049262],[94.351329,16.034369],[94.347992,16.007148],[94.340017,15.996243],[94.321462,15.989936],[94.300792,15.989732],[94.286632,15.997504],[94.265636,15.975084],[94.251475,15.968451],[94.239513,15.976304],[94.21461,16.014797],[94.209809,16.028998],[94.209239,16.044501],[94.215099,16.15766],[94.237804,16.273139],[94.235362,16.348375],[94.238129,16.360663],[94.24171,16.366034],[94.25408,16.379462],[94.258637,16.387356],[94.273123,16.466498],[94.268321,16.527493],[94.273123,16.538153],[94.308604,16.527777],[94.331065,16.528632],[94.341319,16.548407],[94.348969,16.578111],[94.346202,16.592434],[94.327647,16.600246],[94.327647,16.606431],[94.352061,16.618598],[94.36199,16.635484],[94.362315,16.685858],[94.364431,16.701117],[94.373383,16.729315],[94.375499,16.74079],[94.379649,16.755357],[94.398448,16.775784],[94.40268,16.788275],[94.400645,16.830634],[94.396495,16.846625],[94.383474,16.872016],[94.378917,16.886949],[94.382335,16.901272],[94.390636,16.906643],[94.400645,16.904446],[94.411876,16.900702],[94.423188,16.901272],[94.435313,16.910142],[94.464692,16.949652],[94.444347,16.949652],[94.453868,16.965237],[94.457774,16.982896],[94.456716,17.050605],[94.457856,17.059556],[94.461925,17.069648],[94.478363,17.093085],[94.484141,17.105699],[94.48878,17.124213],[94.485688,17.141018],[94.457774,17.153754],[94.452647,17.166205],[94.454356,17.18008],[94.464692,17.189276],[94.510916,17.169013],[94.518809,17.172512],[94.522472,17.177802],[94.530447,17.181952],[94.537852,17.187405],[94.539887,17.196723],[94.535004,17.205146],[94.526622,17.209418],[94.517833,17.212551],[94.511974,17.21719],[94.508637,17.230129],[94.511974,17.275214],[94.518891,17.288153],[94.533214,17.290351],[94.545421,17.296088],[94.546153,17.319648],[94.559337,17.316311],[94.57252,17.311103],[94.584483,17.30329],[94.594493,17.292304],[94.576834,17.358344],[94.567719,17.462877],[94.56658,17.47663],[94.570079,17.493964],[94.570323,17.505194],[94.56658,17.518866],[94.559337,17.532904],[94.555431,17.538398],[94.553884,17.543606],[94.553477,17.556383],[94.560313,17.582099],[94.576915,17.576239],[94.597016,17.557766],[94.615001,17.545559],[94.609223,17.559556],[94.590668,17.593248],[94.591075,17.604193],[94.595225,17.615465],[94.589529,17.62641],[94.573985,17.641791],[94.562999,17.661689],[94.556895,17.68244],[94.553477,17.727362],[94.543956,17.748033],[94.50172,17.786607],[94.492198,17.816799],[94.489513,17.876207],[94.483409,17.902289],[94.447439,17.973334],[94.444347,17.988105],[94.450857,18.002427],[94.481781,18.015204],[94.492198,18.025946],[94.494884,18.048814],[94.490571,18.072496],[94.480968,18.094224],[94.461925,18.121772],[94.460623,18.132799],[94.460623,18.144192],[94.457856,18.155707],[94.452322,18.165107],[94.441091,18.176418],[94.436778,18.182359],[94.430186,18.222154],[94.422862,18.242499],[94.406505,18.251288],[94.360606,18.24608],[94.341563,18.247504],[94.327647,18.258734],[94.325857,18.267727],[94.326182,18.281643],[94.327973,18.295111],[94.331065,18.303127],[94.339203,18.305976],[94.350271,18.292914],[94.365896,18.29857],[94.378591,18.287095],[94.389171,18.286038],[94.396983,18.291449],[94.409028,18.308824],[94.417003,18.313951],[94.405284,18.330308],[94.399587,18.348212],[94.389659,18.362698],[94.365489,18.368598],[94.350597,18.37523],[94.344005,18.391262],[94.339203,18.410224],[94.331065,18.425971],[94.279633,18.480211],[94.258962,18.509019],[94.244965,18.539252],[94.258962,18.535712],[94.262218,18.545111],[94.25294,18.627997],[94.24879,18.638861],[94.148936,18.731024],[94.148936,18.738511],[94.156423,18.738511],[94.174571,18.725043],[94.211599,18.725531],[94.279307,18.738511],[94.263682,18.74551],[94.252452,18.752143],[94.228038,18.735541],[94.212413,18.741848],[94.182953,18.785631],[94.153087,18.821031],[94.147309,18.83983],[94.148936,18.868232],[94.138194,18.860093],[94.133556,18.846503],[94.133311,18.831855],[94.135102,18.820461],[94.11964,18.816636],[94.098399,18.821723],[94.078461,18.833075],[94.066905,18.848334],[94.05714,18.843736],[94.053233,18.840888],[94.038097,18.859117],[94.032074,18.888577],[94.036632,18.918036],[94.053233,18.93651],[94.040375,18.971177],[94.039073,18.984931],[94.041189,18.997626],[94.051036,19.014594],[94.053233,19.022162],[94.063487,19.040188],[94.066091,19.042873],[94.064464,19.049384],[94.061697,19.057074],[94.060069,19.063707],[94.086925,19.080512],[94.094249,19.087348],[94.080089,19.087348],[94.056651,19.080959],[94.04656,19.081122],[94.030528,19.087958],[94.029063,19.095404],[94.034434,19.105862],[94.039073,19.122056],[94.037852,19.13227],[94.031912,19.153998],[94.032725,19.169257],[94.037364,19.181871],[94.050548,19.208319],[94.053233,19.221381],[94.045909,19.304674],[94.049978,19.320705],[94.059906,19.329901],[94.069672,19.350898],[94.073904,19.373847],[94.066905,19.388983],[94.056977,19.363349],[94.03061,19.315904],[94.025238,19.286566],[94.033214,19.235093],[94.033376,19.204535],[94.022227,19.190985],[94.010427,19.179999],[93.994395,19.159084],[93.973481,19.146308],[93.947113,19.159654],[93.942638,19.169908],[93.941173,19.194973],[93.937266,19.204657],[93.925466,19.210273],[93.916026,19.203925],[93.910411,19.190985],[93.909923,19.176703],[93.914887,19.169582],[93.947113,19.139146],[93.955414,19.126899],[93.955577,19.118313],[93.952403,19.109849],[93.950206,19.098212],[93.952485,19.03205],[93.957774,19.012193],[93.964529,19.001044],[93.981212,18.980658],[93.984386,18.967841],[93.983409,18.956692],[93.978689,18.941596],[93.97755,18.933417],[93.973888,18.922797],[93.950206,18.895494],[93.947927,18.894232],[93.939301,18.89053],[93.937266,18.88935],[93.937185,18.883775],[93.939138,18.876207],[93.941905,18.869859],[93.944102,18.868232],[93.930431,18.858629],[93.920258,18.867377],[93.9074,18.881781],[93.865733,18.895494],[93.813731,18.943996],[93.793956,18.953925],[93.750255,18.970404],[93.73463,18.981187],[93.726736,18.991767],[93.721202,19.001288],[93.714854,19.010199],[93.703868,19.018459],[93.693533,19.020575],[93.686046,19.018215],[93.678884,19.019599],[93.669688,19.032701],[93.667735,19.043931],[93.670909,19.066881],[93.66627,19.077379],[93.660411,19.085761],[93.65504,19.097073],[93.65089,19.108791],[93.649181,19.118638],[93.642345,19.134223],[93.607432,19.162258],[93.594005,19.176703],[93.567149,19.231106],[93.556407,19.238186],[93.497813,19.31391],[93.487071,19.333726],[93.483246,19.350653],[93.484141,19.392727],[93.490896,19.40762],[93.507823,19.422593],[93.530121,19.432074],[93.552989,19.430569],[93.560395,19.423814],[93.563813,19.41474],[93.568044,19.406724],[93.577159,19.403266],[93.611339,19.403266],[93.631114,19.372301],[93.636974,19.349066],[93.621349,19.334377],[93.665294,19.305609],[93.687511,19.296698],[93.71754,19.293402],[93.722911,19.268459],[93.754649,19.247138],[93.796886,19.235175],[93.834239,19.238186],[93.865489,19.254096],[93.929942,19.29975],[93.950206,19.320705],[93.950938,19.325263],[93.949067,19.337592],[93.950206,19.341783],[93.953136,19.343451],[93.961436,19.346137],[93.963878,19.348049],[93.980968,19.37226],[93.987315,19.386705],[93.988048,19.404934],[93.984386,19.437445],[93.990245,19.449652],[93.991059,19.45718],[93.984386,19.464057],[93.978363,19.463772],[93.947113,19.457913],[93.923839,19.462388],[93.914561,19.472805],[93.9192,19.48428],[93.937266,19.492011],[93.926768,19.497016],[93.916026,19.498928],[93.892426,19.498847],[93.882091,19.501899],[93.855235,19.526801],[93.814708,19.553046],[93.794444,19.571234],[93.785655,19.591295],[93.777192,19.603095],[93.739594,19.617499],[93.731212,19.632554],[93.738455,19.651353],[93.756114,19.661078],[93.778656,19.662502],[93.800059,19.65648],[93.794444,19.67357],[93.802501,19.68887],[93.816173,19.703355],[93.827403,19.718573],[93.813162,19.739488],[93.806814,19.745836],[93.799164,19.717719],[93.783865,19.691107],[93.761078,19.674872],[93.731212,19.677639],[93.720958,19.685289],[93.713145,19.697659],[93.709483,19.713528],[93.711274,19.731635],[93.718761,19.743598],[93.741873,19.754055],[93.751638,19.765692],[93.721934,19.768988],[93.708832,19.753811],[93.702485,19.734361],[93.693533,19.724799],[93.648448,19.725165],[93.636241,19.735012],[93.635509,19.759508],[93.623302,19.733588],[93.615571,19.723863],[93.60141,19.718573],[93.60141,19.783433],[93.606456,19.796129],[93.660655,19.870836],[93.679942,19.883368],[93.703949,19.885199],[93.738048,19.882473],[93.72877,19.893785],[93.725597,19.905585],[93.730479,19.914293],[93.745372,19.916571],[93.740001,19.925116],[93.733653,19.932115],[93.726248,19.936591],[93.71754,19.93769],[93.711681,19.933824],[93.711599,19.919664],[93.70753,19.916571],[93.656505,19.916205],[93.645518,19.913479],[93.638194,19.910305],[93.629161,19.909491],[93.611339,19.910346],[93.608409,19.906643],[93.600841,19.888577],[93.594005,19.882473],[93.58074,19.881334],[93.566742,19.885932],[93.554698,19.893866],[93.546723,19.902899],[93.551606,19.905748],[93.559581,19.912909],[93.565929,19.916571],[93.529063,19.93008],[93.518321,19.939602],[93.531912,19.951361],[93.5171,19.958564],[93.511974,19.970445],[93.516856,19.981187],[93.531912,19.984849],[93.529552,19.992174],[93.525645,19.999172],[93.513682,19.993069],[93.503429,19.986274],[93.49586,19.977362],[93.492198,19.964993],[93.487315,19.970201],[93.475434,19.97956],[93.47047,19.984849],[93.463227,19.961819],[93.457042,19.95425],[93.446544,19.951361],[93.435313,19.95539],[93.423188,19.965318],[93.413585,19.977525],[93.409679,19.988593],[93.40447,20.012926],[93.383962,20.064399],[93.382335,20.088528],[93.374848,20.088528],[93.374522,20.050605],[93.372081,20.030829],[93.361827,20.026435],[93.355968,20.038398],[93.340668,20.1022],[93.333832,20.1022],[93.326508,20.081285],[93.312755,20.065375],[93.293956,20.054185],[93.272472,20.047512],[93.24464,20.049872],[93.21518,20.059312],[93.190278,20.064439],[93.17628,20.053697],[93.161388,20.060614],[93.147472,20.070014],[93.136078,20.081529],[93.128429,20.094672],[93.129893,20.0751],[93.136729,20.059231],[93.155772,20.026435],[93.17628,19.957506],[93.23585,19.847235],[93.238292,19.82099],[93.217621,19.837104],[93.201427,19.862779],[93.17628,19.916571],[93.160655,19.966254],[93.148123,19.99433],[93.131521,20.006578],[93.109141,19.993801],[93.102061,19.964097],[93.10613,19.93065],[93.12436,19.893866],[93.129893,19.862372],[93.134532,19.848293],[93.147309,19.833035],[93.151134,19.830146],[93.155772,19.827826],[93.158946,19.823676],[93.168956,19.809394],[93.168793,19.807318],[93.149181,19.828925],[93.139415,19.831692],[93.134532,19.834052],[93.125011,19.846666],[93.112641,19.874335],[93.059418,19.951117],[93.052745,19.968411],[93.048676,19.994818],[93.038422,20.012926],[93.011729,20.040107],[92.991547,20.067532],[92.980724,20.077948],[92.975922,20.087836],[92.974132,20.117255],[92.970225,20.129462],[92.988292,20.124986],[93.042491,20.129462],[93.054454,20.134752],[93.064708,20.147121],[93.080089,20.170478],[93.082693,20.165025],[93.084972,20.161119],[93.086681,20.156806],[93.086925,20.14997],[93.094249,20.14997],[93.115489,20.202623],[93.120942,20.211982],[93.120942,20.218207],[93.089203,20.210354],[93.047374,20.167955],[93.018565,20.14997],[92.990489,20.154934],[92.987478,20.186672],[93.001231,20.239325],[93.018809,20.256496],[93.04127,20.332017],[93.056163,20.349189],[93.080821,20.358547],[93.091319,20.381008],[93.100434,20.431098],[93.081879,20.416978],[93.07252,20.376614],[93.059581,20.36225],[93.043224,20.364936],[93.03419,20.384223],[93.031016,20.409654],[93.032237,20.431098],[93.070567,20.496161],[93.085623,20.532945],[93.073253,20.554633],[93.068696,20.535712],[93.060313,20.513373],[93.049083,20.491767],[93.035655,20.475165],[93.022634,20.452541],[93.02003,20.424018],[93.024913,20.368476],[93.016287,20.324856],[92.994802,20.286607],[92.936046,20.211982],[92.898448,20.135688],[92.89503,20.133246],[92.889415,20.127997],[92.880544,20.123196],[92.867686,20.122016],[92.860362,20.124945],[92.855235,20.130601],[92.84669,20.143134],[92.78297,20.189846],[92.772146,20.201483],[92.773611,20.216742],[92.778168,20.231635],[92.786632,20.245917],[92.79949,20.259182],[92.864024,20.300767],[92.901215,20.308051],[92.942882,20.321234],[92.93393,20.325914],[92.925304,20.327826],[92.905284,20.32807],[92.893321,20.329535],[92.889659,20.333645],[92.887706,20.340277],[92.880707,20.349189],[92.856619,20.367621],[92.846934,20.377346],[92.840505,20.390123],[92.831554,20.478949],[92.826915,20.495063],[92.815278,20.504706],[92.792654,20.506252],[92.79656,20.483832],[92.78533,20.462958],[92.769298,20.455064],[92.758556,20.472113],[92.773448,20.477281],[92.778982,20.478258],[92.750987,20.498521],[92.74171,20.529283],[92.736583,20.563137],[92.720714,20.592231],[92.699555,20.619534],[92.662852,20.679185],[92.63502,20.697984],[92.659434,20.652818],[92.704438,20.589057],[92.708263,20.578681],[92.71697,20.499986],[92.737478,20.44477],[92.738455,20.428371],[92.731212,20.382717],[92.739268,20.27969],[92.731212,20.259182],[92.723888,20.27143],[92.706309,20.292914],[92.697113,20.308254],[92.653168,20.41828],[92.632579,20.446601],[92.539887,20.527533],[92.529145,20.543402],[92.52003,20.589667],[92.507009,20.60928],[92.470551,20.643378],[92.463227,20.653876],[92.459646,20.662584],[92.453624,20.668524],[92.43922,20.670722],[92.428966,20.673896],[92.408458,20.687974],[92.398204,20.691148],[92.381114,20.700141],[92.37086,20.72134],[92.360688,20.766913],[92.305431,20.917711],[92.288097,20.94359],[92.281016,20.959418],[92.270518,21.049018],[92.265147,21.061103],[92.258556,21.022528],[92.257091,20.981106],[92.261485,20.940253],[92.271983,20.90351],[92.300629,20.862372],[92.305431,20.851955],[92.307628,20.833197],[92.325938,20.780585],[92.333263,20.767727],[92.336274,20.757148],[92.333995,20.746405],[92.325531,20.738715],[92.319347,20.742011],[92.31422,20.749254],[92.309093,20.753241],[92.301036,20.762274],[92.278087,20.814114],[92.209727,20.930813],[92.192882,20.995673],[92.18629,21.005845],[92.134125,21.047512],[92.12436,21.060452],[92.108084,21.089911],[92.096853,21.105862],[92.052501,21.154771],[92.045421,21.170966],[92.043956,21.192043],[92.052257,21.256659],[92.050466,21.280463],[92.045258,21.299547],[91.989757,21.394232],[91.980479,21.403754],[91.969412,21.409613],[91.959727,21.423977],[91.952973,21.44184],[91.949718,21.458401],[91.955903,21.458401],[91.958018,21.455024],[91.958832,21.454413],[91.960134,21.45425],[91.96339,21.452135],[91.970876,21.470038],[91.982921,21.488837],[91.999034,21.499498],[92.017914,21.493109],[92.005382,21.504299],[91.995372,21.52261],[91.989757,21.543402],[91.990001,21.561998],[91.998546,21.573188],[92.012462,21.585395],[92.022146,21.599351],[92.017914,21.616034],[92.03297,21.633002],[92.035818,21.640448],[92.031749,21.650133],[92.037771,21.659573],[92.035899,21.668158],[92.028575,21.674791],[92.022797,21.676825],[92.025564,21.687242],[92.029307,21.696234],[92.029307,21.704901],[92.025401,21.712836],[92.023936,21.704657],[92.022146,21.701565],[92.017914,21.698554],[92.025401,21.698554],[92.01238,21.664211],[92.000743,21.649807],[91.983897,21.650133],[91.976085,21.662055],[91.978852,21.67772],[91.984223,21.693508],[91.983897,21.70539],[91.977061,21.70539],[91.971934,21.688218],[91.962657,21.689521],[91.953624,21.701402],[91.949718,21.715969],[91.952973,21.738349],[91.961925,21.743842],[91.974783,21.746487],[91.990001,21.759996],[91.983897,21.766832],[91.967296,21.755439],[91.960297,21.763821],[91.966563,21.778876],[91.990001,21.787909],[91.990001,21.794827],[91.943696,21.791409],[91.924083,21.785224],[91.908702,21.781155],[91.899262,21.789496],[91.90089,21.8133],[91.911388,21.834703],[91.929373,21.843166],[91.921641,21.85342],[91.925548,21.86286],[91.93629,21.870836],[91.949718,21.876695],[91.949718,21.884182],[91.93922,21.883043],[91.929942,21.878648],[91.92213,21.871568],[91.915701,21.862454],[91.91033,21.874905],[91.90561,21.895575],[91.901215,21.93537],[91.898204,21.944892],[91.884044,21.96015],[91.88087,21.969184],[91.88087,22.007025],[91.855235,22.109198],[91.853526,22.143622],[91.863943,22.139594],[91.867198,22.137397],[91.862071,22.150621],[91.853282,22.148749],[91.846039,22.135972],[91.846039,22.116889],[91.839854,22.116889],[91.829112,22.134101],[91.819347,22.155951],[91.812999,22.180325],[91.812022,22.205024],[91.816905,22.220282],[91.825857,22.230048],[91.834727,22.237616],[91.839854,22.246649],[91.83839,22.263088],[91.829845,22.271308],[91.819184,22.275824],[91.812022,22.281399],[91.808849,22.306342],[91.826508,22.318264],[91.852387,22.325344],[91.874034,22.336005],[91.884939,22.353827],[91.908051,22.42475],[91.901866,22.424058],[91.887706,22.42475],[91.885509,22.409654],[91.875743,22.37108],[91.877452,22.363349],[91.870453,22.3581],[91.859141,22.346625],[91.844005,22.334947],[91.826345,22.329169],[91.823253,22.324164],[91.798595,22.311916],[91.791352,22.301907],[91.793956,22.286038],[91.804535,22.278469],[91.817231,22.274075],[91.826345,22.267768],[91.825938,22.248481],[91.80893,22.236274],[91.78712,22.237942],[91.771658,22.260321],[91.754405,22.374661],[91.743663,22.411078],[91.676036,22.534613],[91.548106,22.700344],[91.516368,22.712226],[91.498709,22.727281],[91.48463,22.74551],[91.476817,22.761176],[91.469005,22.757066],[91.462413,22.761908],[91.458018,22.772284],[91.456309,22.784817],[91.458344,22.797065],[91.467784,22.809312],[91.473969,22.838324],[91.490001,22.880561],[91.490489,22.904527],[91.483084,22.904527],[91.479666,22.885891],[91.462413,22.833441],[91.452485,22.822659],[91.430431,22.816311],[91.416759,22.799994],[91.411632,22.777818],[91.414724,22.75373],[91.399669,22.764309],[91.38502,22.770697],[91.368337,22.773993],[91.346446,22.774848],[91.346446,22.767401],[91.367442,22.761664],[91.370128,22.752183],[91.360118,22.743394],[91.342621,22.739447],[91.290782,22.73843],[91.308849,22.7331],[91.325043,22.726142],[91.332774,22.720201],[91.329926,22.705715],[91.317393,22.697211],[91.300548,22.693264],[91.284434,22.692288],[91.283458,22.693345],[91.252778,22.699286],[91.248383,22.698228],[91.244802,22.698391],[91.243419,22.702216],[91.243907,22.717434],[91.243419,22.720201],[91.231212,22.724311],[91.216075,22.72606],[91.181895,22.726467],[91.181895,22.720201],[91.194591,22.709662],[91.199229,22.698798],[91.192149,22.691636],[91.168956,22.692288],[91.168956,22.684882],[91.226899,22.671088],[91.253429,22.660712],[91.264496,22.640815],[91.261078,22.627875],[91.253103,22.613837],[91.241569,22.575396],[91.221365,22.557193],[91.202743,22.54322],[91.176566,22.536419],[91.127343,22.527026],[91.089201,22.54443],[91.06958,22.571557],[91.058604,22.614325],[91.048676,22.626166],[91.037934,22.643866],[91.026703,22.674262],[91.018321,22.683092],[91.003754,22.678656],[91.018728,22.664455],[91.032237,22.636868],[91.040212,22.607733],[91.037934,22.588609],[91.017589,22.579291],[90.985118,22.574368],[90.954926,22.575832],[90.941742,22.585883],[90.935557,22.599677],[90.908214,22.617865],[90.902029,22.627102],[90.898774,22.636176],[90.884125,22.654486],[90.876475,22.682807],[90.865489,22.687161],[90.835948,22.684882],[90.831309,22.690579],[90.819509,22.726467],[90.811778,22.732367],[90.802582,22.736396],[90.794932,22.74136],[90.788341,22.759223],[90.774181,22.778062],[90.771007,22.784817],[90.769542,22.795356],[90.757335,22.822659],[90.750011,22.856757],[90.741954,22.874213],[90.732921,22.889065],[90.725597,22.905707],[90.722667,22.928453],[90.717459,22.940619],[90.640147,23.038031],[90.629405,23.064399],[90.627126,23.075873],[90.627208,23.086656],[90.638682,23.147895],[90.640147,23.18887],[90.645844,23.210924],[90.657074,23.230373],[90.665212,23.248765],[90.661143,23.267646],[90.667328,23.267646],[90.65089,23.300238],[90.650157,23.313544],[90.661143,23.322252],[90.657725,23.323228],[90.654796,23.32331],[90.653168,23.324652],[90.653656,23.329739],[90.628429,23.321519],[90.611339,23.342475],[90.601736,23.372463],[90.599132,23.391181],[90.600271,23.449937],[90.608735,23.472724],[90.633311,23.486762],[90.69158,23.486477],[90.715017,23.498358],[90.715831,23.535142],[90.711192,23.548814],[90.705577,23.554511],[90.695811,23.555487],[90.678233,23.55508],[90.675466,23.55093],[90.684337,23.541734],[90.702159,23.528388],[90.695323,23.50788],[90.677745,23.517279],[90.666759,23.518215],[90.647472,23.50788],[90.622081,23.500067],[90.607758,23.491116],[90.603363,23.494696],[90.588145,23.534166],[90.592052,23.562486],[90.608165,23.585761],[90.633311,23.596625],[90.627126,23.603461],[90.625336,23.599351],[90.625255,23.598334],[90.624034,23.59809],[90.61964,23.596625],[90.61199,23.606106],[90.59547,23.604397],[90.558767,23.590399],[90.564464,23.576402],[90.559418,23.567939],[90.547211,23.563788],[90.531505,23.562486],[90.514659,23.563788],[90.50172,23.567939],[90.476329,23.582953],[90.484386,23.56745],[90.498383,23.557278],[90.514985,23.551418],[90.531505,23.548814],[90.568696,23.547512],[90.576834,23.539496],[90.578949,23.449856],[90.575938,23.438951],[90.568126,23.432929],[90.559906,23.418402],[90.553722,23.400702],[90.551931,23.384955],[90.518321,23.398261],[90.322439,23.433295],[90.284434,23.446194],[90.250336,23.466946],[90.24936,23.45539],[90.2588,23.444566],[90.38852,23.372382],[90.404145,23.360419],[90.413422,23.347968],[90.419688,23.335598],[90.428477,23.326117],[90.460216,23.319729],[90.487966,23.30683],[90.503591,23.301744],[90.569102,23.294989],[90.577322,23.288398],[90.606619,23.247219],[90.61085,23.23078],[90.614513,23.195461],[90.610362,23.201158],[90.602712,23.211005],[90.593516,23.219875],[90.598399,23.200426],[90.602875,23.141303],[90.599132,23.117499],[90.571951,23.081732],[90.565603,23.075873],[90.553722,23.078559],[90.55128,23.0869],[90.555919,23.096829],[90.565603,23.103827],[90.565603,23.110663],[90.558767,23.110663],[90.547618,23.096747],[90.536632,23.086819],[90.522797,23.080146],[90.503591,23.075873],[90.466075,23.07685],[90.453624,23.072333],[90.448904,23.055732],[90.450125,23.049343],[90.454356,23.027533],[90.468272,22.99608],[90.48699,22.966132],[90.507009,22.942084],[90.509288,22.936998],[90.507579,22.92536],[90.510427,22.918199],[90.51295,22.91706],[90.516856,22.916815],[90.521007,22.915676],[90.524099,22.912014],[90.535981,22.903388],[90.54005,22.896552],[90.534923,22.887152],[90.52003,22.880194],[90.505138,22.881659],[90.490489,22.885199],[90.476329,22.884101],[90.457205,22.861762],[90.44809,22.828437],[90.436046,22.800605],[90.40797,22.794664],[90.424001,22.781684],[90.419932,22.768256],[90.406423,22.763088],[90.394298,22.774848],[90.372569,22.76142],[90.387218,22.751288],[90.415782,22.742499],[90.435232,22.733303],[90.444591,22.751654],[90.461681,22.748847],[90.479015,22.735012],[90.489919,22.720201],[90.492931,22.709906],[90.496755,22.678656],[90.508962,22.64643],[90.512706,22.611477],[90.51002,22.604234],[90.500173,22.592353],[90.491384,22.587836],[90.468598,22.584703],[90.459239,22.579291],[90.453461,22.564195],[90.442149,22.508734],[90.442068,22.493638],[90.444998,22.504136],[90.451182,22.510159],[90.458018,22.514635],[90.462657,22.520982],[90.463552,22.53144],[90.46046,22.551174],[90.462657,22.561957],[90.472504,22.575588],[90.487315,22.583726],[90.505138,22.586249],[90.524099,22.583075],[90.559744,22.562323],[90.57781,22.533677],[90.589692,22.500434],[90.606619,22.465766],[90.591319,22.470526],[90.586192,22.473212],[90.586436,22.450588],[90.593598,22.432318],[90.613455,22.396877],[90.618419,22.376654],[90.619314,22.355902],[90.613455,22.314887],[90.581554,22.238227],[90.557953,22.203355],[90.538341,22.198879],[90.511729,22.185289],[90.50115,22.176703],[90.496755,22.167792],[90.494395,22.154242],[90.488292,22.138617],[90.459646,22.091946],[90.450043,22.080797],[90.43865,22.075995],[90.425466,22.078843],[90.408458,22.085924],[90.393809,22.094713],[90.387462,22.102607],[90.39324,22.127387],[90.417491,22.175035],[90.421641,22.198879],[90.410004,22.227281],[90.40797,22.240424],[90.414073,22.271796],[90.410899,22.284247],[90.394298,22.288235],[90.398692,22.267483],[90.388682,22.223212],[90.39088,22.208808],[90.399099,22.202216],[90.405528,22.19953],[90.410492,22.195705],[90.414236,22.185777],[90.412852,22.178046],[90.408214,22.17121],[90.400564,22.164049],[90.399181,22.16234],[90.397146,22.160631],[90.395193,22.157213],[90.392589,22.143012],[90.388682,22.143459],[90.3838,22.145738],[90.380056,22.143622],[90.377126,22.133612],[90.37379,22.102607],[90.369884,22.08983],[90.365733,22.081204],[90.347423,22.055325],[90.334727,22.041815],[90.332205,22.038072],[90.327891,22.020494],[90.308604,21.984036],[90.304373,21.965766],[90.299978,21.92768],[90.290701,21.890326],[90.282888,21.870795],[90.272716,21.857408],[90.217621,21.813463],[90.203787,21.804592],[90.184825,21.800971],[90.164399,21.804267],[90.126801,21.818793],[90.10906,21.822089],[90.092947,21.830268],[90.088552,21.846747],[90.095388,21.859442],[90.112478,21.856269],[90.104991,21.870266],[90.11085,21.880113],[90.12086,21.889309],[90.126231,21.90119],[90.124522,21.909735],[90.121837,21.915351],[90.121349,21.921576],[90.126231,21.931952],[90.116222,21.919338],[90.098481,21.878607],[90.088878,21.869859],[90.079356,21.866929],[90.066905,21.85342],[90.057872,21.849351],[90.049327,21.85102],[90.036306,21.861151],[90.024425,21.862454],[90.031261,21.889228],[90.033946,21.943549],[90.044932,21.966132],[90.05421,21.973375],[90.065766,21.979885],[90.077159,21.987982],[90.085785,22.00023],[90.090587,22.015448],[90.09254,22.027981],[90.095958,22.040107],[90.105642,22.054267],[90.146739,22.089016],[90.151622,22.094875],[90.158865,22.10692],[90.164073,22.113227],[90.172862,22.117011],[90.181814,22.114814],[90.189708,22.110826],[90.195079,22.109524],[90.216156,22.123236],[90.2317,22.145657],[90.239106,22.172268],[90.236095,22.198879],[90.218272,22.155707],[90.205821,22.132961],[90.191661,22.123114],[90.164806,22.119818],[90.148285,22.110785],[90.088878,22.051174],[90.081798,22.041002],[90.073741,22.019232],[90.061046,22.0008],[90.057953,21.99372],[90.052419,21.989],[90.038097,21.986558],[90.028168,21.988105],[89.996349,22.00023],[90.002126,22.014106],[90.003184,22.029364],[90.010753,22.041205],[90.020193,22.048814],[90.028982,22.052965],[90.035411,22.059801],[90.038097,22.075344],[90.034679,22.10517],[90.039073,22.116278],[90.042735,22.131252],[90.052094,22.141099],[90.063243,22.145738],[90.072602,22.152045],[90.07838,22.164049],[90.052582,22.155463],[90.04005,22.138088],[90.024425,22.089016],[90.015391,22.077867],[89.988536,22.053046],[89.982758,22.044623],[89.985199,21.999416],[89.982758,21.986558],[89.967784,21.974555],[89.949718,21.980902],[89.934418,21.997707],[89.928233,22.017279],[89.92628,22.027167],[89.917491,22.049872],[89.914561,22.061672],[89.912364,22.135565],[89.903087,22.176907],[89.90089,22.201972],[89.898285,22.211656],[89.885509,22.230618],[89.880382,22.240424],[89.876638,22.253485],[89.875336,22.263983],[89.876801,22.274726],[89.880382,22.288235],[89.900157,22.33393],[89.982758,22.445258],[89.988292,22.45775],[89.991954,22.469875],[89.997895,22.480862],[90.010102,22.49022],[89.982758,22.473212],[89.979503,22.470079],[89.947439,22.439683],[89.933604,22.423529],[89.928233,22.407701],[89.920421,22.391832],[89.903087,22.39643],[89.872895,22.418606],[89.874848,22.39765],[89.880544,22.380601],[89.884125,22.363511],[89.880382,22.342231],[89.838715,22.267768],[89.850841,22.246527],[89.861339,22.211005],[89.872895,22.143622],[89.874278,22.108832],[89.871349,22.091864],[89.862966,22.079047],[89.846202,22.070624],[89.831554,22.071967],[89.816173,22.075995],[89.797211,22.075995],[89.797211,22.068508],[89.81837,22.060045],[89.835948,22.049465],[89.847911,22.033881],[89.852387,22.010443],[89.851085,22.000881],[89.845958,21.982896],[89.846202,21.972317],[89.850271,21.963121],[89.86378,21.943305],[89.871837,21.924262],[89.881602,21.912991],[89.887218,21.900092],[89.880382,21.884182],[89.87322,21.881578],[89.850922,21.877509],[89.825206,21.856269],[89.819591,21.849555],[89.817638,21.844916],[89.81422,21.840806],[89.804698,21.835761],[89.786388,21.828925],[89.775727,21.827582],[89.771169,21.832343],[89.76588,21.846747],[89.753429,21.843899],[89.738455,21.834418],[89.725841,21.828925],[89.709158,21.830064],[89.69044,21.833726],[89.67335,21.840074],[89.661306,21.849351],[89.656912,21.857123],[89.653168,21.867743],[89.652599,21.878852],[89.663341,21.896308],[89.661306,21.905829],[89.646983,21.925116],[89.618988,21.869859],[89.630382,21.851467],[89.64975,21.826361],[89.672048,21.804267],[89.692068,21.794827],[89.700694,21.784857],[89.689952,21.765204],[89.668224,21.750881],[89.643565,21.756903],[89.631521,21.764065],[89.620372,21.76435],[89.59547,21.759996],[89.592784,21.754381],[89.60377,21.727688],[89.605968,21.719062],[89.586925,21.700832],[89.565684,21.713365],[89.53712,21.753811],[89.53891,21.77147],[89.527354,21.812812],[89.530284,21.835761],[89.538341,21.848619],[89.556895,21.868801],[89.564464,21.884182],[89.567638,21.900702],[89.563487,21.973131],[89.5713,22.031236],[89.576671,22.051703],[89.600597,22.091254],[89.605968,22.113227],[89.60255,22.134508],[89.593761,22.155422],[89.581391,22.174058],[89.567882,22.18891],[89.567231,22.202826],[89.597911,22.240302],[89.605968,22.256903],[89.607107,22.278266],[89.610606,22.298896],[89.616954,22.318427],[89.626475,22.336005],[89.615489,22.328274],[89.606212,22.315619],[89.592459,22.288235],[89.580821,22.277248],[89.577159,22.2685],[89.586192,22.245429],[89.580333,22.236762],[89.561046,22.22309],[89.549164,22.205268],[89.550304,22.192125],[89.5713,22.157904],[89.576345,22.145494],[89.578787,22.135891],[89.579356,22.113227],[89.576996,22.101264],[89.566742,22.082099],[89.564464,22.072211],[89.556488,22.00845],[89.551443,21.994045],[89.532888,21.984687],[89.52475,22.000149],[89.523448,22.044623],[89.526134,22.055121],[89.536469,22.075832],[89.53712,22.089016],[89.492035,22.188381],[89.489431,22.208808],[89.494151,22.253567],[89.493012,22.273505],[89.483165,22.295071],[89.475759,22.295071],[89.467459,22.22899],[89.475759,22.102607],[89.483165,22.102607],[89.48406,22.116685],[89.48878,22.129584],[89.494151,22.136868],[89.496837,22.133979],[89.49822,22.125312],[89.50172,22.113105],[89.506847,22.10102],[89.51295,22.092434],[89.518321,22.081],[89.517426,22.066474],[89.509125,22.041205],[89.504161,22.036689],[89.491873,22.034573],[89.489431,22.031236],[89.490408,22.023993],[89.492686,22.019192],[89.496837,22.013861],[89.500499,22.00259],[89.512706,21.978095],[89.52003,21.969184],[89.521821,21.962307],[89.512543,21.909125],[89.502289,21.897528],[89.489106,21.888373],[89.475759,21.876695],[89.46461,21.859198],[89.463634,21.845038],[89.467052,21.828599],[89.469493,21.804389],[89.465831,21.781317],[89.456228,21.762397],[89.442719,21.746649],[89.406423,21.717353],[89.395193,21.716376],[89.36964,21.743313],[89.364268,21.758205],[89.362804,21.78384],[89.365896,21.828925],[89.371267,21.847154],[89.384288,21.877834],[89.386974,21.90119],[89.38266,21.921332],[89.364024,21.955064],[89.35963,21.972317],[89.352224,21.972317],[89.345958,21.957017],[89.348806,21.944159],[89.355235,21.931627],[89.35963,21.91767],[89.35963,21.901679],[89.355968,21.892524],[89.339122,21.876695],[89.328868,21.864651],[89.322602,21.854641],[89.306163,21.817613],[89.30128,21.809394],[89.296235,21.809068],[89.290701,21.822089],[89.283946,21.822089],[89.284434,21.79682],[89.294688,21.757799],[89.290701,21.733344],[89.273692,21.698798],[89.276622,21.687567],[89.297537,21.678127],[89.285899,21.665595],[89.268728,21.653998],[89.248709,21.645901],[89.229259,21.643948],[89.21046,21.65412],[89.204438,21.672675],[89.208263,21.690619],[89.218598,21.698554],[89.220714,21.709418],[89.189708,21.791246],[89.188243,21.799709],[89.187673,21.81151],[89.18336,21.815619],[89.174083,21.810045],[89.164561,21.800198],[89.160411,21.791327],[89.154552,21.786851],[89.141287,21.790229],[89.119395,21.800971],[89.10906,21.809516],[89.104666,21.815863],[89.079926,21.897406],[89.07781,21.914252],[89.080414,21.934882],[89.091075,21.976793],[89.091482,22.00023],[89.084239,22.021186],[89.062022,22.049506],[89.057384,22.06509],[89.063487,22.111029],[89.060395,22.129869],[89.060313,22.130601],[89.043712,22.137397],[89.048595,22.122952],[89.045665,22.112047],[89.039887,22.100898],[89.036876,22.085598],[89.04005,22.069525],[89.054047,22.043647],[89.057384,22.031236],[89.065603,21.967108],[89.060883,21.938463],[89.036876,21.925116],[89.023123,21.931098],[89.013031,21.929429],[89.008067,21.920559],[89.009532,21.904608],[88.993012,21.912665],[88.96046,21.934312],[88.944672,21.938788],[88.937836,21.948717],[88.934581,21.969306],[88.928722,21.986558],[88.91391,21.986558],[88.90504,21.969428],[88.910818,21.946479],[88.924083,21.926337],[88.937836,21.91767],[88.951915,21.913886],[88.968272,21.904731],[88.99586,21.884182],[89.01588,21.853339],[89.030935,21.770453],[89.043712,21.733344],[89.047862,21.728013],[89.067882,21.709133],[89.082774,21.678209],[89.085216,21.674709],[89.088227,21.633734],[89.082693,21.617336],[89.06422,21.609198],[89.053233,21.609809],[89.044688,21.613511],[89.038829,21.619452],[89.036876,21.626899],[89.033946,21.633246],[89.027599,21.624579],[89.021658,21.611802],[89.019786,21.606106],[89.000255,21.60342],[88.975759,21.615912],[88.933849,21.643948],[88.896983,21.650133],[88.891612,21.65351],[88.886078,21.661811],[88.881602,21.672024],[88.872081,21.74901],[88.866059,21.766832],[88.858653,21.766832],[88.855724,21.748847],[88.841563,21.716254],[88.838227,21.701972],[88.842947,21.684149],[88.859874,21.652574],[88.858653,21.636542],[88.844249,21.622219],[88.823985,21.617255],[88.805837,21.62287],[88.797862,21.640204],[88.814789,21.653876],[88.81837,21.65762],[88.818533,21.665839],[88.816661,21.675035],[88.810883,21.691718],[88.804942,21.671861],[88.800466,21.661851],[88.7942,21.65762],[88.784028,21.655951],[88.779063,21.65119],[88.77711,21.643541],[88.776866,21.63345],[88.781749,21.614244],[88.791026,21.598863],[88.796641,21.584418],[88.790538,21.568264],[88.762462,21.555854],[88.727875,21.559882],[88.70753,21.578315],[88.722179,21.609198],[88.687999,21.678127],[88.684906,21.697211],[88.703624,21.810614],[88.698009,21.825507],[88.694509,21.83983],[88.714692,21.897854],[88.71697,21.951972],[88.722179,21.966132],[88.733165,21.9772],[88.746837,21.987128],[88.758311,21.999457],[88.763031,22.017279],[88.754649,22.037584],[88.717052,22.058051],[88.708507,22.072211],[88.714854,22.086982],[88.730154,22.103583],[88.763031,22.130561],[88.743907,22.12934],[88.726573,22.121161],[88.712169,22.109036],[88.701671,22.095852],[88.694835,22.081529],[88.692882,22.065863],[88.699474,22.053209],[88.718516,22.048041],[88.730724,22.037177],[88.723318,22.013088],[88.701671,21.97602],[88.698416,21.962592],[88.689952,21.94599],[88.678722,21.936672],[88.667003,21.945014],[88.656261,21.941067],[88.642589,21.940904],[88.63087,21.945461],[88.625987,21.955512],[88.627452,21.970404],[88.631684,21.979804],[88.646332,22.00023],[88.653494,22.018012],[88.652599,22.031806],[88.648774,22.046047],[88.64503,22.075141],[88.639496,22.097235],[88.639496,22.109524],[88.656993,22.151068],[88.674001,22.162055],[88.683116,22.184963],[88.679942,22.204413],[88.660167,22.205024],[88.661143,22.198961],[88.656016,22.183254],[88.649669,22.169094],[88.646332,22.167792],[88.644298,22.162299],[88.634939,22.144965],[88.63087,22.1258],[88.622081,22.116034],[88.619151,22.109524],[88.618337,22.102973],[88.619965,22.078315],[88.625499,22.059272],[88.625987,22.048041],[88.620372,22.029975],[88.60255,22.006415],[88.598643,21.990302],[88.600271,21.947211],[88.598399,21.929348],[88.567068,21.850816],[88.564626,21.832343],[88.56544,21.771186],[88.564626,21.766832],[88.581309,21.769436],[88.604177,21.778754],[88.624034,21.778022],[88.632823,21.750067],[88.630219,21.731757],[88.623383,21.710273],[88.612641,21.697496],[88.598643,21.70539],[88.591807,21.70539],[88.59962,21.637274],[88.595063,21.612128],[88.578136,21.62344],[88.578136,21.571682],[88.572276,21.557929],[88.55893,21.555569],[88.54477,21.561998],[88.536469,21.5751],[88.530284,21.564399],[88.529633,21.553371],[88.534434,21.542914],[88.543956,21.534084],[88.51295,21.524644],[88.493907,21.534817],[88.487966,21.556545],[88.495616,21.581855],[88.502126,21.589342],[88.5088,21.594387],[88.514008,21.600816],[88.516124,21.612616],[88.516612,21.62641],[88.518809,21.639146],[88.52296,21.649888],[88.529633,21.65762],[88.509532,21.712307],[88.504893,21.741523],[88.512706,21.763414],[88.532888,21.795315],[88.531016,21.824123],[88.51588,21.850816],[88.495616,21.876695],[88.514659,21.916205],[88.514985,21.937201],[88.495616,21.951809],[88.499848,21.933661],[88.492361,21.922024],[88.481212,21.909898],[88.474457,21.890326],[88.477061,21.871812],[88.492035,21.837144],[88.495616,21.818671],[88.4935,21.805162],[88.488292,21.803656],[88.481456,21.805162],[88.474457,21.800971],[88.468272,21.777248],[88.457693,21.758857],[88.45338,21.741767],[88.452159,21.722805],[88.454763,21.70539],[88.468598,21.677151],[88.472179,21.663275],[88.468272,21.643948],[88.456309,21.62401],[88.441905,21.616156],[88.426117,21.611029],[88.409679,21.59927],[88.393077,21.600246],[88.383556,21.631415],[88.382823,21.671332],[88.392589,21.698554],[88.380626,21.696194],[88.364513,21.686957],[88.355724,21.684963],[88.346202,21.688625],[88.340668,21.697496],[88.336436,21.708726],[88.331228,21.719062],[88.326345,21.711086],[88.324718,21.701361],[88.327403,21.691107],[88.345714,21.6706],[88.349457,21.660956],[88.348806,21.650295],[88.34547,21.636542],[88.33546,21.61579],[88.321788,21.605658],[88.309744,21.610175],[88.304454,21.63345],[88.302013,21.745185],[88.298188,21.764106],[88.289806,21.780219],[88.273123,21.797919],[88.261567,21.798651],[88.264171,21.775295],[88.295421,21.676581],[88.297048,21.653876],[88.294444,21.642808],[88.28419,21.621243],[88.283376,21.609198],[88.287608,21.600287],[88.300629,21.589342],[88.304454,21.581855],[88.305837,21.571682],[88.303722,21.568793],[88.297862,21.566555],[88.28712,21.558295],[88.278982,21.555162],[88.266124,21.55386],[88.254405,21.554674],[88.249278,21.558295],[88.245942,21.579901],[88.237478,21.601711],[88.224376,21.613023],[88.208263,21.602973],[88.189464,21.641791],[88.181895,21.665229],[88.180919,21.684963],[88.19044,21.704088],[88.203461,21.724351],[88.21046,21.74726],[88.201427,21.774319],[88.209727,21.78856],[88.203787,21.805406],[88.154063,21.888088],[88.156423,21.897854],[88.159434,21.906155],[88.146739,21.959215],[88.149913,21.976386],[88.156261,21.990871],[88.164317,22.003119],[88.206798,22.053371],[88.222423,22.077948],[88.212738,22.100043],[88.20338,22.15176],[88.198009,22.167792],[88.165294,22.185004],[88.118419,22.200181],[88.081309,22.217353],[88.077322,22.240424],[88.059744,22.229478],[88.043468,22.224758],[88.027029,22.227851],[88.009044,22.240424],[87.985118,22.265937],[87.972667,22.283189],[87.967459,22.298489],[87.964203,22.319281],[87.950694,22.356187],[87.94752,22.373847],[87.946137,22.394924],[87.94044,22.413031],[87.927989,22.424221],[87.906586,22.42475],[87.906586,22.418606],[87.922862,22.397773],[87.935802,22.35517],[87.94752,22.277655],[87.95281,22.262437],[87.965343,22.244818],[87.991954,22.215888],[88.008474,22.204901],[88.025401,22.200914],[88.057384,22.198879],[88.09547,22.19123],[88.132579,22.179145],[88.160981,22.156562],[88.173513,22.116889],[88.164317,22.089789],[88.140636,22.060126],[88.111176,22.034857],[88.084727,22.020697],[88.048595,22.020738],[88.043142,22.017279],[88.045177,22.006537],[88.049001,21.995429],[88.050792,21.985012],[88.046886,21.97602],[88.0324,21.95718],[87.983653,21.854193],[87.97047,21.836493],[87.957774,21.828925],[87.948009,21.825385],[87.909028,21.798814],[87.902192,21.79682],[87.899181,21.794827],[87.895681,21.789374],[87.894786,21.778754],[87.892914,21.774319],[87.867198,21.7508],[87.833995,21.729315],[87.755707,21.691718],[87.703787,21.655504],[87.683849,21.650133],[87.6421,21.652086],[87.621349,21.650621],[87.477387,21.613593],[87.468761,21.611396],[87.404929,21.586644],[87.341807,21.562405],[87.293468,21.553656],[87.256114,21.561998],[87.247334,21.557327],[87.245942,21.556586],[87.235199,21.554511],[87.211436,21.554592],[87.200938,21.551988],[87.113048,21.507961],[87.063731,21.475002],[86.917654,21.327379],[86.866954,21.256049],[86.83725,21.174709],[86.844005,21.082221],[86.952159,20.849107],[86.965668,20.805976],[86.953868,20.780585],[86.93629,20.787502],[86.916515,20.788072],[86.878754,20.780585],[86.889334,20.764472],[86.910655,20.756415],[86.957205,20.753241],[86.979991,20.755561],[86.986583,20.751858],[86.994884,20.738959],[87.000011,20.728217],[87.001801,20.71898],[86.998709,20.711127],[86.988617,20.70425],[86.975759,20.710679],[86.961192,20.712836],[86.948253,20.709052],[86.940196,20.697984],[86.951915,20.697008],[86.961192,20.695054],[86.968516,20.691148],[86.974294,20.684394],[86.9817,20.68537],[86.986501,20.684394],[86.990245,20.679999],[86.994884,20.670722],[87.019379,20.680365],[87.033376,20.690172],[87.043224,20.697984],[87.027517,20.679674],[87.003591,20.65705],[86.976248,20.637885],[86.923188,20.621731],[86.774181,20.511949],[86.751475,20.489163],[86.733897,20.462226],[86.72462,20.431952],[86.72047,20.368476],[86.741954,20.379543],[86.756358,20.393744],[86.769786,20.400702],[86.788748,20.390123],[86.788259,20.402818],[86.789806,20.4147],[86.796153,20.437323],[86.809825,20.415107],[86.7942,20.37816],[86.768321,20.343451],[86.751475,20.32807],[86.739268,20.324205],[86.719737,20.31509],[86.701671,20.303778],[86.693696,20.293931],[86.701671,20.284654],[86.719737,20.291734],[86.754649,20.314439],[86.717459,20.286933],[86.628184,20.235256],[86.583832,20.218207],[86.53419,20.206122],[86.511485,20.197455],[86.495128,20.184068],[86.490408,20.174058],[86.478852,20.12934],[86.468516,20.10928],[86.467133,20.094672],[86.41505,20.036322],[86.391449,20.020209],[86.396739,20.009955],[86.404145,20.002631],[86.414073,19.998847],[86.42628,19.999172],[86.397227,19.982856],[86.348399,20.008857],[86.275401,20.067369],[86.231293,20.064887],[86.209158,20.066636],[86.199718,20.077948],[86.195974,20.080308],[86.173025,20.1022],[86.168468,20.113186],[86.163097,20.134833],[86.158702,20.143134],[86.152517,20.143134],[86.14503,20.122016],[86.154307,20.089993],[86.158702,20.081041],[86.167735,20.072943],[86.187755,20.063666],[86.213715,20.042426],[86.230235,20.035305],[86.268565,20.026435],[86.273448,20.02619],[86.284679,20.027493],[86.289073,20.026435],[86.293224,20.02143],[86.294119,20.015692],[86.2942,20.010403],[86.295909,20.006578],[86.302908,19.999091],[86.308116,19.992092],[86.314952,19.986884],[86.326671,19.984849],[86.341563,19.979885],[86.356456,19.970404],[86.372406,19.964993],[86.268565,19.910346],[86.111583,19.855699],[86.089041,19.844224],[86.07838,19.843573],[86.066742,19.851996],[86.056651,19.856879],[86.04656,19.852525],[86.037934,19.845282],[86.032074,19.841498],[86.01352,19.839057],[85.888845,19.802965],[85.846365,19.795844],[85.808604,19.773383],[85.788829,19.765692],[85.778087,19.764635],[85.744395,19.765692],[85.734386,19.763617],[85.714854,19.754218],[85.684581,19.747748],[85.624278,19.718573],[85.625987,19.722886],[85.635997,19.72663],[85.63795,19.731635],[85.614268,19.727932],[85.549164,19.690619],[85.480479,19.666327],[85.456798,19.663316],[85.44988,19.666693],[85.44752,19.674628],[85.446788,19.690619],[85.443126,19.69245],[85.43686,19.691352],[85.430431,19.691718],[85.42628,19.697455],[85.427013,19.704088],[85.431651,19.704901],[85.43686,19.704657],[85.439301,19.707994],[85.450857,19.716295],[85.47755,19.723863],[85.521983,19.739081],[85.525564,19.734036],[85.523448,19.728705],[85.518891,19.721584],[85.514985,19.711127],[85.558849,19.738105],[85.576508,19.745836],[85.567638,19.7508],[85.563243,19.756903],[85.564138,19.76439],[85.570323,19.773179],[85.567149,19.791653],[85.570323,19.875637],[85.55714,19.881781],[85.514985,19.889309],[85.476817,19.901028],[85.463552,19.902899],[85.440115,19.896226],[85.41627,19.879788],[85.374522,19.837795],[85.319591,19.793647],[85.30421,19.79267],[85.290294,19.789944],[85.278087,19.78559],[85.268077,19.780015],[85.246837,19.762641],[85.220958,19.736029],[85.20338,19.707261],[85.206554,19.683783],[85.189952,19.670966],[85.175141,19.636908],[85.165538,19.6258],[85.150157,19.613471],[85.140147,19.596584],[85.139334,19.579779],[85.151378,19.567776],[85.151378,19.560289],[85.139171,19.557074],[85.122895,19.549018],[85.108897,19.538967],[85.102875,19.529608],[85.104503,19.514879],[85.108735,19.506781],[85.115489,19.507473],[85.124034,19.519355],[85.128754,19.509508],[85.130219,19.498725],[85.128673,19.487982],[85.124034,19.478339],[85.135753,19.481594],[85.141775,19.487128],[85.145763,19.493476],[85.151378,19.498847],[85.162446,19.503485],[85.171153,19.504462],[85.178559,19.504299],[85.185557,19.505683],[85.202891,19.517157],[85.201915,19.527086],[85.1963,19.538479],[85.199229,19.554104],[85.206309,19.548],[85.214529,19.547268],[85.223643,19.549954],[85.233246,19.554104],[85.203787,19.570502],[85.193044,19.57392],[85.193044,19.580797],[85.212901,19.581122],[85.223643,19.590237],[85.232595,19.601549],[85.247569,19.60871],[85.247569,19.614936],[85.241873,19.617011],[85.237315,19.620551],[85.234386,19.625678],[85.233246,19.632554],[85.236339,19.635321],[85.247813,19.653144],[85.247569,19.65648],[85.260753,19.656073],[85.309093,19.642239],[85.350597,19.677639],[85.36378,19.678046],[85.37436,19.674709],[85.383067,19.676093],[85.391449,19.690619],[85.399181,19.679145],[85.403168,19.671291],[85.404959,19.661933],[85.405284,19.645941],[85.402192,19.643988],[85.388682,19.638251],[85.384613,19.635972],[85.382172,19.63109],[85.380382,19.619615],[85.37794,19.614936],[85.368419,19.6081],[85.352306,19.599433],[85.336762,19.596096],[85.330089,19.604967],[85.326427,19.618801],[85.31837,19.619534],[85.311046,19.6105],[85.309093,19.595038],[85.303477,19.59748],[85.293793,19.599555],[85.288422,19.601264],[85.302501,19.586656],[85.305837,19.580146],[85.302908,19.57392],[85.330577,19.576402],[85.576508,19.690619],[85.540294,19.669582],[85.46339,19.631049],[85.380219,19.593817],[85.336681,19.575181],[85.285411,19.536282],[85.240571,19.518052],[85.180431,19.475002],[85.069509,19.372138],[84.99586,19.32331],[84.872081,19.219875],[84.791026,19.120592],[84.777761,19.116197],[84.775157,19.115302],[84.764415,19.12344],[84.750662,19.138373],[84.73878,19.14765],[84.733653,19.139146],[84.731212,19.128811],[84.720958,19.114244],[84.719981,19.10163],[84.72283,19.096015],[84.735362,19.083197],[84.740489,19.073676],[84.756847,19.097642],[84.760997,19.10163],[84.767833,19.101793],[84.775238,19.100491],[84.78004,19.097073],[84.778331,19.09101],[84.75115,19.0539],[84.741059,19.028144],[84.699474,18.977484],[84.679535,18.945705],[84.66505,18.930121],[84.63087,18.915717],[84.547862,18.796088],[84.54184,18.775784],[84.448253,18.68065],[84.437185,18.662787],[84.432628,18.645697],[84.423676,18.636461],[84.370453,18.601304],[84.349457,18.56981],[84.332856,18.553697],[84.312266,18.546698],[84.306326,18.543687],[84.288585,18.529771],[84.281749,18.52558],[84.272716,18.524319],[84.250011,18.524237],[84.246918,18.52558],[84.237641,18.510932],[84.24936,18.501654],[84.271007,18.50019],[84.297699,18.516303],[84.326182,18.537421],[84.349946,18.552924],[84.331228,18.538642],[84.287934,18.505764],[84.240082,18.460761],[84.230479,18.446234],[84.188324,18.418036],[84.17449,18.399848],[84.152843,18.383612],[84.143891,18.374823],[84.138927,18.364163],[84.136485,18.353583],[84.132823,18.343411],[84.124034,18.333808],[84.113129,18.298285],[84.077403,18.271552],[83.775157,18.139594],[83.613943,18.045152],[83.582286,18.01911],[83.576182,18.009752],[83.562836,17.9831],[83.55836,17.977525],[83.556651,17.973456],[83.53891,17.956285],[83.534434,17.953315],[83.526134,17.942532],[83.486583,17.916897],[83.472911,17.902493],[83.465587,17.902493],[83.462901,17.908515],[83.451915,17.922919],[83.448985,17.906887],[83.452403,17.886217],[83.452973,17.868476],[83.431163,17.854234],[83.425304,17.838609],[83.417735,17.80622],[83.402354,17.784491],[83.341319,17.717434],[83.319102,17.703192],[83.313243,17.701158],[83.304373,17.692206],[83.298595,17.690131],[83.292735,17.691148],[83.289561,17.693264],[83.287446,17.69538],[83.284679,17.696357],[83.282237,17.699286],[83.280284,17.705959],[83.276378,17.71308],[83.26824,17.717475],[83.246918,17.716254],[83.242035,17.706529],[83.249278,17.69538],[83.271983,17.688137],[83.292491,17.677476],[83.298595,17.672797],[83.299083,17.664293],[83.289236,17.65762],[83.26824,17.648586],[83.255138,17.638129],[83.246918,17.634223],[83.212901,17.634914],[83.233897,17.607733],[83.238943,17.592963],[83.222911,17.586493],[83.209239,17.583686],[83.196137,17.576809],[83.171397,17.559801],[83.088227,17.530707],[83.053233,17.506496],[83.019867,17.490912],[82.99643,17.473456],[82.975841,17.453681],[82.969574,17.4501],[82.95281,17.44595],[82.945486,17.443101],[82.896821,17.409329],[82.888682,17.410142],[82.883311,17.422065],[82.869151,17.414008],[82.854259,17.402818],[82.837657,17.392768],[82.796397,17.383043],[82.758149,17.359198],[82.718516,17.348619],[82.474864,17.205959],[82.451915,17.18244],[82.435069,17.153795],[82.422862,17.13996],[82.387706,17.126939],[82.370372,17.110093],[82.342052,17.073188],[82.311697,17.046617],[82.299327,17.030341],[82.291677,16.99844],[82.252696,16.929185],[82.250743,16.907864],[82.255138,16.885321],[82.267914,16.867499],[82.29835,16.858466],[82.303559,16.854193],[82.308116,16.849555],[82.31422,16.846625],[82.319591,16.847235],[82.327159,16.849433],[82.333344,16.852118],[82.334646,16.854071],[82.352061,16.845404],[82.362478,16.859076],[82.361176,16.891343],[82.357432,16.924872],[82.348888,16.956488],[82.361176,16.936021],[82.366547,16.908637],[82.367442,16.860297],[82.365571,16.811591],[82.352061,16.761298],[82.345958,16.706122],[82.338145,16.678412],[82.31422,16.62816],[82.312348,16.619859],[82.313813,16.612982],[82.312836,16.60814],[82.303966,16.606431],[82.299327,16.610093],[82.293793,16.625637],[82.286876,16.62816],[82.280935,16.620836],[82.285492,16.606513],[82.296072,16.59101],[82.307384,16.579779],[82.259044,16.565497],[82.203461,16.512681],[82.188243,16.504055],[82.173025,16.500922],[82.122895,16.477362],[82.090668,16.454779],[82.068614,16.444281],[82.037364,16.447659],[82.022716,16.435736],[82.007823,16.419582],[81.992686,16.408433],[81.9817,16.407864],[81.967947,16.408922],[81.956228,16.407172],[81.94809,16.391547],[81.940766,16.388373],[81.899913,16.38581],[81.880544,16.381659],[81.861664,16.375393],[81.783214,16.338568],[81.76295,16.322577],[81.717621,16.312201],[81.711599,16.312201],[81.696056,16.314927],[81.676931,16.327379],[81.656261,16.337348],[81.636404,16.332709],[81.620942,16.339504],[81.584972,16.342108],[81.568126,16.346381],[81.573904,16.358344],[81.569184,16.36758],[81.556977,16.373033],[81.540212,16.373684],[81.549083,16.352362],[81.535981,16.350043],[81.49586,16.360663],[81.475352,16.358629],[81.416677,16.340155],[81.421153,16.350979],[81.426117,16.35871],[81.428233,16.365668],[81.424083,16.373684],[81.411388,16.382514],[81.398936,16.382636],[81.386974,16.376776],[81.375743,16.367499],[81.35963,16.374335],[81.345225,16.373603],[81.331554,16.369778],[81.317393,16.367499],[81.259613,16.332709],[81.248546,16.320136],[81.249848,16.311021],[81.256033,16.301825],[81.259613,16.288642],[81.254161,16.271308],[81.230317,16.243598],[81.218516,16.199449],[81.190278,16.138861],[81.180024,16.086737],[81.161957,16.057074],[81.156016,16.03852],[81.155447,15.9855],[81.14975,15.969631],[81.135102,15.966498],[81.088227,15.92121],[81.043305,15.89411],[81.026866,15.880845],[80.998871,15.846747],[80.998383,15.834703],[81.00294,15.825263],[81.0088,15.817816],[81.012543,15.811957],[81.019216,15.792385],[81.019054,15.784166],[81.012543,15.777818],[81.004731,15.77851],[80.99586,15.784329],[80.988292,15.791205],[80.979015,15.803412],[80.949474,15.827867],[80.940684,15.832994],[80.921641,15.838609],[80.910004,15.852688],[80.904307,15.871283],[80.90268,15.890815],[80.910167,15.965888],[80.908946,15.983466],[80.906016,15.999823],[80.896495,16.031073],[80.892263,16.020941],[80.896495,16.010565],[80.889008,16.00373],[80.885753,16.008694],[80.882823,16.011461],[80.875336,16.017401],[80.891287,15.978258],[80.895763,15.936021],[80.890147,15.89525],[80.855724,15.822699],[80.830251,15.747626],[80.820079,15.726874],[80.80714,15.716376],[80.80836,15.803941],[80.802745,15.842434],[80.776134,15.884263],[80.760102,15.892971],[80.736339,15.89761],[80.69044,15.900702],[80.682465,15.903266],[80.67628,15.907172],[80.670177,15.907701],[80.663097,15.900702],[80.660411,15.893948],[80.662852,15.88935],[80.618419,15.887681],[80.600108,15.882229],[80.584321,15.872545],[80.571137,15.86872],[80.56072,15.880845],[80.553884,15.880845],[80.541677,15.868069],[80.52589,15.85692],[80.491873,15.83926],[80.482677,15.836412],[80.475597,15.835924],[80.469086,15.834662],[80.461436,15.829657],[80.445486,15.814399],[80.43629,15.808295],[80.393321,15.797024],[80.35963,15.775824],[80.279633,15.70067],[80.263194,15.674547],[80.219493,15.56745],[80.217459,15.548163],[80.201345,15.518297],[80.197602,15.503079],[80.211192,15.496649],[80.20045,15.482164],[80.183849,15.452297],[80.172862,15.4383],[80.14031,15.406399],[80.126801,15.388129],[80.121267,15.370022],[80.090587,15.304877],[80.09254,15.296576],[80.082367,15.204088],[80.052989,15.092597],[80.054535,15.014146],[80.061534,14.974677],[80.073416,14.942043],[80.073009,14.920559],[80.105154,14.763861],[80.108165,14.714342],[80.110688,14.704779],[80.116954,14.698147],[80.128184,14.688463],[80.151866,14.672797],[80.159841,14.662665],[80.166352,14.62816],[80.173595,14.616523],[80.178477,14.60578],[80.175955,14.592963],[80.169688,14.585842],[80.160899,14.57982],[80.141856,14.571234],[80.149181,14.565009],[80.159353,14.565741],[80.183279,14.571112],[80.190196,14.571234],[80.196951,14.565009],[80.196056,14.559027],[80.192393,14.553209],[80.190196,14.547593],[80.188243,14.525702],[80.175955,14.468736],[80.178722,14.38939],[80.174978,14.34455],[80.159434,14.324774],[80.137055,14.269924],[80.128184,14.256537],[80.097911,14.254299],[80.087169,14.250312],[80.071788,14.232245],[80.070079,14.229193],[80.055024,14.221584],[80.046641,14.20661],[80.050629,14.196112],[80.073497,14.20185],[80.090994,14.216742],[80.106619,14.234036],[80.121104,14.242011],[80.13559,14.229193],[80.123383,14.193508],[80.125824,14.148505],[80.149669,14.027737],[80.1596049229531,14.0],[74.51276190994675,14.0],[74.504731,14.01024],[74.495372,14.030585],[74.494802,14.040717],[74.496267,14.06151],[74.495372,14.071519],[74.491384,14.080634],[74.479177,14.095649],[74.474864,14.105699],[74.473155,14.161689],[74.467459,14.181383],[74.438731,14.22012],[74.429047,14.240424],[74.43336,14.263373],[74.447032,14.253974],[74.471039,14.248684],[74.494965,14.247463],[74.508962,14.250312],[74.500011,14.257961],[74.436371,14.27969],[74.427745,14.28384],[74.415375,14.301093],[74.412608,14.344794],[74.403575,14.362982],[74.396983,14.372748],[74.394379,14.384914],[74.394216,14.410793],[74.391856,14.419013],[74.386729,14.424221],[74.381602,14.43122],[74.374278,14.467271],[74.353852,14.505072],[74.351899,14.530219],[74.367035,14.512356],[74.377452,14.484605],[74.388845,14.462714],[74.407237,14.461982],[74.397634,14.475409],[74.401134,14.479722],[74.427745,14.476264],[74.385427,14.524115],[74.372406,14.530219],[74.374685,14.533759],[74.377126,14.541002],[74.379242,14.544582],[74.368337,14.549709],[74.364106,14.54914],[74.358735,14.544582],[74.355479,14.557074],[74.355805,14.562405],[74.358735,14.571234],[74.342947,14.563666],[74.340994,14.551174],[74.342947,14.536851],[74.339041,14.523993],[74.32488,14.517239],[74.309825,14.519436],[74.300548,14.527411],[74.303559,14.537665],[74.295909,14.565009],[74.295177,14.587307],[74.307384,14.601874],[74.339041,14.605943],[74.339041,14.612779],[74.323904,14.618598],[74.312266,14.615465],[74.301117,14.60932],[74.28712,14.605943],[74.27589,14.610175],[74.268077,14.61994],[74.266856,14.631293],[74.276215,14.640082],[74.269216,14.658922],[74.263194,14.701606],[74.25294,14.71894],[74.23406,14.734076],[74.22047,14.738105],[74.208751,14.731838],[74.194347,14.715806],[74.180675,14.742174],[74.173839,14.749945],[74.169444,14.750881],[74.157725,14.748969],[74.153331,14.749945],[74.146495,14.761868],[74.145844,14.763617],[74.111339,14.780341],[74.096446,14.793362],[74.091319,14.811428],[74.109141,14.802639],[74.114024,14.808417],[74.114268,14.82095],[74.118663,14.831855],[74.128754,14.83747],[74.140473,14.838772],[74.151541,14.83511],[74.159516,14.82567],[74.169688,14.844468],[74.178966,14.856269],[74.190684,14.863105],[74.208018,14.866645],[74.21811,14.865383],[74.226899,14.862738],[74.233084,14.864569],[74.235199,14.876532],[74.230724,14.880113],[74.220876,14.882066],[74.211192,14.887356],[74.208018,14.900824],[74.19752,14.890855],[74.166189,14.876532],[74.159516,14.869778],[74.154063,14.862128],[74.14088,14.852688],[74.125011,14.845852],[74.111827,14.846177],[74.103038,14.85692],[74.091156,14.8876],[74.081065,14.893988],[74.077159,14.898383],[74.035981,14.921291],[74.030284,14.935207],[74.031016,14.949774],[74.035981,14.979641],[74.031261,14.995307],[74.020193,15.001776],[74.006847,15.004869],[73.995779,15.010688],[73.972992,15.056871],[73.964366,15.064643],[73.913097,15.078925],[73.922537,15.107856],[73.928966,15.120592],[73.937022,15.130439],[73.958263,15.143134],[73.962169,15.152045],[73.954112,15.16828],[73.947276,15.160834],[73.891287,15.343207],[73.882579,15.355292],[73.869477,15.359565],[73.848399,15.360093],[73.827403,15.36518],[73.810395,15.37759],[73.782888,15.407904],[73.839366,15.404039],[73.848399,15.404486],[73.860118,15.407864],[73.871918,15.401842],[73.884939,15.398017],[73.899587,15.407904],[73.93336,15.395413],[73.945323,15.385688],[73.954112,15.366278],[73.958507,15.367174],[73.961681,15.368232],[73.964203,15.370185],[73.967784,15.373765],[73.959972,15.380683],[73.937022,15.411322],[73.927582,15.417385],[73.885916,15.435207],[73.879161,15.435777],[73.865082,15.434312],[73.858572,15.435207],[73.854177,15.4383],[73.846853,15.447089],[73.841563,15.448879],[73.806163,15.452216],[73.796397,15.448879],[73.795177,15.460761],[73.800466,15.475002],[73.808849,15.488023],[73.817556,15.496649],[73.828136,15.50141],[73.872244,15.510932],[73.863129,15.516343],[73.859548,15.521145],[73.860525,15.525865],[73.865977,15.531399],[73.865977,15.537584],[73.796397,15.500393],[73.786388,15.492174],[73.766287,15.49726],[73.751231,15.513129],[73.756114,15.537584],[73.741222,15.559963],[73.736827,15.571723],[73.735118,15.586005],[73.737071,15.598538],[73.74171,15.604193],[73.746593,15.608385],[73.748709,15.616767],[73.760427,15.632025],[73.787364,15.641791],[73.838145,15.654283],[73.838145,15.661119],[73.801036,15.661851],[73.783865,15.659125],[73.776622,15.650865],[73.76824,15.646918],[73.733246,15.625067],[73.728282,15.619574],[73.718272,15.627143],[73.707042,15.643704],[73.697927,15.662828],[73.690766,15.693793],[73.685883,15.704291],[73.686778,15.713121],[73.700857,15.723212],[73.689871,15.724473],[73.672374,15.726508],[73.656016,15.730292],[73.646251,15.736884],[73.643565,15.749091],[73.646251,15.792141],[73.638845,15.817206],[73.604666,15.880845],[73.587576,15.902899],[73.528982,15.949164],[73.510102,15.967597],[73.490977,15.993476],[73.487315,16.014228],[73.515961,16.017401],[73.515961,16.024848],[73.499278,16.024319],[73.483897,16.028225],[73.472504,16.036363],[73.46811,16.048489],[73.464854,16.051663],[73.45753,16.054185],[73.450369,16.058905],[73.447032,16.068915],[73.452973,16.074164],[73.45753,16.079535],[73.460704,16.08633],[73.460704,16.14468],[73.46339,16.159573],[73.470225,16.168891],[73.479259,16.177232],[73.487966,16.189358],[73.465017,16.182278],[73.45281,16.166571],[73.448009,16.143297],[73.447032,16.113593],[73.440196,16.162014],[73.440196,16.202338],[73.435232,16.217841],[73.430837,16.218736],[73.425955,16.215155],[73.419688,16.216702],[73.413585,16.223944],[73.410411,16.230455],[73.406098,16.2508],[73.378673,16.332709],[73.377778,16.337958],[73.378673,16.35692],[73.375662,16.360256],[73.358246,16.367499],[73.359386,16.380601],[73.364431,16.389309],[73.373057,16.395657],[73.384939,16.401597],[73.367442,16.408637],[73.352061,16.418118],[73.341319,16.432074],[73.333995,16.468166],[73.319184,16.509752],[73.313813,16.518297],[73.305837,16.52265],[73.302989,16.533026],[73.303722,16.555569],[73.307302,16.563178],[73.314952,16.557603],[73.321951,16.548489],[73.323497,16.544989],[73.344005,16.523586],[73.355724,16.519436],[73.378673,16.518297],[73.369477,16.52147],[73.362315,16.525458],[73.356212,16.530748],[73.350841,16.538153],[73.35434,16.543158],[73.365001,16.554389],[73.371267,16.559272],[73.354015,16.559638],[73.336436,16.565619],[73.322765,16.576158],[73.317231,16.590277],[73.316091,16.598293],[73.314626,16.599433],[73.316091,16.600043],[73.323497,16.606431],[73.326996,16.607123],[73.358246,16.620673],[73.358409,16.603949],[73.363048,16.596829],[73.368663,16.599026],[73.371267,16.610175],[73.366466,16.628079],[73.354259,16.63467],[73.338878,16.631659],[73.323497,16.620673],[73.312185,16.644721],[73.310557,16.651435],[73.312511,16.658393],[73.321462,16.670844],[73.323497,16.679104],[73.321625,16.69245],[73.31658,16.699897],[73.300304,16.713202],[73.289561,16.74022],[73.295258,16.768052],[73.304454,16.793524],[73.303722,16.813137],[73.296886,16.80565],[73.286632,16.820868],[73.274669,16.848822],[73.269379,16.875637],[73.279552,16.887641],[73.279063,16.891913],[73.269379,16.929185],[73.270518,16.945014],[73.274913,16.958645],[73.289399,16.983832],[73.26238,16.996975],[73.254568,17.006741],[73.262706,17.018541],[73.251231,17.032172],[73.251475,17.042426],[73.258962,17.044094],[73.269379,17.031643],[73.277354,17.054674],[73.275727,17.078599],[73.267426,17.101386],[73.255138,17.120998],[73.261974,17.134955],[73.26059,17.150539],[73.255138,17.165188],[73.236176,17.199205],[73.236013,17.220608],[73.218028,17.253241],[73.214854,17.268744],[73.211192,17.275092],[73.193126,17.294013],[73.187022,17.305976],[73.203461,17.298733],[73.217133,17.286851],[73.231212,17.279283],[73.249034,17.284857],[73.234711,17.302314],[73.207367,17.353746],[73.195974,17.369371],[73.170584,17.389716],[73.166515,17.402167],[73.165294,17.413031],[73.177094,17.426663],[73.185395,17.441881],[73.17335,17.457424],[73.180675,17.477688],[73.165538,17.503404],[73.131684,17.539374],[73.125987,17.556545],[73.12794,17.564683],[73.136404,17.567206],[73.149425,17.567288],[73.163422,17.569485],[73.200694,17.586493],[73.185883,17.592515],[73.154063,17.595608],[73.139171,17.600775],[73.128184,17.611558],[73.121349,17.62641],[73.120291,17.642035],[73.12615,17.655422],[73.118907,17.663479],[73.110525,17.675727],[73.105479,17.68891],[73.108165,17.699774],[73.117361,17.711249],[73.12322,17.723334],[73.123302,17.735785],[73.115001,17.748196],[73.109874,17.758287],[73.106619,17.785549],[73.101329,17.796332],[73.08546,17.813666],[73.079438,17.824612],[73.073741,17.857123],[73.065196,17.878363],[73.018565,17.951728],[73.0171,17.972113],[73.035411,17.991848],[73.018891,17.992499],[73.008637,18.00023],[73.005219,18.012356],[73.0088,18.025946],[73.019542,18.035875],[73.032481,18.041083],[73.042247,18.048977],[73.043468,18.066962],[73.031993,18.06391],[73.022716,18.057685],[73.015147,18.04914],[73.0088,18.039008],[73.00115,18.052069],[72.987315,18.066555],[72.980968,18.080552],[72.983165,18.081732],[72.986664,18.087714],[72.988129,18.096015],[72.98463,18.104193],[72.978363,18.111884],[72.976085,18.118638],[72.967296,18.19599],[72.954845,18.217515],[72.926931,18.223944],[72.935232,18.244778],[72.939952,18.251288],[72.934825,18.25788],[72.933279,18.266588],[72.935069,18.276313],[72.939952,18.286038],[72.953136,18.281317],[72.95753,18.274604],[72.959239,18.265855],[72.964529,18.25495],[72.972667,18.244696],[72.976736,18.24258],[72.98227,18.244208],[72.995128,18.245063],[73.012462,18.24315],[73.0324,18.23786],[73.050955,18.227484],[73.063487,18.210354],[73.047618,18.201158],[73.047618,18.188788],[73.057465,18.185614],[73.071544,18.204088],[73.073985,18.224189],[73.065278,18.257554],[73.071544,18.273017],[73.056977,18.280951],[73.042979,18.282375],[73.012462,18.279202],[72.994884,18.283596],[72.977387,18.295071],[72.968028,18.310614],[72.974783,18.327582],[72.958751,18.328111],[72.950857,18.332953],[72.933604,18.354926],[72.927908,18.357571],[72.922537,18.356635],[72.917328,18.356391],[72.912608,18.361151],[72.909841,18.368069],[72.910167,18.372504],[72.911632,18.377346],[72.912608,18.385647],[72.910167,18.399237],[72.904307,18.408515],[72.897227,18.417304],[72.891449,18.429389],[72.889659,18.441311],[72.891449,18.480902],[72.895763,18.502997],[72.907237,18.523586],[72.924653,18.535631],[72.946788,18.532416],[72.961111,18.517727],[72.990245,18.469957],[73.0088,18.450507],[73.014985,18.469957],[73.004405,18.480048],[72.98878,18.489936],[72.980968,18.508857],[72.977875,18.524115],[72.970388,18.541002],[72.960297,18.554674],[72.950206,18.56037],[72.921153,18.554877],[72.910167,18.558987],[72.905772,18.577135],[72.882172,18.635484],[72.864513,18.648912],[72.855317,18.681138],[72.851736,18.719672],[72.852387,18.769924],[72.856944,18.7862],[72.865571,18.799384],[72.879161,18.807359],[72.887055,18.807034],[72.902029,18.799506],[72.912608,18.799994],[72.926931,18.826646],[72.938975,18.816962],[72.974783,18.779486],[72.966319,18.76142],[72.969574,18.746975],[72.980642,18.736762],[72.995128,18.731024],[72.988048,18.753852],[72.99171,18.779364],[73.002452,18.801459],[73.016287,18.813625],[72.987966,18.824937],[72.981293,18.832709],[72.974783,18.848334],[72.976085,18.854397],[72.979747,18.863349],[72.9817,18.871487],[72.977794,18.874986],[72.972179,18.874254],[72.96697,18.872138],[72.963145,18.868964],[72.961681,18.865139],[72.946137,18.858303],[72.91627,18.87051],[72.896821,18.894477],[72.912608,18.923489],[72.928071,18.911363],[72.934581,18.920803],[72.936778,18.947414],[72.949229,18.951483],[72.96339,18.947984],[72.977224,18.948432],[72.988292,18.964423],[72.953624,18.964423],[72.953624,18.971259],[72.968272,18.972602],[72.992035,18.982489],[73.042166,18.995754],[73.046641,18.995185],[73.056814,19.015326],[73.039806,19.017524],[73.011892,19.009426],[72.988292,18.998603],[72.983572,19.010443],[72.987804,19.036933],[72.980968,19.046373],[72.991873,19.067206],[72.985688,19.074286],[72.973806,19.078559],[72.967296,19.09101],[72.974783,19.163072],[72.967296,19.163072],[72.950043,19.127916],[72.935557,19.115058],[72.93393,19.080308],[72.926931,19.06684],[72.94337,19.055121],[72.934255,19.034084],[72.891449,18.991767],[72.891449,19.00137],[72.885265,19.025865],[72.869314,19.01142],[72.851085,18.987128],[72.836274,18.959133],[72.827647,18.918362],[72.8213,18.903306],[72.812511,18.897447],[72.802745,18.909817],[72.802013,18.920478],[72.805349,18.930976],[72.807384,18.942816],[72.802745,18.957587],[72.795909,18.957587],[72.792328,18.951239],[72.788259,18.946519],[72.775401,18.93651],[72.770356,18.948188],[72.776052,18.959703],[72.795909,18.984931],[72.802419,18.999661],[72.804942,19.011054],[72.802745,19.040188],[72.812999,19.035549],[72.817068,19.032701],[72.821788,19.041978],[72.824229,19.053534],[72.8213,19.063178],[72.809581,19.06684],[72.821951,19.097113],[72.82309,19.108466],[72.821056,19.119208],[72.811778,19.137356],[72.809581,19.146308],[72.812185,19.153713],[72.822439,19.163764],[72.82309,19.169257],[72.818044,19.17536],[72.811209,19.175523],[72.805186,19.17182],[72.799571,19.156887],[72.792166,19.150458],[72.784923,19.150377],[72.781586,19.159654],[72.783376,19.168647],[72.802501,19.211615],[72.819835,19.240627],[72.830089,19.252427],[72.815115,19.253648],[72.802094,19.23786],[72.789399,19.217353],[72.775401,19.204657],[72.772227,19.265123],[72.775645,19.299018],[72.785411,19.31391],[72.839366,19.319078],[72.867035,19.316799],[72.885509,19.296047],[72.900564,19.290758],[72.930349,19.286566],[72.946544,19.289862],[72.959727,19.294827],[72.972667,19.293687],[72.988292,19.27912],[73.010509,19.224311],[73.026622,19.205512],[73.049653,19.217719],[73.03004,19.227729],[73.028005,19.244086],[73.029145,19.259345],[73.019298,19.266059],[73.012462,19.272447],[73.001801,19.286566],[72.987804,19.300686],[72.970958,19.307034],[72.916759,19.303371],[72.898936,19.307034],[72.883556,19.316392],[72.855317,19.339504],[72.836925,19.348049],[72.818533,19.330268],[72.802094,19.331936],[72.787608,19.345201],[72.763438,19.380194],[72.759776,19.388983],[72.74822,19.444241],[72.746837,19.467963],[72.754405,19.481757],[72.769216,19.490465],[72.879161,19.532375],[72.8567,19.541327],[72.835948,19.536689],[72.815929,19.52851],[72.795909,19.526801],[72.787852,19.53026],[72.781261,19.536566],[72.777029,19.545559],[72.775401,19.557196],[72.770681,19.566148],[72.76002,19.573065],[72.741954,19.580797],[72.734548,19.580797],[72.738292,19.570258],[72.740733,19.560736],[72.739757,19.55268],[72.734548,19.546617],[72.749278,19.534247],[72.754893,19.527045],[72.755626,19.519355],[72.749197,19.5126],[72.741547,19.516018],[72.722504,19.536282],[72.710785,19.587592],[72.718028,19.606676],[72.709646,19.64997],[72.686697,19.724799],[72.694102,19.720201],[72.699962,19.714179],[72.7046,19.706529],[72.707774,19.697455],[72.72641,19.705797],[72.72641,19.715237],[72.718598,19.727932],[72.714041,19.745836],[72.717296,19.751532],[72.724376,19.752672],[72.731293,19.754584],[72.734548,19.762641],[72.73406,19.771918],[72.732758,19.779731],[72.728282,19.793647],[72.690115,19.748969],[72.677908,19.746568],[72.675792,19.764146],[72.679861,19.800482],[72.672862,19.812812],[72.650076,19.841986],[72.649181,19.851996],[72.65919,19.866441],[72.664236,19.881578],[72.666189,19.916571],[72.662771,19.941799],[72.665212,19.952948],[72.676443,19.957506],[72.684337,19.964016],[72.694509,19.979315],[72.70338,19.997626],[72.707774,20.012763],[72.707774,20.071112],[72.710297,20.082913],[72.728282,20.129462],[72.734548,20.173529],[72.737641,20.184272],[72.752289,20.203762],[72.755626,20.215155],[72.753591,20.218207],[72.749034,20.218329],[72.744395,20.219387],[72.741954,20.225043],[72.741954,20.245551],[72.743012,20.247748],[72.74822,20.280341],[72.756602,20.295966],[72.767833,20.311957],[72.777517,20.330064],[72.781586,20.352281],[72.786794,20.35224],[72.798188,20.35932],[72.810313,20.368842],[72.817068,20.375922],[72.820811,20.386135],[72.82309,20.416815],[72.829438,20.437934],[72.840017,20.458726],[72.879161,20.512437],[72.886485,20.531562],[72.890391,20.55268],[72.891449,20.575141],[72.890636,20.587063],[72.886241,20.608466],[72.885265,20.619208],[72.888438,20.628485],[72.902599,20.641913],[72.905772,20.653306],[72.909434,20.698676],[72.90797,20.718329],[72.898936,20.732164],[72.940278,20.759426],[72.946788,20.759467],[72.944998,20.770006],[72.936371,20.776272],[72.926443,20.780992],[72.919444,20.787421],[72.919119,20.7956],[72.922862,20.80268],[72.924978,20.810614],[72.919444,20.821519],[72.900238,20.79914],[72.885753,20.807115],[72.880138,20.829901],[72.888438,20.851955],[72.900401,20.868109],[72.893809,20.870063],[72.881196,20.865668],[72.875336,20.862494],[72.836925,20.835842],[72.845876,20.851793],[72.854259,20.887152],[72.864919,20.897284],[72.836681,20.929918],[72.856456,20.947984],[72.886485,20.962104],[72.888438,20.982611],[72.875987,20.98135],[72.85377,20.974921],[72.832693,20.972357],[72.82309,20.982611],[72.8213,20.991604],[72.816091,20.99901],[72.80836,21.003974],[72.799327,21.005845],[72.787608,21.006903],[72.781993,21.010159],[72.771983,21.023871],[72.766856,21.03856],[72.783946,21.040432],[72.82309,21.03384],[72.844981,21.038316],[72.849864,21.048],[72.815929,21.121487],[72.809581,21.130032],[72.799571,21.128811],[72.755626,21.109565],[72.752778,21.113715],[72.746349,21.118354],[72.741954,21.123236],[72.737641,21.117377],[72.735606,21.110745],[72.734548,21.092475],[72.730154,21.087836],[72.700369,21.074774],[72.705821,21.10635],[72.720551,21.129706],[72.728689,21.148098],[72.714041,21.16413],[72.706554,21.157701],[72.686697,21.158149],[72.676443,21.153632],[72.672699,21.145738],[72.671886,21.134426],[72.673025,21.112616],[72.671235,21.099799],[72.666352,21.097398],[72.658702,21.097602],[72.637869,21.085395],[72.629649,21.087958],[72.615001,21.105862],[72.615489,21.119818],[72.630382,21.135972],[72.693533,21.178453],[72.711762,21.194037],[72.721039,21.198798],[72.734548,21.19892],[72.723643,21.209133],[72.687673,21.220445],[72.679861,21.22899],[72.673188,21.239081],[72.659353,21.244696],[72.646983,21.253607],[72.645763,21.273383],[72.625173,21.259345],[72.618419,21.252916],[72.60613,21.266588],[72.602061,21.277655],[72.597911,21.307563],[72.588634,21.331977],[72.586762,21.341213],[72.590505,21.348538],[72.603201,21.352729],[72.63852,21.357164],[72.645763,21.362779],[72.638682,21.371243],[72.623383,21.370266],[72.594086,21.362779],[72.578868,21.367011],[72.567638,21.37641],[72.564626,21.38581],[72.573741,21.390082],[72.635102,21.407457],[72.672862,21.428127],[72.676443,21.431627],[72.728282,21.465806],[72.747081,21.452867],[72.752615,21.463568],[72.748546,21.479641],[72.738292,21.482856],[72.683279,21.465806],[72.66505,21.457221],[72.612478,21.421861],[72.583669,21.417426],[72.589854,21.432766],[72.61964,21.487372],[72.635102,21.499335],[72.651052,21.507025],[72.690115,21.540676],[72.703949,21.548407],[72.726817,21.553168],[72.75115,21.565131],[72.773204,21.580512],[72.789073,21.595526],[72.810395,21.635077],[72.82309,21.643948],[72.833995,21.644477],[72.858735,21.6376],[72.871593,21.636542],[72.889659,21.64053],[72.935557,21.658352],[72.965343,21.678778],[73.022472,21.698554],[73.084972,21.729682],[73.108165,21.733344],[73.116954,21.73725],[73.126964,21.746772],[73.132009,21.757799],[73.12615,21.766832],[73.118826,21.764716],[73.083995,21.746405],[73.046641,21.733344],[73.041026,21.73017],[73.022472,21.71601],[73.012462,21.712836],[72.991466,21.708441],[72.950206,21.689154],[72.926931,21.684963],[72.882823,21.69302],[72.858165,21.694973],[72.840343,21.688381],[72.819184,21.675035],[72.798106,21.673529],[72.755626,21.684963],[72.733246,21.687486],[72.676443,21.678127],[72.653005,21.680569],[72.634939,21.684638],[72.616059,21.685452],[72.570486,21.670478],[72.550304,21.666693],[72.534679,21.672919],[72.528494,21.695136],[72.532074,21.713853],[72.550141,21.751939],[72.556326,21.774319],[72.562755,21.839423],[72.566905,21.849351],[72.58546,21.858873],[72.598806,21.881008],[72.618419,21.925116],[72.634044,21.937486],[72.65211,21.941067],[72.690115,21.938788],[72.702322,21.947577],[72.706798,21.966132],[72.714041,21.982978],[72.734548,21.986558],[72.734548,21.994045],[72.72641,21.995754],[72.7199,21.996324],[72.713715,21.995795],[72.707774,21.994045],[72.700938,21.988918],[72.69752,21.982123],[72.695649,21.975898],[72.693533,21.972317],[72.623057,21.96662],[72.611583,21.955512],[72.602712,21.94359],[72.581798,21.928168],[72.558604,21.915269],[72.542735,21.910834],[72.533376,21.920315],[72.507091,21.962307],[72.50172,21.97602],[72.504568,21.994208],[72.517751,22.032131],[72.522227,22.054267],[72.521495,22.066148],[72.519542,22.077541],[72.519542,22.088446],[72.53004,22.107489],[72.533376,22.118557],[72.535899,22.14053],[72.542166,22.156724],[72.557384,22.176663],[72.57545,22.194525],[72.590505,22.205024],[72.614106,22.211737],[72.634451,22.210395],[72.652354,22.202338],[72.669607,22.18891],[72.681895,22.181586],[72.691661,22.181952],[72.699718,22.184963],[72.707774,22.185777],[72.719412,22.182196],[72.729259,22.177436],[72.74822,22.164049],[72.790212,22.217231],[72.812266,22.234117],[72.847423,22.240424],[72.865082,22.233466],[72.881114,22.220404],[72.897227,22.213039],[72.916026,22.22309],[72.92213,22.236518],[72.922699,22.254584],[72.917491,22.27143],[72.905772,22.281399],[72.899669,22.269192],[72.886078,22.262397],[72.869477,22.262397],[72.854259,22.270819],[72.838634,22.276557],[72.818207,22.273424],[72.798676,22.26557],[72.785411,22.256903],[72.756602,22.24372],[72.726573,22.248928],[72.659434,22.273912],[72.646495,22.273912],[72.635265,22.271633],[72.625011,22.271389],[72.606619,22.28384],[72.596365,22.286933],[72.573741,22.288235],[72.553071,22.282457],[72.521169,22.253119],[72.50172,22.240424],[72.479015,22.233385],[72.466156,22.232571],[72.457042,22.236721],[72.454845,22.245307],[72.46697,22.255845],[72.463878,22.263983],[72.448741,22.266832],[72.432302,22.255845],[72.413748,22.246324],[72.391856,22.253485],[72.386241,22.266506],[72.381033,22.289944],[72.380382,22.312405],[72.388194,22.322333],[72.404959,22.332953],[72.408051,22.353461],[72.397227,22.366767],[72.371349,22.355902],[72.361013,22.343451],[72.34962,22.324368],[72.340505,22.303209],[72.336599,22.284817],[72.328298,22.260728],[72.309093,22.257229],[72.288341,22.261298],[72.275157,22.260321],[72.263194,22.276353],[72.265961,22.28734],[72.264659,22.295233],[72.240408,22.301907],[72.223399,22.303168],[72.208507,22.300442],[72.200938,22.291449],[72.206309,22.273912],[72.161794,22.280951],[72.148774,22.277899],[72.166026,22.260321],[72.190684,22.251288],[72.209239,22.259426],[72.240408,22.288235],[72.246104,22.27558],[72.243175,22.265937],[72.237315,22.256293],[72.234141,22.243557],[72.239106,22.238918],[72.268321,22.226752],[72.306488,22.22956],[72.317231,22.184882],[72.307628,22.079006],[72.298025,22.061672],[72.295665,22.051174],[72.291759,22.053412],[72.283458,22.043606],[72.276134,22.031643],[72.275157,22.027533],[72.25766,22.012152],[72.24936,22.008287],[72.237315,22.007025],[72.220958,22.010972],[72.216482,22.007799],[72.214366,21.994045],[72.206309,21.994045],[72.19988,22.006985],[72.19516,22.003648],[72.191173,21.993638],[72.186371,21.986558],[72.182465,21.982733],[72.173106,21.975653],[72.163422,21.973212],[72.15919,21.98314],[72.151703,21.993883],[72.134288,22.004584],[72.11378,22.010565],[72.097016,22.007025],[72.119314,21.993638],[72.128103,21.983547],[72.124848,21.972317],[72.114919,21.969387],[72.076508,21.979722],[72.08253,21.973375],[72.104503,21.959215],[72.104828,21.951483],[72.102061,21.945054],[72.096202,21.94302],[72.087413,21.948432],[72.073253,21.954495],[72.055186,21.953518],[72.038422,21.947577],[72.028656,21.938788],[72.087576,21.919664],[72.104503,21.91767],[72.1421,21.924994],[72.156505,21.925849],[72.145356,21.91767],[72.145356,21.910834],[72.15919,21.904608],[72.152354,21.897854],[72.16977,21.890448],[72.167328,21.879136],[72.160004,21.865912],[72.162608,21.852851],[72.169444,21.841376],[72.161876,21.839179],[72.13087,21.846259],[72.123302,21.853746],[72.111339,21.869859],[72.098481,21.88052],[72.077647,21.894436],[72.057953,21.898749],[72.049327,21.880439],[72.052908,21.876532],[72.061534,21.873114],[72.071788,21.870795],[72.080333,21.869859],[72.086436,21.865627],[72.104503,21.835761],[72.086762,21.830268],[72.062836,21.834377],[72.004161,21.857733],[71.997325,21.854926],[71.99464,21.839504],[71.994151,21.812201],[71.996104,21.799506],[72.001475,21.787909],[72.005382,21.792955],[72.009613,21.7956],[72.021821,21.800971],[72.021495,21.79442],[72.022309,21.780911],[72.021821,21.774319],[72.054942,21.78559],[72.073904,21.788723],[72.087413,21.784491],[72.103201,21.775214],[72.117442,21.776597],[72.166026,21.793931],[72.171072,21.790961],[72.172699,21.777737],[72.177013,21.766669],[72.195811,21.757799],[72.200043,21.750067],[72.202403,21.748114],[72.214366,21.712836],[72.219005,21.706],[72.223806,21.700588],[72.230235,21.69599],[72.240408,21.691718],[72.251801,21.690904],[72.263031,21.692328],[72.271739,21.690904],[72.278331,21.671942],[72.285411,21.665025],[72.292491,21.659491],[72.295665,21.653876],[72.296641,21.642157],[72.298513,21.633979],[72.298839,21.626288],[72.295665,21.616034],[72.292003,21.611762],[72.279145,21.600531],[72.275157,21.595526],[72.242198,21.48078],[72.2199,21.444729],[72.16684,21.392076],[72.15919,21.373277],[72.151622,21.360175],[72.116059,21.32274],[72.104503,21.315009],[72.110037,21.304836],[72.111501,21.296088],[72.107758,21.289984],[72.097016,21.287665],[72.10255,21.2744],[72.099376,21.26496],[72.093598,21.258205],[72.090831,21.252916],[72.093516,21.243557],[72.104503,21.222154],[72.104747,21.205064],[72.090831,21.191474],[72.084809,21.188707],[72.07545,21.185696],[72.066661,21.181342],[72.062836,21.174709],[72.055024,21.168362],[71.990733,21.136379],[71.972423,21.13227],[71.92628,21.130032],[71.806163,21.062079],[71.788585,21.047512],[71.76295,21.032294],[71.743663,21.027574],[71.730235,21.030707],[71.717621,21.03205],[71.699743,21.021306],[71.68336,21.011461],[71.639985,20.996812],[71.583507,20.958238],[71.549571,20.951239],[71.557302,20.96601],[71.562348,20.972968],[71.569347,20.979193],[71.551117,20.973578],[71.536794,20.964301],[71.493419,20.929145],[71.484386,20.917141],[71.480724,20.900377],[71.46225,20.885321],[71.378103,20.859442],[71.318614,20.849311],[71.140636,20.765692],[71.116954,20.766913],[71.110118,20.759467],[71.09547,20.763739],[71.083263,20.756537],[71.072602,20.745673],[71.062348,20.738959],[71.044444,20.740546],[71.024181,20.744534],[71.00766,20.741604],[71.005951,20.736558],[71.000824,20.722154],[70.982432,20.71015],[70.972992,20.709621],[70.902531,20.70552],[70.84018,20.70189],[70.819672,20.702948],[70.801606,20.709052],[70.785167,20.722154],[70.774587,20.727362],[70.763194,20.724555],[70.751638,20.719631],[70.740245,20.718492],[70.730805,20.723212],[70.698578,20.746405],[70.562174,20.799767],[70.541515,20.807847],[70.484141,20.84394],[70.463064,20.848863],[70.451427,20.855902],[70.417003,20.890448],[70.398774,20.90351],[70.336681,20.927069],[70.299978,20.958564],[70.26352,20.980414],[70.152192,21.078518],[70.054445,21.153155],[69.968019,21.258055],[69.966156,21.263414],[69.958263,21.273342],[69.911632,21.315009],[69.844981,21.389594],[69.814708,21.433661],[69.808604,21.465806],[69.788748,21.469306],[69.771495,21.47842],[69.756358,21.490424],[69.629731,21.616034],[69.568207,21.650133],[69.552745,21.665188],[69.519786,21.704779],[69.49936,21.720201],[69.478526,21.752631],[69.4463,21.766303],[69.427419,21.781236],[69.397716,21.815253],[69.391775,21.83218],[69.395193,21.861314],[69.39088,21.876695],[69.367849,21.856106],[69.355479,21.853176],[69.336192,21.862454],[69.243907,21.94595],[69.21225,21.967475],[69.198416,21.979722],[69.150645,22.041205],[69.119314,22.062079],[69.103038,22.076361],[69.092052,22.099595],[69.048188,22.157904],[69.012543,22.185614],[68.994151,22.203925],[68.980479,22.235541],[68.953298,22.276028],[68.944591,22.295071],[68.944021,22.318264],[68.951427,22.334866],[68.960623,22.349514],[68.965017,22.366767],[68.967621,22.387193],[68.974376,22.404731],[68.983246,22.419379],[68.992931,22.431586],[69.007498,22.443183],[69.047537,22.464016],[69.073578,22.481879],[69.081391,22.480536],[69.085216,22.472886],[69.082286,22.45954],[69.074474,22.449449],[69.056,22.44184],[69.048188,22.431586],[69.062266,22.407701],[69.071788,22.399482],[69.088552,22.396877],[69.097423,22.398871],[69.11378,22.407864],[69.122732,22.411078],[69.132009,22.410468],[69.139822,22.407131],[69.146983,22.404853],[69.154633,22.407701],[69.168793,22.42064],[69.178559,22.427639],[69.188243,22.426418],[69.202159,22.414862],[69.20574,22.398668],[69.18214,22.366441],[69.185313,22.349677],[69.169688,22.327948],[69.173839,22.308295],[69.19044,22.292304],[69.212087,22.281399],[69.212087,22.273912],[69.286469,22.284613],[69.335704,22.306138],[69.346446,22.324897],[69.359874,22.329169],[69.435395,22.33039],[69.468923,22.337836],[69.479666,22.342231],[69.485362,22.347561],[69.500011,22.366767],[69.502696,22.37226],[69.508556,22.374254],[69.515147,22.37519],[69.519867,22.377631],[69.525645,22.392076],[69.522797,22.403876],[69.516938,22.416083],[69.513682,22.431586],[69.515961,22.448147],[69.521983,22.44892],[69.530772,22.446112],[69.541026,22.452094],[69.547862,22.452094],[69.559825,22.411526],[69.561697,22.391588],[69.554698,22.377631],[69.569021,22.370551],[69.601085,22.363837],[69.616059,22.355902],[69.617442,22.365058],[69.619884,22.371039],[69.629731,22.383775],[69.640391,22.375963],[69.647227,22.380439],[69.652354,22.389879],[69.657725,22.396877],[69.661306,22.400214],[69.665212,22.404975],[69.669444,22.409247],[69.674653,22.411078],[69.680837,22.409613],[69.694509,22.403957],[69.699392,22.404283],[69.708995,22.418891],[69.725352,22.464545],[69.733409,22.480048],[69.742198,22.472968],[69.788748,22.423163],[69.794932,22.418606],[69.806977,22.420966],[69.812999,22.429511],[69.816905,22.440985],[69.822276,22.452094],[69.833263,22.463813],[69.841807,22.466376],[69.851085,22.465237],[69.86378,22.465766],[69.884776,22.473578],[69.905284,22.486396],[69.962087,22.535346],[69.972992,22.541449],[69.973888,22.539984],[69.996267,22.541449],[70.002696,22.543158],[70.020844,22.555121],[70.059093,22.558417],[70.144705,22.547797],[70.178477,22.561957],[70.189708,22.577786],[70.207286,22.614976],[70.234874,22.648871],[70.267263,22.705959],[70.319102,22.778266],[70.323253,22.787665],[70.321544,22.811713],[70.32252,22.822659],[70.32545,22.826321],[70.342947,22.843166],[70.375255,22.902655],[70.387706,22.912014],[70.404633,22.919501],[70.43686,22.954901],[70.45338,22.96662],[70.462738,22.966539],[70.474294,22.964057],[70.486339,22.96369],[70.497569,22.970038],[70.504731,22.97956],[70.51238,22.995347],[70.517914,23.003892],[70.527192,23.023586],[70.528494,23.047065],[70.523692,23.07038],[70.514903,23.089545],[70.50294,23.104397],[70.484223,23.122138],[70.467133,23.129706],[70.459646,23.114],[70.450938,23.105658],[70.410655,23.086005],[70.398774,23.069037],[70.398936,23.059068],[70.401052,23.045396],[70.40447,23.033352],[70.410981,23.023179],[70.401866,22.999254],[70.402029,22.99022],[70.403819,22.981879],[70.403494,22.967841],[70.401622,22.953843],[70.398774,22.945502],[70.392426,22.940863],[70.384532,22.93887],[70.363536,22.938707],[70.357677,22.936713],[70.352387,22.933051],[70.34669,22.931301],[70.339529,22.935289],[70.334483,22.940131],[70.330414,22.943305],[70.325694,22.945014],[70.319102,22.945502],[70.314626,22.943508],[70.308767,22.939765],[70.303477,22.938137],[70.300059,22.944281],[70.29363,22.951402],[70.291759,22.95303],[70.269298,22.958564],[70.258311,22.971869],[70.249685,22.987454],[70.233084,23.000149],[70.231944,22.974921],[70.222016,22.959174],[70.204112,22.952216],[70.178477,22.95303],[70.171723,22.951972],[70.167735,22.949123],[70.163097,22.948961],[70.154307,22.956041],[70.150727,22.961005],[70.149669,22.964301],[70.147472,22.966051],[70.140636,22.96662],[70.12908,22.969306],[70.125011,22.975979],[70.126231,22.984809],[70.130626,22.993964],[70.109548,22.959174],[70.120453,22.952582],[70.132335,22.941067],[70.135427,22.929999],[70.120128,22.925035],[70.061778,22.918199],[69.996918,22.893785],[69.940684,22.886135],[69.884288,22.867825],[69.852875,22.863593],[69.833181,22.858466],[69.806814,22.845282],[69.780121,22.82746],[69.760102,22.808336],[69.728852,22.754828],[69.715831,22.746894],[69.694347,22.749701],[69.653819,22.760484],[69.585704,22.761176],[69.575694,22.76435],[69.556977,22.77851],[69.544444,22.781684],[69.510753,22.780504],[69.500011,22.781684],[69.489431,22.784735],[69.482595,22.788479],[69.477306,22.79206],[69.472179,22.794664],[69.424653,22.804267],[69.405935,22.813666],[69.372569,22.818996],[69.338145,22.833075],[69.23878,22.841946],[69.201915,22.85224],[69.13559,22.888373],[69.039887,22.950507],[68.866222,23.019965],[68.691254,23.13052],[68.660655,23.154242],[68.654063,23.157782],[68.650645,23.162055],[68.651134,23.171454],[68.649669,23.180854],[68.622569,23.191555],[68.609141,23.206773],[68.599946,23.225043],[68.595714,23.240383],[68.598318,23.236965],[68.609386,23.226711],[68.620128,23.245429],[68.62322,23.256171],[68.623057,23.267646],[68.605317,23.259589],[68.57781,23.255276],[68.552257,23.259711],[68.541026,23.278225],[68.561046,23.316107],[68.568533,23.318427],[68.599132,23.322252],[68.606944,23.325588],[68.603038,23.332831],[68.592052,23.340074],[68.57838,23.343411],[68.571056,23.346381],[68.566661,23.352973],[68.563731,23.359931],[68.561046,23.363918],[68.555186,23.363959],[68.548513,23.361518],[68.543142,23.358588],[68.541026,23.357001],[68.52947,23.363105],[68.520681,23.369208],[68.515147,23.377021],[68.513194,23.388088],[68.515147,23.399319],[68.520763,23.407538],[68.529552,23.411933],[68.541026,23.411689],[68.536388,23.421332],[68.530121,23.425686],[68.522146,23.42475],[68.513194,23.418524],[68.501475,23.423285],[68.49643,23.417873],[68.490489,23.409329],[68.475352,23.404853],[68.462576,23.409125],[68.458832,23.419827],[68.461111,23.433173],[68.465505,23.445787],[68.451915,23.43773],[68.44044,23.434272],[68.430919,23.436591],[68.423676,23.445787],[68.432953,23.465888],[68.447439,23.487454],[68.465587,23.505276],[68.48585,23.514106],[68.481293,23.525133],[68.475597,23.524115],[68.468028,23.519843],[68.458669,23.52147],[68.454112,23.526272],[68.444021,23.541205],[68.437348,23.548814],[68.441417,23.53205],[68.447439,23.516343],[68.446951,23.502997],[68.431163,23.493598],[68.411632,23.494696],[68.406098,23.508734],[68.410818,23.548814],[68.404959,23.597602],[68.408865,23.621324],[68.427501,23.631415],[68.471528,23.618638],[68.491466,23.618842],[68.492686,23.6376],[68.486176,23.641425],[68.476899,23.63935],[68.468761,23.640815],[68.465505,23.65526],[68.469412,23.659247],[68.488943,23.664781],[68.504731,23.674221],[68.523936,23.67593],[68.533539,23.679185],[68.538829,23.684027],[68.554698,23.706488],[68.583507,23.735297],[68.601736,23.748684],[68.637869,23.761542],[68.654552,23.799058],[68.670746,23.815741],[68.680186,23.817776],[68.715587,23.815741],[68.725597,23.818915],[68.745128,23.833075],[68.756521,23.836249],[68.768809,23.841132],[68.821625,23.878404],[68.805675,23.884426],[68.78004,23.874091],[68.766938,23.878404],[68.740245,23.853461],[68.717784,23.84101],[68.691905,23.836656],[68.654063,23.836249],[68.633474,23.833075],[68.623057,23.824408],[68.609386,23.795233],[68.598888,23.781887],[68.587738,23.775702],[68.554698,23.768541],[68.538341,23.761298],[68.52475,23.752021],[68.51002,23.744086],[68.47283,23.737494],[68.449718,23.723334],[68.427745,23.714301],[68.410818,23.700507],[68.34197,23.623969],[68.351573,23.617825],[68.353038,23.610663],[68.348888,23.60342],[68.34197,23.596625],[68.327322,23.5869],[68.317638,23.586127],[68.308116,23.589057],[68.294119,23.590399],[68.230805,23.58808],[68.181407,23.594062],[68.1574,23.600816],[68.143403,23.612698],[68.150076,23.631415],[68.154145,23.63231],[68.174327,23.631415],[68.178233,23.634345],[68.181895,23.647854],[68.184255,23.651923],[68.19809,23.659084],[68.209321,23.662746],[68.220063,23.659247],[68.232677,23.645006],[68.245128,23.659125],[68.261892,23.661444],[68.27589,23.665839],[68.280447,23.685981],[68.258962,23.674709],[68.240977,23.674018],[68.224864,23.681871],[68.208751,23.696234],[68.19752,23.714545],[68.195811,23.733466],[68.197927,23.753404],[68.197765,23.774807],[68.178233,23.754299],[68.168142,23.747463],[68.163748,23.757717],[68.166026,23.773179],[68.175629,23.798245],[68.179698,23.82746],[68.182465,23.835761],[68.183035,23.842108],[68.183116,23.843451],[68.157481,23.905097],[68.156423,23.87401],[68.157481,23.864163],[68.160167,23.857856],[68.168712,23.844794],[68.170584,23.839911],[68.166759,23.820014],[68.148692,23.780911],[68.143321,23.761135],[68.144216,23.74315],[68.154796,23.714301],[68.157481,23.696234],[68.149099,23.694525],[68.130382,23.708197],[68.102224,23.733832],[68.098888,23.709296],[68.081716,23.708686],[68.062755,23.723131],[68.053884,23.74372],[68.056977,23.750963],[68.071056,23.760647],[68.074392,23.764838],[68.073253,23.783433],[68.074392,23.788398],[68.081716,23.80565],[68.088227,23.809516],[68.102224,23.809516],[68.102224,23.815741],[68.08839,23.826077],[68.07252,23.841864],[68.059418,23.861884],[68.053884,23.88467],[68.061697,23.911282],[68.063731,23.923163],[68.047699,23.92121],[68.024181,23.935248],[68.01352,23.939276],[68.041515,23.85224],[68.053884,23.829413],[68.035655,23.792426],[68.024425,23.774604],[68.01352,23.768541],[68.007986,23.774237],[68.003429,23.785305],[68.000336,23.797309],[67.999278,23.805813],[67.994151,23.811184],[67.983165,23.809638],[67.973399,23.805243],[67.971934,23.802069],[67.961925,23.804674],[67.950857,23.808905],[67.941661,23.815863],[67.937755,23.826321],[67.934255,23.832994],[67.926036,23.834052],[67.916759,23.833645],[67.909923,23.836249],[67.904633,23.846259],[67.905935,23.85928],[67.899913,23.86758],[67.891938,23.869574],[67.883474,23.864814],[67.868907,23.850491],[67.864513,23.86579],[67.863292,23.902818],[67.855235,23.911933],[67.849132,23.889472],[67.839041,23.823391],[67.831716,23.809516],[67.802582,23.812812],[67.773204,23.821112],[67.718598,23.843695],[67.730724,23.835598],[67.741059,23.823065],[67.743663,23.808783],[67.73227,23.795233],[67.715668,23.791693],[67.693614,23.793443],[67.656586,23.802069],[67.646495,23.802883],[67.637706,23.801744],[67.631602,23.803453],[67.629242,23.812649],[67.630707,23.824774],[67.634288,23.833075],[67.638845,23.840644],[67.642914,23.850491],[67.651052,23.90705],[67.656586,23.919379],[67.656586,23.925605],[67.652029,23.925279],[67.651052,23.926907],[67.651215,23.929755],[67.650401,23.933051],[67.638031,23.91592],[67.63738,23.874254],[67.629242,23.856676],[67.614513,23.850084],[67.59962,23.854234],[67.589366,23.866523],[67.58839,23.88467],[67.574555,23.871772],[67.566091,23.876451],[67.558116,23.888658],[67.546641,23.898261],[67.532563,23.899156],[67.530121,23.891262],[67.535899,23.880032],[67.546641,23.870998],[67.491059,23.883124],[67.478526,23.891506],[67.488048,23.893052],[67.495291,23.892279],[67.502615,23.89289],[67.512543,23.898261],[67.520518,23.90705],[67.532237,23.929145],[67.540538,23.939276],[67.530528,23.935492],[67.519867,23.92829],[67.509044,23.923245],[67.498871,23.925605],[67.496918,23.935614],[67.499766,23.951646],[67.506358,23.974026],[67.463634,23.982001],[67.451182,23.987698],[67.46811,24.021959],[67.478201,24.032416],[67.492198,24.028022],[67.519867,24.045071],[67.529796,24.054918],[67.533051,24.070258],[67.509776,24.052069],[67.489106,24.054104],[67.467296,24.064154],[67.440684,24.070258],[67.383556,24.066799],[67.354015,24.070868],[67.341319,24.086371],[67.337087,24.118964],[67.326427,24.143785],[67.300304,24.186265],[67.295584,24.199205],[67.293305,24.212226],[67.292328,24.261868],[67.288422,24.269965],[67.279145,24.281236],[67.283865,24.287909],[67.289317,24.298651],[67.292817,24.302965],[67.285981,24.329576],[67.305919,24.342841],[67.336436,24.346422],[67.362478,24.34394],[67.34254,24.353827],[67.325369,24.357611],[67.28297,24.357611],[67.271658,24.369086],[67.273611,24.395087],[67.286632,24.439521],[67.280528,24.432318],[67.273611,24.426947],[67.2588,24.419094],[67.256847,24.444973],[67.246837,24.467963],[67.230724,24.488837],[67.210948,24.50845],[67.230805,24.525092],[67.226736,24.532375],[67.204112,24.535102],[67.194591,24.547268],[67.18865,24.561347],[67.185232,24.576117],[67.183604,24.590318],[67.199474,24.584784],[67.21811,24.582424],[67.236664,24.58397],[67.252615,24.590318],[67.223888,24.607164],[67.208995,24.613756],[67.19044,24.617662],[67.172699,24.615871],[67.159923,24.61225],[67.15211,24.615709],[67.149587,24.635077],[67.156993,24.662909],[67.175548,24.688707],[67.199962,24.710639],[67.22462,24.726955],[67.25294,24.740383],[67.255544,24.747992],[67.245128,24.761664],[67.232677,24.770738],[67.223806,24.769721],[67.212657,24.764716],[67.176036,24.757717],[67.167328,24.760159],[67.161632,24.781399],[67.156016,24.791571],[67.148204,24.799791],[67.139659,24.80329],[67.121837,24.801215],[67.111095,24.797756],[67.099946,24.797065],[67.081228,24.80329],[67.073741,24.795803],[67.08253,24.774156],[67.063731,24.781684],[67.02296,24.810045],[67.005056,24.813544],[66.987315,24.822211],[66.972992,24.833157],[66.965099,24.843573],[66.957693,24.843573],[66.957856,24.825426],[66.960216,24.817816],[66.965099,24.810045],[66.941173,24.812567],[66.921886,24.824286],[66.903331,24.839179],[66.882091,24.85102],[66.85377,24.85224],[66.827322,24.844143],[66.802501,24.839545],[66.779633,24.85102],[66.769298,24.847235],[66.716319,24.841539],[66.691417,24.832587],[66.679698,24.830552],[66.654145,24.839179],[66.656749,24.85871],[66.677013,24.879543],[66.704438,24.892035],[66.704438,24.898871],[66.681326,24.910549],[66.681326,24.948879],[66.697032,25.025458],[66.699555,25.085273],[66.704438,25.104315],[66.713552,25.120754],[66.73227,25.143256],[66.737966,25.159491],[66.737153,25.181098],[66.721446,25.212592],[66.71754,25.231187],[66.710216,25.239244],[66.674083,25.269029],[66.659516,25.27558],[66.648285,25.283189],[66.595225,25.330227],[66.56072,25.349677],[66.547862,25.365627],[66.553722,25.385443],[66.579275,25.379381],[66.591156,25.399604],[66.587087,25.426215],[66.56422,25.439439],[66.550548,25.457099],[66.541677,25.492174],[66.531016,25.518134],[66.512706,25.508368],[66.51059,25.512926],[66.507335,25.517564],[66.50587,25.52204],[66.492849,25.518052],[66.486583,25.525621],[66.482921,25.538235],[66.477875,25.549302],[66.444102,25.582506],[66.437022,25.597724],[66.41212,25.590562],[66.387706,25.592434],[66.372569,25.603909],[66.375499,25.625678],[66.358653,25.614488],[66.338552,25.6081],[66.303233,25.60456],[66.29127,25.605943],[66.270518,25.61164],[66.258149,25.612006],[66.254242,25.609605],[66.248383,25.604682],[66.239757,25.599921],[66.203949,25.593207],[66.183442,25.58161],[66.167166,25.566067],[66.155772,25.549302],[66.13738,25.513821],[66.131602,25.508368],[66.12086,25.504584],[66.10963,25.495429],[66.099946,25.484361],[66.094412,25.47484],[66.121104,25.475165],[66.20045,25.48786],[66.213064,25.49136],[66.223643,25.499498],[66.238455,25.515815],[66.241547,25.518459],[66.245128,25.520413],[66.249685,25.521633],[66.255138,25.52204],[66.2588,25.524848],[66.258311,25.531399],[66.256847,25.538479],[66.258149,25.543118],[66.279145,25.549994],[66.309337,25.554023],[66.336436,25.553371],[66.348318,25.54621],[66.352712,25.535549],[66.363536,25.530341],[66.376964,25.527045],[66.38852,25.52204],[66.397146,25.512885],[66.411957,25.491116],[66.423188,25.481024],[66.437266,25.491278],[66.456228,25.496039],[66.475841,25.493313],[66.492198,25.481024],[66.45753,25.453762],[66.497895,25.430487],[66.511567,25.414211],[66.498383,25.398505],[66.483897,25.400539],[66.465505,25.411607],[66.437022,25.433254],[66.359548,25.465237],[66.31186,25.474921],[66.278656,25.467353],[66.251801,25.472886],[66.219493,25.464911],[66.187022,25.452948],[66.15919,25.446926],[66.069021,25.446234],[66.004649,25.429633],[65.92449,25.418606],[65.881521,25.419623],[65.858409,25.417548],[65.823985,25.402248],[65.800304,25.395819],[65.765391,25.377997],[65.724376,25.371161],[65.671641,25.347398],[65.65211,25.344468],[65.629731,25.34691],[65.488129,25.383124],[65.467784,25.385443],[65.446056,25.381008],[65.422862,25.372382],[65.400727,25.366685],[65.382335,25.371161],[65.386974,25.37641],[65.395356,25.392279],[65.362804,25.39057],[65.336192,25.385321],[65.313243,25.376858],[65.292328,25.364976],[65.259776,25.380439],[65.23227,25.370673],[65.211111,25.347846],[65.187999,25.311021],[65.180186,25.303656],[65.170177,25.299465],[65.155284,25.296088],[65.143403,25.295885],[65.118012,25.301947],[65.08961,25.305569],[65.058849,25.314521],[65.042003,25.316596],[65.0,25.316596],[65.0,62.0],[145.0,62.0],[145.0,59.36961998468939],[144.76295,59.381171],[144.776378,59.383694],[144.787608,59.384914],[144.797862,59.386379],[144.804454,59.395453],[144.613292,59.395453],[144.629731,59.383938],[144.651541,59.379299],[144.694591,59.374945],[144.454845,59.374945],[144.365733,59.381171],[144.401622,59.382392],[144.423839,59.382392],[144.448253,59.381171],[144.441173,59.391343],[144.419688,59.397854],[144.379649,59.402289],[144.35727,59.400824],[144.297374,59.388617],[144.281098,59.387641],[144.130039,59.399859]]],[[[117.751856,15.151887],[117.753887,15.154369],[117.755692,15.151887],[117.753887,15.150082],[117.751856,15.151887]]],[[[111.1963,15.785712],[111.199392,15.789211],[111.20753,15.789293],[111.208507,15.786282],[111.20753,15.782172],[111.2046,15.779242],[111.196544,15.775377],[111.194102,15.776109],[111.192882,15.778225],[111.1963,15.785712]]],[[[111.753103,16.044664],[111.753429,16.047431],[111.761404,16.048651],[111.76588,16.045315],[111.763357,16.043443],[111.753103,16.044664]]],[[[111.506928,16.443549],[111.51002,16.444729],[111.508149,16.442043],[111.506928,16.443549]]],[[[111.71225,16.447414],[111.710948,16.450344],[111.713715,16.449449],[111.71225,16.447414]]],[[[111.70281,16.450914],[111.701427,16.453884],[111.704194,16.452948],[111.70281,16.450914]]],[[[111.742849,16.457139],[111.741547,16.460069],[111.744314,16.459133],[111.742849,16.457139]]],[[[111.599864,16.527493],[111.600841,16.531968],[111.602875,16.533352],[111.605724,16.533515],[111.608165,16.531806],[111.60963,16.528266],[111.608897,16.527248],[111.606293,16.524237],[111.602794,16.524644],[111.600108,16.527289],[111.599864,16.527493]]],[[[111.659516,16.543606],[111.658214,16.546536],[111.660981,16.5456],[111.659516,16.543606]]],[[[111.713959,16.543687],[111.712576,16.546617],[111.715343,16.545722],[111.713959,16.543687]]],[[[111.672048,16.572903],[111.674897,16.571967],[111.673432,16.569932],[111.672048,16.572903]]],[[[111.703949,16.573188],[111.70281,16.5751],[111.705903,16.575181],[111.703949,16.573188]]],[[[111.680268,16.578152],[111.678884,16.581122],[111.681651,16.580186],[111.680268,16.578152]]],[[[112.733409,16.666083],[112.736827,16.660224],[112.735037,16.657945],[112.730154,16.660224],[112.725271,16.666205],[112.726248,16.669013],[112.72877,16.669257],[112.733409,16.666083]]],[[[112.333181,16.825019],[112.327159,16.829739],[112.325938,16.833238],[112.327891,16.837104],[112.330577,16.837633],[112.33546,16.832587],[112.33725,16.828437],[112.333181,16.825019]]],[[[112.340505,16.92357],[112.33546,16.923814],[112.333669,16.926418],[112.333669,16.933254],[112.336681,16.932115],[112.337087,16.932034],[112.337576,16.931342],[112.341075,16.926988],[112.340505,16.92357]]],[[[112.324229,16.941718],[112.325043,16.944322],[112.326915,16.942369],[112.324229,16.941718]]],[[[112.314301,16.951687],[112.31422,16.953843],[112.316091,16.952541],[112.314301,16.951687]]],[[[112.200206,16.97427],[112.197032,16.972357],[112.198741,16.975653],[112.200206,16.97427]]],[[[110.44752,20.658352],[110.462738,20.654771],[110.471365,20.647366],[110.476329,20.631578],[110.478038,20.610785],[110.475841,20.595933],[110.471202,20.592597],[110.464854,20.590766],[110.457286,20.586859],[110.451671,20.589179],[110.44809,20.596259],[110.43922,20.629462],[110.435802,20.638495],[110.426606,20.64289],[110.417654,20.654771],[110.422048,20.662258],[110.430024,20.662014],[110.43336,20.663764],[110.43336,20.667426],[110.437022,20.667914],[110.442638,20.66352],[110.44752,20.658352]]],[[[110.624522,20.915188],[110.609548,20.897284],[110.589203,20.88349],[110.575694,20.888821],[110.563487,20.903469],[110.547537,20.917711],[110.57488,20.947455],[110.58961,20.959377],[110.602712,20.964911],[110.595876,20.958726],[110.60613,20.953843],[110.617931,20.952379],[110.62794,20.948635],[110.632498,20.936672],[110.630382,20.925767],[110.624522,20.915188]]],[[[110.261892,20.992987],[110.265391,21.00434],[110.259288,21.016995],[110.24586,21.027574],[110.264822,21.033108],[110.275076,21.034329],[110.287364,21.03384],[110.287364,21.040595],[110.276378,21.041164],[110.270681,21.044867],[110.269542,21.051581],[110.273123,21.061103],[110.290212,21.054267],[110.309906,21.052924],[110.326915,21.05744],[110.335216,21.06859],[110.322113,21.064032],[110.307953,21.060858],[110.295421,21.063056],[110.287364,21.074449],[110.342621,21.074652],[110.371349,21.080959],[110.389822,21.095893],[110.400401,21.06391],[110.408214,21.048245],[110.417735,21.040595],[110.423188,21.051418],[110.43214,21.057278],[110.444102,21.059963],[110.458751,21.061103],[110.451915,21.061103],[110.47283,21.061672],[110.48406,21.067857],[110.492931,21.075995],[110.507091,21.082221],[110.526378,21.082099],[110.538829,21.073065],[110.545584,21.057359],[110.547537,21.037258],[110.543793,21.022773],[110.526866,20.989203],[110.520763,20.972357],[110.522227,20.962592],[110.525645,20.951077],[110.526052,20.941596],[110.516938,20.937649],[110.507986,20.940375],[110.502696,20.947496],[110.500173,20.957506],[110.499685,20.968655],[110.493012,20.977973],[110.476899,20.990424],[110.457693,21.001207],[110.441417,21.005845],[110.363048,21.005845],[110.333669,20.996283],[110.298676,20.980658],[110.266612,20.972642],[110.24586,20.986029],[110.261892,20.992987]]],[[[110.426117,21.179104],[110.417735,21.178453],[110.417735,21.184638],[110.434337,21.186591],[110.444835,21.193793],[110.452647,21.201483],[110.462169,21.205146],[110.487804,21.208645],[110.499848,21.206285],[110.496267,21.195217],[110.470958,21.193671],[110.46339,21.190741],[110.479177,21.184638],[110.492931,21.183905],[110.504161,21.18769],[110.526378,21.200832],[110.532237,21.203315],[110.537852,21.204495],[110.543224,21.204169],[110.549653,21.20246],[110.566173,21.193345],[110.568614,21.191474],[110.555431,21.176825],[110.550059,21.168443],[110.547537,21.156724],[110.554942,21.156724],[110.577322,21.190985],[110.594005,21.202786],[110.616954,21.19892],[110.616954,21.191474],[110.599457,21.17829],[110.576915,21.130927],[110.565196,21.112616],[110.543224,21.104967],[110.520681,21.111802],[110.50587,21.126858],[110.507091,21.143704],[110.496593,21.146308],[110.489024,21.150092],[110.483572,21.155829],[110.479177,21.16413],[110.472911,21.16413],[110.479177,21.150458],[110.461436,21.151068],[110.449474,21.156236],[110.445323,21.165676],[110.451915,21.178453],[110.44337,21.177883],[110.426117,21.179104]]],[[[111.835297,21.643948],[111.847179,21.647406],[111.8838,21.650133],[111.896007,21.653957],[111.915863,21.662746],[111.928233,21.664455],[111.931407,21.662299],[111.934337,21.657457],[111.938487,21.652574],[111.94516,21.650133],[111.950938,21.651109],[111.955821,21.656399],[111.962657,21.65762],[111.989513,21.657782],[111.999848,21.653998],[112.007335,21.643948],[112.007335,21.636542],[111.999848,21.621161],[111.981456,21.612047],[111.929047,21.601874],[111.91977,21.601874],[111.909679,21.600531],[111.897472,21.595526],[111.888194,21.588935],[111.871104,21.573228],[111.863292,21.568264],[111.822439,21.561998],[111.809337,21.565497],[111.810069,21.568345],[111.816905,21.571357],[111.822439,21.5751],[111.842052,21.606838],[111.845063,21.623969],[111.835297,21.643948]]],[[[112.567882,21.660631],[112.555919,21.678127],[112.57781,21.68301],[112.620128,21.704495],[112.645356,21.712836],[112.654552,21.698472],[112.651378,21.6883],[112.643321,21.678168],[112.63795,21.664455],[112.649913,21.649319],[112.650401,21.640448],[112.62379,21.633287],[112.616466,21.619208],[112.607188,21.616034],[112.579926,21.615546],[112.567149,21.617621],[112.555919,21.62344],[112.549083,21.6164],[112.539236,21.598944],[112.534923,21.595526],[112.525401,21.598863],[112.519298,21.606676],[112.51824,21.616767],[112.524262,21.626899],[112.559825,21.648383],[112.567882,21.660631]]],[[[112.758311,21.58808],[112.756114,21.593736],[112.753673,21.607367],[112.749685,21.608791],[112.743907,21.608791],[112.737153,21.612616],[112.734386,21.62873],[112.767589,21.663479],[112.774425,21.691718],[112.759613,21.686347],[112.736664,21.681098],[112.715587,21.680243],[112.706228,21.688381],[112.711681,21.702541],[112.724376,21.715806],[112.747813,21.733344],[112.764903,21.731757],[112.777517,21.77265],[112.795665,21.766832],[112.807628,21.772773],[112.821137,21.774807],[112.850271,21.774319],[112.844005,21.774319],[112.862559,21.769436],[112.868175,21.757554],[112.862559,21.745592],[112.831798,21.735907],[112.820567,21.726508],[112.812511,21.717108],[112.797537,21.705878],[112.800466,21.689765],[112.80714,21.671291],[112.810557,21.65762],[112.803233,21.63817],[112.794444,21.623114],[112.793468,21.608222],[112.810557,21.589301],[112.799653,21.579088],[112.790212,21.577582],[112.764903,21.581855],[112.761485,21.583686],[112.758311,21.58808]]],[[[113.180024,21.850328],[113.173269,21.849148],[113.165538,21.853339],[113.148692,21.842597],[113.131196,21.850369],[113.135671,21.864976],[113.146332,21.862454],[113.151052,21.868964],[113.155935,21.872748],[113.160655,21.870429],[113.167166,21.864488],[113.175873,21.862128],[113.18157,21.866848],[113.187673,21.869045],[113.190929,21.863349],[113.187999,21.856635],[113.180024,21.850328]]],[[[113.038829,21.865627],[113.034516,21.855292],[113.020518,21.854844],[113.017345,21.849514],[113.012462,21.852607],[113.003754,21.869534],[113.010916,21.876207],[113.024669,21.880845],[113.03533,21.878445],[113.038829,21.865627]]],[[[113.280935,21.922838],[113.285655,21.918118],[113.283702,21.91352],[113.278656,21.907375],[113.275157,21.897528],[113.267751,21.886461],[113.258474,21.880439],[113.250743,21.883205],[113.23463,21.893459],[113.229747,21.898749],[113.225841,21.900824],[113.22169,21.91413],[113.2317,21.934475],[113.247732,21.943183],[113.25766,21.946601],[113.267833,21.943305],[113.275157,21.931545],[113.278005,21.925035],[113.280935,21.922838]]],[[[113.736279,21.997162],[113.745502,21.997795],[113.756859,22.00039],[113.771747,22.000343],[113.775921,21.985859],[113.764477,21.966818],[113.748206,21.972788],[113.739056,21.985973],[113.736279,21.997162]]],[[[113.231781,22.002956],[113.223318,22.000556],[113.201589,21.988756],[113.198253,21.980048],[113.200206,21.975328],[113.196137,21.96719],[113.188162,21.959988],[113.182791,21.960476],[113.180349,21.964423],[113.180024,21.970771],[113.192393,22.033759],[113.200043,22.038438],[113.239513,22.038072],[113.243988,22.039293],[113.249115,22.038357],[113.249197,22.03384],[113.239513,22.023301],[113.242117,22.018175],[113.246349,22.013292],[113.248709,22.008124],[113.249034,22.004747],[113.237641,22.002468],[113.231781,22.002956]]],[[[114.28297,22.052558],[114.292979,22.057807],[114.295421,22.062812],[114.298595,22.067125],[114.30421,22.069281],[114.310069,22.06859],[114.309337,22.062567],[114.306814,22.057196],[114.305349,22.050279],[114.302501,22.044867],[114.222423,22.021674],[114.206716,22.025784],[114.216807,22.032172],[114.271658,22.050523],[114.28297,22.052558]]],[[[113.41033,22.063544],[113.391449,22.027533],[113.398936,22.021918],[113.401622,22.018459],[113.40268,22.01435],[113.405772,22.007025],[113.323497,22.011949],[113.309418,22.024115],[113.343598,22.068508],[113.352794,22.073147],[113.363292,22.075995],[113.372732,22.080146],[113.377778,22.089016],[113.38266,22.089586],[113.384044,22.088121],[113.384044,22.085395],[113.385265,22.08218],[113.387218,22.078192],[113.389903,22.074693],[113.393565,22.071601],[113.398936,22.068508],[113.412608,22.075995],[113.41033,22.063544]]],[[[113.532725,22.120307],[113.530935,22.112942],[113.52711,22.106106],[113.532563,22.095364],[113.547618,22.092597],[113.53891,22.082099],[113.484711,22.071357],[113.470225,22.077623],[113.473969,22.088121],[113.473481,22.098538],[113.465994,22.101508],[113.464854,22.10814],[113.471528,22.114081],[113.518891,22.127265],[113.52711,22.125881],[113.532725,22.120307]]],[[[113.354015,22.130845],[113.336192,22.100491],[113.31365,22.076402],[113.289073,22.068508],[113.279145,22.074693],[113.268809,22.088324],[113.264171,22.104926],[113.271739,22.120022],[113.279145,22.123196],[113.289724,22.125474],[113.298676,22.128567],[113.302745,22.133979],[113.30421,22.141832],[113.308442,22.148627],[113.314952,22.153998],[113.32309,22.157904],[113.327973,22.145819],[113.33546,22.148871],[113.347179,22.15644],[113.364757,22.157904],[113.354015,22.130845]]],[[[113.583588,22.123318],[113.577485,22.126654],[113.577973,22.120917],[113.574067,22.119371],[113.570974,22.120144],[113.566742,22.123358],[113.566661,22.117377],[113.565196,22.112616],[113.566335,22.107693],[113.563243,22.10692],[113.557384,22.111151],[113.552257,22.107693],[113.551524,22.106147],[113.549164,22.105373],[113.546804,22.105373],[113.543712,22.107693],[113.541108,22.113267],[113.545258,22.114244],[113.542328,22.140733],[113.542247,22.140815],[113.534109,22.14879],[113.532237,22.152533],[113.534434,22.1612],[113.541433,22.16234],[113.542979,22.163804],[113.552908,22.165839],[113.558604,22.163031],[113.569428,22.160753],[113.574067,22.160753],[113.574067,22.156114],[113.571788,22.152899],[113.567882,22.15058],[113.563243,22.15058],[113.560232,22.141547],[113.567638,22.139065],[113.57252,22.137315],[113.577973,22.139635],[113.577973,22.138088],[113.57488,22.135037],[113.579763,22.131903],[113.585948,22.131944],[113.586681,22.129543],[113.587494,22.127224],[113.587494,22.124864],[113.585948,22.124091],[113.583588,22.123318]]],[[[113.897146,22.158433],[113.899587,22.163031],[113.910574,22.166164],[113.910574,22.158433],[113.903331,22.158433],[113.897146,22.158433]]],[[[114.264089,22.16234],[114.256114,22.154568],[114.250662,22.16234],[114.256114,22.171658],[114.266368,22.178697],[114.26946,22.171658],[114.26946,22.164578],[114.264089,22.16234]]],[[[114.242849,22.184963],[114.248383,22.184963],[114.253754,22.18651],[114.256114,22.181871],[114.251475,22.177151],[114.249034,22.177151],[114.242849,22.175564],[114.242849,22.18419],[114.242849,22.184963]]],[[[113.910574,22.176378],[113.903331,22.178697],[113.903331,22.18651],[113.910574,22.178697],[113.910574,22.176378]]],[[[113.97755,22.193427],[113.983735,22.198961],[113.987641,22.198961],[113.990733,22.191881],[113.989106,22.18651],[113.984467,22.188056],[113.97755,22.193427]]],[[[113.551524,22.191107],[113.551524,22.189561],[113.548432,22.188056],[113.542979,22.18419],[113.539887,22.182644],[113.535981,22.182644],[113.532888,22.178697],[113.528901,22.178697],[113.524832,22.173814],[113.52475,22.173733],[113.519867,22.183702],[113.520193,22.184882],[113.522146,22.190497],[113.524832,22.193061],[113.525401,22.19363],[113.530365,22.201524],[113.535248,22.207546],[113.533702,22.210761],[113.532074,22.210761],[113.532888,22.209174],[113.527354,22.207546],[113.524343,22.212551],[113.528901,22.213853],[113.528901,22.214626],[113.535248,22.214626],[113.536469,22.217068],[113.53891,22.220771],[113.544526,22.217678],[113.544526,22.216132],[113.55071,22.213853],[113.553803,22.211493],[113.555593,22.207546],[113.556814,22.203559],[113.551524,22.204413],[113.548432,22.202053],[113.549164,22.199734],[113.55071,22.198961],[113.55714,22.20246],[113.553803,22.196641],[113.553803,22.195868],[113.552257,22.197414],[113.55071,22.195868],[113.551524,22.1942],[113.551524,22.191881],[113.551524,22.191107]]],[[[114.015798,22.191881],[114.014985,22.198188],[114.022146,22.202826],[114.022146,22.206773],[114.026785,22.205227],[114.034516,22.205227],[114.031423,22.195868],[114.026785,22.198961],[114.015798,22.191881]]],[[[114.114106,22.185736],[114.114106,22.216132],[114.104259,22.215969],[114.106375,22.222398],[114.1067,22.235785],[114.113292,22.233344],[114.117442,22.221869],[114.125743,22.213446],[114.132823,22.216132],[114.132823,22.209947],[114.125743,22.205227],[114.138194,22.206041],[114.149669,22.206041],[114.154633,22.203599],[114.143077,22.196112],[114.139089,22.191107],[114.145356,22.178697],[114.13738,22.178778],[114.11085,22.177069],[114.114106,22.185736]]],[[[114.152192,22.230984],[114.14446,22.236477],[114.142182,22.241197],[114.142182,22.241889],[114.156342,22.238837],[114.156342,22.231757],[114.152192,22.230984]]],[[[114.218679,22.223985],[114.211762,22.216132],[114.218679,22.206],[114.215587,22.198961],[114.219493,22.191881],[114.207693,22.189561],[114.206065,22.205227],[114.209321,22.207546],[114.206554,22.212388],[114.196056,22.207546],[114.191417,22.209947],[114.196056,22.215318],[114.189057,22.219224],[114.193696,22.225531],[114.191417,22.230984],[114.182709,22.23253],[114.183849,22.241034],[114.171153,22.233303],[114.167247,22.227851],[114.164887,22.227851],[114.162608,22.233303],[114.160981,22.240383],[114.152192,22.245022],[114.135997,22.245754],[114.12908,22.248887],[114.125011,22.256741],[114.123546,22.261379],[114.118826,22.269192],[114.112559,22.271511],[114.113373,22.277818],[114.115652,22.279364],[114.120453,22.281684],[114.12908,22.285631],[114.139089,22.288723],[114.149913,22.285631],[114.157074,22.281684],[114.165701,22.279364],[114.178884,22.279364],[114.188162,22.287177],[114.196788,22.291856],[114.206391,22.288235],[114.215587,22.285631],[114.221772,22.279364],[114.228119,22.280911],[114.23585,22.277818],[114.243663,22.264594],[114.251475,22.25906],[114.251475,22.248887],[114.245291,22.241889],[114.249034,22.23253],[114.253754,22.223985],[114.249034,22.222398],[114.256114,22.203599],[114.243663,22.20128],[114.240489,22.205227],[114.232758,22.211493],[114.232677,22.221991],[114.229503,22.233588],[114.222667,22.238837],[114.216807,22.23432],[114.222667,22.23253],[114.222667,22.224758],[114.218679,22.223985]]],[[[114.295177,22.23725],[114.288259,22.23253],[114.285167,22.238023],[114.281342,22.238837],[114.282888,22.249742],[114.282888,22.248887],[114.29599,22.254421],[114.29599,22.248114],[114.298513,22.242662],[114.295177,22.23725]]],[[[114.038341,22.241197],[114.031423,22.249742],[114.020518,22.255194],[114.023692,22.255968],[114.042247,22.255968],[114.042979,22.241197],[114.038341,22.241197]]],[[[114.042979,22.256741],[114.045339,22.262152],[114.050222,22.262152],[114.051768,22.261379],[114.047862,22.256741],[114.042979,22.256741]]],[[[114.34669,22.25906],[114.344412,22.263048],[114.34669,22.269192],[114.349946,22.264594],[114.34669,22.25906]]],[[[113.928396,22.284857],[113.93865,22.288723],[113.961925,22.301174],[113.976736,22.298082],[113.983735,22.309027],[113.992442,22.310574],[113.999522,22.322252],[114.017345,22.335517],[114.020518,22.328518],[114.043793,22.345771],[114.049327,22.342231],[114.054861,22.33633],[114.051768,22.328518],[114.050222,22.319932],[114.046153,22.323147],[114.038341,22.324571],[114.031423,22.324571],[114.029633,22.308987],[114.012706,22.311347],[114.012706,22.298082],[114.022146,22.301907],[114.017589,22.289049],[114.018891,22.264594],[114.004161,22.264594],[113.995372,22.267768],[114.007253,22.252102],[113.992442,22.241197],[114.014985,22.227078],[114.000173,22.216132],[113.981944,22.208238],[113.980642,22.215318],[113.980642,22.23725],[113.969086,22.23725],[113.959565,22.23725],[113.945649,22.23725],[113.928396,22.223985],[113.921479,22.223985],[113.918305,22.219224],[113.928396,22.216905],[113.928396,22.210761],[113.919119,22.205024],[113.906261,22.204006],[113.894054,22.215318],[113.892507,22.222398],[113.883962,22.219997],[113.873709,22.21308],[113.859141,22.201402],[113.846446,22.197089],[113.839203,22.204901],[113.837901,22.217963],[113.837332,22.228624],[113.839203,22.234198],[113.849213,22.234198],[113.849213,22.244127],[113.856781,22.245998],[113.856781,22.252265],[113.850597,22.256781],[113.851085,22.257107],[113.859874,22.263454],[113.866954,22.268988],[113.867605,22.270738],[113.876801,22.272284],[113.883962,22.279364],[113.892507,22.292711],[113.911306,22.292711],[113.921479,22.291856],[113.928396,22.284857]]],[[[114.272553,22.27619],[114.264822,22.269965],[114.265636,22.279364],[114.272553,22.27619]]],[[[114.069672,22.280137],[114.069672,22.285631],[114.071951,22.285631],[114.074392,22.284084],[114.073497,22.280137],[114.069672,22.280137]]],[[[114.034516,22.288723],[114.035248,22.288723],[114.040701,22.291083],[114.038341,22.285631],[114.042979,22.285631],[114.042979,22.281684],[114.034516,22.279364],[114.034516,22.288723]]],[[[113.923676,22.312893],[113.923676,22.313666],[113.929942,22.315985],[113.933035,22.322252],[113.936127,22.318427],[113.942556,22.322252],[113.939464,22.312893],[113.936127,22.309801],[113.933767,22.300401],[113.931488,22.292711],[113.929942,22.292711],[113.929942,22.301174],[113.923676,22.311347],[113.923676,22.312893]]],[[[114.368663,22.305162],[114.363943,22.312893],[114.366303,22.318427],[114.370209,22.311347],[114.370209,22.305162],[114.368663,22.305162]]],[[[114.136729,22.313666],[114.129812,22.315212],[114.12908,22.315985],[114.134369,22.319932],[114.141368,22.315985],[114.145356,22.316799],[114.146821,22.313666],[114.141368,22.310574],[114.136729,22.313666]]],[[[114.34669,22.309801],[114.353038,22.322252],[114.356049,22.322252],[114.352306,22.312893],[114.34669,22.309801]]],[[[114.319509,22.323798],[114.316335,22.33633],[114.323497,22.339464],[114.328868,22.337144],[114.331228,22.326117],[114.319509,22.323798]]],[[[114.089041,22.322252],[114.086843,22.339464],[114.079112,22.349636],[114.079112,22.35578],[114.085297,22.358995],[114.093761,22.35578],[114.10255,22.353461],[114.105642,22.347276],[114.108735,22.340237],[114.104828,22.326117],[114.089041,22.322252]]],[[[114.056407,22.339464],[114.054861,22.347276],[114.057953,22.351915],[114.065766,22.348822],[114.062673,22.345771],[114.061778,22.339464],[114.056407,22.339464]]],[[[114.304698,22.358995],[114.303152,22.36522],[114.310883,22.376125],[114.316335,22.376125],[114.319509,22.358995],[114.328868,22.350369],[114.328868,22.342556],[114.307791,22.342556],[114.305431,22.345771],[114.304698,22.358995]]],[[[114.288992,22.36522],[114.288992,22.369086],[114.292817,22.371405],[114.29599,22.362087],[114.29599,22.348822],[114.289724,22.353461],[114.288992,22.36522]]],[[[113.879893,22.369859],[113.876069,22.383897],[113.883962,22.379218],[113.879893,22.369859]]],[[[113.631449,22.396102],[113.621187,22.391419],[113.612272,22.397962],[113.610441,22.413337],[113.611816,22.43047],[113.623379,22.439872],[113.634883,22.438045],[113.649595,22.438566],[113.65787,22.432023],[113.657825,22.423751],[113.653293,22.413728],[113.642422,22.411421],[113.642347,22.40019],[113.631449,22.396102]]],[[[114.359141,22.465806],[114.353038,22.480658],[114.358328,22.486884],[114.363129,22.486111],[114.365408,22.474433],[114.359141,22.465806]]],[[[114.303152,22.514268],[114.308523,22.526028],[114.317068,22.518175],[114.312429,22.512803],[114.300059,22.506415],[114.29363,22.512803],[114.298513,22.515855],[114.303152,22.514268]]],[[[114.297699,22.550198],[114.308523,22.554063],[114.316335,22.551744],[114.303884,22.547838],[114.298513,22.547838],[114.295177,22.547838],[114.300792,22.535264],[114.288992,22.540798],[114.285981,22.547065],[114.288992,22.556383],[114.297699,22.550198]]],[[[114.427908,22.548611],[114.43336,22.543891],[114.422537,22.543891],[114.425629,22.551703],[114.427908,22.548611]]],[[[113.559505,22.735],[113.563707,22.720303],[113.573204,22.700698],[113.575322,22.698734],[113.603939,22.684952],[113.635687,22.656475],[113.64511,22.625115],[113.641832,22.601624],[113.628015,22.595785],[113.60261,22.611521],[113.562427,22.655683],[113.525331,22.683182],[113.491368,22.705774],[113.476511,22.719514],[113.476539,22.731268],[113.50208,22.736112],[113.525501,22.744873],[113.546759,22.741884],[113.559505,22.735]]],[[[113.475597,22.900702],[113.487804,22.892808],[113.527029,22.846625],[113.546723,22.834866],[113.573009,22.830064],[113.576427,22.82392],[113.587657,22.794623],[113.593516,22.784817],[113.602875,22.772447],[113.602794,22.762641],[113.594574,22.75609],[113.579845,22.75373],[113.558279,22.75788],[113.544607,22.768785],[113.535655,22.784329],[113.528575,22.802151],[113.521169,22.787909],[113.506114,22.798041],[113.495291,22.81387],[113.480805,22.849311],[113.473969,22.849311],[113.473155,22.825385],[113.455903,22.830756],[113.434093,22.849066],[113.40211,22.88288],[113.396169,22.898098],[113.405121,22.908108],[113.432953,22.912014],[113.475597,22.900702]]],[[[113.529186,22.948594],[113.54514,22.937762],[113.553599,22.911281],[113.553542,22.885811],[113.545014,22.879961],[113.523757,22.896679],[113.50996,22.921216],[113.505754,22.951609],[113.515376,22.96922],[113.52921,22.960354],[113.529186,22.948594]]],[[[119.329194,23.319159],[119.329519,23.317369],[119.328298,23.316759],[119.327729,23.317288],[119.326671,23.318793],[119.328054,23.319403],[119.329194,23.319159]]],[[[119.313487,23.322252],[119.312999,23.32274],[119.311941,23.324246],[119.313894,23.325141],[119.314382,23.324612],[119.314708,23.322862],[119.313487,23.322252]]],[[[119.315766,23.410305],[119.32073,23.408637],[119.319672,23.406806],[119.320893,23.403022],[119.318614,23.399807],[119.310557,23.397895],[119.309418,23.399563],[119.309418,23.39997],[119.306488,23.401719],[119.310395,23.409491],[119.311046,23.409573],[119.31186,23.410915],[119.314464,23.410102],[119.315766,23.410305]]],[[[116.942989,23.430062],[116.95311,23.442087],[116.967635,23.453148],[116.982188,23.459459],[116.98878,23.455634],[116.993907,23.44831],[117.000255,23.441555],[117.01002,23.438951],[117.017426,23.441881],[117.026857,23.443855],[117.037579,23.446901],[117.044348,23.464467],[117.049083,23.474084],[117.062999,23.478461],[117.070811,23.475328],[117.071544,23.47309],[117.090328,23.461077],[117.102148,23.467993],[117.108945,23.482294],[117.125852,23.482692],[117.122569,23.465522],[117.134091,23.460469],[117.141794,23.449653],[117.137367,23.419565],[117.128781,23.399369],[117.106944,23.403551],[117.082877,23.411144],[117.048897,23.40471],[117.023936,23.414537],[117.015447,23.416249],[117.004009,23.419759],[116.992445,23.419213],[116.969345,23.418946],[116.948098,23.421805],[116.942989,23.430062]]],[[[116.99586,23.53852],[116.992931,23.533881],[116.987804,23.524115],[116.970958,23.514635],[116.950938,23.517401],[116.937266,23.526272],[116.936046,23.535549],[116.946544,23.539455],[116.957774,23.544908],[116.96754,23.554348],[116.974376,23.559394],[116.978526,23.559272],[116.98585,23.560452],[116.995616,23.563544],[117.005138,23.562934],[117.009288,23.554999],[117.003673,23.54621],[116.99586,23.53852]]],[[[116.919526,23.548489],[116.918875,23.554999],[116.924978,23.560696],[116.937104,23.566352],[116.945974,23.57449],[116.946056,23.582017],[116.948985,23.591051],[116.953705,23.59573],[116.96697,23.600816],[116.970795,23.59984],[116.971202,23.594184],[116.968923,23.585761],[116.960623,23.574123],[116.960785,23.554714],[116.958263,23.547349],[116.952485,23.543769],[116.942556,23.543565],[116.929454,23.539537],[116.923757,23.543443],[116.919526,23.548489]]],[[[117.369125,23.622357],[117.393728,23.679185],[117.386729,23.684882],[117.375499,23.689399],[117.363943,23.691474],[117.35613,23.689399],[117.346446,23.68476],[117.340505,23.688951],[117.342459,23.699652],[117.376689,23.728865],[117.375662,23.747301],[117.379242,23.746812],[117.372732,23.76675],[117.385916,23.774156],[117.404307,23.774156],[117.413585,23.771674],[117.41977,23.754299],[117.434825,23.750718],[117.447782,23.742252],[117.468901,23.75309],[117.504161,23.749905],[117.526661,23.740107],[117.516191,23.716278],[117.495942,23.72016],[117.484156,23.710793],[117.476543,23.689432],[117.479835,23.662678],[117.467219,23.657934],[117.444835,23.664944],[117.43267,23.660117],[117.421149,23.646464],[117.417766,23.627466],[117.415375,23.608222],[117.423839,23.601996],[117.431559,23.58263],[117.37446,23.572654],[117.320483,23.574016],[117.337819,23.596463],[117.369125,23.622357]]],[[[118.240164,24.412828],[118.220225,24.407538],[118.208995,24.411607],[118.228038,24.446031],[118.233084,24.450751],[118.241059,24.452623],[118.249034,24.452826],[118.256358,24.448106],[118.262706,24.441799],[118.262543,24.430976],[118.257335,24.423774],[118.251231,24.423367],[118.247,24.419298],[118.244802,24.415147],[118.240164,24.412828]]],[[[118.289561,24.455634],[118.28297,24.470038],[118.282074,24.477362],[118.287852,24.480455],[118.316657,24.493349],[118.354809,24.470562],[118.381414,24.473511],[118.385393,24.503817],[118.394216,24.522691],[118.422597,24.527968],[118.44959,24.505528],[118.467355,24.461828],[118.463356,24.431523],[118.448785,24.415513],[118.422901,24.430304],[118.403624,24.43601],[118.372856,24.433201],[118.34576,24.417579],[118.330994,24.396482],[118.318218,24.390544],[118.303233,24.39704],[118.292979,24.39765],[118.283946,24.401272],[118.279552,24.408433],[118.281098,24.411038],[118.289399,24.4206],[118.292003,24.424994],[118.292735,24.432074],[118.292328,24.440619],[118.289561,24.455634]]],[[[118.093435,24.474677],[118.103038,24.479885],[118.106212,24.494127],[118.082286,24.482327],[118.074718,24.483954],[118.072032,24.49787],[118.075206,24.512152],[118.089366,24.538398],[118.09254,24.55622],[118.112071,24.5456],[118.137869,24.536526],[118.163097,24.531968],[118.181407,24.535102],[118.182302,24.52265],[118.189301,24.503079],[118.188731,24.494127],[118.180837,24.483466],[118.171641,24.478461],[118.16391,24.47191],[118.160818,24.456936],[118.153819,24.437079],[118.136485,24.429267],[118.114024,24.430609],[118.092052,24.438463],[118.081065,24.445217],[118.073416,24.452704],[118.069998,24.460273],[118.072032,24.467475],[118.081554,24.472602],[118.093435,24.474677]]],[[[118.300955,24.565212],[118.306895,24.567491],[118.323985,24.569159],[118.333832,24.563544],[118.33546,24.555569],[118.332693,24.547838],[118.326508,24.54324],[118.30128,24.55744],[118.297699,24.561428],[118.300955,24.565212]]],[[[119.136078,25.079413],[119.136974,25.071275],[119.139822,25.067735],[119.139089,25.062079],[119.14088,25.057522],[119.143565,25.055609],[119.124115,25.036607],[119.123627,25.034288],[119.124848,25.030219],[119.12143,25.027452],[119.117198,25.030707],[119.115896,25.036282],[119.112315,25.040676],[119.106375,25.044704],[119.104991,25.048448],[119.113292,25.053656],[119.118256,25.061672],[119.115326,25.067084],[119.111827,25.070095],[119.11142,25.073676],[119.109874,25.077012],[119.10906,25.080593],[119.11085,25.081936],[119.115164,25.083116],[119.12322,25.089016],[119.135753,25.094346],[119.14503,25.096218],[119.154145,25.102688],[119.156912,25.100653],[119.15561,25.095893],[119.152517,25.092597],[119.144054,25.088243],[119.136078,25.079413]]],[[[119.318207,25.557074],[119.3213,25.561225],[119.331716,25.571275],[119.343272,25.57331],[119.346528,25.566718],[119.345958,25.561103],[119.352061,25.552232],[119.349132,25.544013],[119.343598,25.515367],[119.334727,25.489691],[119.330577,25.467353],[119.334809,25.449897],[119.334972,25.437974],[119.32602,25.433987],[119.313731,25.429918],[119.302582,25.422919],[119.296886,25.422919],[119.288341,25.443671],[119.285655,25.454739],[119.281586,25.463813],[119.281505,25.482896],[119.303722,25.537746],[119.305024,25.543362],[119.307465,25.54682],[119.310313,25.548651],[119.318207,25.557074]]],[[[119.221202,26.089545],[119.243337,26.057074],[119.257579,26.047553],[119.272227,26.04206],[119.305431,26.035956],[119.369802,26.014228],[119.401215,25.996039],[119.404959,25.977932],[119.390636,25.966986],[119.381114,25.966986],[119.371593,25.971584],[119.345958,25.976386],[119.312022,25.986762],[119.302013,25.991848],[119.290538,25.995266],[119.273285,25.997138],[119.257579,26.001451],[119.250743,26.012397],[119.246837,26.026557],[119.237559,26.037584],[119.226736,26.047675],[119.217784,26.059027],[119.209239,26.098578],[119.221202,26.089545]]],[[[117.760962,38.909365],[117.718365,38.921352],[117.69711,38.934768],[117.713711,38.966441],[117.731503,38.954469],[117.769123,38.943906],[117.762132,38.929277],[117.778205,38.92708],[117.785638,38.938446],[117.814789,38.930446],[117.810865,38.914665],[117.789289,38.90463],[117.760962,38.909365]]],[[[117.733231,38.964288],[117.720451,38.973943],[117.729952,38.976724],[117.752941,38.973122],[117.808853,38.96423],[117.819264,38.958403],[117.879402,38.946554],[117.88005,38.930526],[117.835649,38.93809],[117.796125,38.949843],[117.758541,38.958932],[117.733231,38.964288]]],[[[118.648672,39.055851],[118.648736,39.044651],[118.594321,38.972197],[118.514308,38.919445],[118.502699,38.919028],[118.480276,38.93482],[118.4909,38.943187],[118.470698,38.970551],[118.469477,39.006319],[118.478483,39.042858],[118.488193,39.050492],[118.526381,39.046694],[118.559718,39.003125],[118.577812,39.008619],[118.610196,39.034034],[118.628711,39.048554],[118.614637,39.067649],[118.632743,39.074581],[118.648672,39.055851]]],[[[117.803232,38.979609],[117.791224,38.989276],[117.780519,39.031915],[117.77335,39.047577],[117.796251,39.049901],[117.8108,39.027191],[117.826843,38.983718],[117.819697,38.977408],[117.803232,38.979609]]],[[[121.828868,14.263617],[121.826589,14.259345],[121.821137,14.253892],[121.816498,14.255561],[121.813894,14.265001],[121.808604,14.271186],[121.804047,14.279486],[121.802257,14.29206],[121.804373,14.299587],[121.82488,14.308051],[121.82724,14.305528],[121.844168,14.299628],[121.845551,14.291897],[121.830251,14.268337],[121.828868,14.263617]]],[[[120.561453,14.380764],[120.563487,14.390937],[120.57073,14.393988],[120.584402,14.390286],[120.59254,14.393744],[120.608409,14.390896],[120.607351,14.390611],[120.600841,14.389106],[120.586111,14.384426],[120.578217,14.374783],[120.564626,14.377468],[120.561453,14.380764]]],[[[121.996593,14.841376],[122.0088,14.824612],[122.01588,14.799465],[122.02589,14.736314],[122.023692,14.722602],[122.004161,14.673651],[121.984874,14.656928],[121.961192,14.644761],[121.940196,14.640082],[121.916677,14.649075],[121.908702,14.670966],[121.91033,14.697821],[121.916026,14.722073],[121.934906,14.725775],[121.933849,14.76496],[121.919444,14.810248],[121.898936,14.831855],[121.883637,14.836412],[121.879161,14.848334],[121.881847,14.883694],[121.877452,14.894436],[121.855724,14.926947],[121.847667,14.935533],[121.831391,14.940579],[121.821788,14.940334],[121.81837,14.946031],[121.826427,15.012152],[121.833263,15.035305],[121.844249,15.045396],[121.874278,15.027777],[121.893728,15.024563],[121.902354,15.041693],[121.909923,15.050198],[121.927989,15.052232],[121.969412,15.047187],[121.984874,15.037991],[121.993826,15.042914],[122.005138,15.038642],[122.011241,15.027167],[122.005382,15.010688],[122.029063,15.009182],[122.048188,14.999457],[122.057872,14.983303],[122.053071,14.962226],[122.031505,14.987738],[122.020356,14.99372],[122.005382,14.99018],[121.995128,14.980129],[121.992686,14.969184],[121.996349,14.963528],[122.005382,14.969062],[122.013194,14.94481],[122.012869,14.932929],[122.003591,14.925238],[121.97169,14.905585],[121.96811,14.902574],[121.969574,14.897773],[121.971528,14.862047],[121.973643,14.852118],[121.978038,14.838772],[121.996593,14.841376]]],[[[119.997081,16.330756],[120.005626,16.311754],[120.005056,16.268622],[120.010753,16.254625],[120.012218,16.241523],[120.005544,16.232082],[119.992931,16.23017],[119.980968,16.239447],[119.976329,16.24726],[119.956716,16.262437],[119.936778,16.288153],[119.925548,16.295356],[119.922374,16.303778],[119.927501,16.313137],[119.943044,16.329291],[119.953461,16.331977],[119.961192,16.334784],[119.962576,16.338853],[119.965017,16.344387],[119.973155,16.350572],[119.98406,16.3487],[119.991222,16.343573],[119.994884,16.337551],[119.997081,16.330756]]],[[[122.140147,17.798285],[122.139903,17.787909],[122.14324,17.765286],[122.142345,17.757066],[122.136078,17.744289],[122.135753,17.737291],[122.139822,17.730048],[122.153168,17.715522],[122.156261,17.706936],[122.156586,17.619289],[122.162934,17.593329],[122.193858,17.519192],[122.197113,17.494615],[122.206065,17.475287],[122.224457,17.45189],[122.239594,17.426825],[122.23878,17.402167],[122.243663,17.391099],[122.246349,17.374905],[122.25115,17.360175],[122.262706,17.353746],[122.266449,17.355373],[122.271495,17.358629],[122.278331,17.361233],[122.28712,17.360582],[122.305349,17.344184],[122.313731,17.340074],[122.32602,17.340888],[122.352875,17.351142],[122.365408,17.353746],[122.381602,17.347398],[122.390147,17.316881],[122.402599,17.305976],[122.397797,17.329088],[122.414561,17.319078],[122.435395,17.292426],[122.443614,17.265611],[122.425141,17.279527],[122.414317,17.283637],[122.409434,17.275214],[122.411632,17.260443],[122.420909,17.232327],[122.423106,17.220608],[122.420584,17.205878],[122.410411,17.175523],[122.409434,17.161933],[122.41684,17.145819],[122.441417,17.127997],[122.45102,17.114163],[122.454438,17.11872],[122.460948,17.123481],[122.464692,17.127834],[122.480479,17.123481],[122.490245,17.13288],[122.500987,17.139797],[122.519298,17.127834],[122.529145,17.109605],[122.529063,17.090522],[122.521495,17.072008],[122.5088,17.055854],[122.503917,17.046536],[122.500499,17.034125],[122.496104,17.023261],[122.488292,17.018541],[122.483572,17.013658],[122.472911,16.989691],[122.459727,16.912014],[122.464692,16.895087],[122.448985,16.864976],[122.422699,16.794338],[122.373383,16.713528],[122.365001,16.685126],[122.34547,16.642524],[122.33839,16.631293],[122.325206,16.616156],[122.300141,16.565497],[122.286388,16.54682],[122.253184,16.519965],[122.24464,16.510565],[122.23878,16.504055],[122.234223,16.495103],[122.232188,16.486518],[122.231944,16.466498],[122.229177,16.461615],[122.211436,16.449408],[122.204275,16.43476],[122.205333,16.423896],[122.217621,16.394761],[122.224132,16.408515],[122.225108,16.415269],[122.231944,16.415269],[122.224946,16.380764],[122.191905,16.317369],[122.197113,16.291693],[122.214529,16.307074],[122.231944,16.319037],[122.228689,16.304633],[122.203868,16.263821],[122.20338,16.257473],[122.205333,16.242499],[122.203868,16.236518],[122.198741,16.23371],[122.182465,16.232001],[122.177257,16.230292],[122.149425,16.195543],[122.115245,16.168891],[122.083995,16.137356],[122.080414,16.135321],[122.076996,16.132717],[122.073578,16.127265],[122.071788,16.11933],[122.072439,16.111558],[122.073578,16.104926],[122.073578,16.099921],[122.059255,16.077786],[122.016124,16.051459],[121.997895,16.031073],[121.99171,16.03852],[122.011567,16.065741],[122.021658,16.08393],[122.02589,16.103705],[122.033458,16.117133],[122.081065,16.148383],[122.087576,16.164455],[122.092784,16.187323],[122.101573,16.20775],[122.132579,16.225491],[122.14088,16.244086],[122.135265,16.260728],[122.107758,16.263821],[122.087413,16.255316],[122.077403,16.241278],[122.073985,16.224026],[122.073578,16.205756],[122.066905,16.190131],[122.050548,16.180854],[122.012218,16.168891],[121.954763,16.139146],[121.940196,16.134711],[121.903982,16.129828],[121.868175,16.120429],[121.855968,16.111314],[121.844086,16.100002],[121.829926,16.090399],[121.799978,16.083238],[121.788422,16.077216],[121.77768,16.073188],[121.769542,16.075751],[121.761078,16.079983],[121.752289,16.07689],[121.684418,16.021145],[121.678722,16.010728],[121.642263,15.969631],[121.593272,15.944892],[121.57781,15.932074],[121.567393,15.915717],[121.560069,15.895209],[121.552989,15.852932],[121.554861,15.828925],[121.570649,15.793769],[121.574555,15.774359],[121.585216,15.765448],[121.608653,15.763088],[121.631847,15.757025],[121.642263,15.736884],[121.636567,15.72248],[121.594493,15.67475],[121.611095,15.671088],[121.619802,15.667467],[121.629161,15.661119],[121.590994,15.640448],[121.573741,15.627265],[121.56658,15.610256],[121.561534,15.591376],[121.549001,15.576402],[121.495616,15.532457],[121.487559,15.520413],[121.479259,15.456204],[121.472911,15.43769],[121.464122,15.421536],[121.42628,15.373765],[121.408865,15.377753],[121.397716,15.382717],[121.389903,15.377875],[121.381602,15.352688],[121.379161,15.308173],[121.391124,15.266262],[121.413748,15.231635],[121.443614,15.209296],[121.468435,15.196112],[121.481456,15.182522],[121.487559,15.163316],[121.508149,15.062812],[121.51531,15.051663],[121.527843,15.040758],[121.560069,14.989651],[121.56658,14.972805],[121.570649,14.94599],[121.581798,14.919664],[121.597341,14.894843],[121.615001,14.87287],[121.60963,14.86994],[121.59962,14.862006],[121.594493,14.859198],[121.635753,14.811591],[121.642263,14.800849],[121.649913,14.792182],[121.712657,14.744371],[121.724946,14.73078],[121.726085,14.72016],[121.707367,14.715806],[121.670909,14.714342],[121.649181,14.710517],[121.629161,14.702826],[121.613943,14.689887],[121.608084,14.674262],[121.608165,14.630194],[121.610688,14.612616],[121.647227,14.492255],[121.651378,14.456122],[121.662446,14.417385],[121.670177,14.401109],[121.682384,14.385443],[121.724864,14.345893],[121.734711,14.328681],[121.736095,14.314887],[121.731619,14.280422],[121.73585,14.273139],[121.754649,14.255764],[121.758962,14.246568],[121.757172,14.230618],[121.752126,14.215725],[121.743663,14.203437],[121.731619,14.195054],[121.731619,14.188218],[121.744884,14.177151],[121.78004,14.126166],[121.847667,14.078355],[121.917247,14.009508],[121.92988826537737,14.0],[120.6252361231918,14.0],[120.619884,14.002916],[120.617442,14.01789],[120.621837,14.076565],[120.619477,14.104234],[120.607758,14.124905],[120.580333,14.133002],[120.580333,14.140448],[120.595714,14.147935],[120.597423,14.156928],[120.588878,14.166164],[120.573497,14.174547],[120.583018,14.174465],[120.58961,14.176011],[120.601329,14.181383],[120.601329,14.188218],[120.58725,14.200263],[120.595958,14.217963],[120.612478,14.237047],[120.621267,14.253404],[120.627452,14.269599],[120.643321,14.277086],[120.68336,14.28384],[120.697602,14.289496],[120.713145,14.298529],[120.725352,14.309556],[120.730479,14.321357],[120.735606,14.327216],[120.76002,14.337144],[120.768321,14.34219],[120.789561,14.375312],[120.87794,14.458889],[120.886078,14.462388],[120.897472,14.463121],[120.9192,14.461982],[120.926117,14.464667],[120.94337,14.4831],[120.970388,14.501899],[120.980317,14.515448],[120.984386,14.534003],[120.980154,14.55744],[120.958832,14.591783],[120.950206,14.612779],[120.943126,14.65351],[120.936534,14.667426],[120.906912,14.706732],[120.902354,14.71894],[120.894298,14.725084],[120.847179,14.74372],[120.843923,14.749091],[120.843435,14.755683],[120.840587,14.761217],[120.830089,14.763617],[120.731619,14.766669],[120.669688,14.777289],[120.663829,14.778957],[120.655772,14.781236],[120.6421,14.787014],[120.632091,14.795478],[120.628103,14.807685],[120.628917,14.842027],[120.627208,14.85871],[120.621267,14.87287],[120.619884,14.840481],[120.621267,14.831855],[120.618337,14.828315],[120.607595,14.818264],[120.603852,14.824937],[120.600922,14.825629],[120.593923,14.818264],[120.605724,14.884833],[120.601329,14.900824],[120.585704,14.902818],[120.577322,14.88349],[120.573497,14.838772],[120.552745,14.849921],[120.545177,14.836859],[120.545421,14.827094],[120.546153,14.787828],[120.536469,14.723212],[120.539317,14.702826],[120.57838,14.65941],[120.582205,14.648261],[120.576915,14.636949],[120.574962,14.621649],[120.593923,14.550727],[120.597911,14.505601],[120.58839,14.466986],[120.564626,14.44123],[120.526215,14.434638],[120.516856,14.437201],[120.509776,14.440823],[120.502208,14.443183],[120.491466,14.442084],[120.488455,14.437934],[120.486827,14.430732],[120.481456,14.423977],[120.467052,14.421047],[120.463227,14.424262],[120.46046,14.431545],[120.455903,14.438788],[120.410167,14.452053],[120.40211,14.455756],[120.382009,14.480292],[120.376801,14.508205],[120.381602,14.568101],[120.37794,14.602037],[120.367361,14.620754],[120.326427,14.647528],[120.315196,14.641303],[120.304942,14.64057],[120.296886,14.644843],[120.292247,14.653754],[120.285411,14.653754],[120.253184,14.698635],[120.242361,14.729641],[120.260916,14.74372],[120.272634,14.747056],[120.265147,14.754584],[120.243907,14.767035],[120.247325,14.778062],[120.255382,14.787055],[120.264659,14.795152],[120.271739,14.803941],[120.27768,14.80272],[120.283376,14.806708],[120.288341,14.814765],[120.292247,14.82567],[120.275727,14.827135],[120.267751,14.829535],[120.264334,14.835354],[120.263357,14.846584],[120.259776,14.851508],[120.252615,14.852607],[120.240733,14.852362],[120.230317,14.859809],[120.220225,14.873358],[120.209321,14.880032],[120.196056,14.866645],[120.201427,14.843085],[120.197113,14.80801],[120.187266,14.77497],[120.175548,14.757392],[120.161794,14.756415],[120.143565,14.760403],[120.127778,14.767035],[120.120942,14.773871],[120.115733,14.785468],[120.090099,14.794338],[120.079926,14.803941],[120.088227,14.80744],[120.093435,14.811835],[120.096934,14.817613],[120.100434,14.82567],[120.095958,14.823472],[120.079926,14.818264],[120.056651,14.893256],[120.049815,14.93122],[120.056814,15.022162],[120.052989,15.062445],[120.018077,15.206122],[120.008311,15.215481],[120.002452,15.219672],[120.001964,15.229438],[120.004893,15.246812],[120.005138,15.269436],[120.001231,15.277411],[119.980642,15.307807],[119.963878,15.34101],[119.95338,15.356391],[119.896983,15.41059],[119.888194,15.429023],[119.89088,15.437445],[119.905447,15.446763],[119.908702,15.452297],[119.908214,15.461615],[119.906993,15.468655],[119.901866,15.482978],[119.920665,15.471503],[119.940929,15.475775],[119.957286,15.491441],[119.963878,15.51435],[119.962087,15.521308],[119.957286,15.528876],[119.951671,15.535061],[119.946544,15.537584],[119.944102,15.542548],[119.941742,15.553616],[119.937348,15.565579],[119.92921,15.572984],[119.927745,15.568671],[119.922374,15.558743],[119.904307,15.597073],[119.901866,15.610256],[119.904552,15.621283],[119.917654,15.647447],[119.922374,15.661119],[119.919688,15.690334],[119.902517,15.704657],[119.881358,15.717719],[119.867198,15.743069],[119.889415,15.748033],[119.894054,15.763902],[119.888194,15.805732],[119.891775,15.822984],[119.896251,15.83747],[119.898611,15.853176],[119.89503,15.87401],[119.878917,15.91474],[119.867198,15.935004],[119.854015,15.949164],[119.828298,15.955715],[119.812511,15.941881],[119.800141,15.926663],[119.785167,15.928656],[119.782074,15.924791],[119.770844,15.914984],[119.75587,15.944566],[119.757823,16.058987],[119.760265,16.075588],[119.774913,16.117987],[119.778331,16.137844],[119.775157,16.146877],[119.760997,16.162014],[119.757823,16.172268],[119.755707,16.203437],[119.757823,16.216702],[119.776052,16.280748],[119.781912,16.322252],[119.790782,16.341864],[119.801931,16.357856],[119.812511,16.367499],[119.817068,16.368313],[119.82838,16.366604],[119.832856,16.367499],[119.84962,16.378892],[119.854015,16.381171],[119.870291,16.385403],[119.891612,16.387356],[119.916352,16.380845],[119.925792,16.364976],[119.925792,16.34512],[119.901866,16.2508],[119.914806,16.242499],[119.960216,16.231431],[119.970225,16.226549],[119.976248,16.218248],[120.005138,16.188422],[120.015147,16.181871],[120.037364,16.182359],[120.050059,16.180854],[120.061534,16.173],[120.079926,16.154527],[120.087738,16.157213],[120.091156,16.153469],[120.100434,16.089748],[120.105642,16.069648],[120.119151,16.055732],[120.138845,16.046129],[120.185313,16.033393],[120.208507,16.03266],[120.229828,16.037299],[120.247813,16.048489],[120.25766,16.052191],[120.292247,16.055609],[120.306651,16.044664],[120.299083,16.017401],[120.311371,16.027086],[120.322765,16.04857],[120.333832,16.058987],[120.340831,16.054877],[120.35255,16.05272],[120.363292,16.055487],[120.367361,16.065823],[120.361013,16.073188],[120.348155,16.070299],[120.334646,16.065253],[120.326427,16.065823],[120.329356,16.079495],[120.365245,16.10871],[120.374197,16.123847],[120.378591,16.134101],[120.397716,16.154039],[120.40211,16.165473],[120.40211,16.205756],[120.397472,16.22899],[120.385509,16.251939],[120.35377,16.291693],[120.35377,16.271308],[120.348643,16.279527],[120.342052,16.28559],[120.336274,16.292182],[120.312185,16.456204],[120.299083,16.493801],[120.306651,16.544989],[120.297862,16.568915],[120.28419,16.592963],[120.276134,16.611884],[120.285411,16.620673],[120.285411,16.616848],[120.288422,16.614569],[120.295258,16.613715],[120.306651,16.613918],[120.306651,16.620673],[120.301443,16.633205],[120.302501,16.654975],[120.307872,16.67768],[120.325938,16.712592],[120.323416,16.733832],[120.316173,16.755805],[120.312185,16.777777],[120.31365,16.799628],[120.315766,16.809272],[120.319591,16.819322],[120.326427,16.830959],[120.333507,16.836982],[120.341563,16.841946],[120.350597,16.850328],[120.427257,16.9619],[120.434093,16.982123],[120.43629,17.008002],[120.416352,17.179348],[120.414236,17.184312],[120.404307,17.19831],[120.40211,17.206692],[120.403087,17.221625],[120.412364,17.264594],[120.408214,17.322699],[120.411388,17.328315],[120.429454,17.347561],[120.437511,17.358832],[120.441742,17.367987],[120.44337,17.377102],[120.443696,17.388495],[120.435232,17.422797],[120.401703,17.497016],[120.40211,17.518866],[120.357921,17.53026],[120.340831,17.538764],[120.333832,17.556383],[120.353201,17.678127],[120.363536,17.687161],[120.384776,17.690131],[120.402354,17.696967],[120.412446,17.712836],[120.416677,17.731024],[120.416352,17.744778],[120.408214,17.759996],[120.397146,17.770738],[120.391287,17.78144],[120.398692,17.796332],[120.422618,17.823554],[120.427908,17.838121],[120.429454,17.860826],[120.425304,17.902411],[120.427908,17.916653],[120.451671,17.948879],[120.472667,17.991604],[120.477224,18.004828],[120.478282,18.021796],[120.476817,18.043647],[120.472992,18.064276],[120.467052,18.077135],[120.470063,18.09101],[120.526215,18.204088],[120.523448,18.202541],[120.520274,18.206041],[120.517914,18.212104],[120.518077,18.217719],[120.520844,18.219631],[120.525564,18.221259],[120.529959,18.223538],[120.531912,18.227362],[120.536143,18.239814],[120.566091,18.292222],[120.579112,18.325141],[120.586192,18.364488],[120.584972,18.405463],[120.573497,18.443061],[120.561778,18.469672],[120.560802,18.486762],[120.57016,18.501776],[120.590505,18.522162],[120.611095,18.53856],[120.627126,18.54149],[120.669688,18.532416],[120.690684,18.53441],[120.735362,18.549302],[120.754242,18.552924],[120.770844,18.561469],[120.775645,18.581366],[120.77589,18.604315],[120.778982,18.621812],[120.792735,18.636135],[120.812999,18.644517],[120.834239,18.645941],[120.850841,18.638861],[120.865896,18.620307],[120.891856,18.579901],[120.90919,18.567206],[120.926931,18.56623],[120.947032,18.572008],[120.963878,18.581366],[120.970551,18.590766],[120.97877,18.598293],[121.018321,18.617092],[121.032725,18.621812],[121.042491,18.622301],[121.063324,18.620673],[121.073009,18.621812],[121.083344,18.627997],[121.094981,18.63703],[121.106781,18.642727],[121.118175,18.638861],[121.12615,18.634101],[121.137055,18.630927],[121.159353,18.628648],[121.170665,18.625474],[121.177419,18.617825],[121.182628,18.608832],[121.190278,18.601304],[121.239919,18.577704],[121.266287,18.554877],[121.364024,18.506415],[121.378184,18.494859],[121.391856,18.486314],[121.424083,18.47724],[121.498302,18.429389],[121.506114,18.426663],[121.519786,18.425116],[121.526134,18.422553],[121.532563,18.415961],[121.538829,18.40705],[121.54656,18.399237],[121.592052,18.384711],[121.613292,18.35932],[121.629649,18.331692],[121.649669,18.313951],[121.649669,18.320217],[121.634613,18.33454],[121.634939,18.355129],[121.64503,18.369452],[121.659679,18.364814],[121.672862,18.354967],[121.852794,18.287991],[121.895518,18.279202],[121.917328,18.278632],[121.97462,18.286038],[121.986827,18.290432],[122.039561,18.320217],[122.078624,18.379462],[122.091319,18.389065],[122.111583,18.392768],[122.119314,18.403022],[122.122081,18.436835],[122.145763,18.507392],[122.152843,18.518785],[122.199392,18.522854],[122.220225,18.522406],[122.235362,18.515367],[122.243175,18.499823],[122.247081,18.459784],[122.25172,18.443061],[122.260509,18.432278],[122.288097,18.409247],[122.297211,18.403876],[122.317149,18.377427],[122.324962,18.336615],[122.32016,18.292548],[122.306977,18.251288],[122.288585,18.218207],[122.262706,18.186103],[122.246755,18.171942],[122.213715,18.14997],[122.180024,18.120754],[122.174327,18.113471],[122.16977,18.100491],[122.169119,18.088121],[122.171886,18.079413],[122.175548,18.071845],[122.177257,18.063178],[122.177257,18.029039],[122.183116,17.996487],[122.183442,17.984361],[122.140147,17.798285]]],[[[119.909841,16.421373],[119.918305,16.426907],[119.927745,16.427476],[119.934906,16.425523],[119.95696,16.397691],[119.959809,16.388983],[119.960297,16.376451],[119.955903,16.372382],[119.943696,16.379299],[119.930349,16.38052],[119.926117,16.386542],[119.917247,16.389919],[119.909923,16.390937],[119.908295,16.396552],[119.907074,16.412258],[119.909841,16.421373]]],[[[121.443614,18.895494],[121.450531,18.888414],[121.458018,18.883938],[121.46697,18.881781],[121.477794,18.881903],[121.453624,18.865953],[121.431407,18.856147],[121.406749,18.850816],[121.318614,18.843207],[121.294932,18.846829],[121.279145,18.862006],[121.275238,18.875881],[121.28004,18.880561],[121.299571,18.881903],[121.353282,18.89883],[121.388438,18.902981],[121.416759,18.908149],[121.429861,18.905585],[121.443614,18.895494]]],[[[121.871593,18.950629],[121.874685,18.965033],[121.871593,18.971259],[121.879161,18.975409],[121.892589,18.996487],[121.902354,19.005357],[121.90797,19.004584],[121.91505,19.000637],[121.920909,18.998114],[121.923513,19.002021],[121.926606,19.003892],[121.941661,19.010728],[121.946625,19.012193],[121.955821,19.008857],[121.960704,19.000963],[121.96461,18.991889],[121.971202,18.984931],[121.983653,18.97484],[121.990896,18.961127],[121.989106,18.949123],[121.962576,18.938666],[121.942393,18.90998],[121.929698,18.895494],[121.895274,18.867662],[121.881033,18.850165],[121.875011,18.83039],[121.865733,18.821926],[121.847179,18.824368],[121.834158,18.834296],[121.840831,18.848334],[121.841075,18.86815],[121.861583,18.884019],[121.874848,18.900824],[121.853852,18.923489],[121.864106,18.934638],[121.871593,18.950629]]],[[[121.209239,19.050238],[121.196788,19.065497],[121.190278,19.087348],[121.192393,19.111721],[121.208181,19.153795],[121.210948,19.176703],[121.219737,19.17178],[121.225841,19.166205],[121.229828,19.159247],[121.238536,19.118394],[121.252208,19.081285],[121.258962,19.045722],[121.244965,19.018459],[121.209239,19.050238]]],[[[121.398936,19.303371],[121.393565,19.311225],[121.381602,19.334377],[121.349864,19.370307],[121.350841,19.375922],[121.367686,19.377997],[121.378917,19.383734],[121.395763,19.403266],[121.452403,19.384345],[121.470958,19.382148],[121.488943,19.385932],[121.504242,19.392279],[121.516612,19.393541],[121.526134,19.38227],[121.526134,19.334866],[121.525157,19.331366],[121.524669,19.327867],[121.526134,19.320705],[121.537852,19.306789],[121.539806,19.303371],[121.540863,19.300116],[121.543305,19.295885],[121.545584,19.290269],[121.546723,19.282864],[121.543305,19.278876],[121.535167,19.278754],[121.52589,19.279731],[121.518728,19.27912],[121.512706,19.273993],[121.510102,19.267646],[121.506684,19.262152],[121.498302,19.259263],[121.470958,19.269232],[121.46461,19.27497],[121.42628,19.296536],[121.421153,19.297919],[121.41391,19.297593],[121.406016,19.298529],[121.398936,19.303371]]],[[[121.504568,19.431789],[121.503184,19.438178],[121.506928,19.451077],[121.514008,19.43712],[121.515717,19.431749],[121.51352,19.424669],[121.510671,19.424547],[121.504568,19.431789]]],[[[121.83839,20.340766],[121.841645,20.346015],[121.859386,20.347357],[121.879405,20.333441],[121.89324,20.313666],[121.8921,20.297349],[121.869314,20.27619],[121.861827,20.273749],[121.850841,20.273424],[121.839203,20.320787],[121.837657,20.33393],[121.83839,20.340766]]],[[[121.797211,20.319851],[121.808442,20.338243],[121.815847,20.317369],[121.810232,20.308987],[121.808767,20.301866],[121.804047,20.30032],[121.796641,20.307766],[121.797211,20.319851]]],[[[121.851736,20.718573],[121.829845,20.698961],[121.803396,20.691148],[121.786388,20.70307],[121.791189,20.730048],[121.805431,20.758979],[121.823741,20.786811],[121.837657,20.820258],[121.845876,20.831366],[121.855805,20.838324],[121.865977,20.838202],[121.874848,20.827826],[121.879242,20.814032],[121.880707,20.799384],[121.879893,20.784491],[121.877208,20.770331],[121.867686,20.744289],[121.851736,20.718573]]],[[[121.936697,21.065619],[121.929698,21.064521],[121.934825,21.073228],[121.936697,21.065619]]],[[[121.598155,21.952257],[121.601248,21.95718],[121.605724,21.953681],[121.60255,21.948798],[121.598155,21.952257]]],[[[121.566905,22.007758],[121.53891,22.018215],[121.513194,22.035061],[121.498302,22.048041],[121.502778,22.057563],[121.502615,22.066555],[121.49879,22.074774],[121.492035,22.08218],[121.56658,22.08218],[121.56658,22.075995],[121.564626,22.07217],[121.561371,22.063666],[121.560069,22.053534],[121.563487,22.044623],[121.581065,22.032213],[121.588878,22.023505],[121.587657,22.013861],[121.566905,22.007758]]],[[[120.35019,22.341417],[120.360769,22.353827],[120.368582,22.353827],[120.371104,22.355496],[120.372325,22.353827],[120.373057,22.353827],[120.373871,22.351874],[120.378917,22.345038],[120.377126,22.343492],[120.377696,22.341742],[120.367442,22.335313],[120.36614,22.334215],[120.359793,22.329535],[120.348318,22.320339],[120.348237,22.321072],[120.348155,22.32095],[120.345063,22.331814],[120.350271,22.341132],[120.35019,22.341417]]],[[[121.502778,22.669501],[121.499766,22.655666],[121.496349,22.650051],[121.494965,22.644192],[121.496349,22.638495],[121.496104,22.63467],[121.493175,22.635403],[121.486583,22.635403],[121.483165,22.636135],[121.481456,22.638088],[121.471446,22.641791],[121.460704,22.659003],[121.455414,22.673814],[121.45753,22.67593],[121.495779,22.678534],[121.500011,22.676256],[121.502778,22.669501]]],[[[120.043224,23.044582],[120.034679,23.051703],[120.02825,23.066189],[120.029307,23.070705],[120.031993,23.070787],[120.03533,23.066555],[120.037852,23.060045],[120.046072,23.052273],[120.045584,23.048896],[120.043224,23.044582]]],[[[120.052257,23.16767],[120.053722,23.167548],[120.048513,23.149604],[120.047618,23.145413],[120.03655,23.120958],[120.036306,23.121446],[120.051443,23.168158],[120.052257,23.16767]]],[[[119.436046,23.219713],[119.436697,23.212388],[119.435639,23.206692],[119.431082,23.202786],[119.424978,23.194932],[119.418305,23.191799],[119.413341,23.196967],[119.407644,23.213446],[119.411306,23.21776],[119.42571,23.222357],[119.436046,23.219713]]],[[[120.060395,23.190212],[120.074148,23.224595],[120.076182,23.22484],[120.076834,23.218533],[120.060639,23.190212],[120.060395,23.190212]]],[[[119.413748,23.247585],[119.420665,23.236802],[119.414154,23.225979],[119.405691,23.228298],[119.39796,23.236762],[119.396983,23.24551],[119.401541,23.249376],[119.413748,23.247585]]],[[[119.604666,23.247829],[119.604421,23.247992],[119.60434,23.248155],[119.600271,23.252794],[119.601899,23.253404],[119.601329,23.25495],[119.607514,23.255479],[119.608653,23.255886],[119.610688,23.255723],[119.612478,23.253201],[119.611664,23.251817],[119.613943,23.248765],[119.609548,23.248358],[119.609386,23.248033],[119.606375,23.248033],[119.604666,23.247829]]],[[[119.659272,23.264065],[119.660655,23.263332],[119.669281,23.263332],[119.667817,23.25967],[119.669281,23.258857],[119.665212,23.25373],[119.662283,23.247219],[119.660167,23.252468],[119.658132,23.256985],[119.658865,23.263332],[119.65919,23.263332],[119.659272,23.264065]]],[[[119.611176,23.257148],[119.61085,23.256496],[119.609386,23.256496],[119.610118,23.258979],[119.611176,23.257148]]],[[[119.652517,23.261461],[119.650564,23.262193],[119.648529,23.262397],[119.648936,23.262763],[119.647716,23.263251],[119.649425,23.263292],[119.652273,23.265937],[119.651622,23.263332],[119.652517,23.263332],[119.652517,23.261461]]],[[[119.497406,23.268378],[119.501882,23.274604],[119.504242,23.271186],[119.497406,23.268378]]],[[[120.087576,23.296658],[120.08489,23.268663],[120.083669,23.260037],[120.083263,23.260403],[120.085623,23.297268],[120.087576,23.296658]]],[[[120.106293,23.321194],[120.109874,23.329291],[120.113862,23.334621],[120.116303,23.33275],[120.11671,23.328966],[120.111257,23.322252],[120.105479,23.311184],[120.098725,23.306545],[120.097341,23.31037],[120.106293,23.321194]]],[[[119.328054,23.319932],[119.326671,23.325263],[119.329682,23.323391],[119.329438,23.31981],[119.328054,23.319932]]],[[[120.114106,23.355373],[120.110444,23.351426],[120.111257,23.357774],[120.118907,23.370917],[120.122325,23.372219],[120.120453,23.36579],[120.114106,23.355373]]],[[[119.527029,23.37523],[119.532725,23.372016],[119.531912,23.367621],[119.528575,23.366889],[119.525564,23.367011],[119.514171,23.360989],[119.512706,23.362209],[119.514171,23.366929],[119.51824,23.372097],[119.521088,23.37405],[119.527029,23.37523]]],[[[119.505219,23.375271],[119.507823,23.372911],[119.5053,23.367499],[119.500987,23.36343],[119.501313,23.360216],[119.503103,23.356676],[119.497569,23.354682],[119.485525,23.35574],[119.479584,23.35814],[119.485037,23.368964],[119.48406,23.383572],[119.480724,23.381415],[119.473155,23.37934],[119.470958,23.387397],[119.478689,23.405097],[119.484955,23.406317],[119.495291,23.393541],[119.497732,23.393012],[119.499929,23.390855],[119.500336,23.382676],[119.502208,23.377265],[119.505219,23.375271]]],[[[120.134451,23.390652],[120.132742,23.386827],[120.132416,23.386746],[120.132416,23.402167],[120.134207,23.400702],[120.134451,23.390652]]],[[[120.13559,23.416002],[120.135102,23.414944],[120.133149,23.421983],[120.137625,23.420844],[120.137543,23.420722],[120.137869,23.42064],[120.135916,23.414781],[120.13559,23.416002]]],[[[120.132986,23.441921],[120.131033,23.43712],[120.127126,23.443061],[120.12615,23.444525],[120.132416,23.443061],[120.132172,23.442206],[120.132986,23.441921]]],[[[119.515636,23.495144],[119.515798,23.495307],[119.524425,23.499172],[119.533865,23.497423],[119.533621,23.497341],[119.534434,23.49726],[119.524832,23.491319],[119.523367,23.490912],[119.522146,23.489895],[119.519542,23.489691],[119.514334,23.487942],[119.505626,23.483832],[119.504568,23.485256],[119.500987,23.485745],[119.499685,23.492051],[119.500255,23.492458],[119.500011,23.492784],[119.500336,23.49258],[119.502289,23.494127],[119.509288,23.492214],[119.51059,23.493191],[119.514496,23.494737],[119.515636,23.495144]]],[[[120.007656,23.432594],[120.021861,23.451644],[120.074932,23.500818],[120.115251,23.547912],[120.12477,23.550454],[120.090301,23.499396],[120.07345,23.483814],[120.062272,23.471279],[120.047912,23.458085],[120.036595,23.450809],[120.019542,23.438381],[120.007656,23.432594]]],[[[119.587169,23.548814],[119.577891,23.551988],[119.570567,23.556057],[119.564626,23.561672],[119.559255,23.569322],[119.55714,23.566107],[119.55714,23.565009],[119.556407,23.564399],[119.552419,23.562486],[119.551524,23.576483],[119.552419,23.590399],[119.559255,23.590399],[119.567231,23.588528],[119.59547,23.604722],[119.613129,23.610297],[119.608409,23.594875],[119.606293,23.590399],[119.621593,23.594672],[119.633311,23.593492],[119.641856,23.594062],[119.64796,23.603461],[119.665782,23.57331],[119.670665,23.559231],[119.668468,23.548814],[119.661143,23.555732],[119.651378,23.561591],[119.640636,23.563544],[119.625662,23.555813],[119.615001,23.554633],[119.609711,23.551947],[119.606781,23.54682],[119.602712,23.53262],[119.600108,23.528388],[119.582367,23.518948],[119.563975,23.516588],[119.545584,23.523098],[119.52711,23.539984],[119.531993,23.548814],[119.542166,23.537584],[119.557384,23.534613],[119.573741,23.538764],[119.587169,23.548814]]],[[[121.852794,24.530992],[121.830089,24.519232],[121.82838,24.510728],[121.831309,24.500393],[121.837738,24.491034],[121.840017,24.48135],[121.830414,24.473131],[121.806814,24.460639],[121.78004,24.432685],[121.779145,24.42178],[121.780772,24.39761],[121.776378,24.388332],[121.771495,24.380561],[121.768403,24.369371],[121.766449,24.347357],[121.764334,24.341702],[121.760509,24.337104],[121.758556,24.332343],[121.762543,24.326606],[121.763357,24.325792],[121.76588,24.323188],[121.769298,24.318061],[121.771983,24.312934],[121.772716,24.309231],[121.767426,24.30093],[121.745291,24.281236],[121.721446,24.251166],[121.703868,24.238349],[121.698253,24.231513],[121.700938,24.224189],[121.697765,24.21898],[121.672374,24.201483],[121.662852,24.193101],[121.652192,24.172187],[121.641287,24.129869],[121.613048,24.092108],[121.607432,24.07685],[121.608165,24.060492],[121.615001,24.042304],[121.620779,24.034613],[121.625743,24.030951],[121.628917,24.02619],[121.629161,24.01496],[121.625011,24.002387],[121.611095,23.982489],[121.608165,23.970364],[121.6067,23.948065],[121.594493,23.891506],[121.570323,23.832099],[121.539806,23.692816],[121.521495,23.658677],[121.479503,23.435207],[121.462169,23.343004],[121.453624,23.325995],[121.426768,23.293118],[121.416759,23.276068],[121.408865,23.254584],[121.403331,23.214748],[121.403819,23.179267],[121.400076,23.145494],[121.381602,23.110663],[121.373709,23.103217],[121.355479,23.09101],[121.347423,23.083319],[121.343435,23.075385],[121.337087,23.05508],[121.318858,23.025539],[121.307628,22.979804],[121.299571,22.959174],[121.260509,22.907294],[121.255626,22.897773],[121.20281,22.856513],[121.190278,22.843166],[121.188487,22.83393],[121.190929,22.811957],[121.190278,22.802151],[121.185557,22.790961],[121.177419,22.778632],[121.159353,22.757473],[121.141449,22.741767],[121.080251,22.704088],[121.039073,22.662421],[121.029063,22.657538],[121.021007,22.647895],[121.00115,22.600775],[120.991222,22.583075],[120.960623,22.547797],[120.948253,22.526801],[120.941091,22.483629],[120.922862,22.42475],[120.886567,22.365953],[120.881358,22.345933],[120.875011,22.289252],[120.875987,22.237698],[120.879242,22.055813],[120.873302,22.029975],[120.863617,22.008938],[120.850841,22.00023],[120.835704,21.98725],[120.836192,21.957709],[120.841563,21.925482],[120.840343,21.904608],[120.82309,21.928616],[120.797374,21.946763],[120.767426,21.959296],[120.737315,21.966132],[120.736095,21.942816],[120.727306,21.934475],[120.714366,21.937486],[120.700369,21.948432],[120.699555,21.956692],[120.704356,21.981391],[120.68336,22.013861],[120.681651,22.022528],[120.681895,22.029608],[120.68336,22.041205],[120.68336,22.079047],[120.685557,22.090155],[120.694835,22.102607],[120.696951,22.113227],[120.621267,22.295071],[120.615001,22.304999],[120.593923,22.329169],[120.577322,22.363837],[120.569672,22.373847],[120.538748,22.39643],[120.526378,22.403022],[120.522227,22.404283],[120.518077,22.406968],[120.514415,22.420071],[120.511974,22.42475],[120.495291,22.43476],[120.457205,22.451606],[120.439952,22.462592],[120.421723,22.477362],[120.413259,22.482327],[120.40211,22.486802],[120.396007,22.486477],[120.389008,22.484076],[120.38087,22.483873],[120.331228,22.519721],[120.285167,22.580064],[120.333669,22.525946],[120.327973,22.551703],[120.319916,22.565823],[120.313487,22.577053],[120.293305,22.598293],[120.258962,22.62759],[120.245779,22.642524],[120.239594,22.659084],[120.247813,22.675238],[120.252126,22.689643],[120.246349,22.709906],[120.236176,22.729885],[120.21754,22.756741],[120.199962,22.792467],[120.196056,22.808336],[120.196462,22.81859],[120.202159,22.831244],[120.203461,22.839667],[120.201345,22.844143],[120.196462,22.84748],[120.191417,22.852037],[120.18922,22.860175],[120.178477,22.877346],[120.175548,22.884101],[120.167491,22.931871],[120.163829,22.953843],[120.156912,22.966539],[120.1421,22.980292],[120.160167,22.992133],[120.170258,23.013373],[120.166189,23.031724],[120.1421,23.034898],[120.137462,23.028388],[120.133474,23.016547],[120.12672,23.007148],[120.114106,23.007636],[120.109141,23.015448],[120.111013,23.039984],[120.107921,23.04857],[120.092459,23.054755],[120.083751,23.047553],[120.076671,23.037421],[120.066254,23.034898],[120.055186,23.043687],[120.052419,23.055813],[120.054942,23.067776],[120.059418,23.075873],[120.070567,23.081204],[120.084727,23.082953],[120.096446,23.086412],[120.100434,23.096991],[120.094981,23.102484],[120.059418,23.110663],[120.059418,23.117499],[120.089203,23.117743],[120.086274,23.126939],[120.070079,23.139797],[120.059418,23.151028],[120.062022,23.165025],[120.071544,23.169989],[120.081879,23.173163],[120.086925,23.182034],[120.083832,23.195746],[120.078624,23.206977],[120.082159,23.217292],[120.087444,23.230288],[120.096098,23.239491],[120.094249,23.247504],[120.096039,23.255357],[120.108897,23.286689],[120.114919,23.292711],[120.124685,23.294989],[120.110494,23.303699],[120.116527,23.317897],[120.13118,23.31881],[120.143565,23.323879],[120.148936,23.322252],[120.145763,23.333319],[120.137341,23.327734],[120.130284,23.329335],[120.120942,23.329739],[120.120779,23.341254],[120.130149,23.36096],[120.144164,23.361854],[120.164577,23.361711],[120.150645,23.398139],[120.134776,23.426256],[120.1421,23.438951],[120.1421,23.445787],[120.130544,23.450995],[120.132091,23.456977],[120.138682,23.46426],[120.1421,23.47309],[120.157544,23.491476],[120.125029,23.489611],[120.124262,23.520021],[120.141689,23.537947],[120.140868,23.595263],[120.143609,23.638036],[120.15423,23.672212],[120.170805,23.698902],[120.175548,23.733832],[120.184418,23.76439],[120.18922,23.774807],[120.212657,23.803168],[120.216563,23.812649],[120.219493,23.817939],[120.240733,23.832831],[120.246755,23.843411],[120.25294,23.868069],[120.257498,23.878404],[120.284434,23.902004],[120.292247,23.911933],[120.302501,23.93887],[120.318126,23.965806],[120.340099,24.021796],[120.350352,24.038072],[120.361827,24.048529],[120.371267,24.054348],[120.379568,24.05801],[120.385509,24.063056],[120.387869,24.07331],[120.392345,24.082913],[120.411876,24.09691],[120.416352,24.107489],[120.41863,24.142524],[120.422048,24.152167],[120.432302,24.161078],[120.475434,24.207099],[120.477794,24.209662],[120.480642,24.221096],[120.493175,24.230658],[120.501638,24.252875],[120.511974,24.295559],[120.547374,24.351549],[120.558116,24.385891],[120.570811,24.404934],[120.621349,24.456],[120.648936,24.483873],[120.656016,24.49787],[120.659353,24.520697],[120.667735,24.540025],[120.690196,24.576117],[120.6963,24.597724],[120.702159,24.607001],[120.727875,24.613918],[120.735118,24.621243],[120.739431,24.630357],[120.74464,24.638821],[120.76059,24.653957],[120.778087,24.665717],[120.799327,24.670803],[120.826671,24.666083],[120.823009,24.685045],[120.833344,24.697821],[120.847504,24.710842],[120.854503,24.730658],[120.857677,24.737006],[120.871349,24.743232],[120.876964,24.761908],[120.898123,24.801174],[120.906423,24.811469],[120.90919,24.816881],[120.909028,24.82274],[120.906505,24.829088],[120.902354,24.836819],[120.908051,24.847073],[120.914643,24.85342],[120.914887,24.853705],[120.920584,24.861396],[120.922862,24.874661],[120.926036,24.884711],[120.93393,24.894599],[120.944021,24.902045],[120.953624,24.905015],[120.95281,24.909247],[120.955333,24.919379],[120.963878,24.940416],[120.97169,24.951768],[121.005544,25.000678],[121.031993,25.029242],[121.059337,25.050238],[121.129405,25.071112],[121.145763,25.08039],[121.159841,25.09162],[121.176931,25.100043],[121.210948,25.111151],[121.287446,25.123684],[121.330251,25.130683],[121.348318,25.137112],[121.371755,25.154771],[121.378754,25.157945],[121.38738,25.159329],[121.398936,25.159491],[121.412283,25.155463],[121.419444,25.146389],[121.424083,25.136908],[121.430024,25.131578],[121.443207,25.13642],[121.429454,25.155992],[121.4074,25.176215],[121.395763,25.182807],[121.399099,25.192125],[121.406016,25.197333],[121.413259,25.200426],[121.41627,25.203599],[121.424164,25.22134],[121.43629,25.241441],[121.461274,25.261908],[121.497813,25.278754],[121.539724,25.287421],[121.580821,25.283026],[121.597911,25.27143],[121.635997,25.222805],[121.649669,25.197089],[121.654145,25.198798],[121.664399,25.201361],[121.676117,25.202582],[121.684418,25.200507],[121.68393,25.197455],[121.679942,25.19302],[121.676117,25.186916],[121.676443,25.179389],[121.680512,25.175035],[121.694591,25.166083],[121.69752,25.162584],[121.703868,25.156887],[121.718516,25.152004],[121.892833,25.113674],[121.905121,25.106594],[121.898936,25.09398],[121.897227,25.083889],[121.899913,25.065985],[121.90919,25.036038],[121.9192,25.02204],[121.927257,25.018704],[121.953868,25.022366],[121.96754,25.021064],[121.983572,25.017157],[121.997732,25.010688],[122.005382,25.001899],[121.926768,24.96662],[121.905772,24.9501],[121.834727,24.871527],[121.823497,24.854926],[121.814626,24.831732],[121.808849,24.805162],[121.806814,24.778754],[121.807791,24.753119],[121.820323,24.699652],[121.819591,24.685981],[121.81422,24.672309],[121.814952,24.644355],[121.827973,24.622789],[121.852712,24.608873],[121.881847,24.60399],[121.881847,24.597805],[121.869477,24.598944],[121.857758,24.597846],[121.847911,24.594916],[121.840831,24.590318],[121.850841,24.572984],[121.855968,24.550523],[121.852794,24.530992]]],[[[119.476817,23.586819],[119.477061,23.603461],[119.489431,23.639635],[119.501313,23.650377],[119.517345,23.6376],[119.507823,23.632392],[119.501231,23.619818],[119.490733,23.590399],[119.490245,23.582465],[119.492849,23.575751],[119.49171,23.571031],[119.480235,23.569322],[119.471934,23.569037],[119.466075,23.568061],[119.461192,23.565985],[119.456554,23.562486],[119.442393,23.562486],[119.444835,23.56977],[119.449474,23.574123],[119.456554,23.576158],[119.466156,23.576809],[119.474457,23.579739],[119.476817,23.586819]]],[[[119.590668,23.632799],[119.585134,23.624742],[119.576834,23.622504],[119.572602,23.627672],[119.569347,23.639716],[119.561778,23.649848],[119.545258,23.664944],[119.566417,23.679185],[119.578868,23.673082],[119.591075,23.66352],[119.596202,23.653266],[119.586925,23.645006],[119.590668,23.632799]]],[[[119.593435,23.728746],[119.589203,23.738023],[119.59018,23.739569],[119.588471,23.742987],[119.594981,23.74787],[119.59905,23.755235],[119.601329,23.758328],[119.602875,23.756008],[119.603201,23.754788],[119.612804,23.749823],[119.611257,23.743557],[119.602712,23.739122],[119.595307,23.73078],[119.594086,23.727484],[119.593679,23.72899],[119.593435,23.728746]]],[[[121.93393,24.83926],[121.932465,24.841376],[121.93214,24.841417],[121.927257,24.848578],[121.931,24.847439],[121.94044,24.852362],[121.94101,24.853095],[121.941661,24.853013],[121.942068,24.853217],[121.942963,24.85281],[121.950287,24.851671],[121.953949,24.846381],[121.956391,24.844224],[121.953624,24.836168],[121.939057,24.836615],[121.93393,24.83926]]],[[[119.469493,24.995754],[119.476085,24.9949],[119.476899,24.988308],[119.473643,24.980862],[119.462901,24.975898],[119.457937,24.980048],[119.460378,24.99079],[119.469493,24.995754]]],[[[119.458181,25.241116],[119.470388,25.252183],[119.476085,25.250556],[119.481456,25.245022],[119.486664,25.244859],[119.49171,25.2414],[119.49643,25.23135],[119.502615,25.221015],[119.511974,25.213446],[119.522797,25.208441],[119.534028,25.207221],[119.543468,25.209377],[119.551036,25.209459],[119.561046,25.208645],[119.567556,25.204901],[119.563243,25.198798],[119.553396,25.195258],[119.548188,25.185981],[119.548676,25.172431],[119.542166,25.165351],[119.528982,25.165351],[119.517345,25.171454],[119.510916,25.182318],[119.51295,25.191392],[119.512706,25.198798],[119.503266,25.203803],[119.492931,25.200507],[119.488943,25.196275],[119.461192,25.203315],[119.449474,25.214342],[119.444672,25.229071],[119.446544,25.235989],[119.454356,25.238471],[119.458181,25.241116]]],[[[119.697765,25.45661],[119.70102,25.459947],[119.708995,25.465644],[119.711762,25.46955],[119.71225,25.473578],[119.71225,25.480211],[119.711599,25.486233],[119.709972,25.48786],[119.69988,25.482327],[119.68922,25.480455],[119.678477,25.482327],[119.668468,25.48786],[119.677745,25.501207],[119.686209,25.507717],[119.696056,25.509345],[119.748546,25.50259],[119.766368,25.506252],[119.778331,25.52204],[119.7588,25.530748],[119.726329,25.525133],[119.716156,25.536322],[119.717621,25.544908],[119.730479,25.581],[119.727061,25.590888],[119.718761,25.591254],[119.709239,25.585598],[119.702647,25.577297],[119.692719,25.594224],[119.698741,25.612616],[119.713634,25.630601],[119.730479,25.646145],[119.745453,25.649075],[119.750499,25.652981],[119.76352,25.659491],[119.781749,25.659166],[119.777029,25.652086],[119.77589,25.635728],[119.780284,25.617418],[119.792003,25.60456],[119.803722,25.610745],[119.813487,25.608832],[119.822927,25.601386],[119.832856,25.590888],[119.816905,25.57982],[119.830089,25.572008],[119.855154,25.565131],[119.874522,25.556789],[119.862478,25.546291],[119.846528,25.536322],[119.834483,25.54914],[119.818614,25.545803],[119.804698,25.53262],[119.798839,25.515815],[119.806407,25.495836],[119.839692,25.479153],[119.846528,25.461168],[119.821056,25.467515],[119.794607,25.463039],[119.771983,25.450588],[119.757823,25.433254],[119.757335,25.421332],[119.76002,25.410631],[119.757335,25.404934],[119.739919,25.407782],[119.722179,25.413804],[119.703868,25.42357],[119.693044,25.437649],[119.697765,25.45661]]],[[[119.714529,25.640245],[119.683035,25.638129],[119.676606,25.636461],[119.670746,25.639553],[119.665375,25.644273],[119.669851,25.652574],[119.677094,25.655666],[119.681,25.651842],[119.717052,25.663926],[119.719412,25.657294],[119.718761,25.645575],[119.714529,25.640245]]],[[[119.593435,25.661526],[119.596202,25.668362],[119.60434,25.668972],[119.608246,25.669704],[119.606944,25.65884],[119.596853,25.646348],[119.591319,25.642117],[119.584809,25.638373],[119.577729,25.631578],[119.57545,25.631578],[119.573904,25.632799],[119.5713,25.63467],[119.5678,25.635281],[119.563406,25.63699],[119.559093,25.643663],[119.564138,25.645331],[119.56544,25.649034],[119.566905,25.645779],[119.571869,25.640245],[119.577729,25.650417],[119.585623,25.655137],[119.587738,25.660305],[119.593435,25.661526]]],[[[119.989431,25.961453],[119.981863,25.954495],[119.975352,25.951646],[119.966563,25.947414],[119.975841,25.966742],[119.985281,25.964871],[119.98585,25.968126],[119.990082,25.969306],[119.989431,25.961453]]],[[[119.941987,25.980902],[119.952403,25.97606],[119.945079,25.972317],[119.937348,25.964871],[119.928559,25.976671],[119.941987,25.980902]]],[[[119.638927,26.088568],[119.644054,26.078437],[119.638845,26.070502],[119.620372,26.064195],[119.565278,26.080471],[119.553966,26.095649],[119.57488,26.119534],[119.599376,26.128119],[119.613129,26.121161],[119.626964,26.107896],[119.638927,26.088568]]],[[[119.964285,26.160549],[119.953461,26.149685],[119.932628,26.139919],[119.92628,26.138983],[119.916677,26.144802],[119.913748,26.152981],[119.915619,26.16238],[119.919607,26.169338],[119.923595,26.169867],[119.923432,26.165229],[119.924571,26.162502],[119.932953,26.159817],[119.93686,26.158108],[119.953624,26.166856],[119.964041,26.166938],[119.964285,26.160549]]],[[[119.986176,26.216417],[119.981293,26.215237],[119.975678,26.209621],[119.971039,26.192369],[119.966889,26.194729],[119.965099,26.200019],[119.966807,26.214626],[119.968761,26.22012],[119.973074,26.22248],[119.983002,26.225409],[119.985688,26.228461],[119.99407,26.233059],[120.003591,26.231798],[120.008637,26.225002],[120.011892,26.223253],[120.014171,26.220364],[120.013357,26.216213],[120.011892,26.212755],[120.013845,26.208808],[120.01352,26.205797],[120.008637,26.209621],[120.003103,26.216864],[119.998871,26.219387],[119.989919,26.215074],[119.986176,26.216417]]],[[[120.482595,26.382514],[120.491059,26.388739],[120.500987,26.383653],[120.503347,26.379218],[120.50766,26.375922],[120.503347,26.374457],[120.501231,26.374986],[120.499034,26.3758],[120.496349,26.374376],[120.493744,26.371243],[120.489594,26.364122],[120.488373,26.365871],[120.483816,26.366604],[120.481375,26.367865],[120.476899,26.370103],[120.481049,26.375922],[120.479096,26.380683],[120.482595,26.382514]]],[[[120.032888,26.512966],[120.031912,26.515367],[120.032074,26.518704],[120.035411,26.521064],[120.040701,26.522162],[120.053071,26.52204],[120.05714,26.524807],[120.06186,26.524441],[120.06544,26.516872],[120.060802,26.501044],[120.055024,26.49844],[120.047211,26.498765],[120.035492,26.493069],[120.031423,26.493516],[120.027924,26.496365],[120.028901,26.502712],[120.031993,26.508938],[120.032888,26.512966]]],[[[120.149832,26.605536],[120.154063,26.605414],[120.158702,26.603949],[120.161632,26.60224],[120.163585,26.599026],[120.164887,26.594021],[120.164561,26.58926],[120.163015,26.585964],[120.160981,26.577338],[120.157725,26.575914],[120.153331,26.575181],[120.147309,26.57156],[120.132009,26.55626],[120.128591,26.556057],[120.117361,26.564765],[120.116384,26.569729],[120.134125,26.582424],[120.149832,26.605536]]],[[[119.760427,26.616278],[119.7671,26.624661],[119.770193,26.627021],[119.780772,26.627631],[119.786957,26.628852],[119.794607,26.632188],[119.798025,26.6317],[119.799571,26.629503],[119.80657,26.627875],[119.81365,26.623603],[119.807302,26.612942],[119.799978,26.613918],[119.792735,26.615139],[119.793956,26.614203],[119.790945,26.611436],[119.786713,26.609361],[119.775401,26.603909],[119.773123,26.606187],[119.764903,26.608832],[119.760427,26.616278]]],[[[119.696625,26.638495],[119.686046,26.639146],[119.67921,26.643297],[119.67449,26.644232],[119.669932,26.640041],[119.664073,26.641099],[119.657319,26.650743],[119.655121,26.661119],[119.657644,26.668077],[119.664968,26.670356],[119.715994,26.668362],[119.720551,26.663072],[119.72698,26.662665],[119.731944,26.674099],[119.735037,26.677273],[119.741791,26.679918],[119.750743,26.679348],[119.754812,26.676703],[119.75644,26.674872],[119.755707,26.669827],[119.749197,26.663438],[119.722341,26.650092],[119.715505,26.641669],[119.696625,26.638495]]],[[[119.919932,26.692694],[119.926687,26.692369],[119.939464,26.696926],[119.944102,26.69538],[119.942231,26.690945],[119.939382,26.685248],[119.93686,26.680854],[119.935557,26.677476],[119.940522,26.670071],[119.942393,26.663072],[119.93214,26.670478],[119.926443,26.669013],[119.926036,26.67357],[119.923595,26.679145],[119.910737,26.681545],[119.90447,26.686184],[119.905935,26.692369],[119.919932,26.692694]]],[[[120.309093,26.940497],[120.312999,26.938422],[120.314545,26.936143],[120.312022,26.931057],[120.297862,26.929063],[120.285411,26.934027],[120.292003,26.939399],[120.302664,26.941799],[120.309093,26.940497]]],[[[120.320242,26.958197],[120.322195,26.962104],[120.326182,26.961778],[120.337087,26.970038],[120.3449,26.971951],[120.350922,26.971177],[120.355317,26.968858],[120.357514,26.966051],[120.363048,26.963039],[120.368907,26.955675],[120.373871,26.94359],[120.377696,26.939846],[120.384207,26.937974],[120.385671,26.935167],[120.35255,26.923774],[120.326834,26.939683],[120.318533,26.948594],[120.320242,26.958197]]],[[[121.074716,27.456722],[121.066487,27.454984],[121.069451,27.446762],[121.076517,27.438498],[121.067264,27.43677],[121.059159,27.444133],[121.050088,27.456056],[121.046109,27.465199],[121.053403,27.47332],[121.074002,27.479484],[121.083143,27.473019],[121.094338,27.466535],[121.103479,27.46007],[121.103365,27.45188],[121.093124,27.452894],[121.074716,27.456722]]],[[[121.156749,27.848782],[121.152599,27.852769],[121.153656,27.856431],[121.158702,27.85814],[121.167979,27.859687],[121.181651,27.864651],[121.188487,27.863715],[121.189708,27.855292],[121.189301,27.848293],[121.187511,27.845933],[121.185395,27.843817],[121.180349,27.842271],[121.175059,27.843695],[121.173025,27.84101],[121.174815,27.825873],[121.171235,27.818793],[121.160004,27.818508],[121.147472,27.824368],[121.138438,27.824856],[121.130056,27.820502],[121.116384,27.817816],[121.097992,27.817816],[121.096039,27.827867],[121.114024,27.844143],[121.133067,27.847154],[121.149181,27.845771],[121.156749,27.848782]]],[[[121.015036,27.839781],[121.013128,27.844531],[121.015449,27.849942],[121.020856,27.857026],[121.020874,27.8638],[121.02203,27.868205],[121.029319,27.868517],[121.032384,27.870208],[121.040818,27.875962],[121.046972,27.875225],[121.051552,27.868773],[121.056917,27.863641],[121.061899,27.86361],[121.069528,27.866054],[121.079104,27.866726],[121.083699,27.865697],[121.077941,27.861623],[121.071792,27.855547],[121.066038,27.851486],[121.066793,27.847417],[121.062575,27.845738],[121.05914,27.847771],[121.056477,27.854216],[121.053039,27.855915],[121.04694,27.855218],[121.032367,27.848498],[121.026589,27.844467],[121.020006,27.837739],[121.015036,27.839781]]],[[[121.064789,27.981431],[121.07016,27.982896],[121.075694,27.981391],[121.080821,27.980658],[121.111339,27.983791],[121.127452,27.977484],[121.139659,27.965766],[121.139171,27.956977],[121.125824,27.951361],[121.103282,27.946194],[121.092947,27.94774],[121.083344,27.954739],[121.071788,27.957261],[121.049327,27.950873],[121.044688,27.951972],[121.040212,27.957953],[121.045177,27.967475],[121.064789,27.981431]]],[[[121.152351,28.078074],[121.142751,28.082587],[121.137462,28.094184],[121.130626,28.103461],[121.132329,28.114314],[121.127359,28.126556],[121.120372,28.135688],[121.125011,28.140082],[121.134939,28.143052],[121.165283,28.150534],[121.187531,28.168902],[121.20407,28.189707],[121.208976,28.200132],[121.210948,28.20897],[121.230588,28.219733],[121.256403,28.214798],[121.268893,28.193942],[121.270241,28.18229],[121.26184,28.168809],[121.255531,28.140001],[121.264536,28.121595],[121.285352,28.101946],[121.279145,28.085435],[121.267833,28.08454],[121.257091,28.08515],[121.247244,28.087795],[121.238129,28.092922],[121.235688,28.085517],[121.233653,28.082424],[121.233897,28.079088],[121.238129,28.071194],[121.231456,28.065009],[121.219249,28.067857],[121.218512,28.058463],[121.202442,28.054754],[121.1864,28.0437],[121.166899,28.043082],[121.151573,28.041232],[121.146734,28.057811],[121.155235,28.071368],[121.152351,28.078074]]],[[[121.618826,28.509263],[121.618256,28.504462],[121.613617,28.501736],[121.607514,28.503445],[121.60377,28.506212],[121.601573,28.508938],[121.596772,28.511379],[121.595388,28.51378],[121.598806,28.516099],[121.597341,28.524156],[121.600678,28.534166],[121.607677,28.541815],[121.615164,28.541815],[121.618012,28.538072],[121.622081,28.526719],[121.625336,28.523057],[121.62558,28.518622],[121.620291,28.51321],[121.618826,28.509263]]],[[[121.958344,29.101874],[121.935313,29.062893],[121.925141,29.063056],[121.912283,29.071357],[121.888682,29.072333],[121.900157,29.093736],[121.888438,29.110297],[121.871593,29.126614],[121.868175,29.147406],[121.881358,29.160305],[121.903331,29.166571],[121.926606,29.166734],[121.943207,29.161119],[121.951915,29.152289],[121.955414,29.1435],[121.95753,29.119534],[121.958832,29.108059],[121.958344,29.101874]]],[[[121.867361,29.11579],[121.861013,29.106838],[121.853526,29.097561],[121.842052,29.095038],[121.83725,29.099799],[121.826671,29.107978],[121.814464,29.115383],[121.802501,29.118638],[121.792735,29.118557],[121.785818,29.119696],[121.782725,29.124661],[121.783539,29.13288],[121.785981,29.143744],[121.789806,29.149848],[121.796235,29.1494],[121.843923,29.141913],[121.856781,29.134263],[121.862153,29.129584],[121.864594,29.123847],[121.867361,29.11579]]],[[[121.847667,30.083157],[121.853038,30.087144],[121.864757,30.085924],[121.876475,30.08161],[121.881847,30.076361],[121.885265,30.061184],[121.893077,30.05622],[121.90211,30.053534],[121.90919,30.044989],[121.910492,30.024115],[121.903331,30.001776],[121.889659,29.983954],[121.871593,29.976711],[121.860118,29.978095],[121.847423,29.982123],[121.836192,29.988674],[121.828868,29.997504],[121.827403,30.004218],[121.829112,30.009101],[121.832205,30.013658],[121.835134,30.019436],[121.835948,30.025702],[121.834483,30.03856],[121.834727,30.044989],[121.837413,30.055894],[121.847667,30.083157]]],[[[121.908214,30.093004],[121.908132,30.098456],[121.91391,30.105333],[121.931,30.114651],[121.941254,30.114122],[121.951996,30.11107],[121.956391,30.108507],[121.955496,30.104478],[121.952566,30.100531],[121.949718,30.087999],[121.940603,30.074652],[121.931733,30.069444],[121.927908,30.075426],[121.926606,30.083808],[121.920421,30.087144],[121.914643,30.08865],[121.911306,30.089789],[121.908214,30.093004]]],[[[121.834727,31.292548],[121.823416,31.302395],[121.813243,31.320787],[121.7942,31.368801],[121.804454,31.374701],[121.837738,31.375149],[121.85377,31.372992],[121.867849,31.366197],[121.87794,31.354315],[121.881847,31.336615],[121.877452,31.319648],[121.866222,31.304185],[121.851085,31.293931],[121.834727,31.292548]]],[[[121.72047,31.357733],[121.598806,31.429145],[121.584483,31.441392],[121.591156,31.445868],[121.60255,31.444241],[121.618175,31.443793],[121.691254,31.419176],[121.725597,31.402737],[121.745942,31.388495],[121.76238,31.373765],[121.774181,31.359198],[121.782237,31.341783],[121.78004,31.325181],[121.766368,31.320624],[121.751638,31.330512],[121.72047,31.357733]]],[[[121.344737,31.641303],[121.314464,31.655585],[121.302908,31.671454],[121.285899,31.704047],[121.224511,31.737667],[121.205578,31.756619],[121.186631,31.774116],[121.176288,31.784323],[121.181443,31.79598],[121.19516,31.805243],[121.219301,31.829473],[121.264065,31.841077],[121.322564,31.829331],[121.362089,31.817608],[121.386133,31.811736],[121.423885,31.795639],[121.475304,31.77077],[121.500966,31.750329],[121.535176,31.72841],[121.571091,31.713752],[121.605243,31.691824],[121.625702,31.675756],[121.641053,31.66552],[121.663223,31.652352],[121.721227,31.630313],[121.844075,31.607947],[121.918966,31.578463],[121.980086,31.540296],[121.986598,31.503897],[121.977851,31.477771],[121.91289,31.456332],[121.851374,31.439179],[121.817326,31.44665],[121.783352,31.465686],[121.730235,31.484768],[121.710168,31.495077],[121.68463,31.506807],[121.614689,31.521582],[121.571544,31.529364],[121.541341,31.553785],[121.517456,31.568392],[121.48463,31.579901],[121.404614,31.613715],[121.375523,31.634134],[121.344737,31.641303]]],[[[120.581879,32.033271],[120.566254,32.041734],[120.565359,32.052314],[120.568777,32.058092],[120.579519,32.062527],[120.600108,32.060818],[120.627208,32.046536],[120.631358,32.036078],[120.626882,32.030585],[120.601654,32.031806],[120.581879,32.033271]]],[[[119.716156,32.27265],[119.750824,32.293118],[119.78533,32.291693],[119.814301,32.27558],[119.832856,32.252143],[119.875011,32.155219],[119.880707,32.12519],[119.901378,32.082465],[119.901866,32.073391],[119.89031,32.075385],[119.858735,32.101549],[119.843516,32.10814],[119.815196,32.11522],[119.804861,32.120307],[119.795177,32.120551],[119.792003,32.121772],[119.78712,32.129584],[119.788341,32.133612],[119.79127,32.136868],[119.792003,32.142279],[119.791026,32.165473],[119.798839,32.178697],[119.809906,32.189114],[119.819347,32.203762],[119.789317,32.211493],[119.749848,32.228013],[119.719493,32.249579],[119.716156,32.27265]]],[[[119.453949,34.771918],[119.466319,34.767564],[119.474132,34.766466],[119.487722,34.76321],[119.494477,34.76081],[119.492849,34.755032],[119.489187,34.752753],[119.481863,34.748196],[119.467052,34.751614],[119.451834,34.763373],[119.443696,34.769232],[119.441417,34.774156],[119.444998,34.778225],[119.450043,34.777533],[119.453949,34.771918]]],[[[120.182302,35.76024],[120.183442,35.754543],[120.180349,35.748399],[120.170909,35.743313],[120.159434,35.743313],[120.153331,35.753689],[120.157319,35.767646],[120.164968,35.778957],[120.171479,35.78441],[120.175304,35.783189],[120.174734,35.780137],[120.174897,35.775295],[120.182302,35.76024]]],[[[120.757335,37.922675],[120.7588,37.907538],[120.754568,37.896674],[120.746593,37.897895],[120.73699,37.904608],[120.726329,37.90884],[120.722423,37.919094],[120.727061,37.947659],[120.734548,37.947659],[120.748383,37.938707],[120.757335,37.922675]]],[[[120.618988,37.981147],[120.625824,37.972561],[120.625662,37.958686],[120.622895,37.948798],[120.618419,37.947008],[120.615489,37.94831],[120.609386,37.955024],[120.601899,37.969306],[120.606781,37.979885],[120.618988,37.981147]]],[[[120.727306,37.969428],[120.72047,37.964016],[120.709158,37.965766],[120.700531,37.969875],[120.694998,37.974677],[120.690929,37.981431],[120.688243,37.985256],[120.690196,37.990627],[120.704112,37.989651],[120.720063,37.980943],[120.727306,37.969428]]],[[[120.746593,38.161851],[120.73878,38.175605],[120.742686,38.187567],[120.760427,38.170478],[120.772716,38.165432],[120.773285,38.159735],[120.761241,38.158026],[120.754568,38.158189],[120.746593,38.161851]]],[[[120.836192,38.304267],[120.82838,38.298814],[120.824392,38.298326],[120.820486,38.297512],[120.813324,38.293769],[120.806488,38.288235],[120.800059,38.287502],[120.799978,38.293891],[120.802745,38.298407],[120.807384,38.304877],[120.819835,38.313666],[120.833751,38.312567],[120.836192,38.304267]]],[[[120.914236,38.384101],[120.907563,38.385159],[120.906912,38.392564],[120.917817,38.395453],[120.924571,38.386868],[120.923188,38.383246],[120.917247,38.384426],[120.914236,38.384101]]],[[[121.829682,38.892605],[121.833751,38.892646],[121.83253,38.882676],[121.83839,38.870551],[121.82602,38.860582],[121.822032,38.864936],[121.821137,38.872341],[121.819347,38.876125],[121.819998,38.880072],[121.823904,38.880764],[121.823416,38.883572],[121.821462,38.886746],[121.823578,38.890245],[121.829682,38.892605]]],[[[121.381602,39.433539],[121.375255,39.442369],[121.364268,39.445461],[121.351899,39.444281],[121.340587,39.440334],[121.327322,39.427639],[121.313324,39.408433],[121.296153,39.391425],[121.27296,39.385077],[121.264415,39.386908],[121.259451,39.391506],[121.257579,39.399644],[121.258637,39.412421],[121.261729,39.427802],[121.26588,39.43358],[121.29477,39.443345],[121.302908,39.445217],[121.311046,39.447943],[121.32016,39.454006],[121.324718,39.460761],[121.327322,39.468451],[121.331309,39.475775],[121.340587,39.48135],[121.35255,39.482408],[121.388438,39.474514],[121.413259,39.476508],[121.422537,39.474514],[121.442393,39.462877],[121.45045,39.450263],[121.443126,39.441148],[121.41627,39.440334],[121.41627,39.433539],[121.425548,39.430121],[121.431977,39.424262],[121.435557,39.416205],[121.436046,39.409817],[121.433604,39.38581],[121.421723,39.373684],[121.403494,39.370592],[121.353201,39.373196],[121.336925,39.377387],[121.336111,39.387356],[121.354259,39.406195],[121.371755,39.417548],[121.379649,39.424872],[121.381602,39.433539]]],[[[120.777273,40.474636],[120.774343,40.485419],[120.781912,40.491278],[120.790294,40.492987],[120.792166,40.497748],[120.790619,40.503852],[120.79184,40.507025],[120.799978,40.507066],[120.804779,40.510972],[120.804535,40.515611],[120.806651,40.516262],[120.821056,40.511257],[120.825369,40.504706],[120.825938,40.492296],[120.818044,40.484524],[120.802664,40.482856],[120.794281,40.479153],[120.791026,40.474758],[120.785085,40.470689],[120.777273,40.474636]]],[[[124.135916,14.010647],[124.133067,14.019721],[124.124522,14.03384],[124.124522,14.049384],[124.129649,14.064846],[124.136892,14.078355],[124.149669,14.062242],[124.16391,14.065579],[124.184581,14.085191],[124.193614,14.090033],[124.200938,14.092231],[124.207774,14.091254],[124.215668,14.086493],[124.23585,14.068061],[124.252615,14.046698],[124.265636,14.022691],[124.27282327293544,14.0],[124.12773518195031,14.0],[124.129649,14.001695],[124.135916,14.010647]]],[[[123.362153,14.043606],[123.345388,14.039537],[123.342052,14.027777],[123.346446,14.016303],[123.352306,14.01317],[123.370128,14.029853],[123.378673,14.035102],[123.390147,14.03734],[123.385102,14.030911],[123.375824,14.010077],[123.386241,14.014106],[123.390147,14.016303],[123.396251,14.010077],[123.3940917613144,14.0],[123.22717016304772,14.0],[123.227712,14.000434],[123.245291,14.006781],[123.254242,14.013739],[123.23878,14.023139],[123.259044,14.031195],[123.261729,14.042304],[123.252289,14.068101],[123.261485,14.072903],[123.282074,14.066474],[123.314301,14.051093],[123.314301,14.057278],[123.310313,14.060248],[123.300792,14.071519],[123.3296,14.070299],[123.33546,14.071519],[123.335297,14.078762],[123.327159,14.096015],[123.331798,14.099514],[123.345063,14.093695],[123.353282,14.079413],[123.362153,14.043606]]],[[[123.32016,14.099962],[123.318858,14.099229],[123.31837,14.094387],[123.314626,14.091905],[123.309255,14.10342],[123.307302,14.109687],[123.299001,14.115627],[123.288422,14.125556],[123.301768,14.13052],[123.319916,14.118394],[123.320567,14.113145],[123.325206,14.114407],[123.325206,14.107327],[123.32016,14.099962]]],[[[121.975841,14.210435],[122.104747,14.102607],[122.14975,14.072699],[122.172699,14.053534],[122.183442,14.030585],[122.177013,14.007066],[122.158376,14.006781],[122.136078,14.019232],[122.098969,14.05036],[122.033376,14.092027],[121.993175,14.127631],[121.981456,14.133002],[121.96518,14.142971],[121.945811,14.165758],[121.929861,14.191148],[121.923513,14.208686],[121.926606,14.221259],[121.934337,14.229438],[121.945079,14.232611],[121.957774,14.229967],[121.964041,14.226142],[121.96811,14.221381],[121.975841,14.210435]]],[[[122.247813,14.236151],[122.25172,14.250312],[122.263682,14.247382],[122.266612,14.227607],[122.264008,14.203681],[122.259288,14.188218],[122.266856,14.17886],[122.268891,14.167304],[122.269542,14.154242],[122.272797,14.140448],[122.271495,14.136664],[122.273204,14.132514],[122.279633,14.126166],[122.284353,14.125881],[122.288585,14.130194],[122.291759,14.136054],[122.293305,14.140448],[122.298513,14.12934],[122.300304,14.11758],[122.300141,14.092027],[122.318696,14.100043],[122.334972,14.113227],[122.345714,14.131334],[122.347992,14.15412],[122.344249,14.16059],[122.330089,14.180569],[122.327485,14.188218],[122.331309,14.200263],[122.337657,14.207587],[122.344005,14.206936],[122.347992,14.195054],[122.355479,14.195054],[122.3567,14.204657],[122.355724,14.212226],[122.352794,14.218085],[122.347992,14.222357],[122.366954,14.222154],[122.376801,14.228502],[122.37672,14.239651],[122.365408,14.253404],[122.366222,14.261461],[122.381358,14.29328],[122.388927,14.304918],[122.394542,14.29149],[122.403656,14.295396],[122.412446,14.309027],[122.41627,14.324774],[122.431163,14.318061],[122.444591,14.324652],[122.45753,14.336615],[122.470958,14.345893],[122.483165,14.346666],[122.49464,14.341376],[122.519298,14.324774],[122.514903,14.329901],[122.505056,14.345893],[122.527843,14.3487],[122.575369,14.329291],[122.601248,14.324774],[122.598888,14.311225],[122.604666,14.301256],[122.61378,14.299709],[122.622325,14.311184],[122.625662,14.296536],[122.634613,14.286038],[122.644298,14.284735],[122.649669,14.297512],[122.677989,14.294664],[122.690684,14.291246],[122.674327,14.316107],[122.671397,14.339423],[122.679861,14.350531],[122.69752,14.338446],[122.704275,14.345893],[122.711681,14.329535],[122.72169,14.315741],[122.735118,14.313544],[122.752696,14.332221],[122.757498,14.325832],[122.762706,14.321357],[122.768891,14.318793],[122.784434,14.316962],[122.785411,14.314154],[122.784434,14.310045],[122.786876,14.304918],[122.802582,14.287177],[122.809825,14.28441],[122.824718,14.28384],[122.853282,14.278551],[122.873302,14.265204],[122.903575,14.229193],[122.904552,14.224026],[122.903331,14.21719],[122.903087,14.211249],[122.906993,14.208686],[122.919932,14.208157],[122.925059,14.206122],[122.930837,14.20185],[122.954356,14.167792],[122.965505,14.159247],[123.002696,14.118883],[123.012218,14.105699],[123.021739,14.111396],[123.032725,14.107815],[123.042247,14.098049],[123.046886,14.085191],[123.043956,14.06977],[123.036388,14.05744],[123.030528,14.043443],[123.033214,14.023139],[123.053722,14.002631],[123.05814394919454,14.0],[122.29699726975714,14.0],[122.296397,14.002753],[122.299815,14.007554],[122.313731,14.010077],[122.313731,14.016303],[122.290782,14.023098],[122.251964,14.067694],[122.235362,14.078355],[122.208669,14.087633],[122.186209,14.110541],[122.170177,14.139635],[122.162934,14.167792],[122.173188,14.160224],[122.175548,14.155951],[122.177257,14.146674],[122.183442,14.146674],[122.184093,14.169867],[122.195567,14.183783],[122.231944,14.20185],[122.244395,14.196031],[122.247569,14.212795],[122.247813,14.236151]]],[[[122.025076,14.444119],[122.028494,14.446926],[122.0324,14.443345],[122.039561,14.437934],[122.040131,14.429551],[122.043875,14.423367],[122.038666,14.41706],[122.036225,14.408149],[122.03183,14.400214],[122.030284,14.418647],[122.025564,14.433295],[122.025076,14.444119]]],[[[122.903494,14.461615],[122.906749,14.465399],[122.912527,14.466295],[122.918549,14.466986],[122.919281,14.474311],[122.921397,14.473293],[122.924408,14.471869],[122.927745,14.47248],[122.936046,14.480943],[122.938243,14.489],[122.944509,14.493638],[122.947765,14.496934],[122.95045,14.495592],[122.956879,14.495714],[122.953868,14.486599],[122.946951,14.4772],[122.95102,14.474433],[122.955251,14.473497],[122.954112,14.468166],[122.946788,14.467475],[122.940278,14.463202],[122.941498,14.457343],[122.941987,14.453396],[122.934011,14.449286],[122.930349,14.451158],[122.931326,14.456204],[122.928396,14.454942],[122.919037,14.456326],[122.915945,14.45128],[122.909434,14.44774],[122.906423,14.445054],[122.896495,14.451199],[122.898692,14.456081],[122.90268,14.460679],[122.903494,14.461615]]],[[[122.364268,14.720608],[122.380626,14.728705],[122.396983,14.732245],[122.411794,14.725816],[122.418468,14.719957],[122.419607,14.705146],[122.397797,14.685858],[122.374848,14.681464],[122.354015,14.679511],[122.319347,14.683498],[122.316417,14.69892],[122.341563,14.712592],[122.364268,14.720608]]],[[[122.16977,14.838772],[122.203868,14.838772],[122.196951,14.832913],[122.192638,14.824774],[122.192393,14.814927],[122.197113,14.803941],[122.206309,14.796617],[122.21697,14.795152],[122.235362,14.797756],[122.24822,14.788153],[122.257009,14.767035],[122.256602,14.745917],[122.242198,14.736314],[122.241547,14.741116],[122.162934,14.797756],[122.135509,14.802558],[122.121267,14.806871],[122.115245,14.814846],[122.111176,14.826117],[122.104991,14.837836],[122.105724,14.84394],[122.122081,14.838772],[122.124848,14.842475],[122.135753,14.852362],[122.138438,14.838935],[122.146007,14.833645],[122.157074,14.834296],[122.16977,14.838772]]],[[[122.021007,14.855292],[122.011567,14.874213],[122.014659,14.878119],[122.019949,14.879665],[122.025157,14.877387],[122.042166,14.874579],[122.059906,14.864936],[122.073416,14.849311],[122.06308,14.844387],[122.044119,14.845282],[122.039399,14.844062],[122.033621,14.847195],[122.025971,14.849026],[122.021088,14.851345],[122.021007,14.855292]]],[[[122.154145,18.550849],[122.146332,18.536648],[122.146821,18.526435],[122.140961,18.521226],[122.112559,18.506985],[122.114919,18.536038],[122.117849,18.542792],[122.108897,18.554836],[122.109548,18.561143],[122.115245,18.571275],[122.118012,18.573269],[122.125092,18.575751],[122.131684,18.580227],[122.137462,18.582546],[122.144705,18.581407],[122.149669,18.578192],[122.153819,18.57156],[122.154633,18.567125],[122.154145,18.550849]]],[[[121.950043,19.560289],[121.957367,19.564114],[121.969493,19.575344],[121.977306,19.577379],[121.982921,19.575344],[121.991222,19.570543],[121.997732,19.564927],[121.997895,19.560289],[121.992035,19.548163],[121.987153,19.513129],[121.978038,19.498847],[121.960948,19.491767],[121.947113,19.496772],[121.923513,19.519355],[121.905528,19.529934],[121.898204,19.53677],[121.895518,19.546617],[121.896821,19.556871],[121.900238,19.559231],[121.906423,19.558661],[121.926524,19.562567],[121.94158,19.559963],[121.950043,19.560289]]],[[[121.997895,20.483873],[122.009776,20.488471],[122.019298,20.486477],[122.027599,20.481147],[122.032725,20.473456],[122.0324,20.464057],[122.026541,20.455797],[121.991222,20.432359],[121.968761,20.413398],[121.963715,20.406643],[121.966156,20.393541],[121.970876,20.386054],[121.973888,20.379299],[121.971202,20.368476],[121.958018,20.354967],[121.938975,20.3487],[121.92213,20.354153],[121.916026,20.375922],[121.922374,20.393297],[121.963715,20.451606],[121.965994,20.460639],[121.980235,20.472968],[121.997895,20.483873]]],[[[121.950694,21.122382],[121.954275,21.118394],[121.949067,21.106879],[121.947439,21.116156],[121.950694,21.122382]]],[[[123.766856,24.06037],[123.783458,24.062405],[123.802908,24.060614],[123.807465,24.050767],[123.795095,24.040758],[123.781749,24.039089],[123.76002,24.045111],[123.75766,24.053819],[123.766856,24.06037]]],[[[123.997081,24.246772],[124.006196,24.245958],[124.013113,24.241929],[124.021332,24.241034],[124.028738,24.234361],[124.024587,24.221381],[124.01352,24.213772],[124.004324,24.215155],[123.998139,24.222439],[123.994477,24.235704],[123.997081,24.246772]]],[[[124.09197,24.328559],[124.100678,24.320014],[124.102224,24.314683],[124.097341,24.309231],[124.08961,24.304877],[124.081879,24.310045],[124.078868,24.319403],[124.082693,24.328233],[124.09197,24.328559]]],[[[123.981212,24.347195],[123.997651,24.329983],[123.999278,24.321763],[123.991547,24.319607],[123.985769,24.323228],[123.979666,24.324652],[123.972097,24.32453],[123.966482,24.326158],[123.958263,24.326931],[123.954031,24.328843],[123.963959,24.334215],[123.965668,24.341376],[123.968761,24.346829],[123.981212,24.347195]]],[[[123.753184,24.364447],[123.76531,24.401109],[123.766856,24.40941],[123.769867,24.418362],[123.776866,24.419745],[123.784923,24.416083],[123.79127,24.409613],[123.814708,24.39175],[123.834727,24.395494],[123.872081,24.390123],[123.910492,24.379543],[123.934418,24.367499],[123.936046,24.341457],[123.915538,24.30683],[123.873057,24.258246],[123.851248,24.256985],[123.745779,24.281236],[123.683442,24.285305],[123.668224,24.296617],[123.683767,24.323472],[123.687673,24.320502],[123.690929,24.318834],[123.698009,24.315985],[123.707042,24.328681],[123.71754,24.323676],[123.729259,24.315741],[123.742361,24.319729],[123.748057,24.329576],[123.753184,24.364447]]],[[[122.944591,24.466254],[122.955577,24.473131],[122.967947,24.471177],[123.002615,24.474311],[123.016368,24.469794],[123.01824,24.459296],[123.011078,24.447699],[122.998383,24.439521],[122.987804,24.443305],[122.94752,24.439521],[122.93865,24.444241],[122.938162,24.45482],[122.944591,24.466254]]],[[[124.077891,24.428453],[124.07838,24.435492],[124.095225,24.439521],[124.101736,24.446601],[124.112315,24.463365],[124.116222,24.467475],[124.129161,24.469387],[124.132986,24.464016],[124.134451,24.456773],[124.139903,24.453192],[124.14796,24.446357],[124.156505,24.441636],[124.167817,24.439521],[124.191254,24.440009],[124.202159,24.442206],[124.211925,24.446967],[124.222423,24.461005],[124.230317,24.479153],[124.240245,24.494859],[124.256602,24.501614],[124.268403,24.510443],[124.300629,24.569892],[124.314464,24.587307],[124.3213,24.590277],[124.329112,24.583564],[124.332286,24.571031],[124.326915,24.561184],[124.319021,24.553046],[124.309093,24.534857],[124.273936,24.487942],[124.260509,24.445258],[124.253917,24.401801],[124.241873,24.363715],[124.211925,24.337104],[124.177013,24.332994],[124.14031,24.341986],[124.122244,24.360582],[124.143077,24.384914],[124.132579,24.391995],[124.128754,24.403551],[124.122732,24.414293],[124.105724,24.419094],[124.088634,24.421942],[124.077891,24.428453]]],[[[124.7199,24.661241],[124.725841,24.646552],[124.717133,24.635037],[124.708263,24.630723],[124.701752,24.62991],[124.691335,24.63109],[124.678559,24.636542],[124.67628,24.651964],[124.689382,24.666897],[124.705089,24.669257],[124.7199,24.661241]]],[[[124.696137,24.754503],[124.70045,24.750149],[124.704112,24.748318],[124.707856,24.737128],[124.697358,24.741482],[124.68865,24.744574],[124.687429,24.755113],[124.696137,24.754503]]],[[[122.079845,25.630316],[122.071869,25.625352],[122.070486,25.635484],[122.079845,25.630316]]],[[[123.604666,25.738756],[123.600434,25.739366],[123.602794,25.745469],[123.606293,25.739],[123.604666,25.738756]]],[[[123.594249,25.752794],[123.593028,25.744371],[123.588634,25.751532],[123.594249,25.752794]]],[[[123.559906,25.756822],[123.558197,25.75434],[123.555593,25.757554],[123.559906,25.756822]]],[[[123.513927,25.76911],[123.531423,25.773342],[123.537446,25.773261],[123.545339,25.761786],[123.528901,25.761786],[123.511485,25.758083],[123.513927,25.76911]]],[[[123.620453,25.774482],[123.620453,25.773586],[123.618012,25.774482],[123.620453,25.774482]]],[[[123.595307,25.801907],[123.59547,25.797268],[123.592377,25.797431],[123.595307,25.801907]]],[[[124.566824,25.898424],[124.568858,25.896226],[124.567719,25.894436],[124.565278,25.895738],[124.566824,25.898424]]],[[[123.684581,25.924628],[123.685802,25.922797],[123.683035,25.92003],[123.675873,25.918158],[123.672699,25.926825],[123.67921,25.930772],[123.684581,25.924628]]],[[[123.673025,25.928697],[123.672048,25.927476],[123.671723,25.929755],[123.673025,25.928697]]],[[[122.249034,29.69245],[122.240326,29.687038],[122.208181,29.705959],[122.2046,29.710517],[122.204031,29.715237],[122.2046,29.719102],[122.209727,29.719794],[122.21697,29.718533],[122.223399,29.713487],[122.22877,29.70661],[122.25172,29.696275],[122.264334,29.693956],[122.272146,29.690741],[122.274913,29.683417],[122.271821,29.682644],[122.249034,29.69245]]],[[[122.053071,29.71601],[122.045095,29.716986],[122.04005,29.716376],[122.036469,29.717475],[122.033376,29.723456],[122.032888,29.730943],[122.03533,29.739976],[122.039317,29.747545],[122.043224,29.7508],[122.048595,29.75609],[122.056651,29.767808],[122.068207,29.779527],[122.084483,29.784898],[122.097992,29.786851],[122.107432,29.789618],[122.114757,29.78852],[122.122081,29.778713],[122.12379,29.770901],[122.120942,29.757799],[122.122081,29.7508],[122.126475,29.745063],[122.14031,29.734605],[122.14324,29.733385],[122.177013,29.696845],[122.18686,29.673407],[122.162934,29.654527],[122.16977,29.675035],[122.165212,29.673163],[122.149425,29.66885],[122.149425,29.68183],[122.138927,29.672593],[122.132579,29.668891],[122.127452,29.669013],[122.125011,29.673245],[122.123057,29.686469],[122.121104,29.691718],[122.115245,29.698391],[122.108735,29.704006],[122.103689,29.710517],[122.101573,29.719713],[122.092784,29.725775],[122.073904,29.724433],[122.056814,29.719794],[122.053071,29.71601]]],[[[122.247244,29.760443],[122.251069,29.758246],[122.277924,29.749172],[122.28476,29.748928],[122.288748,29.75137],[122.292084,29.751451],[122.298106,29.749457],[122.300955,29.746894],[122.30128,29.743069],[122.305105,29.74022],[122.306977,29.737128],[122.303152,29.735541],[122.290131,29.735867],[122.285167,29.732896],[122.278656,29.731513],[122.267914,29.736802],[122.257335,29.736965],[122.242035,29.744534],[122.22934,29.756985],[122.221609,29.76911],[122.216563,29.772406],[122.215912,29.775784],[122.222504,29.780666],[122.228445,29.782945],[122.231212,29.785386],[122.235037,29.786973],[122.240082,29.786404],[122.251313,29.778347],[122.250011,29.770453],[122.246023,29.764106],[122.247244,29.760443]]],[[[121.993826,29.769232],[121.974376,29.771145],[121.968272,29.77383],[121.967296,29.776923],[121.969086,29.779731],[121.968516,29.794623],[121.977468,29.805406],[122.016124,29.824164],[122.024343,29.824652],[122.030203,29.816067],[122.028982,29.806098],[122.005626,29.776923],[121.993826,29.769232]]],[[[122.272472,29.792141],[122.265391,29.798],[122.251313,29.806098],[122.237559,29.823798],[122.232677,29.827826],[122.2317,29.836249],[122.247732,29.846096],[122.271169,29.846829],[122.28419,29.842841],[122.312022,29.829047],[122.310395,29.824612],[122.304698,29.81745],[122.312185,29.795152],[122.314708,29.783677],[122.30836,29.776272],[122.295584,29.77912],[122.272472,29.792141]]],[[[122.336274,29.866848],[122.329519,29.862942],[122.304291,29.855577],[122.295421,29.857286],[122.284434,29.863064],[122.284028,29.870225],[122.287608,29.877509],[122.292328,29.883043],[122.29949,29.884589],[122.304617,29.883124],[122.317719,29.88227],[122.334402,29.884548],[122.339041,29.882717],[122.343028,29.879584],[122.341645,29.876247],[122.335623,29.872463],[122.33489,29.869249],[122.336274,29.866848]]],[[[122.325206,29.927883],[122.320567,29.937242],[122.322032,29.948432],[122.32545,29.953925],[122.330089,29.958238],[122.33546,29.96133],[122.341807,29.963039],[122.346446,29.949408],[122.359141,29.946275],[122.388927,29.948798],[122.400645,29.952948],[122.406749,29.952704],[122.409434,29.945705],[122.409028,29.936672],[122.407481,29.930609],[122.403168,29.926256],[122.395193,29.922065],[122.409679,29.9112],[122.408051,29.899848],[122.395193,29.883612],[122.392263,29.87641],[122.386729,29.870673],[122.382823,29.864732],[122.385916,29.856879],[122.394054,29.847886],[122.395518,29.842678],[122.395193,29.833319],[122.384776,29.835191],[122.377208,29.838935],[122.365408,29.849758],[122.357107,29.861721],[122.359223,29.869778],[122.365489,29.876288],[122.369151,29.883612],[122.367361,29.895901],[122.362071,29.904486],[122.353852,29.91059],[122.333507,29.9206],[122.325206,29.927883]]],[[[121.959972,29.953192],[121.966482,29.951728],[121.970225,29.946845],[121.972179,29.94477],[121.986827,29.929877],[121.9935,29.91885],[121.992442,29.908271],[121.974132,29.899848],[121.946137,29.903957],[121.933604,29.921332],[121.940929,29.93769],[121.951915,29.948065],[121.959972,29.953192]]],[[[122.035085,29.963813],[122.03891,29.963813],[122.040457,29.966498],[122.052013,29.96247],[122.053884,29.953274],[122.038259,29.934516],[122.031749,29.940741],[122.026703,29.943671],[122.025238,29.953681],[122.029389,29.959866],[122.033214,29.959499],[122.033702,29.96133],[122.035085,29.963813]]],[[[122.134776,29.974677],[122.146007,29.980292],[122.161469,29.989936],[122.176443,29.977973],[122.184011,29.967515],[122.176524,29.960069],[122.146251,29.973741],[122.134776,29.974677]]],[[[122.411632,30.002672],[122.402924,30.001695],[122.395274,30.002427],[122.390961,29.996202],[122.391124,29.984565],[122.393484,29.976833],[122.391856,29.974514],[122.383393,29.975491],[122.372,29.981676],[122.369314,29.987698],[122.375173,29.990831],[122.375906,29.996527],[122.37436,30.004299],[122.378754,30.017035],[122.377778,30.024115],[122.37908,30.026394],[122.386567,30.025865],[122.402192,30.032538],[122.405121,30.030015],[122.40032,30.021511],[122.400564,30.015774],[122.403494,30.012519],[122.413748,30.00613],[122.411632,30.002672]]],[[[122.019054,29.997219],[122.010509,30.000312],[122.009613,30.00434],[122.011729,30.00845],[122.012218,30.01142],[122.011241,30.015082],[122.01352,30.025824],[122.012218,30.031928],[122.0088,30.033393],[121.995453,30.036566],[121.99171,30.038072],[121.976817,30.053656],[121.973399,30.059963],[121.971853,30.067694],[121.973806,30.072577],[121.977306,30.077338],[121.980317,30.084621],[121.980805,30.090074],[121.978038,30.107082],[121.965505,30.129706],[121.963145,30.142401],[121.97462,30.148017],[122.087413,30.147528],[122.103282,30.143704],[122.117442,30.135932],[122.132335,30.123765],[122.140798,30.121324],[122.164806,30.12051],[122.16977,30.117255],[122.173595,30.10224],[122.182465,30.098578],[122.193696,30.099799],[122.203868,30.099555],[122.22934,30.09162],[122.23878,30.086615],[122.245372,30.080146],[122.249685,30.073432],[122.256114,30.068183],[122.269542,30.066067],[122.289561,30.067328],[122.29713,30.062567],[122.300141,30.048733],[122.30421,30.041978],[122.32252,30.031928],[122.327485,30.024482],[122.326671,30.01081],[122.320974,30.005927],[122.313243,30.003485],[122.306977,29.997219],[122.302989,29.986314],[122.301036,29.975898],[122.300141,29.95246],[122.29363,29.933783],[122.277843,29.939927],[122.245616,29.969875],[122.229177,29.978664],[122.184744,29.994452],[122.144216,30.000393],[122.098969,30.014472],[122.077403,30.017646],[122.065278,30.015937],[122.048839,30.007392],[122.034679,30.002021],[122.030528,29.999335],[122.025727,29.99726],[122.019054,29.997219]]],[[[122.771332,30.141059],[122.781423,30.132392],[122.772878,30.128323],[122.763276,30.127712],[122.754731,30.141343],[122.756358,30.144192],[122.771332,30.141059]]],[[[122.190929,30.189521],[122.199229,30.192939],[122.204112,30.191596],[122.206228,30.188218],[122.204926,30.185818],[122.20102,30.18301],[122.20102,30.177314],[122.19394,30.17711],[122.18865,30.174343],[122.18629,30.171536],[122.183035,30.171495],[122.183279,30.167344],[122.182302,30.162462],[122.162364,30.143988],[122.156912,30.145657],[122.147146,30.157538],[122.145112,30.162665],[122.144949,30.188666],[122.148936,30.19241],[122.169037,30.202094],[122.173269,30.20185],[122.175304,30.199693],[122.178884,30.197537],[122.185313,30.196153],[122.188569,30.194078],[122.188975,30.190701],[122.190929,30.189521]]],[[[122.026459,30.177965],[122.017833,30.185492],[122.013845,30.18537],[122.010753,30.186265],[122.026459,30.199042],[122.031749,30.197333],[122.035899,30.194403],[122.037283,30.196153],[122.036957,30.200263],[122.040538,30.202501],[122.047862,30.202135],[122.053233,30.198839],[122.05657,30.192288],[122.056895,30.187812],[122.054047,30.186103],[122.051687,30.182685],[122.035655,30.170762],[122.023611,30.165758],[122.021495,30.169338],[122.023692,30.172187],[122.026459,30.173245],[122.02825,30.17532],[122.026459,30.177965]]],[[[122.682791,30.190985],[122.675548,30.194078],[122.669932,30.203518],[122.674815,30.209703],[122.684662,30.203599],[122.687918,30.19831],[122.684825,30.181871],[122.682791,30.190985]]],[[[122.648611,30.19595],[122.648041,30.186225],[122.638031,30.200588],[122.632986,30.207302],[122.632253,30.210598],[122.641775,30.214342],[122.646169,30.208564],[122.648611,30.19595]]],[[[122.384532,30.250149],[122.383556,30.261542],[122.380626,30.263739],[122.375011,30.262152],[122.357188,30.247748],[122.345714,30.241929],[122.329112,30.239081],[122.315684,30.240302],[122.305349,30.240139],[122.29477,30.236721],[122.283376,30.235256],[122.277599,30.235541],[122.278331,30.240627],[122.287446,30.247789],[122.302501,30.252102],[122.312999,30.259955],[122.318614,30.268378],[122.323985,30.272162],[122.331879,30.273668],[122.342052,30.273627],[122.382579,30.277167],[122.399913,30.274604],[122.407725,30.265937],[122.410655,30.254706],[122.408539,30.243964],[122.395844,30.239447],[122.384532,30.250149]]],[[[122.152843,30.322699],[122.166026,30.331692],[122.194672,30.338568],[122.211436,30.346625],[122.225108,30.332343],[122.218761,30.326077],[122.22047,30.320705],[122.227875,30.316352],[122.23878,30.313137],[122.203868,30.291409],[122.203868,30.285142],[122.223806,30.278876],[122.231944,30.277737],[122.219574,30.270453],[122.217052,30.262519],[122.21754,30.254584],[122.214529,30.247301],[122.202322,30.241929],[122.187999,30.243638],[122.174083,30.247992],[122.137706,30.254625],[122.114024,30.265082],[122.073578,30.291409],[122.083995,30.302436],[122.087901,30.30565],[122.095714,30.310696],[122.104177,30.314154],[122.122081,30.319281],[122.147227,30.321479],[122.152843,30.322699]]],[[[121.951345,30.307969],[121.956716,30.318874],[121.961111,30.325059],[121.961111,30.331285],[121.965668,30.33629],[121.973155,30.334581],[121.973888,30.34394],[121.982351,30.344753],[121.983816,30.340481],[121.981456,30.335354],[121.977468,30.331448],[121.973318,30.327297],[121.973237,30.323717],[121.969819,30.318264],[121.970225,30.307359],[121.965994,30.305162],[121.964203,30.300198],[121.957774,30.298733],[121.955496,30.293362],[121.951345,30.307969]]],[[[122.31129,30.472642],[122.337413,30.458482],[122.348806,30.460639],[122.369151,30.476996],[122.3685,30.463202],[122.374685,30.457343],[122.385427,30.456204],[122.398936,30.456488],[122.410981,30.452135],[122.416515,30.441596],[122.423106,30.414944],[122.404063,30.418647],[122.36378,30.433417],[122.347992,30.435981],[122.306,30.423163],[122.285411,30.422065],[122.272797,30.435981],[122.277354,30.436713],[122.28712,30.442206],[122.278005,30.445746],[122.273774,30.451361],[122.272797,30.459296],[122.272797,30.469468],[122.276622,30.479804],[122.28004,30.482611],[122.28712,30.48314],[122.290782,30.471666],[122.29949,30.47134],[122.31129,30.472642]]],[[[122.26824,30.516832],[122.262543,30.514472],[122.252452,30.516343],[122.257498,30.526272],[122.264496,30.529771],[122.269216,30.525051],[122.268321,30.521593],[122.26824,30.516832]]],[[[122.081798,30.595404],[122.087901,30.596747],[122.084565,30.592637],[122.07724,30.58983],[122.081147,30.583564],[122.071869,30.575548],[122.064789,30.586819],[122.059418,30.587226],[122.052501,30.588894],[122.050304,30.591661],[122.06544,30.592108],[122.069347,30.594916],[122.071544,30.597235],[122.081798,30.595404]]],[[[122.568289,30.646959],[122.56658,30.645819],[122.559255,30.650784],[122.556163,30.65233],[122.551524,30.650906],[122.546479,30.653469],[122.542817,30.654853],[122.544607,30.65823],[122.547048,30.660793],[122.545584,30.663926],[122.549653,30.667629],[122.552338,30.669908],[122.552419,30.674099],[122.553884,30.678371],[122.556895,30.680976],[122.55836,30.679145],[122.563406,30.676378],[122.567638,30.671698],[122.571625,30.667955],[122.575938,30.665147],[122.581065,30.667344],[122.582205,30.663153],[122.574799,30.658271],[122.569591,30.658555],[122.568696,30.657091],[122.564789,30.658108],[122.565115,30.652737],[122.568289,30.646959]]],[[[122.765554,30.723253],[122.771007,30.724392],[122.773774,30.730902],[122.779389,30.730902],[122.785492,30.731106],[122.790782,30.728095],[122.792654,30.72366],[122.789073,30.721829],[122.78712,30.723131],[122.779307,30.716742],[122.7824,30.714342],[122.782237,30.707099],[122.783865,30.700914],[122.779389,30.699693],[122.776947,30.696316],[122.774425,30.698472],[122.773123,30.701646],[122.772634,30.703396],[122.76531,30.709906],[122.756521,30.705797],[122.751638,30.707546],[122.751638,30.716254],[122.75644,30.71662],[122.758149,30.719957],[122.757498,30.723334],[122.765554,30.723253]]],[[[122.458018,30.730658],[122.472911,30.717231],[122.484386,30.714667],[122.496349,30.716783],[122.501964,30.71898],[122.509613,30.721177],[122.524587,30.723578],[122.529307,30.720771],[122.526378,30.714179],[122.531098,30.704413],[122.52475,30.701809],[122.493175,30.703111],[122.487315,30.70185],[122.474376,30.702582],[122.466563,30.699123],[122.463064,30.696357],[122.460704,30.694037],[122.455251,30.693996],[122.44516,30.696763],[122.431977,30.697984],[122.427257,30.703925],[122.432628,30.71483],[122.434744,30.727118],[122.42921,30.738023],[122.429942,30.743069],[122.440766,30.741034],[122.458018,30.730658]]],[[[122.694021,30.848619],[122.690196,30.842271],[122.682953,30.840847],[122.676117,30.84398],[122.66684,30.847683],[122.664887,30.852688],[122.669281,30.851589],[122.669851,30.859239],[122.677419,30.859565],[122.683442,30.853787],[122.689789,30.853827],[122.698497,30.853787],[122.694021,30.848619]]],[[[122.187592,37.507636],[122.189871,37.508897],[122.192231,37.510159],[122.19394,37.503892],[122.20753,37.496405],[122.176768,37.497829],[122.170258,37.498806],[122.165375,37.50259],[122.169526,37.504747],[122.174571,37.508775],[122.180268,37.512966],[122.18214,37.510647],[122.186453,37.510159],[122.187592,37.507636]]],[[[124.745372,37.768052],[124.738862,37.761949],[124.729828,37.758612],[124.734141,37.768744],[124.741222,37.772976],[124.741466,37.775336],[124.743175,37.778144],[124.75644,37.777818],[124.765229,37.778551],[124.7706,37.774807],[124.76824,37.76968],[124.761322,37.768459],[124.751882,37.77025],[124.745372,37.768052]]],[[[124.725841,37.837388],[124.721365,37.828437],[124.718272,37.818183],[124.714203,37.809556],[124.706798,37.806342],[124.698985,37.806871],[124.692393,37.804999],[124.687266,37.800767],[124.684581,37.799994],[124.684581,37.802639],[124.684744,37.803941],[124.681488,37.808824],[124.673513,37.817043],[124.676524,37.824897],[124.69337,37.835517],[124.704112,37.844387],[124.709158,37.847561],[124.716482,37.84691],[124.724457,37.843655],[124.725841,37.837388]]],[[[124.708751,37.956285],[124.683279,37.954535],[124.677989,37.952541],[124.678396,37.942043],[124.688162,37.938178],[124.69988,37.93651],[124.705333,37.932685],[124.684906,37.919989],[124.644054,37.924506],[124.613617,37.945054],[124.624034,37.980455],[124.649425,37.973293],[124.704926,37.988674],[124.732677,37.980455],[124.743663,37.969672],[124.742035,37.955024],[124.728201,37.947008],[124.708751,37.956285]]],[[[122.75408,39.024563],[122.760427,39.016669],[122.758149,39.010443],[122.747406,39.009345],[122.713796,39.021633],[122.711274,39.025417],[122.712413,39.030544],[122.710053,39.038967],[122.712087,39.045681],[122.717459,39.048814],[122.721528,39.04918],[122.727306,39.038479],[122.75408,39.024563]]],[[[123.195811,39.065334],[123.195567,39.052069],[123.185232,39.042304],[123.172537,39.033677],[123.160655,39.029242],[123.149913,39.036566],[123.145193,39.04328],[123.148123,39.056342],[123.153087,39.062323],[123.164887,39.060492],[123.164724,39.066392],[123.15919,39.071682],[123.15089,39.073432],[123.143321,39.075832],[123.143565,39.080878],[123.168142,39.08393],[123.17628,39.089993],[123.180675,39.091946],[123.184825,39.086127],[123.195811,39.065334]]],[[[122.388927,39.187079],[122.397472,39.165839],[122.402599,39.159125],[122.388927,39.15233],[122.376313,39.16059],[122.355235,39.151557],[122.333995,39.146308],[122.3213,39.165961],[122.330577,39.180121],[122.354828,39.195624],[122.382579,39.208319],[122.402599,39.213813],[122.392914,39.203803],[122.389903,39.193549],[122.388927,39.187079]]],[[[122.690684,39.193305],[122.692149,39.201402],[122.692556,39.207668],[122.693696,39.213772],[122.69752,39.221259],[122.683604,39.224311],[122.635997,39.228013],[122.635997,39.23428],[122.66212,39.232733],[122.718598,39.241889],[122.741954,39.23607],[122.739513,39.222235],[122.725597,39.210028],[122.690684,39.193305]]],[[[122.540457,39.23428],[122.544444,39.230333],[122.542817,39.226182],[122.535899,39.223538],[122.520112,39.221829],[122.51531,39.22309],[122.508149,39.221706],[122.497976,39.219346],[122.490001,39.228502],[122.487966,39.23314],[122.501882,39.234931],[122.511404,39.234931],[122.526378,39.231838],[122.53655,39.232449],[122.540457,39.23428]]],[[[122.643077,39.255072],[122.586192,39.258002],[122.533458,39.271674],[122.505056,39.296942],[122.536632,39.298041],[122.54656,39.296942],[122.584727,39.284369],[122.643891,39.27851],[122.663259,39.272203],[122.684418,39.262193],[122.643077,39.255072]]],[[[124.716156,39.414171],[124.720063,39.4171],[124.72698,39.421129],[124.732921,39.418077],[124.72641,39.411566],[124.716807,39.408108],[124.716156,39.414171]]],[[[123.092296,39.441067],[123.085785,39.442491],[123.08074,39.432685],[123.081554,39.423651],[123.069753,39.430813],[123.060639,39.432196],[123.051768,39.442939],[123.048676,39.44717],[123.049653,39.451646],[123.055675,39.454779],[123.062266,39.451646],[123.076264,39.44949],[123.093516,39.442939],[123.092296,39.441067]]],[[[124.602061,39.427395],[124.596039,39.430243],[124.59311,39.439032],[124.592865,39.446804],[124.601736,39.449327],[124.612559,39.457139],[124.614431,39.449205],[124.615082,39.447496],[124.617849,39.444281],[124.61907,39.43301],[124.606619,39.428046],[124.602061,39.427395]]],[[[124.779959,39.451646],[124.773448,39.447333],[124.770274,39.449286],[124.769216,39.451972],[124.772878,39.454495],[124.768891,39.457709],[124.769135,39.465481],[124.779063,39.465155],[124.78712,39.463121],[124.787446,39.461493],[124.792003,39.459133],[124.779959,39.451646]]],[[[124.623383,39.473009],[124.628429,39.468248],[124.630544,39.463406],[124.627045,39.461575],[124.621267,39.468695],[124.623383,39.473009]]],[[[124.624522,39.485297],[124.621918,39.4855],[124.617931,39.493232],[124.625092,39.498969],[124.631358,39.489651],[124.627045,39.489651],[124.624522,39.485297]]],[[[124.804942,39.515815],[124.801524,39.518948],[124.812673,39.513332],[124.809662,39.514146],[124.804942,39.515815]]],[[[124.681974,39.52118],[124.687673,39.527167],[124.69362,39.535079],[124.704708,39.537076],[124.707779,39.530399],[124.707746,39.519317],[124.704845,39.508734],[124.697765,39.50259],[124.684587,39.503243],[124.680149,39.507726],[124.683769,39.516094],[124.681974,39.52118]]],[[[123.029959,39.50788],[123.005707,39.497301],[122.979747,39.499335],[122.964366,39.515448],[122.968028,39.541083],[122.989757,39.549506],[123.017589,39.544501],[123.04005,39.529731],[123.029959,39.50788]]],[[[124.734141,39.54446],[124.73349,39.551663],[124.736583,39.558661],[124.741466,39.558214],[124.734141,39.54446]]],[[[124.661632,39.538398],[124.644786,39.547675],[124.603526,39.53852],[124.600352,39.5362],[124.595876,39.537909],[124.597423,39.544582],[124.604666,39.549262],[124.614268,39.553412],[124.63087,39.56509],[124.63502,39.563951],[124.648774,39.565253],[124.673839,39.570624],[124.691254,39.569648],[124.69809,39.562893],[124.695649,39.553778],[124.687022,39.544745],[124.675548,39.53852],[124.661632,39.538398]]],[[[124.759288,39.626085],[124.763357,39.619249],[124.754731,39.614895],[124.759288,39.626085]]],[[[124.76474,39.63109],[124.757986,39.632717],[124.759613,39.640082],[124.768077,39.639797],[124.76474,39.63109]]],[[[124.453787,39.687649],[124.45696,39.682807],[124.452322,39.682563],[124.447927,39.686387],[124.453787,39.687649]]],[[[124.548839,39.730129],[124.543549,39.72484],[124.53533,39.720771],[124.526703,39.72016],[124.521739,39.711493],[124.517507,39.717678],[124.53061,39.725328],[124.541596,39.731391],[124.548839,39.730129]]],[[[124.227397,39.79464],[124.226015,39.791423],[124.223189,39.791557],[124.221201,39.79384],[124.216098,39.794711],[124.211662,39.795157],[124.211533,39.795573],[124.211316,39.799505],[124.212588,39.804049],[124.214651,39.807242],[124.219273,39.810922],[124.217575,39.814864],[124.220272,39.81526],[124.223116,39.816788],[124.220994,39.818974],[124.223426,39.819987],[124.227065,39.821298],[124.230017,39.821172],[124.231896,39.819199],[124.234433,39.817628],[124.235861,39.813482],[124.239887,39.812623],[124.239586,39.809831],[124.239561,39.807657],[124.242788,39.807321],[124.242751,39.804633],[124.241627,39.801856],[124.237835,39.800967],[124.23526,39.798386],[124.23039,39.798261],[124.227397,39.79464]]],[[[124.332612,39.883205],[124.341156,39.885199],[124.352631,39.87523],[124.344981,39.862982],[124.334565,39.86579],[124.332612,39.883205]]],[[[124.32073,39.900702],[124.330251,39.900824],[124.340343,39.892808],[124.335297,39.888617],[124.323578,39.892361],[124.319184,39.896389],[124.32073,39.900702]]],[[[124.292003,39.91946],[124.304373,39.932563],[124.305512,39.928616],[124.292003,39.91946]]],[[[124.351736,39.953721],[124.358897,39.962144],[124.36085,39.949042],[124.3449,39.939358],[124.351736,39.953721]]],[[[125.302257,24.857571],[125.31422,24.829901],[125.321625,24.816881],[125.326671,24.810736],[125.358246,24.78262],[125.365571,24.779934],[125.387218,24.782172],[125.404633,24.778388],[125.42628,24.768866],[125.444835,24.756741],[125.452647,24.74494],[125.444021,24.737209],[125.423513,24.732245],[125.3838,24.726955],[125.299653,24.725653],[125.2588,24.733385],[125.256847,24.751695],[125.261485,24.763861],[125.273936,24.820014],[125.27475,24.856431],[125.271007,24.867825],[125.260265,24.885199],[125.262462,24.884345],[125.274425,24.882229],[125.285167,24.877346],[125.290212,24.873928],[125.294444,24.869574],[125.302257,24.857571]]],[[[125.141124,24.828599],[125.149669,24.831936],[125.157563,24.833808],[125.159679,24.844428],[125.163585,24.854641],[125.177013,24.856391],[125.194509,24.850287],[125.202891,24.846259],[125.210785,24.836982],[125.217052,24.816596],[125.205251,24.804999],[125.168142,24.800971],[125.150645,24.804348],[125.140147,24.816392],[125.141124,24.828599]]],[[[125.25058,24.91531],[125.237559,24.934027],[125.245779,24.935899],[125.25294,24.929104],[125.257416,24.918443],[125.252615,24.919338],[125.250987,24.919257],[125.25058,24.91531]]],[[[126.324718,33.938503],[126.325125,33.931871],[126.321788,33.929755],[126.318126,33.933173],[126.308523,33.94595],[126.302582,33.953762],[126.315033,33.955919],[126.324311,33.953437],[126.342459,33.956692],[126.339203,33.952826],[126.340668,33.947496],[126.33725,33.94717],[126.336274,33.945299],[126.326834,33.945299],[126.324718,33.938503]]],[[[125.122081,34.083808],[125.136404,34.059272],[125.13738,34.051337],[125.134288,34.046861],[125.129893,34.047553],[125.127696,34.04857],[125.122813,34.051174],[125.103282,34.066067],[125.092133,34.071763],[125.089692,34.079535],[125.094574,34.090074],[125.102224,34.095933],[125.113292,34.092841],[125.122081,34.083808]]],[[[125.945486,34.244696],[125.955251,34.2414],[125.944347,34.232082],[125.93686,34.229967],[125.934988,34.231269],[125.931488,34.230577],[125.928152,34.229967],[125.928152,34.234971],[125.92628,34.239936],[125.930024,34.238715],[125.931895,34.243679],[125.936941,34.247423],[125.941987,34.245347],[125.945486,34.244696]]],[[[126.063324,34.251776],[126.064138,34.24494],[126.06837,34.240994],[126.064708,34.241807],[126.062022,34.235907],[126.056082,34.226671],[126.049083,34.228583],[126.042898,34.23371],[126.037934,34.224351],[126.03419,34.231838],[126.029552,34.233344],[126.023123,34.236151],[126.029796,34.24136],[126.033865,34.240871],[126.038748,34.240709],[126.042898,34.237454],[126.045339,34.241807],[126.051606,34.245551],[126.050548,34.251044],[126.053884,34.254055],[126.059581,34.251166],[126.063324,34.251776]]],[[[125.922374,34.25377],[125.919607,34.251288],[125.915457,34.250718],[125.912364,34.249579],[125.911713,34.247138],[125.914806,34.242784],[125.914399,34.239936],[125.909272,34.243476],[125.902029,34.247016],[125.899018,34.246161],[125.898448,34.249498],[125.906423,34.258328],[125.91627,34.261094],[125.924978,34.258775],[125.926524,34.246283],[125.923839,34.243679],[125.921397,34.247504],[125.922374,34.25377]]],[[[126.088715,34.307929],[126.087738,34.29682],[126.089366,34.289618],[126.084646,34.283881],[126.074962,34.282864],[126.069347,34.278998],[126.064952,34.280707],[126.060802,34.286078],[126.057384,34.285956],[126.055675,34.280992],[126.049327,34.280219],[126.028656,34.28734],[126.021658,34.29564],[126.021007,34.301093],[126.025238,34.305854],[126.025727,34.310777],[126.033214,34.314887],[126.067638,34.308905],[126.082042,34.310736],[126.088715,34.307929]]],[[[126.057872,34.320421],[126.053966,34.322496],[126.03061,34.327419],[126.01002,34.324612],[125.996593,34.327297],[125.993988,34.331773],[125.993826,34.335517],[125.991384,34.337633],[125.991954,34.339301],[125.996104,34.341498],[126.009695,34.337144],[126.014496,34.339748],[126.018077,34.341376],[126.03712,34.339301],[126.056814,34.329657],[126.059011,34.323798],[126.057872,34.320421]]],[[[125.298839,34.397081],[125.304454,34.393785],[125.31308,34.388821],[125.317149,34.386176],[125.312836,34.384426],[125.306651,34.383368],[125.302908,34.385403],[125.29656,34.380113],[125.286632,34.393785],[125.283783,34.398383],[125.289887,34.3994],[125.298839,34.397081]]],[[[125.295339,34.447374],[125.29656,34.442369],[125.282888,34.434272],[125.281098,34.438625],[125.283865,34.443508],[125.290375,34.451483],[125.295584,34.449978],[125.295339,34.447374]]],[[[126.414887,34.457913],[126.417166,34.449856],[126.413829,34.452786],[126.414317,34.456366],[126.414887,34.457913]]],[[[126.41212,34.467922],[126.414887,34.458116],[126.413097,34.458848],[126.408214,34.461208],[126.41212,34.467922]]],[[[126.124278,34.403469],[126.124278,34.38231],[126.103282,34.402777],[126.115733,34.436184],[126.144216,34.463202],[126.17213,34.464911],[126.181163,34.486518],[126.187022,34.494208],[126.1963,34.502753],[126.207042,34.507636],[126.216563,34.508979],[126.223806,34.513414],[126.226573,34.527574],[126.238292,34.515692],[126.254161,34.51435],[126.268321,34.52204],[126.274425,34.537258],[126.266775,34.54975],[126.241059,34.566474],[126.247732,34.574774],[126.263927,34.575751],[126.280447,34.568305],[126.29477,34.558905],[126.305431,34.554267],[126.307872,34.551459],[126.310802,34.545152],[126.315603,34.538275],[126.322276,34.53384],[126.326834,34.535061],[126.349457,34.54682],[126.350352,34.538153],[126.380056,34.49844],[126.381602,34.484687],[126.378917,34.469306],[126.373546,34.454413],[126.353852,34.419582],[126.345876,34.409003],[126.335948,34.403469],[126.334239,34.406562],[126.317149,34.419908],[126.309255,34.423977],[126.309255,34.417711],[126.305186,34.401679],[126.209972,34.358791],[126.198497,34.355536],[126.156423,34.352607],[126.144786,34.355048],[126.142589,34.363756],[126.148204,34.37108],[126.15561,34.377183],[126.158458,34.38231],[126.153087,34.388495],[126.124278,34.403469]]],[[[126.04835,34.497138],[126.056977,34.495632],[126.062511,34.491116],[126.057302,34.484849],[126.059418,34.483018],[126.06544,34.483181],[126.067719,34.482082],[126.065196,34.47781],[126.053966,34.470933],[126.045421,34.46308],[126.038829,34.460639],[126.036794,34.472398],[126.032563,34.47956],[126.033295,34.481838],[126.039154,34.484727],[126.045665,34.490627],[126.04835,34.497138]]],[[[126.064952,34.563788],[126.076345,34.57099],[126.081309,34.580756],[126.076427,34.590766],[126.066417,34.60399],[126.060069,34.620795],[126.067638,34.625474],[126.079845,34.617377],[126.087087,34.611151],[126.099376,34.605455],[126.100108,34.596747],[126.102387,34.594875],[126.104259,34.589789],[126.103363,34.579413],[126.100271,34.568305],[126.099376,34.558661],[126.093761,34.553656],[126.085704,34.548733],[126.077322,34.542182],[126.057628,34.532538],[126.046723,34.531155],[126.035167,34.533922],[126.031586,34.539049],[126.037364,34.540717],[126.043468,34.540961],[126.048513,34.545152],[126.054454,34.548896],[126.053477,34.552314],[126.031261,34.556383],[126.036632,34.561672],[126.050466,34.563422],[126.064952,34.563788]]],[[[126.048595,34.570054],[126.038097,34.569485],[126.028575,34.565863],[126.020518,34.571438],[126.016612,34.606147],[126.020193,34.625434],[126.028575,34.634223],[126.041352,34.611151],[126.052013,34.598334],[126.060395,34.584296],[126.057628,34.572577],[126.048595,34.570054]]],[[[125.859711,34.610948],[125.858002,34.606635],[125.852387,34.603095],[125.837006,34.598741],[125.829031,34.599229],[125.820649,34.596096],[125.813975,34.5987],[125.813975,34.60456],[125.820567,34.60574],[125.820811,34.608425],[125.80185,34.621405],[125.803315,34.622952],[125.807628,34.622585],[125.815522,34.619086],[125.825613,34.617825],[125.847748,34.628485],[125.855072,34.628485],[125.857595,34.621487],[125.859711,34.610948]]],[[[125.94573,34.63642],[125.950369,34.638821],[125.95753,34.644151],[125.962576,34.644355],[125.96811,34.64232],[125.970876,34.634833],[125.974132,34.634101],[125.977061,34.628811],[125.976817,34.618679],[125.96811,34.62169],[125.964447,34.627387],[125.96046,34.625963],[125.951101,34.627712],[125.94573,34.63642]]],[[[126.149099,34.67182],[126.153982,34.672268],[126.160492,34.669664],[126.16155,34.663682],[126.156749,34.657416],[126.158051,34.653551],[126.174246,34.663764],[126.185069,34.653876],[126.187266,34.640611],[126.198822,34.640937],[126.200206,34.637437],[126.181814,34.629665],[126.176199,34.623643],[126.169688,34.623643],[126.16212,34.625881],[126.156098,34.623847],[126.152924,34.620063],[126.149669,34.619289],[126.143891,34.619289],[126.138031,34.61754],[126.132172,34.614163],[126.127615,34.613349],[126.125499,34.616197],[126.128917,34.641547],[126.121511,34.644843],[126.115896,34.649359],[126.11964,34.653062],[126.126394,34.655788],[126.130138,34.660142],[126.149099,34.67182]]],[[[125.476492,34.656195],[125.481619,34.656033],[125.479096,34.650621],[125.47226,34.643256],[125.465424,34.637356],[125.459809,34.640082],[125.455577,34.643581],[125.458751,34.649441],[125.464285,34.651068],[125.465994,34.655382],[125.469412,34.655422],[125.470388,34.655422],[125.473806,34.656114],[125.476492,34.656195]]],[[[125.445811,34.688463],[125.457286,34.690904],[125.459239,34.686835],[125.45045,34.679674],[125.445811,34.675116],[125.443207,34.66942],[125.427419,34.654242],[125.424327,34.647203],[125.417735,34.638129],[125.412608,34.63231],[125.408539,34.628607],[125.398774,34.631985],[125.392345,34.646308],[125.393403,34.659654],[125.398936,34.67182],[125.40561,34.682563],[125.412852,34.691962],[125.421235,34.697089],[125.429454,34.698432],[125.43393,34.695543],[125.437266,34.6883],[125.445811,34.688463]]],[[[125.370779,34.666612],[125.362071,34.676418],[125.374034,34.68126],[125.381358,34.677232],[125.376069,34.673163],[125.370779,34.666612]]],[[[125.198171,34.682278],[125.19394,34.679714],[125.197032,34.671617],[125.192475,34.670885],[125.188243,34.667751],[125.186371,34.662258],[125.17921,34.669704],[125.180675,34.674099],[125.178315,34.68126],[125.180593,34.68358],[125.185802,34.686265],[125.188569,34.684719],[125.200043,34.703396],[125.200531,34.713202],[125.203787,34.715644],[125.206228,34.713324],[125.213796,34.715237],[125.214285,34.704128],[125.214041,34.699205],[125.207612,34.687567],[125.198171,34.682278]]],[[[126.000987,34.704413],[126.00408,34.700263],[126.005382,34.692613],[126.003184,34.68476],[125.999034,34.677436],[125.983897,34.660631],[125.976899,34.656399],[125.969981,34.655911],[125.959727,34.656684],[125.959646,34.659817],[125.94516,34.666815],[125.929454,34.672309],[125.925059,34.670966],[125.916026,34.687649],[125.922862,34.69538],[125.952403,34.705146],[125.970551,34.725653],[125.976736,34.728258],[125.980479,34.726223],[125.989024,34.713324],[126.000987,34.704413]]],[[[126.107758,34.713365],[126.108246,34.701443],[126.102631,34.696519],[126.094574,34.702419],[126.097667,34.70836],[126.107758,34.713365]]],[[[126.127208,34.766547],[126.133149,34.761217],[126.141938,34.757554],[126.153819,34.756903],[126.163585,34.75495],[126.170258,34.749945],[126.173839,34.744452],[126.173106,34.739447],[126.174083,34.732815],[126.177501,34.724066],[126.177908,34.713365],[126.17213,34.703803],[126.159434,34.702786],[126.147716,34.712348],[126.138438,34.723456],[126.127696,34.723578],[126.122325,34.719631],[126.118826,34.718248],[126.111339,34.717719],[126.104259,34.721991],[126.10255,34.730536],[126.093435,34.744289],[126.073741,34.761379],[126.069591,34.76968],[126.079275,34.767564],[126.087169,34.767524],[126.094574,34.770657],[126.105235,34.771552],[126.117849,34.769965],[126.127208,34.766547]]],[[[125.912852,34.776923],[125.925059,34.780829],[125.93865,34.776516],[125.956554,34.779731],[125.989268,34.790025],[125.995942,34.790758],[126.000743,34.790107],[126.004405,34.787177],[126.007172,34.780951],[126.007579,34.759711],[126.00294,34.761461],[125.991547,34.764106],[125.986501,34.766547],[125.977875,34.757148],[125.964203,34.757066],[125.951671,34.759263],[125.946137,34.756659],[125.944102,34.743232],[125.938731,34.731431],[125.930024,34.722602],[125.918142,34.718166],[125.906423,34.719306],[125.897797,34.72602],[125.892589,34.73664],[125.89088,34.749823],[125.893891,34.762274],[125.901866,34.771064],[125.912852,34.776923]]],[[[126.321625,34.786322],[126.324799,34.783515],[126.328543,34.780788],[126.322846,34.774685],[126.317475,34.772488],[126.316661,34.768175],[126.319509,34.765489],[126.318858,34.760606],[126.315033,34.760077],[126.305919,34.779527],[126.313813,34.783108],[126.317393,34.787624],[126.321625,34.786322]]],[[[126.146251,34.761868],[126.134613,34.76732],[126.121593,34.776516],[126.104828,34.781643],[126.09254,34.787584],[126.102387,34.794379],[126.127289,34.797756],[126.141856,34.802965],[126.149425,34.808092],[126.159028,34.804592],[126.16627,34.796454],[126.168712,34.792304],[126.165538,34.7897],[126.16212,34.783271],[126.164236,34.769761],[126.158214,34.764472],[126.146251,34.761868]]],[[[126.13502,34.829291],[126.125173,34.829657],[126.118907,34.823798],[126.119151,34.812649],[126.115896,34.803127],[126.105235,34.798163],[126.096202,34.798774],[126.094005,34.804674],[126.094412,34.808661],[126.079438,34.822659],[126.071056,34.83218],[126.064138,34.842597],[126.067149,34.850531],[126.081798,34.856594],[126.093761,34.857611],[126.103282,34.853176],[126.112559,34.85342],[126.115245,34.859442],[126.113292,34.871161],[126.122813,34.878811],[126.135916,34.878607],[126.142263,34.879136],[126.147227,34.876858],[126.152029,34.871161],[126.153087,34.864976],[126.139659,34.857896],[126.144542,34.842353],[126.1421,34.832913],[126.13502,34.829291]]],[[[126.292654,34.880683],[126.29713,34.886908],[126.297618,34.894232],[126.289806,34.903022],[126.286469,34.912909],[126.297374,34.917548],[126.314708,34.91413],[126.33253,34.906724],[126.345225,34.896226],[126.343923,34.890326],[126.335216,34.88939],[126.319998,34.88109],[126.318126,34.876451],[126.318696,34.870551],[126.320079,34.865871],[126.326508,34.864203],[126.340668,34.864081],[126.35963,34.858588],[126.361664,34.837388],[126.342052,34.822496],[126.331309,34.825832],[126.337657,34.831732],[126.340831,34.83747],[126.338227,34.841457],[126.310313,34.854071],[126.306163,34.855902],[126.276622,34.851955],[126.26352,34.846666],[126.248709,34.844713],[126.236827,34.848049],[126.230724,34.85456],[126.236095,34.859809],[126.251964,34.860663],[126.272309,34.866767],[126.27589,34.87051],[126.279145,34.873277],[126.280121,34.877509],[126.292654,34.880683]]],[[[126.052257,34.907538],[126.056,34.913642],[126.060313,34.926907],[126.070079,34.9289],[126.081228,34.922593],[126.089122,34.911322],[126.091482,34.896918],[126.08839,34.882961],[126.08074,34.870998],[126.069102,34.862738],[126.054698,34.859198],[126.046397,34.861802],[126.039887,34.866441],[126.031423,34.868964],[125.99879,34.862942],[125.986501,34.862738],[125.986501,34.868964],[125.996349,34.876044],[126.014334,34.899644],[126.028005,34.909898],[126.034434,34.909573],[126.043956,34.907416],[126.052257,34.907538]]],[[[126.250173,34.91885],[126.24643,34.916246],[126.237559,34.913072],[126.225352,34.913398],[126.220388,34.922431],[126.222423,34.931952],[126.230235,34.935452],[126.247325,34.935452],[126.253184,34.933498],[126.253429,34.929185],[126.250173,34.91885]]],[[[126.280284,34.965155],[126.288585,34.961412],[126.294851,34.948188],[126.300141,34.938218],[126.296316,34.932603],[126.280447,34.936957],[126.276947,34.947577],[126.273855,34.952379],[126.268321,34.960679],[126.262055,34.9678],[126.266775,34.968166],[126.272309,34.965644],[126.272309,34.968736],[126.276134,34.969062],[126.280284,34.965155]]],[[[126.211355,34.982652],[126.217214,34.98546],[126.218191,34.981472],[126.215668,34.977159],[126.216645,34.974351],[126.213796,34.966254],[126.211681,34.953152],[126.206716,34.955634],[126.201671,34.963772],[126.199474,34.969631],[126.20338,34.978258],[126.211355,34.982652]]],[[[126.10491,34.995469],[126.098155,34.998358],[126.097179,35.00255],[126.100434,35.005032],[126.108328,35.00727],[126.111501,35.009508],[126.113292,35.01378],[126.117605,35.01671],[126.122569,35.0185],[126.127452,35.022447],[126.133962,35.024563],[126.142426,35.023383],[126.146821,35.021552],[126.151622,35.021267],[126.153819,35.019517],[126.155447,35.017239],[126.158865,35.016343],[126.160899,35.014309],[126.161306,35.009508],[126.163503,35.003485],[126.170584,34.999742],[126.177989,34.996609],[126.179861,34.991726],[126.177582,34.978135],[126.165375,34.969591],[126.146007,34.965928],[126.14446,34.959621],[126.146414,34.953843],[126.14503,34.951158],[126.132091,34.948839],[126.129487,34.946967],[126.126801,34.947333],[126.128266,34.95364],[126.135509,34.967271],[126.13795,34.988267],[126.148448,34.992133],[126.151785,34.996772],[126.147878,34.997504],[126.1421,34.995917],[126.115082,34.995266],[126.111501,34.996609],[126.10491,34.995469]]],[[[126.253754,35.005479],[126.262055,34.999905],[126.264496,34.99669],[126.270193,34.991116],[126.271007,34.981716],[126.270356,34.976996],[126.260265,34.976223],[126.255056,34.97248],[126.250743,34.975572],[126.244721,34.975572],[126.248464,34.979967],[126.250011,34.985785],[126.24936,34.998074],[126.243093,35.004462],[126.247406,35.006659],[126.253754,35.005479]]],[[[126.143809,35.057685],[126.152517,35.054389],[126.165294,35.055243],[126.174164,35.053168],[126.178396,35.048489],[126.180919,35.044013],[126.181895,35.038886],[126.181651,35.02912],[126.177419,35.025946],[126.172374,35.023627],[126.167003,35.025295],[126.158051,35.033433],[126.153982,35.035712],[126.148611,35.033515],[126.143809,35.033922],[126.142345,35.038275],[126.13852,35.039862],[126.133556,35.03974],[126.132172,35.041938],[126.139415,35.046454],[126.136567,35.047756],[126.132091,35.047105],[126.127778,35.048163],[126.129649,35.05268],[126.13738,35.056871],[126.143809,35.057685]]],[[[126.238536,35.091864],[126.231619,35.086127],[126.222423,35.085639],[126.218516,35.081936],[126.218516,35.076606],[126.229503,35.067328],[126.23878,35.06387],[126.249197,35.0633],[126.255138,35.056383],[126.258149,35.047512],[126.263194,35.041897],[126.264985,35.034247],[126.261078,35.024563],[126.257172,35.021959],[126.254568,35.025092],[126.242931,35.027289],[126.238048,35.032416],[126.23406,35.038316],[126.234223,35.047065],[126.236095,35.051947],[126.229259,35.053656],[126.203624,35.057196],[126.197927,35.061265],[126.189138,35.061957],[126.184825,35.06269],[126.180512,35.065904],[126.174815,35.068264],[126.169444,35.073676],[126.158702,35.094224],[126.164806,35.102281],[126.177501,35.10578],[126.18922,35.10224],[126.198578,35.097113],[126.207042,35.099514],[126.216645,35.103664],[126.22283,35.101142],[126.224946,35.096747],[126.229828,35.09691],[126.236013,35.098375],[126.238536,35.091864]]],[[[126.010265,35.097032],[126.014985,35.099351],[126.021007,35.100124],[126.025727,35.093329],[126.025564,35.075832],[126.021983,35.078884],[126.01531,35.081529],[126.009369,35.088772],[126.010265,35.097032]]],[[[126.131358,35.100246],[126.144786,35.082465],[126.134044,35.078803],[126.122813,35.06981],[126.114268,35.059312],[126.110606,35.051174],[126.105235,35.050035],[126.078624,35.055854],[126.069102,35.054592],[126.06544,35.05683],[126.062999,35.059027],[126.060395,35.060736],[126.056,35.061347],[126.063813,35.093085],[126.069102,35.102362],[126.07602,35.105618],[126.087901,35.108873],[126.098888,35.113267],[126.10377,35.119696],[126.111339,35.133287],[126.129405,35.14289],[126.149913,35.146877],[126.165212,35.1435],[126.134776,35.128974],[126.127778,35.120551],[126.126964,35.110541],[126.131358,35.100246]]],[[[126.149343,35.290147],[126.151215,35.281114],[126.154145,35.276435],[126.149343,35.274604],[126.140554,35.268948],[126.137706,35.272935],[126.133718,35.280097],[126.130626,35.284491],[126.130219,35.287909],[126.134369,35.291571],[126.135916,35.294338],[126.137869,35.297471],[126.144379,35.294745],[126.149343,35.290147]]],[[[126.019379,35.345201],[126.017019,35.349677],[126.012543,35.352484],[126.008881,35.354641],[126.014008,35.357408],[126.021658,35.363023],[126.027924,35.358303],[126.029552,35.354967],[126.034841,35.353095],[126.036876,35.349148],[126.039073,35.342841],[126.032319,35.338568],[126.029877,35.33572],[126.025076,35.335313],[126.013682,35.331895],[126.015798,35.33747],[126.009613,35.341457],[126.006196,35.344346],[126.009613,35.345974],[126.013031,35.346829],[126.016775,35.344957],[126.019379,35.345201]]],[[[126.274913,35.579047],[126.2671,35.574123],[126.263845,35.571682],[126.258067,35.570624],[126.253673,35.574368],[126.250499,35.580959],[126.252452,35.587307],[126.26295,35.591783],[126.261485,35.593411],[126.256521,35.596015],[126.258962,35.598375],[126.264496,35.600898],[126.26824,35.605211],[126.274262,35.606024],[126.277843,35.607367],[126.276134,35.61286],[126.280447,35.612698],[126.291759,35.611029],[126.299327,35.616034],[126.302989,35.61933],[126.307302,35.616645],[126.309418,35.610663],[126.305675,35.603217],[126.287283,35.590277],[126.274913,35.579047]]],[[[126.363943,35.84809],[126.364838,35.85045],[126.365245,35.852769],[126.372488,35.853217],[126.378754,35.854071],[126.380544,35.848334],[126.370453,35.84455],[126.362966,35.844997],[126.360362,35.847724],[126.363943,35.84809]]],[[[125.983735,36.116726],[125.985606,36.1105],[125.97991,36.107408],[125.973237,36.111884],[125.970063,36.119086],[125.978608,36.126207],[125.991222,36.122341],[125.995128,36.111436],[125.988943,36.117703],[125.983735,36.116726]]],[[[126.064708,36.220771],[126.069998,36.227607],[126.073497,36.229478],[126.073741,36.233547],[126.077729,36.23428],[126.091156,36.232774],[126.0949,36.224921],[126.076589,36.218899],[126.064708,36.220771]]],[[[126.36378,36.332343],[126.359141,36.326361],[126.357921,36.326036],[126.348399,36.331],[126.339203,36.327623],[126.338145,36.330105],[126.342621,36.340847],[126.349539,36.346584],[126.353201,36.355943],[126.358002,36.354153],[126.360769,36.342637],[126.367686,36.336575],[126.36378,36.332343]]],[[[126.382986,36.375067],[126.386078,36.380357],[126.392751,36.380723],[126.398774,36.379218],[126.406179,36.375596],[126.410981,36.377468],[126.412446,36.383002],[126.423025,36.385688],[126.428071,36.384955],[126.431895,36.380723],[126.436778,36.369656],[126.441173,36.364773],[126.458018,36.361599],[126.458181,36.358018],[126.450287,36.355292],[126.387462,36.368923],[126.382986,36.375067]]],[[[126.325153,36.553864],[126.314818,36.581787],[126.323463,36.590891],[126.341181,36.604134],[126.360244,36.60936],[126.373546,36.592231],[126.375336,36.586086],[126.370994,36.578754],[126.363367,36.57384],[126.364266,36.56697],[126.381114,36.536282],[126.3838,36.526516],[126.379405,36.518378],[126.384566,36.511198],[126.39591,36.505792],[126.404796,36.493313],[126.3838,36.493313],[126.3838,36.487128],[126.390636,36.486029],[126.404796,36.479641],[126.403691,36.473344],[126.402687,36.468392],[126.405414,36.458836],[126.412934,36.440334],[126.426443,36.42357],[126.43214,36.407945],[126.422618,36.411526],[126.378184,36.409491],[126.36378,36.411363],[126.361053,36.426321],[126.365874,36.431645],[126.373556,36.437337],[126.377615,36.446194],[126.35377,36.434068],[126.342621,36.438381],[126.345714,36.453315],[126.36378,36.473456],[126.356944,36.479641],[126.343272,36.46662],[126.33864,36.475611],[126.328143,36.471089],[126.333606,36.495093],[126.329763,36.531724],[126.325153,36.553864]]],[[[126.08253,36.677395],[126.079031,36.672349],[126.074392,36.670315],[126.069835,36.67296],[126.054698,36.666734],[126.047862,36.671698],[126.052826,36.674547],[126.066254,36.679226],[126.07488,36.681749],[126.08017,36.690985],[126.083588,36.690579],[126.084646,36.686347],[126.08253,36.677395]]],[[[126.005463,37.024888],[126.01116,37.028673],[126.013927,37.028469],[126.00823,37.020616],[125.992035,37.019232],[125.987559,37.024848],[125.984304,37.026801],[125.978689,37.040473],[125.986664,37.040391],[125.992361,37.033393],[125.990571,37.029405],[125.999278,37.026801],[126.005463,37.024888]]],[[[125.947602,37.094672],[125.950776,37.092841],[125.964854,37.089057],[125.964529,37.081732],[125.958344,37.081529],[125.952485,37.083075],[125.952973,37.076443],[125.951671,37.069729],[125.948822,37.067247],[125.945242,37.068915],[125.944916,37.073228],[125.940033,37.07628],[125.940766,37.082831],[125.945323,37.085354],[125.945974,37.091946],[125.947602,37.094672]]],[[[126.065603,37.103705],[126.085134,37.106838],[126.075369,37.082831],[126.072765,37.083075],[126.067068,37.083035],[126.063324,37.087185],[126.072846,37.093736],[126.065278,37.096544],[126.059744,37.095933],[126.065603,37.103705]]],[[[126.381196,37.103868],[126.38144,37.114895],[126.388601,37.115261],[126.392914,37.097805],[126.386241,37.102769],[126.381196,37.103868]]],[[[126.266449,37.166938],[126.258881,37.166938],[126.250011,37.169298],[126.244965,37.177843],[126.253429,37.177517],[126.258393,37.182522],[126.267996,37.176581],[126.270763,37.168077],[126.275727,37.16413],[126.280691,37.156968],[126.271414,37.160061],[126.266449,37.166938]]],[[[126.089529,37.185777],[126.100759,37.186265],[126.10727,37.179674],[126.109141,37.181016],[126.112966,37.18008],[126.109711,37.17532],[126.109955,37.171536],[126.110688,37.168077],[126.109467,37.165066],[126.095225,37.165391],[126.090017,37.171495],[126.087657,37.18065],[126.089529,37.185777]]],[[[126.099864,37.228013],[126.092784,37.22484],[126.088634,37.225979],[126.088715,37.22956],[126.091807,37.245917],[126.097423,37.259426],[126.104747,37.267524],[126.112804,37.263088],[126.119802,37.253607],[126.126964,37.248928],[126.151622,37.238593],[126.15919,37.23192],[126.15504,37.225735],[126.142345,37.215399],[126.133311,37.212348],[126.121593,37.210924],[126.111664,37.214545],[126.105154,37.223578],[126.10255,37.228664],[126.099864,37.228013]]],[[[126.280691,37.26321],[126.283458,37.267198],[126.287608,37.268744],[126.325043,37.258612],[126.33196,37.258897],[126.337413,37.260525],[126.340343,37.255154],[126.333181,37.246649],[126.322032,37.244737],[126.312348,37.247301],[126.303396,37.251614],[126.296397,37.251573],[126.28183,37.26024],[126.280691,37.26321]]],[[[126.409272,37.408352],[126.417491,37.403388],[126.429373,37.390367],[126.434662,37.387397],[126.438487,37.383083],[126.438487,37.378201],[126.436127,37.371975],[126.424815,37.367214],[126.412364,37.367458],[126.404389,37.387966],[126.399343,37.391913],[126.399099,37.398627],[126.403168,37.407131],[126.409272,37.408352]]],[[[126.377778,37.536485],[126.382335,37.532091],[126.36964,37.527899],[126.337738,37.52733],[126.331554,37.52558],[126.328054,37.528835],[126.320893,37.543484],[126.311697,37.553412],[126.312511,37.55622],[126.318044,37.55626],[126.334321,37.549384],[126.348481,37.537421],[126.377778,37.536485]]],[[[125.705821,37.601671],[125.708832,37.611029],[125.718598,37.613837],[125.7199,37.608791],[125.713064,37.60342],[125.705821,37.601671]]],[[[126.22698,37.65119],[126.252778,37.653225],[126.254731,37.64879],[126.253591,37.634385],[126.257009,37.631903],[126.260346,37.627997],[126.255544,37.626614],[126.23935,37.636054],[126.22698,37.647895],[126.22698,37.65119]]],[[[125.703136,37.661444],[125.693614,37.653957],[125.687836,37.65176],[125.684581,37.657294],[125.67921,37.669664],[125.680431,37.67829],[125.688243,37.679267],[125.699229,37.678127],[125.706228,37.672309],[125.703136,37.661444]]],[[[126.164968,37.668647],[126.157888,37.674018],[126.194835,37.683865],[126.201427,37.674587],[126.206472,37.661404],[126.203787,37.654975],[126.195486,37.655911],[126.179617,37.667467],[126.171886,37.667467],[126.164968,37.668647]]],[[[126.130219,37.691352],[126.142019,37.686998],[126.138682,37.679551],[126.134776,37.681464],[126.125173,37.682644],[126.12322,37.68887],[126.130219,37.691352]]],[[[126.3567,37.695136],[126.369151,37.687323],[126.378754,37.678697],[126.380707,37.669176],[126.370128,37.658352],[126.349864,37.657375],[126.281993,37.699286],[126.290782,37.705634],[126.294932,37.713568],[126.300629,37.732367],[126.303722,37.737209],[126.308604,37.742336],[126.31422,37.74608],[126.319998,37.747219],[126.323741,37.745551],[126.326182,37.742499],[126.327647,37.738267],[126.33074,37.719957],[126.331879,37.716498],[126.336681,37.709906],[126.343028,37.704291],[126.3567,37.695136]]],[[[126.232107,37.714382],[126.218435,37.720649],[126.22462,37.723131],[126.236827,37.72248],[126.243093,37.716986],[126.234304,37.71662],[126.232107,37.714382]]],[[[125.312755,37.7414],[125.295746,37.727607],[125.269379,37.714097],[125.260997,37.707424],[125.246837,37.699856],[125.226329,37.696357],[125.220551,37.703762],[125.250173,37.731676],[125.264334,37.737209],[125.274587,37.733832],[125.27711,37.740465],[125.27947,37.749416],[125.284841,37.749498],[125.287446,37.750678],[125.288748,37.753648],[125.292735,37.755439],[125.299327,37.756171],[125.328787,37.766669],[125.337738,37.768704],[125.312755,37.7414]]],[[[125.649587,37.737942],[125.650401,37.73371],[125.646658,37.735256],[125.649587,37.737942]]],[[[125.214285,37.755154],[125.21811,37.75552],[125.224457,37.757392],[125.239919,37.754747],[125.235606,37.747911],[125.237315,37.744371],[125.238129,37.74079],[125.234955,37.739976],[125.22462,37.749701],[125.214285,37.755154]]],[[[125.921235,37.779975],[125.917898,37.776394],[125.904633,37.769232],[125.894054,37.766099],[125.888276,37.76793],[125.890961,37.774482],[125.895925,37.778551],[125.90211,37.774848],[125.910492,37.780219],[125.917898,37.781073],[125.921316,37.784084],[125.921235,37.779975]]],[[[126.335948,37.7744],[126.318207,37.762274],[126.296235,37.761135],[126.254568,37.768215],[126.245372,37.765367],[126.234141,37.760647],[126.224457,37.760443],[126.22047,37.771308],[126.222667,37.774726],[126.234141,37.802314],[126.24643,37.811754],[126.260509,37.814765],[126.276541,37.81151],[126.295258,37.802476],[126.314952,37.80272],[126.333263,37.800442],[126.34254,37.792141],[126.335948,37.7744]]],[[[125.347911,37.799913],[125.343272,37.796658],[125.34197,37.792548],[125.334646,37.790188],[125.331554,37.7862],[125.3296,37.781073],[125.329926,37.789455],[125.336436,37.80036],[125.345958,37.805365],[125.351329,37.811713],[125.359955,37.810533],[125.347911,37.799913]]],[[[125.192882,37.811103],[125.190278,37.809027],[125.185069,37.808173],[125.171723,37.797187],[125.156261,37.786689],[125.147716,37.78559],[125.142833,37.794135],[125.141368,37.799506],[125.146495,37.802232],[125.166189,37.813707],[125.183849,37.818834],[125.188487,37.819078],[125.191417,37.815497],[125.192882,37.811103]]],[[[125.772309,37.813585],[125.773774,37.809719],[125.774181,37.802436],[125.77003,37.796658],[125.760102,37.798529],[125.757742,37.802965],[125.762462,37.81037],[125.772309,37.813585]]],[[[125.027843,37.830024],[125.030447,37.836168],[125.040782,37.834459],[125.044607,37.824612],[125.041759,37.817288],[125.039561,37.817613],[125.036388,37.81745],[125.025645,37.808295],[125.01588,37.80565],[125.005056,37.805569],[124.997732,37.808417],[124.997813,37.813056],[125.002615,37.815416],[125.006847,37.819281],[125.011974,37.821845],[125.019054,37.820299],[125.025401,37.817857],[125.028494,37.818834],[125.02947,37.822984],[125.030121,37.8251],[125.027843,37.830024]]],[[[124.966238,37.92418],[124.96518,37.915758],[124.958344,37.914415],[124.957367,37.91824],[124.955577,37.924425],[124.957042,37.927802],[124.960785,37.928616],[124.966238,37.92418]]],[[[124.819998,38.052965],[124.819591,38.058702],[124.824148,38.061387],[124.823822,38.051418],[124.819998,38.052965]]],[[[124.822032,38.522366],[124.79949,38.50849],[124.790294,38.517401],[124.794444,38.533922],[124.832205,38.553046],[124.844249,38.555162],[124.849376,38.545885],[124.865733,38.54149],[124.877208,38.536322],[124.883474,38.528551],[124.900401,38.505316],[124.903982,38.494371],[124.861095,38.503852],[124.840831,38.510688],[124.822032,38.522366]]],[[[125.020193,38.659044],[125.016124,38.64647],[125.007498,38.636298],[124.984386,38.622667],[124.97934,38.62519],[124.97934,38.63345],[124.985037,38.639635],[124.990977,38.639553],[124.994151,38.636623],[124.996755,38.637519],[125.00294,38.6435],[125.003998,38.647528],[124.996267,38.646226],[124.985362,38.647325],[124.982758,38.652533],[124.985688,38.656765],[124.989106,38.659084],[124.990245,38.662665],[124.988373,38.668118],[124.988292,38.67357],[124.99464,38.670885],[125.003673,38.659695],[125.007823,38.657497],[125.015636,38.660549],[125.020193,38.659044]]],[[[125.114594,39.509101],[125.111746,39.503363],[125.109711,39.509263],[125.114594,39.509101]]],[[[125.206065,39.529364],[125.217621,39.525173],[125.210704,39.517076],[125.203298,39.519639],[125.194672,39.526719],[125.19516,39.531236],[125.203787,39.534329],[125.206065,39.529364]]],[[[125.148855,39.529975],[125.144542,39.520779],[125.14031,39.527045],[125.131928,39.529853],[125.138194,39.536607],[125.143809,39.539415],[125.152843,39.541083],[125.156505,39.540758],[125.163422,39.540758],[125.15797,39.534491],[125.156098,39.535712],[125.148855,39.529975]]],[[[125.137625,39.555569],[125.141124,39.556301],[125.150727,39.554429],[125.160492,39.555609],[125.162527,39.547065],[125.163585,39.544135],[125.152192,39.543199],[125.146169,39.548367],[125.136078,39.551703],[125.137625,39.555569]]],[[[124.869706,39.595657],[124.881769,39.603869],[124.880471,39.612455],[124.899193,39.614124],[124.926741,39.604786],[124.922227,39.598289],[124.909674,39.593554],[124.920254,39.572278],[124.933609,39.550543],[124.912092,39.540803],[124.883182,39.52747],[124.861664,39.507636],[124.842656,39.505162],[124.818563,39.495444],[124.836927,39.520939],[124.849816,39.516534],[124.85697,39.527899],[124.842773,39.538426],[124.845007,39.543176],[124.856588,39.544228],[124.85705,39.548303],[124.859738,39.553139],[124.85441,39.556577],[124.854475,39.573754],[124.870522,39.580934],[124.869706,39.595657]]],[[[124.901215,39.629503],[124.905365,39.63231],[124.910004,39.628689],[124.909679,39.622301],[124.908458,39.622341],[124.898855,39.628567],[124.901215,39.629503]]],[[[124.838715,39.637926],[124.825206,39.644924],[124.831554,39.647488],[124.842296,39.643785],[124.838715,39.637926]]],[[[127.345388,26.158271],[127.342784,26.170233],[127.342296,26.179999],[127.342621,26.185736],[127.346202,26.206366],[127.354177,26.21894],[127.364106,26.22134],[127.36964,26.214586],[127.370779,26.210028],[127.37086,26.203192],[127.367931,26.190619],[127.363617,26.177558],[127.361095,26.164008],[127.353526,26.153998],[127.345388,26.158271]]],[[[127.939464,26.239529],[127.934744,26.243842],[127.932628,26.250556],[127.934011,26.252021],[127.93686,26.256537],[127.940847,26.26203],[127.945079,26.260769],[127.945974,26.251899],[127.939464,26.239529]]],[[[126.752126,26.390692],[126.769867,26.388007],[126.78712,26.380072],[126.801443,26.367662],[126.810069,26.351874],[126.810313,26.342515],[126.807384,26.332587],[126.802094,26.323554],[126.795746,26.317125],[126.793712,26.312893],[126.795095,26.308905],[126.795177,26.305609],[126.78891,26.303453],[126.7824,26.304511],[126.775401,26.308539],[126.77003,26.314195],[126.767833,26.320543],[126.759939,26.334418],[126.741466,26.341702],[126.719981,26.346991],[126.703624,26.355292],[126.697765,26.369045],[126.706798,26.379136],[126.723643,26.385972],[126.74171,26.389716],[126.752126,26.390692]]],[[[127.993826,26.372504],[127.995209,26.367214],[127.989106,26.358466],[127.978201,26.354804],[127.967703,26.359687],[127.972992,26.37641],[127.977631,26.379747],[127.987071,26.38406],[127.990408,26.380357],[127.988699,26.374783],[127.993826,26.372504]]],[[[128.172211,26.623481],[128.158865,26.618801],[128.151622,26.612454],[128.142833,26.601752],[128.135265,26.590074],[128.132091,26.581244],[128.13502,26.577948],[128.14088,26.576728],[128.145763,26.573432],[128.145193,26.564114],[128.141775,26.556586],[128.138357,26.554023],[128.133067,26.553209],[128.108735,26.545152],[128.090343,26.54267],[128.071625,26.544013],[128.055919,26.550482],[128.036388,26.52733],[127.984141,26.478461],[127.972016,26.471869],[127.959972,26.470852],[127.950938,26.466702],[127.947276,26.451158],[127.940278,26.44774],[127.870616,26.447414],[127.859874,26.445624],[127.851736,26.44123],[127.838878,26.425238],[127.843028,26.417467],[127.854747,26.412991],[127.864757,26.40648],[127.869802,26.393459],[127.873383,26.364814],[127.878266,26.351874],[127.888845,26.339097],[127.910167,26.323065],[127.919932,26.309638],[127.901866,26.304999],[127.882091,26.310736],[127.861501,26.319403],[127.840831,26.32392],[127.828298,26.31623],[127.777517,26.233344],[127.771007,26.216498],[127.768403,26.197659],[127.775401,26.185126],[127.791515,26.185492],[127.809906,26.189195],[127.823578,26.186754],[127.81422,26.16592],[127.796886,26.139716],[127.775727,26.121772],[127.754893,26.125312],[127.74171,26.115627],[127.725352,26.089586],[127.710134,26.084377],[127.651703,26.084377],[127.657074,26.121772],[127.635916,26.191352],[127.638194,26.214748],[127.658458,26.212348],[127.677745,26.230618],[127.692638,26.256252],[127.700206,26.276109],[127.718272,26.274075],[127.731293,26.289374],[127.739106,26.309231],[127.741873,26.320543],[127.738617,26.341457],[127.724376,26.385443],[127.720714,26.40648],[127.722504,26.429918],[127.731293,26.439887],[127.747732,26.44184],[127.781098,26.44123],[127.793712,26.442694],[127.805186,26.447577],[127.810069,26.457994],[127.813731,26.457994],[127.828787,26.483059],[127.830577,26.48843],[127.864268,26.505683],[127.90268,26.516425],[127.937511,26.532131],[127.960216,26.564114],[127.962413,26.581977],[127.955903,26.594794],[127.940603,26.602484],[127.894298,26.60928],[127.88559,26.620185],[127.884776,26.635688],[127.885753,26.65351],[127.87794,26.686591],[127.878266,26.694525],[127.885427,26.696112],[127.919932,26.694525],[127.96461,26.69717],[127.987315,26.692939],[128.001231,26.680243],[127.999522,26.67182],[127.992524,26.663275],[127.988536,26.652981],[127.995616,26.639228],[128.004405,26.634752],[128.014903,26.634833],[128.057384,26.644761],[128.111095,26.674018],[128.103282,26.69123],[128.111339,26.703437],[128.152354,26.731513],[128.156993,26.737128],[128.161957,26.757148],[128.1692,26.761176],[128.176117,26.762519],[128.179454,26.765855],[128.187999,26.780504],[128.225922,26.800971],[128.23463,26.813951],[128.238536,26.832424],[128.254405,26.864407],[128.255056,26.886298],[128.331391,26.813422],[128.337657,26.796942],[128.333344,26.793036],[128.330251,26.787258],[128.329845,26.780341],[128.334239,26.773017],[128.337657,26.764309],[128.333344,26.756659],[128.326834,26.750474],[128.323416,26.746039],[128.309744,26.721177],[128.308849,26.71776],[128.309744,26.704739],[128.308116,26.700873],[128.30421,26.701321],[128.299978,26.702582],[128.296641,26.701321],[128.264415,26.652411],[128.243337,26.633287],[128.217133,26.625637],[128.172211,26.623481]]],[[[127.244151,26.586412],[127.236827,26.579169],[127.227061,26.579535],[127.214854,26.57746],[127.208832,26.581977],[127.214854,26.592922],[127.222179,26.598944],[127.232758,26.600775],[127.242361,26.596747],[127.244151,26.586412]]],[[[127.809825,26.735419],[127.811209,26.706977],[127.785655,26.702582],[127.758556,26.712877],[127.754649,26.728583],[127.768809,26.734036],[127.795746,26.731513],[127.809825,26.735419]]],[[[127.91977,26.922065],[127.918142,26.925198],[127.92099,26.934638],[127.918549,26.942165],[127.926199,26.95128],[127.945893,26.951606],[127.956391,26.941026],[127.953136,26.923326],[127.953461,26.913845],[127.948171,26.911282],[127.937104,26.912828],[127.926117,26.917141],[127.91977,26.922065]]],[[[128.401541,27.036933],[128.396251,27.040758],[128.396251,27.049018],[128.401622,27.050727],[128.408702,27.050849],[128.415701,27.05976],[128.428966,27.066474],[128.444347,27.062567],[128.451671,27.054145],[128.454356,27.047512],[128.454845,27.028754],[128.448578,27.020697],[128.431407,27.021674],[128.410899,27.030585],[128.406098,27.035102],[128.401541,27.036933]]],[[[127.925792,27.009752],[127.93572,27.025092],[127.987071,27.078599],[127.995372,27.091742],[128.000987,27.091742],[127.993175,27.066718],[127.975759,27.03974],[127.952159,27.018297],[127.925792,27.009752]]],[[[128.526866,27.371894],[128.525157,27.38467],[128.526134,27.397162],[128.528819,27.40644],[128.533865,27.415269],[128.538422,27.417629],[128.54656,27.417873],[128.561534,27.420396],[128.600271,27.415351],[128.618826,27.415595],[128.635265,27.423774],[128.650401,27.434719],[128.700694,27.45482],[128.702485,27.451606],[128.70281,27.450751],[128.703461,27.450426],[128.706879,27.448635],[128.697602,27.435736],[128.66977,27.421088],[128.655772,27.410142],[128.640473,27.38467],[128.630707,27.375678],[128.618175,27.379706],[128.613129,27.364325],[128.604747,27.361802],[128.59547,27.363918],[128.587413,27.362047],[128.574474,27.353339],[128.559906,27.350735],[128.545421,27.353746],[128.532481,27.362047],[128.526866,27.371894]]],[[[128.241547,27.845364],[128.23227,27.852851],[128.229828,27.868964],[128.236583,27.866523],[128.238536,27.860907],[128.243419,27.857245],[128.241547,27.845364]]],[[[128.34311,32.007229],[128.350027,32.007961],[128.356293,32.009345],[128.351248,31.996731],[128.354666,31.989285],[128.348969,31.990383],[128.346039,31.986151],[128.343842,31.991319],[128.346202,31.995347],[128.347667,32.000637],[128.344737,32.003404],[128.34311,32.007229]]],[[[128.389822,32.046454],[128.394054,32.054836],[128.402761,32.052924],[128.41391,32.054389],[128.404877,32.038642],[128.397472,32.041571],[128.388764,32.039903],[128.383718,32.043769],[128.389822,32.046454]]],[[[128.736042,32.603494],[128.712413,32.604315],[128.662852,32.601549],[128.652631,32.591075],[128.618544,32.609536],[128.600439,32.614178],[128.603819,32.630598],[128.610606,32.642524],[128.613536,32.650214],[128.618175,32.659654],[128.624278,32.667304],[128.631847,32.669867],[128.633067,32.665473],[128.636241,32.643744],[128.638682,32.635159],[128.639659,32.641262],[128.65268,32.667914],[128.654307,32.677965],[128.654552,32.68887],[128.653494,32.699612],[128.650645,32.709296],[128.64796,32.713853],[128.64503,32.717963],[128.642589,32.722398],[128.642263,32.728013],[128.644054,32.733303],[128.650401,32.744534],[128.641768,32.761384],[128.65094,32.775413],[128.660818,32.782782],[128.679047,32.782904],[128.685738,32.770916],[128.699653,32.743771],[128.705365,32.747461],[128.721849,32.754283],[128.743175,32.758287],[128.779224,32.776625],[128.784125,32.788181],[128.80849,32.799908],[128.812022,32.782416],[128.810802,32.774888],[128.810557,32.766059],[128.827688,32.761903],[128.842296,32.759467],[128.849783,32.742743],[128.842069,32.703861],[128.855226,32.688864],[128.878427,32.673925],[128.893712,32.657618],[128.901134,32.646918],[128.901134,32.645982],[128.899262,32.642524],[128.880931,32.642359],[128.857899,32.643409],[128.817716,32.63459],[128.815488,32.64681],[128.793224,32.652493],[128.788097,32.648505],[128.779633,32.646796],[128.77589,32.642524],[128.772227,32.631903],[128.775157,32.627143],[128.780121,32.624823],[128.794959,32.610093],[128.792228,32.597942],[128.790201,32.586385],[128.77311,32.571666],[128.755382,32.580512],[128.736042,32.603494]]],[[[128.602631,32.740017],[128.610281,32.73192],[128.600841,32.729438],[128.602387,32.723171],[128.59783,32.709459],[128.589692,32.720079],[128.594981,32.732245],[128.602631,32.740017]]],[[[128.677013,32.801703],[128.67392,32.804389],[128.67571,32.809678],[128.681651,32.808865],[128.677013,32.801703]]],[[[126.640723,33.264666],[126.606919,33.24061],[126.565527,33.232908],[126.521209,33.236618],[126.470562,33.228714],[126.428458,33.239309],[126.333427,33.238169],[126.30379,33.226559],[126.286143,33.200385],[126.27003,33.197577],[126.253917,33.204047],[126.231151,33.234923],[126.200824,33.243552],[126.171397,33.269355],[126.161143,33.300767],[126.178966,33.341457],[126.195811,33.366685],[126.206228,33.375556],[126.240977,33.392768],[126.270661,33.435874],[126.297949,33.441715],[126.310567,33.464476],[126.35736,33.477961],[126.45938,33.502381],[126.484935,33.520758],[126.582434,33.529284],[126.648798,33.553426],[126.664692,33.549676],[126.745505,33.560556],[126.79236,33.563797],[126.823366,33.55944],[126.835216,33.544582],[126.849946,33.53498],[126.898204,33.518988],[126.912852,33.506578],[126.922699,33.47663],[126.932384,33.464911],[126.937022,33.469468],[126.94337,33.473822],[126.946056,33.478013],[126.953624,33.465033],[126.948985,33.460598],[126.939301,33.458238],[126.932384,33.451321],[126.932872,33.445502],[126.93922,33.436265],[126.93922,33.430854],[126.935802,33.425482],[126.927257,33.416083],[126.925548,33.413153],[126.907507,33.395725],[126.87353,33.373046],[126.862992,33.354141],[126.847956,33.332065],[126.847239,33.323218],[126.840587,33.310207],[126.815929,33.307807],[126.806407,33.303616],[126.780141,33.30555],[126.741793,33.280208],[126.640723,33.264666]]],[[[126.955414,33.522976],[126.959402,33.519436],[126.958914,33.51675],[126.962576,33.508775],[126.963634,33.495998],[126.955821,33.491238],[126.944835,33.493842],[126.941091,33.49787],[126.941091,33.50609],[126.948334,33.52265],[126.951427,33.524929],[126.955414,33.522976]]],[[[126.92571,33.989651],[126.935232,33.974107],[126.912446,33.970852],[126.911794,33.975531],[126.91033,33.986436],[126.91863,33.990627],[126.92571,33.989651]]],[[[127.298106,34.057196],[127.294688,34.047919],[127.296397,34.037584],[127.309093,34.020087],[127.314952,34.015774],[127.322113,34.014106],[127.324718,34.010688],[127.323497,34.005764],[127.309337,34.011461],[127.295665,34.014106],[127.293224,34.017239],[127.289806,34.024075],[127.287608,34.032416],[127.283865,34.034613],[127.280772,34.037787],[127.278331,34.044623],[127.279796,34.048651],[127.279307,34.05329],[127.28004,34.05744],[127.283214,34.058295],[127.286876,34.057278],[127.291515,34.058498],[127.2942,34.061103],[127.295665,34.061469],[127.298106,34.057196]]],[[[127.318696,34.03734],[127.312836,34.044501],[127.306977,34.053982],[127.30836,34.060411],[127.312511,34.058702],[127.318777,34.056179],[127.323009,34.059312],[127.325369,34.056383],[127.327566,34.049384],[127.327973,34.044135],[127.332123,34.041897],[127.333832,34.039455],[127.334646,34.036892],[127.334809,34.035386],[127.332856,34.03323],[127.330333,34.033149],[127.318696,34.03734]]],[[[126.588064,34.116319],[126.5949,34.115343],[126.601085,34.106838],[126.604096,34.099148],[126.603445,34.097317],[126.596121,34.100409],[126.584646,34.10102],[126.581554,34.101671],[126.584646,34.105414],[126.587576,34.107978],[126.584646,34.113756],[126.588064,34.116319]]],[[[126.567882,34.168647],[126.573741,34.168036],[126.582042,34.170152],[126.593272,34.169989],[126.598969,34.168647],[126.607677,34.165595],[126.615977,34.156968],[126.613536,34.152533],[126.609386,34.155666],[126.605805,34.156155],[126.604015,34.152248],[126.600271,34.153469],[126.591156,34.15762],[126.581798,34.157416],[126.576427,34.153062],[126.573009,34.147691],[126.56186,34.141425],[126.551931,34.133979],[126.536876,34.126451],[126.517751,34.127143],[126.507091,34.138861],[126.506358,34.153998],[126.515147,34.16885],[126.532888,34.179104],[126.548106,34.179104],[126.567882,34.168647]]],[[[126.670746,34.189887],[126.673106,34.180121],[126.663585,34.173326],[126.661876,34.165717],[126.672048,34.153266],[126.676036,34.151435],[126.679454,34.146552],[126.67628,34.143541],[126.671886,34.142971],[126.670421,34.13703],[126.670421,34.126939],[126.665375,34.119086],[126.655528,34.116848],[126.650401,34.119371],[126.648611,34.12401],[126.643809,34.127183],[126.638682,34.128119],[126.636485,34.141547],[126.642833,34.164618],[126.64503,34.177476],[126.638438,34.182563],[126.636485,34.187161],[126.644786,34.193752],[126.645274,34.19717],[126.653819,34.197089],[126.670746,34.189887]]],[[[126.918956,34.190497],[126.924978,34.184882],[126.922374,34.172349],[126.919932,34.166978],[126.913585,34.15766],[126.901866,34.152411],[126.886974,34.151353],[126.875987,34.156073],[126.866954,34.162828],[126.860362,34.162177],[126.856944,34.157172],[126.853201,34.159003],[126.849132,34.174384],[126.855317,34.18476],[126.856944,34.194281],[126.86085,34.20185],[126.867931,34.207465],[126.882172,34.213284],[126.899262,34.209662],[126.909353,34.197699],[126.918956,34.190497]]],[[[126.747325,34.189358],[126.749685,34.196967],[126.749197,34.202582],[126.763682,34.212104],[126.767751,34.202135],[126.769949,34.198757],[126.769786,34.195502],[126.768321,34.19066],[126.761729,34.183498],[126.759125,34.177029],[126.752615,34.185411],[126.747325,34.189358]]],[[[126.562185,34.222317],[126.561534,34.225165],[126.556407,34.232123],[126.559744,34.234524],[126.567638,34.232408],[126.575369,34.228949],[126.596202,34.22602],[126.606944,34.221381],[126.612153,34.218166],[126.616222,34.213284],[126.617035,34.204535],[126.610118,34.199693],[126.606619,34.1883],[126.592052,34.187649],[126.583995,34.186265],[126.588878,34.179104],[126.583832,34.175605],[126.568614,34.179023],[126.56072,34.185126],[126.558767,34.189154],[126.554535,34.190416],[126.549815,34.19123],[126.548839,34.194566],[126.553966,34.206529],[126.556895,34.211005],[126.557302,34.214057],[126.555349,34.216457],[126.556163,34.218655],[126.559825,34.22016],[126.562185,34.222317]]],[[[127.240082,34.215033],[127.222423,34.211127],[127.230642,34.232652],[127.240571,34.240465],[127.244151,34.245795],[127.248546,34.248725],[127.253673,34.250515],[127.258311,34.250067],[127.261241,34.246121],[127.262625,34.241319],[127.261485,34.229926],[127.262055,34.22842],[127.257823,34.225206],[127.256114,34.221584],[127.260753,34.217149],[127.263276,34.213284],[127.258393,34.212063],[127.240082,34.215033]]],[[[126.592621,34.241645],[126.600434,34.247667],[126.601817,34.250718],[126.604421,34.248928],[126.607107,34.250474],[126.612153,34.251166],[126.620535,34.24787],[126.625987,34.239325],[126.62086,34.239936],[126.614024,34.234971],[126.60906,34.23607],[126.598481,34.2331],[126.592621,34.241645]]],[[[127.534028,34.271104],[127.538422,34.270046],[127.538097,34.263373],[127.534028,34.261094],[127.525971,34.268134],[127.534028,34.271104]]],[[[126.547944,34.276679],[126.53891,34.275743],[126.539236,34.284776],[126.548595,34.282294],[126.565033,34.284776],[126.57073,34.280788],[126.561371,34.276842],[126.557384,34.274807],[126.547944,34.276679]]],[[[127.351573,34.296007],[127.354828,34.289211],[127.361339,34.291775],[127.367361,34.293321],[127.370779,34.288845],[127.366384,34.286648],[127.363943,34.281236],[127.34905,34.267971],[127.351573,34.296007]]],[[[127.400645,34.294582],[127.399506,34.28262],[127.396658,34.280422],[127.395437,34.281236],[127.392182,34.280056],[127.389578,34.277981],[127.387625,34.284939],[127.386648,34.294135],[127.400645,34.294582]]],[[[126.975759,34.304551],[126.968842,34.305162],[126.965831,34.309475],[126.96046,34.311998],[126.955984,34.316596],[126.956065,34.325466],[126.959321,34.331651],[126.972748,34.338121],[126.997406,34.338853],[127.002778,34.337144],[127.013031,34.331732],[127.013601,34.324978],[127.009044,34.319566],[126.989106,34.307563],[126.983816,34.307156],[126.975759,34.304551]]],[[[126.802908,34.33869],[126.813975,34.342515],[126.827485,34.35163],[126.837657,34.353746],[126.843516,34.350043],[126.850759,34.348456],[126.854991,34.3487],[126.859223,34.349351],[126.870372,34.348375],[126.884532,34.345526],[126.893321,34.341254],[126.891368,34.33393],[126.88559,34.328315],[126.884044,34.324897],[126.883067,34.317939],[126.876801,34.312242],[126.868175,34.313625],[126.858897,34.312201],[126.853852,34.308539],[126.84962,34.304918],[126.840587,34.303371],[126.835704,34.309149],[126.833669,34.31684],[126.828298,34.322903],[126.820567,34.325629],[126.810313,34.324368],[126.79835,34.320868],[126.788748,34.32095],[126.784923,34.322577],[126.781098,34.324652],[126.758962,34.33275],[126.757579,34.336127],[126.767833,34.337226],[126.777843,34.339667],[126.782237,34.341783],[126.785899,34.343248],[126.793793,34.342231],[126.802908,34.33869]]],[[[126.465994,34.346381],[126.471609,34.345404],[126.476003,34.342678],[126.474701,34.336859],[126.474457,34.333401],[126.470551,34.334215],[126.464854,34.340725],[126.465994,34.346381]]],[[[126.644867,34.337104],[126.641938,34.347968],[126.640961,34.360338],[126.641775,34.372952],[126.645763,34.385565],[126.653656,34.395209],[126.664399,34.399482],[126.670177,34.40058],[126.687755,34.402045],[126.699229,34.398912],[126.709972,34.39289],[126.721853,34.381293],[126.73113,34.362006],[126.733897,34.346177],[126.737071,34.338853],[126.742524,34.33275],[126.745616,34.324205],[126.763927,34.309231],[126.76588,34.303046],[126.771495,34.291897],[126.768077,34.289211],[126.763194,34.289781],[126.758311,34.29092],[126.74936,34.294135],[126.74171,34.298245],[126.737478,34.297553],[126.736501,34.291693],[126.7317,34.289374],[126.722911,34.292711],[126.707774,34.29564],[126.688975,34.301093],[126.688813,34.307563],[126.69809,34.313422],[126.695649,34.320787],[126.687022,34.322699],[126.676606,34.320461],[126.663585,34.323432],[126.651866,34.329779],[126.644867,34.337104]]],[[[127.017589,34.351549],[127.000824,34.352851],[126.994314,34.354682],[126.991466,34.356269],[126.993826,34.35814],[127.001231,34.359361],[127.007009,34.362616],[127.016287,34.371894],[127.026215,34.37873],[127.025401,34.381334],[127.028575,34.380439],[127.035655,34.374742],[127.042166,34.366685],[127.045909,34.357652],[127.053722,34.354804],[127.067393,34.358385],[127.077403,34.35932],[127.082042,34.355943],[127.08546,34.351386],[127.091563,34.344916],[127.094981,34.342475],[127.096934,34.337795],[127.090831,34.336737],[127.082367,34.340277],[127.072439,34.342108],[127.065278,34.339789],[127.067882,34.337063],[127.073985,34.334174],[127.066742,34.328192],[127.049083,34.316718],[127.038829,34.312893],[127.037852,34.321723],[127.042817,34.327948],[127.049164,34.331448],[127.045584,34.335435],[127.023692,34.339179],[127.026622,34.343166],[127.024262,34.348212],[127.017589,34.351549]]],[[[126.92099,34.362331],[126.91448,34.357652],[126.909272,34.356676],[126.906993,34.355333],[126.90268,34.355536],[126.894298,34.358425],[126.88738,34.362901],[126.884044,34.367458],[126.88266,34.371405],[126.884695,34.381212],[126.883311,34.384996],[126.876964,34.381944],[126.870616,34.375556],[126.868337,34.370632],[126.865896,34.375108],[126.866303,34.390733],[126.866873,34.401801],[126.862641,34.40587],[126.863129,34.409532],[126.869721,34.407375],[126.876801,34.403022],[126.899181,34.402004],[126.902354,34.402615],[126.907563,34.400743],[126.914236,34.396186],[126.922862,34.393948],[126.931326,34.394355],[126.937836,34.400987],[126.942149,34.410509],[126.945567,34.411648],[126.946462,34.404364],[126.94101,34.38817],[126.937266,34.384996],[126.940929,34.374172],[126.933767,34.367784],[126.925466,34.367621],[126.92099,34.362331]]],[[[126.819672,34.389065],[126.793305,34.378892],[126.784028,34.368598],[126.781098,34.357856],[126.775727,34.354722],[126.769216,34.360989],[126.769379,34.371324],[126.767263,34.380032],[126.762462,34.382961],[126.757579,34.383246],[126.753184,34.386949],[126.756847,34.39289],[126.761485,34.398749],[126.768403,34.411363],[126.782481,34.426744],[126.802257,34.435777],[126.823009,34.439846],[126.83546,34.438056],[126.84018,34.432074],[126.840994,34.425482],[126.835785,34.421047],[126.836599,34.418647],[126.845876,34.413967],[126.853526,34.406887],[126.860199,34.398871],[126.861095,34.392768],[126.85377,34.39175],[126.833263,34.396959],[126.824718,34.395209],[126.819672,34.389065]]],[[[127.258393,34.404527],[127.260916,34.398546],[127.265636,34.392239],[127.269786,34.388088],[127.271658,34.384711],[127.271332,34.382554],[127.2706,34.381334],[127.266694,34.380194],[127.252289,34.383938],[127.24822,34.388577],[127.248057,34.393866],[127.250173,34.397691],[127.249604,34.401516],[127.245453,34.403835],[127.241222,34.405137],[127.239919,34.408433],[127.239513,34.413682],[127.242361,34.415839],[127.247895,34.4147],[127.252126,34.408474],[127.254487,34.407457],[127.258393,34.404527]]],[[[127.025483,34.452053],[127.030203,34.45657],[127.042328,34.458564],[127.052338,34.45425],[127.055756,34.456244],[127.06308,34.449774],[127.074229,34.425035],[127.07016,34.420193],[127.070323,34.412991],[127.06837,34.411038],[127.065847,34.409532],[127.063813,34.404608],[127.060313,34.408596],[127.055919,34.424669],[127.051606,34.427395],[127.050629,34.424547],[127.052094,34.420274],[127.050873,34.416327],[127.047048,34.416571],[127.042003,34.419908],[127.025483,34.452053]]],[[[127.806977,34.421291],[127.806488,34.416571],[127.804942,34.413886],[127.803803,34.410142],[127.802664,34.408515],[127.790294,34.416449],[127.786794,34.422431],[127.791596,34.427395],[127.790701,34.428819],[127.78655,34.431545],[127.792735,34.439846],[127.795014,34.444892],[127.79477,34.451606],[127.796397,34.45779],[127.801524,34.459744],[127.804535,34.454942],[127.812511,34.449612],[127.806082,34.426134],[127.806977,34.421291]]],[[[127.47283,34.466783],[127.486827,34.463853],[127.487071,34.461249],[127.49171,34.462226],[127.500743,34.469631],[127.509939,34.470038],[127.531912,34.450588],[127.536388,34.44066],[127.536388,34.43476],[127.528819,34.428046],[127.51059,34.41828],[127.49464,34.414252],[127.488943,34.416938],[127.488536,34.425482],[127.481781,34.431342],[127.47169,34.434027],[127.467052,34.439195],[127.469737,34.443183],[127.458832,34.44892],[127.452159,34.45303],[127.45574,34.460517],[127.455089,34.466132],[127.45338,34.470608],[127.458263,34.472886],[127.465343,34.470364],[127.47283,34.466783]]],[[[127.220551,34.485745],[127.234223,34.480292],[127.245128,34.464057],[127.241873,34.445461],[127.228689,34.430243],[127.210216,34.423977],[127.168956,34.417711],[127.153005,34.419582],[127.141287,34.424302],[127.117361,34.437567],[127.117361,34.445014],[127.122813,34.450588],[127.12379,34.455227],[127.119884,34.459703],[127.110525,34.464911],[127.12436,34.473334],[127.14031,34.478705],[127.173025,34.48371],[127.204275,34.486762],[127.220551,34.485745]]],[[[127.817149,34.47602],[127.810069,34.476264],[127.807546,34.478909],[127.804128,34.47842],[127.800304,34.473782],[127.797293,34.475206],[127.797293,34.485012],[127.804128,34.493598],[127.814138,34.497463],[127.822276,34.498725],[127.824392,34.496568],[127.818777,34.490505],[127.821788,34.485867],[127.822927,34.479926],[127.817149,34.47602]]],[[[127.462901,34.528713],[127.463878,34.526272],[127.470551,34.521837],[127.474132,34.516343],[127.47226,34.513699],[127.466075,34.515204],[127.462332,34.513414],[127.468028,34.510606],[127.499848,34.502346],[127.502859,34.498521],[127.505138,34.493435],[127.502859,34.490139],[127.494558,34.485338],[127.485199,34.485785],[127.463796,34.481431],[127.456147,34.478909],[127.450531,34.482652],[127.444347,34.488837],[127.443533,34.495022],[127.451508,34.498969],[127.459158,34.498603],[127.458018,34.501451],[127.452973,34.506537],[127.452322,34.510362],[127.450776,34.513983],[127.435883,34.517157],[127.435557,34.519558],[127.439708,34.519843],[127.44044,34.520941],[127.439464,34.52501],[127.442149,34.532538],[127.450694,34.540351],[127.466482,34.541409],[127.47641,34.53384],[127.470063,34.529283],[127.462901,34.528713]]],[[[127.120453,34.513251],[127.124197,34.515733],[127.126801,34.523871],[127.134125,34.522121],[127.133556,34.513251],[127.12615,34.506049],[127.112885,34.501573],[127.108897,34.507473],[127.103038,34.508734],[127.102143,34.516791],[127.108979,34.516425],[127.112153,34.521267],[127.118175,34.519029],[127.120453,34.513251]]],[[[127.774913,34.508205],[127.78297,34.506985],[127.789561,34.503974],[127.793956,34.498236],[127.791759,34.492011],[127.779307,34.488471],[127.771169,34.488186],[127.769054,34.489936],[127.765798,34.493964],[127.756521,34.498236],[127.741954,34.502265],[127.732188,34.50849],[127.727712,34.516995],[127.72283,34.523179],[127.71461,34.526842],[127.70753,34.533881],[127.712901,34.542426],[127.729747,34.549058],[127.748057,34.551093],[127.761078,34.543118],[127.776215,34.518785],[127.774425,34.511786],[127.774913,34.508205]]],[[[127.682791,34.573961],[127.686046,34.576483],[127.693207,34.574612],[127.697765,34.567776],[127.693696,34.562812],[127.687999,34.561143],[127.68629,34.565456],[127.682872,34.569241],[127.677013,34.559149],[127.671072,34.555976],[127.666189,34.556098],[127.653982,34.5539],[127.643077,34.566067],[127.638194,34.564154],[127.637055,34.567939],[127.641775,34.57685],[127.647309,34.581407],[127.657888,34.585517],[127.662446,34.584459],[127.666677,34.580593],[127.667979,34.575303],[127.671072,34.573717],[127.682791,34.573961]]],[[[127.406912,34.57571],[127.40447,34.570095],[127.395763,34.563218],[127.404959,34.57453],[127.409434,34.580064],[127.406912,34.57571]]],[[[127.104096,34.597927],[127.098643,34.595608],[127.092133,34.6081],[127.094412,34.610419],[127.098725,34.611233],[127.101003,34.609971],[127.107595,34.604641],[127.104096,34.597927]]],[[[127.553884,34.603664],[127.552582,34.598782],[127.549571,34.594387],[127.542735,34.595974],[127.538748,34.602322],[127.538422,34.609117],[127.532888,34.604153],[127.524343,34.604763],[127.522065,34.610419],[127.526622,34.617458],[127.532237,34.614122],[127.537608,34.613064],[127.541515,34.6164],[127.550141,34.619371],[127.5595,34.616319],[127.565359,34.611355],[127.565929,34.606187],[127.561534,34.604356],[127.553884,34.603664]]],[[[128.22877,34.647854],[128.232758,34.651028],[128.239513,34.652411],[128.271169,34.638495],[128.271251,34.63231],[128.275808,34.631903],[128.294607,34.639553],[128.29713,34.637315],[128.295665,34.631985],[128.286062,34.622219],[128.281749,34.619859],[128.27532,34.619086],[128.26588,34.620836],[128.258067,34.6199],[128.247406,34.615546],[128.242198,34.611518],[128.236257,34.61046],[128.235281,34.614203],[128.23878,34.620592],[128.237804,34.625759],[128.233409,34.629381],[128.229666,34.630072],[128.225271,34.632839],[128.225678,34.637844],[128.228363,34.642401],[128.22877,34.647854]]],[[[128.584239,34.639228],[128.575125,34.634101],[128.566905,34.63113],[128.561534,34.632392],[128.562511,34.637152],[128.569347,34.640163],[128.578624,34.649156],[128.579926,34.644843],[128.584239,34.643459],[128.584239,34.639228]]],[[[127.785899,34.718166],[127.796641,34.714179],[127.799327,34.70482],[127.7942,34.693793],[127.782074,34.684556],[127.792491,34.682359],[127.801606,34.670478],[127.808767,34.655829],[127.817231,34.630764],[127.818126,34.616156],[127.815115,34.601955],[127.807872,34.588202],[127.797862,34.579739],[127.786632,34.579006],[127.775401,34.58397],[127.740001,34.613674],[127.73585,34.62523],[127.741873,34.643622],[127.746267,34.648424],[127.764985,34.660102],[127.768321,34.666083],[127.77589,34.691474],[127.760753,34.704739],[127.762543,34.712836],[127.773448,34.716986],[127.785899,34.718166]]],[[[128.352061,34.654608],[128.367361,34.643785],[128.374604,34.64232],[128.380382,34.639065],[128.37558,34.634263],[128.364268,34.639228],[128.359304,34.639187],[128.348969,34.637519],[128.342377,34.646064],[128.344981,34.649156],[128.349457,34.649522],[128.34783,34.652859],[128.342377,34.654853],[128.337332,34.660834],[128.340668,34.66352],[128.352061,34.654608]]],[[[128.252696,34.677965],[128.256521,34.675564],[128.252778,34.669704],[128.2435,34.668484],[128.239431,34.669379],[128.229666,34.670722],[128.223643,34.672268],[128.221772,34.680325],[128.228608,34.674099],[128.234141,34.677843],[128.239675,34.675971],[128.243175,34.6789],[128.247813,34.678453],[128.252696,34.677965]]],[[[128.183116,34.709621],[128.195486,34.707139],[128.202322,34.695299],[128.20281,34.691067],[128.196788,34.68594],[128.19516,34.685858],[128.194021,34.688707],[128.184093,34.690782],[128.174001,34.694078],[128.167898,34.702419],[128.175059,34.710557],[128.183116,34.709621]]],[[[127.732677,34.699652],[127.724132,34.703192],[127.718354,34.71133],[127.716482,34.712714],[127.720307,34.716498],[127.722911,34.719102],[127.725759,34.719875],[127.730968,34.718492],[127.731049,34.715969],[127.727224,34.715033],[127.730235,34.711737],[127.734467,34.710069],[127.742686,34.706529],[127.732677,34.699652]]],[[[128.469574,34.740465],[128.473237,34.743883],[128.489268,34.748074],[128.496593,34.744981],[128.512218,34.734524],[128.51002,34.731716],[128.492035,34.73192],[128.485688,34.733303],[128.469574,34.740465]]],[[[128.292003,34.746365],[128.28769,34.755398],[128.28891,34.760077],[128.293305,34.761827],[128.303803,34.757188],[128.307791,34.752305],[128.303396,34.750759],[128.302989,34.747219],[128.304047,34.743232],[128.296723,34.745592],[128.292003,34.746365]]],[[[128.515717,34.765163],[128.535981,34.757514],[128.548269,34.758775],[128.557628,34.755357],[128.557628,34.749416],[128.552175,34.747301],[128.543061,34.748684],[128.534434,34.753241],[128.512706,34.756415],[128.508556,34.761217],[128.515717,34.765163]]],[[[128.491384,34.757392],[128.47462,34.759101],[128.470632,34.760688],[128.468598,34.764512],[128.469168,34.76675],[128.471365,34.769355],[128.470144,34.774237],[128.462576,34.785997],[128.461599,34.800727],[128.463064,34.802639],[128.466319,34.796861],[128.470144,34.792955],[128.472423,34.796129],[128.472992,34.800727],[128.470388,34.803819],[128.470632,34.81037],[128.476573,34.816514],[128.480968,34.815538],[128.480642,34.811347],[128.481944,34.809149],[128.485606,34.808824],[128.492442,34.788398],[128.496918,34.78266],[128.504731,34.780626],[128.508474,34.77143],[128.502859,34.762437],[128.491384,34.757392]]],[[[127.467133,34.800564],[127.46575,34.793118],[127.465505,34.789984],[127.460867,34.788031],[127.454763,34.784329],[127.453136,34.778673],[127.451182,34.777533],[127.445079,34.778998],[127.441254,34.782253],[127.445486,34.78559],[127.444998,34.791978],[127.447358,34.795315],[127.45045,34.796169],[127.459483,34.794745],[127.467133,34.800564]]],[[[128.38699,34.778804],[128.388957,34.785363],[128.386206,34.791917],[128.373305,34.793491],[128.368702,34.796537],[128.378272,34.80279],[128.380089,34.810404],[128.370416,34.816686],[128.352395,34.821804],[128.340974,34.818844],[128.334192,34.819132],[128.332049,34.825702],[128.340093,34.832973],[128.351831,34.835422],[128.367247,34.830274],[128.379013,34.82287],[128.38583,34.820125],[128.395366,34.823348],[128.410764,34.826522],[128.428226,34.827448],[128.437997,34.819572],[128.440635,34.806735],[128.435334,34.798709],[128.438976,34.793903],[128.434636,34.787882],[128.424572,34.79122],[128.420597,34.789236],[128.420886,34.78672],[128.429101,34.785397],[128.437332,34.779809],[128.433294,34.773784],[128.423083,34.763253],[128.406534,34.763098],[128.399281,34.770716],[128.395363,34.77854],[128.38699,34.778804]]],[[[128.241466,34.799994],[128.238455,34.796942],[128.229015,34.79914],[128.223155,34.8015],[128.212169,34.807807],[128.205821,34.815619],[128.207042,34.821031],[128.213878,34.830227],[128.227306,34.838568],[128.239919,34.836168],[128.254893,34.822414],[128.260509,34.814643],[128.256521,34.809272],[128.245779,34.809272],[128.240733,34.807074],[128.241466,34.799994]]],[[[127.912364,34.721869],[127.906261,34.71308],[127.8921,34.712714],[127.877126,34.716946],[127.868012,34.721869],[127.861827,34.730862],[127.860362,34.738267],[127.860118,34.747016],[127.857921,34.759711],[127.830333,34.833564],[127.826671,34.851386],[127.829356,34.868964],[127.840831,34.886949],[127.848481,34.891547],[127.856293,34.892727],[127.862315,34.896064],[127.867035,34.918158],[127.872895,34.924465],[127.888927,34.93476],[127.90211,34.940009],[127.917247,34.936184],[127.930512,34.926459],[127.938243,34.913967],[127.93686,34.900824],[127.928071,34.888251],[127.90561,34.868964],[127.909679,34.862047],[127.914317,34.84455],[127.919932,34.835435],[127.928477,34.830552],[127.94988,34.824652],[127.961925,34.806952],[127.981293,34.80976],[128.00587,34.817694],[128.029063,34.821763],[128.062755,34.817125],[128.069591,34.815009],[128.074718,34.803656],[128.071788,34.793647],[128.066254,34.783026],[128.063324,34.769965],[128.066091,34.749335],[128.065278,34.737535],[128.059581,34.732408],[128.051606,34.728705],[128.060069,34.708401],[128.055919,34.698228],[128.040538,34.695868],[128.02589,34.703111],[128.010102,34.708808],[127.991547,34.701728],[127.975271,34.699937],[127.965343,34.719306],[127.954112,34.759711],[127.937673,34.767035],[127.924571,34.759589],[127.915701,34.742743],[127.912364,34.721869]]],[[[128.140147,34.834784],[128.143077,34.831448],[128.141856,34.824815],[128.136485,34.823839],[128.133962,34.823554],[128.126394,34.837307],[128.140147,34.834784]]],[[[128.226736,34.849107],[128.226003,34.84398],[128.212901,34.841824],[128.197195,34.833279],[128.18629,34.825914],[128.169119,34.847154],[128.173676,34.854438],[128.184255,34.857082],[128.226736,34.849107]]],[[[128.583995,34.705146],[128.618175,34.725572],[128.604015,34.731106],[128.598643,34.739976],[128.599457,34.751899],[128.604503,34.766547],[128.573497,34.753485],[128.564301,34.758734],[128.559825,34.77025],[128.560395,34.781806],[128.566661,34.787055],[128.591563,34.791205],[128.598643,34.802232],[128.599132,34.817816],[128.604503,34.835435],[128.590831,34.842271],[128.580577,34.831855],[128.544688,34.818793],[128.528819,34.808092],[128.517426,34.822659],[128.503184,34.835517],[128.491547,34.849921],[128.488455,34.868964],[128.494884,34.880439],[128.508067,34.891018],[128.523285,34.899156],[128.536306,34.903713],[128.573741,34.910061],[128.583995,34.909898],[128.600434,34.904202],[128.613536,34.897162],[128.626964,34.89175],[128.645518,34.890692],[128.645518,34.896918],[128.626964,34.906928],[128.616384,34.921861],[128.611664,34.93891],[128.610606,34.954901],[128.62379,34.953559],[128.693858,34.986274],[128.681895,35.004625],[128.687511,35.022854],[128.702891,35.032945],[128.720551,35.027248],[128.724946,35.018948],[128.725271,35.009263],[128.718761,34.972154],[128.719249,34.966295],[128.723888,34.954535],[128.729991,34.945136],[128.734386,34.935452],[128.734141,34.922309],[128.730154,34.910386],[128.714366,34.87641],[128.73463,34.88227],[128.744314,34.887763],[128.747569,34.88581],[128.748546,34.868964],[128.747406,34.857123],[128.742931,34.84455],[128.734141,34.837551],[128.720551,34.842271],[128.726085,34.828843],[128.739024,34.80622],[128.74171,34.790717],[128.73406,34.788235],[128.716563,34.793199],[128.697765,34.801337],[128.686371,34.808092],[128.683279,34.794135],[128.680186,34.786566],[128.662852,34.769965],[128.657237,34.756985],[128.669119,34.749498],[128.685557,34.743842],[128.693858,34.736151],[128.678233,34.72484],[128.605805,34.706366],[128.583995,34.705146]]],[[[128.045909,34.893622],[128.048839,34.886623],[128.053966,34.882636],[128.05893,34.880357],[128.061209,34.868354],[128.066905,34.851752],[128.072765,34.84512],[128.076834,34.842475],[128.082367,34.835598],[128.071788,34.833401],[128.026541,34.843207],[128.001801,34.836656],[127.987315,34.83808],[127.972423,34.845526],[127.963634,34.859768],[127.97047,34.87519],[127.984141,34.889716],[127.992849,34.903388],[128.001964,34.913031],[128.017833,34.916571],[128.02296,34.905504],[128.015961,34.88935],[128.012462,34.878323],[128.013438,34.869127],[128.018728,34.866156],[128.024587,34.877021],[128.036306,34.892279],[128.045909,34.893622]]],[[[127.744884,34.891791],[127.722748,34.870836],[127.71225,34.869452],[127.704356,34.871405],[127.694835,34.879136],[127.693858,34.88345],[127.699392,34.88996],[127.710134,34.89647],[127.721772,34.897081],[127.729991,34.893663],[127.734467,34.895087],[127.739431,34.894761],[127.744884,34.891791]]],[[[128.529959,34.937771],[128.525727,34.935736],[128.53004,34.933214],[128.528819,34.927517],[128.52239,34.923651],[128.518809,34.922024],[128.515798,34.935085],[128.513682,34.944444],[128.5171,34.954088],[128.513194,34.96251],[128.533214,34.97248],[128.534353,34.961208],[128.525238,34.949123],[128.529959,34.944607],[128.529959,34.937771]]],[[[128.646169,35.019192],[128.650971,35.019639],[128.651622,35.009223],[128.648936,34.999823],[128.648774,34.990709],[128.645925,34.980251],[128.632009,34.971096],[128.629893,34.975857],[128.624522,34.979967],[128.619884,34.978705],[128.614594,34.97427],[128.61142,34.977281],[128.611908,34.983669],[128.620779,34.987291],[128.622244,34.991726],[128.619477,34.99372],[128.618337,34.996772],[128.626394,34.999905],[128.632416,35.003892],[128.632172,35.010525],[128.637218,35.013251],[128.642426,35.01439],[128.646169,35.019192]]],[[[128.826671,34.992377],[128.824229,34.996731],[128.819347,35.014228],[128.811778,35.020738],[128.809093,35.025865],[128.810313,35.032945],[128.806895,35.041246],[128.801606,35.04914],[128.804373,35.056342],[128.814952,35.061265],[128.826427,35.062242],[128.836436,35.059801],[128.843272,35.047187],[128.842784,35.021877],[128.83839,35.001207],[128.831798,34.993801],[128.826671,34.992377]]],[[[128.549327,35.061672],[128.542491,35.068264],[128.554779,35.069648],[128.561209,35.062161],[128.561778,35.052191],[128.549327,35.061672]]],[[[126.634776,35.800686],[126.641531,35.791815],[126.637869,35.786566],[126.625824,35.77912],[126.622244,35.783067],[126.623627,35.793362],[126.634776,35.800686]]],[[[126.461029,35.825222],[126.470714,35.824001],[126.478201,35.818793],[126.485769,35.816026],[126.479421,35.812161],[126.47755,35.810248],[126.475027,35.812161],[126.464447,35.811184],[126.460867,35.813341],[126.461762,35.819241],[126.459483,35.82217],[126.458751,35.816433],[126.455496,35.809516],[126.452078,35.806505],[126.447765,35.811672],[126.447276,35.819241],[126.445323,35.821926],[126.44337,35.826361],[126.442393,35.831977],[126.455089,35.829983],[126.461029,35.825222]]],[[[126.445649,37.044827],[126.429535,37.041368],[126.424653,37.043931],[126.421235,37.05093],[126.418305,37.057156],[126.421153,37.062323],[126.445323,37.057359],[126.448009,37.049262],[126.445649,37.044827]]],[[[126.630707,37.21719],[126.626475,37.225653],[126.633556,37.232978],[126.642751,37.229519],[126.647065,37.211737],[126.630707,37.21719]]],[[[126.573741,37.278998],[126.577891,37.271145],[126.58961,37.265774],[126.608653,37.259426],[126.613943,37.255194],[126.616384,37.250556],[126.618826,37.242011],[126.613536,37.232815],[126.562511,37.200385],[126.539317,37.198065],[126.539561,37.203111],[126.550466,37.214911],[126.551931,37.221666],[126.547374,37.227484],[126.560395,37.239325],[126.560802,37.251288],[126.555431,37.266059],[126.548025,37.276313],[126.540782,37.282945],[126.542979,37.28498],[126.559418,37.278632],[126.573497,37.288479],[126.576671,37.287665],[126.573741,37.278998]]],[[[126.479015,37.247748],[126.478201,37.241604],[126.469493,37.233466],[126.458181,37.231269],[126.45045,37.235826],[126.442231,37.235175],[126.43572,37.23843],[126.433442,37.251044],[126.435313,37.263983],[126.443533,37.273098],[126.461192,37.280585],[126.48406,37.278998],[126.494395,37.273505],[126.498302,37.26142],[126.493907,37.25727],[126.483165,37.25434],[126.479015,37.247748]]],[[[126.404727,37.435368],[126.401427,37.43447],[126.400289,37.43653],[126.401992,37.440053],[126.399492,37.444921],[126.393412,37.445545],[126.389386,37.441316],[126.3832,37.437455],[126.375731,37.440137],[126.364973,37.442291],[126.371327,37.447311],[126.369115,37.452736],[126.358178,37.461012],[126.355511,37.466223],[126.359342,37.47363],[126.365292,37.475064],[126.373568,37.471643],[126.418885,37.496861],[126.451327,37.499682],[126.47338,37.499257],[126.493709,37.507781],[126.500661,37.530185],[126.51483,37.534347],[126.526378,37.525092],[126.531993,37.523342],[126.537771,37.520738],[126.543468,37.518866],[126.549083,37.518622],[126.555111,37.517684],[126.563303,37.514443],[126.56723,37.511231],[126.57114,37.506348],[126.57644,37.50237],[126.580579,37.495627],[126.583066,37.490384],[126.577626,37.488585],[126.569184,37.483588],[126.565766,37.479967],[126.548291,37.476637],[126.540559,37.477657],[126.529933,37.473683],[126.506572,37.465568],[126.493984,37.456585],[126.487012,37.446796],[126.443413,37.420625],[126.433595,37.422406],[126.424434,37.421569],[126.420461,37.422356],[126.416278,37.434555],[126.408367,37.438537],[126.404727,37.435368]]],[[[126.449067,37.533311],[126.452159,37.536729],[126.458751,37.539862],[126.467621,37.538601],[126.472504,37.533474],[126.470958,37.517646],[126.468516,37.513617],[126.465099,37.511094],[126.435883,37.517605],[126.431977,37.522203],[126.440929,37.529771],[126.449067,37.533311]]],[[[126.37379,37.796129],[126.383474,37.799018],[126.407074,37.820705],[126.425304,37.824449],[126.441254,37.815334],[126.456309,37.801215],[126.471446,37.790229],[126.503591,37.777411],[126.516368,37.767239],[126.521495,37.751166],[126.520356,37.743109],[126.515147,37.72956],[126.514008,37.723538],[126.516287,37.716783],[126.525564,37.703274],[126.52768,37.695868],[126.530935,37.659898],[126.52768,37.651516],[126.533214,37.646145],[126.538829,37.635443],[126.542003,37.631049],[126.529063,37.624905],[126.517833,37.603827],[126.507823,37.596869],[126.500173,37.596177],[126.494151,37.598375],[126.483653,37.607408],[126.476085,37.61107],[126.470714,37.609565],[126.466563,37.606187],[126.462738,37.604315],[126.410167,37.602037],[126.390636,37.60928],[126.370128,37.631049],[126.40089,37.637437],[126.408214,37.641303],[126.416677,37.651842],[126.415538,37.656684],[126.409923,37.659735],[126.404796,37.665188],[126.369151,37.719062],[126.366954,37.72724],[126.370616,37.737982],[126.36964,37.785346],[126.37379,37.796129]]],[[[127.527843,39.219346],[127.515473,39.224962],[127.524913,39.225653],[127.537039,39.224189],[127.536876,39.219957],[127.527843,39.219346]]],[[[127.617198,39.222398],[127.621511,39.227769],[127.621186,39.235093],[127.622895,39.238186],[127.6303,39.238674],[127.639252,39.235704],[127.640229,39.226182],[127.632498,39.225409],[127.618826,39.221829],[127.617198,39.222398]]],[[[128.226248,39.999213],[128.220063,39.992336],[128.210216,39.988634],[128.195974,39.986436],[128.168224,39.98725],[128.163178,39.992906],[128.165375,39.997138],[128.175955,39.997504],[128.172781,40.004218],[128.174815,40.009263],[128.180837,40.009263],[128.188406,40.005601],[128.191824,40.005845],[128.194021,40.002956],[128.198009,40.001614],[128.202322,40.006293],[128.207937,40.009508],[128.211762,39.996161],[128.216075,40.001044],[128.217865,40.005927],[128.221202,40.008205],[128.22462,40.0126],[128.229096,40.011461],[128.22877,40.006171],[128.226248,39.999213]]],[[[128.894542,27.891303],[128.899913,27.895901],[128.915212,27.900336],[128.947032,27.91413],[128.965505,27.894355],[128.977306,27.836615],[128.98878,27.811103],[128.999522,27.802802],[129.013194,27.795233],[129.024669,27.786078],[129.029633,27.773261],[129.024262,27.756578],[129.000255,27.727729],[128.989513,27.707465],[128.976329,27.695502],[128.960704,27.685777],[128.947032,27.681383],[128.929454,27.686713],[128.921886,27.700914],[128.919281,27.715562],[128.916352,27.722357],[128.894542,27.728217],[128.89088,27.741889],[128.899262,27.769517],[128.878917,27.824774],[128.884288,27.836859],[128.88852,27.853176],[128.894542,27.891303]]],[[[129.268891,28.031643],[129.26767,28.017117],[129.26531,28.012397],[129.26002,28.006293],[129.243175,28.018866],[129.232677,28.022488],[129.214529,28.021755],[129.211599,28.023057],[129.207449,28.031643],[129.207693,28.042263],[129.211599,28.048855],[129.215912,28.051459],[129.223888,28.04621],[129.229747,28.038601],[129.236257,28.035102],[129.257904,28.035915],[129.265798,28.03498],[129.268891,28.031643]]],[[[129.164317,28.02501],[129.158376,28.019029],[129.150483,28.01496],[129.146658,28.015326],[129.145437,28.031399],[129.151296,28.048407],[129.160737,28.06212],[129.168468,28.066392],[129.17156,28.063463],[129.171479,28.058173],[129.17449,28.052558],[129.169444,28.041897],[129.167572,28.032782],[129.164317,28.02501]]],[[[129.21811,28.106106],[129.215994,28.130845],[129.214122,28.140082],[129.187022,28.174994],[129.180837,28.190253],[129.195811,28.195461],[129.227712,28.195258],[129.221528,28.176011],[129.232595,28.170722],[129.269298,28.174872],[129.263927,28.167385],[129.256033,28.159166],[129.250499,28.151028],[129.251801,28.143785],[129.264171,28.134711],[129.287771,28.12519],[129.296641,28.119574],[129.325531,28.123481],[129.347341,28.10692],[129.350434,28.086493],[129.323985,28.078599],[129.306407,28.094143],[129.303477,28.096015],[129.300792,28.100531],[129.295177,28.099066],[129.290538,28.09516],[129.290375,28.092922],[129.290701,28.088813],[129.285411,28.081488],[129.279145,28.077094],[129.276134,28.082017],[129.273611,28.083319],[129.263927,28.09634],[129.263031,28.099107],[129.251801,28.100002],[129.230642,28.096666],[129.221446,28.099107],[129.21811,28.106106]]],[[[129.533458,28.318834],[129.53004,28.314765],[129.498871,28.287502],[129.487315,28.282538],[129.461192,28.291693],[129.447439,28.29092],[129.454845,28.277248],[129.447765,28.266303],[129.439626,28.259019],[129.430431,28.254096],[129.420177,28.249945],[129.431651,28.241034],[129.456879,28.225735],[129.467947,28.215766],[129.415212,28.185736],[129.406505,28.184475],[129.401541,28.163316],[129.388682,28.162828],[129.371104,28.167222],[129.351817,28.160549],[129.364431,28.154039],[129.374522,28.140041],[129.379405,28.125963],[129.375987,28.119574],[129.365733,28.123196],[129.337576,28.147528],[129.286632,28.177924],[129.280284,28.190497],[129.281423,28.20482],[129.280772,28.218573],[129.269298,28.229438],[129.256358,28.214667],[129.242442,28.214301],[129.207856,28.229438],[129.173595,28.23607],[129.158946,28.240627],[129.145763,28.249945],[129.145763,28.256171],[129.15447,28.260321],[129.162852,28.262641],[129.171397,28.261664],[129.180512,28.256171],[129.208832,28.264228],[129.241384,28.256334],[129.270844,28.255357],[129.290375,28.284084],[129.253673,28.284573],[129.239513,28.290351],[129.227712,28.304592],[129.241466,28.312567],[129.252452,28.321519],[129.263927,28.328843],[129.288259,28.333075],[129.295665,28.336371],[129.316254,28.350165],[129.330577,28.363715],[129.331309,28.366034],[129.35727,28.368354],[129.380626,28.366767],[129.399587,28.371731],[129.413341,28.393297],[129.432302,28.386908],[129.450938,28.392035],[129.466156,28.404853],[129.475352,28.421291],[129.482432,28.411038],[129.492686,28.404853],[129.504405,28.399888],[129.516368,28.393297],[129.533458,28.430487],[129.560802,28.451117],[129.626231,28.482733],[129.613943,28.447984],[129.616466,28.438544],[129.632498,28.434882],[129.644054,28.439765],[129.654307,28.452135],[129.67335,28.482733],[129.672537,28.487616],[129.668793,28.495063],[129.667247,28.502997],[129.673106,28.509833],[129.687755,28.508979],[129.698009,28.494859],[129.70753,28.462144],[129.711436,28.455634],[129.717296,28.450263],[129.72169,28.444037],[129.721039,28.434882],[129.715994,28.429145],[129.708507,28.428778],[129.700531,28.429999],[129.693858,28.428697],[129.681651,28.421088],[129.639415,28.405341],[129.625255,28.402737],[129.619314,28.400784],[129.616873,28.39647],[129.615245,28.389594],[129.611176,28.383124],[129.601899,28.380316],[129.581554,28.370673],[129.553966,28.328437],[129.533458,28.318834]]],[[[130.031016,28.356513],[130.021495,28.331285],[130.00766,28.306545],[129.995453,28.29092],[129.978201,28.283759],[129.956554,28.284817],[129.913585,28.297105],[129.975597,28.343248],[130.018321,28.364651],[130.030284,28.373481],[130.031016,28.356513]]],[[[129.217947,29.135362],[129.219574,29.126654],[129.210297,29.134385],[129.201508,29.138495],[129.192882,29.146918],[129.195649,29.1588],[129.203543,29.158067],[129.22047,29.157131],[129.219249,29.149075],[129.217377,29.14529],[129.218923,29.141588],[129.217947,29.135362]]],[[[129.59962,29.443345],[129.591563,29.4501],[129.587413,29.458238],[129.591319,29.467963],[129.598155,29.472357],[129.601085,29.47134],[129.603526,29.46955],[129.608084,29.469224],[129.610688,29.465562],[129.615408,29.455227],[129.612315,29.443345],[129.59962,29.443345]]],[[[129.714854,29.654527],[129.745942,29.661038],[129.753754,29.645413],[129.743826,29.622301],[129.721039,29.606147],[129.712901,29.629299],[129.711436,29.642524],[129.714854,29.654527]]],[[[129.840185,29.849729],[129.832772,29.873078],[129.850981,29.88673],[129.875336,29.878323],[129.879568,29.879136],[129.884044,29.878892],[129.888682,29.877509],[129.893565,29.874742],[129.897419,29.846915],[129.927257,29.825873],[129.92213,29.823147],[129.920421,29.819648],[129.863402,29.824607],[129.852348,29.839234],[129.840185,29.849729]]],[[[129.543305,29.908149],[129.550141,29.903876],[129.554454,29.897528],[129.551524,29.893622],[129.539887,29.889879],[129.533051,29.8935],[129.52768,29.90233],[129.528575,29.908922],[129.535411,29.909857],[129.543305,29.908149]]],[[[129.945323,29.961615],[129.948009,29.959459],[129.948009,29.958564],[129.940929,29.953192],[129.923812,29.95792],[129.913333,29.960902],[129.903087,29.970852],[129.900645,29.972561],[129.89975,29.975653],[129.901134,29.980699],[129.903575,29.984361],[129.912364,29.991889],[129.909028,29.999335],[129.913422,30.000312],[129.92199,30.00473],[129.927135,29.993404],[129.934153,29.982102],[129.943696,29.965277],[129.945323,29.961615]]],[[[130.523692,30.449652],[130.567825,30.435942],[130.599588,30.412458],[130.638678,30.402661],[130.674571,30.374579],[130.669444,30.339667],[130.647146,30.290513],[130.603751,30.252469],[130.57728,30.235906],[130.54683,30.231416],[130.51772,30.227492],[130.485977,30.225777],[130.437713,30.23897],[130.42714,30.255536],[130.410634,30.291556],[130.386264,30.339606],[130.379013,30.365876],[130.376247,30.394436],[130.386485,30.398139],[130.423361,30.398968],[130.441173,30.422309],[130.461182,30.441142],[130.467119,30.457225],[130.488345,30.457026],[130.498951,30.467962],[130.523692,30.449652]]],[[[130.240634,30.434936],[130.231845,30.423542],[130.212468,30.420691],[130.193082,30.439563],[130.194387,30.452148],[130.190381,30.461299],[130.173115,30.454422],[130.163108,30.468717],[130.151777,30.477863],[130.141766,30.489301],[130.165051,30.48989],[130.191016,30.476172],[130.202306,30.481901],[130.220063,30.471584],[130.242867,30.463612],[130.262144,30.447032],[130.262157,30.435024],[130.240634,30.434936]]],[[[130.841645,30.745266],[130.840668,30.751125],[130.851492,30.760647],[130.857758,30.766547],[130.861013,30.752387],[130.865001,30.747748],[130.854666,30.725613],[130.848399,30.727078],[130.841563,30.727484],[130.838145,30.727484],[130.838552,30.736965],[130.841645,30.745266]]],[[[130.31072,30.780382],[130.301931,30.781846],[130.289317,30.779161],[130.278412,30.779975],[130.277843,30.771715],[130.273936,30.7744],[130.265229,30.778835],[130.259044,30.781643],[130.259695,30.782864],[130.26352,30.78856],[130.2671,30.794135],[130.273855,30.792467],[130.286794,30.80211],[130.295746,30.805976],[130.302582,30.808458],[130.308849,30.804063],[130.317556,30.804063],[130.322113,30.793199],[130.31072,30.780382]]],[[[130.419851,30.807847],[130.410492,30.808458],[130.403168,30.806138],[130.400401,30.81155],[130.407807,30.810167],[130.408865,30.81387],[130.41863,30.81627],[130.426117,30.819037],[130.435802,30.813463],[130.442231,30.811835],[130.446625,30.804267],[130.443533,30.799709],[130.419851,30.807847]]],[[[129.939464,30.813422],[129.927745,30.813422],[129.911957,30.81977],[129.910411,30.821967],[129.909841,30.825873],[129.903982,30.834418],[129.908214,30.838446],[129.915863,30.841946],[129.925548,30.849595],[129.93214,30.851752],[129.939952,30.848944],[129.9463,30.844713],[129.958263,30.836982],[129.959809,30.828681],[129.950369,30.819322],[129.939464,30.813422]]],[[[129.430919,30.848212],[129.433849,30.84455],[129.429454,30.840888],[129.428233,30.846422],[129.430919,30.848212]]],[[[129.444102,31.186591],[129.445079,31.190334],[129.443614,31.193101],[129.445079,31.194932],[129.446137,31.199652],[129.453705,31.199652],[129.448741,31.188218],[129.448741,31.184109],[129.451752,31.180691],[129.445323,31.177558],[129.43686,31.174058],[129.435639,31.179185],[129.440522,31.186062],[129.444102,31.186591]]],[[[130.164806,31.362047],[130.169363,31.361029],[130.166352,31.352973],[130.162039,31.349758],[130.159028,31.352037],[130.158865,31.356187],[130.164806,31.362047]]],[[[129.790863,31.78441],[129.798595,31.763658],[129.799571,31.745429],[129.786388,31.737616],[129.776134,31.729478],[129.74171,31.676174],[129.72934,31.644232],[129.719249,31.637356],[129.695977,31.621447],[129.677694,31.6297],[129.659374,31.641935],[129.655381,31.659785],[129.676298,31.666966],[129.690603,31.700198],[129.716645,31.730373],[129.7317,31.737616],[129.753591,31.743801],[129.767751,31.759345],[129.776703,31.779527],[129.783214,31.799628],[129.790863,31.78441]]],[[[129.814138,31.794827],[129.818777,31.805691],[129.824555,31.814602],[129.833669,31.816921],[129.83725,31.817735],[129.842784,31.814805],[129.842459,31.810085],[129.841319,31.802598],[129.846528,31.79918],[129.84018,31.795762],[129.834321,31.794501],[129.830089,31.791246],[129.829926,31.785671],[129.833669,31.782538],[129.831798,31.780666],[129.829926,31.773342],[129.820649,31.778266],[129.816498,31.7803],[129.815033,31.78852],[129.814138,31.794827]]],[[[129.847423,31.843411],[129.846528,31.850898],[129.853526,31.85517],[129.850434,31.857408],[129.839529,31.853664],[129.831798,31.843736],[129.824229,31.842271],[129.820567,31.845526],[129.820323,31.851874],[129.82309,31.863023],[129.831798,31.873521],[129.844981,31.880601],[129.864513,31.875556],[129.902029,31.848131],[129.909923,31.845689],[129.912771,31.851874],[129.908458,31.861802],[129.913422,31.867743],[129.928559,31.869696],[129.93336,31.867825],[129.928477,31.863918],[129.927745,31.859524],[129.929698,31.85342],[129.928071,31.846503],[129.928477,31.840399],[129.931163,31.836371],[129.931488,31.833482],[129.92921,31.826728],[129.922211,31.81981],[129.912771,31.819485],[129.903331,31.818061],[129.889903,31.810736],[129.875987,31.811265],[129.868663,31.818427],[129.863292,31.820868],[129.85906,31.823676],[129.857432,31.828559],[129.85377,31.83515],[129.847423,31.843411]]],[[[130.190766,32.164618],[130.173595,32.124335],[130.167328,32.114325],[130.149262,32.1105],[130.134613,32.117987],[130.127778,32.13231],[130.133311,32.149115],[130.12322,32.158922],[130.115082,32.175442],[130.111095,32.193305],[130.113292,32.207587],[130.121104,32.212633],[130.132009,32.21133],[130.153087,32.203762],[130.176036,32.203355],[130.187266,32.196357],[130.194102,32.176418],[130.190766,32.164618]]],[[[130.028982,32.191148],[130.037446,32.182522],[130.039561,32.180406],[130.036143,32.179755],[130.042247,32.174302],[130.045746,32.164049],[130.044688,32.161526],[130.044281,32.156399],[130.032563,32.17178],[130.022472,32.16059],[130.017751,32.161078],[130.017019,32.167629],[130.017019,32.17178],[130.017182,32.178209],[130.022309,32.187405],[130.028982,32.191148]]],[[[130.199067,32.20893],[130.188487,32.221015],[130.193207,32.228054],[130.193858,32.235338],[130.191987,32.243191],[130.197765,32.242987],[130.201264,32.236111],[130.210134,32.227403],[130.208425,32.223375],[130.208995,32.219916],[130.211843,32.218329],[130.203787,32.203111],[130.202159,32.208401],[130.201996,32.214179],[130.199067,32.20893]]],[[[130.173839,32.233018],[130.167572,32.226752],[130.163422,32.230089],[130.160167,32.230862],[130.157481,32.238715],[130.162039,32.242499],[130.16391,32.245185],[130.166677,32.250759],[130.169851,32.256334],[130.179779,32.260769],[130.187104,32.268093],[130.187755,32.260037],[130.183442,32.256334],[130.178396,32.251044],[130.175629,32.238918],[130.173839,32.233018]]],[[[130.253591,32.271633],[130.242849,32.263088],[130.232677,32.258775],[130.223155,32.257066],[130.215099,32.252672],[130.210704,32.255357],[130.210948,32.265774],[130.212901,32.276679],[130.217052,32.286933],[130.222911,32.29206],[130.228526,32.293036],[130.231212,32.295111],[130.23227,32.298651],[130.243907,32.301825],[130.260265,32.295071],[130.266449,32.287055],[130.263031,32.281317],[130.253591,32.271633]]],[[[130.301199,32.305854],[130.305349,32.309638],[130.310395,32.310614],[130.329356,32.318427],[130.330414,32.327135],[130.334972,32.340522],[130.346283,32.349799],[130.353608,32.350898],[130.360037,32.348782],[130.369477,32.348131],[130.370453,32.341742],[130.355154,32.32217],[130.331309,32.305487],[130.302664,32.304267],[130.301199,32.305854]]],[[[130.326752,32.347602],[130.318777,32.339504],[130.317068,32.341213],[130.312592,32.340766],[130.312104,32.346869],[130.319835,32.347927],[130.31837,32.349351],[130.316254,32.350898],[130.311209,32.349636],[130.299001,32.356024],[130.30421,32.362576],[130.31072,32.36107],[130.313243,32.367214],[130.314952,32.368313],[130.315929,32.369127],[130.318207,32.367825],[130.32073,32.36815],[130.32252,32.365505],[130.321788,32.361965],[130.322765,32.359402],[130.325531,32.36107],[130.332123,32.358547],[130.334076,32.354763],[130.340424,32.352281],[130.326752,32.347602]]],[[[130.011974,32.190619],[129.995453,32.19066],[129.994395,32.199897],[130.009125,32.252143],[129.997325,32.244045],[129.986339,32.244371],[129.975841,32.245917],[129.958344,32.237535],[129.958018,32.242377],[129.961274,32.252143],[129.965343,32.258205],[129.996267,32.282172],[130.016612,32.293118],[130.030121,32.295233],[130.042166,32.294501],[130.053233,32.296536],[130.064301,32.306789],[130.05421,32.306952],[130.046153,32.308254],[130.030284,32.313625],[130.0088,32.305894],[129.991466,32.314439],[129.979747,32.332994],[129.975271,32.355414],[129.976573,32.366441],[129.980479,32.375637],[129.98699,32.382961],[129.995453,32.388658],[129.989024,32.404486],[129.994395,32.42414],[130.006521,32.444037],[130.02003,32.460679],[130.030284,32.482408],[130.025401,32.502143],[130.00294,32.533352],[130.015473,32.532782],[130.02475,32.527737],[130.03297,32.521918],[130.043224,32.519029],[130.056488,32.521186],[130.076915,32.530992],[130.102794,32.536526],[130.120291,32.542873],[130.139822,32.547675],[130.160492,32.546332],[130.189464,32.521796],[130.198985,32.48017],[130.201508,32.395494],[130.204112,32.387641],[130.206798,32.381252],[130.208344,32.373277],[130.205577,32.346625],[130.20338,32.338853],[130.199229,32.33275],[130.190684,32.323554],[130.181407,32.318264],[130.157725,32.310248],[130.153087,32.303371],[130.133311,32.265123],[130.127778,32.26142],[130.105317,32.252143],[130.096934,32.245022],[130.074962,32.220771],[130.061046,32.211859],[130.036876,32.199774],[130.011974,32.190619]]],[[[130.420502,32.366929],[130.415619,32.368313],[130.416026,32.376532],[130.415863,32.380601],[130.412283,32.380601],[130.407807,32.393093],[130.412852,32.399888],[130.416189,32.396186],[130.424408,32.388983],[130.423513,32.383409],[130.429698,32.382351],[130.431733,32.378648],[130.427338,32.373196],[130.421886,32.370388],[130.420502,32.366929]]],[[[130.239106,32.460273],[130.247895,32.464586],[130.267833,32.484198],[130.290294,32.497952],[130.305186,32.504055],[130.341563,32.51435],[130.363048,32.527086],[130.370942,32.527045],[130.377208,32.522895],[130.379649,32.515326],[130.383311,32.509426],[130.391775,32.508734],[130.410004,32.511623],[130.440196,32.523993],[130.457042,32.52558],[130.468516,32.511623],[130.434825,32.492743],[130.392833,32.397162],[130.362315,32.374986],[130.358735,32.37995],[130.357921,32.391181],[130.358653,32.412909],[130.353852,32.42414],[130.34311,32.42182],[130.324474,32.409817],[130.284434,32.407538],[130.264822,32.403632],[130.241954,32.395494],[130.22169,32.421861],[130.213064,32.43651],[130.213634,32.450426],[130.218598,32.455959],[130.225108,32.458197],[130.239106,32.460273]]],[[[131.447276,31.876899],[131.449962,31.85871],[131.447622,31.847435],[131.455903,31.821974],[131.468042,31.804899],[131.496349,31.795966],[131.493012,31.786933],[131.478526,31.770331],[131.475271,31.762152],[131.450531,31.651109],[131.455333,31.620917],[131.42335,31.598334],[131.411469,31.586127],[131.406912,31.569729],[131.404063,31.568061],[131.390798,31.548814],[131.386485,31.539008],[131.385265,31.526923],[131.38795,31.520494],[131.391449,31.51675],[131.393321,31.512274],[131.393728,31.491034],[131.388927,31.485582],[131.376231,31.474433],[131.373546,31.467353],[131.36378,31.419664],[131.358653,31.410468],[131.34547,31.394965],[131.341807,31.386054],[131.340587,31.37873],[131.338227,31.372626],[131.331309,31.367662],[131.327647,31.371324],[131.324962,31.37287],[131.318207,31.375149],[131.322602,31.381293],[131.323741,31.383938],[131.325043,31.388129],[131.284841,31.381985],[131.26588,31.381171],[131.249848,31.388129],[131.245128,31.395575],[131.245779,31.412177],[131.243012,31.422268],[131.238617,31.428412],[131.219249,31.446479],[131.212657,31.454739],[131.207802,31.456049],[131.200342,31.457373],[131.178633,31.452429],[131.161557,31.463998],[131.150645,31.47134],[131.130382,31.469428],[131.109386,31.464545],[131.071788,31.449612],[131.056895,31.439643],[131.045258,31.427476],[131.028075,31.401786],[131.013611,31.36307],[131.025451,31.354095],[131.059581,31.344875],[131.083344,31.338446],[131.104015,31.328843],[131.107388,31.317184],[131.104382,31.309449],[131.082986,31.297056],[131.074217,31.282104],[131.092591,31.276051],[131.124747,31.288346],[131.132114,31.279513],[131.06025,31.225315],[131.032951,31.227524],[131.008159,31.221082],[131.006602,31.199774],[130.997081,31.186591],[130.979991,31.155992],[130.968598,31.14175],[130.956228,31.131171],[130.940684,31.121324],[130.924001,31.112982],[130.907237,31.10692],[130.870681,31.096019],[130.845225,31.089911],[130.819511,31.08726],[130.792357,31.077847],[130.773796,31.065483],[130.767589,31.056464],[130.725428,31.04704],[130.69488,31.018825],[130.677943,31.00501],[130.657722,31.003191],[130.663339,31.069506],[130.688975,31.090155],[130.728689,31.111558],[130.742686,31.121283],[130.764784,31.186509],[130.753941,31.203883],[130.780369,31.242515],[130.78967,31.275149],[130.796646,31.325346],[130.795252,31.344425],[130.782725,31.372789],[130.769542,31.402411],[130.747325,31.435492],[130.703417,31.459305],[130.692525,31.485572],[130.705333,31.528754],[130.695567,31.545803],[130.636892,31.555243],[130.619477,31.564276],[130.609386,31.566311],[130.598318,31.573432],[130.590889,31.585988],[130.613893,31.612066],[130.637878,31.622595],[130.662283,31.617865],[130.687836,31.619452],[130.711681,31.614407],[130.722341,31.597317],[130.719249,31.570705],[130.722667,31.563422],[130.736013,31.559475],[130.749034,31.559719],[130.758637,31.563788],[130.776378,31.579901],[130.799001,31.611721],[130.810313,31.650946],[130.804535,31.687242],[130.776378,31.710273],[130.737965,31.708439],[130.686046,31.725531],[130.644786,31.714748],[130.613048,31.682359],[130.610118,31.672309],[130.606212,31.646633],[130.602224,31.638251],[130.574962,31.611274],[130.567638,31.600735],[130.558442,31.566311],[130.542247,31.541734],[130.529145,31.513251],[130.518077,31.472398],[130.516124,31.453315],[130.520518,31.43244],[130.550466,31.375149],[130.562673,31.334377],[130.573497,31.314602],[130.589122,31.30622],[130.602875,31.301988],[130.623682,31.275647],[130.66033,31.27143],[130.661957,31.258612],[130.650076,31.2237],[130.646658,31.206936],[130.639822,31.186469],[130.623302,31.17886],[130.603689,31.172349],[130.586436,31.155422],[130.573578,31.167426],[130.562511,31.166938],[130.550792,31.162421],[130.536794,31.162177],[130.521739,31.168687],[130.516856,31.175442],[130.516124,31.189521],[130.506602,31.212795],[130.494802,31.22724],[130.451144,31.249388],[130.297374,31.25373],[130.275076,31.252997],[130.24879,31.244127],[130.222205,31.2463],[130.212056,31.260866],[130.208715,31.279283],[130.203093,31.293824],[130.192952,31.315157],[130.179382,31.327781],[130.190722,31.326789],[130.206595,31.324819],[130.207774,31.336615],[130.196544,31.354193],[130.170258,31.377021],[130.140636,31.39765],[130.118988,31.408637],[130.14503,31.420071],[130.153087,31.422268],[130.162364,31.421942],[130.175466,31.417304],[130.184093,31.416083],[130.195974,31.412055],[130.21518,31.391059],[130.228282,31.381293],[130.244884,31.404853],[130.293268,31.444704],[130.30476,31.476634],[130.317068,31.493069],[130.328461,31.529039],[130.334483,31.562405],[130.324474,31.586737],[130.337657,31.607896],[130.336192,31.626166],[130.32545,31.642076],[130.297374,31.669989],[130.259288,31.720852],[130.246267,31.729641],[130.199718,31.75373],[130.184093,31.758694],[130.181814,31.768256],[130.171431,31.790137],[130.181,31.826972],[130.190319,31.835088],[130.22283,31.824449],[130.235118,31.819525],[130.207856,31.843695],[130.197004,31.858485],[130.21473,31.885618],[130.220438,31.929595],[130.213918,31.950174],[130.205127,31.97167],[130.194102,31.980902],[130.189952,31.986029],[130.174106,31.998756],[130.172994,32.01745],[130.186307,32.026796],[130.204048,32.048285],[130.204047,32.072581],[130.179861,32.093451],[130.206798,32.120673],[130.248302,32.133734],[130.278656,32.100531],[130.298513,32.105862],[130.319591,32.118232],[130.331879,32.128607],[130.335134,32.135199],[130.344656,32.16177],[130.344981,32.162746],[130.348481,32.166571],[130.356944,32.169379],[130.358653,32.172675],[130.357758,32.187242],[130.358653,32.19066],[130.431,32.257148],[130.441173,32.28262],[130.444021,32.287828],[130.457042,32.294867],[130.461681,32.299954],[130.463715,32.309394],[130.46046,32.318183],[130.461681,32.327216],[130.469574,32.347113],[130.477061,32.349026],[130.503184,32.327216],[130.512462,32.338202],[130.513927,32.350328],[130.51002,32.378485],[130.514903,32.385891],[130.540538,32.416002],[130.562022,32.427069],[130.5713,32.45189],[130.567638,32.477688],[130.550466,32.491685],[130.558849,32.501776],[130.570079,32.505601],[130.598806,32.505357],[130.590587,32.518459],[130.567719,32.534166],[130.564708,32.546332],[130.570079,32.554592],[130.641287,32.607489],[130.656423,32.623725],[130.668305,32.648749],[130.641449,32.648342],[130.478038,32.622016],[130.461681,32.61522],[130.448009,32.621405],[130.457205,32.635199],[130.475271,32.64704],[130.5442,32.676703],[130.56544,32.693427],[130.576508,32.698391],[130.59197,32.697211],[130.608165,32.702216],[130.616466,32.703762],[130.625987,32.704006],[130.625987,32.711412],[130.612315,32.716254],[130.60141,32.726142],[130.594493,32.737982],[130.59197,32.748725],[130.593761,32.755601],[130.598155,32.763088],[130.609386,32.775702],[130.613048,32.781236],[130.611339,32.785468],[130.607677,32.789862],[130.605642,32.796454],[130.593028,32.815863],[130.516124,32.868476],[130.470225,32.909735],[130.441254,32.923651],[130.433116,32.941718],[130.426443,33.007148],[130.428477,33.050523],[130.421641,33.06977],[130.422211,33.082587],[130.420665,33.087592],[130.41505,33.09162],[130.409679,33.092678],[130.40447,33.093004],[130.400157,33.095038],[130.379405,33.107856],[130.372244,33.114895],[130.367524,33.12637],[130.368012,33.134955],[130.364757,33.140326],[130.337413,33.143378],[130.314789,33.148505],[130.300548,33.149644],[130.290443,33.149589],[130.258149,33.178656],[130.241396,33.188234],[130.219302,33.159466],[130.178233,33.134914],[130.15089,33.111884],[130.127565,33.120937],[130.131946,33.101972],[130.145129,33.084836],[130.160492,33.054104],[130.203901,32.991782],[130.22231,32.975205],[130.219147,32.95506],[130.204258,32.950871],[130.203787,32.9289],[130.188536,32.915321],[130.163596,32.909291],[130.14913,32.896413],[130.13464,32.889044],[130.115408,32.880276],[130.105317,32.875922],[130.122315,32.868816],[130.132529,32.855939],[130.153635,32.842457],[130.178284,32.842495],[130.195002,32.84494],[130.243588,32.875284],[130.307285,32.876299],[130.33942,32.856579],[130.351248,32.83393],[130.372244,32.793402],[130.374848,32.780178],[130.375782,32.747884],[130.373706,32.738969],[130.354991,32.717231],[130.350936,32.704063],[130.360827,32.687963],[130.341704,32.667258],[130.305578,32.651434],[130.268231,32.650361],[130.259046,32.643866],[130.259939,32.632717],[130.253917,32.624823],[130.236508,32.622477],[130.231546,32.610014],[130.223079,32.605881],[130.198412,32.602978],[130.18148,32.592327],[130.165987,32.592956],[130.173054,32.603634],[130.169562,32.619092],[130.155488,32.625654],[130.147049,32.633992],[130.129457,32.641134],[130.128793,32.661317],[130.128133,32.683871],[130.142223,32.682065],[130.153508,32.686197],[130.166925,32.698038],[130.17748,32.70518],[130.190132,32.714106],[130.201323,32.72425],[130.210314,32.73325],[130.207585,32.752162],[130.195833,32.757391],[130.18682,32.762065],[130.182872,32.769029],[130.186046,32.774359],[130.190233,32.783482],[130.178427,32.792922],[130.148099,32.795354],[130.138214,32.788847],[130.126222,32.78887],[130.093789,32.79486],[130.064167,32.784811],[130.050046,32.772364],[130.032412,32.75935],[130.008446,32.754626],[129.990808,32.746917],[129.97038,32.744563],[129.962672,32.752894],[129.962012,32.761809],[129.958508,32.764782],[129.949326,32.757661],[129.954891,32.745171],[129.942136,32.728522],[129.916765,32.698279],[129.903444,32.681137],[129.894929,32.662689],[129.874453,32.648989],[129.855445,32.640086],[129.841277,32.639415],[129.837725,32.631668],[129.832286,32.615805],[129.808543,32.597552],[129.78583,32.583105],[129.782909,32.573503],[129.776561,32.576457],[129.763147,32.579976],[129.749612,32.572698],[129.740351,32.568442],[129.734005,32.58092],[129.74959,32.59171],[129.761687,32.59598],[129.775197,32.600852],[129.782975,32.607415],[129.794163,32.632314],[129.804615,32.647684],[129.814496,32.662551],[129.818084,32.677438],[129.813872,32.683379],[129.803249,32.677996],[129.796883,32.684506],[129.796923,32.692245],[129.80896,32.694068],[129.81532,32.701798],[129.825954,32.704808],[129.834378,32.694122],[129.845694,32.701274],[129.85906,32.724514],[129.823795,32.721985],[129.823985,32.73607],[129.803722,32.772284],[129.793305,32.780178],[129.784679,32.784898],[129.778656,32.791002],[129.776378,32.80329],[129.771007,32.813951],[129.754509,32.818483],[129.744343,32.809886],[129.73271,32.80557],[129.721035,32.827074],[129.69809,32.839545],[129.687022,32.854804],[129.678396,32.870429],[129.674653,32.88052],[129.67335,32.892401],[129.669688,32.904975],[129.661306,32.91474],[129.651866,32.922797],[129.63843,32.926546],[129.631129,32.956534],[129.632403,32.979107],[129.646269,32.989563],[129.653519,33.004253],[129.649721,33.017049],[129.651862,33.033558],[129.660658,33.039697],[129.663417,33.069024],[129.681612,33.094092],[129.720198,33.078968],[129.734711,33.060248],[129.735362,33.057847],[129.734223,33.049058],[129.734711,33.046617],[129.737966,33.046129],[129.744337,33.051524],[129.750154,33.057039],[129.755266,33.055216],[129.759665,33.047889],[129.75312,33.041762],[129.738632,33.019118],[129.735784,33.003844],[129.741664,32.991035],[129.751839,32.99594],[129.766328,33.017954],[129.796959,33.010062],[129.812308,32.994804],[129.823277,32.979538],[129.816009,32.970967],[129.813845,32.961796],[129.816089,32.937948],[129.814669,32.922655],[129.806677,32.914697],[129.800827,32.923867],[129.795674,32.947794],[129.786945,32.947805],[129.789935,32.912245],[129.803795,32.90246],[129.807477,32.885942],[129.7944,32.874921],[129.814814,32.863313],[129.822834,32.858438],[129.831586,32.850508],[129.841789,32.844411],[129.84544,32.838308],[129.850528,32.841371],[129.854885,32.847486],[129.868702,32.853013],[129.874514,32.860963],[129.883206,32.875693],[129.93561,32.860489],[129.987878,32.841714],[130.003148,32.845379],[129.985691,32.863087],[129.931224,32.928894],[129.929725,32.957641],[129.939184,32.972323],[129.947602,32.995063],[129.945623,33.015758],[129.912082,33.036508],[129.881444,33.062763],[129.853011,33.054167],[129.83407,33.043135],[129.823859,33.043119],[129.822356,33.06268],[129.797515,33.077309],[129.786589,33.070564],[129.774952,33.058314],[129.761096,33.057063],[129.74648,33.06559],[129.742442,33.076361],[129.733226,33.101633],[129.739066,33.101035],[129.749197,33.098131],[129.745585,33.116335],[129.746288,33.124896],[129.760145,33.129815],[129.758677,33.138941],[129.74773,33.139524],[129.728526,33.122301],[129.723645,33.132775],[129.721438,33.145573],[129.722856,33.158404],[129.709764,33.16257],[129.712169,33.141059],[129.708018,33.119208],[129.704112,33.111802],[129.696862,33.114265],[129.680747,33.114879],[129.67349,33.103869],[129.666515,33.101264],[129.662332,33.126511],[129.683604,33.131049],[129.687022,33.142239],[129.683279,33.15233],[129.674327,33.160224],[129.663259,33.166002],[129.652843,33.170152],[129.656098,33.178941],[129.656098,33.184882],[129.65268,33.190253],[129.645518,33.197455],[129.638031,33.192776],[129.628103,33.191799],[129.617442,33.194648],[129.600108,33.208319],[129.590099,33.211127],[129.564138,33.211127],[129.552144,33.225839],[129.563342,33.25549],[129.565342,33.272067],[129.57382,33.276835],[129.580912,33.275084],[129.591498,33.28341],[129.589343,33.289915],[129.584326,33.301146],[129.571467,33.32064],[129.57628,33.347897],[129.580413,33.371007],[129.592415,33.381115],[129.620616,33.35928],[129.644379,33.362372],[129.673185,33.398539],[129.679603,33.389673],[129.676873,33.362419],[129.701008,33.353007],[129.744164,33.364314],[129.807465,33.348131],[129.814545,33.331244],[129.814708,33.330878],[129.819835,33.304755],[129.827159,33.293891],[129.837901,33.285386],[129.851573,33.280015],[129.847992,33.293402],[129.841328,33.315977],[129.846295,33.347965],[129.859008,33.367514],[129.871025,33.378178],[129.861863,33.390046],[129.868663,33.397447],[129.816392,33.426102],[129.796886,33.444485],[129.787257,33.454519],[129.797172,33.467582],[129.804245,33.481823],[129.81844,33.484212],[129.83546,33.466376],[129.841319,33.454413],[129.848888,33.44245],[129.862071,33.436998],[129.871349,33.442939],[129.866873,33.456732],[129.843951,33.481217],[129.836835,33.513254],[129.854579,33.532854],[129.853187,33.552502],[129.868789,33.5394],[129.885831,33.53584],[129.910059,33.547205],[129.942149,33.531684],[129.961274,33.512763],[129.956997,33.502782],[129.945545,33.490855],[129.941209,33.479537],[129.953331,33.473656],[129.962648,33.482607],[129.966902,33.472529],[129.966869,33.463027],[129.975389,33.454143],[129.988946,33.448851],[130.016856,33.445787],[130.028819,33.45067],[130.040212,33.461249],[130.044626,33.485741],[130.055294,33.495226],[130.085972,33.506532],[130.103845,33.511905],[130.115262,33.508951],[130.125987,33.516181],[130.129893,33.518988],[130.142751,33.520494],[130.156423,33.525377],[130.167979,33.534084],[130.174164,33.546861],[130.161876,33.546617],[130.129893,33.540025],[130.120372,33.543158],[130.117931,33.55683],[130.109141,33.559882],[130.096934,33.561713],[130.092052,33.566474],[130.093028,33.573432],[130.098481,33.581692],[130.109141,33.589748],[130.119395,33.591254],[130.129161,33.591254],[130.139415,33.594672],[130.156664,33.606506],[130.153839,33.618943],[130.159548,33.629596],[130.170746,33.628852],[130.181895,33.629055],[130.190684,33.630316],[130.197765,33.633612],[130.204763,33.639716],[130.208011,33.665076],[130.220551,33.659735],[130.2317,33.653306],[130.236501,33.644232],[130.227156,33.634844],[130.231384,33.618846],[130.245372,33.611762],[130.251475,33.607978],[130.271921,33.611668],[130.27545,33.603368],[130.265432,33.58858],[130.273244,33.582643],[130.285411,33.576972],[130.290294,33.574205],[130.295298,33.579043],[130.301524,33.579657],[130.305431,33.584947],[130.315307,33.597362],[130.330269,33.59792],[130.35805,33.597259],[130.37304,33.603145],[130.390866,33.604874],[130.399478,33.616111],[130.402408,33.630921],[130.407501,33.650468],[130.40326,33.658187],[130.398692,33.669135],[130.379242,33.659247],[130.361583,33.646226],[130.348972,33.64113],[130.336168,33.647678],[130.324787,33.653035],[130.318394,33.658381],[130.306981,33.655441],[130.2949,33.664351],[130.289263,33.681545],[130.294281,33.689239],[130.304966,33.687443],[130.310611,33.672618],[130.324122,33.664887],[130.345498,33.662472],[130.386485,33.677232],[130.402029,33.689399],[130.415294,33.702826],[130.428722,33.71369],[130.444591,33.718207],[130.452113,33.727974],[130.467674,33.743564],[130.469987,33.762869],[130.46676,33.780353],[130.455704,33.782232],[130.448009,33.789944],[130.449555,33.802232],[130.454356,33.807685],[130.462087,33.811184],[130.472179,33.817532],[130.477794,33.825141],[130.488943,33.855373],[130.497081,33.848131],[130.507579,33.849066],[130.530528,33.861558],[130.539073,33.869452],[130.542328,33.875963],[130.548188,33.880764],[130.564708,33.883287],[130.612071,33.879788],[130.633067,33.882473],[130.654063,33.896308],[130.684418,33.934231],[130.692393,33.937323],[130.705251,33.938707],[130.717052,33.937893],[130.731505,33.931849],[130.756049,33.943681],[130.790495,33.944411],[130.828228,33.939585],[130.821339,33.920287],[130.835869,33.925729],[130.861423,33.925568],[130.871199,33.913516],[130.880853,33.89594],[130.896983,33.889309],[130.913585,33.891181],[130.926036,33.899075],[130.941417,33.916815],[130.949471,33.938193],[130.976567,33.957367],[131.007148,33.966055],[131.018686,33.956262],[131.01531,33.935126],[131.006358,33.922919],[131.003591,33.916815],[131.004161,33.911078],[130.992929,33.897665],[131.001771,33.887229],[130.999829,33.873864],[130.984607,33.87396],[130.988081,33.864284],[130.990684,33.856827],[130.984335,33.848698],[130.979747,33.842719],[130.963574,33.833235],[130.961925,33.820054],[130.961681,33.81623],[130.965994,33.813056],[130.985511,33.808665],[131.006945,33.813088],[131.003591,33.77969],[131.006033,33.772284],[131.009776,33.746161],[131.019786,33.726549],[131.050792,33.681871],[131.064464,33.653266],[131.081309,33.634955],[131.102976,33.624253],[131.119972,33.626339],[131.145875,33.621634],[131.188699,33.616028],[131.219869,33.607545],[131.256464,33.604955],[131.283834,33.582369],[131.323093,33.581221],[131.36762,33.574802],[131.417703,33.581682],[131.423176,33.589054],[131.459314,33.616144],[131.475637,33.631566],[131.484032,33.653038],[131.498557,33.666985],[131.521045,33.676371],[131.551475,33.680444],[131.573802,33.680896],[131.590017,33.68301],[131.607188,33.677191],[131.627452,33.66767],[131.647227,33.669827],[131.667366,33.667192],[131.68955,33.641342],[131.713115,33.605439],[131.729538,33.580236],[131.737071,33.56037],[131.739919,33.5397],[131.729109,33.512548],[131.737295,33.484608],[131.727348,33.463539],[131.709282,33.432638],[131.706243,33.409583],[131.697436,33.406393],[131.674571,33.416164],[131.658702,33.422838],[131.64031,33.416571],[131.635427,33.40233],[131.638438,33.386664],[131.634613,33.373969],[131.60963,33.368801],[131.601085,33.364936],[131.596234,33.3494],[131.576289,33.346355],[131.556163,33.346381],[131.547374,33.352281],[131.532981,33.366113],[131.506029,33.363074],[131.498385,33.340666],[131.51038,33.273404],[131.528494,33.261217],[131.547862,33.25495],[131.612219,33.252936],[131.654535,33.271625],[131.700043,33.254096],[131.710862,33.270176],[131.762092,33.253543],[131.822174,33.244032],[131.850857,33.252219],[131.884449,33.268306],[131.902625,33.266042],[131.882195,33.236532],[131.871555,33.215419],[131.872244,33.200344],[131.864662,33.19307],[131.848744,33.187999],[131.830976,33.169713],[131.826661,33.152562],[131.809574,33.127649],[131.842621,33.113267],[131.868831,33.128767],[131.900401,33.129136],[131.911457,33.124815],[131.88435,33.109355],[131.868938,33.09434],[131.863217,33.082533],[131.880511,33.07504],[131.890859,33.079511],[131.905798,33.077296],[131.915831,33.069162],[131.929217,33.068271],[131.932618,33.07947],[131.934469,33.092018],[131.942384,33.092557],[131.950938,33.076158],[131.958018,33.067206],[131.967133,33.061672],[131.976085,33.060248],[131.985199,33.063178],[131.991466,33.068996],[131.996113,33.091711],[132.013438,33.06387],[132.009451,33.051174],[131.984009,33.045545],[131.94535,33.047499],[131.92955,33.04709],[131.922829,33.028655],[131.906774,33.011847],[131.903168,32.983059],[131.914596,32.976492],[131.934705,32.959507],[131.949701,32.959275],[131.959239,32.944525],[131.9699,32.94831],[131.979177,32.950385],[131.985606,32.947333],[131.990977,32.941718],[131.99822,32.93891],[132.010265,32.944159],[132.009776,32.939032],[132.013879,32.934393],[132.021831,32.936917],[132.03479,32.951291],[132.060744,32.946885],[132.081189,32.94323],[132.084115,32.933234],[132.064446,32.936215],[132.043714,32.927276],[132.025475,32.923596],[131.994802,32.903551],[131.982188,32.888902],[131.986664,32.88227],[131.99586,32.878363],[132.000173,32.871283],[131.989757,32.854804],[131.980968,32.848334],[131.972341,32.844468],[131.963715,32.839016],[131.955577,32.827541],[131.968516,32.826117],[131.997813,32.829657],[132.003429,32.824123],[131.996593,32.810533],[131.980724,32.799262],[131.962413,32.79267],[131.94809,32.793402],[131.92921,32.778266],[131.882498,32.783433],[131.873057,32.762356],[131.873057,32.734687],[131.872325,32.731635],[131.871104,32.726793],[131.866873,32.722724],[131.862153,32.720364],[131.859386,32.717678],[131.856994,32.700864],[131.855925,32.686084],[131.847911,32.68183],[131.833952,32.698665],[131.821938,32.702686],[131.816564,32.689146],[131.80064,32.680833],[131.788422,32.662991],[131.775645,32.653713],[131.770763,32.648749],[131.767833,32.64411],[131.76824,32.642401],[131.769786,32.639553],[131.770763,32.631741],[131.766856,32.620795],[131.749034,32.594062],[131.743337,32.587958],[131.729503,32.584052],[131.708793,32.585903],[131.704713,32.581575],[131.699067,32.564521],[131.68214,32.535061],[131.685069,32.522447],[131.695649,32.511461],[131.712657,32.511623],[131.718923,32.508734],[131.736501,32.491685],[131.717296,32.472968],[131.695486,32.468248],[131.678946,32.473907],[131.65979,32.47682],[131.656629,32.457358],[131.673889,32.441805],[131.689132,32.421737],[131.663585,32.40644],[131.653087,32.401272],[131.641368,32.399237],[131.633474,32.395494],[131.629405,32.386786],[131.621837,32.360297],[131.619477,32.337104],[131.616466,32.332343],[131.611013,32.329983],[131.602794,32.323554],[131.59254,32.303656],[131.580414,32.253974],[131.562417,32.217916],[131.550327,32.169466],[131.530528,32.107391],[131.496486,32.012744],[131.45857,31.905452],[131.447276,31.876899]]],[[[129.781261,32.552558],[129.775157,32.54621],[129.776703,32.565294],[129.781668,32.566962],[129.789643,32.565212],[129.790701,32.563015],[129.79005,32.558743],[129.786225,32.55386],[129.781261,32.552558]]],[[[130.460378,32.575751],[130.462332,32.57921],[130.467296,32.583604],[130.474946,32.58511],[130.481375,32.574449],[130.4817,32.561428],[130.467459,32.544623],[130.462576,32.541653],[130.461843,32.562323],[130.460378,32.575751]]],[[[128.898855,32.571397],[128.903575,32.572496],[128.903168,32.560045],[128.900076,32.560045],[128.890147,32.564683],[128.898855,32.571397]]],[[[130.446462,32.616604],[130.452891,32.610989],[130.450043,32.603258],[130.446788,32.596829],[130.452647,32.590644],[130.453868,32.580064],[130.450938,32.563422],[130.445811,32.552558],[130.431895,32.549872],[130.424571,32.54682],[130.427582,32.537299],[130.421397,32.540758],[130.40919,32.549262],[130.406749,32.560981],[130.411388,32.573879],[130.407725,32.581732],[130.399669,32.586412],[130.398774,32.593166],[130.413585,32.613593],[130.416515,32.613959],[130.41684,32.610053],[130.420095,32.611558],[130.428477,32.617662],[130.436534,32.620673],[130.446462,32.616604]]],[[[130.488455,32.609727],[130.497081,32.607815],[130.510102,32.60692],[130.510834,32.593044],[130.497162,32.579983],[130.487153,32.575588],[130.486827,32.584052],[130.487885,32.590237],[130.481944,32.58865],[130.478852,32.590481],[130.47991,32.593004],[130.478526,32.594957],[130.480561,32.597805],[130.476899,32.599514],[130.479666,32.606757],[130.488455,32.609727]]],[[[128.832856,32.605943],[128.841156,32.600246],[128.838959,32.594957],[128.826182,32.598822],[128.82545,32.60163],[128.832856,32.605943]]],[[[129.756358,32.651719],[129.753429,32.649115],[129.750011,32.655829],[129.74407,32.660956],[129.747651,32.666368],[129.756847,32.662828],[129.756358,32.651719]]],[[[129.770193,32.701972],[129.76824,32.704779],[129.764903,32.705756],[129.760265,32.715725],[129.772634,32.709459],[129.780121,32.700629],[129.78533,32.691921],[129.780121,32.689602],[129.773611,32.697333],[129.7706,32.699937],[129.770193,32.701972]]],[[[129.003022,32.778835],[129.00587,32.768866],[129.004649,32.762112],[129.006196,32.756415],[129.006928,32.753079],[129.000011,32.751085],[128.989187,32.75373],[128.985932,32.748765],[128.987804,32.745022],[128.986339,32.742499],[128.982595,32.741767],[128.980968,32.744249],[128.976736,32.745266],[128.969737,32.746772],[128.96518,32.745022],[128.966156,32.75434],[128.978526,32.75967],[128.983165,32.759589],[128.986583,32.764879],[128.985037,32.77733],[128.987641,32.788398],[128.991547,32.791734],[128.999604,32.788601],[129.003022,32.778835]]],[[[128.874197,32.804348],[128.873383,32.807847],[128.870779,32.816067],[128.866222,32.825385],[128.862966,32.835273],[128.868175,32.837836],[128.892263,32.823717],[128.89975,32.818305],[128.902843,32.814154],[128.908539,32.801337],[128.907237,32.794013],[128.894867,32.781724],[128.882335,32.765286],[128.875336,32.763495],[128.866466,32.76496],[128.847911,32.774888],[128.840099,32.777574],[128.835216,32.787665],[128.835948,32.818996],[128.834646,32.827053],[128.83725,32.833808],[128.846202,32.834866],[128.856944,32.830024],[128.863455,32.818834],[128.866222,32.807359],[128.869884,32.801093],[128.873871,32.798733],[128.875011,32.801744],[128.874197,32.804348]]],[[[128.883149,32.855943],[128.880707,32.862616],[128.89088,32.870917],[128.908946,32.866441],[128.924327,32.851508],[128.929454,32.849799],[128.926768,32.862209],[128.928966,32.864691],[128.937673,32.860785],[128.942149,32.86518],[128.94337,32.876288],[128.946544,32.880194],[128.951182,32.876451],[128.953136,32.874213],[128.955414,32.863105],[128.958018,32.841498],[128.954438,32.830715],[128.946951,32.82803],[128.944591,32.823391],[128.947765,32.81981],[128.949392,32.813381],[128.945079,32.804348],[128.94044,32.804429],[128.938487,32.812934],[128.931977,32.817125],[128.923025,32.818061],[128.920584,32.820746],[128.924083,32.824612],[128.924001,32.829657],[128.920177,32.835028],[128.915701,32.838853],[128.909923,32.842434],[128.895763,32.856431],[128.889659,32.85814],[128.883149,32.855943]]],[[[129.602061,32.880927],[129.592784,32.878323],[129.59254,32.88406],[129.599294,32.888577],[129.602061,32.880927]]],[[[128.98878,32.900214],[128.983735,32.906643],[128.98227,32.912421],[128.979666,32.91649],[128.97934,32.920233],[128.982677,32.923245],[128.984711,32.926093],[128.98463,32.929185],[128.992442,32.929429],[129.009613,32.924506],[129.020681,32.916693],[129.024587,32.908637],[129.027843,32.899807],[129.02947,32.89175],[129.029959,32.888617],[129.028168,32.855658],[129.024099,32.848049],[129.017914,32.848049],[129.017426,32.856676],[129.013682,32.858791],[129.006602,32.864691],[128.996837,32.866645],[128.982677,32.86225],[128.97755,32.864],[128.973806,32.869045],[128.969493,32.871487],[128.968028,32.873684],[128.964122,32.889553],[128.96461,32.898261],[128.972992,32.898505],[128.99171,32.889838],[128.995616,32.89053],[128.994477,32.895331],[128.98878,32.900214]]],[[[128.942312,32.924465],[128.946707,32.920844],[128.952078,32.916897],[128.948578,32.904446],[128.934255,32.910712],[128.931407,32.914862],[128.931814,32.920274],[128.935069,32.92418],[128.942312,32.924465]]],[[[129.187918,32.916287],[129.184174,32.920762],[129.194509,32.924262],[129.191824,32.919094],[129.187918,32.916287]]],[[[129.625173,32.928453],[129.616303,32.916287],[129.600515,32.921617],[129.592214,32.94066],[129.594005,32.945583],[129.596202,32.946763],[129.598481,32.947984],[129.598643,32.946479],[129.598155,32.94066],[129.602061,32.937486],[129.601736,32.938341],[129.603363,32.939968],[129.605968,32.938381],[129.605479,32.939683],[129.605479,32.94123],[129.605886,32.943101],[129.608084,32.942572],[129.611257,32.943427],[129.615408,32.94123],[129.625173,32.938096],[129.625173,32.928453]]],[[[129.04713,32.841457],[129.040414,32.862728],[129.041475,32.896],[129.04782,32.909965],[129.033051,32.933336],[129.024262,32.937893],[128.98878,32.944159],[128.979423,32.947609],[128.98146,32.960352],[128.998076,32.966534],[129.02042,32.980625],[129.035038,32.967404],[129.054454,32.979315],[129.042584,33.00016],[129.048622,33.039603],[129.065211,33.043954],[129.067645,33.019116],[129.077737,33.020398],[129.083995,33.023383],[129.084321,33.043199],[129.080997,33.056782],[129.085875,33.076208],[129.101725,33.082973],[129.106619,33.101188],[129.098547,33.114491],[129.096262,33.125375],[129.10818,33.166688],[129.117667,33.158859],[129.116387,33.140656],[129.112128,33.131535],[129.108594,33.122418],[129.115908,33.113975],[129.123911,33.109173],[129.11831,33.088531],[129.111967,33.070309],[129.102712,33.054493],[129.099271,33.035687],[129.097254,33.018106],[129.097992,32.988267],[129.109711,32.982896],[129.169628,33.005817],[129.182807,32.984686],[129.175955,32.966986],[129.156325,32.95849],[129.137218,32.938178],[129.117543,32.935841],[129.100352,32.919013],[129.092537,32.906608],[129.090551,32.89148],[129.098481,32.875149],[129.097992,32.868476],[129.096572,32.856942],[129.086192,32.857245],[129.06792,32.861183],[129.061495,32.848384],[129.068696,32.839179],[129.068533,32.825914],[129.064952,32.817816],[129.045723,32.822093],[129.04713,32.841457]]],[[[129.234874,32.998399],[129.224213,32.996975],[129.223237,33.000393],[129.228038,33.00731],[129.231863,33.012885],[129.241466,33.019761],[129.246186,33.022854],[129.246918,33.015041],[129.255219,33.020819],[129.259451,33.0185],[129.256847,33.015489],[129.252615,33.007921],[129.255707,33.003201],[129.251882,32.99608],[129.24586,32.992296],[129.240082,32.989814],[129.236339,32.992011],[129.239594,32.996812],[129.237966,32.997301],[129.234874,32.998399]]],[[[129.341889,33.005072],[129.337332,33.00906],[129.344086,33.01907],[129.353608,33.021918],[129.352143,33.000393],[129.341889,33.005072]]],[[[129.187104,33.018012],[129.189871,33.019761],[129.195893,33.015041],[129.189789,33.00731],[129.178396,33.00731],[129.174897,33.009996],[129.177338,33.016059],[129.184174,33.015774],[129.187104,33.018012]]],[[[129.576345,33.028144],[129.582612,33.030178],[129.59669,33.051907],[129.604015,33.057481],[129.605235,33.060981],[129.607514,33.06387],[129.622,33.061225],[129.628917,33.063015],[129.63502,33.062364],[129.632986,33.057807],[129.627778,33.054145],[129.627859,33.051622],[129.629975,33.048692],[129.628998,33.044745],[129.62558,33.038194],[129.610525,33.028469],[129.607839,33.024441],[129.587983,33.025702],[129.589203,33.021959],[129.586599,33.015692],[129.581391,33.011176],[129.568696,33.00552],[129.564952,33.001085],[129.559418,32.997301],[129.548188,32.998236],[129.540863,33.002387],[129.539073,33.005683],[129.535818,33.008165],[129.539806,33.009304],[129.555837,33.007758],[129.558279,33.011094],[129.566173,33.014919],[129.566742,33.01789],[129.563569,33.019232],[129.560313,33.022528],[129.559337,33.026882],[129.561209,33.029893],[129.567556,33.030097],[129.576345,33.028144]]],[[[129.673676,33.136786],[129.67213,33.138943],[129.672455,33.143052],[129.680837,33.141506],[129.679942,33.134914],[129.673676,33.136786]]],[[[129.513601,33.142971],[129.518403,33.144273],[129.526052,33.146145],[129.529877,33.149929],[129.536632,33.150539],[129.542328,33.152411],[129.548106,33.147081],[129.548106,33.134914],[129.539887,33.136176],[129.530203,33.130601],[129.521495,33.13585],[129.512543,33.136786],[129.503266,33.140082],[129.5053,33.142483],[129.513601,33.142971]]],[[[128.898529,33.165798],[128.896983,33.1706],[128.899425,33.173529],[128.903168,33.166083],[128.898529,33.165798]]],[[[129.588064,33.184638],[129.592214,33.177965],[129.592214,33.169338],[129.582205,33.161119],[129.580984,33.165432],[129.588064,33.170722],[129.586111,33.174465],[129.578949,33.179796],[129.576915,33.184027],[129.581228,33.191759],[129.585704,33.194729],[129.592784,33.192857],[129.59311,33.183539],[129.590261,33.185818],[129.588064,33.184638]]],[[[129.143484,33.189765],[129.138682,33.187242],[129.132904,33.157986],[129.122976,33.161729],[129.122406,33.167955],[129.122406,33.171658],[129.119314,33.174791],[129.118012,33.19831],[129.119721,33.212755],[129.130463,33.205634],[129.136648,33.196438],[129.138927,33.193386],[129.143484,33.189765]]],[[[129.049001,33.219387],[129.061941,33.210232],[129.067312,33.209825],[129.084483,33.214057],[129.095714,33.211982],[129.093923,33.208441],[129.088064,33.207913],[129.083832,33.205634],[129.082367,33.201931],[129.085623,33.197211],[129.09075,33.194729],[129.092621,33.192165],[129.091156,33.188503],[129.077322,33.18769],[129.061209,33.190334],[129.05714,33.186021],[129.051199,33.182766],[129.046072,33.185818],[129.04363,33.19245],[129.040701,33.194078],[129.03297,33.194892],[129.029063,33.199612],[129.032156,33.20539],[129.036388,33.209377],[129.041026,33.209662],[129.045584,33.21776],[129.049001,33.219387]]],[[[129.022472,33.213406],[129.026459,33.206895],[129.022146,33.199042],[129.014252,33.199734],[129.014578,33.211534],[129.022472,33.213406]]],[[[129.134288,33.258612],[129.127289,33.247504],[129.119151,33.246527],[129.103201,33.249172],[129.092133,33.255439],[129.085785,33.260077],[129.079763,33.261298],[129.075043,33.259914],[129.076182,33.268785],[129.089122,33.283271],[129.10377,33.288967],[129.113129,33.291409],[129.128266,33.301581],[129.135509,33.299872],[129.143321,33.284817],[129.150157,33.276516],[129.149587,33.269029],[129.134288,33.258612]]],[[[129.400157,33.185696],[129.406505,33.194037],[129.403087,33.197659],[129.396007,33.202582],[129.384665,33.2041],[129.377657,33.21464],[129.382005,33.22892],[129.393961,33.239526],[129.416769,33.23693],[129.408432,33.253824],[129.406411,33.274951],[129.437265,33.29668],[129.440896,33.32526],[129.442663,33.348066],[129.49513,33.358295],[129.50831,33.382092],[129.515914,33.378395],[129.522916,33.368377],[129.53931,33.379488],[129.523456,33.390567],[129.525321,33.404927],[129.555684,33.410805],[129.562163,33.366394],[129.555874,33.353145],[129.542028,33.335677],[129.527528,33.323477],[129.538317,33.315595],[129.52634,33.303384],[129.514342,33.298045],[129.514386,33.288012],[129.501148,33.280032],[129.502478,33.26526],[129.493095,33.245163],[129.446605,33.19852],[129.412591,33.178318],[129.376021,33.169719],[129.358084,33.176947],[129.342501,33.17962],[129.34496,33.190197],[129.349869,33.213468],[129.360701,33.198718],[129.384782,33.183493],[129.400157,33.185696]]],[[[129.431488,33.413886],[129.431326,33.409288],[129.433767,33.40469],[129.434744,33.396348],[129.432221,33.386013],[129.433604,33.356676],[129.424164,33.352322],[129.409679,33.352647],[129.406179,33.364366],[129.411225,33.396267],[129.419851,33.411933],[129.421397,33.417589],[129.421804,33.42654],[129.424571,33.435899],[129.431163,33.44066],[129.434174,33.439032],[129.435232,33.434312],[129.431082,33.424954],[129.431895,33.419501],[129.431488,33.413886]]],[[[129.681814,33.425238],[129.685557,33.407782],[129.680837,33.413642],[129.683116,33.417751],[129.682546,33.418565],[129.680919,33.422268],[129.681814,33.425238]]],[[[129.752859,33.471015],[129.768728,33.462958],[129.771658,33.459499],[129.773529,33.455959],[129.773529,33.453843],[129.771007,33.450914],[129.769542,33.447374],[129.770274,33.444322],[129.781586,33.437405],[129.789806,33.432278],[129.788992,33.428616],[129.780121,33.427273],[129.768972,33.429918],[129.764089,33.428778],[129.759858,33.424099],[129.758149,33.418362],[129.755626,33.416531],[129.75172,33.415961],[129.747651,33.411444],[129.738292,33.407009],[129.726736,33.40998],[129.720795,33.417467],[129.725108,33.423448],[129.735688,33.431057],[129.741547,33.439032],[129.751882,33.453192],[129.752615,33.455797],[129.746918,33.464586],[129.74879,33.469102],[129.752859,33.471015]]],[[[129.512869,33.430203],[129.512218,33.425238],[129.506033,33.425238],[129.507009,33.438015],[129.517833,33.440823],[129.524587,33.449205],[129.526378,33.453559],[129.531423,33.452786],[129.533051,33.449205],[129.540131,33.446438],[129.544932,33.442206],[129.537527,33.442288],[129.535655,33.439765],[129.535004,33.437242],[129.531912,33.436103],[129.528575,33.435696],[129.525564,33.436713],[129.521495,33.433987],[129.512869,33.430203]]],[[[129.726899,33.459093],[129.727224,33.450141],[129.715424,33.463853],[129.725678,33.460801],[129.726899,33.460435],[129.726899,33.459093]]],[[[129.539399,33.475165],[129.526866,33.480455],[129.519054,33.478176],[129.516449,33.473538],[129.511974,33.472968],[129.503184,33.4737],[129.506684,33.4831],[129.524669,33.497545],[129.541759,33.50731],[129.551768,33.506903],[129.554861,33.499823],[129.555919,33.493964],[129.573416,33.49608],[129.576427,33.488349],[129.568044,33.478502],[129.554454,33.473456],[129.539399,33.475165]]],[[[129.963227,33.539211],[129.977061,33.544216],[129.976736,33.531399],[129.968272,33.526109],[129.964529,33.531887],[129.966563,33.538764],[129.963227,33.539211]]],[[[129.883474,33.565863],[129.890636,33.558051],[129.889903,33.553494],[129.876638,33.544216],[129.872732,33.545356],[129.872244,33.553778],[129.872325,33.55976],[129.877126,33.564276],[129.883474,33.565863]]],[[[129.770193,33.572211],[129.766287,33.568996],[129.762462,33.56623],[129.760753,33.563829],[129.757823,33.563463],[129.750987,33.567206],[129.744233,33.570136],[129.742361,33.572374],[129.739757,33.575629],[129.740977,33.581163],[129.745209,33.58279],[129.750255,33.580919],[129.763031,33.58279],[129.770193,33.572211]]],[[[129.848155,33.6046],[129.849294,33.60635],[129.852061,33.608913],[129.85434,33.612128],[129.854991,33.617662],[129.862722,33.618272],[129.861501,33.607286],[129.859874,33.6046],[129.861176,33.600246],[129.864268,33.598375],[129.86614,33.597317],[129.86614,33.593207],[129.865489,33.591213],[129.858084,33.587795],[129.848155,33.599799],[129.84962,33.602566],[129.848155,33.6046]]],[[[130.300222,33.606431],[130.293305,33.613023],[130.296397,33.620185],[130.301443,33.63821],[130.313243,33.62051],[130.300222,33.606431]]],[[[129.643728,33.741726],[129.640717,33.73725],[129.641449,33.73371],[129.633881,33.734646],[129.628917,33.732327],[129.626801,33.742418],[129.637055,33.746731],[129.640391,33.744045],[129.643728,33.741726]]],[[[130.379731,33.758002],[130.371104,33.759385],[130.366059,33.758775],[130.361827,33.754136],[130.359955,33.767808],[130.369721,33.766832],[130.379405,33.760932],[130.379731,33.758002]]],[[[129.656934,33.815454],[129.678402,33.814931],[129.673144,33.832218],[129.678952,33.848985],[129.68672,33.859796],[129.688648,33.871146],[129.700694,33.861558],[129.767263,33.84455],[129.76804,33.83665],[129.762203,33.823138],[129.762872,33.812344],[129.766787,33.802095],[129.781095,33.792393],[129.796886,33.786444],[129.79127,33.78498],[129.781912,33.781155],[129.776378,33.77969],[129.776378,33.773424],[129.799571,33.764838],[129.799653,33.751044],[129.783865,33.738186],[129.760379,33.737305],[129.735064,33.736739],[129.722767,33.716748],[129.721039,33.69774],[129.71046,33.700832],[129.690957,33.715612],[129.677294,33.729095],[129.681161,33.744218],[129.670763,33.750139],[129.657127,33.742555],[129.649304,33.75604],[129.646658,33.772773],[129.676931,33.760728],[129.687022,33.759182],[129.687022,33.766018],[129.660283,33.783592],[129.658269,33.803574],[129.656934,33.815454]]],[[[130.437429,33.898668],[130.424327,33.889675],[130.411957,33.898261],[130.407481,33.90884],[130.414073,33.912991],[130.429698,33.915554],[130.442068,33.913398],[130.437429,33.898668]]],[[[130.50408,33.903062],[130.507091,33.894924],[130.494965,33.899563],[130.492117,33.905178],[130.486501,33.914211],[130.498057,33.912828],[130.499034,33.907375],[130.50408,33.903062]]],[[[130.716482,34.000108],[130.717133,33.997789],[130.710704,33.998928],[130.714041,34.006822],[130.716482,34.000108]]],[[[130.7824,34.113145],[130.792654,34.109849],[130.796072,34.109117],[130.797293,34.105414],[130.796072,34.093573],[130.793142,34.098456],[130.784272,34.100572],[130.778087,34.104153],[130.774913,34.116604],[130.7824,34.113145]]],[[[129.264583,34.123787],[129.262424,34.114496],[129.25109,34.10757],[129.248297,34.099927],[129.235858,34.100763],[129.2318,34.094814],[129.220421,34.088878],[129.216062,34.098339],[129.210731,34.099961],[129.198307,34.110992],[129.190308,34.114811],[129.177629,34.10893],[129.171634,34.106807],[129.170354,34.146816],[129.178803,34.169765],[129.17588,34.195509],[129.1805,34.227217],[129.18926,34.234227],[129.188822,34.249553],[129.195885,34.272993],[129.198535,34.316228],[129.207361,34.329277],[129.225245,34.327403],[129.228461,34.320781],[129.224356,34.312611],[129.224053,34.293443],[129.230672,34.293363],[129.238718,34.299287],[129.24822,34.300442],[129.262043,34.307761],[129.275288,34.307597],[129.270787,34.31532],[129.268925,34.322464],[129.280197,34.322872],[129.289385,34.317824],[129.302462,34.307787],[129.301436,34.288097],[129.312528,34.279756],[129.316784,34.294469],[129.342583,34.293052],[129.347103,34.286978],[129.34296,34.278278],[129.32561,34.271385],[129.318076,34.25835],[129.321053,34.240796],[129.324803,34.229253],[129.309384,34.219052],[129.297464,34.218658],[129.298021,34.213177],[129.302579,34.209285],[129.299714,34.197823],[129.29809,34.181964],[129.297212,34.170476],[129.294494,34.166678],[129.287848,34.16512],[129.283735,34.157505],[129.283519,34.146005],[129.276587,34.129111],[129.264583,34.123787]]],[[[130.104747,34.238715],[130.107758,34.249579],[130.113617,34.246039],[130.104747,34.238715]]],[[[129.372569,34.299099],[129.376313,34.301011],[129.383149,34.303534],[129.390961,34.299302],[129.388601,34.291327],[129.360118,34.270006],[129.3567,34.272813],[129.352631,34.289862],[129.353608,34.293687],[129.35727,34.298],[129.364838,34.300238],[129.372569,34.299099]]],[[[130.84726,34.342108],[130.83725,34.353624],[130.852794,34.356472],[130.861339,34.362657],[130.868419,34.367011],[130.865326,34.37637],[130.871837,34.372952],[130.873057,34.370632],[130.877126,34.370144],[130.880219,34.36636],[130.870291,34.356472],[130.865082,34.35456],[130.856537,34.352688],[130.850922,34.347113],[130.84726,34.342108]]],[[[129.407969,34.35158],[129.400756,34.337924],[129.386053,34.331258],[129.379161,34.324652],[129.368242,34.307432],[129.343833,34.300314],[129.324512,34.304593],[129.305464,34.324875],[129.320905,34.333849],[129.345064,34.327244],[129.347003,34.355852],[129.334596,34.360591],[129.316204,34.342496],[129.305104,34.343206],[129.304059,34.362123],[129.304938,34.372424],[129.309322,34.384402],[129.297384,34.377105],[129.287444,34.365768],[129.293398,34.349078],[129.286359,34.344008],[129.271992,34.356219],[129.248291,34.351925],[129.228913,34.355601],[129.235384,34.368132],[129.259727,34.369553],[129.272349,34.375697],[129.273751,34.412932],[129.268569,34.433051],[129.277089,34.441527],[129.286864,34.443112],[129.29169,34.440756],[129.297389,34.447546],[129.310867,34.460511],[129.308895,34.466841],[129.293328,34.453327],[129.280734,34.450647],[129.276044,34.462188],[129.289024,34.487237],[129.304931,34.520287],[129.326119,34.535439],[129.325546,34.542327],[129.308456,34.560387],[129.290945,34.556072],[129.289107,34.569867],[129.303359,34.586877],[129.307844,34.603463],[129.3233,34.648072],[129.33657,34.648411],[129.360968,34.648007],[129.378337,34.644852],[129.39037,34.654471],[129.409662,34.675173],[129.425745,34.677801],[129.418228,34.685392],[129.423305,34.695071],[129.438615,34.693713],[129.45062,34.701002],[129.464561,34.700805],[129.470664,34.692685],[129.480724,34.683987],[129.487751,34.676397],[129.483278,34.662697],[129.477579,34.657036],[129.46912,34.652559],[129.478142,34.650721],[129.487802,34.646006],[129.488278,34.635678],[129.480913,34.61991],[129.472423,34.616767],[129.461925,34.621894],[129.452647,34.619452],[129.462901,34.609117],[129.478201,34.597113],[129.475374,34.588451],[129.473102,34.579332],[129.464241,34.554274],[129.446083,34.514776],[129.402326,34.481647],[129.379473,34.452623],[129.384288,34.424018],[129.361831,34.405486],[129.359464,34.390622],[129.375506,34.394416],[129.393181,34.4108],[129.394422,34.403332],[129.388598,34.389659],[129.384312,34.383416],[129.388145,34.366755],[129.399587,34.355048],[129.407969,34.35158]]],[[[129.082944,35.064207],[129.097034,35.058723],[129.088846,35.050215],[129.082177,35.054478],[129.075513,35.061779],[129.056229,35.070303],[129.046608,35.079439],[129.04739,35.091608],[129.054914,35.097761],[129.065335,35.097177],[129.069745,35.093495],[129.074872,35.08675],[129.083723,35.078797],[129.090398,35.075753],[129.084447,35.071501],[129.082944,35.064207]]],[[[130.264659,42.160631],[130.261567,42.161851],[130.263682,42.167507],[130.273855,42.177436],[130.285004,42.170315],[130.287771,42.156928],[130.273936,42.146308],[130.269054,42.151882],[130.2671,42.156602],[130.266449,42.160305],[130.264659,42.160631]]],[[[131.259288,25.837226],[131.257335,25.827094],[131.252452,25.819037],[131.241466,25.818752],[131.230724,25.821682],[131.212087,25.829047],[131.212738,25.841457],[131.221202,25.855699],[131.236095,25.872056],[131.241059,25.875678],[131.247081,25.876858],[131.255138,25.874986],[131.27711,25.858385],[131.270518,25.853664],[131.264171,25.84634],[131.259288,25.837226]]],[[[131.327891,25.937079],[131.322276,25.927069],[131.31658,25.923082],[131.309581,25.922756],[131.301524,25.926744],[131.290863,25.938666],[131.289724,25.951361],[131.302094,25.953192],[131.3213,25.947699],[131.327891,25.937079]]],[[[130.967899,30.464295],[130.964753,30.456319],[130.972954,30.44917],[130.978031,30.437597],[130.971769,30.426087],[130.969639,30.415439],[130.977797,30.40028],[130.963282,30.386144],[130.962177,30.372808],[130.943651,30.374681],[130.924083,30.369534],[130.906519,30.366015],[130.89102,30.355421],[130.885818,30.343851],[130.870381,30.343904],[130.867346,30.3537],[130.857118,30.366192],[130.860276,30.379525],[130.865515,30.397293],[130.862572,30.423947],[130.853398,30.440831],[130.849382,30.461264],[130.851495,30.470144],[130.861771,30.465663],[130.870002,30.463861],[130.876278,30.480705],[130.90114,30.503692],[130.930221,30.54086],[130.942149,30.56981],[130.950938,30.595038],[130.951274,30.610018],[130.948377,30.641109],[130.943309,30.65446],[130.94543,30.664215],[130.9393,30.672251],[130.952797,30.685496],[130.966345,30.701441],[130.985132,30.729776],[130.985239,30.741352],[130.999703,30.745686],[131.008139,30.767865],[131.006257,30.789247],[131.027176,30.819372],[131.039236,30.831448],[131.045258,30.836859],[131.052013,30.840237],[131.061538,30.840588],[131.062407,30.824529],[131.073595,30.799582],[131.087934,30.782606],[131.071208,30.769302],[131.070969,30.73733],[131.078937,30.699084],[131.053761,30.661868],[131.057803,30.642338],[131.057615,30.611269],[131.051319,30.597092],[131.037848,30.589171],[131.037699,30.572294],[131.035564,30.557209],[131.017912,30.551088],[131.003404,30.551167],[130.994034,30.532572],[130.982639,30.519305],[130.980474,30.497096],[130.966961,30.4794],[130.967899,30.464295]]],[[[131.409841,31.542589],[131.413829,31.539862],[131.414968,31.527859],[131.417735,31.511054],[131.405365,31.523505],[131.409841,31.542589]]],[[[131.824555,32.651597],[131.822683,32.651842],[131.822927,32.65526],[131.826427,32.656602],[131.820079,32.65526],[131.81308,32.655585],[131.81422,32.658026],[131.810151,32.662055],[131.812266,32.665839],[131.811371,32.66767],[131.809174,32.669176],[131.81422,32.671332],[131.818207,32.674221],[131.824718,32.669542],[131.828868,32.668402],[131.837576,32.668687],[131.829682,32.660468],[131.824555,32.651597]]],[[[131.922211,32.717353],[131.922862,32.723985],[131.923188,32.73074],[131.925629,32.728502],[131.929535,32.726671],[131.93214,32.720282],[131.929861,32.715603],[131.928396,32.713853],[131.922211,32.717353]]],[[[132.543224,32.708441],[132.540538,32.721503],[132.539887,32.733791],[132.543793,32.745592],[132.548595,32.7508],[132.554942,32.747504],[132.557953,32.745307],[132.562022,32.742133],[132.568614,32.734361],[132.571544,32.725491],[132.570811,32.717271],[132.563243,32.709947],[132.549653,32.704291],[132.543224,32.708441]]],[[[132.491873,32.736111],[132.487966,32.733181],[132.486339,32.733751],[132.487153,32.740017],[132.492279,32.742499],[132.494151,32.740749],[132.491873,32.736111]]],[[[131.919119,32.768052],[131.911143,32.769884],[131.911957,32.77794],[131.918793,32.777208],[131.925304,32.771552],[131.919119,32.768052]]],[[[132.486095,32.805406],[132.499766,32.803534],[132.497651,32.799302],[132.492361,32.796658],[132.489513,32.797268],[132.48227,32.795437],[132.486095,32.805406]]],[[[132.455903,32.950222],[132.459809,32.944648],[132.446218,32.939968],[132.437022,32.940904],[132.438569,32.942939],[132.455903,32.950222]]],[[[132.078054,32.957424],[132.071869,32.951158],[132.066742,32.959296],[132.063324,32.960924],[132.069591,32.966295],[132.079194,32.973171],[132.080089,32.967149],[132.080007,32.963243],[132.080577,32.961168],[132.078054,32.957424]]],[[[131.931488,32.988593],[131.923432,32.980496],[131.91977,32.981431],[131.915375,32.981106],[131.913015,32.984198],[131.914154,32.993476],[131.918061,32.99551],[131.922048,32.997341],[131.921153,33.000963],[131.923188,33.006008],[131.925629,33.010972],[131.928071,33.014268],[131.931733,33.016913],[131.938813,33.016832],[131.944102,33.015489],[131.941661,33.011786],[131.935964,33.005764],[131.93336,33.000393],[131.931977,32.998765],[131.939545,32.998481],[131.947195,32.994208],[131.931488,32.988593]]],[[[132.003835,33.097561],[132.00294,33.098497],[132.002778,33.106553],[132.008311,33.111274],[132.01474,33.105048],[132.003835,33.097561]]],[[[132.320323,33.101304],[132.317231,33.10814],[132.332693,33.110012],[132.320323,33.101304]]],[[[132.411794,33.101304],[132.409028,33.1046],[132.415375,33.113349],[132.421397,33.111558],[132.416189,33.110338],[132.411794,33.101304]]],[[[132.30714,33.163601],[132.306488,33.157986],[132.307465,33.152493],[132.313324,33.149482],[132.311615,33.148017],[132.296723,33.153306],[132.288748,33.155666],[132.286632,33.158026],[132.284597,33.164984],[132.28061,33.168891],[132.264903,33.168565],[132.261892,33.175971],[132.265961,33.180732],[132.270518,33.176337],[132.278005,33.17536],[132.281342,33.176663],[132.287446,33.175889],[132.290538,33.178087],[132.293956,33.175442],[132.295095,33.170803],[132.29363,33.170803],[132.292817,33.170722],[132.289561,33.165025],[132.293956,33.160753],[132.301117,33.160305],[132.30714,33.163601]]],[[[131.981944,33.168565],[131.989431,33.173082],[131.990245,33.169827],[131.983165,33.162991],[131.981944,33.168565]]],[[[132.37436,33.218248],[132.375662,33.221381],[132.378591,33.219184],[132.38087,33.208116],[132.372406,33.205634],[132.36671,33.202786],[132.361339,33.200954],[132.361583,33.198432],[132.360525,33.195136],[132.363617,33.189683],[132.359548,33.187242],[132.355154,33.190131],[132.354747,33.194607],[132.353363,33.199327],[132.352468,33.201239],[132.34783,33.204657],[132.341726,33.204576],[132.347585,33.207668],[132.353608,33.205634],[132.363536,33.209662],[132.36964,33.214708],[132.371511,33.215644],[132.37436,33.218248]]],[[[132.474539,33.262681],[132.470388,33.255764],[132.462983,33.257595],[132.464936,33.261217],[132.469168,33.265896],[132.469737,33.268541],[132.467947,33.275092],[132.473074,33.27265],[132.47755,33.26789],[132.474539,33.262681]]],[[[131.949067,33.271959],[131.941742,33.278347],[131.938324,33.280707],[131.941091,33.282131],[131.948334,33.28205],[131.958344,33.280788],[131.957449,33.276028],[131.949067,33.271959]]],[[[132.357758,33.367255],[132.354666,33.371487],[132.343923,33.376532],[132.351085,33.378485],[132.357514,33.377712],[132.36199,33.371202],[132.357758,33.367255]]],[[[132.344249,33.395901],[132.341645,33.380357],[132.338227,33.388007],[132.344249,33.395901]]],[[[134.339453,33.577067],[134.32626,33.580128],[134.312348,33.572506],[134.31546,33.555138],[134.313701,33.543079],[134.296712,33.531363],[134.273205,33.508004],[134.244634,33.46075],[134.214529,33.376614],[134.207774,33.339097],[134.198497,33.310289],[134.1963,33.29678],[134.1912,33.271258],[134.190255,33.248329],[134.176527,33.236128],[134.15797,33.269721],[134.141764,33.291793],[134.127507,33.289525],[134.106224,33.294332],[134.10796,33.314923],[134.079973,33.339048],[134.04005,33.384101],[134.025536,33.4154],[133.996622,33.424565],[133.968761,33.435696],[133.942148,33.458879],[133.925205,33.493693],[133.854902,33.500095],[133.763052,33.519784],[133.739397,33.537507],[133.672148,33.528902],[133.607733,33.515825],[133.589305,33.501934],[133.546862,33.486111],[133.465909,33.454324],[133.450369,33.430854],[133.455089,33.4147],[133.439708,33.401679],[133.414806,33.393052],[133.391612,33.389838],[133.375499,33.38939],[133.365001,33.3876],[133.356619,33.383287],[133.34669,33.375556],[133.328136,33.353461],[133.32309,33.351304],[133.32602,33.368801],[133.319102,33.371527],[133.312348,33.375556],[133.292247,33.364691],[133.269379,33.346869],[133.254568,33.326239],[133.258474,33.306708],[133.251964,33.294745],[133.254649,33.286526],[133.260753,33.279771],[133.264659,33.272528],[133.26588,33.267646],[133.269705,33.264228],[133.270844,33.259508],[133.269379,33.252346],[133.265147,33.24844],[133.260509,33.245754],[133.258474,33.242133],[133.253266,33.219062],[133.240977,33.205797],[133.226899,33.194403],[133.21534,33.187504],[133.217947,33.165839],[133.225434,33.159084],[133.209761,33.151042],[133.203836,33.162622],[133.190149,33.163316],[133.165033,33.1372],[133.132387,33.089029],[133.107436,33.061069],[133.097116,33.048111],[133.098867,33.032648],[133.097764,33.023467],[133.089854,33.019273],[133.074617,33.028738],[133.052848,33.039499],[133.018259,33.024023],[133.001702,32.986957],[132.994413,32.948993],[133.009288,32.903469],[133.002452,32.86933],[132.989905,32.862576],[132.961059,32.864101],[132.955099,32.852629],[132.957899,32.835426],[132.955477,32.814619],[132.969737,32.807074],[132.976736,32.795152],[132.984874,32.787095],[133.00408,32.772284],[133.017345,32.75788],[133.027599,32.739651],[133.028005,32.720649],[133.002208,32.711656],[132.984386,32.719631],[132.976573,32.724514],[132.971365,32.731676],[132.961762,32.751125],[132.956798,32.758612],[132.939138,32.770453],[132.91505,32.777981],[132.892833,32.774237],[132.881114,32.752387],[132.872081,32.768744],[132.858409,32.769599],[132.843272,32.760932],[132.8296,32.748725],[132.812185,32.740302],[132.791515,32.740668],[132.771983,32.74608],[132.757579,32.752387],[132.72934,32.774156],[132.711401,32.789525],[132.664643,32.778868],[132.627661,32.752093],[132.619903,32.77299],[132.623377,32.799496],[132.646002,32.825692],[132.663007,32.856808],[132.692785,32.88433],[132.705167,32.897165],[132.709158,32.90941],[132.639903,32.908922],[132.627208,32.906317],[132.618419,32.906887],[132.57545,32.93183],[132.55893,32.936754],[132.572032,32.923082],[132.552908,32.924872],[132.536388,32.93122],[132.524181,32.930243],[132.517345,32.90941],[132.523448,32.906887],[132.532237,32.8994],[132.537852,32.895819],[132.520763,32.889309],[132.504161,32.891669],[132.490489,32.90119],[132.472272,32.933672],[132.494039,32.948931],[132.482919,32.970501],[132.496128,32.985332],[132.501475,32.993232],[132.481408,33.023528],[132.471495,33.040686],[132.441137,33.043659],[132.419704,33.051922],[132.3967,33.016594],[132.382402,33.019779],[132.400446,33.043914],[132.396885,33.058005],[132.407922,33.069329],[132.451834,33.052883],[132.471528,33.055609],[132.483165,33.067694],[132.462738,33.067694],[132.468761,33.082343],[132.469005,33.095771],[132.462738,33.105455],[132.449067,33.10871],[132.449067,33.114895],[132.471446,33.113959],[132.475841,33.114895],[132.480154,33.118313],[132.487559,33.125474],[132.490082,33.132758],[132.479503,33.135972],[132.450206,33.136664],[132.440684,33.142279],[132.435395,33.155829],[132.438044,33.168218],[132.458607,33.173706],[132.449247,33.185075],[132.438108,33.191398],[132.423661,33.199176],[132.415387,33.189278],[132.398647,33.187184],[132.394676,33.203895],[132.420124,33.209824],[132.445494,33.204965],[132.459659,33.204012],[132.461201,33.191403],[132.477821,33.181408],[132.485702,33.169153],[132.505077,33.181235],[132.50267,33.198735],[132.513767,33.213343],[132.536172,33.217566],[132.548364,33.226903],[132.536829,33.242584],[132.524492,33.249982],[132.541394,33.262558],[132.524213,33.263023],[132.507702,33.257903],[132.50258,33.266609],[132.491823,33.270716],[132.484571,33.276526],[132.484735,33.290841],[132.504788,33.303811],[132.52228,33.307621],[132.52561,33.314664],[132.486804,33.316068],[132.420121,33.304356],[132.401221,33.309387],[132.390274,33.316188],[132.378673,33.319485],[132.384125,33.330878],[132.391368,33.334866],[132.407888,33.336249],[132.415538,33.341457],[132.417328,33.347398],[132.421153,33.375556],[132.402354,33.362616],[132.390636,33.374986],[132.391124,33.397895],[132.408051,33.416571],[132.408051,33.423407],[132.394379,33.423407],[132.398204,33.431342],[132.404145,33.437649],[132.411876,33.441962],[132.421153,33.444485],[132.381114,33.466051],[132.362966,33.468085],[132.344596,33.467155],[132.333752,33.462444],[132.322233,33.457555],[132.307804,33.46429],[132.278586,33.447301],[132.253607,33.440709],[132.214402,33.422947],[132.179739,33.406986],[132.149985,33.389167],[132.139431,33.373978],[132.13066,33.363566],[132.114137,33.364151],[132.101568,33.370134],[132.110296,33.386728],[132.073508,33.367632],[132.025487,33.344904],[132.010539,33.348989],[132.029637,33.365247],[132.051555,33.37604],[132.09432,33.408487],[132.135488,33.420023],[132.153248,33.415429],[132.166576,33.420204],[132.157086,33.428842],[132.15528,33.437046],[132.171331,33.445634],[132.199767,33.45501],[132.221881,33.454026],[132.240685,33.464576],[132.264632,33.464074],[132.293746,33.48538],[132.412364,33.53498],[132.428477,33.547593],[132.435395,33.563666],[132.441661,33.572943],[132.47047,33.602118],[132.479503,33.608344],[132.500612,33.624998],[132.601736,33.660386],[132.618489,33.674289],[132.645475,33.689588],[132.676606,33.715644],[132.697113,33.756741],[132.695567,33.786444],[132.690083,33.813905],[132.698982,33.850384],[132.706283,33.877052],[132.71237,33.904549],[132.754937,33.91032],[132.757481,33.934948],[132.772472,33.955878],[132.769862,33.99627],[132.798734,34.013104],[132.847186,34.039964],[132.862359,34.055894],[132.91911,34.068406],[132.922521,34.084839],[132.930338,34.094376],[132.926158,34.111668],[132.906206,34.113165],[132.895364,34.113214],[132.8975,34.122714],[132.915511,34.120259],[132.928775,34.119874],[132.942384,34.141262],[132.954033,34.125393],[132.961323,34.121134],[132.966319,34.114325],[132.976573,34.108588],[133.031849,34.052734],[133.060313,33.99136],[133.069197,33.974223],[133.077294,33.959733],[133.0866,33.949313],[133.107763,33.941173],[133.127011,33.933291],[133.146704,33.931541],[133.173292,33.940584],[133.208868,33.947403],[133.24368,33.956257],[133.248874,33.974109],[133.279046,33.983277],[133.299823,33.981025],[133.322608,33.990553],[133.340967,33.989939],[133.359948,33.98271],[133.414806,33.985745],[133.438243,33.981879],[133.486339,33.966742],[133.510997,33.965237],[133.532074,33.970933],[133.548595,33.980943],[133.561697,33.993394],[133.57252,34.006171],[133.58725,34.020331],[133.62086,34.045559],[133.633962,34.060777],[133.641287,34.079169],[133.648123,34.124661],[133.646007,34.167385],[133.641124,34.184638],[133.632986,34.19831],[133.620372,34.211656],[133.604015,34.223375],[133.587657,34.23192],[133.572276,34.242174],[133.55836,34.259467],[133.579356,34.249416],[133.609223,34.238959],[133.637543,34.233588],[133.65447,34.238959],[133.672618,34.223131],[133.701427,34.231269],[133.731944,34.250963],[133.754649,34.270006],[133.781993,34.288275],[133.843598,34.312242],[133.874197,34.328315],[133.882823,34.338446],[133.890636,34.3522],[133.899669,34.364163],[133.91212,34.36933],[133.920909,34.370429],[133.937022,34.375067],[133.946544,34.376166],[133.956228,34.373969],[133.970876,34.364651],[133.989024,34.360785],[134.001231,34.35224],[134.011974,34.348822],[134.021251,34.349189],[134.036876,34.354682],[134.046153,34.355048],[134.081309,34.347724],[134.08839,34.354804],[134.100759,34.376166],[134.116873,34.3605],[134.122813,34.366604],[134.124522,34.380845],[134.127452,34.389797],[134.143565,34.391791],[134.153005,34.385728],[134.158214,34.374945],[134.161632,34.362494],[134.161632,34.334906],[134.16627,34.324856],[134.182628,34.32095],[134.19044,34.325385],[134.212169,34.347235],[134.216807,34.355048],[134.237804,34.340806],[134.260427,34.334418],[134.271251,34.323065],[134.257823,34.294176],[134.296886,34.275295],[134.309581,34.273098],[134.321788,34.268948],[134.343516,34.250637],[134.357677,34.246405],[134.384125,34.250067],[134.396658,34.249457],[134.401703,34.242743],[134.405772,34.234442],[134.415701,34.224189],[134.439767,34.208349],[134.468623,34.20746],[134.495243,34.224235],[134.560883,34.221422],[134.581716,34.229641],[134.594249,34.232123],[134.607145,34.250845],[134.611094,34.239414],[134.600482,34.228194],[134.594044,34.213812],[134.610349,34.216027],[134.627896,34.233082],[134.646871,34.239252],[134.640701,34.225356],[134.627176,34.209674],[134.625748,34.201014],[134.625404,34.193467],[134.627208,34.187934],[134.607758,34.184312],[134.619151,34.182074],[134.628266,34.177924],[134.642089,34.179263],[134.634302,34.165932],[134.623696,34.150772],[134.620463,34.140253],[134.622732,34.134467],[134.605187,34.110777],[134.604585,34.084834],[134.607758,34.067613],[134.601817,34.063707],[134.595225,34.045966],[134.594249,34.03974],[134.594574,34.029771],[134.599783,34.009467],[134.604966,34.001024],[134.611637,33.99702],[134.624251,33.997581],[134.626591,34.00814],[134.637016,34.010666],[134.650929,33.985941],[134.662916,33.968869],[134.695963,33.951893],[134.690232,33.942397],[134.702571,33.937267],[134.702231,33.920965],[134.702891,33.906236],[134.690714,33.895734],[134.686778,33.886217],[134.673513,33.881659],[134.662364,33.875881],[134.646251,33.853095],[134.660818,33.846381],[134.717052,33.847968],[134.717052,33.841702],[134.708263,33.840562],[134.698253,33.836249],[134.689789,33.834906],[134.689789,33.82807],[134.722031,33.834073],[134.740046,33.840283],[134.751231,33.834906],[134.732304,33.825952],[134.702049,33.813677],[134.664654,33.798487],[134.651866,33.786444],[134.6168,33.782602],[134.607758,33.766018],[134.579377,33.76417],[134.570661,33.736449],[134.546378,33.732502],[134.53844,33.716858],[134.4573,33.670926],[134.404022,33.654478],[134.376175,33.635657],[134.388622,33.623634],[134.36377,33.600755],[134.360524,33.588709],[134.352967,33.581631],[134.339453,33.577067]]],[[[131.655691,33.732408],[131.665294,33.739732],[131.669932,33.739773],[131.674897,33.738267],[131.680593,33.736477],[131.684744,33.731513],[131.681814,33.726711],[131.669281,33.718492],[131.651052,33.716376],[131.633149,33.71898],[131.634613,33.723334],[131.644298,33.729763],[131.655691,33.732408]]],[[[132.475434,33.732327],[132.479177,33.738511],[132.48227,33.739691],[132.489187,33.739691],[132.493337,33.738511],[132.492361,33.736518],[132.488617,33.735419],[132.481944,33.733466],[132.475434,33.732327]]],[[[132.13852,33.729844],[132.14267,33.738511],[132.139008,33.740627],[132.139496,33.747789],[132.142019,33.751125],[132.144216,33.754136],[132.146821,33.75845],[132.148936,33.762966],[132.153412,33.762722],[132.147716,33.754136],[132.151378,33.750352],[132.151866,33.746161],[132.147146,33.738959],[132.153901,33.727281],[132.132172,33.712348],[132.12851,33.721096],[132.13852,33.729844]]],[[[131.988292,33.786933],[131.98585,33.777533],[131.971202,33.771145],[131.958181,33.769355],[131.950369,33.773139],[131.94516,33.77912],[131.963227,33.791653],[131.975108,33.796576],[131.988292,33.786933]]],[[[132.195323,33.793524],[132.208751,33.800116],[132.225759,33.799872],[132.243663,33.79328],[132.252452,33.785346],[132.274099,33.772203],[132.27296,33.768541],[132.257335,33.766018],[132.236339,33.768541],[132.204438,33.782131],[132.188324,33.77969],[132.195323,33.793524]]],[[[132.524099,33.854763],[132.534597,33.848497],[132.532074,33.841905],[132.526703,33.850165],[132.521169,33.851549],[132.524099,33.854763]]],[[[132.021658,33.853502],[132.021821,33.848009],[132.001964,33.853013],[131.999522,33.857693],[132.00587,33.857367],[132.011241,33.856309],[132.012625,33.866807],[132.017507,33.866726],[132.018077,33.861762],[132.019867,33.860419],[132.021658,33.853502]]],[[[132.065847,33.878241],[132.066824,33.872748],[132.07016,33.867418],[132.064789,33.862982],[132.059255,33.869086],[132.05657,33.877305],[132.062673,33.88231],[132.065847,33.878241]]],[[[132.415538,33.937934],[132.427582,33.939887],[132.453949,33.937567],[132.469493,33.937934],[132.457856,33.92768],[132.436534,33.903551],[132.428477,33.902533],[132.418956,33.905666],[132.394542,33.899319],[132.384776,33.894192],[132.380707,33.88642],[132.379405,33.861884],[132.377452,33.852037],[132.374034,33.841702],[132.362559,33.845445],[132.340587,33.844957],[132.332367,33.847968],[132.32838,33.856513],[132.3296,33.86579],[132.328624,33.875067],[132.318614,33.883287],[132.311778,33.875881],[132.298106,33.884019],[132.29184,33.87873],[132.288829,33.868354],[132.284516,33.861558],[132.272146,33.860419],[132.254649,33.865668],[132.243663,33.861558],[132.236176,33.869045],[132.231212,33.863918],[132.22641,33.860663],[132.216319,33.855373],[132.208263,33.87519],[132.19337,33.89765],[132.18629,33.92121],[132.201915,33.94477],[132.226085,33.952704],[132.253591,33.9501],[132.27947,33.94123],[132.298188,33.930487],[132.326182,33.896308],[132.340099,33.897203],[132.353201,33.903388],[132.374034,33.916815],[132.380219,33.917548],[132.395274,33.915473],[132.401215,33.916815],[132.407074,33.923041],[132.409679,33.933905],[132.415538,33.937934]]],[[[132.653005,33.896796],[132.658621,33.906765],[132.664154,33.911119],[132.66684,33.910631],[132.672862,33.910549],[132.676931,33.910468],[132.679698,33.916368],[132.682384,33.922268],[132.688569,33.922268],[132.689789,33.926011],[132.692882,33.926011],[132.698822,33.926907],[132.696625,33.920762],[132.69337,33.915595],[132.693207,33.903306],[132.681326,33.901679],[132.676199,33.888861],[132.68157,33.883083],[132.683116,33.879788],[132.68922,33.877468],[132.688243,33.87401],[132.683686,33.872748],[132.677013,33.874538],[132.67099,33.8699],[132.667328,33.869371],[132.662608,33.874335],[132.663585,33.87934],[132.664561,33.887803],[132.665294,33.899644],[132.660492,33.902371],[132.653005,33.896796]]],[[[132.5171,33.933498],[132.521739,33.935818],[132.52589,33.935329],[132.531749,33.934923],[132.539561,33.934394],[132.543468,33.936347],[132.551443,33.9383],[132.555268,33.935696],[132.547048,33.931627],[132.532725,33.927151],[132.528982,33.926011],[132.523123,33.927273],[132.516205,33.930365],[132.5171,33.933498]]],[[[132.343272,33.958564],[132.349701,33.960273],[132.354828,33.951199],[132.355317,33.939399],[132.353363,33.937893],[132.340505,33.94717],[132.337983,33.948188],[132.338715,33.952623],[132.343272,33.958564]]],[[[131.8331,33.955471],[131.841482,33.957139],[131.84783,33.953884],[131.849376,33.958767],[131.846772,33.966173],[131.84254,33.969021],[131.84962,33.972073],[131.853201,33.974758],[131.854503,33.979031],[131.858084,33.983995],[131.860688,33.989285],[131.863292,33.980496],[131.868907,33.98192],[131.875906,33.972073],[131.877452,33.96837],[131.870535,33.96898],[131.861257,33.959947],[131.858572,33.949693],[131.847992,33.945299],[131.836029,33.933498],[131.830333,33.931871],[131.822195,33.929592],[131.819591,33.927883],[131.819184,33.933946],[131.816091,33.93537],[131.806244,33.94066],[131.806,33.949571],[131.81308,33.955878],[131.820079,33.957017],[131.81837,33.953884],[131.821462,33.949856],[131.827159,33.947821],[131.833507,33.948757],[131.8331,33.955471]]],[[[132.669932,33.955593],[132.665375,33.955919],[132.6574,33.950344],[132.651703,33.955308],[132.656342,33.96898],[132.661957,33.974595],[132.66741,33.972073],[132.672537,33.966579],[132.672211,33.960435],[132.673595,33.957017],[132.669932,33.955593]]],[[[130.864675,33.982693],[130.867931,33.978013],[130.864268,33.970445],[130.861013,33.96898],[130.864675,33.982693]]],[[[132.5442,33.966986],[132.539561,33.960883],[132.53476,33.966702],[132.535492,33.970852],[132.539561,33.976426],[132.535818,33.980211],[132.534597,33.988267],[132.539643,33.99079],[132.55421,33.993354],[132.564952,33.989732],[132.55657,33.983751],[132.554047,33.978339],[132.551036,33.975124],[132.5442,33.966986]]],[[[132.518158,33.982856],[132.51352,33.975979],[132.506521,33.97366],[132.504731,33.969468],[132.497244,33.967963],[132.49464,33.964667],[132.493012,33.967271],[132.494477,33.970649],[132.497895,33.971788],[132.496023,33.980211],[132.500173,33.984849],[132.507335,33.988349],[132.511648,33.989529],[132.51295,33.990261],[132.514415,33.991116],[132.518484,33.989529],[132.523774,33.988349],[132.524018,33.988267],[132.522878,33.987209],[132.518158,33.982856]]],[[[132.642751,33.989936],[132.640961,33.983954],[132.636974,33.979234],[132.63502,33.97484],[132.634451,33.96483],[132.620291,33.953803],[132.600434,33.949897],[132.589122,33.956448],[132.586925,33.969672],[132.596365,33.980943],[132.606456,33.989203],[132.61378,33.994045],[132.617931,33.995673],[132.624522,33.999091],[132.636404,34.008287],[132.641368,34.014065],[132.643891,34.01142],[132.644298,34.000881],[132.642751,33.989936]]],[[[133.351817,33.995225],[133.349457,34.000108],[133.357432,34.005764],[133.363048,34.00731],[133.367605,34.007636],[133.367849,34.002509],[133.370209,33.995307],[133.367035,33.993923],[133.363699,33.99079],[133.359955,33.990953],[133.351817,33.995225]]],[[[132.263927,33.997707],[132.260916,34.001532],[132.263682,34.011298],[132.269867,34.000108],[132.271251,33.995917],[132.263927,33.997707]]],[[[131.712169,33.992336],[131.708018,33.998277],[131.702485,34.000108],[131.695567,34.006374],[131.691417,34.007921],[131.695486,34.011664],[131.702485,34.019436],[131.702485,34.029405],[131.712576,34.034369],[131.708669,34.027574],[131.711111,34.016181],[131.71046,34.004828],[131.72047,33.993598],[131.73349,33.98782],[131.723318,33.979885],[131.719656,33.987372],[131.712169,33.992336]]],[[[132.40797,34.015245],[132.401785,34.022284],[132.409028,34.029893],[132.418712,34.025662],[132.424164,34.020209],[132.42628,34.016303],[132.426931,34.015041],[132.425629,34.011298],[132.40797,34.015245]]],[[[131.749604,34.030626],[131.744802,34.025702],[131.736664,34.023139],[131.724946,34.033596],[131.727306,34.037706],[131.733409,34.039049],[131.736095,34.0397],[131.740408,34.040635],[131.742279,34.038764],[131.750662,34.036892],[131.756765,34.046536],[131.760916,34.047838],[131.765961,34.044745],[131.765717,34.040595],[131.761485,34.038438],[131.7553,34.031277],[131.749604,34.030626]]],[[[132.533458,34.07335],[132.537446,34.059434],[132.532074,34.047471],[132.525238,34.04914],[132.523529,34.057196],[132.52589,34.063341],[132.529714,34.068793],[132.533458,34.07335]]],[[[132.577647,34.118883],[132.580577,34.09984],[132.569835,34.075873],[132.555186,34.071357],[132.532237,34.082099],[132.478038,34.080471],[132.455333,34.088121],[132.473969,34.105211],[132.497325,34.117133],[132.51002,34.131822],[132.496837,34.15705],[132.506602,34.167792],[132.519298,34.174384],[132.532481,34.177314],[132.543305,34.176703],[132.551524,34.17064],[132.549001,34.166327],[132.547862,34.161689],[132.545095,34.158149],[132.537852,34.15705],[132.546235,34.144965],[132.549001,34.133368],[132.54949,34.121487],[132.551524,34.108588],[132.577647,34.118883]]],[[[133.538422,34.132188],[133.542654,34.130316],[133.53183,34.123521],[133.523692,34.133897],[133.531749,34.13703],[133.538422,34.132188]]],[[[133.093516,34.174302],[133.099132,34.175198],[133.101736,34.170966],[133.094412,34.160386],[133.045177,34.118394],[133.027843,34.111558],[133.0171,34.118842],[133.016856,34.136298],[133.02003,34.149644],[133.025645,34.154446],[133.031749,34.15412],[133.036794,34.153266],[133.033946,34.161363],[133.026215,34.176174],[133.033051,34.189399],[133.055431,34.193549],[133.071544,34.188056],[133.076671,34.18065],[133.083018,34.175035],[133.093516,34.174302]]],[[[132.382172,34.17239],[132.39031,34.1765],[132.404552,34.169827],[132.410492,34.171129],[132.415294,34.159288],[132.396414,34.145941],[132.387543,34.150255],[132.383962,34.156317],[132.382172,34.17239]]],[[[132.806488,34.154568],[132.802908,34.159735],[132.803315,34.166368],[132.80714,34.175727],[132.818614,34.185614],[132.83253,34.18891],[132.836681,34.191799],[132.840668,34.192613],[132.844656,34.195095],[132.849946,34.196275],[132.851899,34.193305],[132.853689,34.188625],[132.863617,34.182807],[132.858735,34.170152],[132.842052,34.159003],[132.814382,34.152086],[132.806488,34.154568]]],[[[132.782563,34.161485],[132.770518,34.167751],[132.780365,34.187934],[132.799897,34.173326],[132.782563,34.161485]]],[[[133.327159,34.173774],[133.315115,34.171413],[133.306407,34.182318],[133.312592,34.183254],[133.320974,34.181383],[133.327159,34.173774]]],[[[132.737559,34.161607],[132.737315,34.168402],[132.731619,34.171332],[132.723643,34.170803],[132.697927,34.181342],[132.688975,34.189887],[132.69516,34.200141],[132.708995,34.203315],[132.728852,34.198798],[132.738536,34.196967],[132.755056,34.189114],[132.761404,34.177151],[132.756114,34.167467],[132.747406,34.162543],[132.740001,34.159898],[132.737559,34.161607]]],[[[132.671641,34.203518],[132.677501,34.19713],[132.682628,34.186998],[132.675548,34.177924],[132.674734,34.173326],[132.670584,34.172838],[132.664154,34.169582],[132.662283,34.16946],[132.659923,34.173692],[132.655203,34.174262],[132.648611,34.170356],[132.646495,34.179511],[132.647878,34.187893],[132.661713,34.198798],[132.671641,34.203518]]],[[[132.304861,34.183905],[132.300141,34.188544],[132.293956,34.187486],[132.2942,34.196479],[132.305431,34.198228],[132.314301,34.195828],[132.318451,34.190741],[132.304861,34.183905]]],[[[133.273855,34.184719],[133.271495,34.183254],[133.263438,34.192043],[133.263438,34.195868],[133.266531,34.198798],[133.269705,34.199815],[133.272634,34.197252],[133.273367,34.192613],[133.276459,34.188707],[133.273855,34.184719]]],[[[133.102387,34.239366],[133.107677,34.236558],[133.109304,34.228258],[133.113292,34.222195],[133.118744,34.21955],[133.123383,34.218614],[133.130382,34.21837],[133.13738,34.219509],[133.134288,34.21601],[133.126638,34.210598],[133.124604,34.209174],[133.115326,34.193712],[133.106456,34.193793],[133.101085,34.202094],[133.080821,34.198188],[133.065603,34.20893],[133.059011,34.209011],[133.058849,34.209093],[133.053884,34.21133],[133.06186,34.220974],[133.060964,34.228258],[133.063162,34.23489],[133.06837,34.235704],[133.077973,34.23371],[133.102387,34.239366]]],[[[133.151296,34.23371],[133.150076,34.243679],[133.152029,34.244981],[133.160492,34.247707],[133.166677,34.246649],[133.167491,34.235582],[133.151296,34.23371]]],[[[132.962901,34.218451],[132.969493,34.223049],[132.98585,34.226955],[132.990896,34.232123],[132.99171,34.242255],[132.987315,34.248847],[132.97934,34.252183],[132.969737,34.252631],[132.98878,34.273017],[133.01002,34.291246],[133.03004,34.295315],[133.044932,34.273098],[133.055675,34.242377],[133.051768,34.222317],[133.034841,34.207343],[132.999475,34.208377],[132.963878,34.191881],[132.954845,34.198188],[132.962901,34.218451]]],[[[132.932302,34.274848],[132.928477,34.251939],[132.919119,34.232896],[132.916759,34.221869],[132.905772,34.21308],[132.883067,34.208645],[132.863129,34.208482],[132.849946,34.215155],[132.843028,34.22842],[132.846446,34.24022],[132.854015,34.245022],[132.857188,34.245836],[132.885997,34.257025],[132.897146,34.256741],[132.908214,34.262885],[132.921153,34.27733],[132.928477,34.284003],[132.932302,34.274848]]],[[[133.202566,34.242784],[133.200694,34.260199],[133.198578,34.263902],[133.200287,34.270006],[133.213715,34.285549],[133.219168,34.288194],[133.224457,34.29088],[133.231293,34.284329],[133.2317,34.272244],[133.211599,34.258938],[133.209646,34.25377],[133.211925,34.248114],[133.209158,34.242336],[133.202566,34.242784]]],[[[133.656749,34.281073],[133.656749,34.278713],[133.654307,34.276272],[133.653331,34.275417],[133.654714,34.270453],[133.640798,34.271104],[133.638927,34.268622],[133.630056,34.263943],[133.624034,34.25849],[133.621511,34.25552],[133.61964,34.257839],[133.618419,34.265489],[133.621511,34.271104],[133.62615,34.274807],[133.623302,34.278917],[133.623709,34.286363],[133.630056,34.285712],[133.635753,34.273586],[133.644054,34.277615],[133.656749,34.281073]]],[[[132.279307,34.238349],[132.267914,34.244452],[132.267263,34.253607],[132.286632,34.27912],[132.298839,34.292222],[132.314464,34.300442],[132.328624,34.30622],[132.33839,34.304429],[132.344249,34.29564],[132.34547,34.286566],[132.344981,34.281968],[132.325531,34.264716],[132.295909,34.243232],[132.279307,34.238349]]],[[[132.422699,34.306342],[132.430105,34.313503],[132.431977,34.317247],[132.432546,34.322821],[132.438813,34.326239],[132.445404,34.322089],[132.445649,34.311916],[132.441742,34.30272],[132.442393,34.297838],[132.435557,34.29975],[132.432302,34.297838],[132.425629,34.301052],[132.419363,34.301174],[132.417247,34.304267],[132.422699,34.306342]]],[[[133.665701,34.314643],[133.661876,34.325303],[133.670095,34.323432],[133.682465,34.314765],[133.675629,34.304145],[133.671479,34.306464],[133.665701,34.314643]]],[[[133.445974,34.335883],[133.439871,34.337144],[133.436046,34.340237],[133.432628,34.338975],[133.427094,34.346625],[133.43157,34.348944],[133.44158,34.350206],[133.451752,34.34276],[133.4546,34.337144],[133.445974,34.335883]]],[[[133.580414,34.34988],[133.574229,34.347113],[133.567475,34.355211],[133.580089,34.361558],[133.588471,34.362331],[133.590017,34.359361],[133.583832,34.353746],[133.580414,34.34988]]],[[[133.556733,34.36636],[133.544932,34.36518],[133.539399,34.368272],[133.529145,34.375922],[133.516612,34.387274],[133.52296,34.392564],[133.524994,34.390611],[133.527192,34.391181],[133.527924,34.392849],[133.535655,34.394395],[133.537771,34.398668],[133.547048,34.398993],[133.555837,34.39586],[133.557384,34.392198],[133.555186,34.390977],[133.552582,34.390692],[133.547374,34.384426],[133.546804,34.376817],[133.551768,34.37698],[133.554128,34.375556],[133.556733,34.376695],[133.559011,34.37755],[133.5595,34.370958],[133.556733,34.36636]]],[[[133.674327,34.399766],[133.677908,34.400336],[133.678396,34.397081],[133.675385,34.392564],[133.672781,34.390041],[133.667003,34.381944],[133.663259,34.388536],[133.660899,34.390367],[133.659516,34.398261],[133.65325,34.40941],[133.66033,34.407497],[133.668875,34.410305],[133.675466,34.407457],[133.674327,34.399766]]],[[[131.401134,34.505601],[131.413015,34.515123],[131.41391,34.50967],[131.418468,34.500027],[131.406505,34.490953],[131.401134,34.505601]]],[[[131.293468,34.50967],[131.290131,34.506537],[131.276866,34.499091],[131.275971,34.521511],[131.283865,34.514635],[131.288585,34.515733],[131.29127,34.513861],[131.293468,34.50967]]],[[[131.152192,34.779079],[131.157481,34.778917],[131.161143,34.775824],[131.160492,34.7685],[131.156342,34.763414],[131.148611,34.760321],[131.140147,34.759101],[131.136078,34.76203],[131.128103,34.784329],[131.135753,34.791002],[131.147716,34.789618],[131.149913,34.787421],[131.148204,34.783759],[131.148285,34.780666],[131.152192,34.779079]]],[[[133.01295,36.007799],[133.012462,36.014797],[133.024181,36.02558],[133.045177,36.020006],[133.066661,36.006537],[133.079112,35.993638],[133.064952,35.995063],[133.027843,35.993638],[133.021332,35.995754],[133.016124,36.000922],[133.01295,36.007799]]],[[[133.078624,36.049994],[133.081309,36.080146],[133.093516,36.102769],[133.121349,36.109768],[133.135427,36.089545],[133.12322,36.062934],[133.099457,36.037502],[133.079112,36.020941],[133.078624,36.049994]]],[[[133.00408,36.048285],[132.994965,36.038235],[132.981456,36.039862],[132.965505,36.04914],[132.949392,36.061957],[132.969493,36.082017],[133.014496,36.110989],[133.038748,36.130805],[133.056651,36.124945],[133.074229,36.127916],[133.087576,36.127021],[133.088145,36.118272],[133.087169,36.110785],[133.072765,36.107856],[133.05836,36.103176],[133.051768,36.085517],[133.053966,36.074897],[133.056977,36.067694],[133.055837,36.061754],[133.044932,36.055121],[133.035981,36.0539],[133.027029,36.056301],[133.019786,36.060614],[133.0171,36.065009],[133.016775,36.074774],[133.014903,36.079779],[133.01002,36.081529],[133.000255,36.081773],[132.990408,36.077053],[132.993175,36.066352],[133.00408,36.048285]]],[[[133.093272,36.109768],[133.090587,36.117865],[133.093272,36.123358],[133.113617,36.113511],[133.093272,36.109768]]],[[[133.209483,36.297187],[133.292003,36.342475],[133.292817,36.330552],[133.300792,36.325873],[133.311209,36.324286],[133.32016,36.321845],[133.323497,36.318345],[133.326508,36.309394],[133.329438,36.304918],[133.335704,36.30093],[133.348643,36.297593],[133.354015,36.294664],[133.359386,36.28856],[133.363617,36.279283],[133.367035,36.274237],[133.381847,36.257717],[133.379242,36.208238],[133.373383,36.197699],[133.360199,36.191636],[133.35255,36.203518],[133.343516,36.204332],[133.334321,36.198879],[133.32602,36.191636],[133.337657,36.184394],[133.341319,36.175035],[133.337413,36.165595],[133.32602,36.158149],[133.31837,36.158433],[133.278331,36.164984],[133.256358,36.164984],[133.249766,36.16828],[133.202647,36.202297],[133.192638,36.205959],[133.187755,36.216132],[133.1963,36.277981],[133.209483,36.297187]]],[[[131.862522,37.243104],[131.861704,37.241606],[131.860148,37.242399],[131.861042,37.244006],[131.862522,37.243104]]],[[[130.877696,37.455512],[130.852224,37.459459],[130.827485,37.471259],[130.811046,37.487006],[130.805837,37.507392],[130.814301,37.52261],[130.832286,37.532131],[130.867849,37.536933],[130.891612,37.543891],[130.903575,37.545844],[130.920665,37.53559],[130.919444,37.510199],[130.908376,37.48192],[130.896739,37.463121],[130.877696,37.455512]]],[[[130.914561,42.455878],[130.913748,42.456448],[130.909841,42.456081],[130.906423,42.459906],[130.90919,42.46308],[130.910004,42.471788],[130.918061,42.473497],[130.931163,42.475694],[130.935069,42.470201],[130.933116,42.467515],[130.923839,42.460924],[130.914561,42.455878]]],[[[131.463064,42.655504],[131.463959,42.64761],[131.462738,42.642401],[131.461762,42.637193],[131.460867,42.637152],[131.439138,42.639635],[131.420339,42.643378],[131.435883,42.643663],[131.455089,42.651638],[131.459158,42.670152],[131.463959,42.672634],[131.472016,42.670762],[131.463064,42.655504]]],[[[132.362153,42.758409],[132.362397,42.742133],[132.36614,42.732001],[132.364024,42.73078],[132.345063,42.727403],[132.337738,42.750637],[132.327973,42.747382],[132.315603,42.749701],[132.311371,42.759548],[132.32781,42.772935],[132.342052,42.778144],[132.355642,42.772203],[132.362153,42.758409]]],[[[132.453624,42.860907],[132.448985,42.845404],[132.44988,42.828111],[132.467459,42.81094],[132.477712,42.8039],[132.475597,42.800238],[132.467133,42.79682],[132.458263,42.798285],[132.45338,42.800971],[132.447276,42.807318],[132.439464,42.817532],[132.429861,42.826483],[132.417491,42.830024],[132.406423,42.828762],[132.401541,42.831977],[132.400076,42.841702],[132.399669,42.852118],[132.404633,42.859117],[132.413259,42.864447],[132.418468,42.879869],[132.427501,42.895901],[132.43922,42.892035],[132.447276,42.876776],[132.453624,42.860907]]],[[[131.656993,42.872748],[131.659272,42.864651],[131.650157,42.859524],[131.639496,42.865424],[131.643891,42.868272],[131.647634,42.870754],[131.651215,42.873196],[131.659028,42.885688],[131.675304,42.891588],[131.678477,42.874172],[131.661143,42.875556],[131.656993,42.872748]]],[[[131.720876,42.899359],[131.714773,42.901597],[131.712006,42.910183],[131.712087,42.91885],[131.718435,42.924343],[131.729828,42.923692],[131.740082,42.921536],[131.744314,42.922105],[131.744884,42.919827],[131.742279,42.916815],[131.745372,42.906236],[131.733246,42.902818],[131.723074,42.897528],[131.720876,42.899359]]],[[[131.710867,42.951768],[131.713552,42.954779],[131.716319,42.959662],[131.714203,42.965562],[131.710541,42.969509],[131.709727,42.977769],[131.715505,42.984036],[131.724213,42.984239],[131.727224,42.995347],[131.730398,42.993516],[131.734386,42.987087],[131.739268,42.981879],[131.745779,42.97134],[131.756196,42.962144],[131.75644,42.959296],[131.749197,42.953111],[131.736664,42.95071],[131.726736,42.932196],[131.723562,42.934394],[131.722097,42.941474],[131.72047,42.944363],[131.717296,42.947333],[131.712738,42.949042],[131.710867,42.951768]]],[[[131.859386,43.037258],[131.859386,43.044623],[131.826508,43.065172],[131.854991,43.061347],[131.875743,43.051011],[131.892263,43.035834],[131.920909,43.024156],[131.920095,43.019517],[131.922537,43.008938],[131.924001,43.005845],[131.920909,42.996283],[131.91505,42.98428],[131.883311,42.960761],[131.83725,42.961127],[131.790538,42.974555],[131.757009,42.990058],[131.791189,42.996283],[131.774587,43.005316],[131.769379,43.015367],[131.773448,43.021186],[131.784353,43.017401],[131.791189,43.017401],[131.787364,43.034369],[131.783865,43.040107],[131.777517,43.044623],[131.798839,43.052639],[131.819672,43.049262],[131.840099,43.041693],[131.859386,43.037258]]],[[[144.906749,20.5515],[144.919688,20.555406],[144.931814,20.549221],[144.932465,20.537502],[144.925792,20.525336],[144.915701,20.517157],[144.905121,20.526597],[144.90211,20.540025],[144.906749,20.5515]]],[[[141.452973,24.222398],[141.460216,24.227362],[141.469981,24.226264],[141.470714,24.219184],[141.467947,24.213772],[141.463145,24.212104],[141.45574,24.215888],[141.452973,24.222398]]],[[[141.289561,24.726955],[141.289806,24.76024],[141.292654,24.773871],[141.29949,24.785875],[141.311697,24.791815],[141.330251,24.794094],[141.347992,24.793118],[141.357758,24.789618],[141.365489,24.777737],[141.35727,24.773424],[141.342621,24.772121],[141.330577,24.76911],[141.320323,24.758612],[141.302582,24.734361],[141.289561,24.726955]]],[[[141.297537,25.445299],[141.29949,25.434801],[141.295665,25.424506],[141.287446,25.417711],[141.274669,25.427069],[141.270518,25.440375],[141.27475,25.451117],[141.288259,25.452541],[141.297537,25.445299]]],[[[142.175548,26.663235],[142.174815,26.661526],[142.175059,26.659084],[142.172699,26.65351],[142.181814,26.657172],[142.186209,26.657904],[142.189138,26.654527],[142.193207,26.646064],[142.181407,26.644232],[142.175548,26.638658],[142.175059,26.630072],[142.180186,26.618801],[142.159923,26.632025],[142.139008,26.662502],[142.111339,26.721177],[142.117686,26.721747],[142.122406,26.720445],[142.131847,26.714993],[142.135753,26.706692],[142.14324,26.702216],[142.153494,26.70067],[142.165863,26.701321],[142.165863,26.694525],[142.154307,26.686469],[142.15561,26.679145],[142.165782,26.674384],[142.180186,26.674018],[142.180186,26.666571],[142.175548,26.663235]]],[[[142.180186,27.07807],[142.214366,27.063788],[142.210704,27.072821],[142.205577,27.080959],[142.199555,27.08747],[142.193207,27.091742],[142.206554,27.097113],[142.220876,27.098334],[142.233246,27.094306],[142.241059,27.084296],[142.23463,27.050035],[142.218516,27.040351],[142.198578,27.051093],[142.180186,27.07807]]],[[[142.196218,27.131578],[142.220551,27.120592],[142.22698,27.113837],[142.229666,27.108303],[142.226817,27.105455],[142.221365,27.103787],[142.213796,27.103827],[142.204763,27.108669],[142.200694,27.113634],[142.194672,27.115139],[142.189301,27.117011],[142.188324,27.120673],[142.188569,27.126614],[142.190522,27.133694],[142.193126,27.135565],[142.196218,27.131578]]],[[[142.190929,27.185207],[142.20045,27.183295],[142.204112,27.173896],[142.201834,27.162746],[142.195974,27.152411],[142.18922,27.145494],[142.184255,27.158352],[142.185313,27.17414],[142.190929,27.185207]]],[[[140.867931,27.233954],[140.874197,27.238227],[140.878184,27.232611],[140.869965,27.218248],[140.867931,27.233954]]],[[[142.211843,27.494656],[142.213064,27.484605],[142.208832,27.497789],[142.211843,27.494656]]],[[[142.192882,27.616197],[142.195323,27.599107],[142.179454,27.612494],[142.183116,27.619452],[142.192882,27.616197]]],[[[142.133311,27.681912],[142.141856,27.679674],[142.142914,27.671942],[142.138845,27.667629],[142.125173,27.677436],[142.125336,27.680894],[142.133311,27.681912]]],[[[142.108816,27.729682],[142.111664,27.725857],[142.107188,27.716742],[142.105154,27.727037],[142.108816,27.729682]]],[[[142.085134,27.72606],[142.080577,27.716946],[142.078624,27.72724],[142.082286,27.729885],[142.085134,27.72606]]],[[[140.307628,30.491156],[140.317149,30.491156],[140.325938,30.485175],[140.318614,30.475531],[140.306488,30.473619],[140.301606,30.480699],[140.301443,30.486274],[140.307628,30.491156]]],[[[140.043468,31.443101],[140.044444,31.445054],[140.045665,31.443305],[140.043468,31.443101]]],[[[140.041515,31.443101],[140.04127,31.444159],[140.041352,31.446479],[140.043142,31.444566],[140.041515,31.443101]]],[[[139.756358,32.452297],[139.757091,32.470364],[139.773774,32.440985],[139.756358,32.452297]]],[[[139.869395,33.075507],[139.845225,33.04678],[139.835785,33.039781],[139.820974,33.040269],[139.802908,33.047431],[139.787608,33.058417],[139.776378,33.079983],[139.743419,33.118598],[139.739757,33.133246],[139.750824,33.14525],[139.767751,33.149888],[139.791026,33.135321],[139.813162,33.123765],[139.838878,33.116685],[139.862315,33.107001],[139.877452,33.087592],[139.869395,33.075507]]],[[[139.690522,33.132758],[139.697927,33.116278],[139.685883,33.116889],[139.679861,33.123114],[139.675629,33.135565],[139.681,33.137397],[139.690522,33.132758]]],[[[135.809255,33.463324],[135.804047,33.462877],[135.799408,33.463813],[135.801443,33.471951],[135.809825,33.478054],[135.836762,33.47663],[135.855072,33.473497],[135.858735,33.471666],[135.856212,33.466498],[135.852875,33.462144],[135.8296,33.450832],[135.826671,33.450995],[135.818533,33.460435],[135.809255,33.463324]]],[[[139.299083,33.650092],[139.296153,33.651068],[139.299083,33.650702],[139.299083,33.650092]]],[[[134.806895,33.838162],[134.805349,33.846584],[134.806244,33.851874],[134.809988,33.850653],[134.814952,33.856269],[134.82016,33.856676],[134.819347,33.848212],[134.816824,33.844062],[134.812348,33.840155],[134.806895,33.838162]]],[[[139.618988,33.890123],[139.622813,33.885565],[139.629568,33.871731],[139.628754,33.865709],[139.622895,33.856757],[139.610199,33.852851],[139.594249,33.854722],[139.581309,33.862535],[139.579763,33.880316],[139.592459,33.895819],[139.60963,33.896389],[139.618988,33.890123]]],[[[139.56129,34.058092],[139.534516,34.037543],[139.506114,34.035875],[139.487071,34.060777],[139.494395,34.09276],[139.523448,34.112372],[139.556326,34.113471],[139.575043,34.090033],[139.56129,34.058092]]],[[[134.829194,34.173326],[134.82602,34.160102],[134.822439,34.156643],[134.817312,34.155544],[134.816824,34.153998],[134.811209,34.159573],[134.81186,34.165188],[134.816091,34.167792],[134.819672,34.171454],[134.819021,34.176907],[134.821951,34.179551],[134.829194,34.173326]]],[[[139.121267,34.188951],[139.122244,34.195421],[139.128917,34.204739],[139.130789,34.211819],[139.130789,34.216824],[139.130219,34.219224],[139.135753,34.236558],[139.146821,34.240953],[139.161143,34.237128],[139.169119,34.228909],[139.173676,34.211615],[139.167166,34.20661],[139.156993,34.204332],[139.142345,34.188503],[139.129568,34.185696],[139.121267,34.188951]]],[[[135.010427,34.274807],[135.002289,34.277004],[135.001394,34.282131],[135.003591,34.284776],[135.007579,34.282294],[135.017833,34.289781],[135.024018,34.292344],[135.024587,34.290351],[135.021821,34.28856],[135.021251,34.284491],[135.018484,34.282904],[135.015961,34.278591],[135.011974,34.274807],[135.010427,34.274807]]],[[[135.056814,34.295396],[135.041677,34.291042],[135.038503,34.293443],[135.034597,34.29324],[135.045909,34.298489],[135.058686,34.297838],[135.056814,34.295396]]],[[[139.216238,34.334825],[139.223806,34.324368],[139.212494,34.316636],[139.204682,34.319729],[139.197602,34.316636],[139.19752,34.323269],[139.205414,34.329088],[139.207205,34.33279],[139.20753,34.335435],[139.210297,34.336737],[139.216238,34.334825]]],[[[139.265391,34.388617],[139.270356,34.395982],[139.279552,34.402777],[139.291515,34.414537],[139.300955,34.417914],[139.302501,34.399726],[139.296397,34.367865],[139.283458,34.336859],[139.267833,34.322699],[139.253673,34.341376],[139.254649,34.353461],[139.265391,34.388617]]],[[[133.691905,34.378404],[133.705333,34.391791],[133.708263,34.397284],[133.715668,34.396145],[133.724457,34.384467],[133.725841,34.371405],[133.72047,34.363837],[133.712901,34.359442],[133.706309,34.354641],[133.703136,34.351752],[133.695811,34.354804],[133.688487,34.366156],[133.691905,34.378404]]],[[[133.793712,34.389472],[133.792817,34.386339],[133.785574,34.383857],[133.783783,34.381496],[133.777843,34.380113],[133.770763,34.373236],[133.76352,34.368272],[133.758474,34.368557],[133.757172,34.374742],[133.757986,34.380113],[133.7553,34.387437],[133.753022,34.398179],[133.757579,34.394721],[133.759939,34.391913],[133.764822,34.391913],[133.766938,34.393052],[133.772553,34.396226],[133.775727,34.399726],[133.776541,34.400662],[133.781586,34.398057],[133.784434,34.396593],[133.789073,34.395657],[133.793712,34.389472]]],[[[134.04892,34.389472],[134.03948,34.378201],[134.043712,34.395657],[134.048269,34.402696],[134.051687,34.409084],[134.057058,34.406562],[134.055675,34.397528],[134.05421,34.390692],[134.04892,34.389472]]],[[[134.884906,34.244481],[134.856118,34.236007],[134.833858,34.22661],[134.80005,34.200754],[134.751875,34.191955],[134.728677,34.190939],[134.72687,34.20997],[134.705379,34.217968],[134.702163,34.221199],[134.713596,34.23997],[134.723888,34.252631],[134.688114,34.24358],[134.666515,34.26553],[134.657169,34.288204],[134.669635,34.302065],[134.68326,34.328226],[134.705156,34.323168],[134.720814,34.329789],[134.798956,34.446794],[134.824229,34.460842],[134.84254,34.470282],[134.850434,34.475735],[134.856456,34.483303],[134.865001,34.500678],[134.871349,34.509589],[134.883831,34.529489],[134.922461,34.546082],[134.93811,34.550906],[134.963063,34.580816],[134.981333,34.602402],[135.002682,34.608423],[135.028168,34.59101],[135.030121,34.578843],[135.018413,34.566048],[135.003277,34.551575],[134.9954,34.530233],[134.984141,34.505764],[134.956301,34.484877],[134.932542,34.453482],[134.902973,34.419006],[134.897227,34.381496],[134.895763,34.372748],[134.898936,34.360826],[134.899675,34.349036],[134.91627,34.338284],[134.918613,34.320394],[134.926183,34.308495],[134.95045,34.28734],[134.958254,34.270356],[134.937984,34.262755],[134.90947,34.25718],[134.884906,34.244481]]],[[[133.76295,34.429592],[133.767182,34.42654],[133.775401,34.425849],[133.777192,34.423082],[133.770356,34.416856],[133.763113,34.419013],[133.7588,34.427191],[133.758474,34.430569],[133.76295,34.429592]]],[[[134.066254,34.425279],[134.057058,34.416205],[134.055431,34.416287],[134.055186,34.42711],[134.061697,34.434149],[134.066254,34.425279]]],[[[135.240971,34.454647],[135.257054,34.435778],[135.224416,34.416304],[135.210542,34.421906],[135.205179,34.430491],[135.240971,34.454647]]],[[[133.97934,34.44717],[133.965668,34.472113],[133.967296,34.477729],[133.975922,34.474433],[133.980886,34.475898],[134.001313,34.455593],[134.007335,34.452663],[134.01238,34.451809],[134.012299,34.449774],[134.002208,34.443183],[133.998383,34.443956],[133.98821,34.443956],[133.97934,34.44717]]],[[[139.297211,34.474433],[139.291596,34.469794],[139.288666,34.473822],[139.292491,34.475857],[139.297211,34.474433]]],[[[134.04599,34.487657],[134.054861,34.488837],[134.072032,34.498481],[134.083425,34.500718],[134.087413,34.497829],[134.095388,34.49197],[134.101817,34.491441],[134.104503,34.490261],[134.102875,34.480943],[134.083995,34.459825],[134.076182,34.460761],[134.067882,34.466702],[134.067068,34.467027],[134.049001,34.474351],[134.03948,34.478298],[134.036632,34.48078],[134.038341,34.483303],[134.04599,34.487657]]],[[[134.244395,34.417711],[134.248709,34.453192],[134.243175,34.463853],[134.223399,34.472357],[134.204845,34.471584],[134.185883,34.466051],[134.170177,34.465481],[134.161388,34.479193],[134.171723,34.485907],[134.172537,34.496649],[134.171072,34.508938],[134.175059,34.520087],[134.203787,34.512437],[134.228282,34.518378],[134.271251,34.540676],[134.283214,34.543647],[134.319021,34.54682],[134.353689,34.554389],[134.367361,34.554267],[134.363292,34.545356],[134.365733,34.536282],[134.370616,34.525865],[134.374278,34.513332],[134.368907,34.484361],[134.346934,34.430813],[134.342133,34.439683],[134.332774,34.44477],[134.32016,34.446479],[134.305919,34.445014],[134.305919,34.451239],[134.324962,34.453681],[134.3296,34.462388],[134.320649,34.46894],[134.299083,34.464911],[134.284923,34.452297],[134.274181,34.435004],[134.26238,34.420885],[134.244395,34.417711]]],[[[136.906906,34.49415],[136.902471,34.48606],[136.891202,34.479708],[136.883204,34.475366],[136.877536,34.483176],[136.872599,34.491139],[136.891968,34.496692],[136.898992,34.504053],[136.908953,34.502362],[136.906906,34.49415]]],[[[134.021495,34.491441],[134.019054,34.477281],[134.010265,34.492377],[134.008718,34.500027],[134.019542,34.507799],[134.023041,34.501858],[134.021495,34.491441]]],[[[139.264334,34.525865],[139.279389,34.533962],[139.290457,34.523383],[139.276785,34.512763],[139.264334,34.525865]]],[[[136.896474,34.538411],[136.910052,34.540109],[136.902486,34.531974],[136.903175,34.525015],[136.889063,34.522553],[136.873985,34.513413],[136.856216,34.510139],[136.849127,34.515037],[136.865917,34.521327],[136.890179,34.531201],[136.896474,34.538411]]],[[[136.989326,34.549777],[136.986883,34.542775],[136.9798,34.537986],[136.975453,34.544145],[136.983611,34.550462],[136.989326,34.549777]]],[[[134.493663,34.654161],[134.497732,34.652086],[134.499522,34.647203],[134.496837,34.643134],[134.48699,34.641343],[134.479828,34.639228],[134.482758,34.642483],[134.486827,34.644924],[134.486176,34.648098],[134.483165,34.646674],[134.479015,34.649156],[134.467621,34.640774],[134.458588,34.644843],[134.459646,34.648546],[134.459727,34.653876],[134.462087,34.657253],[134.464366,34.659329],[134.464203,34.665188],[134.468761,34.664455],[134.47169,34.662421],[134.475108,34.659369],[134.476166,34.663275],[134.478526,34.66474],[134.480398,34.661851],[134.484141,34.661933],[134.485281,34.665758],[134.489594,34.67064],[134.493988,34.665798],[134.49407,34.658718],[134.493663,34.654161]]],[[[134.569591,34.659776],[134.565847,34.66474],[134.566742,34.671332],[134.569916,34.674099],[134.574067,34.675605],[134.578298,34.674099],[134.58839,34.66942],[134.589203,34.6612],[134.579275,34.655626],[134.576427,34.651068],[134.569591,34.659776]]],[[[134.519786,34.668647],[134.513276,34.670844],[134.51238,34.675523],[134.508962,34.676174],[134.51474,34.680487],[134.521658,34.682237],[134.52711,34.685167],[134.535574,34.687201],[134.537852,34.684394],[134.533865,34.681057],[134.531342,34.677802],[134.532807,34.674099],[134.534028,34.677802],[134.537771,34.6789],[134.544444,34.680935],[134.545909,34.671617],[134.544281,34.669257],[134.545095,34.665798],[134.542084,34.658922],[134.537283,34.658515],[134.531749,34.662421],[134.52589,34.665676],[134.519786,34.668647]]],[[[136.998008,34.675789],[137.01024,34.681698],[137.007058,34.674539],[137.002016,34.668265],[136.998008,34.675789]]],[[[139.442719,34.676703],[139.421641,34.677191],[139.359353,34.702299],[139.351195,34.720034],[139.352014,34.76734],[139.356465,34.797229],[139.400645,34.788642],[139.418224,34.780829],[139.437755,34.771918],[139.450043,34.756781],[139.456716,34.737128],[139.458507,34.715033],[139.457856,34.689887],[139.453787,34.678941],[139.442719,34.676703]]],[[[136.79806,34.876401],[136.810969,34.876306],[136.823503,34.862037],[136.825951,34.849076],[136.814701,34.846307],[136.815002,34.839917],[136.807731,34.839196],[136.79806,34.876401]]],[[[139.164236,35.03852],[139.162771,35.04092],[139.169444,35.043647],[139.171479,35.036607],[139.164236,35.03852]]],[[[136.950206,37.144761],[136.959321,37.147366],[136.966645,37.151801],[136.973643,37.153266],[136.981212,37.151313],[136.989024,37.145331],[136.999034,37.139472],[137.008556,37.140611],[137.016287,37.144843],[137.027192,37.155219],[137.041759,37.159735],[137.048106,37.152289],[137.045258,37.145087],[137.044444,37.136705],[137.045909,37.128119],[137.038748,37.120103],[137.022227,37.114447],[137.003754,37.113471],[136.98585,37.108303],[136.972667,37.10163],[136.963227,37.101549],[136.947276,37.096991],[136.943696,37.097357],[136.934825,37.10814],[136.915538,37.127753],[136.905284,37.143622],[136.911469,37.150946],[136.919607,37.147447],[136.923513,37.140082],[136.928396,37.137763],[136.934337,37.141791],[136.941254,37.144436],[136.950206,37.144761]]],[[[133.213227,34.363105],[133.194998,34.353705],[133.18214,34.341376],[133.201915,34.328315],[133.208669,34.307807],[133.202891,34.288886],[133.185557,34.280504],[133.178233,34.282782],[133.165782,34.292304],[133.160981,34.294176],[133.15561,34.291815],[133.144054,34.28262],[133.125173,34.276272],[133.102712,34.257148],[133.093272,34.252631],[133.076427,34.259589],[133.070649,34.277248],[133.072276,34.317532],[133.076915,34.316718],[133.087413,34.326483],[133.103282,34.34512],[133.114024,34.351752],[133.117931,34.342271],[133.117035,34.326565],[133.113292,34.314114],[133.133149,34.318183],[133.147472,34.351386],[133.168468,34.355048],[133.168468,34.362494],[133.152599,34.373847],[133.134288,34.38231],[133.12322,34.384345],[133.113292,34.383979],[133.103526,34.384589],[133.093272,34.389797],[133.079112,34.38231],[133.085785,34.35102],[133.059093,34.332343],[133.018321,34.32331],[132.911876,34.314765],[132.883067,34.304592],[132.853038,34.28734],[132.836192,34.311103],[132.818207,34.303371],[132.799083,34.284003],[132.778087,34.273098],[132.762218,34.270331],[132.764008,34.26317],[132.772797,34.253404],[132.778087,34.242743],[132.771495,34.235297],[132.756602,34.232327],[132.726573,34.232123],[132.702973,34.225491],[132.656261,34.199286],[132.627208,34.197984],[132.622244,34.20189],[132.618419,34.208889],[132.615571,34.215481],[132.613536,34.218451],[132.604259,34.21662],[132.599457,34.212307],[132.596528,34.207424],[132.593028,34.20425],[132.566173,34.191962],[132.554454,34.192369],[132.544688,34.20425],[132.559825,34.218411],[132.550629,34.230862],[132.533458,34.244778],[132.521007,34.269761],[132.507335,34.283026],[132.503673,34.28734],[132.503429,34.30036],[132.507091,34.308417],[132.509044,34.31623],[132.503673,34.328315],[132.510753,34.32982],[132.523123,34.334296],[132.531016,34.33515],[132.526134,34.345608],[132.517589,34.353013],[132.496837,34.362494],[132.481293,34.35456],[132.461681,34.349555],[132.44158,34.350002],[132.405528,34.368069],[132.383474,34.365668],[132.346039,34.348822],[132.312348,34.326972],[132.222504,34.238959],[132.2317,34.225246],[132.238292,34.20425],[132.240408,34.189805],[132.243663,34.166938],[132.238943,34.142646],[132.22755,34.132025],[132.213715,34.124335],[132.201915,34.108588],[132.199067,34.064765],[132.210948,34.025214],[132.213227,33.989651],[132.181488,33.957831],[132.157237,33.94892],[132.142589,33.946438],[132.13559,33.938422],[132.1338,33.913398],[132.138927,33.894965],[132.159923,33.857327],[132.161632,33.841702],[132.150076,33.830146],[132.105805,33.809027],[132.075938,33.787055],[132.055919,33.777167],[132.041352,33.776272],[132.044444,33.79328],[132.06544,33.806952],[132.068858,33.811672],[132.076345,33.826728],[132.078461,33.834906],[132.087169,33.8251],[132.098888,33.823635],[132.108897,33.830268],[132.113292,33.844875],[132.109223,33.862616],[132.099457,33.87226],[132.087087,33.878567],[132.07545,33.88642],[132.057791,33.89525],[131.994802,33.913479],[131.972341,33.916815],[131.966563,33.921536],[131.941905,33.950914],[131.930919,33.956977],[131.903331,33.966702],[131.893565,33.971422],[131.87086,33.988511],[131.852061,33.998358],[131.833669,33.994696],[131.812266,33.971422],[131.826508,33.971422],[131.826508,33.965237],[131.791352,33.964057],[131.779552,33.969672],[131.777517,33.985745],[131.807302,34.005805],[131.823904,34.020168],[131.822765,34.026679],[131.81365,34.028754],[131.799571,34.037746],[131.741466,34.05622],[131.70338,34.044176],[131.688731,34.047187],[131.676117,34.040188],[131.644867,34.028876],[131.633474,34.026679],[131.606212,34.026679],[131.601736,34.030015],[131.598155,34.036038],[131.593272,34.037299],[131.585134,34.026679],[131.594005,34.015326],[131.597423,34.002631],[131.593028,33.991685],[131.578868,33.985745],[131.571788,33.985175],[131.567638,33.986274],[131.565684,33.989651],[131.565196,33.996283],[131.562266,34.004625],[131.556163,34.005194],[131.551117,34.002143],[131.551036,33.999416],[131.519298,34.00849],[131.510509,34.012397],[131.493012,34.028144],[131.482921,34.03205],[131.469005,34.026679],[131.473806,34.018622],[131.474294,34.013983],[131.469005,34.006171],[131.466319,34.006781],[131.456716,33.999335],[131.455333,33.99315],[131.451996,33.989569],[131.451834,33.985907],[131.449555,33.982245],[131.441173,33.978909],[131.434337,33.980211],[131.428233,33.985907],[131.423513,33.993109],[131.420584,33.999416],[131.415538,33.989407],[131.409679,33.983059],[131.402517,33.981391],[131.393321,33.985745],[131.402192,33.999335],[131.404796,34.017279],[131.400645,34.032945],[131.389903,34.03974],[131.383149,34.033026],[131.355724,33.989447],[131.33253,33.962104],[131.321951,33.95307],[131.272227,33.926825],[131.257986,33.924791],[131.249848,33.937934],[131.242524,33.934475],[131.233572,33.933051],[131.225841,33.935004],[131.222667,33.941352],[131.220714,33.950385],[131.215831,33.950751],[131.209239,33.947252],[131.202159,33.94477],[131.200369,33.942532],[131.194672,33.937649],[131.187022,33.932766],[131.178233,33.930487],[131.173188,33.933987],[131.170665,33.941881],[131.160266,33.952796],[131.161537,33.964374],[131.16684,33.972398],[131.166026,33.977118],[131.1574,33.978909],[131.123999,33.999931],[131.103165,34.030217],[131.072424,34.036997],[131.035595,34.047975],[131.013962,34.014762],[130.968598,33.971422],[130.932086,33.945365],[130.926291,33.922691],[130.915753,33.91399],[130.899181,33.924262],[130.893728,33.932318],[130.879405,33.937934],[130.880224,33.950432],[130.899425,33.949856],[130.90965,33.973652],[130.907725,33.984931],[130.913422,33.999416],[130.917135,34.010913],[130.912812,34.021921],[130.905284,34.029608],[130.912577,34.053342],[130.903914,34.065826],[130.878429,34.067857],[130.87322,34.078192],[130.869314,34.091742],[130.862804,34.101793],[130.861583,34.112738],[130.87322,34.129096],[130.886485,34.138983],[130.899262,34.145657],[130.911143,34.154486],[130.920909,34.17064],[130.92335,34.183783],[130.920258,34.192572],[130.915782,34.199693],[130.910411,34.224921],[130.896739,34.244818],[130.893728,34.256049],[130.891612,34.259833],[130.876231,34.270006],[130.871593,34.279242],[130.875336,34.286689],[130.882009,34.293402],[130.886241,34.300442],[130.889659,34.331204],[130.893077,34.343492],[130.899913,34.355048],[130.911143,34.350898],[130.927419,34.348944],[130.941905,34.350979],[130.948253,34.358791],[130.954763,34.361721],[130.996104,34.36933],[131.011729,34.375963],[131.033607,34.381789],[131.017882,34.393297],[131.003591,34.39289],[130.965099,34.39997],[130.955089,34.403469],[130.948904,34.395006],[130.9463,34.392401],[130.93393,34.395982],[130.93922,34.407701],[130.947765,34.418931],[130.958751,34.427436],[130.976396,34.438967],[130.989732,34.435038],[131.002845,34.425946],[131.00115,34.414862],[131.009776,34.410305],[131.022634,34.409369],[131.037283,34.411119],[131.050955,34.415188],[131.061209,34.420844],[131.074718,34.42475],[131.099376,34.413275],[131.115718,34.409794],[131.133923,34.411562],[131.140798,34.378485],[131.153656,34.36933],[131.172699,34.367743],[131.178958,34.378776],[131.191702,34.393648],[131.173595,34.410224],[131.170584,34.416815],[131.171315,34.429535],[131.192719,34.42475],[131.207367,34.428941],[131.234874,34.433498],[131.252632,34.437387],[131.264537,34.428087],[131.281214,34.407958],[131.266256,34.409449],[131.251027,34.419131],[131.24102,34.421184],[131.229503,34.417711],[131.222016,34.408393],[131.216075,34.396918],[131.211762,34.383775],[131.208995,34.36933],[131.216075,34.372301],[131.22877,34.380194],[131.236176,34.38231],[131.284482,34.384211],[131.32309,34.393012],[131.334731,34.416114],[131.36505,34.415651],[131.414317,34.423977],[131.413315,34.453874],[131.426407,34.465645],[131.456228,34.490383],[131.461925,34.499254],[131.454763,34.51911],[131.461762,34.523505],[131.482677,34.527574],[131.520763,34.551907],[131.536469,34.565619],[131.551036,34.581529],[131.555431,34.59219],[131.557299,34.614857],[131.564792,34.619494],[131.585184,34.618422],[131.595876,34.616848],[131.594249,34.625678],[131.594104,34.642051],[131.596872,34.659589],[131.615242,34.664881],[131.629405,34.659247],[131.656415,34.653586],[131.670859,34.662818],[131.673355,34.670932],[131.680332,34.674649],[131.711599,34.671576],[131.746082,34.675353],[131.790375,34.686103],[131.822956,34.698283],[131.840784,34.705329],[131.858409,34.714504],[131.863129,34.737494],[131.866873,34.746039],[131.873758,34.759223],[131.896332,34.762926],[131.901322,34.770451],[131.923788,34.78786],[131.957007,34.81303],[131.997325,34.837226],[132.021169,34.865871],[132.034551,34.876579],[132.053884,34.87226],[132.060557,34.885688],[132.063304,34.907489],[132.111176,34.943101],[132.131847,34.958645],[132.15794,34.976132],[132.216319,35.013577],[132.236495,35.034818],[132.270842,35.040329],[132.29361,35.048407],[132.31685,35.062346],[132.326594,35.09207],[132.357041,35.111207],[132.379949,35.124981],[132.389212,35.134829],[132.386574,35.145538],[132.402354,35.160468],[132.408085,35.175051],[132.467678,35.213148],[132.495827,35.232455],[132.529718,35.244913],[132.531937,35.257672],[132.550265,35.262432],[132.575617,35.27327],[132.621142,35.284444],[132.638679,35.294645],[132.651395,35.312924],[132.663347,35.329536],[132.671446,35.355128],[132.674137,35.372037],[132.674023,35.385425],[132.670791,35.399475],[132.653742,35.40687],[132.631142,35.419814],[132.623808,35.43107],[132.635359,35.440955],[132.655876,35.442994],[132.682099,35.449016],[132.701444,35.44922],[132.734438,35.448632],[132.748551,35.451549],[132.754739,35.456245],[132.744477,35.463568],[132.725496,35.47078],[132.736279,35.472742],[132.75272,35.477078],[132.775427,35.481007],[132.804827,35.495182],[132.837679,35.506123],[132.864909,35.510983],[132.922231,35.513175],[132.946365,35.518677],[132.969737,35.516995],[132.973206,35.541884],[132.991485,35.544551],[133.014399,35.54078],[133.033489,35.545992],[133.042492,35.561528],[133.051772,35.57373],[133.064601,35.580271],[133.081442,35.575326],[133.091345,35.587539],[133.091261,35.601485],[133.105353,35.597517],[133.119732,35.584907],[133.141428,35.570165],[133.156467,35.562622],[133.189661,35.571908],[133.207068,35.572828],[133.224731,35.582945],[133.230163,35.578198],[133.223155,35.568508],[133.228038,35.564683],[133.239336,35.563615],[133.246253,35.56732],[133.266377,35.574237],[133.286779,35.576193],[133.308772,35.577189],[133.32602,35.568508],[133.312904,35.561976],[133.298874,35.558638],[133.286929,35.553727],[133.270135,35.54961],[133.257498,35.5362],[133.254731,35.53384],[133.254161,35.521796],[133.260509,35.509955],[133.264659,35.496161],[133.294543,35.480416],[133.329626,35.465504],[133.360857,35.460417],[133.38069,35.456415],[133.400157,35.454291],[133.417412,35.456543],[133.441245,35.491038],[133.492755,35.510362],[133.525595,35.522427],[133.580182,35.533603],[133.632568,35.521328],[133.731145,35.502907],[133.911547,35.514595],[134.008383,35.537049],[134.03479,35.519356],[134.173662,35.536271],[134.237765,35.546651],[134.262066,35.553588],[134.281586,35.564887],[134.293871,35.585894],[134.342621,35.593817],[134.352061,35.594184],[134.361501,35.595771],[134.376491,35.611184],[134.413823,35.62114],[134.466215,35.637555],[134.498096,35.653879],[134.536987,35.672203],[134.590209,35.659428],[134.647447,35.664265],[134.691475,35.663447],[134.766907,35.666559],[134.798295,35.665642],[134.813419,35.662374],[134.834137,35.657146],[134.842348,35.645365],[134.86325,35.658278],[134.880968,35.657322],[134.885048,35.645914],[134.897749,35.649162],[134.915704,35.644367],[134.927013,35.641181],[134.947276,35.654853],[134.953624,35.657904],[134.963715,35.661038],[134.959622,35.673753],[134.987944,35.689777],[135.010844,35.691113],[135.029032,35.692869],[135.044822,35.701739],[135.085785,35.725979],[135.08412,35.739022],[135.134305,35.751901],[135.183849,35.76024],[135.210134,35.763373],[135.226846,35.772321],[135.25066,35.757815],[135.261729,35.739814],[135.276703,35.731391],[135.292491,35.711656],[135.304047,35.68891],[135.306163,35.671536],[135.299327,35.657904],[135.279214,35.668533],[135.258827,35.656829],[135.246415,35.63552],[135.242394,35.62264],[135.232755,35.614214],[135.204902,35.587353],[135.188175,35.565045],[135.188324,35.545258],[135.196041,35.539895],[135.206673,35.541468],[135.208084,35.559054],[135.22169,35.567939],[135.235246,35.584548],[135.248226,35.591694],[135.253429,35.571275],[135.265438,35.567075],[135.270911,35.562923],[135.262042,35.557547],[135.251957,35.557316],[135.239815,35.557963],[135.238739,35.542026],[135.301522,35.513243],[135.316178,35.518338],[135.324436,35.524446],[135.33549,35.50821],[135.329564,35.494755],[135.324962,35.485663],[135.315278,35.466783],[135.313487,35.458645],[135.319021,35.446967],[135.330251,35.454535],[135.339757,35.471122],[135.352518,35.486984],[135.370504,35.486126],[135.394867,35.476467],[135.402354,35.482164],[135.402354,35.507025],[135.37379,35.501695],[135.350224,35.510313],[135.337796,35.537478],[135.361339,35.554185],[135.373709,35.557685],[135.402843,35.558173],[135.416026,35.561672],[135.425955,35.56981],[135.435557,35.580024],[135.439481,35.59057],[135.463222,35.603327],[135.458244,35.586987],[135.45239,35.571781],[135.47003,35.56596],[135.482938,35.559199],[135.478761,35.543725],[135.480479,35.533881],[135.478689,35.527289],[135.479015,35.522528],[135.488292,35.520697],[135.495616,35.523912],[135.502696,35.531643],[135.512218,35.548041],[135.512462,35.529853],[135.508637,35.511908],[135.510997,35.498196],[135.529552,35.492743],[135.558279,35.491767],[135.567393,35.492743],[135.576834,35.495998],[135.596446,35.505113],[135.605249,35.517168],[135.624798,35.532344],[135.648945,35.542834],[135.66977,35.534369],[135.664766,35.529664],[135.641924,35.521718],[135.634613,35.493557],[135.622081,35.486558],[135.645066,35.4802],[135.696686,35.491843],[135.724431,35.490732],[135.738036,35.498739],[135.748351,35.513719],[135.748198,35.533525],[135.720801,35.522305],[135.708604,35.540551],[135.691636,35.545877],[135.706093,35.562095],[135.738446,35.570531],[135.748045,35.564204],[135.756137,35.549072],[135.777258,35.549856],[135.79405,35.531382],[135.8105,35.526863],[135.834321,35.534369],[135.823497,35.538398],[135.816173,35.545966],[135.801502,35.568003],[135.804255,35.575175],[135.815434,35.577592],[135.82589,35.569356],[135.840129,35.573415],[135.854747,35.579047],[135.851573,35.586412],[135.844493,35.591742],[135.837576,35.599189],[135.834321,35.613186],[135.830251,35.617133],[135.816018,35.630856],[135.811685,35.643406],[135.823223,35.644621],[135.840866,35.633654],[135.853757,35.62492],[135.867841,35.617753],[135.901847,35.62436],[135.909767,35.614963],[135.919441,35.60816],[135.939587,35.618439],[135.950938,35.628882],[135.971053,35.625981],[135.980574,35.630481],[135.981668,35.643638],[135.96354,35.655409],[135.973159,35.676211],[135.974371,35.690949],[135.970084,35.70299],[135.956448,35.700565],[135.956005,35.728325],[135.981544,35.739854],[136.019705,35.765347],[136.033563,35.746226],[136.031321,35.738076],[136.03889,35.722506],[136.046847,35.703722],[136.041958,35.691469],[136.031954,35.691626],[136.027006,35.680947],[136.043296,35.670167],[136.047459,35.658812],[136.069114,35.66188],[136.074621,35.679032],[136.081381,35.684194],[136.083595,35.690449],[136.082648,35.704395],[136.092398,35.715165],[136.092633,35.724639],[136.092958,35.743115],[136.099864,35.759833],[136.099457,35.775702],[136.088212,35.795294],[136.076683,35.811738],[136.070498,35.824749],[136.048808,35.838668],[136.012267,35.87098],[135.993454,35.885142],[135.995358,35.913108],[135.99438,35.935913],[135.970708,35.960064],[135.957286,35.973131],[135.963217,35.999923],[135.987343,36.011733],[136.000132,36.024187],[136.017914,36.05744],[136.031098,36.080715],[136.043611,36.110833],[136.09282,36.161363],[136.107549,36.185165],[136.120155,36.199755],[136.134845,36.224552],[136.119422,36.246444],[136.124173,36.253179],[136.144911,36.254279],[136.162627,36.252242],[136.196738,36.264362],[136.278667,36.322406],[136.298417,36.347278],[136.346779,36.365801],[136.382293,36.391071],[136.430186,36.432522],[136.639961,36.662601],[136.689685,36.730827],[136.760555,36.870599],[136.765634,36.889528],[136.765448,36.913397],[136.758238,36.919313],[136.750386,36.925729],[136.751959,36.935416],[136.760933,36.952398],[136.767613,36.980999],[136.75991,37.000087],[136.742288,37.013388],[136.73156,37.047649],[136.720448,37.054998],[136.718413,37.076261],[136.726736,37.126614],[136.720961,37.142048],[136.708564,37.149877],[136.69843,37.147597],[136.696266,37.136362],[136.676444,37.137401],[136.670259,37.149957],[136.674473,37.175472],[136.682009,37.19905],[136.690424,37.215008],[136.705577,37.228258],[136.697835,37.239543],[136.712771,37.251066],[136.726145,37.26964],[136.733217,37.285015],[136.724435,37.297491],[136.721531,37.32533],[136.749094,37.357917],[136.783767,37.373892],[136.842171,37.399533],[136.880799,37.407987],[136.903484,37.398323],[136.934766,37.399457],[137.044874,37.447916],[137.071535,37.453003],[137.091339,37.472635],[137.113841,37.487747],[137.255491,37.524594],[137.29571,37.53149],[137.340966,37.517094],[137.350874,37.506103],[137.343697,37.486667],[137.345299,37.47502],[137.358979,37.466635],[137.35613,37.453192],[137.351205,37.445676],[137.325136,37.439112],[137.307833,37.439809],[137.287253,37.442975],[137.268129,37.43649],[137.253601,37.429106],[137.245983,37.413556],[137.237364,37.379882],[137.248878,37.35726],[137.267486,37.355086],[137.265349,37.339807],[137.262545,37.326049],[137.255821,37.31526],[137.237668,37.301708],[137.230235,37.292141],[137.209181,37.293032],[137.165606,37.300834],[137.108721,37.28345],[137.092873,37.261366],[137.0713,37.238112],[137.070667,37.218644],[137.05437,37.210184],[137.032892,37.204664],[137.026952,37.191361],[137.014171,37.184882],[136.980235,37.196479],[136.960223,37.207339],[136.945883,37.217186],[136.956348,37.228067],[136.959954,37.23472],[136.95107,37.234483],[136.941806,37.22472],[136.930431,37.221625],[136.926524,37.213528],[136.916568,37.198207],[136.892598,37.173321],[136.880215,37.144153],[136.895668,37.138904],[136.893234,37.117534],[136.887753,37.110318],[136.868671,37.110912],[136.868117,37.089108],[136.860926,37.076775],[136.874685,37.069648],[136.893321,37.073065],[136.914236,37.082424],[136.933604,37.07982],[136.963227,37.051744],[136.980126,37.04686],[137.003992,37.055458],[137.024298,37.095409],[137.038687,37.102821],[137.04713,37.098822],[137.053966,37.07982],[137.048844,37.022926],[137.054446,36.96675],[137.027415,36.938843],[137.02504,36.913947],[136.987742,36.871022],[137.005544,36.835924],[137.052915,36.811044],[137.080696,36.790087],[137.12802,36.77684],[137.156993,36.76081],[137.197288,36.758125],[137.241442,36.765068],[137.298673,36.757009],[137.333344,36.762726],[137.35053,36.782309],[137.383606,36.800145],[137.394905,36.827223],[137.408356,36.845204],[137.412971,36.862011],[137.419531,36.877335],[137.413765,36.896892],[137.427108,36.922011],[137.447602,36.933539],[137.499347,36.955742],[137.586733,36.969894],[137.683279,36.987982],[137.807545,37.030805],[137.896739,37.057522],[137.999374,37.111054],[138.053396,37.130113],[138.076834,37.149726],[138.097502,37.171059],[138.164433,37.161699],[138.206953,37.169205],[138.244895,37.183789],[138.325103,37.231043],[138.437516,37.322037],[138.550629,37.377916],[138.577973,37.402899],[138.59683,37.435294],[138.62254,37.477543],[138.659735,37.524433],[138.718272,37.564846],[138.746593,37.596869],[138.765636,37.63467],[138.809426,37.760772],[138.827024,37.797287],[138.857677,37.827826],[138.930394,37.874923],[139.059881,37.945942],[139.068193,37.955094],[139.091339,37.954658],[139.132466,37.958829],[139.215943,37.989934],[139.239062,38.003155],[139.304535,38.041938],[139.408051,38.131903],[139.425141,38.151272],[139.432384,38.169135],[139.462169,38.374986],[139.47283,38.412502],[139.492686,38.454169],[139.529959,38.508002],[139.580089,38.606879],[139.599215,38.648254],[139.627059,38.681214],[139.716156,38.745673],[139.747406,38.778957],[139.773844,38.817117],[139.815274,38.941063],[139.857564,39.032284],[139.867306,39.062222],[139.874034,39.098456],[139.880626,39.114732],[139.891938,39.133205],[139.895844,39.152289],[139.89796,39.193305],[139.903581,39.224939],[139.916843,39.262499],[139.93181,39.287112],[139.96358,39.29882],[139.99531,39.327329],[140.020242,39.407581],[140.048577,39.50467],[140.059334,39.698066],[140.059296,39.727492],[140.039117,39.769282],[140.03909,39.793283],[140.027599,39.82453],[140.004568,39.850898],[139.966482,39.880072],[139.921397,39.898505],[139.877452,39.892808],[139.864268,39.882229],[139.854828,39.870836],[139.843761,39.861762],[139.825531,39.858059],[139.760102,39.858059],[139.751801,39.866278],[139.738129,39.891913],[139.730154,39.902737],[139.708669,39.924262],[139.704172,39.945157],[139.719438,39.952141],[139.70099,39.960661],[139.697731,39.988566],[139.700639,40.005636],[139.743452,39.982464],[139.800466,39.962592],[139.822113,39.961086],[139.866925,39.984297],[139.904193,40.017695],[139.978038,40.125474],[139.9935,40.169623],[139.988611,40.191114],[140.002842,40.22244],[140.011152,40.235458],[140.019899,40.33321],[140.024263,40.355016],[140.011734,40.367859],[139.998577,40.37716],[139.963455,40.403923],[139.946056,40.41885],[139.942638,40.434394],[139.945649,40.478095],[139.943533,40.52143],[139.942786,40.544586],[139.930978,40.554438],[139.928503,40.57097],[139.915155,40.586173],[139.876396,40.583438],[139.856781,40.590155],[139.860362,40.608791],[139.880385,40.625233],[139.900297,40.642475],[139.925842,40.646821],[139.938624,40.66985],[139.95954,40.677693],[139.970137,40.69365],[139.986877,40.7179],[139.998156,40.742104],[140.045977,40.76777],[140.06931,40.765583],[140.095138,40.749274],[140.107618,40.744073],[140.122359,40.744766],[140.140139,40.749576],[140.154774,40.761448],[140.198038,40.786453],[140.219088,40.778335],[140.240571,40.783515],[140.258067,40.79564],[140.270763,40.812405],[140.296641,40.873765],[140.309255,40.936225],[140.316254,40.954413],[140.315115,40.978502],[140.319238,40.999722],[140.321922,41.027445],[140.324834,41.027461],[140.340994,41.005072],[140.349826,40.998257],[140.362286,40.992879],[140.369594,40.986055],[140.382335,40.988267],[140.37588,41.012368],[140.369629,41.021662],[140.376861,41.028009],[140.385582,41.029425],[140.396511,41.027013],[140.407793,41.025698],[140.404462,41.034181],[140.398987,41.039372],[140.378972,41.038167],[140.368054,41.038385],[140.350586,41.038844],[140.344356,41.044022],[140.340665,41.050035],[140.333785,41.045611],[140.326905,41.041187],[140.323956,41.045285],[140.322645,41.070508],[140.321852,41.082921],[140.300162,41.111277],[140.281795,41.119202],[140.26473,41.120997],[140.248095,41.123361],[140.245477,41.133874],[140.256184,41.138897],[140.281505,41.140367],[140.303971,41.136681],[140.320433,41.14978],[140.329367,41.172113],[140.332774,41.191311],[140.32838,41.201321],[140.330089,41.211859],[140.332779,41.237153],[140.341006,41.246463],[140.338221,41.258896],[140.342283,41.265731],[140.359148,41.25395],[140.379064,41.244114],[140.391481,41.240443],[140.409434,41.224677],[140.435802,41.198147],[140.462248,41.183887],[140.483674,41.183468],[140.511068,41.197719],[140.524756,41.219976],[140.548598,41.226243],[140.593907,41.220178],[140.632702,41.194258],[140.642666,41.171379],[140.637011,41.144747],[140.634613,41.115465],[140.631033,41.105658],[140.631521,41.093085],[140.636974,41.071926],[140.641287,41.04149],[140.654552,41.00849],[140.673025,40.895575],[140.703122,40.853292],[140.752403,40.835187],[140.799223,40.839081],[140.830749,40.866838],[140.852068,40.883849],[140.870726,40.915135],[140.865709,40.922268],[140.862933,40.933564],[140.866885,40.940992],[140.870837,40.944852],[140.862808,40.947269],[140.853601,40.944919],[140.847246,40.947608],[140.84052,40.952972],[140.849216,40.956249],[140.861488,40.957134],[140.859488,40.965185],[140.861052,40.972043],[140.870963,40.977978],[140.868535,40.984267],[140.872102,40.989024],[140.882332,41.007822],[140.888675,41.010778],[140.902885,41.008996],[140.914406,40.996098],[140.938836,40.994341],[140.948703,40.990748],[140.957775,40.977915],[140.966432,40.969602],[140.981402,40.959769],[140.98179,40.953812],[140.979816,40.951732],[140.979421,40.951435],[140.976654,40.946087],[140.975066,40.937755],[140.979796,40.935664],[140.990977,40.934312],[141.010997,40.929511],[141.034936,40.918338],[141.047156,40.91475],[141.058222,40.916523],[141.068076,40.910848],[141.073919,40.900121],[141.083705,40.886413],[141.092767,40.881631],[141.111346,40.872633],[141.126269,40.872919],[141.147145,40.87884],[141.163776,40.891308],[141.185249,40.911215],[141.2264,40.987443],[141.236407,41.015722],[141.241903,41.082742],[141.247895,41.098131],[141.246366,41.106862],[141.252347,41.118759],[141.263463,41.126173],[141.272238,41.136578],[141.277882,41.15533],[141.27048,41.185204],[141.256101,41.211237],[141.235467,41.237973],[141.205911,41.26472],[141.183375,41.277063],[141.161232,41.278467],[141.152461,41.26398],[141.145978,41.255508],[141.136963,41.246697],[141.137639,41.242714],[141.143854,41.241663],[141.149636,41.248748],[141.156113,41.254796],[141.159115,41.256694],[141.158871,41.253232],[141.157009,41.248214],[141.14683,41.236289],[141.113372,41.214363],[141.094737,41.210265],[141.072376,41.196617],[141.058076,41.183068],[141.034135,41.185861],[141.005633,41.195763],[140.992054,41.193352],[140.977562,41.196478],[140.963068,41.189903],[140.946265,41.173289],[140.907789,41.173645],[140.890785,41.16378],[140.875356,41.166549],[140.86273,41.164123],[140.828502,41.146107],[140.814525,41.128462],[140.798155,41.128578],[140.765796,41.145019],[140.765301,41.184627],[140.765554,41.195956],[140.778168,41.206855],[140.784699,41.235148],[140.780396,41.251934],[140.793093,41.278422],[140.799284,41.303005],[140.803214,41.321187],[140.803148,41.329544],[140.815173,41.337562],[140.823631,41.36471],[140.827309,41.387559],[140.836951,41.418222],[140.853338,41.430339],[140.883828,41.46741],[140.89796,41.476142],[140.901052,41.481024],[140.907102,41.500799],[140.905716,41.513089],[140.899462,41.524175],[140.903629,41.528154],[140.907093,41.538548],[140.913572,41.546857],[140.926998,41.533325],[140.9508,41.521911],[140.964417,41.509077],[140.978057,41.497659],[140.993016,41.491068],[141.00334,41.487085],[141.021265,41.484118],[141.065307,41.481116],[141.10775,41.463869],[141.142909,41.433225],[141.159664,41.417123],[141.179954,41.405621],[141.184021,41.397415],[141.194998,41.387152],[141.235666,41.367585],[141.276096,41.353196],[141.317919,41.353047],[141.348811,41.36022],[141.382161,41.3726],[141.410353,41.390388],[141.431332,41.406088],[141.448197,41.418404],[141.460579,41.430223],[141.463866,41.426023],[141.466921,41.419328],[141.460431,41.413356],[141.463442,41.403817],[141.461849,41.400484],[141.453814,41.396351],[141.455595,41.391964],[141.459884,41.387963],[141.457465,41.377473],[141.445284,41.366184],[141.439884,41.351176],[141.431918,41.330021],[141.423794,41.312707],[141.408917,41.256677],[141.404284,41.230652],[141.403767,41.220633],[141.390817,41.161011],[141.394607,41.1382],[141.398285,41.128119],[141.394465,41.116468],[141.39473,41.102885],[141.396359,41.091731],[141.386307,41.030362],[141.388063,40.977232],[141.390262,40.933933],[141.393043,40.92175],[141.405553,40.816823],[141.423156,40.725772],[141.437387,40.670141],[141.470398,40.593418],[141.482412,40.574069],[141.49164,40.562327],[141.519696,40.537986],[141.532504,40.531398],[141.548214,40.531595],[141.559395,40.539399],[141.57555,40.542279],[141.582101,40.532799],[141.589261,40.522105],[141.623709,40.50137],[141.681,40.450995],[141.690929,40.442288],[141.719141,40.412835],[141.726085,40.393793],[141.743777,40.383922],[141.753574,40.369491],[141.758556,40.358954],[141.772797,40.33393],[141.775564,40.327582],[141.778494,40.315497],[141.785655,40.306871],[141.803477,40.290025],[141.830414,40.251166],[141.84197,40.225775],[141.834239,40.214342],[141.824474,40.211005],[141.815196,40.202867],[141.810232,40.192776],[141.813324,40.18358],[141.825938,40.175686],[141.852794,40.167222],[141.865001,40.159735],[141.877208,40.139309],[141.865896,40.127265],[141.847423,40.115139],[141.837576,40.09455],[141.842459,40.07038],[141.854991,40.054999],[141.919607,40.008857],[141.930349,40.004096],[141.941173,40.001451],[141.949555,39.996568],[141.955333,39.974921],[141.959646,39.964301],[141.961436,39.953681],[141.956798,39.943752],[141.945079,39.931301],[141.942231,39.924506],[141.952973,39.90644],[141.959239,39.898383],[141.966075,39.89175],[141.971853,39.883002],[141.975434,39.8522],[141.978689,39.839301],[142.002289,39.777574],[142.004893,39.772691],[142.003917,39.767401],[142.006847,39.760443],[142.0088,39.752753],[142.004893,39.745063],[141.993907,39.735297],[141.991222,39.730455],[141.983897,39.706977],[141.980968,39.662543],[141.978282,39.647854],[141.964854,39.625718],[141.96046,39.61164],[141.966319,39.598456],[142.012462,39.63581],[142.036143,39.638983],[142.031016,39.629625],[142.028982,39.622992],[142.030772,39.617499],[142.036143,39.61164],[142.027354,39.594713],[142.030772,39.584174],[142.059093,39.562893],[142.064138,39.559882],[142.068126,39.556383],[142.070323,39.550198],[142.069347,39.540473],[142.064708,39.536444],[142.059337,39.533271],[142.056651,39.526028],[142.050304,39.522691],[142.015147,39.488715],[141.999278,39.481024],[141.966319,39.47134],[141.952973,39.460761],[141.970876,39.443264],[141.996267,39.445258],[142.018891,39.459377],[142.028819,39.477932],[142.036388,39.483791],[142.050629,39.476996],[142.058442,39.466295],[142.046153,39.460761],[142.039887,39.454576],[142.038341,39.440253],[142.038097,39.424018],[142.031586,39.417304],[142.01059,39.415717],[142.00115,39.413642],[141.99171,39.414374],[141.980968,39.412421],[141.97169,39.406968],[141.950206,39.391547],[141.938731,39.385077],[141.964122,39.375556],[141.95338,39.362006],[141.926931,39.346422],[141.905284,39.330471],[141.924653,39.324897],[141.946788,39.33039],[141.967133,39.340969],[141.980968,39.350979],[141.983653,39.327135],[141.963715,39.312567],[141.914887,39.294867],[141.922862,39.290473],[141.928884,39.283881],[141.932628,39.275214],[141.924327,39.275824],[141.907237,39.274563],[141.899099,39.275214],[141.898204,39.262112],[141.899099,39.248521],[141.931488,39.247707],[141.947032,39.249701],[141.946788,39.248521],[141.949229,39.228013],[141.930024,39.212226],[141.90211,39.204332],[141.878673,39.207587],[141.881684,39.19245],[141.893728,39.186754],[141.92628,39.187079],[141.915782,39.169989],[141.895193,39.159369],[141.869477,39.153957],[141.843761,39.15233],[141.861095,39.138414],[141.908865,39.109768],[141.913341,39.097724],[141.890473,39.089545],[141.83546,39.104315],[141.817149,39.090888],[141.859711,39.07331],[141.871837,39.062934],[141.860525,39.059231],[141.848481,39.057034],[141.836111,39.05622],[141.823253,39.056708],[141.823253,39.049262],[141.833995,39.04442],[141.848155,39.035102],[141.855724,39.026068],[141.847423,39.021959],[141.806488,39.029486],[141.766368,39.024848],[141.745616,39.02619],[141.727712,39.036282],[141.728201,39.021715],[141.733653,39.010199],[141.741466,38.999498],[141.74822,38.98786],[141.736664,38.989325],[141.727061,38.987616],[141.71339,38.974189],[141.728282,38.969916],[141.733897,38.960517],[141.730235,38.951158],[141.717133,38.946845],[141.704112,38.950588],[141.690929,38.959621],[141.680024,38.970771],[141.673106,38.981024],[141.686209,38.985907],[141.693614,38.995307],[141.651052,38.996812],[141.638357,38.985419],[141.640554,38.965196],[141.645274,38.923],[141.668793,38.872626],[141.673595,38.851955],[141.65211,38.864325],[141.649262,38.869086],[141.645681,38.882636],[141.6421,38.888495],[141.636729,38.891099],[141.631521,38.889716],[141.625255,38.886908],[141.617849,38.885443],[141.598643,38.885199],[141.588552,38.882229],[141.584483,38.873114],[141.583751,38.854438],[141.586192,38.83511],[141.589366,38.826077],[141.587087,38.819241],[141.573253,38.806586],[141.530528,38.780829],[141.521658,38.768134],[141.531993,38.763332],[141.538829,38.756252],[141.549083,38.74079],[141.567068,38.728827],[141.572602,38.718655],[141.566417,38.703559],[141.559744,38.69953],[141.554454,38.702582],[141.549083,38.707017],[141.542817,38.707261],[141.537852,38.704088],[141.525401,38.689927],[141.51588,38.684272],[141.491059,38.677558],[141.480724,38.672553],[141.463064,38.661363],[141.463145,38.655463],[141.473888,38.645209],[141.485199,38.640855],[141.532237,38.638414],[141.535167,38.632025],[141.528087,38.617906],[141.517751,38.603827],[141.511404,38.597398],[141.467052,38.569525],[141.483084,38.557318],[141.499034,38.541653],[141.514659,38.534817],[141.529145,38.549018],[141.542247,38.533433],[141.547618,38.518622],[141.54713,38.502143],[141.542817,38.481391],[141.531749,38.484076],[141.524181,38.489691],[141.518728,38.497952],[141.514822,38.508043],[141.500662,38.470445],[141.494965,38.460883],[141.500743,38.457913],[141.503266,38.454657],[141.504893,38.450995],[141.507986,38.446601],[141.482921,38.440619],[141.471446,38.435736],[141.47047,38.429511],[141.477224,38.418443],[141.476817,38.409735],[141.47755,38.401557],[141.487559,38.392035],[141.499034,38.399604],[141.518403,38.40233],[141.537608,38.398179],[141.549083,38.385159],[141.53419,38.389838],[141.520356,38.39053],[141.509044,38.385159],[141.501231,38.371527],[141.525238,38.359931],[141.529307,38.339545],[141.529796,38.317939],[141.542817,38.302639],[141.537364,38.295071],[141.525401,38.267808],[141.518565,38.270453],[141.491222,38.292385],[141.48463,38.2956],[141.469981,38.296088],[141.46339,38.299221],[141.459972,38.306342],[141.46339,38.312405],[141.46754,38.317816],[141.467052,38.323065],[141.457774,38.330878],[141.425548,38.343573],[141.430837,38.350246],[141.439708,38.371527],[141.428071,38.380439],[141.419444,38.380683],[141.410492,38.377916],[141.398123,38.377672],[141.386241,38.380845],[141.37615,38.385443],[141.35377,38.402248],[141.333181,38.409003],[141.304454,38.407904],[141.229503,38.39411],[141.202403,38.38581],[141.180919,38.371161],[141.17213,38.347317],[141.174978,38.324368],[141.169688,38.322821],[141.15211,38.323065],[141.147716,38.329495],[141.131847,38.371527],[141.12322,38.366523],[141.114594,38.364651],[141.105968,38.366156],[141.09783,38.371527],[141.079438,38.360907],[141.064708,38.346625],[141.05421,38.329169],[141.048676,38.309475],[141.05836,38.313707],[141.069591,38.314887],[141.079112,38.311591],[141.083507,38.302639],[141.080577,38.294908],[141.07252,38.289537],[141.062266,38.284735],[141.052745,38.278713],[141.017345,38.244859],[140.987966,38.207017],[140.966807,38.170478],[140.925792,38.049384],[140.91863,38.007229],[140.91977,37.965155],[140.932628,37.89175],[140.93336,37.889228],[140.959266,37.849959],[140.993259,37.799838],[141.004595,37.764406],[141.008149,37.75019],[141.017426,37.739976],[141.022227,37.726955],[141.021983,37.706732],[141.019054,37.698635],[141.009288,37.685248],[141.007823,37.67886],[141.011404,37.672268],[141.025157,37.657945],[141.028168,37.648098],[141.04184,37.377143],[141.036143,37.344713],[141.014415,37.27147],[141.014496,37.239976],[141.007823,37.226752],[141.007823,37.133857],[141.005138,37.12287],[140.987966,37.089789],[140.974376,37.001776],[140.960297,36.966213],[140.925792,36.93891],[140.917247,36.936469],[140.891775,36.932115],[140.85906,36.914008],[140.835216,36.908433],[140.820323,36.894355],[140.812266,36.891181],[140.804373,36.885972],[140.801931,36.874579],[140.802257,36.857001],[140.797293,36.846503],[140.793142,36.837551],[140.75172,36.785061],[140.741873,36.768459],[140.693858,36.617987],[140.638927,36.53974],[140.623546,36.50609],[140.610118,36.433905],[140.610525,36.418158],[140.623546,36.379625],[140.624766,36.363593],[140.616873,36.337795],[140.579382,36.304759],[140.564107,36.283096],[140.566437,36.245837],[140.57838,36.160956],[140.609902,36.095057],[140.646034,36.01332],[140.789317,35.808661],[140.830821,35.761054],[140.841645,35.742418],[140.85255,35.737535],[140.859467,35.735378],[140.865001,35.733629],[140.874278,35.729234],[140.879405,35.720526],[140.868762,35.696754],[140.860665,35.687791],[140.846853,35.695258],[140.840211,35.704379],[140.828301,35.713969],[140.803144,35.709371],[140.77089,35.697051],[140.720789,35.682517],[140.716261,35.698791],[140.661056,35.688635],[140.596162,35.652075],[140.483467,35.565991],[140.42322,35.490644],[140.385919,35.380999],[140.40504,35.328925],[140.413097,35.301215],[140.404084,35.259509],[140.398838,35.222095],[140.394195,35.196592],[140.37763,35.176357],[140.348935,35.180516],[140.33048,35.157783],[140.333537,35.142348],[140.321214,35.130394],[140.303349,35.133403],[140.294368,35.146639],[140.27891,35.131988],[140.253325,35.134624],[140.237381,35.11243],[140.200067,35.114984],[140.155513,35.118075],[140.134603,35.122645],[140.105953,35.097603],[140.100805,35.075751],[140.075488,35.059269],[140.055537,35.058868],[140.021156,35.038429],[139.990968,35.020502],[139.980573,35.007514],[139.97487,34.990197],[139.964064,34.97596],[139.964648,34.959285],[139.962139,34.940851],[139.952388,34.927974],[139.94304,34.91865],[139.926396,34.907357],[139.9008,34.903013],[139.882939,34.901305],[139.870644,34.904727],[139.855791,34.902436],[139.8431,34.899982],[139.838145,34.90469],[139.821984,34.91211],[139.824965,34.921371],[139.823182,34.934922],[139.810831,34.94354],[139.778812,34.954139],[139.756994,34.956284],[139.752439,34.964738],[139.752777,34.975809],[139.765304,34.9765],[139.783622,34.974251],[139.794454,34.973449],[139.808513,34.976166],[139.820447,34.981368],[139.827105,34.990194],[139.840303,34.991003],[139.858653,34.986802],[139.865489,34.990546],[139.869965,34.999335],[139.867686,35.013332],[139.855968,35.020819],[139.835785,35.027248],[139.834646,35.037421],[139.846202,35.04682],[139.84962,35.05801],[139.847423,35.069322],[139.838064,35.088324],[139.835785,35.09927],[139.836436,35.135199],[139.818974,35.157663],[139.822113,35.1706],[139.819435,35.185048],[139.824609,35.199064],[139.851957,35.214668],[139.865151,35.224099],[139.866327,35.246205],[139.848318,35.271715],[139.849334,35.293554],[139.808138,35.305485],[139.782153,35.314177],[139.781003,35.318061],[139.80219,35.31735],[139.824158,35.328424],[139.824668,35.347009],[139.838745,35.359299],[139.844777,35.376205],[139.892743,35.364184],[139.907865,35.378719],[139.907315,35.392304],[139.900121,35.423104],[139.912823,35.434436],[139.940756,35.442518],[139.958672,35.45621],[139.982337,35.458668],[140.005859,35.473427],[140.020118,35.49121],[140.041455,35.513773],[140.071887,35.542857],[140.090156,35.540849],[140.097822,35.555322],[140.102049,35.567087],[140.08612,35.566805],[140.083018,35.585598],[140.0796,35.603583],[140.063827,35.615342],[140.047615,35.630775],[140.032878,35.640995],[140.00895,35.65976],[139.995779,35.656684],[139.983614,35.668645],[139.950414,35.672592],[139.920532,35.662067],[139.939579,35.636891],[139.912071,35.624087],[139.897168,35.614374],[139.891124,35.623114],[139.879405,35.625067],[139.87086,35.631293],[139.864243,35.632068],[139.850271,35.637519],[139.843272,35.628892],[139.837277,35.61455],[139.823888,35.622951],[139.820357,35.638049],[139.806825,35.638193],[139.800304,35.618638],[139.789147,35.603243],[139.774855,35.617637],[139.775625,35.641104],[139.765272,35.65351],[139.758162,35.631564],[139.768809,35.600979],[139.784804,35.580466],[139.785005,35.568165],[139.799056,35.54001],[139.786876,35.527167],[139.788097,35.513251],[139.786632,35.511542],[139.778575,35.501858],[139.74455,35.484305],[139.714077,35.464731],[139.688222,35.461107],[139.666897,35.467934],[139.651622,35.464586],[139.642302,35.454261],[139.662219,35.446481],[139.680545,35.438386],[139.687397,35.432176],[139.682043,35.418811],[139.68686,35.400702],[139.674571,35.400824],[139.649996,35.410551],[139.635792,35.401632],[139.642142,35.388481],[139.657238,35.377022],[139.654633,35.339423],[139.649669,35.326646],[139.650238,35.31037],[139.648358,35.297891],[139.657505,35.286647],[139.66439,35.298781],[139.676899,35.291537],[139.694184,35.268744],[139.734228,35.265203],[139.745453,35.248969],[139.725922,35.233303],[139.72934,35.229315],[139.730968,35.225898],[139.73227,35.222561],[139.728025,35.207084],[139.688796,35.209134],[139.666456,35.193893],[139.660589,35.178232],[139.670584,35.15998],[139.680349,35.149604],[139.685069,35.140448],[139.675059,35.136461],[139.664317,35.134833],[139.641514,35.139634],[139.625336,35.131781],[139.616285,35.134002],[139.611452,35.141973],[139.61607,35.152622],[139.614302,35.174043],[139.601793,35.201835],[139.623959,35.211617],[139.619918,35.21974],[139.604323,35.224234],[139.597595,35.238688],[139.569498,35.268857],[139.566254,35.276068],[139.560681,35.286928],[139.548513,35.287909],[139.544178,35.307893],[139.526603,35.302037],[139.506671,35.304173],[139.486664,35.300523],[139.466914,35.313319],[139.414856,35.318815],[139.330022,35.304476],[139.28205,35.296198],[139.233367,35.285324],[139.183538,35.263267],[139.145957,35.235227],[139.142426,35.184027],[139.158051,35.136461],[139.120771,35.150257],[139.088473,35.110058],[139.076732,35.075094],[139.075874,35.053177],[139.105968,35.049384],[139.101756,35.030542],[139.097091,35.011495],[139.086548,34.997305],[139.100603,34.974755],[139.130707,34.965155],[139.142589,34.942288],[139.148285,34.905097],[139.14088,34.870551],[139.119298,34.867389],[139.099073,34.856119],[139.08839,34.842271],[139.083995,34.828355],[139.074818,34.808969],[139.059086,34.79257],[139.051713,34.777788],[139.042983,34.767569],[139.026327,34.764247],[139.018989,34.75429],[139.010972,34.746621],[138.998759,34.733284],[139.002615,34.721829],[138.997081,34.715033],[138.98878,34.701402],[138.985606,34.683295],[138.987559,34.664781],[138.993663,34.649848],[138.982432,34.644477],[138.972667,34.645819],[138.964854,34.652533],[138.940826,34.661107],[138.895979,34.629046],[138.860949,34.613498],[138.835297,34.595893],[138.819998,34.602362],[138.806,34.613674],[138.794688,34.626288],[138.77139,34.647314],[138.777843,34.663316],[138.773936,34.670966],[138.766856,34.676215],[138.759044,34.678453],[138.751964,34.682074],[138.746593,34.691474],[138.745942,34.709174],[138.744001,34.728892],[138.756242,34.73747],[138.761829,34.748282],[138.774262,34.751288],[138.758761,34.782704],[138.748127,34.813209],[138.757893,34.829702],[138.762218,34.846422],[138.760265,34.849066],[138.760509,34.869371],[138.753839,34.879467],[138.762996,34.893987],[138.776787,34.904828],[138.789806,34.906806],[138.778494,34.922024],[138.773936,34.931627],[138.763693,34.956056],[138.761894,34.979903],[138.776802,35.003161],[138.78609,35.026439],[138.826595,35.023625],[138.855416,35.019027],[138.875128,35.020094],[138.893809,35.020006],[138.907563,35.030666],[138.853435,35.078222],[138.838537,35.099526],[138.803332,35.121909],[138.74422,35.134843],[138.696186,35.138976],[138.663632,35.127144],[138.63727,35.115985],[138.586786,35.11436],[138.554082,35.096069],[138.527651,35.050808],[138.497883,35.03257],[138.494883,35.000731],[138.50701,34.991072],[138.507023,35.011893],[138.520982,35.019373],[138.531617,35.016924],[138.514293,34.980178],[138.468363,34.95907],[138.429755,34.944734],[138.400505,34.932496],[138.367108,34.917309],[138.353353,34.904115],[138.346866,34.888189],[138.336436,34.874091],[138.328298,34.855292],[138.330089,34.845404],[138.340831,34.826483],[138.325889,34.807908],[138.314873,34.798369],[138.293228,34.765774],[138.249506,34.739023],[138.215989,34.712283],[138.201671,34.660102],[138.193614,34.641506],[138.200938,34.621568],[138.225052,34.616301],[138.240328,34.602561],[138.23329,34.594589],[138.190176,34.601228],[138.047237,34.65464],[137.967585,34.66654],[137.892798,34.667697],[137.792166,34.63939],[137.683506,34.670755],[137.595063,34.677191],[137.546998,34.677289],[137.427557,34.667746],[137.339703,34.647448],[137.140727,34.589289],[137.095821,34.593234],[137.044822,34.58063],[137.031505,34.579413],[137.016095,34.578785],[137.023596,34.590779],[137.029642,34.598015],[137.042486,34.617579],[137.05222,34.646803],[137.07283,34.664599],[137.101085,34.639146],[137.104503,34.632025],[137.11085,34.625434],[137.118699,34.633708],[137.12102,34.637661],[137.137031,34.645578],[137.153168,34.651313],[137.167654,34.656684],[137.197435,34.673934],[137.241111,34.696678],[137.259716,34.704145],[137.282255,34.731179],[137.298226,34.728215],[137.299671,34.706847],[137.295678,34.691204],[137.303452,34.689429],[137.30996,34.706598],[137.309256,34.725664],[137.33259,34.720338],[137.340819,34.726543],[137.312339,34.736675],[137.320815,34.755252],[137.324316,34.766845],[137.321544,34.773383],[137.297928,34.797191],[137.279959,34.808092],[137.266505,34.803139],[137.24581,34.809641],[137.222827,34.816263],[137.207715,34.80258],[137.194432,34.806999],[137.190843,34.788681],[137.188739,34.770112],[137.170839,34.763865],[137.171471,34.78405],[137.157474,34.781165],[137.140533,34.787813],[137.121549,34.788343],[137.10144,34.784596],[137.087447,34.776028],[137.072709,34.784964],[137.050166,34.777606],[137.028817,34.780157],[137.018248,34.783289],[137.002289,34.802395],[136.995616,34.808092],[136.976626,34.825507],[136.958231,34.832352],[136.962404,34.857996],[136.982595,34.898261],[136.978852,34.924221],[136.969493,34.911607],[136.956798,34.884833],[136.938487,34.860989],[136.931,34.846422],[136.925746,34.828271],[136.915564,34.77596],[136.926606,34.763617],[136.937266,34.746039],[136.96265,34.734964],[136.971857,34.713404],[136.971497,34.696411],[136.945392,34.698471],[136.913204,34.710874],[136.87811,34.72852],[136.855968,34.739814],[136.844594,34.752548],[136.842886,34.769077],[136.853014,34.787595],[136.856975,34.804758],[136.864734,34.821545],[136.864264,34.836526],[136.856286,34.856495],[136.843418,34.871163],[136.827726,34.871941],[136.822938,34.895623],[136.821766,34.919494],[136.822247,34.9383],[136.823465,34.954855],[136.833294,34.972092],[136.843814,34.989481],[136.856906,35.008037],[136.865881,35.02569],[136.879859,35.043837],[136.882796,35.071048],[136.88573,35.089195],[136.871821,35.093395],[136.85706,35.061787],[136.848865,35.039469],[136.844126,35.060767],[136.843152,35.075043],[136.830118,35.078831],[136.839327,35.03252],[136.813021,35.027386],[136.808959,35.048831],[136.799466,35.048559],[136.7979,35.024069],[136.778469,35.020402],[136.751801,35.02615],[136.744802,35.023424],[136.725597,35.027248],[136.681163,35.000922],[136.65919,34.983954],[136.649913,34.968899],[136.648692,34.962592],[136.643565,34.953192],[136.642426,34.948065],[136.644786,34.942369],[136.661667,34.940505],[136.645551,34.929787],[136.64826,34.9116],[136.639316,34.889049],[136.616115,34.853501],[136.565012,34.800119],[136.53494,34.765695],[136.527354,34.721259],[136.521658,34.701728],[136.519542,34.680854],[136.521658,34.676093],[136.532237,34.660142],[136.536306,34.656684],[136.546397,34.651597],[136.545665,34.639879],[136.541189,34.626207],[136.54005,34.615709],[136.551036,34.601996],[136.568126,34.596381],[136.612071,34.595893],[136.632986,34.591132],[136.648774,34.579739],[136.662608,34.565985],[136.677094,34.554267],[136.752289,34.513332],[136.803559,34.495266],[136.814464,34.486029],[136.824962,34.489447],[136.838878,34.489163],[136.852306,34.485541],[136.862153,34.479193],[136.868907,34.467353],[136.870779,34.456855],[136.873546,34.447089],[136.883311,34.437567],[136.896332,34.433417],[136.906993,34.434638],[136.916026,34.433987],[136.924327,34.423977],[136.925792,34.412909],[136.916759,34.376166],[136.904633,34.381171],[136.893077,34.382392],[136.883149,34.378852],[136.875255,34.36933],[136.879893,34.362738],[136.887218,34.357082],[136.897227,34.353949],[136.909923,34.355048],[136.894379,34.342719],[136.888682,34.336168],[136.883311,34.328315],[136.891287,34.317694],[136.897797,34.300971],[136.900238,34.282538],[136.895681,34.266913],[136.885997,34.260443],[136.850841,34.249254],[136.83546,34.246405],[136.818533,34.247626],[136.7942,34.253119],[136.775157,34.261868],[136.773448,34.273098],[136.787934,34.277411],[136.809255,34.273871],[136.8296,34.266547],[136.841645,34.259467],[136.83961,34.266059],[136.838064,34.275336],[136.83546,34.280504],[136.848481,34.273098],[136.856212,34.294176],[136.846446,34.307563],[136.827403,34.312405],[136.807465,34.307847],[136.809825,34.301093],[136.809744,34.297919],[136.80836,34.294623],[136.807465,34.28734],[136.773448,34.307847],[136.756602,34.296088],[136.725841,34.291002],[136.702647,34.295152],[136.708263,34.310981],[136.723399,34.331285],[136.706798,34.334296],[136.67628,34.326402],[136.649913,34.314114],[136.668142,34.309556],[136.667003,34.297919],[136.654796,34.286038],[136.622895,34.274604],[136.608084,34.264594],[136.59254,34.262641],[136.574067,34.280504],[136.568207,34.274319],[136.563975,34.271715],[136.561534,34.268378],[136.560557,34.259467],[136.532888,34.271674],[136.52296,34.273098],[136.517751,34.261217],[136.512218,34.252183],[136.50587,34.246405],[136.514822,34.229804],[136.50294,34.229071],[136.47169,34.238959],[136.427257,34.213772],[136.416515,34.20425],[136.384288,34.20425],[136.336681,34.184027],[136.299001,34.154283],[136.297048,34.125678],[136.30836,34.117825],[136.316417,34.114325],[136.319021,34.108832],[136.313487,34.094957],[136.308442,34.090033],[136.300304,34.085679],[136.291189,34.082506],[136.283458,34.081285],[136.273123,34.085842],[136.260753,34.105129],[136.252696,34.108588],[136.246349,34.103583],[136.230235,34.082099],[136.218516,34.075141],[136.218516,34.067613],[136.233084,34.067776],[136.243826,34.064154],[136.250499,34.056342],[136.252696,34.043443],[136.270763,34.028144],[136.279796,34.01732],[136.276622,34.012397],[136.274587,34.006741],[136.275401,33.979967],[136.273204,33.971422],[136.258637,33.965888],[136.247325,33.971503],[136.238617,33.982489],[136.232188,33.99315],[136.219005,33.981147],[136.204845,33.971422],[136.204845,33.965237],[136.22755,33.961737],[136.234711,33.948432],[136.228526,33.938381],[136.211111,33.94477],[136.206309,33.926947],[136.198904,33.920885],[136.164806,33.916164],[136.160492,33.913398],[136.15268,33.906236],[136.142589,33.893622],[136.136974,33.89057],[136.125743,33.889553],[136.104744,33.891411],[136.069317,33.847044],[136.017075,33.733899],[135.993744,33.686265],[135.990571,33.682522],[135.980724,33.652981],[135.961599,33.642524],[135.957286,33.625718],[135.937067,33.617473],[135.938736,33.603948],[135.959871,33.593088],[135.946071,33.57781],[135.912535,33.547687],[135.894209,33.541642],[135.884776,33.528998],[135.828063,33.513648],[135.809184,33.505037],[135.797993,33.495161],[135.782969,33.472891],[135.790216,33.453391],[135.789263,33.441062],[135.772024,33.444919],[135.76002,33.433336],[135.753846,33.451577],[135.770752,33.468229],[135.765571,33.481545],[135.668224,33.490465],[135.637543,33.494615],[135.490763,33.541227],[135.444835,33.550849],[135.40919,33.574205],[135.397505,33.582587],[135.387324,33.594067],[135.386813,33.607839],[135.392345,33.618883],[135.380707,33.637112],[135.375011,33.643134],[135.369395,33.644965],[135.358662,33.654207],[135.341967,33.657211],[135.327695,33.671193],[135.342945,33.693898],[135.379214,33.698111],[135.402354,33.701117],[135.391612,33.713568],[135.340831,33.745307],[135.321388,33.752924],[135.312102,33.765529],[135.294021,33.763716],[135.264345,33.781316],[135.232583,33.781998],[135.229848,33.798554],[135.196462,33.814765],[135.17335,33.838324],[135.152758,33.875854],[135.118684,33.892939],[135.10012,33.88984],[135.065454,33.885572],[135.05886,33.880033],[135.061307,33.88988],[135.066497,33.896408],[135.057362,33.901298],[135.064238,33.90602],[135.079127,33.906025],[135.077992,33.918552],[135.06956,33.930667],[135.084717,33.942214],[135.101222,33.954438],[135.094976,33.958691],[135.077335,33.958985],[135.075737,33.977488],[135.091998,33.992036],[135.113277,33.993387],[135.127935,33.998605],[135.153168,34.009752],[135.161632,34.02497],[135.162771,34.03974],[135.153087,34.04857],[135.133311,34.058295],[135.111095,34.065741],[135.094493,34.067613],[135.114919,34.101793],[135.117361,34.10342],[135.125499,34.106147],[135.128673,34.108588],[135.130544,34.113227],[135.130626,34.122382],[135.122839,34.137101],[135.148771,34.138076],[135.187022,34.135932],[135.189952,34.149604],[135.179698,34.165839],[135.165855,34.186723],[135.148774,34.185614],[135.135427,34.227688],[135.119629,34.242202],[135.092668,34.259887],[135.061044,34.267275],[135.0713,34.285793],[135.105031,34.318117],[135.208985,34.342278],[135.256564,34.376755],[135.281298,34.397428],[135.31969,34.428758],[135.353477,34.467483],[135.372562,34.484513],[135.374279,34.507756],[135.373208,34.518932],[135.390997,34.523649],[135.399138,34.532932],[135.408324,34.540975],[135.414379,34.558125],[135.415234,34.579968],[135.415782,34.609612],[135.407318,34.634201],[135.403591,34.658912],[135.412934,34.692084],[135.397574,34.686214],[135.381214,34.681263],[135.363244,34.689071],[135.341267,34.70851],[135.317485,34.706958],[135.286863,34.705443],[135.287301,34.67997],[135.253605,34.676998],[135.25489,34.70091],[135.220067,34.690774],[135.242349,34.650752],[135.210902,34.65518],[135.204403,34.677261],[135.18603,34.674909],[135.183976,34.651156],[135.111312,34.640382],[135.079546,34.627776],[135.045769,34.624967],[135.016846,34.642156],[134.979259,34.641018],[134.960297,34.643622],[134.937025,34.667369],[134.907625,34.677606],[134.888357,34.691474],[134.833344,34.721381],[134.800466,34.730902],[134.76238,34.756985],[134.744395,34.766547],[134.6963,34.77619],[134.566905,34.766547],[134.559906,34.768297],[134.554454,34.771633],[134.549083,34.773261],[134.542654,34.769965],[134.537852,34.766547],[134.531505,34.763129],[134.524913,34.760647],[134.519054,34.759711],[134.50587,34.760972],[134.49586,34.764553],[134.490489,34.77261],[134.491222,34.787055],[134.484548,34.785305],[134.478201,34.781928],[134.473155,34.776842],[134.471365,34.769965],[134.470063,34.761786],[134.467052,34.760972],[134.462576,34.76203],[134.457042,34.759711],[134.431407,34.730455],[134.422862,34.725572],[134.408702,34.726264],[134.398204,34.731513],[134.389659,34.737372],[134.381358,34.739814],[134.368419,34.735989],[134.357758,34.727362],[134.352224,34.716254],[134.354015,34.705146],[134.326671,34.704332],[134.276378,34.715237],[134.247813,34.718166],[134.220714,34.728461],[134.208751,34.728013],[134.216807,34.7119],[134.226899,34.707913],[134.278819,34.698228],[134.271007,34.696275],[134.251638,34.693752],[134.244802,34.691474],[134.224457,34.66767],[134.220225,34.66352],[134.21225,34.661363],[134.1963,34.652004],[134.178233,34.64883],[134.170665,34.645982],[134.155284,34.636868],[134.16212,34.632229],[134.170258,34.630764],[134.179698,34.63231],[134.189464,34.636868],[134.177257,34.614447],[134.14796,34.596991],[134.113048,34.585639],[134.083669,34.581529],[134.069347,34.585842],[134.047374,34.604641],[134.028819,34.608873],[133.994395,34.60871],[133.979259,34.605902],[133.953868,34.593004],[133.936697,34.587226],[133.925141,34.577867],[133.929454,34.561103],[133.942556,34.555121],[133.957367,34.564439],[133.98406,34.589057],[134.000743,34.594468],[134.019298,34.596829],[134.035655,34.593411],[134.046153,34.581529],[134.045665,34.56391],[134.033458,34.552476],[134.017589,34.543647],[134.005138,34.53384],[134.00766,34.530504],[134.008637,34.528551],[134.011974,34.520087],[133.983165,34.528632],[133.966563,34.506415],[133.953868,34.473822],[133.93629,34.451239],[133.85906,34.462877],[133.821788,34.462144],[133.826427,34.437567],[133.794444,34.442939],[133.780528,34.463365],[133.768891,34.488023],[133.743826,34.505845],[133.736827,34.502387],[133.730479,34.506985],[133.725759,34.516425],[133.723399,34.527574],[133.716563,34.520087],[133.699962,34.525946],[133.685069,34.520087],[133.669444,34.51081],[133.640636,34.501695],[133.596202,34.482327],[133.586192,34.475735],[133.583344,34.468695],[133.576671,34.463324],[133.568858,34.459906],[133.550466,34.457017],[133.543305,34.45307],[133.538097,34.448554],[133.532074,34.445014],[133.470063,34.423977],[133.509288,34.462104],[133.522472,34.483059],[133.50115,34.492174],[133.490245,34.489569],[133.468516,34.476996],[133.456554,34.472357],[133.430349,34.472968],[133.419119,34.467922],[133.414806,34.451239],[133.422211,34.445014],[133.412446,34.424465],[133.341075,34.348049],[133.325531,34.336819],[133.295421,34.324897],[133.281749,34.321519],[133.269786,34.322414],[133.264659,34.331732],[133.269867,34.339179],[133.282237,34.342719],[133.295909,34.345038],[133.305512,34.348822],[133.314952,34.366034],[133.304698,34.37759],[133.283214,34.383124],[133.258474,34.38231],[133.258474,34.389797],[133.276622,34.40176],[133.266612,34.4206],[133.247325,34.4265],[133.229666,34.376166],[133.213227,34.363105]]],[[[138.287852,37.861029],[138.287852,37.905992],[138.298595,37.922431],[138.330821,37.95189],[138.34254,37.966864],[138.314789,37.997463],[138.247895,37.978502],[138.232677,38.007758],[138.232595,38.031317],[138.235606,38.052151],[138.242198,38.071479],[138.253103,38.090318],[138.294688,38.136176],[138.310069,38.168118],[138.329112,38.181952],[138.348155,38.192816],[138.3567,38.203599],[138.401866,38.241197],[138.428559,38.256293],[138.469412,38.313178],[138.478038,38.319566],[138.489513,38.322455],[138.514171,38.323065],[138.52003,38.318508],[138.519298,38.30744],[138.507091,38.241441],[138.486583,38.181301],[138.443858,38.10224],[138.438162,38.083482],[138.437511,38.063788],[138.443207,38.051947],[138.451508,38.052436],[138.459239,38.069892],[138.49464,38.066962],[138.540782,38.076728],[138.575206,38.074286],[138.575206,38.035102],[138.565929,38.016343],[138.524425,37.963446],[138.513194,37.94481],[138.500499,37.906684],[138.486501,37.89175],[138.370372,37.828762],[138.265147,37.798326],[138.243175,37.796129],[138.232595,37.797675],[138.222667,37.802232],[138.215099,37.809556],[138.212169,37.819403],[138.215505,37.830268],[138.223888,37.834174],[138.272146,37.842231],[138.283214,37.848334],[138.287852,37.861029]]],[[[141.489757,38.262844],[141.492361,38.257799],[141.498139,38.254706],[141.497406,38.250718],[141.499034,38.248481],[141.499034,38.246324],[141.497406,38.246365],[141.490245,38.250718],[141.479584,38.250718],[141.472504,38.258409],[141.465587,38.265692],[141.461274,38.267524],[141.456635,38.26911],[141.456554,38.273668],[141.459727,38.27969],[141.461436,38.282742],[141.464285,38.281806],[141.468598,38.284206],[141.480805,38.277981],[141.481781,38.273749],[141.487478,38.2685],[141.489757,38.262844]]],[[[141.562022,38.312852],[141.567068,38.310533],[141.574311,38.307359],[141.582205,38.304918],[141.585378,38.296739],[141.581147,38.286851],[141.582042,38.281643],[141.583425,38.276597],[141.575776,38.268175],[141.55893,38.281195],[141.546641,38.298977],[141.556814,38.309312],[141.562022,38.312852]]],[[[141.417979,38.311754],[141.421397,38.302558],[141.426606,38.294338],[141.410167,38.28559],[141.405772,38.293362],[141.408539,38.299954],[141.407074,38.304267],[141.417979,38.311754]]],[[[141.114513,38.335476],[141.118012,38.337795],[141.123871,38.342637],[141.128673,38.347927],[141.130056,38.338975],[141.12672,38.327704],[141.122244,38.326728],[141.114513,38.335476]]],[[[139.25058,38.485622],[139.251964,38.489488],[139.258311,38.491197],[139.258962,38.4831],[139.258067,38.47545],[139.255056,38.466539],[139.246837,38.455064],[139.242686,38.448554],[139.236827,38.446357],[139.223155,38.437649],[139.221283,38.437649],[139.216645,38.437567],[139.21575,38.441596],[139.217621,38.44477],[139.22283,38.449449],[139.224132,38.455675],[139.222179,38.460557],[139.22934,38.464626],[139.230805,38.467068],[139.235688,38.470486],[139.240733,38.478949],[139.24464,38.48371],[139.25058,38.485622]]],[[[141.631684,38.848741],[141.63323,38.846869],[141.634776,38.843899],[141.629812,38.838202],[141.624522,38.833157],[141.616303,38.83747],[141.609711,38.851304],[141.604828,38.855862],[141.603526,38.862901],[141.606375,38.864569],[141.603282,38.867336],[141.600759,38.873196],[141.609141,38.878038],[141.616873,38.879991],[141.626313,38.882921],[141.630789,38.878974],[141.631521,38.871324],[141.627126,38.863674],[141.624848,38.859605],[141.623953,38.851793],[141.627045,38.848741],[141.631684,38.848741]]],[[[139.538992,39.189114],[139.539968,39.193183],[139.539561,39.195909],[139.546153,39.202826],[139.556651,39.204332],[139.562755,39.197577],[139.555105,39.194729],[139.550629,39.190701],[139.54892,39.185533],[139.549978,39.183458],[139.54892,39.181952],[139.538992,39.189114]]],[[[139.813731,41.358507],[139.806163,41.35338],[139.799327,41.352118],[139.796723,41.353868],[139.793061,41.358669],[139.795828,41.363186],[139.802908,41.36636],[139.811534,41.364488],[139.814871,41.36461],[139.813731,41.358507]]],[[[139.374278,41.50434],[139.358526,41.498316],[139.345551,41.493354],[139.340831,41.497504],[139.336436,41.511135],[139.336436,41.518059],[139.336436,41.5185],[139.340343,41.52383],[139.348155,41.524237],[139.355724,41.522162],[139.372895,41.522162],[139.378266,41.519232],[139.381847,41.513577],[139.374278,41.50434]]],[[[139.437022,42.207221],[139.452159,42.215318],[139.463715,42.216254],[139.485525,42.221137],[139.497325,42.222235],[139.509125,42.225775],[139.538341,42.240668],[139.548513,42.243354],[139.56422,42.231757],[139.553966,42.211575],[139.520681,42.174506],[139.513682,42.148179],[139.512706,42.123725],[139.508962,42.100816],[139.493907,42.078843],[139.455333,42.051581],[139.445649,42.054836],[139.435395,42.062934],[139.429454,42.073798],[139.432384,42.08511],[139.427257,42.09394],[139.425059,42.102688],[139.425059,42.122992],[139.422699,42.131496],[139.412852,42.143988],[139.410818,42.153998],[139.414317,42.172512],[139.423839,42.191596],[139.437022,42.207221]]],[[[144.755382,42.954413],[144.771251,42.944892],[144.783458,42.93476],[144.741954,42.924221],[144.599132,42.949123],[144.521739,42.944078],[144.49586,42.933254],[144.464854,42.937079],[144.390636,42.956448],[144.382172,42.961493],[144.373057,42.96955],[144.3685,42.978176],[144.364919,42.989569],[144.358084,42.999457],[144.345225,43.00373],[144.323009,43.002631],[144.183116,42.976386],[144.042003,42.926581],[143.886404,42.844184],[143.790294,42.75727],[143.638845,42.661078],[143.575206,42.603339],[143.44809,42.455024],[143.348969,42.319159],[143.331716,42.277248],[143.32488,42.229722],[143.336436,42.173],[143.337901,42.150214],[143.335948,42.129706],[143.331065,42.10692],[143.303477,42.025784],[143.292328,42.005194],[143.265473,41.986721],[143.25294,41.941881],[143.241547,41.928046],[143.226085,41.932278],[143.203136,41.945868],[143.182384,41.961575],[143.17335,41.972113],[143.163341,41.990383],[143.140473,42.010484],[143.115245,42.027981],[142.959727,42.105373],[142.75766,42.158393],[142.546397,42.250556],[142.459972,42.271308],[142.281016,42.366523],[142.222179,42.41177],[142.167752,42.459859],[142.06258,42.470728],[141.980968,42.51024],[141.925955,42.55858],[141.909353,42.565497],[141.888194,42.56977],[141.817149,42.599595],[141.726085,42.617174],[141.636485,42.61579],[141.549571,42.601142],[141.427745,42.564399],[141.262462,42.468248],[141.23463,42.458686],[141.215099,42.444525],[141.203298,42.441352],[141.191173,42.440334],[141.179698,42.437445],[141.168712,42.433295],[141.091563,42.391791],[141.073253,42.377143],[141.016775,42.316107],[141.000987,42.304836],[140.989757,42.301418],[140.977306,42.299628],[140.964692,42.300482],[140.952403,42.304836],[140.945811,42.310248],[140.937022,42.31977],[140.931651,42.328762],[140.936046,42.332709],[140.975434,42.326565],[140.984141,42.329047],[140.986827,42.33983],[140.97462,42.346625],[140.946951,42.353217],[140.926524,42.36518],[140.917979,42.372545],[140.91212,42.380561],[140.901378,42.420844],[140.733653,42.564154],[140.68629,42.579169],[140.662934,42.57982],[140.597423,42.571723],[140.525645,42.580634],[140.500662,42.579169],[140.45753,42.564276],[140.417003,42.538153],[140.38087,42.505072],[140.32545,42.432807],[140.303966,42.392971],[140.288585,42.350165],[140.281505,42.304836],[140.291759,42.259589],[140.321625,42.233954],[140.424083,42.192288],[140.456391,42.173082],[140.530284,42.111762],[140.548839,42.105536],[140.571951,42.107856],[140.610118,42.117621],[140.674083,42.122056],[140.693207,42.126166],[140.713552,42.13349],[140.773611,42.1022],[140.789317,42.07453],[140.837087,42.023627],[140.853689,42.011217],[140.891775,41.991523],[140.908458,41.978949],[140.974294,41.913764],[140.992198,41.902167],[141.011567,41.893744],[141.033702,41.888739],[141.059581,41.887112],[141.083263,41.882636],[141.106944,41.871772],[141.182791,41.818305],[141.199962,41.799465],[141.189952,41.79092],[141.143565,41.785793],[141.121593,41.779364],[141.104015,41.770413],[141.043305,41.723863],[141.006358,41.712144],[140.959972,41.721991],[140.874278,41.758246],[140.823985,41.770697],[140.775076,41.770413],[140.729991,41.749986],[140.708018,41.745551],[140.698578,41.759833],[140.706716,41.774115],[140.722423,41.783352],[140.733409,41.793647],[140.727224,41.811347],[140.708995,41.824408],[140.684825,41.829901],[140.660411,41.827135],[140.641612,41.81509],[140.631358,41.797309],[140.615733,41.754706],[140.604259,41.736274],[140.54477,41.712592],[140.534841,41.705268],[140.523448,41.698676],[140.470063,41.687201],[140.452891,41.681057],[140.433279,41.64468],[140.443207,41.563707],[140.432384,41.530829],[140.400645,41.513007],[140.274669,41.482367],[140.259532,41.472724],[140.241222,41.457221],[140.225841,41.437934],[140.219493,41.417182],[140.208995,41.401109],[140.185069,41.403795],[140.137462,41.420966],[140.126801,41.420478],[140.109711,41.414862],[140.100352,41.41352],[140.08839,41.416815],[140.062999,41.431342],[140.052094,41.434638],[140.038259,41.442572],[140.028168,41.461412],[140.014008,41.502875],[139.983653,41.560492],[139.979828,41.581732],[139.984223,41.603176],[140.003429,41.63467],[140.019542,41.696967],[140.071137,41.760199],[140.083018,41.800767],[140.087413,41.805121],[140.109386,41.803412],[140.117686,41.804511],[140.12672,41.814032],[140.129731,41.823228],[140.131358,41.845526],[140.130626,41.851508],[140.12436,41.860053],[140.123871,41.865953],[140.127778,41.870795],[140.134939,41.875149],[140.14503,41.879584],[140.147146,41.891343],[140.14796,41.907538],[140.151703,41.913764],[140.145193,41.929633],[140.139659,41.948717],[140.138438,41.967515],[140.14503,41.982652],[140.111827,42.011135],[140.061046,42.080024],[140.027599,42.105536],[139.927501,42.138902],[139.909353,42.156562],[139.908214,42.160834],[139.903087,42.165595],[139.883637,42.194973],[139.87436,42.199897],[139.843435,42.208564],[139.79835,42.235907],[139.787446,42.246772],[139.777599,42.271145],[139.767589,42.310981],[139.772309,42.330471],[139.784434,42.350816],[139.826182,42.402045],[139.836762,42.423896],[139.84962,42.469306],[139.849294,42.514146],[139.832774,42.588813],[139.843435,42.626939],[139.876964,42.663398],[139.917247,42.677232],[140.014008,42.681586],[140.037852,42.686021],[140.053884,42.694159],[140.09547,42.733791],[140.105154,42.739081],[140.115489,42.742092],[140.127615,42.742987],[140.135916,42.747138],[140.144298,42.756985],[140.16977,42.795844],[140.18336,42.810207],[140.200369,42.814276],[140.222911,42.801337],[140.245779,42.772935],[140.260753,42.760972],[140.281505,42.75727],[140.303233,42.769721],[140.309906,42.793199],[140.311778,42.815985],[140.319102,42.826239],[140.337413,42.834133],[140.352061,42.852973],[140.377126,42.893785],[140.393077,42.908515],[140.461192,42.958889],[140.503184,42.980048],[140.521169,42.996283],[140.52711,43.015448],[140.516856,43.029975],[140.501964,43.045722],[140.494395,43.068549],[140.487315,43.082709],[140.43922,43.134019],[140.406098,43.160224],[140.367931,43.183092],[140.338064,43.210517],[140.329356,43.250718],[140.360118,43.325181],[140.409516,43.324693],[140.43393,43.328437],[140.452891,43.338853],[140.458181,43.347968],[140.461192,43.358588],[140.465099,43.368069],[140.473318,43.373603],[140.487153,43.372382],[140.499685,43.36518],[140.510265,43.357001],[140.518077,43.353176],[140.535167,43.347886],[140.620942,43.301215],[140.638845,43.288886],[140.668793,43.260321],[140.68922,43.248358],[140.761404,43.223456],[140.771251,43.215522],[140.786306,43.200629],[140.796153,43.195502],[140.809906,43.19245],[140.912608,43.204169],[140.988292,43.226996],[141.011241,43.22899],[141.022309,43.223782],[141.012218,43.210517],[141.004405,43.193061],[141.021983,43.174994],[141.032563,43.172309],[141.069835,43.16885],[141.11085,43.156195],[141.135509,43.152411],[141.156505,43.143012],[141.169119,43.140855],[141.187266,43.141506],[141.200857,43.143622],[141.22755,43.154486],[141.303966,43.197252],[141.37086,43.250718],[141.397472,43.279731],[141.42335,43.317857],[141.440115,43.361721],[141.439708,43.407782],[141.427013,43.434556],[141.37086,43.497138],[141.359874,43.523586],[141.362478,43.543362],[141.374522,43.560533],[141.391368,43.579088],[141.372732,43.618232],[141.364024,43.627509],[141.366954,43.646308],[141.343923,43.690172],[141.337413,43.712836],[141.343598,43.731513],[141.358165,43.755805],[141.38502,43.791327],[141.40211,43.803616],[141.424815,43.814602],[141.448009,43.822496],[141.490571,43.827338],[141.51002,43.832587],[141.528168,43.841213],[141.584727,43.875434],[141.615733,43.902777],[141.640636,43.937934],[141.658946,43.983791],[141.667166,44.025092],[141.670177,44.066636],[141.655447,44.276923],[141.665701,44.31273],[141.747244,44.424221],[141.791759,44.596991],[141.796072,44.64175],[141.783458,44.765367],[141.753591,44.885443],[141.721853,44.955146],[141.586436,45.164374],[141.57488,45.206855],[141.583751,45.251166],[141.589692,45.258205],[141.609874,45.275865],[141.617849,45.285346],[141.622569,45.295966],[141.624685,45.305487],[141.627696,45.314399],[141.649181,45.34101],[141.650157,45.357367],[141.639008,45.388983],[141.637055,45.404446],[141.639415,45.421129],[141.64796,45.437201],[141.665701,45.450426],[141.677257,45.444322],[141.683604,45.436184],[141.68629,45.425523],[141.686778,45.412299],[141.692149,45.402289],[141.704438,45.402086],[141.727712,45.408881],[141.774099,45.412909],[141.823253,45.422553],[141.857595,45.440334],[141.868419,45.44302],[141.875336,45.448188],[141.877208,45.460191],[141.877208,45.473863],[141.878673,45.484036],[141.893891,45.500556],[141.919444,45.515855],[141.944998,45.520413],[141.96046,45.51024],[141.97755,45.48078],[141.987559,45.468492],[142.001801,45.463446],[142.017751,45.455715],[142.056651,45.402045],[142.096528,45.372301],[142.183116,45.325995],[142.221202,45.299628],[142.539317,45.018459],[142.614268,44.903876],[142.630707,44.883734],[142.665701,44.866645],[142.714041,44.80622],[142.907481,44.647406],[142.939789,44.634711],[142.981456,44.586493],[143.042735,44.554918],[143.118419,44.496894],[143.204438,44.447252],[143.224864,44.44245],[143.240733,44.436347],[143.278575,44.406155],[143.296886,44.39468],[143.340099,44.386542],[143.35141,44.381049],[143.3685,44.351386],[143.369151,44.346259],[143.396495,44.322943],[143.405284,44.31745],[143.552419,44.252509],[143.776622,44.189276],[143.776622,44.182359],[143.695323,44.189846],[143.680431,44.182359],[143.685069,44.17593],[143.708995,44.157864],[143.71461,44.151353],[143.728282,44.113471],[143.738455,44.117987],[143.742442,44.120917],[143.757091,44.110175],[143.769705,44.103746],[143.783214,44.100653],[143.929698,44.098944],[143.937755,44.096422],[143.966075,44.120063],[143.983246,44.12995],[143.999197,44.133979],[144.119314,44.129055],[144.153087,44.117255],[144.171723,44.106024],[144.17156,44.102729],[144.158702,44.100653],[144.140391,44.093004],[144.126801,44.080146],[144.105479,44.031562],[144.138357,44.020697],[144.152843,44.019843],[144.167003,44.025377],[144.177582,44.035224],[144.188731,44.050279],[144.197602,44.067206],[144.201182,44.082465],[144.215099,44.111477],[144.242931,44.119208],[144.263438,44.107815],[144.25587,44.079413],[144.268321,44.049384],[144.278331,44.03677],[144.293712,44.031562],[144.302257,44.024115],[144.318614,43.991197],[144.32781,43.983791],[144.336599,43.980292],[144.379405,43.956488],[144.395356,43.950873],[144.430431,43.942572],[144.570323,43.924791],[144.740489,43.914618],[144.788097,43.92178],[144.831228,43.942206],[144.947602,44.034084],[145.0,44.078684320357716],[145.0,42.986130437264706],[144.933767,42.978258],[144.89975,42.979478],[144.868826,42.988471],[144.842052,43.007148],[144.840505,43.016913],[144.84311,43.029364],[144.84018,43.040107],[144.821544,43.044623],[144.810069,43.045356],[144.803722,43.046454],[144.798676,43.046698],[144.790863,43.044623],[144.783865,43.039944],[144.773123,43.026842],[144.766287,43.024156],[144.757579,43.018785],[144.747406,43.006171],[144.739106,42.99136],[144.735606,42.979478],[144.741466,42.965237],[144.755382,42.954413]]],[[[144.448253,43.942206],[144.455089,43.942206],[144.448985,43.942043],[144.448253,43.942206]]],[[[143.881521,44.166693],[143.896495,44.158149],[143.911794,44.152289],[143.957205,44.152004],[143.975841,44.148261],[143.94044,44.139146],[143.896495,44.145901],[143.813731,44.168402],[143.817638,44.175605],[143.836274,44.17593],[143.859548,44.172756],[143.881521,44.166693]]],[[[141.312185,44.43419],[141.32781,44.444648],[141.328054,44.439765],[141.336111,44.432725],[141.323497,44.417629],[141.304861,44.412991],[141.293956,44.412991],[141.295502,44.421698],[141.304861,44.426703],[141.309662,44.429958],[141.312185,44.43419]]],[[[141.409923,44.444159],[141.419526,44.44538],[141.429128,44.438829],[141.415782,44.426703],[141.397472,44.429348],[141.392019,44.439032],[141.403901,44.441026],[141.409923,44.444159]]],[[[141.292979,45.206529],[141.327159,45.172349],[141.335623,45.157782],[141.328461,45.14765],[141.316417,45.137926],[141.310069,45.124579],[141.304454,45.120185],[141.268403,45.10102],[141.251231,45.099189],[141.235362,45.102484],[141.181814,45.126614],[141.150076,45.147121],[141.131114,45.170152],[141.145518,45.189765],[141.14088,45.196031],[141.135509,45.206122],[141.131847,45.210273],[141.167166,45.239976],[141.179698,45.244371],[141.202647,45.249091],[141.235199,45.241278],[141.268321,45.225531],[141.292979,45.206529]]],[[[140.993175,45.458808],[141.006602,45.440416],[141.02003,45.439846],[141.03533,45.446234],[141.052745,45.450426],[141.069021,45.442694],[141.073578,45.424709],[141.059093,45.321967],[141.049571,45.292914],[141.035655,45.264879],[141.029063,45.27851],[141.029959,45.283922],[141.035655,45.292182],[141.010509,45.327786],[140.998871,45.350002],[140.994151,45.371039],[141.000987,45.419135],[140.996349,45.430243],[140.966807,45.463446],[140.974132,45.467719],[140.980642,45.46894],[140.986095,45.467434],[140.990489,45.463365],[140.993175,45.458808]]],[[[141.196788,46.243638],[141.201508,46.249945],[141.205251,46.261094],[141.199148,46.282457],[141.212413,46.281887],[141.222504,46.284898],[141.233084,46.274726],[141.240571,46.259589],[141.238455,46.235256],[141.224457,46.212551],[141.212738,46.218085],[141.201834,46.219387],[141.198416,46.234971],[141.196788,46.243638]]],[[[142.65268,54.338324],[142.669688,54.348334],[142.679942,54.358791],[142.686778,54.369127],[142.686046,54.380072],[142.673106,54.392076],[142.676036,54.404853],[142.681488,54.415961],[142.690684,54.423896],[142.704112,54.426825],[142.723155,54.425605],[142.733572,54.421454],[142.751801,54.402981],[142.758067,54.393866],[142.766449,54.371324],[142.772716,54.362006],[142.794444,54.34809],[142.805431,54.338935],[142.819672,54.301907],[142.842784,54.280707],[142.895844,54.245592],[142.957856,54.170233],[143.003917,54.135484],[143.01295,54.119086],[143.0088,54.091051],[142.999848,54.067572],[142.988455,54.047187],[142.973399,54.028144],[142.937511,53.990912],[142.927094,53.975328],[142.905935,53.911851],[142.900401,53.901597],[142.892263,53.892483],[142.88852,53.892971],[142.881602,53.894843],[142.873302,53.895575],[142.865489,53.892483],[142.861339,53.888129],[142.857432,53.883002],[142.851817,53.871975],[142.896658,53.876614],[142.916515,53.874091],[142.933767,53.857652],[142.935557,53.849189],[142.94044,53.823554],[142.947927,53.809882],[142.975352,53.755276],[142.996267,53.716783],[143.002126,53.700629],[142.956554,53.781317],[142.926768,53.829779],[142.898123,53.823228],[142.890147,53.813137],[142.900564,53.790432],[142.906505,53.766791],[142.913341,53.762112],[142.939708,53.749742],[142.964366,53.69953],[142.988455,53.694485],[142.967784,53.66649],[143.003917,53.666164],[143.017914,53.660346],[143.029307,53.646064],[143.020518,53.642646],[143.011729,53.637885],[143.003429,53.632148],[142.99586,53.625556],[143.014903,53.617743],[143.052745,53.607245],[143.070811,53.598212],[143.058279,53.589789],[143.044688,53.58511],[143.030447,53.58511],[143.016368,53.590766],[143.012543,53.58218],[143.006521,53.575751],[142.998302,53.571723],[142.988455,53.570299],[142.988455,53.562893],[143.003103,53.557685],[143.030284,53.539984],[143.042735,53.5362],[143.056895,53.538764],[143.090668,53.55976],[143.099132,53.55386],[143.11085,53.537095],[143.121104,53.518052],[143.125499,53.505439],[143.127452,53.495795],[143.13087,53.486884],[143.131602,53.477851],[143.125499,53.467922],[143.114268,53.466742],[143.098888,53.472113],[143.083181,53.473578],[143.070811,53.461086],[143.069998,53.448554],[143.07781,53.442613],[143.088715,53.439032],[143.097667,53.433743],[143.103852,53.427965],[143.108165,53.425116],[143.110606,53.419745],[143.111339,53.40644],[143.10727,53.399848],[143.099132,53.39411],[143.092784,53.388414],[143.094086,53.381903],[143.100841,53.378363],[143.109386,53.377753],[143.117931,53.379136],[143.155772,53.395168],[143.1692,53.398098],[143.182872,53.398993],[143.196625,53.388129],[143.210623,53.363227],[143.246837,53.256659],[143.254405,53.215522],[143.280121,53.172919],[143.29005,53.151923],[143.292247,53.083686],[143.300141,53.066962],[143.312266,53.04914],[143.31658,53.027899],[143.317882,52.981879],[143.326996,52.936347],[143.335948,52.91352],[143.347992,52.895941],[143.360525,52.871405],[143.352875,52.849555],[143.32488,52.809312],[143.333263,52.784735],[143.337087,52.759426],[143.337901,52.703803],[143.326834,52.622504],[143.331065,52.603909],[143.324718,52.587714],[143.304698,52.471381],[143.296886,52.453681],[143.276052,52.420396],[143.251964,52.389635],[143.224457,52.361762],[143.193696,52.336982],[143.205821,52.382148],[143.207367,52.395331],[143.204275,52.406317],[143.198985,52.415676],[143.197765,52.425849],[143.207367,52.439399],[143.223888,52.447943],[143.240245,52.448391],[143.254893,52.447008],[143.26588,52.450263],[143.272309,52.463324],[143.26295,52.471625],[143.235362,52.480943],[143.244477,52.488756],[143.286469,52.565334],[143.29005,52.577216],[143.291759,52.586412],[143.293468,52.591864],[143.290212,52.595038],[143.276378,52.597724],[143.268321,52.598375],[143.261404,52.597602],[143.255056,52.595201],[143.249034,52.590806],[143.250336,52.587877],[143.249034,52.562934],[143.246349,52.559801],[143.241954,52.558173],[143.237559,52.557359],[143.235362,52.556708],[143.235362,52.552151],[143.237966,52.548082],[143.240571,52.544745],[143.241547,52.542426],[143.229503,52.519477],[143.193696,52.473863],[143.178884,52.446845],[143.165538,52.403795],[143.159679,52.391669],[143.126964,52.358832],[143.118663,52.337795],[143.129405,52.326646],[143.146495,52.327867],[143.159679,52.344428],[143.166515,52.344428],[143.168224,52.332953],[143.177501,52.313788],[143.176036,52.306586],[143.169281,52.294623],[143.169607,52.284654],[143.172537,52.276068],[143.17335,52.268134],[143.155772,52.203681],[143.151378,52.120063],[143.147797,52.119574],[143.125336,52.146145],[143.115571,52.153022],[143.111339,52.148627],[143.110525,52.135728],[143.108165,52.124457],[143.104015,52.114203],[143.097667,52.104234],[143.139171,52.089911],[143.133474,52.07982],[143.1338,52.068508],[143.139171,52.049018],[143.138927,52.037502],[143.136974,52.030341],[143.13852,52.023139],[143.149181,52.01142],[143.159353,51.995673],[143.159923,51.979071],[143.149099,51.967597],[143.125499,51.967027],[143.131114,51.955715],[143.1421,51.924954],[143.149181,51.918647],[143.164806,51.913642],[143.164806,51.901679],[143.160492,51.886949],[143.163097,51.873969],[143.174815,51.866604],[143.194591,51.858466],[143.213064,51.854804],[143.221202,51.860582],[143.224294,51.874457],[143.231456,51.88703],[143.238455,51.891547],[143.255056,51.837104],[143.310395,51.75434],[143.317882,51.706366],[143.29656,51.71308],[143.276215,51.700507],[143.261078,51.678209],[143.252208,51.641547],[143.238536,51.622463],[143.235362,51.613918],[143.236664,51.6022],[143.241466,51.581244],[143.241547,51.569241],[143.237804,51.558295],[143.224132,51.537787],[143.221202,51.531643],[143.224132,51.522162],[143.2317,51.512641],[143.24171,51.507636],[143.273204,51.520738],[143.296072,51.516669],[143.31837,51.509223],[143.337901,51.508368],[143.347179,51.523383],[143.344005,51.548651],[143.335216,51.572333],[143.327891,51.582831],[143.325206,51.592841],[143.332286,51.614488],[143.346528,51.635932],[143.365082,51.644965],[143.37322,51.636542],[143.379649,51.617621],[143.38559,51.579779],[143.394216,51.564643],[143.447765,51.508368],[143.461762,51.46955],[143.474946,51.343248],[143.442393,51.367255],[143.427094,51.370551],[143.416759,51.368069],[143.379405,51.350084],[143.38795,51.343451],[143.403494,51.336005],[143.413422,51.329657],[143.434418,51.321031],[143.43393,51.316962],[143.432791,51.312405],[143.43393,51.309149],[143.445811,51.304185],[143.456391,51.300971],[143.466075,51.296861],[143.474946,51.289252],[143.477875,51.28144],[143.478201,51.263414],[143.483084,51.254543],[143.47934,51.2508],[143.47755,51.247992],[143.474946,51.240871],[143.480805,51.239407],[143.489594,51.235012],[143.495453,51.233385],[143.490977,51.228339],[143.483084,51.213568],[143.5171,51.22012],[143.521251,51.246772],[143.509288,51.280666],[143.495453,51.309149],[143.521658,51.285102],[143.537934,51.239732],[143.586681,51.010728],[143.678966,50.736518],[143.701508,50.605373],[143.790294,50.309231],[143.810069,50.27265],[143.910981,50.150865],[144.002696,50.012844],[144.0442,49.89765],[144.079845,49.837307],[144.090668,49.804511],[144.117442,49.767808],[144.12615,49.746894],[144.132335,49.660875],[144.137218,49.639594],[144.149425,49.622382],[144.16505,49.606513],[144.222179,49.53262],[144.228526,49.517157],[144.219737,49.461859],[144.22169,49.438381],[144.282725,49.25019],[144.38502,49.072699],[144.410411,49.039252],[144.441417,49.013861],[144.66684,48.889635],[144.684744,48.873236],[144.690929,48.864081],[144.693207,48.855414],[144.694591,48.835679],[144.69752,48.825588],[144.706798,48.803046],[144.708263,48.794135],[144.704112,48.781968],[144.690684,48.768012],[144.687836,48.756537],[144.694591,48.715562],[144.702891,48.688666],[144.722016,48.672065],[144.742931,48.659125],[144.756602,48.643256],[144.731456,48.637926],[144.699474,48.642727],[144.677257,48.65644],[144.681651,48.678046],[144.663341,48.70067],[144.657563,48.723863],[144.655121,48.749823],[144.647472,48.780463],[144.632579,48.808295],[144.503673,48.948717],[144.479015,48.959215],[144.47047,48.964748],[144.445486,48.991156],[144.433849,49.00019],[144.417003,49.006049],[144.381847,49.013902],[144.365733,49.020697],[144.32781,49.054755],[144.315684,49.05683],[144.302582,49.062161],[144.290294,49.069648],[144.28004,49.078437],[144.27296,49.088568],[144.263031,49.112372],[144.25587,49.123033],[144.245942,49.131741],[144.101085,49.231269],[144.057872,49.253404],[144.006033,49.269355],[143.702159,49.306098],[143.689708,49.312405],[143.687266,49.322333],[143.728282,49.335354],[143.499034,49.349189],[143.479747,49.353095],[143.462657,49.362738],[143.444347,49.380072],[143.42628,49.393215],[143.403494,49.400458],[143.302013,49.405178],[143.276703,49.402167],[143.258637,49.393378],[143.249766,49.373277],[143.263927,49.360175],[143.310395,49.34276],[143.319102,49.340969],[143.325694,49.34219],[143.3296,49.341132],[143.331065,49.332221],[143.328298,49.329047],[143.322765,49.326972],[143.319102,49.324123],[143.3213,49.31859],[143.331309,49.31391],[143.343028,49.315823],[143.355154,49.320014],[143.366059,49.322333],[143.619395,49.324042],[143.666759,49.314887],[143.639171,49.305609],[143.371104,49.299221],[143.174164,49.245998],[143.145356,49.232896],[143.070323,49.184882],[143.037852,49.156562],[143.0088,49.123033],[142.984548,49.082953],[142.97462,49.045885],[142.976573,49.006537],[142.988455,48.959215],[142.988455,48.916693],[142.969249,48.878485],[142.920095,48.807807],[142.886567,48.736558],[142.792735,48.562567],[142.723155,48.408637],[142.658539,48.269599],[142.614024,48.190172],[142.549571,48.020087],[142.545665,48.013983],[142.54127,48.012193],[142.537446,48.010077],[142.535899,48.002387],[142.538097,47.999213],[142.542735,47.997382],[142.547374,47.994574],[142.549571,47.988715],[142.549571,47.947821],[142.538829,47.920803],[142.535899,47.910224],[142.534516,47.88996],[142.545258,47.766669],[142.592133,47.642076],[142.632091,47.581244],[142.748057,47.44477],[142.739757,47.445543],[142.714041,47.44477],[142.714041,47.437242],[142.722992,47.430609],[142.735118,47.423651],[142.759532,47.43122],[142.78712,47.428209],[142.814301,47.419501],[142.878591,47.38935],[142.910899,47.36522],[143.016368,47.253607],[143.023204,47.235256],[143.025645,47.211656],[143.042979,47.149237],[143.041515,47.128119],[143.031261,47.083197],[143.032481,47.070746],[143.069509,47.019477],[143.102061,46.947577],[143.105154,46.927069],[143.11085,46.90644],[143.119965,46.887112],[143.11964,46.874905],[143.097667,46.875556],[143.106456,46.865871],[143.122813,46.857367],[143.138438,46.855414],[143.151378,46.873847],[143.163829,46.87226],[143.174083,46.862738],[143.17335,46.848293],[143.151215,46.839586],[143.117931,46.841864],[143.090017,46.838568],[143.083832,46.813463],[143.091482,46.803412],[143.10613,46.792426],[143.122406,46.783637],[143.135509,46.779975],[143.137462,46.773505],[143.159679,46.739],[143.166515,46.71662],[143.172862,46.707831],[143.18629,46.704291],[143.20281,46.706366],[143.226899,46.715522],[143.241547,46.717271],[143.254731,46.715033],[143.281993,46.706244],[143.296886,46.704291],[143.308604,46.701077],[143.331065,46.686957],[143.341319,46.683783],[143.365001,46.686754],[143.382009,46.695054],[143.389659,46.708075],[143.38559,46.724758],[143.371349,46.73843],[143.348969,46.749213],[143.323741,46.756293],[143.286794,46.761705],[143.256114,46.775458],[143.241547,46.779975],[143.229828,46.780219],[143.204926,46.778144],[143.193696,46.779975],[143.179535,46.793036],[143.173025,46.813544],[143.177745,46.832465],[143.197113,46.840806],[143.220225,46.835639],[143.296886,46.800482],[143.320974,46.795722],[143.396495,46.793647],[143.418712,46.799709],[143.428071,46.814276],[143.43629,46.832261],[143.4546,46.848293],[143.478201,46.828437],[143.497895,46.800727],[143.511485,46.770209],[143.516612,46.742133],[143.516124,46.679755],[143.520844,46.6494],[143.536957,46.617133],[143.535899,46.607327],[143.531993,46.597968],[143.526703,46.590969],[143.52589,46.585517],[143.529307,46.578559],[143.536957,46.566474],[143.550792,46.506293],[143.576508,46.447496],[143.579926,46.418199],[143.557628,46.39643],[143.573985,46.389472],[143.60963,46.384223],[143.625743,46.374701],[143.591482,46.35342],[143.581798,46.34455],[143.577322,46.335028],[143.574474,46.310126],[143.570567,46.299547],[143.563487,46.294989],[143.552094,46.290188],[143.541677,46.284003],[143.536957,46.275702],[143.535411,46.266099],[143.523285,46.238105],[143.510427,46.222561],[143.475841,46.190009],[143.468761,46.173285],[143.478526,46.107327],[143.474946,46.087307],[143.468028,46.08039],[143.458832,46.076606],[143.451182,46.070502],[143.4463,46.047105],[143.442719,46.036851],[143.437266,46.028632],[143.430512,46.025214],[143.420909,46.035712],[143.415294,46.059556],[143.413097,46.085354],[143.413422,46.101549],[143.424978,46.1164],[143.428966,46.127427],[143.4192,46.148261],[143.420909,46.159125],[143.424978,46.170233],[143.427094,46.18008],[143.425548,46.204047],[143.421397,46.223131],[143.38266,46.316718],[143.379405,46.337388],[143.337901,46.40941],[143.350841,46.432685],[143.346853,46.452704],[143.336681,46.470771],[143.331065,46.488227],[143.335704,46.497463],[143.347423,46.496039],[143.361339,46.491685],[143.37322,46.492011],[143.379893,46.499457],[143.393077,46.532945],[143.368663,46.555487],[143.342784,46.562812],[143.276378,46.560248],[143.310395,46.525458],[143.303233,46.51439],[143.290782,46.517157],[143.258637,46.542222],[143.235362,46.566474],[143.222423,46.573554],[143.195079,46.583441],[143.182872,46.590969],[143.159516,46.598293],[143.067149,46.587592],[142.997732,46.594143],[142.963878,46.602607],[142.933767,46.614895],[142.905772,46.605292],[142.82781,46.592963],[142.796641,46.594387],[142.772227,46.609768],[142.754893,46.638251],[142.735118,46.697414],[142.730317,46.729397],[142.72462,46.74079],[142.710948,46.745185],[142.70045,46.742092],[142.690929,46.727932],[142.683604,46.724758],[142.652599,46.724758],[142.618419,46.718573],[142.529063,46.683783],[142.457205,46.630805],[142.406505,46.553656],[142.324229,46.388983],[142.281912,46.32746],[142.275727,46.309516],[142.274181,46.300116],[142.262218,46.266059],[142.249034,46.192043],[142.248546,46.18008],[142.246349,46.168362],[142.237071,46.148993],[142.234874,46.138821],[142.228038,46.117987],[142.214366,46.098619],[142.203868,46.079657],[142.206879,46.060004],[142.202973,46.051947],[142.201671,46.030666],[142.196951,46.021796],[142.189464,46.018785],[142.133067,46.006171],[142.119965,45.992174],[142.111339,45.950751],[142.094249,45.902777],[142.085297,45.900824],[142.073253,45.909857],[142.053233,45.915961],[142.039806,45.924302],[142.001475,45.978013],[141.942068,46.024359],[141.932628,46.035793],[141.936046,46.099555],[141.899099,46.27912],[141.884776,46.318752],[141.837576,46.415595],[141.827403,46.450344],[141.81422,46.538398],[141.817149,46.580756],[141.822276,46.602281],[141.826671,46.609931],[141.840099,46.62637],[141.848643,46.644761],[141.865896,46.670478],[141.885427,46.731594],[142.056651,47.053697],[142.059744,47.080634],[142.063813,47.10932],[142.062836,47.139228],[142.056651,47.169745],[142.044281,47.204535],[142.028575,47.232489],[141.984386,47.283026],[141.975108,47.297593],[141.976085,47.310736],[141.987804,47.341742],[141.990733,47.357164],[141.991222,47.369574],[141.987153,47.380805],[141.97755,47.39289],[141.963715,47.415676],[141.955251,47.446967],[141.951671,47.481147],[141.96046,47.591783],[141.965831,47.612494],[142.001475,47.663804],[142.003673,47.675482],[142.003754,47.686713],[142.005382,47.697414],[142.011729,47.707587],[142.026134,47.723049],[142.033376,47.7331],[142.036143,47.742662],[142.039806,47.749905],[142.062836,47.779934],[142.093028,47.855618],[142.105724,47.874823],[142.13795,47.891059],[142.177419,47.930406],[142.187022,47.944403],[142.191091,47.966742],[142.172374,48.098334],[142.165863,48.115709],[142.174001,48.151313],[142.138682,48.318061],[142.133149,48.333686],[142.097016,48.396877],[141.919607,48.609117],[141.873057,48.688544],[141.8567,48.735338],[141.857432,48.774237],[141.923025,48.835679],[141.931163,48.839301],[141.960134,48.856594],[141.967296,48.862372],[141.968761,48.873358],[141.965831,48.885199],[141.961762,48.896064],[141.96046,48.903998],[141.965587,48.915229],[141.973643,48.922838],[141.991547,48.934394],[141.99643,48.942939],[142.000255,48.966498],[142.0088,48.984076],[142.015147,49.020697],[142.024425,49.041734],[142.036143,49.061672],[142.023936,49.099311],[142.037364,49.134263],[142.060395,49.16706],[142.077159,49.198188],[142.079926,49.215969],[142.078624,49.232001],[142.062836,49.314887],[142.087657,49.377021],[142.096202,49.410834],[142.11964,49.447659],[142.125011,49.462307],[142.128184,49.500393],[142.142263,49.568061],[142.147716,49.623033],[142.157481,49.659613],[142.159679,49.677965],[142.152354,49.733832],[142.15447,49.790269],[142.151866,49.825507],[142.142426,49.860785],[142.125011,49.89765],[142.131847,49.89765],[142.134451,49.904446],[142.143565,49.915473],[142.145518,49.921576],[142.144379,49.927476],[142.139659,49.936835],[142.138682,49.941799],[142.141856,49.953681],[142.156505,49.968817],[142.159679,49.976508],[142.157481,50.01439],[142.158865,50.028388],[142.165863,50.048529],[142.173839,50.086412],[142.155528,50.239651],[142.135265,50.291205],[142.146739,50.308783],[142.15089,50.327216],[142.150076,50.345689],[142.145518,50.363837],[142.139008,50.379299],[142.117361,50.417629],[142.099294,50.433743],[142.045177,50.528266],[142.041352,50.550971],[142.053233,50.572333],[142.05714,50.581488],[142.057872,50.594672],[142.056651,50.617092],[142.062836,50.658026],[142.092784,50.714097],[142.104503,50.780951],[142.102712,50.789618],[142.098806,50.799506],[142.095958,50.81037],[142.097016,50.821926],[142.102712,50.830512],[142.122813,50.85224],[142.128429,50.856635],[142.129161,50.861274],[142.125255,50.884508],[142.128429,50.894517],[142.200694,50.959662],[142.225597,50.991278],[142.249848,51.030829],[142.266856,51.074286],[142.269216,51.112413],[142.266368,51.135647],[142.255138,51.159125],[142.173025,51.25849],[142.165863,51.278388],[142.168224,51.28559],[142.177989,51.297512],[142.180186,51.305732],[142.178559,51.314154],[142.174978,51.317572],[142.170258,51.319281],[142.165863,51.322821],[142.158865,51.331977],[142.114594,51.372626],[142.077159,51.419013],[142.09783,51.443305],[142.078949,51.471381],[141.942719,51.559272],[141.932628,51.570258],[141.933279,51.574652],[141.937755,51.579047],[141.939952,51.597805],[141.941742,51.605211],[141.93922,51.611884],[141.92628,51.617011],[141.88795,51.610826],[141.86671,51.612454],[141.852061,51.636542],[141.817149,51.672268],[141.703461,51.724026],[141.686778,51.747301],[141.75172,51.728949],[141.78712,51.72484],[141.798025,51.721503],[141.808116,51.720852],[141.817149,51.726874],[141.82252,51.736151],[141.823009,51.744208],[141.818858,51.750434],[141.809744,51.754788],[141.809581,51.80622],[141.760997,51.835883],[141.694102,51.857489],[141.639008,51.884508],[141.675548,51.912421],[141.676117,51.952623],[141.65211,52.031928],[141.649669,52.052314],[141.645844,52.068671],[141.64503,52.084784],[141.65211,52.104234],[141.657888,52.111151],[141.676931,52.127672],[141.683116,52.130927],[141.687755,52.135403],[141.69988,52.165717],[141.658946,52.21662],[141.671886,52.259833],[141.673106,52.27558],[141.664561,52.292182],[141.65089,52.305365],[141.641856,52.318183],[141.65211,52.340481],[141.652843,52.349595],[141.65211,52.367743],[141.654796,52.375556],[141.660981,52.382473],[141.757498,52.445014],[141.78297,52.467353],[141.791759,52.482571],[141.804861,52.519436],[141.813324,52.532782],[141.816661,52.540717],[141.817149,52.550727],[141.819102,52.559272],[141.826996,52.562934],[141.830577,52.566474],[141.843761,52.590806],[141.834727,52.59162],[141.809744,52.597724],[141.809744,52.603909],[141.834483,52.634101],[141.843028,52.668769],[141.843761,52.741034],[141.849457,52.762519],[141.867931,52.794745],[141.871837,52.816799],[141.870779,52.823188],[141.866222,52.840237],[141.865001,52.850898],[141.865733,52.860256],[141.870616,52.878852],[141.871837,52.888821],[141.875011,52.895168],[141.889496,52.912014],[141.892833,52.922919],[141.891775,52.944403],[141.892426,52.95539],[141.896007,52.963935],[141.920095,52.998033],[141.928396,53.020657],[141.923025,53.039293],[141.919444,53.046129],[141.91627,53.056708],[141.913341,53.073432],[141.908946,53.079535],[141.889822,53.098293],[141.878917,53.119778],[141.84783,53.147528],[141.837576,53.15941],[141.833751,53.169135],[141.834239,53.177151],[141.836274,53.185736],[141.837576,53.197252],[141.836681,53.209784],[141.833669,53.21776],[141.803396,53.271389],[141.803722,53.285712],[141.817149,53.302802],[141.807791,53.313056],[141.807384,53.322659],[141.809906,53.330959],[141.809744,53.337592],[141.800792,53.34748],[141.768809,53.371649],[141.796072,53.38703],[141.885427,53.412665],[141.942719,53.450507],[141.957042,53.456285],[142.008311,53.461086],[142.094005,53.494289],[142.241059,53.529364],[142.229747,53.520819],[142.235606,53.511054],[142.247732,53.50019],[142.255382,53.488349],[142.252126,53.474433],[142.244477,53.463935],[142.242361,53.453559],[142.255382,53.439927],[142.241059,53.432115],[142.237071,53.419989],[142.240489,53.406155],[142.248546,53.392768],[142.263927,53.380072],[142.284841,53.371405],[142.307384,53.3664],[142.327403,53.364895],[142.346934,53.3664],[142.392426,53.378485],[142.434337,53.37816],[142.455333,53.380276],[142.521169,53.420356],[142.533946,53.446479],[142.563813,53.488349],[142.576671,53.500067],[142.625255,53.525946],[142.642589,53.527086],[142.659679,53.520941],[142.675304,53.518215],[142.687266,53.529364],[142.66627,53.552639],[142.628917,53.569078],[142.586192,53.575832],[142.549571,53.570299],[142.526378,53.550238],[142.514008,53.5456],[142.508556,53.55976],[142.508149,53.564032],[142.5088,53.591254],[142.511974,53.594468],[142.498057,53.615627],[142.492686,53.638088],[142.497732,53.658271],[142.515391,53.672756],[142.533376,53.676215],[142.550548,53.673651],[142.568044,53.669013],[142.587087,53.66649],[142.603526,53.670356],[142.622813,53.677639],[142.641368,53.681789],[142.656016,53.676459],[142.679454,53.651068],[142.698009,53.63817],[142.718516,53.640204],[142.800059,53.697577],[142.804454,53.706977],[142.802745,53.717719],[142.798839,53.728705],[142.796641,53.738511],[142.791759,53.783515],[142.78533,53.805813],[142.776134,53.824164],[142.739106,53.845689],[142.713145,53.809149],[142.692719,53.752631],[142.673106,53.714301],[142.659679,53.708564],[142.614024,53.696031],[142.604177,53.697577],[142.607432,53.709052],[142.622081,53.728461],[142.632498,53.755683],[142.679942,53.817328],[142.706065,53.864325],[142.718516,53.907294],[142.708263,53.948228],[142.66627,53.989244],[142.588634,54.045111],[142.5442,54.089097],[142.46754,54.145697],[142.451345,54.166409],[142.425629,54.211249],[142.409516,54.231635],[142.382823,54.252753],[142.348969,54.271918],[142.282563,54.297187],[142.282563,54.303941],[142.304942,54.301947],[142.344981,54.281684],[142.365245,54.276597],[142.44337,54.269192],[142.465505,54.272366],[142.529063,54.297187],[142.536957,54.296536],[142.529063,54.293769],[142.520193,54.285631],[142.521169,54.276597],[142.526134,54.265774],[142.529063,54.252143],[142.543224,54.237209],[142.570323,54.234768],[142.586925,54.247056],[142.570079,54.276597],[142.588634,54.280504],[142.60906,54.275214],[142.626231,54.268012],[142.635102,54.266059],[142.649099,54.283393],[142.645844,54.290269],[142.634776,54.296088],[142.625255,54.310207],[142.625499,54.327297],[142.636404,54.33397],[142.65268,54.338324]]],[[[142.567638,54.30976],[142.587169,54.3133],[142.604177,54.310207],[142.588064,54.3039],[142.540701,54.297797],[142.549653,54.302232],[142.567638,54.30976]]],[[[137.803477,54.43244],[137.816417,54.444322],[137.821788,54.457831],[137.832286,54.491034],[137.858084,54.501899],[137.889659,54.503648],[137.917979,54.509426],[137.925059,54.488715],[137.927501,54.474514],[137.921723,54.464097],[137.904307,54.454779],[137.863536,54.446519],[137.848318,54.43773],[137.835704,54.399115],[137.819672,54.384955],[137.798595,54.375637],[137.732188,54.364407],[137.715099,54.367174],[137.718761,54.385891],[137.716482,54.392157],[137.720388,54.393704],[137.739268,54.392076],[137.748302,54.394599],[137.803477,54.43244]]],[[[137.572032,54.448635],[137.561046,54.495754],[137.558116,54.5008],[137.552745,54.504706],[137.547862,54.509223],[137.546723,54.516262],[137.551036,54.52204],[137.574718,54.536689],[137.596446,54.557685],[137.608084,54.565741],[137.622569,54.570787],[137.626801,54.554348],[137.629405,54.536689],[137.63559,54.520819],[137.650401,54.509426],[137.64503,54.501451],[137.643321,54.495551],[137.64503,54.489814],[137.650401,54.482123],[137.637218,54.475653],[137.62322,54.466783],[137.612478,54.45539],[137.608897,54.441107],[137.614024,54.42829],[137.634451,54.411322],[137.641124,54.400458],[137.613455,54.407782],[137.58961,54.40058],[137.568126,54.396633],[137.546723,54.413804],[137.568858,54.426337],[137.572032,54.448635]]],[[[139.239606,54.58926],[139.261462,54.599234],[139.270026,54.610265],[139.27675,54.61311],[139.275792,54.607329],[139.262138,54.591994],[139.243593,54.581032],[139.219454,54.580718],[139.213725,54.585579],[139.225456,54.589358],[139.239606,54.58926]]],[[[138.195944,54.70111],[138.182536,54.707847],[138.180823,54.715083],[138.190013,54.715579],[138.226783,54.715626],[138.240995,54.713712],[138.230999,54.706945],[138.210144,54.70113],[138.195944,54.70111]]],[[[137.856944,54.725775],[137.84311,54.715074],[137.788585,54.685858],[137.766449,54.66706],[137.760265,54.664537],[137.742686,54.660224],[137.739268,54.656195],[137.739431,54.645575],[137.738536,54.64057],[137.73585,54.636379],[137.718923,54.624335],[137.706065,54.624986],[137.677745,54.643215],[137.653087,54.655097],[137.646251,54.661322],[137.585216,54.751044],[137.574392,54.759589],[137.563813,54.765937],[137.552745,54.774848],[137.544119,54.784735],[137.534434,54.813666],[137.519542,54.839057],[137.501475,54.863186],[137.485362,54.87934],[137.430675,54.865709],[137.394705,54.851386],[137.292735,54.795844],[137.260916,54.783677],[137.225922,54.777818],[137.242686,54.798651],[137.249197,54.809149],[137.253754,54.824693],[137.256114,54.860785],[137.259532,54.872504],[137.274913,54.898261],[137.296641,54.923082],[137.320567,54.944037],[137.356212,54.968899],[137.376475,54.995795],[137.390147,55.006293],[137.408458,55.011379],[137.444591,55.016181],[137.461436,55.026801],[137.476573,55.045356],[137.490896,55.070502],[137.498057,55.09691],[137.492198,55.119534],[137.5171,55.135159],[137.543956,55.178616],[137.567882,55.194648],[137.60613,55.2001],[137.638845,55.192532],[137.704926,55.167914],[137.702159,55.151272],[137.720714,55.146389],[137.746918,55.146145],[137.7671,55.143459],[137.786388,55.1376],[137.855968,55.133205],[137.879405,55.13817],[137.904307,55.147528],[137.929047,55.153144],[137.952159,55.146877],[137.961436,55.134508],[137.965994,55.119696],[137.972016,55.106431],[137.986176,55.099066],[137.966156,55.071967],[137.898123,55.025458],[137.883149,55.002875],[138.024913,55.055732],[138.046723,55.058051],[138.137218,55.063178],[138.183604,55.057603],[138.212169,55.036363],[138.188243,55.021064],[138.132823,55.01557],[138.112804,55.006293],[138.047699,54.940823],[138.034434,54.937201],[138.021007,54.937242],[138.010916,54.933254],[138.003429,54.905097],[137.99643,54.895657],[137.989513,54.888251],[137.986176,54.882758],[137.992361,54.858791],[138.002696,54.838813],[138.004731,54.819525],[137.986176,54.797431],[137.87908,54.759711],[137.862804,54.738715],[137.856944,54.725775]]],[[[136.824718,54.93769],[136.812755,54.94302],[136.802989,54.93887],[136.793712,54.931586],[136.783376,54.92772],[136.759044,54.932603],[136.748871,54.931098],[136.738617,54.920315],[136.745372,54.913642],[136.759776,54.893012],[136.738129,54.885077],[136.715343,54.891791],[136.692393,54.902737],[136.670421,54.907294],[136.670421,54.91352],[136.68572,54.92121],[136.688324,54.931138],[136.687266,54.942572],[136.690766,54.954413],[136.700938,54.964789],[136.711192,54.969387],[136.738617,54.975531],[136.754731,54.982327],[136.793793,55.009711],[136.809255,55.018052],[136.823416,55.023139],[136.855968,55.030219],[136.979015,55.086859],[137.046072,55.106431],[137.088145,55.085395],[137.101573,55.107001],[137.122081,55.121283],[137.146332,55.126166],[137.171235,55.119534],[137.185313,55.106269],[137.180675,55.093207],[137.113617,55.025377],[137.094981,55.013983],[137.071056,55.009711],[137.065115,55.00023],[137.071788,54.979926],[137.082286,54.960639],[137.088145,54.954413],[137.074962,54.933173],[137.048595,54.923285],[137.017914,54.920356],[136.943044,54.922838],[136.929861,54.92772],[136.927419,54.933661],[136.928559,54.942125],[136.928722,54.950995],[136.92335,54.957831],[136.895844,54.96015],[136.841319,54.937812],[136.824718,54.93769]]]]},"properties":{"source":"Natural Earth 1:10m land"}}]}
